time_step,topology,seed,load_scale,method,scenario,failed_link,commodity_rank,source,destination,disrupted_amount,demand_value,commodity_disruption_ratio
22,sample_backbone,11,0.8,current_demand_lp,critical_failure_fixed,2 -> 3 & 3 -> 2,1,2,3,3.7466669,3.7466669108122765,0.9999999971141613
22,sample_backbone,11,0.8,current_demand_lp,critical_failure_fixed,2 -> 3 & 3 -> 2,2,0,5,3.7086227,4.045437974752921,0.9167419505984411
22,sample_backbone,11,0.8,current_demand_lp,critical_failure_fixed,2 -> 3 & 3 -> 2,3,3,2,3.6213654,3.6213654497965506,0.9999999862492336
22,sample_backbone,11,0.8,current_demand_lp,critical_failure_fixed,2 -> 3 & 3 -> 2,4,2,5,2.9392102,2.9392102030562506,0.9999999989601798
22,sample_backbone,11,0.8,current_demand_lp,critical_failure_fixed,2 -> 3 & 3 -> 2,5,5,2,2.029158,2.029157991486092,1.0000000041957835
22,sample_backbone,11,0.8,current_demand_lp,random_failure_fixed,3 -> 4 & 4 -> 3,1,4,3,3.5230241,3.523024052568182,1.0000000134633817
22,sample_backbone,11,0.8,current_demand_lp,random_failure_fixed,3 -> 4 & 4 -> 3,2,3,4,2.8915162,2.891516169037654,1.000000010707997
22,sample_backbone,11,0.8,current_demand_lp,random_failure_fixed,3 -> 4 & 4 -> 3,3,0,5,2.3743655,4.045437974752921,0.5869242131057557
22,sample_backbone,11,0.8,current_demand_lp,random_failure_fixed,3 -> 4 & 4 -> 3,4,2,4,1.1004341,3.6408754537999495,0.30224436786253883
22,sample_backbone,11,0.8,current_demand_lp,random_failure_fixed,3 -> 4 & 4 -> 3,5,4,1,0.66170635,2.6086966137203107,0.25365400733829613
22,sample_backbone,11,0.8,robust_current_demand_lp,critical_failure_fixed,2 -> 3 & 3 -> 2,1,0,5,4.045438,4.045437974752921,1.0000000062408765
22,sample_backbone,11,0.8,robust_current_demand_lp,critical_failure_fixed,2 -> 3 & 3 -> 2,2,2,3,3.7466669,3.7466669108122765,0.9999999971141613
22,sample_backbone,11,0.8,robust_current_demand_lp,critical_failure_fixed,2 -> 3 & 3 -> 2,3,3,2,3.6213654,3.6213654497965506,0.9999999862492336
22,sample_backbone,11,0.8,robust_current_demand_lp,critical_failure_fixed,2 -> 3 & 3 -> 2,4,2,4,3.4747997,3.6408754537999495,0.9543857635595259
22,sample_backbone,11,0.8,robust_current_demand_lp,critical_failure_fixed,2 -> 3 & 3 -> 2,5,5,0,2.3922151,2.39221513536779,0.9999999852154643
22,sample_backbone,11,0.8,robust_current_demand_lp,random_failure_fixed,3 -> 4 & 4 -> 3,1,4,3,3.5230241,3.523024052568182,1.0000000134633817
22,sample_backbone,11,0.8,robust_current_demand_lp,random_failure_fixed,3 -> 4 & 4 -> 3,2,2,4,3.4747997,3.6408754537999495,0.9543857635595259
22,sample_backbone,11,0.8,robust_current_demand_lp,random_failure_fixed,3 -> 4 & 4 -> 3,3,3,4,2.8915162,2.891516169037654,1.000000010707997
22,sample_backbone,11,0.8,robust_current_demand_lp,random_failure_fixed,3 -> 4 & 4 -> 3,4,5,0,0.66170635,2.39221513536779,0.27660821145095976
22,sample_backbone,11,0.8,moving_average,critical_failure_fixed,2 -> 3 & 3 -> 2,1,3,2,3.6525732,3.652573180408283,1.0000000053638123
22,sample_backbone,11,0.8,moving_average,critical_failure_fixed,2 -> 3 & 3 -> 2,2,0,5,3.2700449,3.784556681881835,0.86404965623979
22,sample_backbone,11,0.8,moving_average,critical_failure_fixed,2 -> 3 & 3 -> 2,3,2,3,3.2358394,3.235839362380307,1.0000000116259458
22,sample_backbone,11,0.8,moving_average,critical_failure_fixed,2 -> 3 & 3 -> 2,4,2,5,2.7670926,2.767092603567732,0.9999999987106567
22,sample_backbone,11,0.8,moving_average,critical_failure_fixed,2 -> 3 & 3 -> 2,5,3,1,2.5561594,2.844835680698883,0.8985262021784103
22,sample_backbone,11,0.8,moving_average,random_failure_fixed,3 -> 4 & 4 -> 3,1,4,3,3.171539,3.1715390368234155,0.9999999883894176
22,sample_backbone,11,0.8,moving_average,random_failure_fixed,3 -> 4 & 4 -> 3,2,3,4,2.6832618,2.68326182329464,0.9999999913185363
22,sample_backbone,11,0.8,moving_average,random_failure_fixed,3 -> 4 & 4 -> 3,3,0,5,2.6204198,3.784556681881835,0.6923980852354472
22,sample_backbone,11,0.8,moving_average,random_failure_fixed,3 -> 4 & 4 -> 3,4,4,1,1.8518929,2.9156360440861557,0.6351591460656525
22,sample_backbone,11,0.8,moving_average,random_failure_fixed,3 -> 4 & 4 -> 3,5,2,4,1.172534,3.2102589428205883,0.3652459259158053
22,sample_backbone,11,0.8,linear_autoregressive,critical_failure_fixed,2 -> 3 & 3 -> 2,1,3,2,5.3601203,5.360120280457784,1.000000003645854
22,sample_backbone,11,0.8,linear_autoregressive,critical_failure_fixed,2 -> 3 & 3 -> 2,2,2,5,4.4119842,4.411984183945195,1.000000003638908
22,sample_backbone,11,0.8,linear_autoregressive,critical_failure_fixed,2 -> 3 & 3 -> 2,3,0,5,3.9147446,5.205400760117144,0.7520544104872919
22,sample_backbone,11,0.8,linear_autoregressive,critical_failure_fixed,2 -> 3 & 3 -> 2,4,5,0,3.4729991,3.9281743880842006,0.8841254885564811
22,sample_backbone,11,0.8,linear_autoregressive,critical_failure_fixed,2 -> 3 & 3 -> 2,5,2,3,3.3864657,3.386465661656733,1.000000011322503
22,sample_backbone,11,0.8,linear_autoregressive,random_failure_fixed,3 -> 4 & 4 -> 3,1,4,3,4.9130836,4.913083561135932,1.000000007910321
22,sample_backbone,11,0.8,linear_autoregressive,random_failure_fixed,3 -> 4 & 4 -> 3,2,0,5,3.6905859,5.205400760117144,0.7089916934497366
22,sample_backbone,11,0.8,linear_autoregressive,random_failure_fixed,3 -> 4 & 4 -> 3,3,3,4,2.9061512,2.9061512155434968,0.9999999946515182
22,sample_backbone,11,0.8,linear_autoregressive,random_failure_fixed,3 -> 4 & 4 -> 3,4,2,4,1.7638501,3.2249981898258158,0.5469305705549146
22,sample_backbone,11,0.8,linear_autoregressive,random_failure_fixed,3 -> 4 & 4 -> 3,5,4,1,1.5313259,3.538324505842345,0.4327827754270513
22,sample_backbone,11,0.8,lstm,critical_failure_fixed,2 -> 3 & 3 -> 2,1,3,2,4.0055904,4.005590438842773,0.9999999903028595
22,sample_backbone,11,0.8,lstm,critical_failure_fixed,2 -> 3 & 3 -> 2,2,2,3,3.5272868,3.5272867679595947,1.0000000090835839
22,sample_backbone,11,0.8,lstm,critical_failure_fixed,2 -> 3 & 3 -> 2,3,2,5,3.383548,3.3835480213165283,0.999999993699948
22,sample_backbone,11,0.8,lstm,critical_failure_fixed,2 -> 3 & 3 -> 2,4,0,5,2.6425642,3.797727584838867,0.6958277393432685
22,sample_backbone,11,0.8,lstm,critical_failure_fixed,2 -> 3 & 3 -> 2,5,0,3,2.2058494,2.2058494091033936,0.9999999958730666
22,sample_backbone,11,0.8,lstm,random_failure_fixed,3 -> 4 & 4 -> 3,1,4,3,3.3292403,3.329240322113037,0.999999993357933
22,sample_backbone,11,0.8,lstm,random_failure_fixed,3 -> 4 & 4 -> 3,2,3,4,2.869576,2.8695759773254395,1.000000007901711
22,sample_backbone,11,0.8,lstm,random_failure_fixed,3 -> 4 & 4 -> 3,3,0,5,2.6770419,3.797727584838867,0.704906247274601
22,sample_backbone,11,0.8,lstm,random_failure_fixed,3 -> 4 & 4 -> 3,4,4,1,1.437841,2.9915831089019775,0.48062880008964254
22,sample_backbone,11,0.8,lstm,random_failure_fixed,3 -> 4 & 4 -> 3,5,2,4,1.1597136,3.169487237930298,0.36589943828179056
22,sample_backbone,11,0.8,uncertainty_aware_lstm_robust_lp,critical_failure_fixed,2 -> 3 & 3 -> 2,1,3,2,4.1103311,4.110331058502197,1.0000000100959756
22,sample_backbone,11,0.8,uncertainty_aware_lstm_robust_lp,critical_failure_fixed,2 -> 3 & 3 -> 2,2,0,5,3.879266,3.8792660236358643,0.9999999939071298
22,sample_backbone,11,0.8,uncertainty_aware_lstm_robust_lp,critical_failure_fixed,2 -> 3 & 3 -> 2,3,2,3,3.601588,3.601588010787964,0.9999999970046647
22,sample_backbone,11,0.8,uncertainty_aware_lstm_robust_lp,critical_failure_fixed,2 -> 3 & 3 -> 2,4,2,4,3.2290795,3.229079484939575,1.0000000046639994
22,sample_backbone,11,0.8,uncertainty_aware_lstm_robust_lp,critical_failure_fixed,2 -> 3 & 3 -> 2,5,5,0,2.9384427,2.9384427070617676,0.9999999975967653
22,sample_backbone,11,0.8,uncertainty_aware_lstm_robust_lp,random_failure_fixed,3 -> 4 & 4 -> 3,1,4,3,3.4144583,3.4144582748413086,1.000000007368282
22,sample_backbone,11,0.8,uncertainty_aware_lstm_robust_lp,random_failure_fixed,3 -> 4 & 4 -> 3,2,2,4,3.2290795,3.229079484939575,1.0000000046639994
22,sample_backbone,11,0.8,uncertainty_aware_lstm_robust_lp,random_failure_fixed,3 -> 4 & 4 -> 3,3,3,4,2.9466646,2.946664571762085,1.0000000095830097
22,sample_backbone,11,0.8,uncertainty_aware_lstm_robust_lp,random_failure_fixed,3 -> 4 & 4 -> 3,4,5,0,0.8094815,2.9384427070617676,0.2754797628194778
22,sample_backbone,11,0.8,uncertainty_aware_lstm_robust_lp,random_failure_fixed,3 -> 4 & 4 -> 3,5,1,4,0.76412333,3.236806631088257,0.2360732095210432
23,sample_backbone,11,0.8,current_demand_lp,critical_failure_fixed,2 -> 3 & 3 -> 2,1,2,3,4.1927556,4.192755619814752,0.9999999952740503
23,sample_backbone,11,0.8,current_demand_lp,critical_failure_fixed,2 -> 3 & 3 -> 2,2,3,2,4.1463646,4.146364635596822,0.9999999914149322
23,sample_backbone,11,0.8,current_demand_lp,critical_failure_fixed,2 -> 3 & 3 -> 2,3,3,1,3.3926938,3.392693825236606,0.9999999925614843
23,sample_backbone,11,0.8,current_demand_lp,critical_failure_fixed,2 -> 3 & 3 -> 2,4,2,5,3.2428775,3.242877482390731,1.000000005430137
23,sample_backbone,11,0.8,current_demand_lp,critical_failure_fixed,2 -> 3 & 3 -> 2,5,0,5,3.2346569,4.2828261422109595,0.7552622480094758
23,sample_backbone,11,0.8,current_demand_lp,random_failure_fixed,0 -> 1 & 1 -> 0,1,0,1,3.1913289,3.1913289015643036,0.9999999995098269
23,sample_backbone,11,0.8,current_demand_lp,random_failure_fixed,0 -> 1 & 1 -> 0,2,3,0,2.7266579,3.7125552249088956,0.7344423812757994
23,sample_backbone,11,0.8,current_demand_lp,random_failure_fixed,0 -> 1 & 1 -> 0,3,1,0,2.1666101,2.1666101078824456,0.9999999963618533
23,sample_backbone,11,0.8,current_demand_lp,random_failure_fixed,0 -> 1 & 1 -> 0,4,0,5,1.0481693,4.2828261422109595,0.24473776548372678
23,sample_backbone,11,0.8,current_demand_lp,random_failure_fixed,0 -> 1 & 1 -> 0,5,0,4,0.46196568,2.4353369572673076,0.18969271526120632
23,sample_backbone,11,0.8,robust_current_demand_lp,critical_failure_fixed,2 -> 3 & 3 -> 2,1,0,5,4.2828261,4.2828261422109595,0.9999999901441343
23,sample_backbone,11,0.8,robust_current_demand_lp,critical_failure_fixed,2 -> 3 & 3 -> 2,2,2,3,4.1927556,4.192755619814752,0.9999999952740503
23,sample_backbone,11,0.8,robust_current_demand_lp,critical_failure_fixed,2 -> 3 & 3 -> 2,3,3,2,4.1463646,4.146364635596822,0.9999999914149322
23,sample_backbone,11,0.8,robust_current_demand_lp,critical_failure_fixed,2 -> 3 & 3 -> 2,4,2,4,3.2692709,3.269270897727886,1.000000000694991
23,sample_backbone,11,0.8,robust_current_demand_lp,critical_failure_fixed,2 -> 3 & 3 -> 2,5,5,0,3.0550065,3.0550064544662647,1.0000000149046282
23,sample_backbone,11,0.8,robust_current_demand_lp,random_failure_fixed,0 -> 1 & 1 -> 0,1,0,1,3.1913289,3.1913289015643036,0.9999999995098269
23,sample_backbone,11,0.8,robust_current_demand_lp,random_failure_fixed,0 -> 1 & 1 -> 0,2,3,0,2.7266579,3.7125552249088956,0.7344423812757994
23,sample_backbone,11,0.8,robust_current_demand_lp,random_failure_fixed,0 -> 1 & 1 -> 0,3,1,0,2.1666101,2.1666101078824456,0.9999999963618533
23,sample_backbone,11,0.8,robust_current_demand_lp,random_failure_fixed,0 -> 1 & 1 -> 0,4,0,2,1.3644746,3.752855400591377,0.3635830466009923
23,sample_backbone,11,0.8,robust_current_demand_lp,random_failure_fixed,0 -> 1 & 1 -> 0,5,0,3,0.14566031,1.8350381160602147,0.07937726673096544
23,sample_backbone,11,0.8,moving_average,critical_failure_fixed,2 -> 3 & 3 -> 2,1,3,2,3.7732401,3.7732400965760657,1.0000000009074255
23,sample_backbone,11,0.8,moving_average,critical_failure_fixed,2 -> 3 & 3 -> 2,2,2,3,3.5011033,3.501103255990968,1.0000000125700468
23,sample_backbone,11,0.8,moving_average,critical_failure_fixed,2 -> 3 & 3 -> 2,3,0,5,3.2904925,3.874486004867593,0.8492720055940555
23,sample_backbone,11,0.8,moving_average,critical_failure_fixed,2 -> 3 & 3 -> 2,4,3,1,2.9693563,2.969356252781252,1.000000015902015
23,sample_backbone,11,0.8,moving_average,critical_failure_fixed,2 -> 3 & 3 -> 2,5,2,5,2.8521733,2.8521732992669246,1.0000000002570235
23,sample_backbone,11,0.8,moving_average,random_failure_fixed,0 -> 1 & 1 -> 0,1,0,1,2.7202192,2.7202191811962413,1.0000000069125894
23,sample_backbone,11,0.8,moving_average,random_failure_fixed,0 -> 1 & 1 -> 0,2,3,0,2.3433737,3.536130071863111,0.6626944293271787
23,sample_backbone,11,0.8,moving_average,random_failure_fixed,0 -> 1 & 1 -> 0,3,1,0,1.9146662,1.9146661773782447,1.0000000118149868
23,sample_backbone,11,0.8,moving_average,random_failure_fixed,0 -> 1 & 1 -> 0,4,0,5,0.58399352,3.874486004867593,0.15072799831159991
23,sample_backbone,11,0.8,moving_average,random_failure_fixed,0 -> 1 & 1 -> 0,5,0,4,0.57384425,2.1267481744844376,0.2698223780721524
23,sample_backbone,11,0.8,linear_autoregressive,critical_failure_fixed,2 -> 3 & 3 -> 2,1,3,2,4.6493577,4.649357724448994,0.9999999947414255
23,sample_backbone,11,0.8,linear_autoregressive,critical_failure_fixed,2 -> 3 & 3 -> 2,2,2,3,4.1890431,4.1890430712521844,1.0000000068626211
23,sample_backbone,11,0.8,linear_autoregressive,critical_failure_fixed,2 -> 3 & 3 -> 2,3,2,5,3.609861,3.6098610310249577,0.999999991405498
23,sample_backbone,11,0.8,linear_autoregressive,critical_failure_fixed,2 -> 3 & 3 -> 2,4,3,1,3.1781264,3.178126441382839,0.999999986978857
23,sample_backbone,11,0.8,linear_autoregressive,critical_failure_fixed,2 -> 3 & 3 -> 2,5,0,5,2.9009083,4.1104467888165255,0.7057403851796914
23,sample_backbone,11,0.8,linear_autoregressive,random_failure_fixed,0 -> 1 & 1 -> 0,1,3,0,3.321475,4.209216428473702,0.7890957988122257
23,sample_backbone,11,0.8,linear_autoregressive,random_failure_fixed,0 -> 1 & 1 -> 0,2,0,1,2.9401391,2.9401390906043896,1.0000000031956346
23,sample_backbone,11,0.8,linear_autoregressive,random_failure_fixed,0 -> 1 & 1 -> 0,3,1,0,1.3798368,1.379836801704914,0.9999999987644089
23,sample_backbone,11,0.8,linear_autoregressive,random_failure_fixed,0 -> 1 & 1 -> 0,4,0,5,1.2095385,4.1104467888165255,0.29425961754105295
23,sample_backbone,11,0.8,lstm,critical_failure_fixed,2 -> 3 & 3 -> 2,1,3,2,4.6399083,4.639908313751221,0.9999999970363163
23,sample_backbone,11,0.8,lstm,critical_failure_fixed,2 -> 3 & 3 -> 2,2,2,3,4.1717467,4.171746730804443,0.9999999926159363
23,sample_backbone,11,0.8,lstm,critical_failure_fixed,2 -> 3 & 3 -> 2,3,2,5,3.8894837,3.889483690261841,1.0000000025037152
23,sample_backbone,11,0.8,lstm,critical_failure_fixed,2 -> 3 & 3 -> 2,4,0,5,2.9825706,4.399293899536133,0.6779657527119263
23,sample_backbone,11,0.8,lstm,critical_failure_fixed,2 -> 3 & 3 -> 2,5,3,1,2.7625077,3.3548943996429443,0.8234261264062467
23,sample_backbone,11,0.8,lstm,random_failure_fixed,0 -> 1 & 1 -> 0,1,0,1,3.3454616,3.34546160697937,0.9999999979137797
23,sample_backbone,11,0.8,lstm,random_failure_fixed,0 -> 1 & 1 -> 0,2,3,0,2.8202837,4.255687713623047,0.6627092704598321
23,sample_backbone,11,0.8,lstm,random_failure_fixed,0 -> 1 & 1 -> 0,3,1,0,2.1570053,2.1570053100585938,0.9999999953367783
23,sample_backbone,11,0.8,lstm,random_failure_fixed,0 -> 1 & 1 -> 0,4,0,5,1.4167233,4.399293899536133,0.3220342473935149
23,sample_backbone,11,0.8,lstm,random_failure_fixed,0 -> 1 & 1 -> 0,5,0,4,0.034707308,2.4708235263824463,0.014046858316431552
23,sample_backbone,11,0.8,uncertainty_aware_lstm_robust_lp,critical_failure_fixed,2 -> 3 & 3 -> 2,1,3,2,4.7446489,4.7446489334106445,0.9999999929582472
23,sample_backbone,11,0.8,uncertainty_aware_lstm_robust_lp,critical_failure_fixed,2 -> 3 & 3 -> 2,2,0,5,4.4808326,4.480832576751709,1.0000000051883866
23,sample_backbone,11,0.8,uncertainty_aware_lstm_robust_lp,critical_failure_fixed,2 -> 3 & 3 -> 2,3,2,3,4.246048,4.2460479736328125,1.0000000062098187
23,sample_backbone,11,0.8,uncertainty_aware_lstm_robust_lp,critical_failure_fixed,2 -> 3 & 3 -> 2,4,2,4,3.6976609,3.6976609230041504,0.9999999937787291
23,sample_backbone,11,0.8,uncertainty_aware_lstm_robust_lp,critical_failure_fixed,2 -> 3 & 3 -> 2,5,5,0,3.4483714,3.448371410369873,0.9999999969928202
23,sample_backbone,11,0.8,uncertainty_aware_lstm_robust_lp,random_failure_fixed,0 -> 1 & 1 -> 0,1,0,1,3.411118,3.4111180305480957,0.9999999910445504
23,sample_backbone,11,0.8,uncertainty_aware_lstm_robust_lp,random_failure_fixed,0 -> 1 & 1 -> 0,2,3,0,2.7631766,4.329375743865967,0.6382390357120145
23,sample_backbone,11,0.8,uncertainty_aware_lstm_robust_lp,random_failure_fixed,0 -> 1 & 1 -> 0,3,1,0,2.2296135,2.2296135425567627,0.9999999809129422
23,sample_backbone,11,0.8,uncertainty_aware_lstm_robust_lp,random_failure_fixed,0 -> 1 & 1 -> 0,4,0,2,0.85535668,3.660048246383667,0.23370093026646313
23,sample_backbone,11,0.8,uncertainty_aware_lstm_robust_lp,random_failure_fixed,0 -> 1 & 1 -> 0,5,0,3,0.62499418,2.6902685165405273,0.2323166539538191
24,sample_backbone,11,0.8,current_demand_lp,critical_failure_fixed,2 -> 3 & 3 -> 2,1,3,2,4.553691,4.553690983648857,1.0000000035907448
24,sample_backbone,11,0.8,current_demand_lp,critical_failure_fixed,2 -> 3 & 3 -> 2,2,2,3,4.1332196,4.133219632238768,0.9999999922000835
24,sample_backbone,11,0.8,current_demand_lp,critical_failure_fixed,2 -> 3 & 3 -> 2,3,0,5,3.9470074,4.97889788027938,0.7927472093037832
24,sample_backbone,11,0.8,current_demand_lp,critical_failure_fixed,2 -> 3 & 3 -> 2,4,3,1,3.665299,3.6652990100292726,0.9999999972637232
24,sample_backbone,11,0.8,current_demand_lp,critical_failure_fixed,2 -> 3 & 3 -> 2,5,2,5,3.5150625,3.515062492858754,1.0000000020316127
24,sample_backbone,11,0.8,current_demand_lp,random_failure_fixed,1 -> 3 & 3 -> 1,1,1,3,4.1249751,4.124975073190497,1.0000000064993126
24,sample_backbone,11,0.8,current_demand_lp,random_failure_fixed,1 -> 3 & 3 -> 1,2,3,0,3.7500207,4.626783223565196,0.8105027875307281
24,sample_backbone,11,0.8,current_demand_lp,random_failure_fixed,1 -> 3 & 3 -> 1,3,1,5,3.4523345,3.45233449751552,1.0000000007196521
24,sample_backbone,11,0.8,current_demand_lp,random_failure_fixed,1 -> 3 & 3 -> 1,4,5,1,3.2692436,3.2692436323520186,0.9999999901041273
24,sample_backbone,11,0.8,current_demand_lp,random_failure_fixed,1 -> 3 & 3 -> 1,5,4,1,1.5899358,3.422194764209114,0.4645953575256088
24,sample_backbone,11,0.8,robust_current_demand_lp,critical_failure_fixed,2 -> 3 & 3 -> 2,1,0,5,4.9788979,4.97889788027938,1.0000000039608403
24,sample_backbone,11,0.8,robust_current_demand_lp,critical_failure_fixed,2 -> 3 & 3 -> 2,2,3,2,4.553691,4.553690983648857,1.0000000035907448
24,sample_backbone,11,0.8,robust_current_demand_lp,critical_failure_fixed,2 -> 3 & 3 -> 2,3,2,4,4.2780109,4.278010878054411,1.0000000051298583
24,sample_backbone,11,0.8,robust_current_demand_lp,critical_failure_fixed,2 -> 3 & 3 -> 2,4,2,3,4.1332196,4.133219632238768,0.9999999922000835
24,sample_backbone,11,0.8,robust_current_demand_lp,critical_failure_fixed,2 -> 3 & 3 -> 2,5,5,0,3.7995704,3.7995703783970813,1.0000000056856213
24,sample_backbone,11,0.8,robust_current_demand_lp,random_failure_fixed,1 -> 3 & 3 -> 1,1,1,3,4.1249751,4.124975073190497,1.0000000064993126
24,sample_backbone,11,0.8,robust_current_demand_lp,random_failure_fixed,1 -> 3 & 3 -> 1,2,3,0,3.7500207,4.626783223565196,0.8105027875307281
24,sample_backbone,11,0.8,robust_current_demand_lp,random_failure_fixed,1 -> 3 & 3 -> 1,3,3,1,3.665299,3.6652990100292726,0.9999999972637232
24,sample_backbone,11,0.8,robust_current_demand_lp,random_failure_fixed,1 -> 3 & 3 -> 1,4,1,5,3.4523345,3.45233449751552,1.0000000007196521
24,sample_backbone,11,0.8,robust_current_demand_lp,random_failure_fixed,1 -> 3 & 3 -> 1,5,5,1,1.1938804,3.2692436323520186,0.36518550902279406
24,sample_backbone,11,0.8,moving_average,critical_failure_fixed,2 -> 3 & 3 -> 2,1,3,2,4.04311,4.043109971476904,1.0000000070547417
24,sample_backbone,11,0.8,moving_average,critical_failure_fixed,2 -> 3 & 3 -> 2,2,2,3,3.7512134,3.751213412458512,0.9999999966788048
24,sample_backbone,11,0.8,moving_average,critical_failure_fixed,2 -> 3 & 3 -> 2,3,0,5,3.4922645,4.130925448498683,0.8453951889325929
24,sample_backbone,11,0.8,moving_average,critical_failure_fixed,2 -> 3 & 3 -> 2,4,3,1,3.2317814,3.231781386739707,1.000000004103091
24,sample_backbone,11,0.8,moving_average,critical_failure_fixed,2 -> 3 & 3 -> 2,5,2,5,3.0504557,3.050455700308821,0.9999999998987623
24,sample_backbone,11,0.8,moving_average,random_failure_fixed,1 -> 3 & 3 -> 1,1,1,3,3.6511576,3.651157595090605,1.0000000013446133
24,sample_backbone,11,0.8,moving_average,random_failure_fixed,1 -> 3 & 3 -> 1,2,1,5,3.1308866,3.1308866477034174,0.9999999847636077
24,sample_backbone,11,0.8,moving_average,random_failure_fixed,1 -> 3 & 3 -> 1,3,3,0,2.8445288,3.805106081125913,0.7475557157550565
24,sample_backbone,11,0.8,moving_average,random_failure_fixed,1 -> 3 & 3 -> 1,4,5,1,2.6858071,2.6858070825866447,1.000000006483472
24,sample_backbone,11,0.8,moving_average,random_failure_fixed,1 -> 3 & 3 -> 1,5,4,1,1.8903693,3.17323580188273,0.5957229207102777
24,sample_backbone,11,0.8,linear_autoregressive,critical_failure_fixed,2 -> 3 & 3 -> 2,1,3,2,5.5948364,5.594836427472922,0.9999999950895934
24,sample_backbone,11,0.8,linear_autoregressive,critical_failure_fixed,2 -> 3 & 3 -> 2,2,2,3,4.786718,4.786717966809936,1.0000000069337829
24,sample_backbone,11,0.8,linear_autoregressive,critical_failure_fixed,2 -> 3 & 3 -> 2,3,2,5,4.3056336,4.305633601719363,0.9999999996006714
24,sample_backbone,11,0.8,linear_autoregressive,critical_failure_fixed,2 -> 3 & 3 -> 2,4,3,1,4.0514484,4.051448383617612,1.000000004043588
24,sample_backbone,11,0.8,linear_autoregressive,critical_failure_fixed,2 -> 3 & 3 -> 2,5,0,5,4.0014389,5.263500568139807,0.7602238943833084
24,sample_backbone,11,0.8,linear_autoregressive,random_failure_fixed,1 -> 3 & 3 -> 1,1,3,0,4.8847347,5.166961672917944,0.94537854337159
24,sample_backbone,11,0.8,linear_autoregressive,random_failure_fixed,1 -> 3 & 3 -> 1,2,1,3,4.6764847,4.676484703890689,0.9999999991680312
24,sample_backbone,11,0.8,linear_autoregressive,random_failure_fixed,1 -> 3 & 3 -> 1,3,1,5,3.5612147,3.561214668961403,1.0000000087157332
24,sample_backbone,11,0.8,linear_autoregressive,random_failure_fixed,1 -> 3 & 3 -> 1,4,5,1,2.4502523,2.450252320044367,0.9999999918194682
24,sample_backbone,11,0.8,linear_autoregressive,random_failure_fixed,1 -> 3 & 3 -> 1,5,4,1,2.164774,3.84715849341817,0.5626942595953761
24,sample_backbone,11,0.8,lstm,critical_failure_fixed,2 -> 3 & 3 -> 2,1,3,2,4.9181395,4.918139457702637,1.0000000086002772
24,sample_backbone,11,0.8,lstm,critical_failure_fixed,2 -> 3 & 3 -> 2,2,2,3,4.4670396,4.467039585113525,1.0000000033325145
24,sample_backbone,11,0.8,lstm,critical_failure_fixed,2 -> 3 & 3 -> 2,3,2,5,4.1280646,4.1280646324157715,0.9999999921474652
24,sample_backbone,11,0.8,lstm,critical_failure_fixed,2 -> 3 & 3 -> 2,4,3,1,3.2009826,3.570779800415039,0.8964379712319263
24,sample_backbone,11,0.8,lstm,critical_failure_fixed,2 -> 3 & 3 -> 2,5,0,5,3.1407531,4.656131267547607,0.6745413562307577
24,sample_backbone,11,0.8,lstm,random_failure_fixed,1 -> 3 & 3 -> 1,1,1,3,3.8461926,3.8461925983428955,1.000000000430843
24,sample_backbone,11,0.8,lstm,random_failure_fixed,1 -> 3 & 3 -> 1,2,1,5,3.3742445,3.374244451522827,1.000000014366823
24,sample_backbone,11,0.8,lstm,random_failure_fixed,1 -> 3 & 3 -> 1,3,3,0,3.0522841,4.49306583404541,0.6793321559795226
24,sample_backbone,11,0.8,lstm,random_failure_fixed,1 -> 3 & 3 -> 1,4,5,1,2.9307585,2.930758476257324,1.0000000081012053
24,sample_backbone,11,0.8,lstm,random_failure_fixed,1 -> 3 & 3 -> 1,5,4,1,2.3829755,3.6612191200256348,0.6508694022070209
24,sample_backbone,11,0.8,uncertainty_aware_lstm_robust_lp,critical_failure_fixed,2 -> 3 & 3 -> 2,1,3,2,5.0228801,5.0228800773620605,1.000000004506964
24,sample_backbone,11,0.8,uncertainty_aware_lstm_robust_lp,critical_failure_fixed,2 -> 3 & 3 -> 2,2,0,5,4.7376699,4.737669944763184,0.9999999905516459
24,sample_backbone,11,0.8,uncertainty_aware_lstm_robust_lp,critical_failure_fixed,2 -> 3 & 3 -> 2,3,2,3,4.5413408,4.5413408279418945,0.9999999938472149
24,sample_backbone,11,0.8,uncertainty_aware_lstm_robust_lp,critical_failure_fixed,2 -> 3 & 3 -> 2,4,2,4,3.9126325,3.912632465362549,1.000000008852723
24,sample_backbone,11,0.8,uncertainty_aware_lstm_robust_lp,critical_failure_fixed,2 -> 3 & 3 -> 2,5,5,0,3.6478035,3.647803544998169,0.9999999876643113
24,sample_backbone,11,0.8,uncertainty_aware_lstm_robust_lp,random_failure_fixed,1 -> 3 & 3 -> 1,1,1,3,3.9216259,3.921625852584839,1.0000000120906896
24,sample_backbone,11,0.8,uncertainty_aware_lstm_robust_lp,random_failure_fixed,1 -> 3 & 3 -> 1,2,3,1,3.6347184,3.634718418121338,0.9999999950143764
24,sample_backbone,11,0.8,uncertainty_aware_lstm_robust_lp,random_failure_fixed,1 -> 3 & 3 -> 1,3,1,5,3.4413626,3.4413626194000244,0.999999994362691
24,sample_backbone,11,0.8,uncertainty_aware_lstm_robust_lp,random_failure_fixed,1 -> 3 & 3 -> 1,4,3,0,2.9951769,4.56675386428833,0.6558656299438551
24,sample_backbone,11,0.8,uncertainty_aware_lstm_robust_lp,random_failure_fixed,1 -> 3 & 3 -> 1,5,5,1,2.3321699,3.0107879638671875,0.7746044982206116
25,sample_backbone,11,0.8,current_demand_lp,critical_failure_fixed,2 -> 3 & 3 -> 2,1,3,2,5.8428254,5.842825370618328,1.0000000050286753
25,sample_backbone,11,0.8,current_demand_lp,critical_failure_fixed,2 -> 3 & 3 -> 2,2,2,3,5.4353884,5.435388366919821,1.0000000060860745
25,sample_backbone,11,0.8,current_demand_lp,critical_failure_fixed,2 -> 3 & 3 -> 2,3,2,5,4.3906351,4.3906350743687135,1.0000000058377174
25,sample_backbone,11,0.8,current_demand_lp,critical_failure_fixed,2 -> 3 & 3 -> 2,4,0,5,4.206706,5.72833331580548,0.7343682303529645
25,sample_backbone,11,0.8,current_demand_lp,critical_failure_fixed,2 -> 3 & 3 -> 2,5,5,0,2.8203564,3.779483351241206,0.7462280258686091
25,sample_backbone,11,0.8,current_demand_lp,random_failure_fixed,2 -> 3 & 3 -> 2,1,3,2,5.8428254,5.842825370618328,1.0000000050286753
25,sample_backbone,11,0.8,current_demand_lp,random_failure_fixed,2 -> 3 & 3 -> 2,2,2,3,5.4353884,5.435388366919821,1.0000000060860745
25,sample_backbone,11,0.8,current_demand_lp,random_failure_fixed,2 -> 3 & 3 -> 2,3,2,5,4.3906351,4.3906350743687135,1.0000000058377174
25,sample_backbone,11,0.8,current_demand_lp,random_failure_fixed,2 -> 3 & 3 -> 2,4,0,5,4.206706,5.72833331580548,0.7343682303529645
25,sample_backbone,11,0.8,current_demand_lp,random_failure_fixed,2 -> 3 & 3 -> 2,5,5,0,2.8203564,3.779483351241206,0.7462280258686091
25,sample_backbone,11,0.8,robust_current_demand_lp,critical_failure_fixed,2 -> 3 & 3 -> 2,1,3,2,5.8428254,5.842825370618328,1.0000000050286753
25,sample_backbone,11,0.8,robust_current_demand_lp,critical_failure_fixed,2 -> 3 & 3 -> 2,2,0,5,5.7283333,5.72833331580548,0.999999997240824
25,sample_backbone,11,0.8,robust_current_demand_lp,critical_failure_fixed,2 -> 3 & 3 -> 2,3,2,3,5.4353884,5.435388366919821,1.0000000060860745
25,sample_backbone,11,0.8,robust_current_demand_lp,critical_failure_fixed,2 -> 3 & 3 -> 2,4,2,4,5.011656,5.011656009854908,0.9999999980336025
25,sample_backbone,11,0.8,robust_current_demand_lp,critical_failure_fixed,2 -> 3 & 3 -> 2,5,5,0,3.7794834,3.779483351241206,1.0000000129009152
25,sample_backbone,11,0.8,robust_current_demand_lp,random_failure_fixed,2 -> 3 & 3 -> 2,1,3,2,5.8428254,5.842825370618328,1.0000000050286753
25,sample_backbone,11,0.8,robust_current_demand_lp,random_failure_fixed,2 -> 3 & 3 -> 2,2,0,5,5.7283333,5.72833331580548,0.999999997240824
25,sample_backbone,11,0.8,robust_current_demand_lp,random_failure_fixed,2 -> 3 & 3 -> 2,3,2,3,5.4353884,5.435388366919821,1.0000000060860745
25,sample_backbone,11,0.8,robust_current_demand_lp,random_failure_fixed,2 -> 3 & 3 -> 2,4,2,4,5.011656,5.011656009854908,0.9999999980336025
25,sample_backbone,11,0.8,robust_current_demand_lp,random_failure_fixed,2 -> 3 & 3 -> 2,5,5,0,3.7794834,3.779483351241206,1.0000000129009152
25,sample_backbone,11,0.8,moving_average,critical_failure_fixed,2 -> 3 & 3 -> 2,1,3,2,4.5410616,4.54106160991514,0.999999997816559
25,sample_backbone,11,0.8,moving_average,critical_failure_fixed,2 -> 3 & 3 -> 2,2,2,3,4.3770076,4.3770076324464045,0.9999999925870806
25,sample_backbone,11,0.8,moving_average,critical_failure_fixed,2 -> 3 & 3 -> 2,3,0,5,3.8036061,4.7588738282621845,0.7992660106706332
25,sample_backbone,11,0.8,moving_average,critical_failure_fixed,2 -> 3 & 3 -> 2,4,2,5,3.5219463,3.5219463131686126,0.9999999962609843
25,sample_backbone,11,0.8,moving_average,critical_failure_fixed,2 -> 3 & 3 -> 2,5,3,1,3.3312415,3.6351150854961896,0.9164060618854627
25,sample_backbone,11,0.8,moving_average,random_failure_fixed,2 -> 3 & 3 -> 2,1,3,2,4.5410616,4.54106160991514,0.999999997816559
25,sample_backbone,11,0.8,moving_average,random_failure_fixed,2 -> 3 & 3 -> 2,2,2,3,4.3770076,4.3770076324464045,0.9999999925870806
25,sample_backbone,11,0.8,moving_average,random_failure_fixed,2 -> 3 & 3 -> 2,3,0,5,3.8036061,4.7588738282621845,0.7992660106706332
25,sample_backbone,11,0.8,moving_average,random_failure_fixed,2 -> 3 & 3 -> 2,4,2,5,3.5219463,3.5219463131686126,0.9999999962609843
25,sample_backbone,11,0.8,moving_average,random_failure_fixed,2 -> 3 & 3 -> 2,5,3,1,3.3312415,3.6351150854961896,0.9164060618854627
25,sample_backbone,11,0.8,linear_autoregressive,critical_failure_fixed,2 -> 3 & 3 -> 2,1,3,2,6.882824,6.882823990314467,1.0000000014072035
25,sample_backbone,11,0.8,linear_autoregressive,critical_failure_fixed,2 -> 3 & 3 -> 2,2,2,3,6.2189693,6.218969329399052,0.9999999952726811
25,sample_backbone,11,0.8,linear_autoregressive,critical_failure_fixed,2 -> 3 & 3 -> 2,3,0,5,5.5971274,7.0658151376747975,0.7921417827868463
25,sample_backbone,11,0.8,linear_autoregressive,critical_failure_fixed,2 -> 3 & 3 -> 2,4,2,5,5.2655219,5.265521880407137,1.0000000037209726
25,sample_backbone,11,0.8,linear_autoregressive,critical_failure_fixed,2 -> 3 & 3 -> 2,5,3,1,5.0572682,5.057268247917921,0.9999999905249398
25,sample_backbone,11,0.8,linear_autoregressive,random_failure_fixed,2 -> 3 & 3 -> 2,1,3,2,6.882824,6.882823990314467,1.0000000014072035
25,sample_backbone,11,0.8,linear_autoregressive,random_failure_fixed,2 -> 3 & 3 -> 2,2,2,3,6.2189693,6.218969329399052,0.9999999952726811
25,sample_backbone,11,0.8,linear_autoregressive,random_failure_fixed,2 -> 3 & 3 -> 2,3,0,5,5.5971274,7.0658151376747975,0.7921417827868463
25,sample_backbone,11,0.8,linear_autoregressive,random_failure_fixed,2 -> 3 & 3 -> 2,4,2,5,5.2655219,5.265521880407137,1.0000000037209726
25,sample_backbone,11,0.8,linear_autoregressive,random_failure_fixed,2 -> 3 & 3 -> 2,5,3,1,5.0572682,5.057268247917921,0.9999999905249398
25,sample_backbone,11,0.8,lstm,critical_failure_fixed,2 -> 3 & 3 -> 2,1,3,2,5.2788587,5.278858661651611,1.0000000072645228
25,sample_backbone,11,0.8,lstm,critical_failure_fixed,2 -> 3 & 3 -> 2,2,2,3,4.8274531,4.827453136444092,0.9999999924506585
25,sample_backbone,11,0.8,lstm,critical_failure_fixed,2 -> 3 & 3 -> 2,3,2,5,4.4089065,4.40890645980835,1.0000000091160133
25,sample_backbone,11,0.8,lstm,critical_failure_fixed,2 -> 3 & 3 -> 2,4,3,1,3.8506286,3.850628614425659,0.9999999962536872
25,sample_backbone,11,0.8,lstm,critical_failure_fixed,2 -> 3 & 3 -> 2,5,0,5,3.3759588,4.999810695648193,0.6752173243155816
25,sample_backbone,11,0.8,lstm,random_failure_fixed,2 -> 3 & 3 -> 2,1,3,2,5.2788587,5.278858661651611,1.0000000072645228
25,sample_backbone,11,0.8,lstm,random_failure_fixed,2 -> 3 & 3 -> 2,2,2,3,4.8274531,4.827453136444092,0.9999999924506585
25,sample_backbone,11,0.8,lstm,random_failure_fixed,2 -> 3 & 3 -> 2,3,2,5,4.4089065,4.40890645980835,1.0000000091160133
25,sample_backbone,11,0.8,lstm,random_failure_fixed,2 -> 3 & 3 -> 2,4,3,1,3.8506286,3.850628614425659,0.9999999962536872
25,sample_backbone,11,0.8,lstm,random_failure_fixed,2 -> 3 & 3 -> 2,5,0,5,3.3759588,4.999810695648193,0.6752173243155816
25,sample_backbone,11,0.8,uncertainty_aware_lstm_robust_lp,critical_failure_fixed,2 -> 3 & 3 -> 2,1,3,2,5.3835993,5.383599281311035,1.000000003471463
25,sample_backbone,11,0.8,uncertainty_aware_lstm_robust_lp,critical_failure_fixed,2 -> 3 & 3 -> 2,2,0,5,5.0813494,5.0813493728637695,1.000000005340359
25,sample_backbone,11,0.8,uncertainty_aware_lstm_robust_lp,critical_failure_fixed,2 -> 3 & 3 -> 2,3,2,3,4.9017544,4.901754379272461,1.000000004228596
25,sample_backbone,11,0.8,uncertainty_aware_lstm_robust_lp,critical_failure_fixed,2 -> 3 & 3 -> 2,4,2,4,4.1782956,4.178295612335205,0.9999999970477903
25,sample_backbone,11,0.8,uncertainty_aware_lstm_robust_lp,critical_failure_fixed,2 -> 3 & 3 -> 2,5,5,0,3.9404979,3.940497875213623,1.0000000062901637
25,sample_backbone,11,0.8,uncertainty_aware_lstm_robust_lp,random_failure_fixed,2 -> 3 & 3 -> 2,1,3,2,5.3835993,5.383599281311035,1.000000003471463
25,sample_backbone,11,0.8,uncertainty_aware_lstm_robust_lp,random_failure_fixed,2 -> 3 & 3 -> 2,2,0,5,5.0813494,5.0813493728637695,1.000000005340359
25,sample_backbone,11,0.8,uncertainty_aware_lstm_robust_lp,random_failure_fixed,2 -> 3 & 3 -> 2,3,2,3,4.9017544,4.901754379272461,1.000000004228596
25,sample_backbone,11,0.8,uncertainty_aware_lstm_robust_lp,random_failure_fixed,2 -> 3 & 3 -> 2,4,2,4,4.1782956,4.178295612335205,0.9999999970477903
25,sample_backbone,11,0.8,uncertainty_aware_lstm_robust_lp,random_failure_fixed,2 -> 3 & 3 -> 2,5,5,0,3.9404979,3.940497875213623,1.0000000062901637
26,sample_backbone,11,0.8,current_demand_lp,critical_failure_fixed,2 -> 3 & 3 -> 2,1,3,2,6.0494884,6.049488399781997,1.0000000000360367
26,sample_backbone,11,0.8,current_demand_lp,critical_failure_fixed,2 -> 3 & 3 -> 2,2,2,3,4.7416865,4.741686502050017,0.9999999995676607
26,sample_backbone,11,0.8,current_demand_lp,critical_failure_fixed,2 -> 3 & 3 -> 2,3,3,1,4.6614552,4.661455155608498,1.0000000095230996
26,sample_backbone,11,0.8,current_demand_lp,critical_failure_fixed,2 -> 3 & 3 -> 2,4,2,5,4.3606898,4.3606897838734175,1.0000000036981724
26,sample_backbone,11,0.8,current_demand_lp,critical_failure_fixed,2 -> 3 & 3 -> 2,5,0,5,4.3411496,5.804233508111649,0.7479281448503182
26,sample_backbone,11,0.8,current_demand_lp,random_failure_fixed,3 -> 5 & 5 -> 3,1,5,3,5.7529306,5.752930619030166,0.9999999966920918
26,sample_backbone,11,0.8,current_demand_lp,random_failure_fixed,3 -> 5 & 5 -> 3,2,1,5,4.6250688,4.625068786910346,1.0000000028301532
26,sample_backbone,11,0.8,current_demand_lp,random_failure_fixed,3 -> 5 & 5 -> 3,3,3,5,4.3779208,4.377920754708233,1.0000000103454971
26,sample_backbone,11,0.8,current_demand_lp,random_failure_fixed,3 -> 5 & 5 -> 3,4,2,5,4.3606898,4.3606897838734175,1.0000000036981724
26,sample_backbone,11,0.8,current_demand_lp,random_failure_fixed,3 -> 5 & 5 -> 3,5,5,1,3.7460651,3.7460650925309333,1.0000000019938433
26,sample_backbone,11,0.8,robust_current_demand_lp,critical_failure_fixed,2 -> 3 & 3 -> 2,1,3,2,6.0494884,6.049488399781997,1.0000000000360367
26,sample_backbone,11,0.8,robust_current_demand_lp,critical_failure_fixed,2 -> 3 & 3 -> 2,2,0,5,5.8042335,5.804233508111649,0.9999999986024599
26,sample_backbone,11,0.8,robust_current_demand_lp,critical_failure_fixed,2 -> 3 & 3 -> 2,3,2,4,4.8439074,4.843907409219928,0.9999999980965929
26,sample_backbone,11,0.8,robust_current_demand_lp,critical_failure_fixed,2 -> 3 & 3 -> 2,4,2,3,4.7416865,4.741686502050017,0.9999999995676607
26,sample_backbone,11,0.8,robust_current_demand_lp,critical_failure_fixed,2 -> 3 & 3 -> 2,5,5,0,4.1936421,4.193642126380155,0.9999999937094883
26,sample_backbone,11,0.8,robust_current_demand_lp,random_failure_fixed,3 -> 5 & 5 -> 3,1,0,5,5.8042335,5.804233508111649,0.9999999986024599
26,sample_backbone,11,0.8,robust_current_demand_lp,random_failure_fixed,3 -> 5 & 5 -> 3,2,5,3,5.7529306,5.752930619030166,0.9999999966920918
26,sample_backbone,11,0.8,robust_current_demand_lp,random_failure_fixed,3 -> 5 & 5 -> 3,3,1,5,4.4546239,4.625068786910346,0.963147599578901
26,sample_backbone,11,0.8,robust_current_demand_lp,random_failure_fixed,3 -> 5 & 5 -> 3,4,3,5,4.3779208,4.377920754708233,1.0000000103454971
26,sample_backbone,11,0.8,robust_current_demand_lp,random_failure_fixed,3 -> 5 & 5 -> 3,5,5,1,3.7460651,3.7460650925309333,1.0000000019938433
26,sample_backbone,11,0.8,moving_average,critical_failure_fixed,2 -> 3 & 3 -> 2,1,3,2,5.1480923,5.148092347411501,0.999999990790472
26,sample_backbone,11,0.8,moving_average,critical_failure_fixed,2 -> 3 & 3 -> 2,2,2,3,4.6257625,4.625762530255839,0.9999999934592754
26,sample_backbone,11,0.8,moving_average,critical_failure_fixed,2 -> 3 & 3 -> 2,3,0,5,4.0726699,5.198572711601868,0.7834207821910149
26,sample_backbone,11,0.8,moving_average,critical_failure_fixed,2 -> 3 & 3 -> 2,4,3,1,4.0587786,4.058778643430245,0.9999999892996764
26,sample_backbone,11,0.8,moving_average,critical_failure_fixed,2 -> 3 & 3 -> 2,5,2,5,3.8773162,3.8773162083729042,0.9999999978405413
26,sample_backbone,11,0.8,moving_average,random_failure_fixed,3 -> 5 & 5 -> 3,1,5,3,5.0564347,5.0564346745581705,1.0000000050315747
26,sample_backbone,11,0.8,moving_average,random_failure_fixed,3 -> 5 & 5 -> 3,2,3,5,3.9700087,3.970008713731692,0.9999999965411431
26,sample_backbone,11,0.8,moving_average,random_failure_fixed,3 -> 5 & 5 -> 3,3,1,5,3.9494379,3.9494378672656225,1.0000000082883638
26,sample_backbone,11,0.8,moving_average,random_failure_fixed,3 -> 5 & 5 -> 3,4,2,5,3.8773162,3.8773162083729042,0.9999999978405413
26,sample_backbone,11,0.8,moving_average,random_failure_fixed,3 -> 5 & 5 -> 3,5,5,1,3.2770029,3.2770028820626056,1.0000000054737195
26,sample_backbone,11,0.8,linear_autoregressive,critical_failure_fixed,2 -> 3 & 3 -> 2,1,2,5,7.2255116,7.225511633753468,0.9999999953285704
26,sample_backbone,11,0.8,linear_autoregressive,critical_failure_fixed,2 -> 3 & 3 -> 2,2,3,2,7.179557,7.179557000140577,0.9999999999804198
26,sample_backbone,11,0.8,linear_autoregressive,critical_failure_fixed,2 -> 3 & 3 -> 2,3,2,3,6.4221512,6.422151201905519,0.9999999997032896
26,sample_backbone,11,0.8,linear_autoregressive,critical_failure_fixed,2 -> 3 & 3 -> 2,4,0,3,4.6474031,4.647403115534819,0.999999996657312
26,sample_backbone,11,0.8,linear_autoregressive,critical_failure_fixed,2 -> 3 & 3 -> 2,5,0,5,4.5996797,6.966804036866089,0.6602280867468029
26,sample_backbone,11,0.8,linear_autoregressive,random_failure_fixed,3 -> 5 & 5 -> 3,1,2,5,7.2255116,7.225511633753468,0.9999999953285704
26,sample_backbone,11,0.8,linear_autoregressive,random_failure_fixed,3 -> 5 & 5 -> 3,2,5,3,6.1079856,6.107985553228665,1.0000000076574076
26,sample_backbone,11,0.8,linear_autoregressive,random_failure_fixed,3 -> 5 & 5 -> 3,3,3,5,4.9803696,4.9803695845957705,1.0000000030929894
26,sample_backbone,11,0.8,linear_autoregressive,random_failure_fixed,3 -> 5 & 5 -> 3,4,1,5,4.5401947,4.5401946759063625,1.000000005306741
26,sample_backbone,11,0.8,linear_autoregressive,random_failure_fixed,3 -> 5 & 5 -> 3,5,5,2,4.1879711,4.187971136226405,0.9999999913498915
26,sample_backbone,11,0.8,lstm,critical_failure_fixed,2 -> 3 & 3 -> 2,1,3,2,5.3032517,5.30325174331665,0.9999999918320583
26,sample_backbone,11,0.8,lstm,critical_failure_fixed,2 -> 3 & 3 -> 2,2,2,3,4.8523088,4.852308750152588,1.0000000102729267
26,sample_backbone,11,0.8,lstm,critical_failure_fixed,2 -> 3 & 3 -> 2,3,2,5,4.4283681,4.428368091583252,1.0000000019006434
26,sample_backbone,11,0.8,lstm,critical_failure_fixed,2 -> 3 & 3 -> 2,4,3,1,3.8690257,3.869025707244873,0.9999999981274683
26,sample_backbone,11,0.8,lstm,critical_failure_fixed,2 -> 3 & 3 -> 2,5,0,5,3.3909642,5.023046016693115,0.6750812532337531
26,sample_backbone,11,0.8,lstm,random_failure_fixed,3 -> 5 & 5 -> 3,1,5,3,5.0175791,5.017579078674316,1.0000000042501938
26,sample_backbone,11,0.8,lstm,random_failure_fixed,3 -> 5 & 5 -> 3,2,2,5,4.4283681,4.428368091583252,1.0000000019006434
26,sample_backbone,11,0.8,lstm,random_failure_fixed,3 -> 5 & 5 -> 3,3,3,5,3.8494523,3.849452257156372,1.0000000111297984
26,sample_backbone,11,0.8,lstm,random_failure_fixed,3 -> 5 & 5 -> 3,4,1,5,3.6139779,3.6139779090881348,0.9999999974852821
26,sample_backbone,11,0.8,lstm,random_failure_fixed,3 -> 5 & 5 -> 3,5,5,1,3.2360196,3.2360196113586426,0.999999996489934
26,sample_backbone,11,0.8,uncertainty_aware_lstm_robust_lp,critical_failure_fixed,2 -> 3 & 3 -> 2,1,3,2,5.4079924,5.407992362976074,1.0000000068461499
26,sample_backbone,11,0.8,uncertainty_aware_lstm_robust_lp,critical_failure_fixed,2 -> 3 & 3 -> 2,2,0,5,5.1045847,5.104584693908691,1.0000000011933015
26,sample_backbone,11,0.8,uncertainty_aware_lstm_robust_lp,critical_failure_fixed,2 -> 3 & 3 -> 2,3,2,3,4.92661,4.926609992980957,1.0000000014247208
26,sample_backbone,11,0.8,uncertainty_aware_lstm_robust_lp,critical_failure_fixed,2 -> 3 & 3 -> 2,4,2,4,4.1960716,4.196071624755859,0.9999999941002296
26,sample_backbone,11,0.8,uncertainty_aware_lstm_robust_lp,critical_failure_fixed,2 -> 3 & 3 -> 2,5,5,0,3.9606807,3.9606807231903076,0.9999999941448683
26,sample_backbone,11,0.8,uncertainty_aware_lstm_robust_lp,random_failure_fixed,3 -> 5 & 5 -> 3,1,0,5,5.1045847,5.104584693908691,1.0000000011933015
26,sample_backbone,11,0.8,uncertainty_aware_lstm_robust_lp,random_failure_fixed,3 -> 5 & 5 -> 3,2,5,3,5.1012559,5.101255893707275,1.0000000012335637
26,sample_backbone,11,0.8,uncertainty_aware_lstm_robust_lp,random_failure_fixed,3 -> 5 & 5 -> 3,3,3,5,3.9071982,3.907198190689087,1.0000000023830153
26,sample_backbone,11,0.8,uncertainty_aware_lstm_robust_lp,random_failure_fixed,3 -> 5 & 5 -> 3,4,1,5,3.6810961,3.681096076965332,1.000000006257557
26,sample_backbone,11,0.8,uncertainty_aware_lstm_robust_lp,random_failure_fixed,3 -> 5 & 5 -> 3,5,5,1,3.3160491,3.316049098968506,1.0000000003110612
27,sample_backbone,11,0.8,current_demand_lp,critical_failure_fixed,2 -> 3 & 3 -> 2,1,2,5,8.1661019,8.166101858732521,1.00000000505351
27,sample_backbone,11,0.8,current_demand_lp,critical_failure_fixed,2 -> 3 & 3 -> 2,2,3,2,6.3886664,6.388666439733164,0.9999999937806795
27,sample_backbone,11,0.8,current_demand_lp,critical_failure_fixed,2 -> 3 & 3 -> 2,3,0,3,5.3348936,5.33489362740875,0.9999999948623625
27,sample_backbone,11,0.8,current_demand_lp,critical_failure_fixed,2 -> 3 & 3 -> 2,4,2,3,5.1867557,5.1867556549503675,1.0000000086855128
27,sample_backbone,11,0.8,current_demand_lp,critical_failure_fixed,2 -> 3 & 3 -> 2,5,5,0,4.4533321,4.453332053818947,1.0000000103699997
27,sample_backbone,11,0.8,current_demand_lp,random_failure_fixed,0 -> 1 & 1 -> 0,1,0,1,3.6030894,3.6030893705894975,1.0000000081625793
27,sample_backbone,11,0.8,current_demand_lp,random_failure_fixed,0 -> 1 & 1 -> 0,2,1,0,2.5849366,2.5849365893666265,1.0000000041135915
27,sample_backbone,11,0.8,current_demand_lp,random_failure_fixed,0 -> 1 & 1 -> 0,3,3,0,1.8493361,5.902719736059124,0.3133023729218568
27,sample_backbone,11,0.8,current_demand_lp,random_failure_fixed,0 -> 1 & 1 -> 0,4,0,5,1.3723354,5.505369418849011,0.24927217332618334
27,sample_backbone,11,0.8,robust_current_demand_lp,critical_failure_fixed,2 -> 3 & 3 -> 2,1,3,2,6.3886664,6.388666439733164,0.9999999937806795
27,sample_backbone,11,0.8,robust_current_demand_lp,critical_failure_fixed,2 -> 3 & 3 -> 2,2,0,5,5.5053694,5.505369418849011,0.9999999965762495
27,sample_backbone,11,0.8,robust_current_demand_lp,critical_failure_fixed,2 -> 3 & 3 -> 2,3,2,3,5.1867557,5.1867556549503675,1.0000000086855128
27,sample_backbone,11,0.8,robust_current_demand_lp,critical_failure_fixed,2 -> 3 & 3 -> 2,4,2,4,4.6866835,4.686683480980714,1.0000000040581545
27,sample_backbone,11,0.8,robust_current_demand_lp,critical_failure_fixed,2 -> 3 & 3 -> 2,5,0,3,4.4841371,5.33489362740875,0.8405298049359651
27,sample_backbone,11,0.8,robust_current_demand_lp,random_failure_fixed,0 -> 1 & 1 -> 0,1,3,0,4.5054929,5.902719736059124,0.7632910084611327
27,sample_backbone,11,0.8,robust_current_demand_lp,random_failure_fixed,0 -> 1 & 1 -> 0,2,0,1,3.6030894,3.6030893705894975,1.0000000081625793
27,sample_backbone,11,0.8,robust_current_demand_lp,random_failure_fixed,0 -> 1 & 1 -> 0,3,1,0,2.5849366,2.5849365893666265,1.0000000041135915
27,sample_backbone,11,0.8,robust_current_demand_lp,random_failure_fixed,0 -> 1 & 1 -> 0,4,0,3,0.85075656,5.33489362740875,0.159470201173107
27,sample_backbone,11,0.8,robust_current_demand_lp,random_failure_fixed,0 -> 1 & 1 -> 0,5,0,2,0.52157882,5.361301389940727,0.09728586066409642
27,sample_backbone,11,0.8,moving_average,critical_failure_fixed,2 -> 3 & 3 -> 2,1,3,2,5.7086678,5.708667798445586,1.00000000027229
27,sample_backbone,11,0.8,moving_average,critical_failure_fixed,2 -> 3 & 3 -> 2,2,2,5,5.1081223,5.1081223024583515,0.9999999995187367
27,sample_backbone,11,0.8,moving_average,critical_failure_fixed,2 -> 3 & 3 -> 2,3,2,3,4.8742625,4.874262539039744,0.9999999919906358
27,sample_backbone,11,0.8,moving_average,critical_failure_fixed,2 -> 3 & 3 -> 2,4,0,5,3.7166653,5.504208530761379,0.6752406416342452
27,sample_backbone,11,0.8,moving_average,critical_failure_fixed,2 -> 3 & 3 -> 2,5,0,3,3.1259758,3.125975842344385,0.9999999864540269
27,sample_backbone,11,0.8,moving_average,random_failure_fixed,0 -> 1 & 1 -> 0,1,0,1,4.0220513,4.022051272134268,1.0000000069282389
27,sample_backbone,11,0.8,moving_average,random_failure_fixed,0 -> 1 & 1 -> 0,2,3,0,3.1856462,5.254078903635744,0.6063186827657995
27,sample_backbone,11,0.8,moving_average,random_failure_fixed,0 -> 1 & 1 -> 0,3,1,0,2.6497093,2.649709254200885,1.0000000172845813
27,sample_backbone,11,0.8,moving_average,random_failure_fixed,0 -> 1 & 1 -> 0,4,0,5,1.7875433,5.504208530761379,0.3247593709449695
27,sample_backbone,11,0.8,moving_average,random_failure_fixed,0 -> 1 & 1 -> 0,5,0,4,0.16136241,3.0556477201203736,0.05280792315733416
27,sample_backbone,11,0.8,linear_autoregressive,critical_failure_fixed,2 -> 3 & 3 -> 2,1,3,2,5.2273677,5.227367722000394,0.9999999957913056
27,sample_backbone,11,0.8,linear_autoregressive,critical_failure_fixed,2 -> 3 & 3 -> 2,2,2,3,5.1435303,5.143530252275919,1.000000009278468
27,sample_backbone,11,0.8,linear_autoregressive,critical_failure_fixed,2 -> 3 & 3 -> 2,3,0,5,4.8234631,5.566638123449914,0.8664948202184674
27,sample_backbone,11,0.8,linear_autoregressive,critical_failure_fixed,2 -> 3 & 3 -> 2,4,2,5,4.3879751,4.387975056783832,1.0000000098487727
27,sample_backbone,11,0.8,linear_autoregressive,critical_failure_fixed,2 -> 3 & 3 -> 2,5,5,2,3.6694308,3.6694308303366685,0.9999999917325957
27,sample_backbone,11,0.8,linear_autoregressive,random_failure_fixed,0 -> 1 & 1 -> 0,1,0,1,4.1523244,4.152324402208495,0.9999999994681305
27,sample_backbone,11,0.8,linear_autoregressive,random_failure_fixed,0 -> 1 & 1 -> 0,2,3,0,4.0640733,5.158669744917012,0.787814204234425
27,sample_backbone,11,0.8,linear_autoregressive,random_failure_fixed,0 -> 1 & 1 -> 0,3,1,0,2.8384467,2.838446657469323,1.000000014983786
27,sample_backbone,11,0.8,linear_autoregressive,random_failure_fixed,0 -> 1 & 1 -> 0,4,0,4,1.6053243,2.399698448289297,0.6689691786667643
27,sample_backbone,11,0.8,linear_autoregressive,random_failure_fixed,0 -> 1 & 1 -> 0,5,0,5,0.66375643,5.566638123449914,0.11923829343313558
27,sample_backbone,11,0.8,lstm,critical_failure_fixed,2 -> 3 & 3 -> 2,1,3,2,5.109983,5.109982967376709,1.000000006384227
27,sample_backbone,11,0.8,lstm,critical_failure_fixed,2 -> 3 & 3 -> 2,2,2,3,4.6675954,4.667595386505127,1.000000002891183
27,sample_backbone,11,0.8,lstm,critical_failure_fixed,2 -> 3 & 3 -> 2,3,2,5,4.2895856,4.289585590362549,1.000000002246709
27,sample_backbone,11,0.8,lstm,critical_failure_fixed,2 -> 3 & 3 -> 2,4,3,1,3.5014738,3.72286319732666,0.9405324919041782
27,sample_backbone,11,0.8,lstm,critical_failure_fixed,2 -> 3 & 3 -> 2,5,0,5,3.255448,4.833291530609131,0.6735467909153251
27,sample_backbone,11,0.8,lstm,random_failure_fixed,0 -> 1 & 1 -> 0,1,0,1,3.6586916,3.658691644668579,0.9999999877911059
27,sample_backbone,11,0.8,lstm,random_failure_fixed,0 -> 1 & 1 -> 0,2,3,0,3.2133745,4.656235218048096,0.6901228888834043
27,sample_backbone,11,0.8,lstm,random_failure_fixed,0 -> 1 & 1 -> 0,3,1,0,2.3976877,2.3976876735687256,1.000000011023652
27,sample_backbone,11,0.8,lstm,random_failure_fixed,0 -> 1 & 1 -> 0,4,0,5,1.5778435,4.833291530609131,0.3264532027516965
27,sample_backbone,11,0.8,lstm,random_failure_fixed,0 -> 1 & 1 -> 0,5,0,4,0.055992917,2.6817734241485596,0.020879063270521178
27,sample_backbone,11,0.8,uncertainty_aware_lstm_robust_lp,critical_failure_fixed,2 -> 3 & 3 -> 2,1,3,2,5.2147236,5.214723587036133,1.0000000024860123
27,sample_backbone,11,0.8,uncertainty_aware_lstm_robust_lp,critical_failure_fixed,2 -> 3 & 3 -> 2,2,0,5,4.9148302,4.914830207824707,0.9999999984079395
27,sample_backbone,11,0.8,uncertainty_aware_lstm_robust_lp,critical_failure_fixed,2 -> 3 & 3 -> 2,3,2,3,4.7418966,4.741896629333496,0.9999999938139739
27,sample_backbone,11,0.8,uncertainty_aware_lstm_robust_lp,critical_failure_fixed,2 -> 3 & 3 -> 2,4,2,4,4.0619707,4.0619707107543945,0.9999999973524194
27,sample_backbone,11,0.8,uncertainty_aware_lstm_robust_lp,critical_failure_fixed,2 -> 3 & 3 -> 2,5,5,0,3.7830408,3.783040761947632,1.0000000100586726
27,sample_backbone,11,0.8,uncertainty_aware_lstm_robust_lp,random_failure_fixed,0 -> 1 & 1 -> 0,1,0,1,3.7243481,3.7243480682373047,1.0000000085283907
27,sample_backbone,11,0.8,uncertainty_aware_lstm_robust_lp,random_failure_fixed,0 -> 1 & 1 -> 0,2,3,0,3.1562674,4.729923248291016,0.6672978047033642
27,sample_backbone,11,0.8,uncertainty_aware_lstm_robust_lp,random_failure_fixed,0 -> 1 & 1 -> 0,3,1,0,2.4702959,2.4702959060668945,0.9999999975440617
27,sample_backbone,11,0.8,uncertainty_aware_lstm_robust_lp,random_failure_fixed,0 -> 1 & 1 -> 0,4,0,2,0.90815456,4.0587873458862305,0.22375021961188898
27,sample_backbone,11,0.8,uncertainty_aware_lstm_robust_lp,random_failure_fixed,0 -> 1 & 1 -> 0,5,0,3,0.75460184,2.9468777179718018,0.2560682567172679
28,sample_backbone,11,0.8,current_demand_lp,critical_failure_fixed,2 -> 3 & 3 -> 2,1,3,2,5.7094163,5.709416296511297,1.0000000006110437
28,sample_backbone,11,0.8,current_demand_lp,critical_failure_fixed,2 -> 3 & 3 -> 2,2,2,3,5.146124,5.146124038448676,0.9999999925286147
28,sample_backbone,11,0.8,current_demand_lp,critical_failure_fixed,2 -> 3 & 3 -> 2,3,0,5,4.7235123,5.44566866531865,0.8673888534721579
28,sample_backbone,11,0.8,current_demand_lp,critical_failure_fixed,2 -> 3 & 3 -> 2,4,3,1,3.9543807,3.954380733213726,0.9999999916007769
28,sample_backbone,11,0.8,current_demand_lp,critical_failure_fixed,2 -> 3 & 3 -> 2,5,2,5,3.7779355,3.7779355401367405,0.9999999893760123
28,sample_backbone,11,0.8,current_demand_lp,random_failure_fixed,2 -> 4 & 4 -> 2,1,4,0,3.8858691,3.885869114214774,0.9999999963419318
28,sample_backbone,11,0.8,current_demand_lp,random_failure_fixed,2 -> 4 & 4 -> 2,2,1,4,3.6801183,3.680118297583953,1.0000000006565135
28,sample_backbone,11,0.8,current_demand_lp,random_failure_fixed,2 -> 4 & 4 -> 2,3,4,2,3.3729374,3.372937407128415,0.9999999978865856
28,sample_backbone,11,0.8,current_demand_lp,random_failure_fixed,2 -> 4 & 4 -> 2,4,2,4,3.147799,4.643386897872325,0.6779101266453528
28,sample_backbone,11,0.8,current_demand_lp,random_failure_fixed,2 -> 4 & 4 -> 2,5,0,4,3.0624525,3.062452527196255,0.9999999911194525
28,sample_backbone,11,0.8,robust_current_demand_lp,critical_failure_fixed,2 -> 3 & 3 -> 2,1,3,2,5.7094163,5.709416296511297,1.0000000006110437
28,sample_backbone,11,0.8,robust_current_demand_lp,critical_failure_fixed,2 -> 3 & 3 -> 2,2,0,5,5.4456687,5.44566866531865,1.0000000063686116
28,sample_backbone,11,0.8,robust_current_demand_lp,critical_failure_fixed,2 -> 3 & 3 -> 2,3,2,3,5.146124,5.146124038448676,0.9999999925286147
28,sample_backbone,11,0.8,robust_current_demand_lp,critical_failure_fixed,2 -> 3 & 3 -> 2,4,2,4,4.6433869,4.643386897872325,1.0000000004582161
28,sample_backbone,11,0.8,robust_current_demand_lp,critical_failure_fixed,2 -> 3 & 3 -> 2,5,5,0,3.9843355,3.984335459281631,1.0000000102196136
28,sample_backbone,11,0.8,robust_current_demand_lp,random_failure_fixed,2 -> 4 & 4 -> 2,1,4,1,4.8072701,4.807270114873723,0.999999996905994
28,sample_backbone,11,0.8,robust_current_demand_lp,random_failure_fixed,2 -> 4 & 4 -> 2,2,2,5,3.7779355,3.7779355401367405,0.9999999893760123
28,sample_backbone,11,0.8,robust_current_demand_lp,random_failure_fixed,2 -> 4 & 4 -> 2,3,4,2,3.3729374,3.372937407128415,0.9999999978865856
28,sample_backbone,11,0.8,robust_current_demand_lp,random_failure_fixed,2 -> 4 & 4 -> 2,4,0,4,3.0624525,3.062452527196255,0.9999999911194525
28,sample_backbone,11,0.8,robust_current_demand_lp,random_failure_fixed,2 -> 4 & 4 -> 2,5,1,4,3.0499818,3.680118297583953,0.8287727603763048
28,sample_backbone,11,0.8,moving_average,critical_failure_fixed,2 -> 3 & 3 -> 2,1,3,2,5.9975991,5.997599126661196,0.9999999955546885
28,sample_backbone,11,0.8,moving_average,critical_failure_fixed,2 -> 3 & 3 -> 2,2,2,5,5.1738406,5.173840564277849,1.0000000069043782
28,sample_backbone,11,0.8,moving_average,critical_failure_fixed,2 -> 3 & 3 -> 2,3,2,3,5.1274886,5.127488640592221,0.999999992083411
28,sample_backbone,11,0.8,moving_average,critical_failure_fixed,2 -> 3 & 3 -> 2,4,0,5,3.9121649,5.620901227021197,0.6960031393530208
28,sample_backbone,11,0.8,moving_average,critical_failure_fixed,2 -> 3 & 3 -> 2,5,0,3,3.2066197,3.2066197477870637,0.9999999850973712
28,sample_backbone,11,0.8,moving_average,random_failure_fixed,2 -> 4 & 4 -> 2,1,1,4,4.620559,4.620558985106958,1.0000000032232124
28,sample_backbone,11,0.8,moving_average,random_failure_fixed,2 -> 4 & 4 -> 2,2,4,0,3.884174,3.8841740215598857,0.9999999944492997
28,sample_backbone,11,0.8,moving_average,random_failure_fixed,2 -> 4 & 4 -> 2,3,4,2,3.493505,3.4935049719079334,1.000000008041227
28,sample_backbone,11,0.8,moving_average,random_failure_fixed,2 -> 4 & 4 -> 2,4,0,4,3.1891281,3.1891280639278228,1.0000000113109841
28,sample_backbone,11,0.8,moving_average,random_failure_fixed,2 -> 4 & 4 -> 2,5,2,4,2.9139592,4.796408449481969,0.6075294109522134
28,sample_backbone,11,0.8,linear_autoregressive,critical_failure_fixed,2 -> 3 & 3 -> 2,1,2,5,6.1217959,6.12179585804156,1.000000006853943
28,sample_backbone,11,0.8,linear_autoregressive,critical_failure_fixed,2 -> 3 & 3 -> 2,2,2,3,5.3698521,5.3698520991652545,1.0000000001554503
28,sample_backbone,11,0.8,linear_autoregressive,critical_failure_fixed,2 -> 3 & 3 -> 2,3,3,2,5.122156,5.122155963334786,1.0000000071581605
28,sample_backbone,11,0.8,linear_autoregressive,critical_failure_fixed,2 -> 3 & 3 -> 2,4,0,5,4.4516961,5.918150045132132,0.752210752693177
28,sample_backbone,11,0.8,linear_autoregressive,critical_failure_fixed,2 -> 3 & 3 -> 2,5,3,0,3.9031872,5.0188400068269345,0.7777070388158708
28,sample_backbone,11,0.8,linear_autoregressive,random_failure_fixed,2 -> 4 & 4 -> 2,1,2,4,4.7844266,4.7844265608096554,1.0000000081912312
28,sample_backbone,11,0.8,linear_autoregressive,random_failure_fixed,2 -> 4 & 4 -> 2,2,4,2,3.5913926,3.5913926350583716,0.9999999902382236
28,sample_backbone,11,0.8,linear_autoregressive,random_failure_fixed,2 -> 4 & 4 -> 2,3,4,0,3.1968993,3.1968992617510192,1.0000000119643997
28,sample_backbone,11,0.8,linear_autoregressive,random_failure_fixed,2 -> 4 & 4 -> 2,4,1,4,3.1775114,4.496662670555827,0.7066377072948707
28,sample_backbone,11,0.8,linear_autoregressive,random_failure_fixed,2 -> 4 & 4 -> 2,5,4,1,2.9717234,4.721010279718027,0.6294676825354197
28,sample_backbone,11,0.8,lstm,critical_failure_fixed,2 -> 3 & 3 -> 2,1,3,2,5.2757063,5.2757062911987305,1.0000000016682637
28,sample_backbone,11,0.8,lstm,critical_failure_fixed,2 -> 3 & 3 -> 2,2,2,3,4.8257027,4.825702667236328,1.0000000067894095
28,sample_backbone,11,0.8,lstm,critical_failure_fixed,2 -> 3 & 3 -> 2,3,2,5,4.4080272,4.408027172088623,1.0000000063319432
28,sample_backbone,11,0.8,lstm,critical_failure_fixed,2 -> 3 & 3 -> 2,4,3,1,3.8474388,3.8474388122558594,0.9999999968145408
28,sample_backbone,11,0.8,lstm,critical_failure_fixed,2 -> 3 & 3 -> 2,5,0,5,3.3716675,4.996457099914551,0.6748116580561979
28,sample_backbone,11,0.8,lstm,random_failure_fixed,2 -> 4 & 4 -> 2,1,1,4,3.7364202,3.736420154571533,1.0000000121582866
28,sample_backbone,11,0.8,lstm,random_failure_fixed,2 -> 4 & 4 -> 2,2,4,0,3.4871471,3.487147092819214,1.0000000020592152
28,sample_backbone,11,0.8,lstm,random_failure_fixed,2 -> 4 & 4 -> 2,3,4,2,3.0715749,3.0715749263763428,0.9999999914127626
28,sample_backbone,11,0.8,lstm,random_failure_fixed,2 -> 4 & 4 -> 2,4,2,4,2.8211864,4.1165313720703125,0.6853309607066473
28,sample_backbone,11,0.8,lstm,random_failure_fixed,2 -> 4 & 4 -> 2,5,0,4,2.7866437,2.7866437435150146,0.9999999843844356
28,sample_backbone,11,0.8,uncertainty_aware_lstm_robust_lp,critical_failure_fixed,2 -> 3 & 3 -> 2,1,3,2,5.3804469,5.380446910858154,0.9999999979819233
28,sample_backbone,11,0.8,uncertainty_aware_lstm_robust_lp,critical_failure_fixed,2 -> 3 & 3 -> 2,2,0,5,5.0779958,5.077995777130127,1.0000000045037203
28,sample_backbone,11,0.8,uncertainty_aware_lstm_robust_lp,critical_failure_fixed,2 -> 3 & 3 -> 2,3,2,3,4.9000039,4.900003910064697,0.9999999979459817
28,sample_backbone,11,0.8,uncertainty_aware_lstm_robust_lp,critical_failure_fixed,2 -> 3 & 3 -> 2,4,2,4,4.1761236,4.17612361907959,0.999999995431268
28,sample_backbone,11,0.8,uncertainty_aware_lstm_robust_lp,critical_failure_fixed,2 -> 3 & 3 -> 2,5,5,0,3.9373982,3.9373981952667236,1.000000001202133
28,sample_backbone,11,0.8,uncertainty_aware_lstm_robust_lp,random_failure_fixed,2 -> 4 & 4 -> 2,1,4,1,3.9977908,3.997790813446045,0.9999999966366312
28,sample_backbone,11,0.8,uncertainty_aware_lstm_robust_lp,random_failure_fixed,2 -> 4 & 4 -> 2,2,2,5,3.7968409,4.571824550628662,0.8304870097164827
28,sample_backbone,11,0.8,uncertainty_aware_lstm_robust_lp,random_failure_fixed,2 -> 4 & 4 -> 2,3,4,2,3.13148,3.1314799785614014,1.0000000068461554
28,sample_backbone,11,0.8,uncertainty_aware_lstm_robust_lp,random_failure_fixed,2 -> 4 & 4 -> 2,4,1,4,2.9261875,3.888530969619751,0.7525174732724693
28,sample_backbone,11,0.8,uncertainty_aware_lstm_robust_lp,random_failure_fixed,2 -> 4 & 4 -> 2,5,0,4,2.847472,2.8474719524383545,1.000000016703113
29,sample_backbone,11,0.8,current_demand_lp,critical_failure_fixed,2 -> 3 & 3 -> 2,1,3,2,5.0922322,5.092232204168086,0.9999999991814815
29,sample_backbone,11,0.8,current_demand_lp,critical_failure_fixed,2 -> 3 & 3 -> 2,2,2,3,4.8357377,4.835737660632885,1.0000000081408706
29,sample_backbone,11,0.8,current_demand_lp,critical_failure_fixed,2 -> 3 & 3 -> 2,3,0,5,3.8529174,4.938544972140638,0.7801725855965899
29,sample_backbone,11,0.8,current_demand_lp,critical_failure_fixed,2 -> 3 & 3 -> 2,4,3,1,3.5497816,3.947604101389565,0.8992243165292259
29,sample_backbone,11,0.8,current_demand_lp,critical_failure_fixed,2 -> 3 & 3 -> 2,5,2,5,3.5211524,3.5211524320752163,0.999999990890705
29,sample_backbone,11,0.8,current_demand_lp,random_failure_fixed,4 -> 5 & 5 -> 4,1,5,4,3.5612698,3.561269841676809,0.9999999882972055
29,sample_backbone,11,0.8,current_demand_lp,random_failure_fixed,4 -> 5 & 5 -> 4,2,0,5,3.4700509,4.938544972140638,0.702646410952068
29,sample_backbone,11,0.8,current_demand_lp,random_failure_fixed,4 -> 5 & 5 -> 4,3,4,5,2.584395,2.5843949805269126,1.000000007534873
29,sample_backbone,11,0.8,current_demand_lp,random_failure_fixed,4 -> 5 & 5 -> 4,4,5,0,1.4579956,3.81441201962308,0.3822333802692011
29,sample_backbone,11,0.8,robust_current_demand_lp,critical_failure_fixed,2 -> 3 & 3 -> 2,1,3,2,5.0922322,5.092232204168086,0.9999999991814815
29,sample_backbone,11,0.8,robust_current_demand_lp,critical_failure_fixed,2 -> 3 & 3 -> 2,2,0,5,4.938545,4.938544972140638,1.0000000056412086
29,sample_backbone,11,0.8,robust_current_demand_lp,critical_failure_fixed,2 -> 3 & 3 -> 2,3,2,3,4.8357377,4.835737660632885,1.0000000081408706
29,sample_backbone,11,0.8,robust_current_demand_lp,critical_failure_fixed,2 -> 3 & 3 -> 2,4,2,4,4.0975309,4.097530946870593,0.9999999885612594
29,sample_backbone,11,0.8,robust_current_demand_lp,critical_failure_fixed,2 -> 3 & 3 -> 2,5,5,0,3.814412,3.81441201962308,0.9999999948555426
29,sample_backbone,11,0.8,robust_current_demand_lp,random_failure_fixed,4 -> 5 & 5 -> 4,1,5,4,3.5612698,3.561269841676809,0.9999999882972055
29,sample_backbone,11,0.8,robust_current_demand_lp,random_failure_fixed,4 -> 5 & 5 -> 4,2,2,5,3.4700509,3.5211524320752163,0.9854872706987299
29,sample_backbone,11,0.8,robust_current_demand_lp,random_failure_fixed,4 -> 5 & 5 -> 4,3,4,5,2.584395,2.5843949805269126,1.000000007534873
29,sample_backbone,11,0.8,robust_current_demand_lp,random_failure_fixed,4 -> 5 & 5 -> 4,4,5,0,1.4579956,3.81441201962308,0.3822333802692011
29,sample_backbone,11,0.8,moving_average,critical_failure_fixed,2 -> 3 & 3 -> 2,1,3,2,5.8099508,5.809950835048635,0.9999999939674816
29,sample_backbone,11,0.8,moving_average,critical_failure_fixed,2 -> 3 & 3 -> 2,2,2,3,4.977576,4.977575964020486,1.0000000072283204
29,sample_backbone,11,0.8,moving_average,critical_failure_fixed,2 -> 3 & 3 -> 2,3,2,5,4.9564699,4.956469903704474,0.9999999992525983
29,sample_backbone,11,0.8,moving_average,critical_failure_fixed,2 -> 3 & 3 -> 2,4,0,5,3.8237178,5.423454141104987,0.7050336742076604
29,sample_backbone,11,0.8,moving_average,critical_failure_fixed,2 -> 3 & 3 -> 2,5,3,1,3.4997091,4.286857161847627,0.8163810847599206
29,sample_backbone,11,0.8,moving_average,random_failure_fixed,4 -> 5 & 5 -> 4,1,0,5,4.4071046,5.423454141104987,0.8126010629642914
29,sample_backbone,11,0.8,moving_average,random_failure_fixed,4 -> 5 & 5 -> 4,2,5,4,3.941484,3.9414839841927445,1.0000000040104833
29,sample_backbone,11,0.8,moving_average,random_failure_fixed,4 -> 5 & 5 -> 4,3,4,5,2.8703319,2.8703319441354433,0.9999999846235752
29,sample_backbone,11,0.8,moving_average,random_failure_fixed,4 -> 5 & 5 -> 4,4,5,0,1.2700879,4.1114304147759535,0.30891630694647465
29,sample_backbone,11,0.8,linear_autoregressive,critical_failure_fixed,2 -> 3 & 3 -> 2,1,3,2,4.8292836,4.829283622202011,0.9999999954026285
29,sample_backbone,11,0.8,linear_autoregressive,critical_failure_fixed,2 -> 3 & 3 -> 2,2,2,3,4.8126414,4.812641353381239,1.0000000096867308
29,sample_backbone,11,0.8,linear_autoregressive,critical_failure_fixed,2 -> 3 & 3 -> 2,3,0,5,3.7107671,5.101742516441561,0.7273528775788239
29,sample_backbone,11,0.8,linear_autoregressive,critical_failure_fixed,2 -> 3 & 3 -> 2,4,3,1,3.5353307,3.5353307319172393,0.9999999909719226
29,sample_backbone,11,0.8,linear_autoregressive,critical_failure_fixed,2 -> 3 & 3 -> 2,5,2,5,3.4544844,3.4544843763938826,1.0000000068334707
29,sample_backbone,11,0.8,linear_autoregressive,random_failure_fixed,4 -> 5 & 5 -> 4,1,0,5,3.9272398,5.101742516441561,0.7697840075902594
29,sample_backbone,11,0.8,linear_autoregressive,random_failure_fixed,4 -> 5 & 5 -> 4,2,5,4,3.0174229,3.017422914860856,0.9999999950749842
29,sample_backbone,11,0.8,linear_autoregressive,random_failure_fixed,4 -> 5 & 5 -> 4,3,4,5,2.4693926,2.4693925518238125,1.0000000195093273
29,sample_backbone,11,0.8,linear_autoregressive,random_failure_fixed,4 -> 5 & 5 -> 4,4,5,0,2.2070532,3.4728685303781566,0.6355130292708421
29,sample_backbone,11,0.8,lstm,critical_failure_fixed,2 -> 3 & 3 -> 2,1,3,2,4.9834819,4.9834818840026855,1.0000000032100678
29,sample_backbone,11,0.8,lstm,critical_failure_fixed,2 -> 3 & 3 -> 2,2,2,3,4.5348072,4.534807205200195,0.999999998853271
29,sample_backbone,11,0.8,lstm,critical_failure_fixed,2 -> 3 & 3 -> 2,3,2,5,4.1818156,4.1818156242370605,0.9999999942041776
29,sample_backbone,11,0.8,lstm,critical_failure_fixed,2 -> 3 & 3 -> 2,4,3,1,3.3186218,3.6204798221588135,0.9166248572050258
29,sample_backbone,11,0.8,lstm,critical_failure_fixed,2 -> 3 & 3 -> 2,5,0,5,3.1795546,4.717630386352539,0.6739728082975761
29,sample_backbone,11,0.8,lstm,random_failure_fixed,4 -> 5 & 5 -> 4,1,0,5,3.4916849,4.717630386352539,0.7401353251626003
29,sample_backbone,11,0.8,lstm,random_failure_fixed,4 -> 5 & 5 -> 4,2,5,4,3.4666653,3.466665267944336,1.0000000092468297
29,sample_backbone,11,0.8,lstm,random_failure_fixed,4 -> 5 & 5 -> 4,3,4,5,2.5204477,2.5204477310180664,0.99999998769343
29,sample_backbone,11,0.8,lstm,random_failure_fixed,4 -> 5 & 5 -> 4,4,5,0,1.4446496,3.6319780349731445,0.3977583526357097
29,sample_backbone,11,0.8,uncertainty_aware_lstm_robust_lp,critical_failure_fixed,2 -> 3 & 3 -> 2,1,3,2,5.0882225,5.088222503662109,0.9999999992802772
29,sample_backbone,11,0.8,uncertainty_aware_lstm_robust_lp,critical_failure_fixed,2 -> 3 & 3 -> 2,2,0,5,4.7991691,4.799169063568115,1.0000000075912903
29,sample_backbone,11,0.8,uncertainty_aware_lstm_robust_lp,critical_failure_fixed,2 -> 3 & 3 -> 2,3,2,3,4.6091084,4.6091084480285645,0.9999999895796411
29,sample_backbone,11,0.8,uncertainty_aware_lstm_robust_lp,critical_failure_fixed,2 -> 3 & 3 -> 2,4,2,4,3.9613101,3.9613101482391357,0.9999999878224289
29,sample_backbone,11,0.8,uncertainty_aware_lstm_robust_lp,critical_failure_fixed,2 -> 3 & 3 -> 2,5,5,0,3.6991751,3.6991751194000244,0.999999994755581
29,sample_backbone,11,0.8,uncertainty_aware_lstm_robust_lp,random_failure_fixed,4 -> 5 & 5 -> 4,1,2,5,3.545135,4.3456130027771,0.8157962979525449
29,sample_backbone,11,0.8,uncertainty_aware_lstm_robust_lp,random_failure_fixed,4 -> 5 & 5 -> 4,2,5,4,3.5273249,3.527324914932251,0.9999999957666925
29,sample_backbone,11,0.8,uncertainty_aware_lstm_robust_lp,random_failure_fixed,4 -> 5 & 5 -> 4,3,4,5,2.6060209,2.606020927429199,0.9999999894746818
29,sample_backbone,11,0.8,uncertainty_aware_lstm_robust_lp,random_failure_fixed,4 -> 5 & 5 -> 4,4,5,0,1.4185376,3.6991751194000244,0.38347403251081424
30,sample_backbone,11,0.8,current_demand_lp,critical_failure_fixed,2 -> 3 & 3 -> 2,1,3,2,4.6668358,4.666835753401017,1.0000000099851347
30,sample_backbone,11,0.8,current_demand_lp,critical_failure_fixed,2 -> 3 & 3 -> 2,2,2,3,4.2608536,4.260853644125188,0.9999999896440498
30,sample_backbone,11,0.8,current_demand_lp,critical_failure_fixed,2 -> 3 & 3 -> 2,3,2,5,3.8542509,3.8542509139775842,0.9999999963734628
30,sample_backbone,11,0.8,current_demand_lp,critical_failure_fixed,2 -> 3 & 3 -> 2,4,0,5,3.5650846,4.3977381887190905,0.8106632198217298
30,sample_backbone,11,0.8,current_demand_lp,critical_failure_fixed,2 -> 3 & 3 -> 2,5,5,0,2.891887,3.173327182244775,0.9113106950271396
30,sample_backbone,11,0.8,current_demand_lp,random_failure_fixed,0 -> 1 & 1 -> 0,1,0,1,3.1618485,3.161848471276341,1.0000000090844514
30,sample_backbone,11,0.8,current_demand_lp,random_failure_fixed,0 -> 1 & 1 -> 0,2,1,0,2.1766558,2.1766558319739695,0.9999999853105074
30,sample_backbone,11,0.8,current_demand_lp,random_failure_fixed,0 -> 1 & 1 -> 0,3,3,0,1.651565,4.36693084880033,0.37819811148457116
30,sample_backbone,11,0.8,current_demand_lp,random_failure_fixed,0 -> 1 & 1 -> 0,4,0,5,0.83265355,4.3977381887190905,0.18933677137395102
30,sample_backbone,11,0.8,robust_current_demand_lp,critical_failure_fixed,2 -> 3 & 3 -> 2,1,3,2,4.6668358,4.666835753401017,1.0000000099851347
30,sample_backbone,11,0.8,robust_current_demand_lp,critical_failure_fixed,2 -> 3 & 3 -> 2,2,0,5,4.3977382,4.3977381887190905,1.0000000025651616
30,sample_backbone,11,0.8,robust_current_demand_lp,critical_failure_fixed,2 -> 3 & 3 -> 2,3,2,3,4.2608536,4.260853644125188,0.9999999896440498
30,sample_backbone,11,0.8,robust_current_demand_lp,critical_failure_fixed,2 -> 3 & 3 -> 2,4,2,4,3.8139522,3.813952157982156,1.0000000110168776
30,sample_backbone,11,0.8,robust_current_demand_lp,critical_failure_fixed,2 -> 3 & 3 -> 2,5,5,0,3.1733272,3.173327182244775,1.0000000055951448
30,sample_backbone,11,0.8,robust_current_demand_lp,random_failure_fixed,0 -> 1 & 1 -> 0,1,0,1,3.1618485,3.161848471276341,1.0000000090844514
30,sample_backbone,11,0.8,robust_current_demand_lp,random_failure_fixed,0 -> 1 & 1 -> 0,2,1,0,2.1766558,2.1766558319739695,0.9999999853105074
30,sample_backbone,11,0.8,robust_current_demand_lp,random_failure_fixed,0 -> 1 & 1 -> 0,3,3,0,1.9701488,4.36693084880033,0.45115181994265685
30,sample_backbone,11,0.8,robust_current_demand_lp,random_failure_fixed,0 -> 1 & 1 -> 0,4,0,3,0.60992583,2.3496920151995186,0.25957692585009257
30,sample_backbone,11,0.8,robust_current_demand_lp,random_failure_fixed,0 -> 1 & 1 -> 0,5,0,2,0.22272772,3.1305233455543773,0.071147119958806
30,sample_backbone,11,0.8,moving_average,critical_failure_fixed,2 -> 3 & 3 -> 2,1,3,2,5.4642877,5.464287673453391,1.0000000048582012
30,sample_backbone,11,0.8,moving_average,critical_failure_fixed,2 -> 3 & 3 -> 2,2,2,3,4.8573677,4.857367749539279,0.999999989801209
30,sample_backbone,11,0.8,moving_average,critical_failure_fixed,2 -> 3 & 3 -> 2,3,2,5,4.8298602,4.8298601862305155,1.0000000028509075
30,sample_backbone,11,0.8,moving_average,critical_failure_fixed,2 -> 3 & 3 -> 2,4,0,5,3.442636,5.071830311256848,0.6787758636875376
30,sample_backbone,11,0.8,moving_average,critical_failure_fixed,2 -> 3 & 3 -> 2,5,0,3,3.2274687,3.2274687134710103,0.9999999958261376
30,sample_backbone,11,0.8,moving_average,random_failure_fixed,0 -> 1 & 1 -> 0,1,0,1,3.6926056,3.692605586942052,1.0000000035362422
30,sample_backbone,11,0.8,moving_average,random_failure_fixed,0 -> 1 & 1 -> 0,2,3,0,2.7655238,5.148034841257504,0.5371998996270331
30,sample_backbone,11,0.8,moving_average,random_failure_fixed,0 -> 1 & 1 -> 0,3,1,0,2.52888,2.5288799541799123,1.0000000181187279
30,sample_backbone,11,0.8,moving_average,random_failure_fixed,0 -> 1 & 1 -> 0,4,0,5,1.6291944,5.071830311256848,0.32122415380972597
30,sample_backbone,11,0.8,linear_autoregressive,critical_failure_fixed,2 -> 3 & 3 -> 2,1,3,2,4.5360756,4.536075554152163,1.0000000101073796
30,sample_backbone,11,0.8,linear_autoregressive,critical_failure_fixed,2 -> 3 & 3 -> 2,2,2,3,3.7283291,3.7283291141105575,0.9999999962153133
30,sample_backbone,11,0.8,linear_autoregressive,critical_failure_fixed,2 -> 3 & 3 -> 2,3,0,5,3.6872626,4.386736683099887,0.8405479668304131
30,sample_backbone,11,0.8,linear_autoregressive,critical_failure_fixed,2 -> 3 & 3 -> 2,4,3,1,3.3148736,3.3148735525709805,1.0000000143079422
30,sample_backbone,11,0.8,linear_autoregressive,critical_failure_fixed,2 -> 3 & 3 -> 2,5,2,5,2.8327912,2.8327912437053606,0.9999999845716268
30,sample_backbone,11,0.8,linear_autoregressive,random_failure_fixed,0 -> 1 & 1 -> 0,1,0,1,3.2801532,3.280153205580403,0.9999999982987371
30,sample_backbone,11,0.8,linear_autoregressive,random_failure_fixed,0 -> 1 & 1 -> 0,2,3,0,2.7255527,4.11483247819068,0.662372700333707
30,sample_backbone,11,0.8,linear_autoregressive,random_failure_fixed,0 -> 1 & 1 -> 0,3,1,0,2.7156249,2.7156249196920643,0.9999999927486066
30,sample_backbone,11,0.8,linear_autoregressive,random_failure_fixed,0 -> 1 & 1 -> 0,4,0,4,0.74998177,2.4863601410627014,0.3016384302555013
30,sample_backbone,11,0.8,linear_autoregressive,random_failure_fixed,0 -> 1 & 1 -> 0,5,0,5,0.69947411,4.386736683099887,0.15945203930173368
30,sample_backbone,11,0.8,lstm,critical_failure_fixed,2 -> 3 & 3 -> 2,1,3,2,4.2776971,4.2776970863342285,1.0000000031946563
30,sample_backbone,11,0.8,lstm,critical_failure_fixed,2 -> 3 & 3 -> 2,2,2,3,3.8191235,3.8191235065460205,0.9999999982859887
30,sample_backbone,11,0.8,lstm,critical_failure_fixed,2 -> 3 & 3 -> 2,3,2,5,3.6197593,3.6197593212127686,0.9999999941397296
30,sample_backbone,11,0.8,lstm,critical_failure_fixed,2 -> 3 & 3 -> 2,4,0,5,2.7910937,4.048997402191162,0.6893295852671002
30,sample_backbone,11,0.8,lstm,critical_failure_fixed,2 -> 3 & 3 -> 2,5,0,3,2.3632514,2.3632514476776123,0.999999979825417
30,sample_backbone,11,0.8,lstm,random_failure_fixed,0 -> 1 & 1 -> 0,1,0,1,3.0704505,3.0704505443573,0.9999999855534883
30,sample_backbone,11,0.8,lstm,random_failure_fixed,0 -> 1 & 1 -> 0,2,3,0,2.4602357,3.9287726879119873,0.6262097340397502
30,sample_backbone,11,0.8,lstm,random_failure_fixed,0 -> 1 & 1 -> 0,3,1,0,1.9965973,1.9965972900390625,1.0000000049889566
30,sample_backbone,11,0.8,lstm,random_failure_fixed,0 -> 1 & 1 -> 0,4,0,5,1.2579037,4.048997402191162,0.31067041419173813
30,sample_backbone,11,0.8,uncertainty_aware_lstm_robust_lp,critical_failure_fixed,2 -> 3 & 3 -> 2,1,3,2,4.3824377,4.382437705993652,0.9999999986323473
30,sample_backbone,11,0.8,uncertainty_aware_lstm_robust_lp,critical_failure_fixed,2 -> 3 & 3 -> 2,2,0,5,4.1305361,4.130536079406738,1.0000000049856146
30,sample_backbone,11,0.8,uncertainty_aware_lstm_robust_lp,critical_failure_fixed,2 -> 3 & 3 -> 2,3,2,3,3.8934247,3.8934247493743896,0.9999999873185197
30,sample_backbone,11,0.8,uncertainty_aware_lstm_robust_lp,critical_failure_fixed,2 -> 3 & 3 -> 2,4,2,4,3.4378943,3.437894344329834,0.9999999871055275
30,sample_backbone,11,0.8,uncertainty_aware_lstm_robust_lp,critical_failure_fixed,2 -> 3 & 3 -> 2,5,5,0,3.1365092,3.1365091800689697,1.0000000063545262
30,sample_backbone,11,0.8,uncertainty_aware_lstm_robust_lp,random_failure_fixed,0 -> 1 & 1 -> 0,1,0,1,3.136107,3.1361069679260254,1.0000000102273217
30,sample_backbone,11,0.8,uncertainty_aware_lstm_robust_lp,random_failure_fixed,0 -> 1 & 1 -> 0,2,3,0,2.4031288,4.002460956573486,0.6004128025416949
30,sample_backbone,11,0.8,uncertainty_aware_lstm_robust_lp,random_failure_fixed,0 -> 1 & 1 -> 0,3,1,0,2.0692055,2.0692055225372314,0.9999999891082682
30,sample_backbone,11,0.8,uncertainty_aware_lstm_robust_lp,random_failure_fixed,0 -> 1 & 1 -> 0,4,0,2,0.66941049,3.36873459815979,0.19871274227588992
30,sample_backbone,11,0.8,uncertainty_aware_lstm_robust_lp,random_failure_fixed,0 -> 1 & 1 -> 0,5,0,3,0.61741348,2.488281488418579,0.24812847054229203
31,sample_backbone,11,0.8,current_demand_lp,critical_failure_fixed,2 -> 3 & 3 -> 2,1,3,2,4.061492,4.06149198354958,1.0000000040503394
31,sample_backbone,11,0.8,current_demand_lp,critical_failure_fixed,2 -> 3 & 3 -> 2,2,2,3,3.2921129,3.292112879618765,1.0000000061909284
31,sample_backbone,11,0.8,current_demand_lp,critical_failure_fixed,2 -> 3 & 3 -> 2,3,0,5,2.8287512,4.005625321311003,0.7061946570365141
31,sample_backbone,11,0.8,current_demand_lp,critical_failure_fixed,2 -> 3 & 3 -> 2,4,5,0,2.6414406,3.053580471915664,0.8650306171046778
31,sample_backbone,11,0.8,current_demand_lp,critical_failure_fixed,2 -> 3 & 3 -> 2,5,3,1,2.5975142,2.5975141949108767,1.0000000019592283
31,sample_backbone,11,0.8,current_demand_lp,random_failure_fixed,2 -> 3 & 3 -> 2,1,3,2,4.061492,4.06149198354958,1.0000000040503394
31,sample_backbone,11,0.8,current_demand_lp,random_failure_fixed,2 -> 3 & 3 -> 2,2,2,3,3.2921129,3.292112879618765,1.0000000061909284
31,sample_backbone,11,0.8,current_demand_lp,random_failure_fixed,2 -> 3 & 3 -> 2,3,0,5,2.8287512,4.005625321311003,0.7061946570365141
31,sample_backbone,11,0.8,current_demand_lp,random_failure_fixed,2 -> 3 & 3 -> 2,4,5,0,2.6414406,3.053580471915664,0.8650306171046778
31,sample_backbone,11,0.8,current_demand_lp,random_failure_fixed,2 -> 3 & 3 -> 2,5,3,1,2.5975142,2.5975141949108767,1.0000000019592283
31,sample_backbone,11,0.8,robust_current_demand_lp,critical_failure_fixed,2 -> 3 & 3 -> 2,1,3,2,4.061492,4.06149198354958,1.0000000040503394
31,sample_backbone,11,0.8,robust_current_demand_lp,critical_failure_fixed,2 -> 3 & 3 -> 2,2,0,5,4.0056253,4.005625321311003,0.9999999946797313
31,sample_backbone,11,0.8,robust_current_demand_lp,critical_failure_fixed,2 -> 3 & 3 -> 2,3,2,3,3.2921129,3.292112879618765,1.0000000061909284
31,sample_backbone,11,0.8,robust_current_demand_lp,critical_failure_fixed,2 -> 3 & 3 -> 2,4,5,0,3.0535805,3.053580471915664,1.0000000091971821
31,sample_backbone,11,0.8,robust_current_demand_lp,critical_failure_fixed,2 -> 3 & 3 -> 2,5,2,4,2.963947,2.9639470470916995,0.9999999841118283
31,sample_backbone,11,0.8,robust_current_demand_lp,random_failure_fixed,2 -> 3 & 3 -> 2,1,3,2,4.061492,4.06149198354958,1.0000000040503394
31,sample_backbone,11,0.8,robust_current_demand_lp,random_failure_fixed,2 -> 3 & 3 -> 2,2,0,5,4.0056253,4.005625321311003,0.9999999946797313
31,sample_backbone,11,0.8,robust_current_demand_lp,random_failure_fixed,2 -> 3 & 3 -> 2,3,2,3,3.2921129,3.292112879618765,1.0000000061909284
31,sample_backbone,11,0.8,robust_current_demand_lp,random_failure_fixed,2 -> 3 & 3 -> 2,4,5,0,3.0535805,3.053580471915664,1.0000000091971821
31,sample_backbone,11,0.8,robust_current_demand_lp,random_failure_fixed,2 -> 3 & 3 -> 2,5,2,4,2.963947,2.9639470470916995,0.9999999841118283
31,sample_backbone,11,0.8,moving_average,critical_failure_fixed,2 -> 3 & 3 -> 2,1,3,2,4.8824941,4.882494059407495,1.0000000083138871
31,sample_backbone,11,0.8,moving_average,critical_failure_fixed,2 -> 3 & 3 -> 2,2,2,3,4.3837071,4.383707055706378,1.000000010104147
31,sample_backbone,11,0.8,moving_average,critical_failure_fixed,2 -> 3 & 3 -> 2,3,0,5,3.6760827,4.696894286872345,0.7826624308480866
31,sample_backbone,11,0.8,moving_average,critical_failure_fixed,2 -> 3 & 3 -> 2,4,3,1,3.5405119,3.5405119174312234,0.9999999950766375
31,sample_backbone,11,0.8,moving_average,critical_failure_fixed,2 -> 3 & 3 -> 2,5,2,5,3.3465496,3.346549631582068,0.9999999905627971
31,sample_backbone,11,0.8,moving_average,random_failure_fixed,2 -> 3 & 3 -> 2,1,3,2,4.8824941,4.882494059407495,1.0000000083138871
31,sample_backbone,11,0.8,moving_average,random_failure_fixed,2 -> 3 & 3 -> 2,2,2,3,4.3837071,4.383707055706378,1.000000010104147
31,sample_backbone,11,0.8,moving_average,random_failure_fixed,2 -> 3 & 3 -> 2,3,0,5,3.6760827,4.696894286872345,0.7826624308480866
31,sample_backbone,11,0.8,moving_average,random_failure_fixed,2 -> 3 & 3 -> 2,4,3,1,3.5405119,3.5405119174312234,0.9999999950766375
31,sample_backbone,11,0.8,moving_average,random_failure_fixed,2 -> 3 & 3 -> 2,5,2,5,3.3465496,3.346549631582068,0.9999999905627971
31,sample_backbone,11,0.8,linear_autoregressive,critical_failure_fixed,2 -> 3 & 3 -> 2,1,3,2,3.9875513,3.987551329436176,0.9999999926179819
31,sample_backbone,11,0.8,linear_autoregressive,critical_failure_fixed,2 -> 3 & 3 -> 2,2,2,5,3.6436769,3.643676906622821,0.9999999981823797
31,sample_backbone,11,0.8,linear_autoregressive,critical_failure_fixed,2 -> 3 & 3 -> 2,3,2,3,3.4044176,3.4044175803131727,1.0000000057827299
31,sample_backbone,11,0.8,linear_autoregressive,critical_failure_fixed,2 -> 3 & 3 -> 2,4,0,5,3.3828491,3.975254344172656,0.850976769564175
31,sample_backbone,11,0.8,linear_autoregressive,critical_failure_fixed,2 -> 3 & 3 -> 2,5,3,0,2.5919494,3.983279638122643,0.6507073656575137
31,sample_backbone,11,0.8,linear_autoregressive,random_failure_fixed,2 -> 3 & 3 -> 2,1,3,2,3.9875513,3.987551329436176,0.9999999926179819
31,sample_backbone,11,0.8,linear_autoregressive,random_failure_fixed,2 -> 3 & 3 -> 2,2,2,5,3.6436769,3.643676906622821,0.9999999981823797
31,sample_backbone,11,0.8,linear_autoregressive,random_failure_fixed,2 -> 3 & 3 -> 2,3,2,3,3.4044176,3.4044175803131727,1.0000000057827299
31,sample_backbone,11,0.8,linear_autoregressive,random_failure_fixed,2 -> 3 & 3 -> 2,4,0,5,3.3828491,3.975254344172656,0.850976769564175
31,sample_backbone,11,0.8,linear_autoregressive,random_failure_fixed,2 -> 3 & 3 -> 2,5,3,0,2.5919494,3.983279638122643,0.6507073656575137
31,sample_backbone,11,0.8,lstm,critical_failure_fixed,2 -> 3 & 3 -> 2,1,3,2,3.6921289,3.692128896713257,1.0000000008902028
31,sample_backbone,11,0.8,lstm,critical_failure_fixed,2 -> 3 & 3 -> 2,2,2,3,3.2053523,3.205352306365967,0.9999999980139572
31,sample_backbone,11,0.8,lstm,critical_failure_fixed,2 -> 3 & 3 -> 2,3,2,5,3.1256654,3.1256654262542725,0.9999999916004214
31,sample_backbone,11,0.8,lstm,critical_failure_fixed,2 -> 3 & 3 -> 2,4,0,5,2.4811089,3.507511854171753,0.7073700683431838
31,sample_backbone,11,0.8,lstm,critical_failure_fixed,2 -> 3 & 3 -> 2,5,0,3,2.0475585,2.047558546066284,0.9999999775018477
31,sample_backbone,11,0.8,lstm,random_failure_fixed,2 -> 3 & 3 -> 2,1,3,2,3.6921289,3.692128896713257,1.0000000008902028
31,sample_backbone,11,0.8,lstm,random_failure_fixed,2 -> 3 & 3 -> 2,2,2,3,3.2053523,3.205352306365967,0.9999999980139572
31,sample_backbone,11,0.8,lstm,random_failure_fixed,2 -> 3 & 3 -> 2,3,2,5,3.1256654,3.1256654262542725,0.9999999916004214
31,sample_backbone,11,0.8,lstm,random_failure_fixed,2 -> 3 & 3 -> 2,4,0,5,2.4811089,3.507511854171753,0.7073700683431838
31,sample_backbone,11,0.8,lstm,random_failure_fixed,2 -> 3 & 3 -> 2,5,0,3,2.0475585,2.047558546066284,0.9999999775018477
31,sample_backbone,11,0.8,uncertainty_aware_lstm_robust_lp,critical_failure_fixed,2 -> 3 & 3 -> 2,1,3,2,3.7968698,3.7968697547912598,1.000000011906845
31,sample_backbone,11,0.8,uncertainty_aware_lstm_robust_lp,critical_failure_fixed,2 -> 3 & 3 -> 2,2,0,5,3.5890503,3.58905029296875,1.0000000019590836
31,sample_backbone,11,0.8,uncertainty_aware_lstm_robust_lp,critical_failure_fixed,2 -> 3 & 3 -> 2,3,2,3,3.2796535,3.279653549194336,0.9999999850001425
31,sample_backbone,11,0.8,uncertainty_aware_lstm_robust_lp,critical_failure_fixed,2 -> 3 & 3 -> 2,4,2,4,2.9842453,2.9842453002929688,0.9999999999018282
31,sample_backbone,11,0.8,uncertainty_aware_lstm_robust_lp,critical_failure_fixed,2 -> 3 & 3 -> 2,5,5,0,2.7186959,2.718695878982544,1.0000000077307125
31,sample_backbone,11,0.8,uncertainty_aware_lstm_robust_lp,random_failure_fixed,2 -> 3 & 3 -> 2,1,3,2,3.7968698,3.7968697547912598,1.000000011906845
31,sample_backbone,11,0.8,uncertainty_aware_lstm_robust_lp,random_failure_fixed,2 -> 3 & 3 -> 2,2,0,5,3.5890503,3.58905029296875,1.0000000019590836
31,sample_backbone,11,0.8,uncertainty_aware_lstm_robust_lp,random_failure_fixed,2 -> 3 & 3 -> 2,3,2,3,3.2796535,3.279653549194336,0.9999999850001425
31,sample_backbone,11,0.8,uncertainty_aware_lstm_robust_lp,random_failure_fixed,2 -> 3 & 3 -> 2,4,2,4,2.9842453,2.9842453002929688,0.9999999999018282
31,sample_backbone,11,0.8,uncertainty_aware_lstm_robust_lp,random_failure_fixed,2 -> 3 & 3 -> 2,5,5,0,2.7186959,2.718695878982544,1.0000000077307125
32,sample_backbone,11,0.8,current_demand_lp,critical_failure_fixed,2 -> 3 & 3 -> 2,1,3,2,2.9419461,2.9419461421530912,0.9999999856716986
32,sample_backbone,11,0.8,current_demand_lp,critical_failure_fixed,2 -> 3 & 3 -> 2,2,2,3,2.5815367,2.5815366713861954,1.0000000110840201
32,sample_backbone,11,0.8,current_demand_lp,critical_failure_fixed,2 -> 3 & 3 -> 2,3,0,5,2.4831212,3.210850665585831,0.7733530639136547
32,sample_backbone,11,0.8,current_demand_lp,critical_failure_fixed,2 -> 3 & 3 -> 2,4,2,5,2.2368566,2.2368565523391046,1.000000021307086
32,sample_backbone,11,0.8,current_demand_lp,critical_failure_fixed,2 -> 3 & 3 -> 2,5,5,2,1.7637678,1.7637677735244903,1.0000000150107686
32,sample_backbone,11,0.8,current_demand_lp,random_failure_fixed,3 -> 5 & 5 -> 3,1,5,3,2.9397427,2.939742742845863,0.9999999854253019
32,sample_backbone,11,0.8,current_demand_lp,random_failure_fixed,3 -> 5 & 5 -> 3,2,3,5,2.3646794,2.3646794343714306,0.9999999854646553
32,sample_backbone,11,0.8,current_demand_lp,random_failure_fixed,3 -> 5 & 5 -> 3,3,1,5,2.2478908,2.247890758017621,1.0000000186763431
32,sample_backbone,11,0.8,current_demand_lp,random_failure_fixed,3 -> 5 & 5 -> 3,4,2,5,2.2368566,2.2368565523391046,1.000000021307086
32,sample_backbone,11,0.8,current_demand_lp,random_failure_fixed,3 -> 5 & 5 -> 3,5,5,2,1.7637678,1.7637677735244903,1.0000000150107686
32,sample_backbone,11,0.8,robust_current_demand_lp,critical_failure_fixed,2 -> 3 & 3 -> 2,1,2,4,3.2490305,3.2490305244326505,0.9999999924800181
32,sample_backbone,11,0.8,robust_current_demand_lp,critical_failure_fixed,2 -> 3 & 3 -> 2,2,0,5,3.2108507,3.210850665585831,1.0000000107180844
32,sample_backbone,11,0.8,robust_current_demand_lp,critical_failure_fixed,2 -> 3 & 3 -> 2,3,3,2,2.9419461,2.9419461421530912,0.9999999856716986
32,sample_backbone,11,0.8,robust_current_demand_lp,critical_failure_fixed,2 -> 3 & 3 -> 2,4,2,3,2.5815367,2.5815366713861954,1.0000000110840201
32,sample_backbone,11,0.8,robust_current_demand_lp,critical_failure_fixed,2 -> 3 & 3 -> 2,5,5,0,2.3649536,2.3649535614842057,1.000000016286068
32,sample_backbone,11,0.8,robust_current_demand_lp,random_failure_fixed,3 -> 5 & 5 -> 3,1,0,5,3.2108507,3.210850665585831,1.0000000107180844
32,sample_backbone,11,0.8,robust_current_demand_lp,random_failure_fixed,3 -> 5 & 5 -> 3,2,5,3,2.9397427,2.939742742845863,0.9999999854253019
32,sample_backbone,11,0.8,robust_current_demand_lp,random_failure_fixed,3 -> 5 & 5 -> 3,3,3,5,2.3646794,2.3646794343714306,0.9999999854646553
32,sample_backbone,11,0.8,robust_current_demand_lp,random_failure_fixed,3 -> 5 & 5 -> 3,4,1,5,2.0983333,2.247890758017621,0.9334676485126381
32,sample_backbone,11,0.8,robust_current_demand_lp,random_failure_fixed,3 -> 5 & 5 -> 3,5,5,2,1.7637678,1.7637677735244903,1.0000000150107686
32,sample_backbone,11,0.8,moving_average,critical_failure_fixed,2 -> 3 & 3 -> 2,1,3,2,4.1906265,4.190626520817943,0.9999999950322598
32,sample_backbone,11,0.8,moving_average,critical_failure_fixed,2 -> 3 & 3 -> 2,2,2,3,3.7425602,3.7425602139407586,0.9999999962750743
32,sample_backbone,11,0.8,moving_average,critical_failure_fixed,2 -> 3 & 3 -> 2,3,0,5,3.1146115,4.138189786939141,0.7526507145298809
32,sample_backbone,11,0.8,moving_average,critical_failure_fixed,2 -> 3 & 3 -> 2,4,2,5,2.9612799,2.961279884632659,1.0000000051894253
32,sample_backbone,11,0.8,moving_average,critical_failure_fixed,2 -> 3 & 3 -> 2,5,3,1,2.5247549,3.119748895157953,0.8092814469518937
32,sample_backbone,11,0.8,moving_average,random_failure_fixed,3 -> 5 & 5 -> 3,1,5,3,3.5800129,3.5800129099050046,0.9999999972332488
32,sample_backbone,11,0.8,moving_average,random_failure_fixed,3 -> 5 & 5 -> 3,2,3,5,2.990221,2.99022096927877,1.0000000102738995
32,sample_backbone,11,0.8,moving_average,random_failure_fixed,3 -> 5 & 5 -> 3,3,2,5,2.9612799,2.961279884632659,1.0000000051894253
32,sample_backbone,11,0.8,moving_average,random_failure_fixed,3 -> 5 & 5 -> 3,4,1,5,2.9276744,2.927674402450461,0.9999999991630008
32,sample_backbone,11,0.8,moving_average,random_failure_fixed,3 -> 5 & 5 -> 3,5,5,1,2.3640142,2.364014241649019,0.9999999823820779
32,sample_backbone,11,0.8,linear_autoregressive,critical_failure_fixed,2 -> 3 & 3 -> 2,1,3,2,4.2149404,4.214940395551864,1.000000001055326
32,sample_backbone,11,0.8,linear_autoregressive,critical_failure_fixed,2 -> 3 & 3 -> 2,2,2,5,3.6369305,3.6369304569972294,1.000000011823919
32,sample_backbone,11,0.8,linear_autoregressive,critical_failure_fixed,2 -> 3 & 3 -> 2,3,2,3,3.2232082,3.2232082166327873,0.9999999948396796
32,sample_backbone,11,0.8,linear_autoregressive,critical_failure_fixed,2 -> 3 & 3 -> 2,4,5,0,3.0589846,3.0589846414283866,0.9999999864568178
32,sample_backbone,11,0.8,linear_autoregressive,critical_failure_fixed,2 -> 3 & 3 -> 2,5,0,5,2.6266027,3.811952634585877,0.6890438973897032
32,sample_backbone,11,0.8,linear_autoregressive,random_failure_fixed,3 -> 5 & 5 -> 3,1,2,5,3.6369305,3.6369304569972294,1.000000011823919
32,sample_backbone,11,0.8,linear_autoregressive,random_failure_fixed,3 -> 5 & 5 -> 3,2,5,0,3.0589846,3.0589846414283866,0.9999999864568178
32,sample_backbone,11,0.8,linear_autoregressive,random_failure_fixed,3 -> 5 & 5 -> 3,3,1,5,2.9456273,2.945627280650281,1.0000000065689638
32,sample_backbone,11,0.8,linear_autoregressive,random_failure_fixed,3 -> 5 & 5 -> 3,4,5,3,2.8434847,2.8434847454738748,0.9999999840076952
32,sample_backbone,11,0.8,linear_autoregressive,random_failure_fixed,3 -> 5 & 5 -> 3,5,3,5,2.4968918,2.49689183396737,0.9999999863961389
32,sample_backbone,11,0.8,lstm,critical_failure_fixed,2 -> 3 & 3 -> 2,1,3,2,3.3102672,3.310267210006714,0.9999999969770677
32,sample_backbone,11,0.8,lstm,critical_failure_fixed,2 -> 3 & 3 -> 2,2,2,5,2.8258107,2.825810670852661,1.000000010314682
32,sample_backbone,11,0.8,lstm,critical_failure_fixed,2 -> 3 & 3 -> 2,3,2,3,2.8227065,2.822706460952759,1.000000013833263
32,sample_backbone,11,0.8,lstm,critical_failure_fixed,2 -> 3 & 3 -> 2,4,0,5,2.2998508,3.1459641456604004,0.7310480010309258
32,sample_backbone,11,0.8,lstm,critical_failure_fixed,2 -> 3 & 3 -> 2,5,5,0,1.9208034,2.352109432220459,0.8166301166467014
32,sample_backbone,11,0.8,lstm,random_failure_fixed,3 -> 5 & 5 -> 3,1,5,3,3.0949738,3.0949738025665283,0.9999999991707431
32,sample_backbone,11,0.8,lstm,random_failure_fixed,3 -> 5 & 5 -> 3,2,2,5,2.8258107,2.825810670852661,1.000000010314682
32,sample_backbone,11,0.8,lstm,random_failure_fixed,3 -> 5 & 5 -> 3,3,1,5,2.3857896,2.385789632797241,0.9999999862530875
32,sample_backbone,11,0.8,lstm,random_failure_fixed,3 -> 5 & 5 -> 3,4,3,5,2.1383579,2.1383578777313232,1.0000000104139148
32,sample_backbone,11,0.8,lstm,random_failure_fixed,3 -> 5 & 5 -> 3,5,5,0,1.9208034,2.352109432220459,0.8166301166467014
32,sample_backbone,11,0.8,uncertainty_aware_lstm_robust_lp,critical_failure_fixed,2 -> 3 & 3 -> 2,1,3,2,3.4150081,3.415008068084717,1.0000000093455952
32,sample_backbone,11,0.8,uncertainty_aware_lstm_robust_lp,critical_failure_fixed,2 -> 3 & 3 -> 2,2,0,5,3.2275026,3.2275025844573975,1.0000000048156747
32,sample_backbone,11,0.8,uncertainty_aware_lstm_robust_lp,critical_failure_fixed,2 -> 3 & 3 -> 2,3,2,3,2.8970077,2.897007703781128,0.999999998694816
32,sample_backbone,11,0.8,uncertainty_aware_lstm_robust_lp,critical_failure_fixed,2 -> 3 & 3 -> 2,4,2,4,2.698699,2.6986989974975586,1.000000000927277
32,sample_backbone,11,0.8,uncertainty_aware_lstm_robust_lp,critical_failure_fixed,2 -> 3 & 3 -> 2,5,5,0,2.4193065,2.419306516647339,0.9999999931189624
32,sample_backbone,11,0.8,uncertainty_aware_lstm_robust_lp,random_failure_fixed,3 -> 5 & 5 -> 3,1,0,5,3.2275026,3.2275025844573975,1.0000000048156747
32,sample_backbone,11,0.8,uncertainty_aware_lstm_robust_lp,random_failure_fixed,3 -> 5 & 5 -> 3,2,5,3,3.1786506,3.1786506175994873,0.9999999944632206
32,sample_backbone,11,0.8,uncertainty_aware_lstm_robust_lp,random_failure_fixed,3 -> 5 & 5 -> 3,3,1,5,2.4529078,2.4529078006744385,0.9999999997250454
32,sample_backbone,11,0.8,uncertainty_aware_lstm_robust_lp,random_failure_fixed,3 -> 5 & 5 -> 3,4,3,5,2.1961038,2.196103811264038,0.9999999948708991
32,sample_backbone,11,0.8,uncertainty_aware_lstm_robust_lp,random_failure_fixed,3 -> 5 & 5 -> 3,5,5,0,2.0141123,2.419306516647339,0.8325163786154494
33,sample_backbone,11,0.8,current_demand_lp,critical_failure_fixed,2 -> 3 & 3 -> 2,1,2,3,2.860788,2.860788045568119,0.9999999840714802
33,sample_backbone,11,0.8,current_demand_lp,critical_failure_fixed,2 -> 3 & 3 -> 2,2,3,2,2.6356532,2.6356531701736357,1.0000000113164982
33,sample_backbone,11,0.8,current_demand_lp,critical_failure_fixed,2 -> 3 & 3 -> 2,3,0,5,2.6025875,2.6025875121383577,0.9999999953360423
33,sample_backbone,11,0.8,current_demand_lp,critical_failure_fixed,2 -> 3 & 3 -> 2,4,3,1,2.3809477,2.3809477425657457,0.999999982122352
33,sample_backbone,11,0.8,current_demand_lp,critical_failure_fixed,2 -> 3 & 3 -> 2,5,2,5,1.8906105,1.8906104533404304,1.0000000246796317
33,sample_backbone,11,0.8,current_demand_lp,random_failure_fixed,3 -> 5 & 5 -> 3,1,5,3,2.8130696,2.8130696404953404,0.9999999856045724
33,sample_backbone,11,0.8,current_demand_lp,random_failure_fixed,3 -> 5 & 5 -> 3,2,1,5,2.6127393,2.6127393118296345,0.999999995472325
33,sample_backbone,11,0.8,current_demand_lp,random_failure_fixed,3 -> 5 & 5 -> 3,3,5,1,2.2539205,2.253920539446623,0.9999999824986631
33,sample_backbone,11,0.8,current_demand_lp,random_failure_fixed,3 -> 5 & 5 -> 3,4,3,5,2.1139515,2.113951494126856,1.0000000027782776
33,sample_backbone,11,0.8,current_demand_lp,random_failure_fixed,3 -> 5 & 5 -> 3,5,2,5,1.8906105,1.8906104533404304,1.0000000246796317
33,sample_backbone,11,0.8,robust_current_demand_lp,critical_failure_fixed,2 -> 3 & 3 -> 2,1,2,3,2.860788,2.860788045568119,0.9999999840714802
33,sample_backbone,11,0.8,robust_current_demand_lp,critical_failure_fixed,2 -> 3 & 3 -> 2,2,3,2,2.6356532,2.6356531701736357,1.0000000113164982
33,sample_backbone,11,0.8,robust_current_demand_lp,critical_failure_fixed,2 -> 3 & 3 -> 2,3,0,5,2.6025875,2.6025875121383577,0.9999999953360423
33,sample_backbone,11,0.8,robust_current_demand_lp,critical_failure_fixed,2 -> 3 & 3 -> 2,4,5,0,2.4363231,2.4363231045380465,0.9999999981373381
33,sample_backbone,11,0.8,robust_current_demand_lp,critical_failure_fixed,2 -> 3 & 3 -> 2,5,2,4,2.3615214,2.444119398632271,0.9662054158735074
33,sample_backbone,11,0.8,robust_current_demand_lp,random_failure_fixed,3 -> 5 & 5 -> 3,1,5,3,2.8130696,2.8130696404953404,0.9999999856045724
33,sample_backbone,11,0.8,robust_current_demand_lp,random_failure_fixed,3 -> 5 & 5 -> 3,2,1,5,2.6127393,2.6127393118296345,0.999999995472325
33,sample_backbone,11,0.8,robust_current_demand_lp,random_failure_fixed,3 -> 5 & 5 -> 3,3,0,5,2.6025875,2.6025875121383577,0.9999999953360423
33,sample_backbone,11,0.8,robust_current_demand_lp,random_failure_fixed,3 -> 5 & 5 -> 3,4,5,1,2.2539205,2.253920539446623,0.9999999824986631
33,sample_backbone,11,0.8,robust_current_demand_lp,random_failure_fixed,3 -> 5 & 5 -> 3,5,3,5,2.1139515,2.113951494126856,1.0000000027782776
33,sample_backbone,11,0.8,moving_average,critical_failure_fixed,2 -> 3 & 3 -> 2,1,3,2,3.5764818,3.5764817623193306,1.0000000105356806
33,sample_backbone,11,0.8,moving_average,critical_failure_fixed,2 -> 3 & 3 -> 2,2,2,3,3.2488228,3.2488228101745666,0.9999999968682298
33,sample_backbone,11,0.8,moving_average,critical_failure_fixed,2 -> 3 & 3 -> 2,3,0,5,2.7896162,3.5542004219385706,0.7848786981119251
33,sample_backbone,11,0.8,moving_average,critical_failure_fixed,2 -> 3 & 3 -> 2,4,3,1,2.7280848,2.7280848054519984,0.999999998001529
33,sample_backbone,11,0.8,moving_average,critical_failure_fixed,2 -> 3 & 3 -> 2,5,2,5,2.5536444,2.5536443899489627,1.000000003935958
33,sample_backbone,11,0.8,moving_average,random_failure_fixed,3 -> 5 & 5 -> 3,1,5,3,3.0907181,3.0907181093192313,0.9999999969847683
33,sample_backbone,11,0.8,moving_average,random_failure_fixed,3 -> 5 & 5 -> 3,2,1,5,2.6519333,2.651933263818058,1.0000000136436096
33,sample_backbone,11,0.8,moving_average,random_failure_fixed,3 -> 5 & 5 -> 3,3,3,5,2.5773147,2.577314712625056,0.999999995101469
33,sample_backbone,11,0.8,moving_average,random_failure_fixed,3 -> 5 & 5 -> 3,4,2,5,2.5536444,2.5536443899489627,1.000000003935958
33,sample_backbone,11,0.8,moving_average,random_failure_fixed,3 -> 5 & 5 -> 3,5,5,1,2.1574436,2.157443582907185,1.0000000079227171
33,sample_backbone,11,0.8,linear_autoregressive,critical_failure_fixed,2 -> 3 & 3 -> 2,1,3,2,3.2492483,3.2492482601037747,1.0000000122786017
33,sample_backbone,11,0.8,linear_autoregressive,critical_failure_fixed,2 -> 3 & 3 -> 2,2,2,5,2.6870529,2.687052902777731,0.9999999989662537
33,sample_backbone,11,0.8,linear_autoregressive,critical_failure_fixed,2 -> 3 & 3 -> 2,3,2,3,2.5202802,2.520280229531817,0.9999999882823281
33,sample_backbone,11,0.8,linear_autoregressive,critical_failure_fixed,2 -> 3 & 3 -> 2,4,0,5,2.45759,3.3406562340850914,0.735660848585656
33,sample_backbone,11,0.8,linear_autoregressive,critical_failure_fixed,2 -> 3 & 3 -> 2,5,5,2,2.1794507,2.1794506601694743,1.0000000182754885
33,sample_backbone,11,0.8,linear_autoregressive,random_failure_fixed,3 -> 5 & 5 -> 3,1,5,3,2.8116284,2.811628408236736,0.9999999970704748
33,sample_backbone,11,0.8,linear_autoregressive,random_failure_fixed,3 -> 5 & 5 -> 3,2,2,5,2.6870529,2.687052902777731,0.9999999989662537
33,sample_backbone,11,0.8,linear_autoregressive,random_failure_fixed,3 -> 5 & 5 -> 3,3,5,2,2.1794507,2.1794506601694743,1.0000000182754885
33,sample_backbone,11,0.8,linear_autoregressive,random_failure_fixed,3 -> 5 & 5 -> 3,4,1,5,2.1547131,2.1547130725502606,1.0000000127393942
33,sample_backbone,11,0.8,linear_autoregressive,random_failure_fixed,3 -> 5 & 5 -> 3,5,3,5,2.1155354,2.115535402015528,0.999999999047273
33,sample_backbone,11,0.8,lstm,critical_failure_fixed,2 -> 3 & 3 -> 2,1,3,2,3.3281338,3.3281338214874268,0.9999999935437011
33,sample_backbone,11,0.8,lstm,critical_failure_fixed,2 -> 3 & 3 -> 2,2,2,3,2.8351207,2.835120677947998,1.0000000077781528
33,sample_backbone,11,0.8,lstm,critical_failure_fixed,2 -> 3 & 3 -> 2,3,2,5,2.8328331,2.8328330516815186,1.0000000170565935
33,sample_backbone,11,0.8,lstm,critical_failure_fixed,2 -> 3 & 3 -> 2,4,0,5,2.301766,3.165548801422119,0.7271301579574242
33,sample_backbone,11,0.8,lstm,critical_failure_fixed,2 -> 3 & 3 -> 2,5,5,0,1.9233932,2.3747494220733643,0.8099352218478315
33,sample_backbone,11,0.8,lstm,random_failure_fixed,3 -> 5 & 5 -> 3,1,5,3,3.1052711,3.105271100997925,0.9999999996786352
33,sample_backbone,11,0.8,lstm,random_failure_fixed,3 -> 5 & 5 -> 3,2,2,5,2.8328331,2.8328330516815186,1.0000000170565935
33,sample_backbone,11,0.8,lstm,random_failure_fixed,3 -> 5 & 5 -> 3,3,1,5,2.3986037,2.398603677749634,1.0000000092763828
33,sample_backbone,11,0.8,lstm,random_failure_fixed,3 -> 5 & 5 -> 3,4,3,5,2.1600838,2.160083770751953,1.0000000135402374
33,sample_backbone,11,0.8,lstm,random_failure_fixed,3 -> 5 & 5 -> 3,5,5,0,1.9233932,2.3747494220733643,0.8099352218478315
33,sample_backbone,11,0.8,uncertainty_aware_lstm_robust_lp,critical_failure_fixed,2 -> 3 & 3 -> 2,1,3,2,3.4328747,3.4328746795654297,1.0000000059526117
33,sample_backbone,11,0.8,uncertainty_aware_lstm_robust_lp,critical_failure_fixed,2 -> 3 & 3 -> 2,2,0,5,3.2470872,3.247087240219116,0.9999999876137864
33,sample_backbone,11,0.8,uncertainty_aware_lstm_robust_lp,critical_failure_fixed,2 -> 3 & 3 -> 2,3,2,3,2.9094219,2.909421920776367,0.9999999928589363
33,sample_backbone,11,0.8,uncertainty_aware_lstm_robust_lp,critical_failure_fixed,2 -> 3 & 3 -> 2,4,2,4,2.7087526,2.7087526321411133,0.999999988134349
33,sample_backbone,11,0.8,uncertainty_aware_lstm_robust_lp,critical_failure_fixed,2 -> 3 & 3 -> 2,5,5,0,2.4419465,2.441946506500244,0.999999997338089
33,sample_backbone,11,0.8,uncertainty_aware_lstm_robust_lp,random_failure_fixed,3 -> 5 & 5 -> 3,1,0,5,3.2470872,3.247087240219116,0.9999999876137864
33,sample_backbone,11,0.8,uncertainty_aware_lstm_robust_lp,random_failure_fixed,3 -> 5 & 5 -> 3,2,5,3,3.1889479,3.188947916030884,0.9999999949729866
33,sample_backbone,11,0.8,uncertainty_aware_lstm_robust_lp,random_failure_fixed,3 -> 5 & 5 -> 3,3,1,5,2.4657218,2.465721845626831,0.9999999814955481
33,sample_backbone,11,0.8,uncertainty_aware_lstm_robust_lp,random_failure_fixed,3 -> 5 & 5 -> 3,4,3,5,2.2178297,2.217829704284668,0.9999999980680806
33,sample_backbone,11,0.8,uncertainty_aware_lstm_robust_lp,random_failure_fixed,3 -> 5 & 5 -> 3,5,5,0,2.0167021,2.441946506500244,0.8258584267229927
34,sample_backbone,11,0.8,current_demand_lp,critical_failure_fixed,2 -> 3 & 3 -> 2,1,2,3,2.8925161,2.892516136863442,0.9999999872555795
34,sample_backbone,11,0.8,current_demand_lp,critical_failure_fixed,2 -> 3 & 3 -> 2,2,3,2,2.6425754,2.642575363191072,1.0000000139291878
34,sample_backbone,11,0.8,current_demand_lp,critical_failure_fixed,2 -> 3 & 3 -> 2,3,0,5,2.2641799,2.88913673938992,0.7836873447804037
34,sample_backbone,11,0.8,current_demand_lp,critical_failure_fixed,2 -> 3 & 3 -> 2,4,2,5,2.2046555,2.2046554880824876,1.000000005405612
34,sample_backbone,11,0.8,current_demand_lp,critical_failure_fixed,2 -> 3 & 3 -> 2,5,3,1,1.7097479,2.0435780144946367,0.8366443012564946
34,sample_backbone,11,0.8,current_demand_lp,random_failure_fixed,0 -> 1 & 1 -> 0,1,0,1,2.3552279,2.355227872533972,1.0000000116617285
34,sample_backbone,11,0.8,current_demand_lp,random_failure_fixed,0 -> 1 & 1 -> 0,2,3,0,1.5464926,2.6468193015232395,0.5842834072994694
34,sample_backbone,11,0.8,current_demand_lp,random_failure_fixed,0 -> 1 & 1 -> 0,3,1,0,1.3976107,1.3976106632463476,1.00000002629749
34,sample_backbone,11,0.8,current_demand_lp,random_failure_fixed,0 -> 1 & 1 -> 0,4,0,5,0.62495686,2.88913673938992,0.21631266235324256
34,sample_backbone,11,0.8,robust_current_demand_lp,critical_failure_fixed,2 -> 3 & 3 -> 2,1,2,3,2.8925161,2.892516136863442,0.9999999872555795
34,sample_backbone,11,0.8,robust_current_demand_lp,critical_failure_fixed,2 -> 3 & 3 -> 2,2,0,5,2.8891367,2.88913673938992,0.9999999863661974
34,sample_backbone,11,0.8,robust_current_demand_lp,critical_failure_fixed,2 -> 3 & 3 -> 2,3,3,2,2.6425754,2.642575363191072,1.0000000139291878
34,sample_backbone,11,0.8,robust_current_demand_lp,critical_failure_fixed,2 -> 3 & 3 -> 2,4,2,4,2.2733275,2.273327451720106,1.000000021237545
34,sample_backbone,11,0.8,robust_current_demand_lp,critical_failure_fixed,2 -> 3 & 3 -> 2,5,5,0,1.9274374,1.9274374467927904,0.999999975722797
34,sample_backbone,11,0.8,robust_current_demand_lp,random_failure_fixed,0 -> 1 & 1 -> 0,1,0,1,2.3552279,2.355227872533972,1.0000000116617285
34,sample_backbone,11,0.8,robust_current_demand_lp,random_failure_fixed,0 -> 1 & 1 -> 0,2,3,0,1.5464926,2.6468193015232395,0.5842834072994694
34,sample_backbone,11,0.8,robust_current_demand_lp,random_failure_fixed,0 -> 1 & 1 -> 0,3,1,0,1.3976107,1.3976106632463476,1.00000002629749
34,sample_backbone,11,0.8,robust_current_demand_lp,random_failure_fixed,0 -> 1 & 1 -> 0,4,0,3,0.4503187,1.501709940898796,0.2998706259682063
34,sample_backbone,11,0.8,robust_current_demand_lp,random_failure_fixed,0 -> 1 & 1 -> 0,5,0,2,0.17463816,2.1650355600754043,0.08066295224911578
34,sample_backbone,11,0.8,moving_average,critical_failure_fixed,2 -> 3 & 3 -> 2,1,3,2,3.0704167,3.070416664766844,1.0000000114750407
34,sample_backbone,11,0.8,moving_average,critical_failure_fixed,2 -> 3 & 3 -> 2,2,2,3,2.9067384,2.90673843335913,0.9999999885235185
34,sample_backbone,11,0.8,moving_average,critical_failure_fixed,2 -> 3 & 3 -> 2,3,0,5,2.5539571,3.177050059606278,0.8038768832986232
34,sample_backbone,11,0.8,moving_average,critical_failure_fixed,2 -> 3 & 3 -> 2,4,3,1,2.3233421,2.3233421490229755,0.9999999788998036
34,sample_backbone,11,0.8,moving_average,critical_failure_fixed,2 -> 3 & 3 -> 2,5,2,5,2.1412455,2.1412455334751885,0.9999999843664877
34,sample_backbone,11,0.8,moving_average,random_failure_fixed,0 -> 1 & 1 -> 0,1,0,1,2.3354498,2.335449772524067,1.0000000117647287
34,sample_backbone,11,0.8,moving_average,random_failure_fixed,0 -> 1 & 1 -> 0,2,3,0,2.2437488,2.897484007396953,0.7743783207334225
34,sample_backbone,11,0.8,moving_average,random_failure_fixed,0 -> 1 & 1 -> 0,3,1,0,1.396258,1.3962579837097306,1.0000000116670913
34,sample_backbone,11,0.8,moving_average,random_failure_fixed,0 -> 1 & 1 -> 0,4,0,5,0.62309293,3.177050059606278,0.1961231073825818
34,sample_backbone,11,0.8,moving_average,random_failure_fixed,0 -> 1 & 1 -> 0,5,0,4,0.23858021,1.5547279148544442,0.15345463841005016
34,sample_backbone,11,0.8,linear_autoregressive,critical_failure_fixed,2 -> 3 & 3 -> 2,1,2,3,2.2267542,2.2267541670085724,1.0000000148159272
34,sample_backbone,11,0.8,linear_autoregressive,critical_failure_fixed,2 -> 3 & 3 -> 2,2,3,2,1.9773045,1.97730445175719,1.000000024398271
34,sample_backbone,11,0.8,linear_autoregressive,critical_failure_fixed,2 -> 3 & 3 -> 2,3,0,5,1.9014354,2.552306166532404,0.7449871903821454
34,sample_backbone,11,0.8,linear_autoregressive,critical_failure_fixed,2 -> 3 & 3 -> 2,4,2,5,1.7333189,1.7333189375518376,0.9999999783352983
34,sample_backbone,11,0.8,linear_autoregressive,critical_failure_fixed,2 -> 3 & 3 -> 2,5,3,1,1.3046905,1.3821515575347931,0.9439561767936993
34,sample_backbone,11,0.8,linear_autoregressive,random_failure_fixed,0 -> 1 & 1 -> 0,1,0,1,1.9401054,1.9401053655444875,1.000000017759609
34,sample_backbone,11,0.8,linear_autoregressive,random_failure_fixed,0 -> 1 & 1 -> 0,2,1,0,1.1979329,1.197932855236969,1.000000037366895
34,sample_backbone,11,0.8,linear_autoregressive,random_failure_fixed,0 -> 1 & 1 -> 0,3,0,5,0.65087077,2.552306166532404,0.2550128109764674
34,sample_backbone,11,0.8,linear_autoregressive,random_failure_fixed,0 -> 1 & 1 -> 0,4,3,0,0.56746539,1.759621663504411,0.3224928413701457
34,sample_backbone,11,0.8,lstm,critical_failure_fixed,2 -> 3 & 3 -> 2,1,3,2,3.2540562,3.254056215286255,0.9999999953023999
34,sample_backbone,11,0.8,lstm,critical_failure_fixed,2 -> 3 & 3 -> 2,2,2,5,2.7796681,2.779668092727661,1.0000000026162617
34,sample_backbone,11,0.8,lstm,critical_failure_fixed,2 -> 3 & 3 -> 2,3,2,3,2.7649975,2.7649974822998047,1.000000006401523
34,sample_backbone,11,0.8,lstm,critical_failure_fixed,2 -> 3 & 3 -> 2,4,0,5,2.2710686,3.093780755996704,0.7340754821097023
34,sample_backbone,11,0.8,lstm,critical_failure_fixed,2 -> 3 & 3 -> 2,5,5,0,1.9113572,2.312011241912842,0.8267075718968561
34,sample_backbone,11,0.8,lstm,random_failure_fixed,0 -> 1 & 1 -> 0,1,0,1,2.3694057,2.369405746459961,0.9999999803917244
34,sample_backbone,11,0.8,lstm,random_failure_fixed,0 -> 1 & 1 -> 0,2,3,0,1.5657597,3.046248435974121,0.5139960620117006
34,sample_backbone,11,0.8,lstm,random_failure_fixed,0 -> 1 & 1 -> 0,3,1,0,1.4965014,1.4965014457702637,0.9999999694151558
34,sample_backbone,11,0.8,lstm,random_failure_fixed,0 -> 1 & 1 -> 0,4,0,5,0.8227122,3.093780755996704,0.2659245321134438
34,sample_backbone,11,0.8,uncertainty_aware_lstm_robust_lp,critical_failure_fixed,2 -> 3 & 3 -> 2,1,3,2,3.3587971,3.358797073364258,1.0000000079301432
34,sample_backbone,11,0.8,uncertainty_aware_lstm_robust_lp,critical_failure_fixed,2 -> 3 & 3 -> 2,2,0,5,3.1753192,3.175319194793701,1.0000000016396144
34,sample_backbone,11,0.8,uncertainty_aware_lstm_robust_lp,critical_failure_fixed,2 -> 3 & 3 -> 2,3,2,3,2.8392987,2.839298725128174,0.9999999911498662
34,sample_backbone,11,0.8,uncertainty_aware_lstm_robust_lp,critical_failure_fixed,2 -> 3 & 3 -> 2,4,2,4,2.6550765,2.655076503753662,0.999999998586232
34,sample_backbone,11,0.8,uncertainty_aware_lstm_robust_lp,critical_failure_fixed,2 -> 3 & 3 -> 2,5,5,0,2.3792083,2.3792083263397217,0.9999999889292076
34,sample_backbone,11,0.8,uncertainty_aware_lstm_robust_lp,random_failure_fixed,0 -> 1 & 1 -> 0,1,0,1,2.4350622,2.4350621700286865,1.0000000123082333
34,sample_backbone,11,0.8,uncertainty_aware_lstm_robust_lp,random_failure_fixed,0 -> 1 & 1 -> 0,2,3,0,2.0834464,3.11993670463562,0.6677848293859306
34,sample_backbone,11,0.8,uncertainty_aware_lstm_robust_lp,random_failure_fixed,0 -> 1 & 1 -> 0,3,1,0,1.5691097,1.5691096782684326,1.0000000138496166
34,sample_backbone,11,0.8,uncertainty_aware_lstm_robust_lp,random_failure_fixed,0 -> 1 & 1 -> 0,4,0,2,0.44195786,2.5098297595977783,0.17609077201747242
34,sample_backbone,11,0.8,uncertainty_aware_lstm_robust_lp,random_failure_fixed,0 -> 1 & 1 -> 0,5,0,3,0.40967449,1.939158320426941,0.2112640755963663
