time_step,topology,seed,load_scale,method,scenario,failed_link,commodity_rank,source,destination,disrupted_amount,demand_value,commodity_disruption_ratio
22,sample_backbone,7,1.2,current_demand_lp,critical_failure_fixed,2 -> 3 & 3 -> 2,1,2,5,4.8007041,4.80070409478373,1.0000000010865635
22,sample_backbone,7,1.2,current_demand_lp,critical_failure_fixed,2 -> 3 & 3 -> 2,2,3,0,4.4802394,4.548702955977719,0.984948774048271
22,sample_backbone,7,1.2,current_demand_lp,critical_failure_fixed,2 -> 3 & 3 -> 2,3,2,3,4.4682268,4.468226837893197,0.9999999915194107
22,sample_backbone,7,1.2,current_demand_lp,critical_failure_fixed,2 -> 3 & 3 -> 2,4,5,0,4.1188451,4.11884513954499,0.9999999903990101
22,sample_backbone,7,1.2,current_demand_lp,critical_failure_fixed,2 -> 3 & 3 -> 2,5,3,2,3.4204814,3.4204814074292966,0.9999999978279968
22,sample_backbone,7,1.2,current_demand_lp,random_failure_fixed,3 -> 4 & 4 -> 3,1,4,3,6.0295335,6.029533549220256,0.9999999918368054
22,sample_backbone,7,1.2,current_demand_lp,random_failure_fixed,3 -> 4 & 4 -> 3,2,3,4,4.4100377,4.410037672562667,1.0000000062215644
22,sample_backbone,7,1.2,current_demand_lp,random_failure_fixed,3 -> 4 & 4 -> 3,3,0,5,2.7337877,5.71526474386504,0.47833089498339354
22,sample_backbone,7,1.2,current_demand_lp,random_failure_fixed,3 -> 4 & 4 -> 3,4,2,4,2.5762007,5.887294387586177,0.43758652623726807
22,sample_backbone,7,1.2,current_demand_lp,random_failure_fixed,3 -> 4 & 4 -> 3,5,4,1,0.45612106,4.007609449728161,0.11381374999775466
22,sample_backbone,7,1.2,robust_current_demand_lp,critical_failure_fixed,2 -> 3 & 3 -> 2,1,0,5,5.7152647,5.71526474386504,0.9999999923249329
22,sample_backbone,7,1.2,robust_current_demand_lp,critical_failure_fixed,2 -> 3 & 3 -> 2,2,2,4,5.3099884,5.887294387586177,0.9019403567106357
22,sample_backbone,7,1.2,robust_current_demand_lp,critical_failure_fixed,2 -> 3 & 3 -> 2,3,2,3,4.4682268,4.468226837893197,0.9999999915194107
22,sample_backbone,7,1.2,robust_current_demand_lp,critical_failure_fixed,2 -> 3 & 3 -> 2,4,3,0,4.2738351,4.548702955977719,0.9395722563909128
22,sample_backbone,7,1.2,robust_current_demand_lp,critical_failure_fixed,2 -> 3 & 3 -> 2,5,5,0,4.1188451,4.11884513954499,0.9999999903990101
22,sample_backbone,7,1.2,robust_current_demand_lp,random_failure_fixed,3 -> 4 & 4 -> 3,1,4,3,6.0295335,6.029533549220256,0.9999999918368054
22,sample_backbone,7,1.2,robust_current_demand_lp,random_failure_fixed,3 -> 4 & 4 -> 3,2,2,4,5.3099884,5.887294387586177,0.9019403567106357
22,sample_backbone,7,1.2,robust_current_demand_lp,random_failure_fixed,3 -> 4 & 4 -> 3,3,3,4,4.4100377,4.410037672562667,1.0000000062215644
22,sample_backbone,7,1.2,robust_current_demand_lp,random_failure_fixed,3 -> 4 & 4 -> 3,4,4,0,0.45612106,2.52614562810315,0.18056008130556409
22,sample_backbone,7,1.2,moving_average,critical_failure_fixed,2 -> 3 & 3 -> 2,1,2,5,6.4235053,6.423505254325523,1.0000000071105224
22,sample_backbone,7,1.2,moving_average,critical_failure_fixed,2 -> 3 & 3 -> 2,2,3,0,5.0413932,5.1371458434587565,0.9813607309629567
22,sample_backbone,7,1.2,moving_average,critical_failure_fixed,2 -> 3 & 3 -> 2,3,2,3,4.9985585,4.998558504966626,0.9999999990063883
22,sample_backbone,7,1.2,moving_average,critical_failure_fixed,2 -> 3 & 3 -> 2,4,5,0,4.5940774,4.594077381460327,1.0000000040355597
22,sample_backbone,7,1.2,moving_average,critical_failure_fixed,2 -> 3 & 3 -> 2,5,0,3,4.1432963,4.143296284876077,1.0000000036502152
22,sample_backbone,7,1.2,moving_average,random_failure_fixed,3 -> 4 & 4 -> 3,1,4,3,6.1624287,6.162428688715341,1.0000000018312032
22,sample_backbone,7,1.2,moving_average,random_failure_fixed,3 -> 4 & 4 -> 3,2,3,4,5.0898859,5.089885885078689,1.000000002931561
22,sample_backbone,7,1.2,moving_average,random_failure_fixed,3 -> 4 & 4 -> 3,3,0,5,2.8091234,6.012529849781473,0.4672115515737686
22,sample_backbone,7,1.2,moving_average,random_failure_fixed,3 -> 4 & 4 -> 3,4,2,4,2.5775692,6.610028003812765,0.3899483025659224
22,sample_backbone,7,1.2,moving_average,random_failure_fixed,3 -> 4 & 4 -> 3,5,4,1,1.3520477,4.751925768444314,0.28452626700914
22,sample_backbone,7,1.2,linear_autoregressive,critical_failure_fixed,2 -> 3 & 3 -> 2,1,2,5,7.1934486,7.193448584189376,1.0000000021979198
22,sample_backbone,7,1.2,linear_autoregressive,critical_failure_fixed,2 -> 3 & 3 -> 2,2,0,3,5.5427404,5.542740434660396,0.999999993746704
22,sample_backbone,7,1.2,linear_autoregressive,critical_failure_fixed,2 -> 3 & 3 -> 2,3,2,3,3.6972951,3.69729505602067,1.0000000118950014
22,sample_backbone,7,1.2,linear_autoregressive,critical_failure_fixed,2 -> 3 & 3 -> 2,4,3,0,3.462879,3.6969163896807227,0.9366938916081532
22,sample_backbone,7,1.2,linear_autoregressive,critical_failure_fixed,2 -> 3 & 3 -> 2,5,5,0,3.3396811,3.3396811369940775,0.9999999889228713
22,sample_backbone,7,1.2,linear_autoregressive,random_failure_fixed,3 -> 4 & 4 -> 3,1,4,3,4.1747219,4.174721906495486,0.9999999984440914
22,sample_backbone,7,1.2,linear_autoregressive,random_failure_fixed,3 -> 4 & 4 -> 3,2,3,4,3.4863923,3.4863923386077356,0.9999999889261644
22,sample_backbone,7,1.2,linear_autoregressive,random_failure_fixed,3 -> 4 & 4 -> 3,3,4,1,3.3704313,3.37043134835805,0.9999999856522668
22,sample_backbone,7,1.2,linear_autoregressive,random_failure_fixed,3 -> 4 & 4 -> 3,4,1,4,2.9556499,5.425928766671787,0.544727000132176
22,sample_backbone,7,1.2,linear_autoregressive,random_failure_fixed,3 -> 4 & 4 -> 3,5,0,5,0.99798789,4.104276852143883,0.24315803391252655
22,sample_backbone,7,1.2,lstm,critical_failure_fixed,2 -> 3 & 3 -> 2,1,2,5,6.0198874,6.019887447357178,0.9999999921332121
22,sample_backbone,7,1.2,lstm,critical_failure_fixed,2 -> 3 & 3 -> 2,2,2,3,4.666316,4.666316032409668,0.9999999930545493
22,sample_backbone,7,1.2,lstm,critical_failure_fixed,2 -> 3 & 3 -> 2,3,3,0,4.6391948,4.7584733963012695,0.974933432139395
22,sample_backbone,7,1.2,lstm,critical_failure_fixed,2 -> 3 & 3 -> 2,4,5,0,4.2867641,4.286764144897461,0.9999999895264915
22,sample_backbone,7,1.2,lstm,critical_failure_fixed,2 -> 3 & 3 -> 2,5,0,3,3.7539065,3.753906488418579,1.000000003085165
22,sample_backbone,7,1.2,lstm,random_failure_fixed,3 -> 4 & 4 -> 3,1,4,3,5.7560267,5.756026744842529,0.9999999922094647
22,sample_backbone,7,1.2,lstm,random_failure_fixed,3 -> 4 & 4 -> 3,2,3,4,4.7135067,4.713506698608398,1.000000000295237
22,sample_backbone,7,1.2,lstm,random_failure_fixed,3 -> 4 & 4 -> 3,3,0,5,2.8087501,5.587561130523682,0.5026790820518068
22,sample_backbone,7,1.2,lstm,random_failure_fixed,3 -> 4 & 4 -> 3,4,2,4,2.4124572,6.143047332763672,0.39271343183915675
22,sample_backbone,7,1.2,lstm,random_failure_fixed,3 -> 4 & 4 -> 3,5,4,1,1.318514,4.447534084320068,0.29645956051207467
22,sample_backbone,7,1.2,uncertainty_aware_lstm_robust_lp,critical_failure_fixed,2 -> 3 & 3 -> 2,1,0,5,5.830133,5.830132961273193,1.0000000066425254
22,sample_backbone,7,1.2,uncertainty_aware_lstm_robust_lp,critical_failure_fixed,2 -> 3 & 3 -> 2,2,2,4,5.356232,6.395401477813721,0.8375130190936876
22,sample_backbone,7,1.2,uncertainty_aware_lstm_robust_lp,critical_failure_fixed,2 -> 3 & 3 -> 2,3,2,3,4.846364,4.8463640213012695,0.9999999956046907
22,sample_backbone,7,1.2,uncertainty_aware_lstm_robust_lp,critical_failure_fixed,2 -> 3 & 3 -> 2,4,5,0,4.4805007,4.4805006980896,1.0000000004263812
22,sample_backbone,7,1.2,uncertainty_aware_lstm_robust_lp,critical_failure_fixed,2 -> 3 & 3 -> 2,5,3,2,3.5172594,3.517259359359741,1.0000000115545242
22,sample_backbone,7,1.2,uncertainty_aware_lstm_robust_lp,random_failure_fixed,3 -> 4 & 4 -> 3,1,4,3,6.0051985,6.0051984786987305,1.0000000035471381
22,sample_backbone,7,1.2,uncertainty_aware_lstm_robust_lp,random_failure_fixed,3 -> 4 & 4 -> 3,2,2,4,5.356232,6.395401477813721,0.8375130190936876
22,sample_backbone,7,1.2,uncertainty_aware_lstm_robust_lp,random_failure_fixed,3 -> 4 & 4 -> 3,3,3,4,4.9373026,4.937302589416504,1.0000000021435784
22,sample_backbone,7,1.2,uncertainty_aware_lstm_robust_lp,random_failure_fixed,3 -> 4 & 4 -> 3,4,4,0,0.43137913,2.865490436553955,0.15054286152801732
22,sample_backbone,7,1.2,uncertainty_aware_lstm_robust_lp,random_failure_fixed,3 -> 4 & 4 -> 3,5,1,4,0.33515427,4.1498823165893555,0.08076235527455912
22,sample_backbone,7,1.2,transformer,critical_failure_fixed,2 -> 3 & 3 -> 2,1,2,5,5.4763412,5.476341247558594,0.9999999913156263
22,sample_backbone,7,1.2,transformer,critical_failure_fixed,2 -> 3 & 3 -> 2,2,2,3,4.664876,4.6648759841918945,1.0000000033887515
22,sample_backbone,7,1.2,transformer,critical_failure_fixed,2 -> 3 & 3 -> 2,3,5,0,4.2205749,4.220574855804443,1.0000000104714541
22,sample_backbone,7,1.2,transformer,critical_failure_fixed,2 -> 3 & 3 -> 2,4,3,0,4.1595998,4.757658958435059,0.87429549623881
22,sample_backbone,7,1.2,transformer,critical_failure_fixed,2 -> 3 & 3 -> 2,5,0,3,3.2500246,3.2500245571136475,1.0000000131957012
22,sample_backbone,7,1.2,transformer,random_failure_fixed,3 -> 4 & 4 -> 3,1,4,3,5.6653934,5.665393352508545,1.0000000083827287
22,sample_backbone,7,1.2,transformer,random_failure_fixed,3 -> 4 & 4 -> 3,2,3,4,4.7275605,4.727560520172119,0.9999999957330807
22,sample_backbone,7,1.2,transformer,random_failure_fixed,3 -> 4 & 4 -> 3,3,0,5,2.9465814,5.73402738571167,0.5138764086377466
22,sample_backbone,7,1.2,transformer,random_failure_fixed,3 -> 4 & 4 -> 3,4,2,4,2.5499851,5.996798992156982,0.42522437442626343
22,sample_backbone,7,1.2,transformer,random_failure_fixed,3 -> 4 & 4 -> 3,5,4,1,0.89537282,4.530670166015625,0.19762480763136445
23,sample_backbone,7,1.2,current_demand_lp,critical_failure_fixed,2 -> 3 & 3 -> 2,1,2,5,5.97285,5.972849978116761,1.0000000036637853
23,sample_backbone,7,1.2,current_demand_lp,critical_failure_fixed,2 -> 3 & 3 -> 2,2,2,3,5.2075556,5.207555630994393,0.9999999940481878
23,sample_backbone,7,1.2,current_demand_lp,critical_failure_fixed,2 -> 3 & 3 -> 2,3,5,0,5.0157938,5.015793799131253,1.0000000001732023
23,sample_backbone,7,1.2,current_demand_lp,critical_failure_fixed,2 -> 3 & 3 -> 2,4,3,0,4.889873,5.7253211421101895,0.8540783789462214
23,sample_backbone,7,1.2,current_demand_lp,critical_failure_fixed,2 -> 3 & 3 -> 2,5,0,3,4.0540674,4.054067372387893,1.000000006810964
23,sample_backbone,7,1.2,current_demand_lp,random_failure_fixed,0 -> 1 & 1 -> 0,1,0,1,6.3153411,6.315341132796344,0.999999994806877
23,sample_backbone,7,1.2,current_demand_lp,random_failure_fixed,0 -> 1 & 1 -> 0,2,1,0,2.8354642,2.835464222802256,0.999999991958193
23,sample_backbone,7,1.2,current_demand_lp,random_failure_fixed,0 -> 1 & 1 -> 0,3,0,5,2.6799198,5.8101988358278165,0.4612440771346123
23,sample_backbone,7,1.2,current_demand_lp,random_failure_fixed,0 -> 1 & 1 -> 0,4,3,0,0.83544814,5.7253211421101895,0.14592162068520714
23,sample_backbone,7,1.2,current_demand_lp,random_failure_fixed,0 -> 1 & 1 -> 0,5,0,4,0.45732136,3.917524343577051,0.11673733712715735
23,sample_backbone,7,1.2,robust_current_demand_lp,critical_failure_fixed,2 -> 3 & 3 -> 2,1,0,5,5.8101988,5.8101988358278165,0.9999999938336334
23,sample_backbone,7,1.2,robust_current_demand_lp,critical_failure_fixed,2 -> 3 & 3 -> 2,2,2,4,5.2639987,6.778025879321076,0.7766271173528289
23,sample_backbone,7,1.2,robust_current_demand_lp,critical_failure_fixed,2 -> 3 & 3 -> 2,3,2,3,5.2075556,5.207555630994393,0.9999999940481878
23,sample_backbone,7,1.2,robust_current_demand_lp,critical_failure_fixed,2 -> 3 & 3 -> 2,4,5,0,5.0157938,5.015793799131253,1.0000000001732023
23,sample_backbone,7,1.2,robust_current_demand_lp,critical_failure_fixed,2 -> 3 & 3 -> 2,5,3,0,3.9248352,5.7253211421101895,0.6855222794635094
23,sample_backbone,7,1.2,robust_current_demand_lp,random_failure_fixed,0 -> 1 & 1 -> 0,1,0,1,6.3153411,6.315341132796344,0.999999994806877
23,sample_backbone,7,1.2,robust_current_demand_lp,random_failure_fixed,0 -> 1 & 1 -> 0,2,1,0,2.8354642,2.835464222802256,0.999999991958193
23,sample_backbone,7,1.2,robust_current_demand_lp,random_failure_fixed,0 -> 1 & 1 -> 0,3,0,3,2.6799198,4.054067372387893,0.6610447123431735
23,sample_backbone,7,1.2,robust_current_demand_lp,random_failure_fixed,0 -> 1 & 1 -> 0,4,3,0,1.800486,5.7253211421101895,0.31447773064768075
23,sample_backbone,7,1.2,robust_current_demand_lp,random_failure_fixed,0 -> 1 & 1 -> 0,5,0,2,0.45732136,5.950604176793036,0.07685292894854663
23,sample_backbone,7,1.2,moving_average,critical_failure_fixed,2 -> 3 & 3 -> 2,1,2,5,6.3444411,6.344441144691486,0.9999999929558041
23,sample_backbone,7,1.2,moving_average,critical_failure_fixed,2 -> 3 & 3 -> 2,2,3,0,4.9818333,5.0939770566000755,0.9779850291130041
23,sample_backbone,7,1.2,moving_average,critical_failure_fixed,2 -> 3 & 3 -> 2,3,2,3,4.9192711,4.919271059319309,1.0000000082696583
23,sample_backbone,7,1.2,moving_average,critical_failure_fixed,2 -> 3 & 3 -> 2,4,5,0,4.5636879,4.563687897918631,1.0000000004560716
23,sample_backbone,7,1.2,moving_average,critical_failure_fixed,2 -> 3 & 3 -> 2,5,0,3,4.0872237,4.087223723660749,0.9999999942110464
23,sample_backbone,7,1.2,moving_average,random_failure_fixed,0 -> 1 & 1 -> 0,1,0,1,6.0886369,6.088636906544603,0.9999999989251119
23,sample_backbone,7,1.2,moving_average,random_failure_fixed,0 -> 1 & 1 -> 0,2,0,5,2.9846593,5.8595264584826845,0.5093686872390834
23,sample_backbone,7,1.2,moving_average,random_failure_fixed,0 -> 1 & 1 -> 0,3,1,0,2.8149018,2.8149017659256192,1.0000000121049981
23,sample_backbone,7,1.2,moving_average,random_failure_fixed,0 -> 1 & 1 -> 0,4,3,0,0.11214371,5.0939770566000755,0.022014961738922555
23,sample_backbone,7,1.2,linear_autoregressive,critical_failure_fixed,2 -> 3 & 3 -> 2,1,2,5,7.397503,7.397502988147641,1.0000000016022108
23,sample_backbone,7,1.2,linear_autoregressive,critical_failure_fixed,2 -> 3 & 3 -> 2,2,2,3,5.7490135,5.749013541330892,0.9999999928107854
23,sample_backbone,7,1.2,linear_autoregressive,critical_failure_fixed,2 -> 3 & 3 -> 2,3,3,0,5.3751226,5.853502722327214,0.9182745537125127
23,sample_backbone,7,1.2,linear_autoregressive,critical_failure_fixed,2 -> 3 & 3 -> 2,4,5,0,5.2111215,5.211121459042972,1.000000007859542
23,sample_backbone,7,1.2,linear_autoregressive,critical_failure_fixed,2 -> 3 & 3 -> 2,5,0,3,4.8952258,4.895225787378545,1.0000000025783193
23,sample_backbone,7,1.2,linear_autoregressive,random_failure_fixed,0 -> 1 & 1 -> 0,1,0,1,7.0673482,7.0673481847972575,1.000000002151124
23,sample_backbone,7,1.2,linear_autoregressive,random_failure_fixed,0 -> 1 & 1 -> 0,2,0,5,3.6371758,6.735751182752842,0.539980723948523
23,sample_backbone,7,1.2,linear_autoregressive,random_failure_fixed,0 -> 1 & 1 -> 0,3,1,0,3.0021444,3.0021444263767108,0.9999999912140434
23,sample_backbone,7,1.2,linear_autoregressive,random_failure_fixed,0 -> 1 & 1 -> 0,4,3,0,0.47838013,5.853502722327214,0.08172544759828991
23,sample_backbone,7,1.2,lstm,critical_failure_fixed,2 -> 3 & 3 -> 2,1,2,5,6.0437021,6.043702125549316,0.9999999957725718
23,sample_backbone,7,1.2,lstm,critical_failure_fixed,2 -> 3 & 3 -> 2,2,2,3,4.7085395,4.7085394859313965,1.000000002987891
23,sample_backbone,7,1.2,lstm,critical_failure_fixed,2 -> 3 & 3 -> 2,3,3,0,4.6623555,4.783537864685059,0.9746667909582781
23,sample_backbone,7,1.2,lstm,critical_failure_fixed,2 -> 3 & 3 -> 2,4,5,0,4.3118429,4.311842918395996,0.9999999957336118
23,sample_backbone,7,1.2,lstm,critical_failure_fixed,2 -> 3 & 3 -> 2,5,0,3,3.797132,3.7971320152282715,0.9999999959895333
23,sample_backbone,7,1.2,lstm,random_failure_fixed,0 -> 1 & 1 -> 0,1,0,1,5.6537471,5.653747081756592,1.000000003226782
23,sample_backbone,7,1.2,lstm,random_failure_fixed,0 -> 1 & 1 -> 0,2,0,5,2.8969278,5.609518527984619,0.5164307392065616
23,sample_backbone,7,1.2,lstm,random_failure_fixed,0 -> 1 & 1 -> 0,3,1,0,2.7638936,2.7638936042785645,0.9999999984519793
23,sample_backbone,7,1.2,lstm,random_failure_fixed,0 -> 1 & 1 -> 0,4,3,0,0.12118238,4.783537864685059,0.025333212243314914
23,sample_backbone,7,1.2,uncertainty_aware_lstm_robust_lp,critical_failure_fixed,2 -> 3 & 3 -> 2,1,0,5,5.8520904,5.852090358734131,1.000000007051475
23,sample_backbone,7,1.2,uncertainty_aware_lstm_robust_lp,critical_failure_fixed,2 -> 3 & 3 -> 2,2,2,4,5.3627804,6.424147129058838,0.8347848036889012
23,sample_backbone,7,1.2,uncertainty_aware_lstm_robust_lp,critical_failure_fixed,2 -> 3 & 3 -> 2,3,2,3,4.8885875,4.888587474822998,1.0000000051501587
23,sample_backbone,7,1.2,uncertainty_aware_lstm_robust_lp,critical_failure_fixed,2 -> 3 & 3 -> 2,4,5,0,4.5055795,4.505579471588135,1.0000000063059291
23,sample_backbone,7,1.2,uncertainty_aware_lstm_robust_lp,critical_failure_fixed,2 -> 3 & 3 -> 2,5,3,2,3.5529628,3.5529627799987793,1.0000000056294485
23,sample_backbone,7,1.2,uncertainty_aware_lstm_robust_lp,random_failure_fixed,0 -> 1 & 1 -> 0,1,0,1,5.9004474,5.900447368621826,1.0000000053179312
23,sample_backbone,7,1.2,uncertainty_aware_lstm_robust_lp,random_failure_fixed,0 -> 1 & 1 -> 0,2,0,3,3.0160514,4.106081008911133,0.734532853456734
23,sample_backbone,7,1.2,uncertainty_aware_lstm_robust_lp,random_failure_fixed,0 -> 1 & 1 -> 0,3,1,0,2.8702545,2.8702545166015625,0.9999999942159964
23,sample_backbone,7,1.2,uncertainty_aware_lstm_robust_lp,random_failure_fixed,0 -> 1 & 1 -> 0,4,3,0,1.6099252,5.008997440338135,0.3214066725279303
23,sample_backbone,7,1.2,transformer,critical_failure_fixed,2 -> 3 & 3 -> 2,1,2,5,6.0116978,6.011697769165039,1.0000000051291602
23,sample_backbone,7,1.2,transformer,critical_failure_fixed,2 -> 3 & 3 -> 2,2,2,3,5.0892825,5.089282512664795,0.9999999975114774
23,sample_backbone,7,1.2,transformer,critical_failure_fixed,2 -> 3 & 3 -> 2,3,5,0,4.6255951,4.6255950927734375,1.000000001562299
23,sample_backbone,7,1.2,transformer,critical_failure_fixed,2 -> 3 & 3 -> 2,4,3,0,4.4488664,5.201009273529053,0.8553852081446686
23,sample_backbone,7,1.2,transformer,critical_failure_fixed,2 -> 3 & 3 -> 2,5,0,3,3.6918023,3.6918022632598877,1.0000000099518094
23,sample_backbone,7,1.2,transformer,random_failure_fixed,0 -> 1 & 1 -> 0,1,0,1,6.0963707,6.096370697021484,1.0000000004885718
23,sample_backbone,7,1.2,transformer,random_failure_fixed,0 -> 1 & 1 -> 0,2,0,5,3.221442,6.162031173706055,0.5227889812934061
23,sample_backbone,7,1.2,transformer,random_failure_fixed,0 -> 1 & 1 -> 0,3,1,0,2.8984034,2.8984034061431885,0.9999999978804922
23,sample_backbone,7,1.2,transformer,random_failure_fixed,0 -> 1 & 1 -> 0,4,3,0,0.75214289,5.201009273529053,0.14461479502220667
23,sample_backbone,7,1.2,transformer,random_failure_fixed,0 -> 1 & 1 -> 0,5,0,4,0.064623845,3.7119195461273193,0.017409818342486078
24,sample_backbone,7,1.2,current_demand_lp,critical_failure_fixed,2 -> 3 & 3 -> 2,1,2,5,6.821336,6.821335953775731,1.0000000067764245
24,sample_backbone,7,1.2,current_demand_lp,critical_failure_fixed,2 -> 3 & 3 -> 2,2,2,3,5.8255294,5.8255294009488034,0.9999999998371301
24,sample_backbone,7,1.2,current_demand_lp,critical_failure_fixed,2 -> 3 & 3 -> 2,3,3,0,5.6412577,6.181553046351321,0.9125955334686916
24,sample_backbone,7,1.2,current_demand_lp,critical_failure_fixed,2 -> 3 & 3 -> 2,4,5,0,5.1594149,5.159414864631592,1.00000000685512
24,sample_backbone,7,1.2,current_demand_lp,critical_failure_fixed,2 -> 3 & 3 -> 2,5,0,3,4.8120788,4.812078772059893,1.0000000058062448
24,sample_backbone,7,1.2,current_demand_lp,random_failure_fixed,1 -> 3 & 3 -> 1,1,3,1,7.4215688,7.548829218237705,0.9831417012415319
24,sample_backbone,7,1.2,current_demand_lp,random_failure_fixed,1 -> 3 & 3 -> 1,2,1,3,5.0486059,5.048605857711831,1.0000000083762073
24,sample_backbone,7,1.2,current_demand_lp,random_failure_fixed,1 -> 3 & 3 -> 1,3,5,1,4.7029834,4.702983393826194,1.0000000013127426
24,sample_backbone,7,1.2,current_demand_lp,random_failure_fixed,1 -> 3 & 3 -> 1,4,1,5,4.5292835,4.52928350424808,0.9999999990620856
24,sample_backbone,7,1.2,current_demand_lp,random_failure_fixed,1 -> 3 & 3 -> 1,5,0,5,4.0485239,7.354661797055048,0.5504704378957451
24,sample_backbone,7,1.2,robust_current_demand_lp,critical_failure_fixed,2 -> 3 & 3 -> 2,1,0,5,7.3546618,7.354661797055048,1.0000000004004197
24,sample_backbone,7,1.2,robust_current_demand_lp,critical_failure_fixed,2 -> 3 & 3 -> 2,2,2,4,6.933857,7.892121025403696,0.8785796590904813
24,sample_backbone,7,1.2,robust_current_demand_lp,critical_failure_fixed,2 -> 3 & 3 -> 2,3,2,3,5.8255294,5.8255294009488034,0.9999999998371301
24,sample_backbone,7,1.2,robust_current_demand_lp,critical_failure_fixed,2 -> 3 & 3 -> 2,4,5,0,5.1594149,5.159414864631592,1.00000000685512
24,sample_backbone,7,1.2,robust_current_demand_lp,critical_failure_fixed,2 -> 3 & 3 -> 2,5,3,0,4.8069524,6.181553046351321,0.7776285933253161
24,sample_backbone,7,1.2,robust_current_demand_lp,random_failure_fixed,1 -> 3 & 3 -> 1,1,3,1,7.5488292,7.548829218237705,0.9999999975840353
24,sample_backbone,7,1.2,robust_current_demand_lp,random_failure_fixed,1 -> 3 & 3 -> 1,2,1,3,5.0486059,5.048605857711831,1.0000000083762073
24,sample_backbone,7,1.2,robust_current_demand_lp,random_failure_fixed,1 -> 3 & 3 -> 1,3,5,1,4.7029834,4.702983393826194,1.0000000013127426
24,sample_backbone,7,1.2,robust_current_demand_lp,random_failure_fixed,1 -> 3 & 3 -> 1,4,1,5,4.5292835,4.52928350424808,0.9999999990620856
24,sample_backbone,7,1.2,robust_current_demand_lp,random_failure_fixed,1 -> 3 & 3 -> 1,5,0,3,4.0485239,4.812078772059893,0.8413253589086531
24,sample_backbone,7,1.2,moving_average,critical_failure_fixed,2 -> 3 & 3 -> 2,1,2,5,6.3688491,6.368849080411277,1.0000000030757086
24,sample_backbone,7,1.2,moving_average,critical_failure_fixed,2 -> 3 & 3 -> 2,2,3,0,5.0337214,5.127030161155877,0.9818006217590028
24,sample_backbone,7,1.2,moving_average,critical_failure_fixed,2 -> 3 & 3 -> 2,3,2,3,4.9150858,4.91508577917712,1.0000000042365242
24,sample_backbone,7,1.2,moving_average,critical_failure_fixed,2 -> 3 & 3 -> 2,4,5,0,4.5246158,4.524615838911722,0.9999999913999943
24,sample_backbone,7,1.2,moving_average,critical_failure_fixed,2 -> 3 & 3 -> 2,5,0,3,4.1383461,4.13834605905113,1.0000000098949844
24,sample_backbone,7,1.2,moving_average,random_failure_fixed,1 -> 3 & 3 -> 1,1,3,1,6.3697475,6.369747482977142,1.000000002672454
24,sample_backbone,7,1.2,moving_average,random_failure_fixed,1 -> 3 & 3 -> 1,2,1,3,4.3875721,4.387572095097509,1.0000000011173584
24,sample_backbone,7,1.2,moving_average,random_failure_fixed,1 -> 3 & 3 -> 1,3,1,5,3.7819803,3.781980278990558,1.0000000055551432
24,sample_backbone,7,1.2,moving_average,random_failure_fixed,1 -> 3 & 3 -> 1,4,5,1,3.7292156,3.7292155558054945,1.0000000118508852
24,sample_backbone,7,1.2,moving_average,random_failure_fixed,1 -> 3 & 3 -> 1,5,0,5,3.2033625,5.9058229438255765,0.542407473178493
24,sample_backbone,7,1.2,linear_autoregressive,critical_failure_fixed,2 -> 3 & 3 -> 2,1,2,3,6.3522227,6.352222695940914,1.0000000006390026
24,sample_backbone,7,1.2,linear_autoregressive,critical_failure_fixed,2 -> 3 & 3 -> 2,2,5,0,6.0584643,6.10089162717726,0.9930457169590979
24,sample_backbone,7,1.2,linear_autoregressive,critical_failure_fixed,2 -> 3 & 3 -> 2,3,2,5,5.9412799,5.941279904441229,0.9999999992524793
24,sample_backbone,7,1.2,linear_autoregressive,critical_failure_fixed,2 -> 3 & 3 -> 2,4,0,5,5.9381342,8.037141592940884,0.7388365790663105
24,sample_backbone,7,1.2,linear_autoregressive,critical_failure_fixed,2 -> 3 & 3 -> 2,5,3,2,4.458371,4.458370953857883,1.0000000103495463
24,sample_backbone,7,1.2,linear_autoregressive,random_failure_fixed,1 -> 3 & 3 -> 1,1,1,3,6.1123004,6.112300368345077,1.0000000051788884
24,sample_backbone,7,1.2,linear_autoregressive,random_failure_fixed,1 -> 3 & 3 -> 1,2,1,5,5.5545675,5.554567518773935,0.9999999966200905
24,sample_backbone,7,1.2,linear_autoregressive,random_failure_fixed,1 -> 3 & 3 -> 1,3,3,1,4.9897629,7.757248782789096,0.6432387357578011
24,sample_backbone,7,1.2,linear_autoregressive,random_failure_fixed,1 -> 3 & 3 -> 1,4,5,1,4.3670667,4.367066655739006,1.0000000101351771
24,sample_backbone,7,1.2,linear_autoregressive,random_failure_fixed,1 -> 3 & 3 -> 1,5,3,0,2.2296879,6.3647939917054925,0.3503158001509078
24,sample_backbone,7,1.2,lstm,critical_failure_fixed,2 -> 3 & 3 -> 2,1,2,5,6.0494828,6.049482822418213,0.9999999962941934
24,sample_backbone,7,1.2,lstm,critical_failure_fixed,2 -> 3 & 3 -> 2,2,2,3,4.7187881,4.718788146972656,0.9999999900456104
24,sample_backbone,7,1.2,lstm,critical_failure_fixed,2 -> 3 & 3 -> 2,3,3,0,4.6679777,4.789621353149414,0.9746026576674109
24,sample_backbone,7,1.2,lstm,critical_failure_fixed,2 -> 3 & 3 -> 2,4,5,0,4.3179297,4.317929744720459,0.9999999896430786
24,sample_backbone,7,1.2,lstm,critical_failure_fixed,2 -> 3 & 3 -> 2,5,0,3,3.8076239,3.807623863220215,1.0000000096595112
24,sample_backbone,7,1.2,lstm,random_failure_fixed,1 -> 3 & 3 -> 1,1,3,1,6.0317039,6.031703948974609,0.9999999918804686
24,sample_backbone,7,1.2,lstm,random_failure_fixed,1 -> 3 & 3 -> 1,2,1,3,4.1799321,4.179932117462158,0.9999999958223824
24,sample_backbone,7,1.2,lstm,random_failure_fixed,1 -> 3 & 3 -> 1,3,1,5,3.6213121,3.621312141418457,0.999999988562583
24,sample_backbone,7,1.2,lstm,random_failure_fixed,1 -> 3 & 3 -> 1,4,5,1,3.4474645,3.4474644660949707,1.0000000098347728
24,sample_backbone,7,1.2,lstm,random_failure_fixed,1 -> 3 & 3 -> 1,5,0,5,2.8969517,5.614847660064697,0.5159448439900539
24,sample_backbone,7,1.2,uncertainty_aware_lstm_robust_lp,critical_failure_fixed,2 -> 3 & 3 -> 2,1,0,5,5.8574195,5.857419490814209,1.0000000015682318
24,sample_backbone,7,1.2,uncertainty_aware_lstm_robust_lp,critical_failure_fixed,2 -> 3 & 3 -> 2,2,2,4,5.3643697,6.431124687194824,0.8341262160071523
24,sample_backbone,7,1.2,uncertainty_aware_lstm_robust_lp,critical_failure_fixed,2 -> 3 & 3 -> 2,3,2,3,4.8988361,4.898836135864258,0.9999999926790247
24,sample_backbone,7,1.2,uncertainty_aware_lstm_robust_lp,critical_failure_fixed,2 -> 3 & 3 -> 2,4,5,0,4.5116663,4.511666297912598,1.0000000004626677
24,sample_backbone,7,1.2,uncertainty_aware_lstm_robust_lp,critical_failure_fixed,2 -> 3 & 3 -> 2,5,3,2,3.5616288,3.561628818511963,0.9999999948023884
24,sample_backbone,7,1.2,uncertainty_aware_lstm_robust_lp,random_failure_fixed,1 -> 3 & 3 -> 1,1,3,1,6.3097801,6.309780120849609,0.9999999966956679
24,sample_backbone,7,1.2,uncertainty_aware_lstm_robust_lp,random_failure_fixed,1 -> 3 & 3 -> 1,2,1,3,4.3671479,4.367147922515869,0.9999999948442623
24,sample_backbone,7,1.2,uncertainty_aware_lstm_robust_lp,random_failure_fixed,1 -> 3 & 3 -> 1,3,1,5,3.7802844,3.7802844047546387,0.9999999987422538
24,sample_backbone,7,1.2,uncertainty_aware_lstm_robust_lp,random_failure_fixed,1 -> 3 & 3 -> 1,4,5,1,3.5878212,3.5878212451934814,0.9999999874036418
24,sample_backbone,7,1.2,uncertainty_aware_lstm_robust_lp,random_failure_fixed,1 -> 3 & 3 -> 1,5,0,3,3.0160753,4.116572856903076,0.7326665663021964
24,sample_backbone,7,1.2,transformer,critical_failure_fixed,2 -> 3 & 3 -> 2,1,2,5,6.7785659,6.778565883636475,1.0000000024140099
24,sample_backbone,7,1.2,transformer,critical_failure_fixed,2 -> 3 & 3 -> 2,2,2,3,5.5192056,5.519205570220947,1.0000000053955325
24,sample_backbone,7,1.2,transformer,critical_failure_fixed,2 -> 3 & 3 -> 2,3,5,0,5.1390295,5.139029502868652,0.9999999994417911
24,sample_backbone,7,1.2,transformer,critical_failure_fixed,2 -> 3 & 3 -> 2,4,3,0,4.965369,5.739418983459473,0.8651344350899942
24,sample_backbone,7,1.2,transformer,critical_failure_fixed,2 -> 3 & 3 -> 2,5,0,3,4.3026085,4.302608489990234,1.0000000023264413
24,sample_backbone,7,1.2,transformer,random_failure_fixed,1 -> 3 & 3 -> 1,1,3,1,6.9479771,7.160707473754883,0.9702919893691269
24,sample_backbone,7,1.2,transformer,random_failure_fixed,1 -> 3 & 3 -> 1,2,1,3,4.9088631,4.908863067626953,1.0000000065948156
24,sample_backbone,7,1.2,transformer,random_failure_fixed,1 -> 3 & 3 -> 1,3,1,5,4.1046591,4.104659080505371,1.0000000047493904
24,sample_backbone,7,1.2,transformer,random_failure_fixed,1 -> 3 & 3 -> 1,4,5,1,3.9276721,3.9276721477508545,0.9999999878424541
24,sample_backbone,7,1.2,transformer,random_failure_fixed,1 -> 3 & 3 -> 1,5,0,5,3.5696437,6.663107872009277,0.5357325393148055
25,sample_backbone,7,1.2,current_demand_lp,critical_failure_fixed,2 -> 3 & 3 -> 2,1,2,5,7.6833391,7.6833391236704545,0.9999999969192491
25,sample_backbone,7,1.2,current_demand_lp,critical_failure_fixed,2 -> 3 & 3 -> 2,2,5,0,6.364403,6.364402983548572,1.0000000025849132
25,sample_backbone,7,1.2,current_demand_lp,critical_failure_fixed,2 -> 3 & 3 -> 2,3,2,3,6.3405073,6.340507262312341,1.00000000594395
25,sample_backbone,7,1.2,current_demand_lp,critical_failure_fixed,2 -> 3 & 3 -> 2,4,3,0,5.9636431,7.0079621975303885,0.8509810601006941
25,sample_backbone,7,1.2,current_demand_lp,critical_failure_fixed,2 -> 3 & 3 -> 2,5,0,3,5.1213152,5.121315230309769,0.9999999940816435
25,sample_backbone,7,1.2,current_demand_lp,random_failure_fixed,2 -> 3 & 3 -> 2,1,2,5,7.6833391,7.6833391236704545,0.9999999969192491
25,sample_backbone,7,1.2,current_demand_lp,random_failure_fixed,2 -> 3 & 3 -> 2,2,5,0,6.364403,6.364402983548572,1.0000000025849132
25,sample_backbone,7,1.2,current_demand_lp,random_failure_fixed,2 -> 3 & 3 -> 2,3,2,3,6.3405073,6.340507262312341,1.00000000594395
25,sample_backbone,7,1.2,current_demand_lp,random_failure_fixed,2 -> 3 & 3 -> 2,4,3,0,5.9636431,7.0079621975303885,0.8509810601006941
25,sample_backbone,7,1.2,current_demand_lp,random_failure_fixed,2 -> 3 & 3 -> 2,5,0,3,5.1213152,5.121315230309769,0.9999999940816435
25,sample_backbone,7,1.2,robust_current_demand_lp,critical_failure_fixed,2 -> 3 & 3 -> 2,1,0,5,8.1315455,8.131545541604385,0.999999994883582
25,sample_backbone,7,1.2,robust_current_demand_lp,critical_failure_fixed,2 -> 3 & 3 -> 2,2,2,4,7.7723993,8.911438958731242,0.8721822969325022
25,sample_backbone,7,1.2,robust_current_demand_lp,critical_failure_fixed,2 -> 3 & 3 -> 2,3,5,0,6.364403,6.364402983548572,1.0000000025849132
25,sample_backbone,7,1.2,robust_current_demand_lp,critical_failure_fixed,2 -> 3 & 3 -> 2,4,2,3,6.3405073,6.340507262312341,1.00000000594395
25,sample_backbone,7,1.2,robust_current_demand_lp,critical_failure_fixed,2 -> 3 & 3 -> 2,5,3,0,5.9403847,7.0079621975303885,0.8476622065817359
25,sample_backbone,7,1.2,robust_current_demand_lp,random_failure_fixed,2 -> 3 & 3 -> 2,1,0,5,8.1315455,8.131545541604385,0.999999994883582
25,sample_backbone,7,1.2,robust_current_demand_lp,random_failure_fixed,2 -> 3 & 3 -> 2,2,2,4,7.7723993,8.911438958731242,0.8721822969325022
25,sample_backbone,7,1.2,robust_current_demand_lp,random_failure_fixed,2 -> 3 & 3 -> 2,3,5,0,6.364403,6.364402983548572,1.0000000025849132
25,sample_backbone,7,1.2,robust_current_demand_lp,random_failure_fixed,2 -> 3 & 3 -> 2,4,2,3,6.3405073,6.340507262312341,1.00000000594395
25,sample_backbone,7,1.2,robust_current_demand_lp,random_failure_fixed,2 -> 3 & 3 -> 2,5,3,0,5.9403847,7.0079621975303885,0.8476622065817359
25,sample_backbone,7,1.2,moving_average,critical_failure_fixed,2 -> 3 & 3 -> 2,1,2,5,6.4586139,6.458613884153429,1.0000000024535558
25,sample_backbone,7,1.2,moving_average,critical_failure_fixed,2 -> 3 & 3 -> 2,2,3,0,5.0978036,5.228346466739577,0.9750317107770051
25,sample_backbone,7,1.2,moving_average,critical_failure_fixed,2 -> 3 & 3 -> 2,3,2,3,5.0448117,5.044811741216028,0.9999999918300166
25,sample_backbone,7,1.2,moving_average,critical_failure_fixed,2 -> 3 & 3 -> 2,4,5,0,4.6966937,4.696693704822439,0.9999999989732268
25,sample_backbone,7,1.2,moving_average,critical_failure_fixed,2 -> 3 & 3 -> 2,5,0,3,4.2380796,4.238079555501892,1.0000000104995923
25,sample_backbone,7,1.2,moving_average,random_failure_fixed,2 -> 3 & 3 -> 2,1,2,5,6.4586139,6.458613884153429,1.0000000024535558
25,sample_backbone,7,1.2,moving_average,random_failure_fixed,2 -> 3 & 3 -> 2,2,3,0,5.0978036,5.228346466739577,0.9750317107770051
25,sample_backbone,7,1.2,moving_average,random_failure_fixed,2 -> 3 & 3 -> 2,3,2,3,5.0448117,5.044811741216028,0.9999999918300166
25,sample_backbone,7,1.2,moving_average,random_failure_fixed,2 -> 3 & 3 -> 2,4,5,0,4.6966937,4.696693704822439,0.9999999989732268
25,sample_backbone,7,1.2,moving_average,random_failure_fixed,2 -> 3 & 3 -> 2,5,0,3,4.2380796,4.238079555501892,1.0000000104995923
25,sample_backbone,7,1.2,linear_autoregressive,critical_failure_fixed,2 -> 3 & 3 -> 2,1,2,5,9.248369,9.248369005755132,0.9999999993777139
25,sample_backbone,7,1.2,linear_autoregressive,critical_failure_fixed,2 -> 3 & 3 -> 2,2,0,3,6.2196068,6.219606753808541,1.0000000074267492
25,sample_backbone,7,1.2,linear_autoregressive,critical_failure_fixed,2 -> 3 & 3 -> 2,3,3,0,5.7889214,5.788921449194709,0.9999999915019215
25,sample_backbone,7,1.2,linear_autoregressive,critical_failure_fixed,2 -> 3 & 3 -> 2,4,2,3,5.7809807,5.780980668913853,1.0000000053773137
25,sample_backbone,7,1.2,linear_autoregressive,critical_failure_fixed,2 -> 3 & 3 -> 2,5,5,0,5.2812347,5.281234724596952,0.9999999953425754
25,sample_backbone,7,1.2,linear_autoregressive,random_failure_fixed,2 -> 3 & 3 -> 2,1,2,5,9.248369,9.248369005755132,0.9999999993777139
25,sample_backbone,7,1.2,linear_autoregressive,random_failure_fixed,2 -> 3 & 3 -> 2,2,0,3,6.2196068,6.219606753808541,1.0000000074267492
25,sample_backbone,7,1.2,linear_autoregressive,random_failure_fixed,2 -> 3 & 3 -> 2,3,3,0,5.7889214,5.788921449194709,0.9999999915019215
25,sample_backbone,7,1.2,linear_autoregressive,random_failure_fixed,2 -> 3 & 3 -> 2,4,2,3,5.7809807,5.780980668913853,1.0000000053773137
25,sample_backbone,7,1.2,linear_autoregressive,random_failure_fixed,2 -> 3 & 3 -> 2,5,5,0,5.2812347,5.281234724596952,0.9999999953425754
25,sample_backbone,7,1.2,lstm,critical_failure_fixed,2 -> 3 & 3 -> 2,1,2,5,6.0500274,6.050027370452881,1.0000000048837994
25,sample_backbone,7,1.2,lstm,critical_failure_fixed,2 -> 3 & 3 -> 2,2,2,3,4.7197542,4.719754219055176,0.9999999959626762
25,sample_backbone,7,1.2,lstm,critical_failure_fixed,2 -> 3 & 3 -> 2,3,3,0,4.6685072,4.790194988250732,0.9745964854146427
25,sample_backbone,7,1.2,lstm,critical_failure_fixed,2 -> 3 & 3 -> 2,4,5,0,4.3185039,4.3185038566589355,1.0000000100361295
25,sample_backbone,7,1.2,lstm,critical_failure_fixed,2 -> 3 & 3 -> 2,5,0,3,3.8086131,3.8086130619049072,1.0000000100023532
25,sample_backbone,7,1.2,lstm,random_failure_fixed,2 -> 3 & 3 -> 2,1,2,5,6.0500274,6.050027370452881,1.0000000048837994
25,sample_backbone,7,1.2,lstm,random_failure_fixed,2 -> 3 & 3 -> 2,2,2,3,4.7197542,4.719754219055176,0.9999999959626762
25,sample_backbone,7,1.2,lstm,random_failure_fixed,2 -> 3 & 3 -> 2,3,3,0,4.6685072,4.790194988250732,0.9745964854146427
25,sample_backbone,7,1.2,lstm,random_failure_fixed,2 -> 3 & 3 -> 2,4,5,0,4.3185039,4.3185038566589355,1.0000000100361295
25,sample_backbone,7,1.2,lstm,random_failure_fixed,2 -> 3 & 3 -> 2,5,0,3,3.8086131,3.8086130619049072,1.0000000100023532
25,sample_backbone,7,1.2,uncertainty_aware_lstm_robust_lp,critical_failure_fixed,2 -> 3 & 3 -> 2,1,0,5,5.8579221,5.857922077178955,1.0000000038957577
25,sample_backbone,7,1.2,uncertainty_aware_lstm_robust_lp,critical_failure_fixed,2 -> 3 & 3 -> 2,2,2,4,5.36452,6.431782245635986,0.8340643067696932
25,sample_backbone,7,1.2,uncertainty_aware_lstm_robust_lp,critical_failure_fixed,2 -> 3 & 3 -> 2,3,2,3,4.8998022,4.899802207946777,0.9999999983781432
25,sample_backbone,7,1.2,uncertainty_aware_lstm_robust_lp,critical_failure_fixed,2 -> 3 & 3 -> 2,4,5,0,4.5122404,4.512240409851074,0.9999999978168108
25,sample_backbone,7,1.2,uncertainty_aware_lstm_robust_lp,critical_failure_fixed,2 -> 3 & 3 -> 2,5,3,2,3.5624459,3.562445878982544,1.0000000058997265
25,sample_backbone,7,1.2,uncertainty_aware_lstm_robust_lp,random_failure_fixed,2 -> 3 & 3 -> 2,1,0,5,5.8579221,5.857922077178955,1.0000000038957577
25,sample_backbone,7,1.2,uncertainty_aware_lstm_robust_lp,random_failure_fixed,2 -> 3 & 3 -> 2,2,2,4,5.36452,6.431782245635986,0.8340643067696932
25,sample_backbone,7,1.2,uncertainty_aware_lstm_robust_lp,random_failure_fixed,2 -> 3 & 3 -> 2,3,2,3,4.8998022,4.899802207946777,0.9999999983781432
25,sample_backbone,7,1.2,uncertainty_aware_lstm_robust_lp,random_failure_fixed,2 -> 3 & 3 -> 2,4,5,0,4.5122404,4.512240409851074,0.9999999978168108
25,sample_backbone,7,1.2,uncertainty_aware_lstm_robust_lp,random_failure_fixed,2 -> 3 & 3 -> 2,5,3,2,3.5624459,3.562445878982544,1.0000000058997265
25,sample_backbone,7,1.2,transformer,critical_failure_fixed,2 -> 3 & 3 -> 2,1,2,5,7.3318043,7.331804275512695,1.0000000033398744
25,sample_backbone,7,1.2,transformer,critical_failure_fixed,2 -> 3 & 3 -> 2,2,2,3,5.7089343,5.708934307098389,0.9999999987566176
25,sample_backbone,7,1.2,transformer,critical_failure_fixed,2 -> 3 & 3 -> 2,3,3,0,5.4133024,5.952594757080078,0.9094021382123085
25,sample_backbone,7,1.2,transformer,critical_failure_fixed,2 -> 3 & 3 -> 2,4,5,0,5.2863193,5.286319255828857,1.0000000083557463
25,sample_backbone,7,1.2,transformer,critical_failure_fixed,2 -> 3 & 3 -> 2,5,0,3,4.7841177,4.784117698669434,1.0000000002781217
25,sample_backbone,7,1.2,transformer,random_failure_fixed,2 -> 3 & 3 -> 2,1,2,5,7.3318043,7.331804275512695,1.0000000033398744
25,sample_backbone,7,1.2,transformer,random_failure_fixed,2 -> 3 & 3 -> 2,2,2,3,5.7089343,5.708934307098389,0.9999999987566176
25,sample_backbone,7,1.2,transformer,random_failure_fixed,2 -> 3 & 3 -> 2,3,3,0,5.4133024,5.952594757080078,0.9094021382123085
25,sample_backbone,7,1.2,transformer,random_failure_fixed,2 -> 3 & 3 -> 2,4,5,0,5.2863193,5.286319255828857,1.0000000083557463
25,sample_backbone,7,1.2,transformer,random_failure_fixed,2 -> 3 & 3 -> 2,5,0,3,4.7841177,4.784117698669434,1.0000000002781217
26,sample_backbone,7,1.2,current_demand_lp,critical_failure_fixed,2 -> 3 & 3 -> 2,1,2,5,8.1191792,8.1191791928596,1.0000000008794485
26,sample_backbone,7,1.2,current_demand_lp,critical_failure_fixed,2 -> 3 & 3 -> 2,2,2,3,7.1421031,7.142103104639237,0.9999999993504382
26,sample_backbone,7,1.2,current_demand_lp,critical_failure_fixed,2 -> 3 & 3 -> 2,3,5,0,6.6791643,6.679164348936033,0.9999999926733301
26,sample_backbone,7,1.2,current_demand_lp,critical_failure_fixed,2 -> 3 & 3 -> 2,4,3,0,6.2422153,7.386047756224951,0.8451360600449773
26,sample_backbone,7,1.2,current_demand_lp,critical_failure_fixed,2 -> 3 & 3 -> 2,5,3,2,5.0097483,5.009748256554649,1.0000000086721625
26,sample_backbone,7,1.2,current_demand_lp,random_failure_fixed,3 -> 5 & 5 -> 3,1,2,5,8.1191792,8.1191791928596,1.0000000008794485
26,sample_backbone,7,1.2,current_demand_lp,random_failure_fixed,3 -> 5 & 5 -> 3,2,5,0,6.6791643,6.679164348936033,0.9999999926733301
26,sample_backbone,7,1.2,current_demand_lp,random_failure_fixed,3 -> 5 & 5 -> 3,3,1,5,5.4215746,5.421574574262416,1.0000000047472526
26,sample_backbone,7,1.2,current_demand_lp,random_failure_fixed,3 -> 5 & 5 -> 3,4,5,1,5.1599279,5.159927892631821,1.0000000014279615
26,sample_backbone,7,1.2,current_demand_lp,random_failure_fixed,3 -> 5 & 5 -> 3,5,5,3,5.0669611,5.06696114177458,0.9999999917554964
26,sample_backbone,7,1.2,robust_current_demand_lp,critical_failure_fixed,2 -> 3 & 3 -> 2,1,0,5,8.5122931,8.51229307538615,1.0000000028915652
26,sample_backbone,7,1.2,robust_current_demand_lp,critical_failure_fixed,2 -> 3 & 3 -> 2,2,2,4,8.2514058,9.21761605759298,0.8951778581841595
26,sample_backbone,7,1.2,robust_current_demand_lp,critical_failure_fixed,2 -> 3 & 3 -> 2,3,2,3,7.1421031,7.142103104639237,0.9999999993504382
26,sample_backbone,7,1.2,robust_current_demand_lp,critical_failure_fixed,2 -> 3 & 3 -> 2,4,5,0,6.6791643,6.679164348936033,0.9999999926733301
26,sample_backbone,7,1.2,robust_current_demand_lp,critical_failure_fixed,2 -> 3 & 3 -> 2,5,3,0,6.0810432,7.386047756224951,0.8233149040872239
26,sample_backbone,7,1.2,robust_current_demand_lp,random_failure_fixed,3 -> 5 & 5 -> 3,1,0,5,8.5122931,8.51229307538615,1.0000000028915652
26,sample_backbone,7,1.2,robust_current_demand_lp,random_failure_fixed,3 -> 5 & 5 -> 3,2,5,0,6.6791643,6.679164348936033,0.9999999926733301
26,sample_backbone,7,1.2,robust_current_demand_lp,random_failure_fixed,3 -> 5 & 5 -> 3,3,1,5,5.4215746,5.421574574262416,1.0000000047472526
26,sample_backbone,7,1.2,robust_current_demand_lp,random_failure_fixed,3 -> 5 & 5 -> 3,4,5,1,5.1599279,5.159927892631821,1.0000000014279615
26,sample_backbone,7,1.2,robust_current_demand_lp,random_failure_fixed,3 -> 5 & 5 -> 3,5,5,3,5.0669611,5.06696114177458,0.9999999917554964
26,sample_backbone,7,1.2,moving_average,critical_failure_fixed,2 -> 3 & 3 -> 2,1,2,5,6.1537995,6.153799480941312,1.0000000030970604
26,sample_backbone,7,1.2,moving_average,critical_failure_fixed,2 -> 3 & 3 -> 2,2,2,3,5.2896459,5.289645913349838,0.9999999974762322
26,sample_backbone,7,1.2,moving_average,critical_failure_fixed,2 -> 3 & 3 -> 2,3,3,0,4.9387667,5.504406823138986,0.8972386777879149
26,sample_backbone,7,1.2,moving_average,critical_failure_fixed,2 -> 3 & 3 -> 2,4,5,0,4.9195304,4.91953044614343,0.9999999906203589
26,sample_backbone,7,1.2,moving_average,critical_failure_fixed,2 -> 3 & 3 -> 2,5,0,3,3.9429436,3.942943648049228,0.9999999878138689
26,sample_backbone,7,1.2,moving_average,random_failure_fixed,3 -> 5 & 5 -> 3,1,2,5,6.1537995,6.153799480941312,1.0000000030970604
26,sample_backbone,7,1.2,moving_average,random_failure_fixed,3 -> 5 & 5 -> 3,2,5,0,4.9195304,4.91953044614343,0.9999999906203589
26,sample_backbone,7,1.2,moving_average,random_failure_fixed,3 -> 5 & 5 -> 3,3,1,5,4.0622163,4.062216264082317,1.0000000088418934
26,sample_backbone,7,1.2,moving_average,random_failure_fixed,3 -> 5 & 5 -> 3,4,5,1,4.0004651,4.0004650556587915,1.0000000110840135
26,sample_backbone,7,1.2,moving_average,random_failure_fixed,3 -> 5 & 5 -> 3,5,5,3,3.7407801,3.74078009389812,1.0000000016311785
26,sample_backbone,7,1.2,linear_autoregressive,critical_failure_fixed,2 -> 3 & 3 -> 2,1,2,5,11.668882,11.668882224879274,0.9999999807282934
26,sample_backbone,7,1.2,linear_autoregressive,critical_failure_fixed,2 -> 3 & 3 -> 2,2,0,3,8.682582,8.682581965684433,1.0000000039522308
26,sample_backbone,7,1.2,linear_autoregressive,critical_failure_fixed,2 -> 3 & 3 -> 2,3,3,0,7.5070209,7.507020891522355,1.0000000011292953
26,sample_backbone,7,1.2,linear_autoregressive,critical_failure_fixed,2 -> 3 & 3 -> 2,4,2,3,7.2153289,7.215328893998544,1.0000000008317647
26,sample_backbone,7,1.2,linear_autoregressive,critical_failure_fixed,2 -> 3 & 3 -> 2,5,5,0,6.17751,6.177510049869854,0.9999999919271918
26,sample_backbone,7,1.2,linear_autoregressive,random_failure_fixed,3 -> 5 & 5 -> 3,1,2,5,11.668882,11.668882224879274,0.9999999807282934
26,sample_backbone,7,1.2,linear_autoregressive,random_failure_fixed,3 -> 5 & 5 -> 3,2,5,0,6.17751,6.177510049869854,0.9999999919271918
26,sample_backbone,7,1.2,linear_autoregressive,random_failure_fixed,3 -> 5 & 5 -> 3,3,5,1,5.0655977,5.065597661292075,1.0000000076413342
26,sample_backbone,7,1.2,linear_autoregressive,random_failure_fixed,3 -> 5 & 5 -> 3,4,0,5,4.9011914,7.50406772526881,0.6531379485683453
26,sample_backbone,7,1.2,linear_autoregressive,random_failure_fixed,3 -> 5 & 5 -> 3,5,1,5,4.6311219,4.631121941616578,0.9999999910137158
26,sample_backbone,7,1.2,lstm,critical_failure_fixed,2 -> 3 & 3 -> 2,1,2,5,6.0500941,6.050094127655029,0.9999999954289919
26,sample_backbone,7,1.2,lstm,critical_failure_fixed,2 -> 3 & 3 -> 2,2,2,3,4.7198725,4.71987247467041,1.0000000053665836
26,sample_backbone,7,1.2,lstm,critical_failure_fixed,2 -> 3 & 3 -> 2,3,3,0,4.6685723,4.790265083312988,0.9745958143867846
26,sample_backbone,7,1.2,lstm,critical_failure_fixed,2 -> 3 & 3 -> 2,4,5,0,4.318574,4.318573951721191,1.0000000111793406
26,sample_backbone,7,1.2,lstm,critical_failure_fixed,2 -> 3 & 3 -> 2,5,0,3,3.8087339,3.8087339401245117,0.9999999894651314
26,sample_backbone,7,1.2,lstm,random_failure_fixed,3 -> 5 & 5 -> 3,1,2,5,6.0500941,6.050094127655029,0.9999999954289919
26,sample_backbone,7,1.2,lstm,random_failure_fixed,3 -> 5 & 5 -> 3,2,5,0,4.318574,4.318573951721191,1.0000000111793406
26,sample_backbone,7,1.2,lstm,random_failure_fixed,3 -> 5 & 5 -> 3,3,1,5,3.6222348,3.62223482131958,0.9999999941142469
26,sample_backbone,7,1.2,lstm,random_failure_fixed,3 -> 5 & 5 -> 3,4,5,1,3.4483485,3.4483485221862793,0.9999999935661146
26,sample_backbone,7,1.2,lstm,random_failure_fixed,3 -> 5 & 5 -> 3,5,5,3,3.1933286,3.193328619003296,0.9999999940490635
26,sample_backbone,7,1.2,uncertainty_aware_lstm_robust_lp,critical_failure_fixed,2 -> 3 & 3 -> 2,1,0,5,5.8579836,5.857983589172363,1.0000000018483555
26,sample_backbone,7,1.2,uncertainty_aware_lstm_robust_lp,critical_failure_fixed,2 -> 3 & 3 -> 2,2,2,4,5.3645373,6.4318623542785645,0.8340566082592603
26,sample_backbone,7,1.2,uncertainty_aware_lstm_robust_lp,critical_failure_fixed,2 -> 3 & 3 -> 2,3,2,3,4.8999205,4.899920463562012,1.000000007436445
26,sample_backbone,7,1.2,uncertainty_aware_lstm_robust_lp,critical_failure_fixed,2 -> 3 & 3 -> 2,4,5,0,4.5123105,4.51231050491333,0.9999999989111277
26,sample_backbone,7,1.2,uncertainty_aware_lstm_robust_lp,critical_failure_fixed,2 -> 3 & 3 -> 2,5,3,2,3.5625458,3.5625457763671875,1.0000000066336867
26,sample_backbone,7,1.2,uncertainty_aware_lstm_robust_lp,random_failure_fixed,3 -> 5 & 5 -> 3,1,0,5,5.8579836,5.857983589172363,1.0000000018483555
26,sample_backbone,7,1.2,uncertainty_aware_lstm_robust_lp,random_failure_fixed,3 -> 5 & 5 -> 3,2,5,0,4.5123105,4.51231050491333,0.9999999989111277
26,sample_backbone,7,1.2,uncertainty_aware_lstm_robust_lp,random_failure_fixed,3 -> 5 & 5 -> 3,3,1,5,3.7812071,3.7812070846557617,1.0000000040580264
26,sample_backbone,7,1.2,uncertainty_aware_lstm_robust_lp,random_failure_fixed,3 -> 5 & 5 -> 3,4,5,1,3.5887053,3.58870530128479,0.9999999996419906
26,sample_backbone,7,1.2,uncertainty_aware_lstm_robust_lp,random_failure_fixed,3 -> 5 & 5 -> 3,5,2,5,3.5053622,6.440821647644043,0.5442414635533666
26,sample_backbone,7,1.2,transformer,critical_failure_fixed,2 -> 3 & 3 -> 2,1,2,5,9.4296951,9.429695129394531,0.9999999968827697
26,sample_backbone,7,1.2,transformer,critical_failure_fixed,2 -> 3 & 3 -> 2,2,0,3,6.6186161,6.618616104125977,0.9999999993766103
26,sample_backbone,7,1.2,transformer,critical_failure_fixed,2 -> 3 & 3 -> 2,3,3,0,5.6633425,5.663342475891113,1.0000000042570065
26,sample_backbone,7,1.2,transformer,critical_failure_fixed,2 -> 3 & 3 -> 2,4,2,3,5.5001669,5.500166893005371,1.000000001271712
26,sample_backbone,7,1.2,transformer,critical_failure_fixed,2 -> 3 & 3 -> 2,5,5,0,5.046505,5.046504974365234,1.0000000050797067
26,sample_backbone,7,1.2,transformer,random_failure_fixed,3 -> 5 & 5 -> 3,1,2,5,9.4296951,9.429695129394531,0.9999999968827697
26,sample_backbone,7,1.2,transformer,random_failure_fixed,3 -> 5 & 5 -> 3,2,5,0,5.046505,5.046504974365234,1.0000000050797067
26,sample_backbone,7,1.2,transformer,random_failure_fixed,3 -> 5 & 5 -> 3,3,5,1,4.0962858,4.096285820007324,0.9999999951157403
26,sample_backbone,7,1.2,transformer,random_failure_fixed,3 -> 5 & 5 -> 3,4,1,5,4.0309525,4.030952453613281,1.0000000115076322
26,sample_backbone,7,1.2,transformer,random_failure_fixed,3 -> 5 & 5 -> 3,5,5,3,3.5344806,3.534480571746826,1.0000000079935858
27,sample_backbone,7,1.2,current_demand_lp,critical_failure_fixed,2 -> 3 & 3 -> 2,1,2,5,13.823533,13.823533004701371,0.9999999996599008
27,sample_backbone,7,1.2,current_demand_lp,critical_failure_fixed,2 -> 3 & 3 -> 2,2,0,3,9.3470078,9.347007760613225,1.0000000042138377
27,sample_backbone,7,1.2,current_demand_lp,critical_failure_fixed,2 -> 3 & 3 -> 2,3,3,0,7.0433475,7.043347510306903,0.9999999985366471
27,sample_backbone,7,1.2,current_demand_lp,critical_failure_fixed,2 -> 3 & 3 -> 2,4,2,3,6.4832695,6.483269500744832,0.9999999998851147
27,sample_backbone,7,1.2,current_demand_lp,critical_failure_fixed,2 -> 3 & 3 -> 2,5,5,0,6.3764549,6.376454876760882,1.00000000364452
27,sample_backbone,7,1.2,current_demand_lp,random_failure_fixed,0 -> 1 & 1 -> 0,1,0,1,8.6497039,8.649703895824839,1.000000000482694
27,sample_backbone,7,1.2,current_demand_lp,random_failure_fixed,0 -> 1 & 1 -> 0,2,0,5,4.2935988,8.548083767926526,0.5022878713601423
27,sample_backbone,7,1.2,current_demand_lp,random_failure_fixed,0 -> 1 & 1 -> 0,3,1,0,3.5576727,3.5576726902658424,1.0000000027361027
27,sample_backbone,7,1.2,robust_current_demand_lp,critical_failure_fixed,2 -> 3 & 3 -> 2,1,2,5,9.2792105,13.823533004701371,0.6712618616994764
27,sample_backbone,7,1.2,robust_current_demand_lp,critical_failure_fixed,2 -> 3 & 3 -> 2,2,0,5,8.5480838,8.548083767926526,1.0000000037521246
27,sample_backbone,7,1.2,robust_current_demand_lp,critical_failure_fixed,2 -> 3 & 3 -> 2,3,2,3,6.4832695,6.483269500744832,0.9999999998851147
27,sample_backbone,7,1.2,robust_current_demand_lp,critical_failure_fixed,2 -> 3 & 3 -> 2,4,5,0,6.3764549,6.376454876760882,1.00000000364452
27,sample_backbone,7,1.2,robust_current_demand_lp,critical_failure_fixed,2 -> 3 & 3 -> 2,5,2,4,5.8625194,9.000548555235369,0.6513513442011193
27,sample_backbone,7,1.2,robust_current_demand_lp,random_failure_fixed,0 -> 1 & 1 -> 0,1,0,1,8.6497039,8.649703895824839,1.000000000482694
27,sample_backbone,7,1.2,robust_current_demand_lp,random_failure_fixed,0 -> 1 & 1 -> 0,2,3,0,4.4984517,7.043347510306903,0.6386809245770109
27,sample_backbone,7,1.2,robust_current_demand_lp,random_failure_fixed,0 -> 1 & 1 -> 0,3,0,3,4.2935988,9.347007760613225,0.4593554333069593
27,sample_backbone,7,1.2,robust_current_demand_lp,random_failure_fixed,0 -> 1 & 1 -> 0,4,1,0,3.5576727,3.5576726902658424,1.0000000027361027
27,sample_backbone,7,1.2,moving_average,critical_failure_fixed,2 -> 3 & 3 -> 2,1,2,5,7.1993764,7.19937640805135,0.9999999988816601
27,sample_backbone,7,1.2,moving_average,critical_failure_fixed,2 -> 3 & 3 -> 2,2,3,0,5.7895574,5.789557378422813,1.0000000037269146
27,sample_backbone,7,1.2,moving_average,critical_failure_fixed,2 -> 3 & 3 -> 2,3,2,3,5.520629,5.520629047687404,0.9999999913619618
27,sample_backbone,7,1.2,moving_average,critical_failure_fixed,2 -> 3 & 3 -> 2,4,5,0,5.1274835,5.127483481451038,1.0000000036175567
27,sample_backbone,7,1.2,moving_average,critical_failure_fixed,2 -> 3 & 3 -> 2,5,0,3,4.7580038,4.758003790041894,1.000000002092917
27,sample_backbone,7,1.2,moving_average,random_failure_fixed,0 -> 1 & 1 -> 0,1,0,1,6.9007146,6.9007146195205245,0.9999999971712314
27,sample_backbone,7,1.2,moving_average,random_failure_fixed,0 -> 1 & 1 -> 0,2,0,5,3.8216749,6.766338024543842,0.5648069733048315
27,sample_backbone,7,1.2,moving_average,random_failure_fixed,0 -> 1 & 1 -> 0,3,1,0,3.1009865,3.1009864744562,1.0000000082373142
27,sample_backbone,7,1.2,linear_autoregressive,critical_failure_fixed,2 -> 3 & 3 -> 2,1,2,5,9.2426293,9.242629316351715,0.9999999982308373
27,sample_backbone,7,1.2,linear_autoregressive,critical_failure_fixed,2 -> 3 & 3 -> 2,2,3,0,6.6303745,6.630374503162206,0.9999999995230728
27,sample_backbone,7,1.2,linear_autoregressive,critical_failure_fixed,2 -> 3 & 3 -> 2,3,2,3,6.3108188,6.310818776556647,1.0000000037147878
27,sample_backbone,7,1.2,linear_autoregressive,critical_failure_fixed,2 -> 3 & 3 -> 2,4,0,3,6.0998743,6.099874281210648,1.000000003080285
27,sample_backbone,7,1.2,linear_autoregressive,critical_failure_fixed,2 -> 3 & 3 -> 2,5,5,0,5.7537713,5.75377125990841,1.0000000069678805
27,sample_backbone,7,1.2,linear_autoregressive,random_failure_fixed,0 -> 1 & 1 -> 0,1,0,1,8.1936306,8.193630621340148,0.9999999973955199
27,sample_backbone,7,1.2,linear_autoregressive,random_failure_fixed,0 -> 1 & 1 -> 0,2,0,5,4.1137504,7.2451427033680424,0.5677942544993136
27,sample_backbone,7,1.2,linear_autoregressive,random_failure_fixed,0 -> 1 & 1 -> 0,3,1,0,3.818852,3.8188519786827464,1.0000000055821106
27,sample_backbone,7,1.2,lstm,critical_failure_fixed,2 -> 3 & 3 -> 2,1,2,5,6.0500517,6.050051689147949,1.000000001793712
27,sample_backbone,7,1.2,lstm,critical_failure_fixed,2 -> 3 & 3 -> 2,2,2,3,4.7197971,4.719797134399414,0.9999999927116753
27,sample_backbone,7,1.2,lstm,critical_failure_fixed,2 -> 3 & 3 -> 2,3,3,0,4.668531,4.790220260620117,0.9745963120692984
27,sample_backbone,7,1.2,lstm,critical_failure_fixed,2 -> 3 & 3 -> 2,4,5,0,4.3185291,4.31852912902832,0.9999999932781928
27,sample_backbone,7,1.2,lstm,critical_failure_fixed,2 -> 3 & 3 -> 2,5,0,3,3.8086569,3.808656930923462,0.9999999918807436
27,sample_backbone,7,1.2,lstm,random_failure_fixed,0 -> 1 & 1 -> 0,1,0,1,5.6564574,5.656457424163818,0.9999999957281004
27,sample_backbone,7,1.2,lstm,random_failure_fixed,0 -> 1 & 1 -> 0,2,0,5,2.8969538,5.615372180938721,0.5158970245701001
27,sample_backbone,7,1.2,lstm,random_failure_fixed,0 -> 1 & 1 -> 0,3,1,0,2.775635,2.775635004043579,0.9999999985431877
27,sample_backbone,7,1.2,lstm,random_failure_fixed,0 -> 1 & 1 -> 0,4,3,0,0.12168929,4.790220260620117,0.02540369406400672
27,sample_backbone,7,1.2,uncertainty_aware_lstm_robust_lp,critical_failure_fixed,2 -> 3 & 3 -> 2,1,0,5,5.857944,5.857944011688232,0.9999999980047211
27,sample_backbone,7,1.2,uncertainty_aware_lstm_robust_lp,critical_failure_fixed,2 -> 3 & 3 -> 2,2,2,4,5.3645258,6.431811332702637,0.8340614365853662
27,sample_backbone,7,1.2,uncertainty_aware_lstm_robust_lp,critical_failure_fixed,2 -> 3 & 3 -> 2,3,2,3,4.8998451,4.899845123291016,0.9999999952465813
27,sample_backbone,7,1.2,uncertainty_aware_lstm_robust_lp,critical_failure_fixed,2 -> 3 & 3 -> 2,4,5,0,4.5122657,4.512265682220459,1.0000000039402692
27,sample_backbone,7,1.2,uncertainty_aware_lstm_robust_lp,critical_failure_fixed,2 -> 3 & 3 -> 2,5,3,2,3.5624821,3.5624821186065674,0.9999999947770777
27,sample_backbone,7,1.2,uncertainty_aware_lstm_robust_lp,random_failure_fixed,0 -> 1 & 1 -> 0,1,0,1,5.9031577,5.903157711029053,0.9999999981316691
27,sample_backbone,7,1.2,uncertainty_aware_lstm_robust_lp,random_failure_fixed,0 -> 1 & 1 -> 0,2,0,3,3.0160776,4.117606163024902,0.7324832634756671
27,sample_backbone,7,1.2,uncertainty_aware_lstm_robust_lp,random_failure_fixed,0 -> 1 & 1 -> 0,3,1,0,2.8819959,2.881995916366577,0.9999999943210964
27,sample_backbone,7,1.2,uncertainty_aware_lstm_robust_lp,random_failure_fixed,0 -> 1 & 1 -> 0,4,3,0,1.6174552,5.015679836273193,0.3224797540510121
27,sample_backbone,7,1.2,transformer,critical_failure_fixed,2 -> 3 & 3 -> 2,1,2,5,6.381556,6.381556034088135,0.9999999946583349
27,sample_backbone,7,1.2,transformer,critical_failure_fixed,2 -> 3 & 3 -> 2,2,2,3,5.3627214,5.3627214431762695,0.9999999919488136
27,sample_backbone,7,1.2,transformer,critical_failure_fixed,2 -> 3 & 3 -> 2,3,5,0,5.0352287,5.035228729248047,0.9999999941913171
27,sample_backbone,7,1.2,transformer,critical_failure_fixed,2 -> 3 & 3 -> 2,4,3,0,4.3648535,5.224355220794678,0.8354817610078322
27,sample_backbone,7,1.2,transformer,critical_failure_fixed,2 -> 3 & 3 -> 2,5,3,2,3.8722589,3.8722589015960693,0.9999999995878195
27,sample_backbone,7,1.2,transformer,random_failure_fixed,0 -> 1 & 1 -> 0,1,0,1,6.4289422,6.4289422035217285,0.9999999994522071
27,sample_backbone,7,1.2,transformer,random_failure_fixed,0 -> 1 & 1 -> 0,2,0,5,3.4119697,6.258146286010742,0.5452045292752276
27,sample_backbone,7,1.2,transformer,random_failure_fixed,0 -> 1 & 1 -> 0,3,1,0,3.027437,3.0274369716644287,1.0000000093595909
27,sample_backbone,7,1.2,transformer,random_failure_fixed,0 -> 1 & 1 -> 0,4,3,0,0.85950169,5.224355220794678,0.16451823309772207
28,sample_backbone,7,1.2,current_demand_lp,critical_failure_fixed,2 -> 3 & 3 -> 2,1,2,5,7.9630075,7.963007457790808,1.0000000053006595
28,sample_backbone,7,1.2,current_demand_lp,critical_failure_fixed,2 -> 3 & 3 -> 2,2,5,0,6.5509362,6.550936238789598,0.9999999940787703
28,sample_backbone,7,1.2,current_demand_lp,critical_failure_fixed,2 -> 3 & 3 -> 2,3,2,3,6.3732646,6.373264613550075,0.9999999978739194
28,sample_backbone,7,1.2,current_demand_lp,critical_failure_fixed,2 -> 3 & 3 -> 2,4,3,0,5.95704,6.797271211556885,0.8763869815686767
28,sample_backbone,7,1.2,current_demand_lp,critical_failure_fixed,2 -> 3 & 3 -> 2,5,0,3,4.8095622,4.809562165910529,1.0000000070878532
28,sample_backbone,7,1.2,current_demand_lp,random_failure_fixed,2 -> 4 & 4 -> 2,1,4,2,6.5745495,6.574549498663886,1.000000000203225
28,sample_backbone,7,1.2,current_demand_lp,random_failure_fixed,2 -> 4 & 4 -> 2,2,2,4,5.085696,8.986632838971572,0.5659178572362823
28,sample_backbone,7,1.2,current_demand_lp,random_failure_fixed,2 -> 4 & 4 -> 2,3,0,4,5.0756169,5.075616899583015,1.0000000000821545
28,sample_backbone,7,1.2,current_demand_lp,random_failure_fixed,2 -> 4 & 4 -> 2,4,1,4,5.0108009,5.010800904559911,0.9999999990899835
28,sample_backbone,7,1.2,current_demand_lp,random_failure_fixed,2 -> 4 & 4 -> 2,5,4,1,4.8095913,6.472263944701613,0.7431080285187186
28,sample_backbone,7,1.2,robust_current_demand_lp,critical_failure_fixed,2 -> 3 & 3 -> 2,1,0,5,8.0865902,8.086590232175467,0.9999999960211329
28,sample_backbone,7,1.2,robust_current_demand_lp,critical_failure_fixed,2 -> 3 & 3 -> 2,2,2,4,7.8301481,8.986632838971572,0.8713105609526693
28,sample_backbone,7,1.2,robust_current_demand_lp,critical_failure_fixed,2 -> 3 & 3 -> 2,3,5,0,6.5509362,6.550936238789598,0.9999999940787703
28,sample_backbone,7,1.2,robust_current_demand_lp,critical_failure_fixed,2 -> 3 & 3 -> 2,4,2,3,6.3732646,6.373264613550075,0.9999999978739194
28,sample_backbone,7,1.2,robust_current_demand_lp,critical_failure_fixed,2 -> 3 & 3 -> 2,5,3,0,4.9009889,6.797271211556885,0.7210230028290205
28,sample_backbone,7,1.2,robust_current_demand_lp,random_failure_fixed,2 -> 4 & 4 -> 2,1,4,2,6.5745495,6.574549498663886,1.000000000203225
28,sample_backbone,7,1.2,robust_current_demand_lp,random_failure_fixed,2 -> 4 & 4 -> 2,2,4,1,6.4722639,6.472263944701613,0.9999999930933575
28,sample_backbone,7,1.2,robust_current_demand_lp,random_failure_fixed,2 -> 4 & 4 -> 2,3,0,4,5.0756169,5.075616899583015,1.0000000000821545
28,sample_backbone,7,1.2,robust_current_demand_lp,random_failure_fixed,2 -> 4 & 4 -> 2,4,1,4,5.0108009,5.010800904559911,0.9999999990899835
28,sample_backbone,7,1.2,robust_current_demand_lp,random_failure_fixed,2 -> 4 & 4 -> 2,5,2,5,3.9292112,7.963007457790808,0.4934330679491902
28,sample_backbone,7,1.2,moving_average,critical_failure_fixed,2 -> 3 & 3 -> 2,1,2,5,7.5245086,7.5245086468844775,0.9999999937690978
28,sample_backbone,7,1.2,moving_average,critical_failure_fixed,2 -> 3 & 3 -> 2,2,3,0,6.055798,6.145463562143316,0.9854094713545021
28,sample_backbone,7,1.2,moving_average,critical_failure_fixed,2 -> 3 & 3 -> 2,3,2,3,5.7877199,5.787719856354043,1.0000000075411315
28,sample_backbone,7,1.2,moving_average,critical_failure_fixed,2 -> 3 & 3 -> 2,4,5,0,5.5071647,5.507164664191025,1.0000000065022523
28,sample_backbone,7,1.2,moving_average,critical_failure_fixed,2 -> 3 & 3 -> 2,5,0,3,4.8936723,4.893672252922209,1.0000000096201358
28,sample_backbone,7,1.2,moving_average,random_failure_fixed,2 -> 4 & 4 -> 2,1,4,2,5.4254707,5.42547070548863,0.9999999989883588
28,sample_backbone,7,1.2,moving_average,random_failure_fixed,2 -> 4 & 4 -> 2,2,1,4,5.0873454,5.087345403341937,0.9999999993430884
28,sample_backbone,7,1.2,moving_average,random_failure_fixed,2 -> 4 & 4 -> 2,3,0,4,4.5636363,4.563636251876961,1.0000000105448892
28,sample_backbone,7,1.2,moving_average,random_failure_fixed,2 -> 4 & 4 -> 2,4,2,4,4.2126652,7.792520301775326,0.5406036862092296
28,sample_backbone,7,1.2,moving_average,random_failure_fixed,2 -> 4 & 4 -> 2,5,4,1,4.0907023,5.691277178060929,0.7187670134515818
28,sample_backbone,7,1.2,linear_autoregressive,critical_failure_fixed,2 -> 3 & 3 -> 2,1,2,5,8.0814771,8.081477125621872,0.999999996829556
28,sample_backbone,7,1.2,linear_autoregressive,critical_failure_fixed,2 -> 3 & 3 -> 2,2,2,3,6.836688,6.8366880095046465,0.9999999986097586
28,sample_backbone,7,1.2,linear_autoregressive,critical_failure_fixed,2 -> 3 & 3 -> 2,3,5,0,6.3680505,6.3680504892244185,1.000000001692132
28,sample_backbone,7,1.2,linear_autoregressive,critical_failure_fixed,2 -> 3 & 3 -> 2,4,3,0,5.2129988,7.171600335809057,0.7268947732587082
28,sample_backbone,7,1.2,linear_autoregressive,critical_failure_fixed,2 -> 3 & 3 -> 2,5,0,3,4.9169309,4.916930935849787,0.9999999927089097
28,sample_backbone,7,1.2,linear_autoregressive,random_failure_fixed,2 -> 4 & 4 -> 2,1,4,1,5.4349663,7.0533930865908205,0.7705463502852825
28,sample_backbone,7,1.2,linear_autoregressive,random_failure_fixed,2 -> 4 & 4 -> 2,2,2,4,5.4201092,8.919376149099362,0.6076780605947758
28,sample_backbone,7,1.2,linear_autoregressive,random_failure_fixed,2 -> 4 & 4 -> 2,3,4,2,5.3977633,5.397763344384025,0.9999999917773305
28,sample_backbone,7,1.2,linear_autoregressive,random_failure_fixed,2 -> 4 & 4 -> 2,4,1,4,4.9539589,4.953958942765158,0.9999999913674784
28,sample_backbone,7,1.2,linear_autoregressive,random_failure_fixed,2 -> 4 & 4 -> 2,5,0,4,4.7977191,4.797719057350713,1.0000000088894923
28,sample_backbone,7,1.2,lstm,critical_failure_fixed,2 -> 3 & 3 -> 2,1,2,5,6.0500531,6.050053119659424,0.9999999967505371
28,sample_backbone,7,1.2,lstm,critical_failure_fixed,2 -> 3 & 3 -> 2,2,2,3,4.7197995,4.719799518585205,0.9999999960622893
28,sample_backbone,7,1.2,lstm,critical_failure_fixed,2 -> 3 & 3 -> 2,3,3,0,4.6685325,4.790221691131592,0.9745963341619697
28,sample_backbone,7,1.2,lstm,critical_failure_fixed,2 -> 3 & 3 -> 2,4,5,0,4.3185306,4.318530559539795,1.000000009368975
28,sample_backbone,7,1.2,lstm,critical_failure_fixed,2 -> 3 & 3 -> 2,5,0,3,3.8086591,3.808659076690674,1.0000000061200873
28,sample_backbone,7,1.2,lstm,random_failure_fixed,2 -> 4 & 4 -> 2,1,4,2,4.2362614,4.236261367797852,1.000000007601549
28,sample_backbone,7,1.2,lstm,random_failure_fixed,2 -> 4 & 4 -> 2,2,2,4,3.7593972,6.1794586181640625,0.6083699936025997
28,sample_backbone,7,1.2,lstm,random_failure_fixed,2 -> 4 & 4 -> 2,3,1,4,3.6797215,3.9338886737823486,0.9353903491280111
28,sample_backbone,7,1.2,lstm,random_failure_fixed,2 -> 4 & 4 -> 2,4,0,4,3.5147662,3.514766216278076,0.9999999953686604
28,sample_backbone,7,1.2,lstm,random_failure_fixed,2 -> 4 & 4 -> 2,5,4,1,3.1339918,4.485870361328125,0.6986362840570639
28,sample_backbone,7,1.2,uncertainty_aware_lstm_robust_lp,critical_failure_fixed,2 -> 3 & 3 -> 2,1,0,5,5.8579454,5.857945442199707,0.9999999927961591
28,sample_backbone,7,1.2,uncertainty_aware_lstm_robust_lp,critical_failure_fixed,2 -> 3 & 3 -> 2,2,2,4,5.3645264,6.431812763214111,0.8340613443665039
28,sample_backbone,7,1.2,uncertainty_aware_lstm_robust_lp,critical_failure_fixed,2 -> 3 & 3 -> 2,3,2,3,4.8998475,4.899847507476807,0.9999999984740736
28,sample_backbone,7,1.2,uncertainty_aware_lstm_robust_lp,critical_failure_fixed,2 -> 3 & 3 -> 2,4,5,0,4.5122671,4.512267112731934,0.9999999971783732
28,sample_backbone,7,1.2,uncertainty_aware_lstm_robust_lp,critical_failure_fixed,2 -> 3 & 3 -> 2,5,3,2,3.562484,3.5624840259552,0.9999999927142971
28,sample_backbone,7,1.2,uncertainty_aware_lstm_robust_lp,random_failure_fixed,2 -> 4 & 4 -> 2,1,4,1,4.6519804,4.651980400085449,0.9999999999816317
28,sample_backbone,7,1.2,uncertainty_aware_lstm_robust_lp,random_failure_fixed,2 -> 4 & 4 -> 2,2,4,2,4.4327559,4.432755947113037,0.9999999893716149
28,sample_backbone,7,1.2,uncertainty_aware_lstm_robust_lp,random_failure_fixed,2 -> 4 & 4 -> 2,3,1,4,3.8490891,4.200266361236572,0.9163916687576013
28,sample_backbone,7,1.2,uncertainty_aware_lstm_robust_lp,random_failure_fixed,2 -> 4 & 4 -> 2,4,0,4,3.6643724,3.664372444152832,0.9999999879507794
28,sample_backbone,7,1.2,uncertainty_aware_lstm_robust_lp,random_failure_fixed,2 -> 4 & 4 -> 2,5,2,5,2.9354587,6.4407806396484375,0.4557613221493332
28,sample_backbone,7,1.2,transformer,critical_failure_fixed,2 -> 3 & 3 -> 2,1,2,5,7.1019697,7.1019697189331055,0.9999999973341049
28,sample_backbone,7,1.2,transformer,critical_failure_fixed,2 -> 3 & 3 -> 2,2,3,0,5.4379258,5.437925815582275,0.9999999971345186
28,sample_backbone,7,1.2,transformer,critical_failure_fixed,2 -> 3 & 3 -> 2,3,2,3,5.2890887,5.289088726043701,0.9999999950759568
28,sample_backbone,7,1.2,transformer,critical_failure_fixed,2 -> 3 & 3 -> 2,4,5,0,4.8586717,4.85867166519165,1.0000000071641701
28,sample_backbone,7,1.2,transformer,critical_failure_fixed,2 -> 3 & 3 -> 2,5,0,3,4.5951881,4.595188140869141,0.9999999911061006
28,sample_backbone,7,1.2,transformer,random_failure_fixed,2 -> 4 & 4 -> 2,1,4,2,4.8801031,4.88010311126709,0.999999997691219
28,sample_backbone,7,1.2,transformer,random_failure_fixed,2 -> 4 & 4 -> 2,2,1,4,4.306019,4.766204357147217,0.9034482530197975
28,sample_backbone,7,1.2,transformer,random_failure_fixed,2 -> 4 & 4 -> 2,3,2,4,4.1659636,6.825442790985107,0.6103579983854399
28,sample_backbone,7,1.2,transformer,random_failure_fixed,2 -> 4 & 4 -> 2,4,0,4,4.1343999,4.134399890899658,1.0000000022011277
28,sample_backbone,7,1.2,transformer,random_failure_fixed,2 -> 4 & 4 -> 2,5,4,1,3.3564643,5.179708957672119,0.6480024896048353
29,sample_backbone,7,1.2,current_demand_lp,critical_failure_fixed,2 -> 3 & 3 -> 2,1,2,5,6.7529645,6.752964526433602,0.99999999608563
29,sample_backbone,7,1.2,current_demand_lp,critical_failure_fixed,2 -> 3 & 3 -> 2,2,2,3,6.047871,6.047870962867283,1.0000000061397998
29,sample_backbone,7,1.2,current_demand_lp,critical_failure_fixed,2 -> 3 & 3 -> 2,3,5,0,5.4960739,5.496073883286213,1.0000000030410412
29,sample_backbone,7,1.2,current_demand_lp,critical_failure_fixed,2 -> 3 & 3 -> 2,4,3,0,5.4460904,6.667921695403318,0.8167598014467364
29,sample_backbone,7,1.2,current_demand_lp,critical_failure_fixed,2 -> 3 & 3 -> 2,5,0,3,4.3196799,4.319679909438115,0.9999999978150892
29,sample_backbone,7,1.2,current_demand_lp,random_failure_fixed,4 -> 5 & 5 -> 4,1,5,4,6.2478984,6.247898387843698,1.0000000019456627
29,sample_backbone,7,1.2,current_demand_lp,random_failure_fixed,4 -> 5 & 5 -> 4,2,4,5,5.8592265,5.859226486928614,1.0000000022309063
29,sample_backbone,7,1.2,current_demand_lp,random_failure_fixed,4 -> 5 & 5 -> 4,3,0,5,3.4261441,7.353906872242479,0.4658944095324451
29,sample_backbone,7,1.2,robust_current_demand_lp,critical_failure_fixed,2 -> 3 & 3 -> 2,1,0,5,7.3539069,7.353906872242479,1.0000000037745271
29,sample_backbone,7,1.2,robust_current_demand_lp,critical_failure_fixed,2 -> 3 & 3 -> 2,2,2,4,7.0138018,7.920571419946188,0.885517146191916
29,sample_backbone,7,1.2,robust_current_demand_lp,critical_failure_fixed,2 -> 3 & 3 -> 2,3,2,3,6.047871,6.047870962867283,1.0000000061397998
29,sample_backbone,7,1.2,robust_current_demand_lp,critical_failure_fixed,2 -> 3 & 3 -> 2,4,5,0,5.4960739,5.496073883286213,1.0000000030410412
29,sample_backbone,7,1.2,robust_current_demand_lp,critical_failure_fixed,2 -> 3 & 3 -> 2,5,3,0,5.4460904,6.667921695403318,0.8167598014467364
29,sample_backbone,7,1.2,robust_current_demand_lp,random_failure_fixed,4 -> 5 & 5 -> 4,1,5,4,6.2478984,6.247898387843698,1.0000000019456627
29,sample_backbone,7,1.2,robust_current_demand_lp,random_failure_fixed,4 -> 5 & 5 -> 4,2,4,5,5.8592265,5.859226486928614,1.0000000022309063
29,sample_backbone,7,1.2,robust_current_demand_lp,random_failure_fixed,4 -> 5 & 5 -> 4,3,2,5,3.4261441,6.752964526433602,0.5073540793215786
29,sample_backbone,7,1.2,moving_average,critical_failure_fixed,2 -> 3 & 3 -> 2,1,2,5,7.7421142,7.742114166516506,1.0000000043248514
29,sample_backbone,7,1.2,moving_average,critical_failure_fixed,2 -> 3 & 3 -> 2,2,3,0,6.283851,6.4197659394327085,0.97882867682171
29,sample_backbone,7,1.2,moving_average,critical_failure_fixed,2 -> 3 & 3 -> 2,3,2,3,5.9860409,5.9860409142437705,0.9999999976205023
29,sample_backbone,7,1.2,moving_average,critical_failure_fixed,2 -> 3 & 3 -> 2,4,5,0,5.7201358,5.720135766828642,1.0000000057990508
29,sample_backbone,7,1.2,moving_average,critical_failure_fixed,2 -> 3 & 3 -> 2,5,0,3,5.0689486,5.068948596651597,1.0000000006605714
29,sample_backbone,7,1.2,moving_average,random_failure_fixed,4 -> 5 & 5 -> 4,1,5,4,6.696446,6.696446030866787,0.9999999953905718
29,sample_backbone,7,1.2,moving_average,random_failure_fixed,4 -> 5 & 5 -> 4,2,4,5,5.9589532,5.958953241118979,0.9999999930996305
29,sample_backbone,7,1.2,moving_average,random_failure_fixed,4 -> 5 & 5 -> 4,3,0,5,3.4844975,7.439068108260365,0.4684051079100624
29,sample_backbone,7,1.2,linear_autoregressive,critical_failure_fixed,2 -> 3 & 3 -> 2,1,2,5,5.9627038,5.962703815114901,0.9999999974650927
29,sample_backbone,7,1.2,linear_autoregressive,critical_failure_fixed,2 -> 3 & 3 -> 2,2,3,0,4.4263607,4.691863186303942,0.9434121423064994
29,sample_backbone,7,1.2,linear_autoregressive,critical_failure_fixed,2 -> 3 & 3 -> 2,3,2,3,4.2890471,4.289047091077577,1.000000002080281
29,sample_backbone,7,1.2,linear_autoregressive,critical_failure_fixed,2 -> 3 & 3 -> 2,4,5,0,4.2197451,4.21974514808101,0.9999999886057076
29,sample_backbone,7,1.2,linear_autoregressive,critical_failure_fixed,2 -> 3 & 3 -> 2,5,0,3,3.8825441,3.882544146973013,0.9999999879014865
29,sample_backbone,7,1.2,linear_autoregressive,random_failure_fixed,4 -> 5 & 5 -> 4,1,5,4,5.2262645,5.226264515472841,0.9999999970394072
29,sample_backbone,7,1.2,linear_autoregressive,random_failure_fixed,4 -> 5 & 5 -> 4,2,4,5,3.4412975,3.441297528161072,0.9999999918167286
29,sample_backbone,7,1.2,linear_autoregressive,random_failure_fixed,4 -> 5 & 5 -> 4,3,0,5,1.4036851,5.409596146720277,0.2594805715489546
29,sample_backbone,7,1.2,lstm,critical_failure_fixed,2 -> 3 & 3 -> 2,1,2,5,6.0496802,6.049680233001709,0.9999999945448838
29,sample_backbone,7,1.2,lstm,critical_failure_fixed,2 -> 3 & 3 -> 2,2,2,3,4.7191381,4.719138145446777,0.9999999903696871
29,sample_backbone,7,1.2,lstm,critical_failure_fixed,2 -> 3 & 3 -> 2,3,3,0,4.6681696,4.789829254150391,0.9746004194105724
29,sample_backbone,7,1.2,lstm,critical_failure_fixed,2 -> 3 & 3 -> 2,4,5,0,4.3181376,4.3181376457214355,0.9999999894117698
29,sample_backbone,7,1.2,lstm,critical_failure_fixed,2 -> 3 & 3 -> 2,5,0,3,3.8079822,3.8079822063446045,0.9999999983338671
29,sample_backbone,7,1.2,lstm,random_failure_fixed,4 -> 5 & 5 -> 4,1,5,4,4.9524784,4.952478408813477,0.9999999982203908
29,sample_backbone,7,1.2,lstm,random_failure_fixed,4 -> 5 & 5 -> 4,2,4,5,4.3891506,4.389150619506836,0.9999999955556694
29,sample_backbone,7,1.2,lstm,random_failure_fixed,4 -> 5 & 5 -> 4,3,0,5,2.8094319,5.615029811859131,0.5003414040770336
29,sample_backbone,7,1.2,uncertainty_aware_lstm_robust_lp,critical_failure_fixed,2 -> 3 & 3 -> 2,1,0,5,5.8576016,5.857601642608643,0.9999999927259234
29,sample_backbone,7,1.2,uncertainty_aware_lstm_robust_lp,critical_failure_fixed,2 -> 3 & 3 -> 2,2,2,4,5.3644237,6.431362628936768,0.8341037521137019
29,sample_backbone,7,1.2,uncertainty_aware_lstm_robust_lp,critical_failure_fixed,2 -> 3 & 3 -> 2,3,2,3,4.8991861,4.899186134338379,0.9999999929910034
29,sample_backbone,7,1.2,uncertainty_aware_lstm_robust_lp,critical_failure_fixed,2 -> 3 & 3 -> 2,4,5,0,4.5118742,4.511874198913574,1.0000000002407927
29,sample_backbone,7,1.2,uncertainty_aware_lstm_robust_lp,critical_failure_fixed,2 -> 3 & 3 -> 2,5,3,2,3.5619247,3.561924695968628,1.000000001131796
29,sample_backbone,7,1.2,uncertainty_aware_lstm_robust_lp,random_failure_fixed,4 -> 5 & 5 -> 4,1,5,4,5.1725988,5.172598838806152,0.9999999924977456
29,sample_backbone,7,1.2,uncertainty_aware_lstm_robust_lp,random_failure_fixed,4 -> 5 & 5 -> 4,2,4,5,4.5728083,4.572808265686035,1.000000007503915
29,sample_backbone,7,1.2,uncertainty_aware_lstm_robust_lp,random_failure_fixed,4 -> 5 & 5 -> 4,3,2,5,2.9354503,6.440407752990723,0.4557864055481377
29,sample_backbone,7,1.2,transformer,critical_failure_fixed,2 -> 3 & 3 -> 2,1,2,5,6.1922169,6.192216873168945,1.0000000043330288
29,sample_backbone,7,1.2,transformer,critical_failure_fixed,2 -> 3 & 3 -> 2,2,2,3,4.8324075,4.832407474517822,1.000000005273185
29,sample_backbone,7,1.2,transformer,critical_failure_fixed,2 -> 3 & 3 -> 2,3,3,0,4.7310356,4.911096096038818,0.9633359859962726
29,sample_backbone,7,1.2,transformer,critical_failure_fixed,2 -> 3 & 3 -> 2,4,5,0,4.4755297,4.475529670715332,1.0000000065432855
29,sample_backbone,7,1.2,transformer,critical_failure_fixed,2 -> 3 & 3 -> 2,5,0,3,3.849282,3.8492820262908936,0.9999999931699228
29,sample_backbone,7,1.2,transformer,random_failure_fixed,4 -> 5 & 5 -> 4,1,5,4,5.1793284,5.179328441619873,0.9999999919642337
29,sample_backbone,7,1.2,transformer,random_failure_fixed,4 -> 5 & 5 -> 4,2,4,5,4.5665269,4.566526889801025,1.0000000022334206
29,sample_backbone,7,1.2,transformer,random_failure_fixed,4 -> 5 & 5 -> 4,3,0,5,2.9233598,5.949380874633789,0.491372104358665
30,sample_backbone,7,1.2,current_demand_lp,critical_failure_fixed,2 -> 3 & 3 -> 2,1,2,5,5.728412,5.728412021627255,0.9999999962245636
30,sample_backbone,7,1.2,current_demand_lp,critical_failure_fixed,2 -> 3 & 3 -> 2,2,5,0,5.4011793,5.4011792732686,1.0000000049491784
30,sample_backbone,7,1.2,current_demand_lp,critical_failure_fixed,2 -> 3 & 3 -> 2,3,2,3,4.8259691,4.825969070843978,1.0000000060414853
30,sample_backbone,7,1.2,current_demand_lp,critical_failure_fixed,2 -> 3 & 3 -> 2,4,3,0,4.5571011,4.701037758450524,0.9693819395107419
30,sample_backbone,7,1.2,current_demand_lp,critical_failure_fixed,2 -> 3 & 3 -> 2,5,0,3,3.8338183,3.8338183345033268,0.9999999910002708
30,sample_backbone,7,1.2,current_demand_lp,random_failure_fixed,0 -> 1 & 1 -> 0,1,0,1,6.4167822,6.416782217300957,0.9999999973037955
30,sample_backbone,7,1.2,current_demand_lp,random_failure_fixed,0 -> 1 & 1 -> 0,2,0,5,2.924047,6.202613172653744,0.4714217892696615
30,sample_backbone,7,1.2,current_demand_lp,random_failure_fixed,0 -> 1 & 1 -> 0,3,1,0,2.8232672,2.8232672155563923,0.9999999944899328
30,sample_backbone,7,1.2,current_demand_lp,random_failure_fixed,0 -> 1 & 1 -> 0,4,0,4,0.76732335,4.047432466606982,0.18958274321578925
30,sample_backbone,7,1.2,current_demand_lp,random_failure_fixed,0 -> 1 & 1 -> 0,5,3,0,0.14393664,4.701037758450524,0.03061805656448119
30,sample_backbone,7,1.2,robust_current_demand_lp,critical_failure_fixed,2 -> 3 & 3 -> 2,1,0,5,6.2026132,6.202613172653744,1.0000000044088282
30,sample_backbone,7,1.2,robust_current_demand_lp,critical_failure_fixed,2 -> 3 & 3 -> 2,2,2,4,5.916147,6.9882538880840075,0.8465844393673065
30,sample_backbone,7,1.2,robust_current_demand_lp,critical_failure_fixed,2 -> 3 & 3 -> 2,3,5,0,5.4011793,5.4011792732686,1.0000000049491784
30,sample_backbone,7,1.2,robust_current_demand_lp,critical_failure_fixed,2 -> 3 & 3 -> 2,4,2,3,4.8259691,4.825969070843978,1.0000000060414853
30,sample_backbone,7,1.2,robust_current_demand_lp,critical_failure_fixed,2 -> 3 & 3 -> 2,5,3,0,3.6524186,4.701037758450524,0.7769387925962645
30,sample_backbone,7,1.2,robust_current_demand_lp,random_failure_fixed,0 -> 1 & 1 -> 0,1,0,1,6.4167822,6.416782217300957,0.9999999973037955
30,sample_backbone,7,1.2,robust_current_demand_lp,random_failure_fixed,0 -> 1 & 1 -> 0,2,0,3,2.924047,3.8338183345033268,0.7626983714080473
30,sample_backbone,7,1.2,robust_current_demand_lp,random_failure_fixed,0 -> 1 & 1 -> 0,3,1,0,2.8232672,2.8232672155563923,0.9999999944899328
30,sample_backbone,7,1.2,robust_current_demand_lp,random_failure_fixed,0 -> 1 & 1 -> 0,4,3,0,1.0486192,4.701037758450524,0.22306121624209801
30,sample_backbone,7,1.2,robust_current_demand_lp,random_failure_fixed,0 -> 1 & 1 -> 0,5,0,2,0.76732335,5.984814374237905,0.12821172086857072
30,sample_backbone,7,1.2,moving_average,critical_failure_fixed,2 -> 3 & 3 -> 2,1,2,5,7.8580777,7.858077657371948,1.000000005424743
30,sample_backbone,7,1.2,moving_average,critical_failure_fixed,2 -> 3 & 3 -> 2,2,3,0,6.2934587,6.4388077897418095,0.977426086553884
30,sample_backbone,7,1.2,moving_average,critical_failure_fixed,2 -> 3 & 3 -> 2,3,2,3,6.0307587,6.030758693362618,1.0000000011005883
30,sample_backbone,7,1.2,moving_average,critical_failure_fixed,2 -> 3 & 3 -> 2,4,5,0,5.8804275,5.880427533544093,0.9999999942956369
30,sample_backbone,7,1.2,moving_average,critical_failure_fixed,2 -> 3 & 3 -> 2,5,0,3,5.1482962,5.148296203772409,0.9999999992672509
30,sample_backbone,7,1.2,moving_average,random_failure_fixed,0 -> 1 & 1 -> 0,1,0,1,7.5549513,7.554951262386534,1.000000004978651
30,sample_backbone,7,1.2,moving_average,random_failure_fixed,0 -> 1 & 1 -> 0,2,0,5,4.1399687,7.4999866618589515,0.5519968083481718
30,sample_backbone,7,1.2,moving_average,random_failure_fixed,0 -> 1 & 1 -> 0,3,1,0,3.3804923,3.3804923226502743,0.9999999932997113
30,sample_backbone,7,1.2,moving_average,random_failure_fixed,0 -> 1 & 1 -> 0,4,0,4,0.23050893,4.854431007209363,0.047484232376084644
30,sample_backbone,7,1.2,moving_average,random_failure_fixed,0 -> 1 & 1 -> 0,5,3,0,0.14534911,6.4388077897418095,0.022573916592380276
30,sample_backbone,7,1.2,linear_autoregressive,critical_failure_fixed,2 -> 3 & 3 -> 2,1,2,5,7.5198314,7.519831382909283,1.0000000022727527
30,sample_backbone,7,1.2,linear_autoregressive,critical_failure_fixed,2 -> 3 & 3 -> 2,2,0,3,5.6384221,5.638422099397988,1.0000000001067695
30,sample_backbone,7,1.2,linear_autoregressive,critical_failure_fixed,2 -> 3 & 3 -> 2,3,3,0,5.3929364,5.5646545102212945,0.9691412809356127
30,sample_backbone,7,1.2,linear_autoregressive,critical_failure_fixed,2 -> 3 & 3 -> 2,4,2,3,5.2127948,5.212794810408766,0.9999999980032275
30,sample_backbone,7,1.2,linear_autoregressive,critical_failure_fixed,2 -> 3 & 3 -> 2,5,5,0,4.6759247,4.675924683945367,1.000000003433467
30,sample_backbone,7,1.2,linear_autoregressive,random_failure_fixed,0 -> 1 & 1 -> 0,1,0,1,6.7842829,6.784282866593444,1.00000000492411
30,sample_backbone,7,1.2,linear_autoregressive,random_failure_fixed,0 -> 1 & 1 -> 0,2,1,0,3.1588119,3.1588119455335524,0.9999999855852285
30,sample_backbone,7,1.2,linear_autoregressive,random_failure_fixed,0 -> 1 & 1 -> 0,3,0,5,2.6582953,5.278578501620872,0.5036005998932719
30,sample_backbone,7,1.2,linear_autoregressive,random_failure_fixed,0 -> 1 & 1 -> 0,4,3,0,0.17171815,5.5646545102212945,0.030858726212846438
30,sample_backbone,7,1.2,lstm,critical_failure_fixed,2 -> 3 & 3 -> 2,1,2,5,6.0449662,6.044966220855713,0.9999999965499041
30,sample_backbone,7,1.2,lstm,critical_failure_fixed,2 -> 3 & 3 -> 2,2,2,3,4.7107801,4.710780143737793,0.9999999907153823
30,sample_backbone,7,1.2,lstm,critical_failure_fixed,2 -> 3 & 3 -> 2,3,3,0,4.6635851,4.784867763519287,0.9746528703585147
30,sample_backbone,7,1.2,lstm,critical_failure_fixed,2 -> 3 & 3 -> 2,4,5,0,4.3131733,4.313173294067383,1.0000000013754646
30,sample_backbone,7,1.2,lstm,critical_failure_fixed,2 -> 3 & 3 -> 2,5,0,3,3.7994256,3.7994256019592285,0.9999999994843356
30,sample_backbone,7,1.2,lstm,random_failure_fixed,0 -> 1 & 1 -> 0,1,0,1,5.6542864,5.6542863845825195,1.000000002726689
30,sample_backbone,7,1.2,lstm,random_failure_fixed,0 -> 1 & 1 -> 0,2,0,5,2.8969325,5.610683441162109,0.5163243534195854
30,sample_backbone,7,1.2,lstm,random_failure_fixed,0 -> 1 & 1 -> 0,3,1,0,2.7662306,2.766230583190918,1.0000000060765297
30,sample_backbone,7,1.2,lstm,random_failure_fixed,0 -> 1 & 1 -> 0,4,3,0,0.12128267,4.784867763519287,0.02534713099590367
30,sample_backbone,7,1.2,uncertainty_aware_lstm_robust_lp,critical_failure_fixed,2 -> 3 & 3 -> 2,1,0,5,5.8532553,5.853255271911621,1.000000004798762
30,sample_backbone,7,1.2,uncertainty_aware_lstm_robust_lp,critical_failure_fixed,2 -> 3 & 3 -> 2,2,2,4,5.3631275,6.42567253112793,0.8346406503007062
30,sample_backbone,7,1.2,uncertainty_aware_lstm_robust_lp,critical_failure_fixed,2 -> 3 & 3 -> 2,3,2,3,4.8908281,4.8908281326293945,0.999999993328452
30,sample_backbone,7,1.2,uncertainty_aware_lstm_robust_lp,critical_failure_fixed,2 -> 3 & 3 -> 2,4,5,0,4.5069098,4.5069098472595215,0.9999999895139856
30,sample_backbone,7,1.2,uncertainty_aware_lstm_robust_lp,critical_failure_fixed,2 -> 3 & 3 -> 2,5,3,2,3.5548575,3.5548574924468994,1.0000000021247266
30,sample_backbone,7,1.2,uncertainty_aware_lstm_robust_lp,random_failure_fixed,0 -> 1 & 1 -> 0,1,0,1,5.9009867,5.900986671447754,1.0000000048385544
30,sample_backbone,7,1.2,uncertainty_aware_lstm_robust_lp,random_failure_fixed,0 -> 1 & 1 -> 0,2,0,3,3.016056,4.10837459564209,0.7341239046700478
30,sample_backbone,7,1.2,uncertainty_aware_lstm_robust_lp,random_failure_fixed,0 -> 1 & 1 -> 0,3,1,0,2.8725915,2.872591495513916,1.0000000015616852
30,sample_backbone,7,1.2,uncertainty_aware_lstm_robust_lp,random_failure_fixed,0 -> 1 & 1 -> 0,4,3,0,1.6114232,5.010327339172363,0.3216203435255359
30,sample_backbone,7,1.2,transformer,critical_failure_fixed,2 -> 3 & 3 -> 2,1,2,5,6.1234593,6.123459339141846,0.9999999936078868
30,sample_backbone,7,1.2,transformer,critical_failure_fixed,2 -> 3 & 3 -> 2,2,2,3,4.3683586,4.368358612060547,0.9999999972391124
30,sample_backbone,7,1.2,transformer,critical_failure_fixed,2 -> 3 & 3 -> 2,3,3,0,4.3407283,4.340728282928467,1.0000000039328731
30,sample_backbone,7,1.2,transformer,critical_failure_fixed,2 -> 3 & 3 -> 2,4,5,0,3.8808997,3.880899667739868,1.0000000083125395
30,sample_backbone,7,1.2,transformer,critical_failure_fixed,2 -> 3 & 3 -> 2,5,0,3,3.7717979,3.7717978954315186,1.0000000012112211
30,sample_backbone,7,1.2,transformer,random_failure_fixed,0 -> 1 & 1 -> 0,1,0,1,5.2124128,5.2124128341674805,0.999999993444978
30,sample_backbone,7,1.2,transformer,random_failure_fixed,0 -> 1 & 1 -> 0,2,1,0,2.6128397,2.612839698791504,1.000000000462522
30,sample_backbone,7,1.2,transformer,random_failure_fixed,0 -> 1 & 1 -> 0,3,0,5,2.5209935,5.126448631286621,0.49176216935334593
31,sample_backbone,7,1.2,current_demand_lp,critical_failure_fixed,2 -> 3 & 3 -> 2,1,2,5,4.7282533,4.728253326268822,0.9999999944442863
31,sample_backbone,7,1.2,current_demand_lp,critical_failure_fixed,2 -> 3 & 3 -> 2,2,2,3,4.3438269,4.343826861875823,1.0000000087766336
31,sample_backbone,7,1.2,current_demand_lp,critical_failure_fixed,2 -> 3 & 3 -> 2,3,3,0,4.3383367,4.338336698392862,1.0000000003704503
31,sample_backbone,7,1.2,current_demand_lp,critical_failure_fixed,2 -> 3 & 3 -> 2,4,5,0,3.8248072,3.8248072077570545,0.9999999979719096
31,sample_backbone,7,1.2,current_demand_lp,critical_failure_fixed,2 -> 3 & 3 -> 2,5,3,2,3.2434375,3.2434374601185727,1.000000012296037
31,sample_backbone,7,1.2,current_demand_lp,random_failure_fixed,2 -> 3 & 3 -> 2,1,2,5,4.7282533,4.728253326268822,0.9999999944442863
31,sample_backbone,7,1.2,current_demand_lp,random_failure_fixed,2 -> 3 & 3 -> 2,2,2,3,4.3438269,4.343826861875823,1.0000000087766336
31,sample_backbone,7,1.2,current_demand_lp,random_failure_fixed,2 -> 3 & 3 -> 2,3,3,0,4.3383367,4.338336698392862,1.0000000003704503
31,sample_backbone,7,1.2,current_demand_lp,random_failure_fixed,2 -> 3 & 3 -> 2,4,5,0,3.8248072,3.8248072077570545,0.9999999979719096
31,sample_backbone,7,1.2,current_demand_lp,random_failure_fixed,2 -> 3 & 3 -> 2,5,3,2,3.2434375,3.2434374601185727,1.000000012296037
31,sample_backbone,7,1.2,robust_current_demand_lp,critical_failure_fixed,2 -> 3 & 3 -> 2,1,0,5,5.8286148,5.8286148045873505,0.9999999992129605
31,sample_backbone,7,1.2,robust_current_demand_lp,critical_failure_fixed,2 -> 3 & 3 -> 2,2,2,4,4.589905,5.648601279636688,0.8125737280389558
31,sample_backbone,7,1.2,robust_current_demand_lp,critical_failure_fixed,2 -> 3 & 3 -> 2,3,2,3,4.3438269,4.343826861875823,1.0000000087766336
31,sample_backbone,7,1.2,robust_current_demand_lp,critical_failure_fixed,2 -> 3 & 3 -> 2,4,5,0,3.8248072,3.8248072077570545,0.9999999979719096
31,sample_backbone,7,1.2,robust_current_demand_lp,critical_failure_fixed,2 -> 3 & 3 -> 2,5,3,2,3.2434375,3.2434374601185727,1.000000012296037
31,sample_backbone,7,1.2,robust_current_demand_lp,random_failure_fixed,2 -> 3 & 3 -> 2,1,0,5,5.8286148,5.8286148045873505,0.9999999992129605
31,sample_backbone,7,1.2,robust_current_demand_lp,random_failure_fixed,2 -> 3 & 3 -> 2,2,2,4,4.589905,5.648601279636688,0.8125737280389558
31,sample_backbone,7,1.2,robust_current_demand_lp,random_failure_fixed,2 -> 3 & 3 -> 2,3,2,3,4.3438269,4.343826861875823,1.0000000087766336
31,sample_backbone,7,1.2,robust_current_demand_lp,random_failure_fixed,2 -> 3 & 3 -> 2,4,5,0,3.8248072,3.8248072077570545,0.9999999979719096
31,sample_backbone,7,1.2,robust_current_demand_lp,random_failure_fixed,2 -> 3 & 3 -> 2,5,3,2,3.2434375,3.2434374601185727,1.000000012296037
31,sample_backbone,7,1.2,moving_average,critical_failure_fixed,2 -> 3 & 3 -> 2,1,2,5,7.7025031,7.702503075890956,1.0000000031300273
31,sample_backbone,7,1.2,moving_average,critical_failure_fixed,2 -> 3 & 3 -> 2,2,3,0,6.2654347,6.265434734277143,0.9999999945291677
31,sample_backbone,7,1.2,moving_average,critical_failure_fixed,2 -> 3 & 3 -> 2,3,2,3,5.9227926,5.922792597222797,1.000000000468901
31,sample_backbone,7,1.2,moving_average,critical_failure_fixed,2 -> 3 & 3 -> 2,4,5,0,5.7315542,5.731554209622318,0.9999999983211677
31,sample_backbone,7,1.2,moving_average,critical_failure_fixed,2 -> 3 & 3 -> 2,5,0,3,5.0333028,5.0333027632226255,1.0000000073068076
31,sample_backbone,7,1.2,moving_average,random_failure_fixed,2 -> 3 & 3 -> 2,1,2,5,7.7025031,7.702503075890956,1.0000000031300273
31,sample_backbone,7,1.2,moving_average,random_failure_fixed,2 -> 3 & 3 -> 2,2,3,0,6.2654347,6.265434734277143,0.9999999945291677
31,sample_backbone,7,1.2,moving_average,random_failure_fixed,2 -> 3 & 3 -> 2,3,2,3,5.9227926,5.922792597222797,1.000000000468901
31,sample_backbone,7,1.2,moving_average,random_failure_fixed,2 -> 3 & 3 -> 2,4,5,0,5.7315542,5.731554209622318,0.9999999983211677
31,sample_backbone,7,1.2,moving_average,random_failure_fixed,2 -> 3 & 3 -> 2,5,0,3,5.0333028,5.0333027632226255,1.0000000073068076
31,sample_backbone,7,1.2,linear_autoregressive,critical_failure_fixed,2 -> 3 & 3 -> 2,1,0,5,3.2857987,4.278592329642187,0.7679625556367944
31,sample_backbone,7,1.2,linear_autoregressive,critical_failure_fixed,2 -> 3 & 3 -> 2,2,2,3,3.0580419,3.0580418532381306,1.000000015291442
31,sample_backbone,7,1.2,linear_autoregressive,critical_failure_fixed,2 -> 3 & 3 -> 2,3,3,1,2.7978677,4.15821432707714,0.6728531720409553
31,sample_backbone,7,1.2,linear_autoregressive,critical_failure_fixed,2 -> 3 & 3 -> 2,4,5,0,2.7915627,2.791562745693407,0.9999999836316031
31,sample_backbone,7,1.2,linear_autoregressive,critical_failure_fixed,2 -> 3 & 3 -> 2,5,3,2,2.3418599,2.3418599097297252,0.9999999958453002
31,sample_backbone,7,1.2,linear_autoregressive,random_failure_fixed,2 -> 3 & 3 -> 2,1,0,5,3.2857987,4.278592329642187,0.7679625556367944
31,sample_backbone,7,1.2,linear_autoregressive,random_failure_fixed,2 -> 3 & 3 -> 2,2,2,3,3.0580419,3.0580418532381306,1.000000015291442
31,sample_backbone,7,1.2,linear_autoregressive,random_failure_fixed,2 -> 3 & 3 -> 2,3,3,1,2.7978677,4.15821432707714,0.6728531720409553
31,sample_backbone,7,1.2,linear_autoregressive,random_failure_fixed,2 -> 3 & 3 -> 2,4,5,0,2.7915627,2.791562745693407,0.9999999836316031
31,sample_backbone,7,1.2,linear_autoregressive,random_failure_fixed,2 -> 3 & 3 -> 2,5,3,2,2.3418599,2.3418599097297252,0.9999999958453002
31,sample_backbone,7,1.2,lstm,critical_failure_fixed,2 -> 3 & 3 -> 2,1,2,5,6.019248,6.019248008728027,0.9999999985499805
31,sample_backbone,7,1.2,lstm,critical_failure_fixed,2 -> 3 & 3 -> 2,2,2,3,4.6651821,4.665182113647461,0.9999999970746135
31,sample_backbone,7,1.2,lstm,critical_failure_fixed,2 -> 3 & 3 -> 2,3,3,0,4.638573,4.75779914855957,0.9749409033805754
31,sample_backbone,7,1.2,lstm,critical_failure_fixed,2 -> 3 & 3 -> 2,4,5,0,4.2860899,4.286089897155762,1.0000000006635976
31,sample_backbone,7,1.2,lstm,critical_failure_fixed,2 -> 3 & 3 -> 2,5,0,3,3.7527454,3.7527453899383545,1.0000000026811426
31,sample_backbone,7,1.2,lstm,random_failure_fixed,2 -> 3 & 3 -> 2,1,2,5,6.019248,6.019248008728027,0.9999999985499805
31,sample_backbone,7,1.2,lstm,random_failure_fixed,2 -> 3 & 3 -> 2,2,2,3,4.6651821,4.665182113647461,0.9999999970746135
31,sample_backbone,7,1.2,lstm,random_failure_fixed,2 -> 3 & 3 -> 2,3,3,0,4.638573,4.75779914855957,0.9749409033805754
31,sample_backbone,7,1.2,lstm,random_failure_fixed,2 -> 3 & 3 -> 2,4,5,0,4.2860899,4.286089897155762,1.0000000006635976
31,sample_backbone,7,1.2,lstm,random_failure_fixed,2 -> 3 & 3 -> 2,5,0,3,3.7527454,3.7527453899383545,1.0000000026811426
31,sample_backbone,7,1.2,uncertainty_aware_lstm_robust_lp,critical_failure_fixed,2 -> 3 & 3 -> 2,1,0,5,5.8295431,5.829543113708496,0.9999999976484443
31,sample_backbone,7,1.2,uncertainty_aware_lstm_robust_lp,critical_failure_fixed,2 -> 3 & 3 -> 2,2,2,4,5.3560561,6.394629955291748,0.8375865589482161
31,sample_backbone,7,1.2,uncertainty_aware_lstm_robust_lp,critical_failure_fixed,2 -> 3 & 3 -> 2,3,2,3,4.8452301,4.8452301025390625,0.9999999994759666
31,sample_backbone,7,1.2,uncertainty_aware_lstm_robust_lp,critical_failure_fixed,2 -> 3 & 3 -> 2,4,5,0,4.4798265,4.4798264503479,1.0000000110834872
31,sample_backbone,7,1.2,uncertainty_aware_lstm_robust_lp,critical_failure_fixed,2 -> 3 & 3 -> 2,5,3,2,3.5163014,3.516301393508911,1.0000000018459991
31,sample_backbone,7,1.2,uncertainty_aware_lstm_robust_lp,random_failure_fixed,2 -> 3 & 3 -> 2,1,0,5,5.8295431,5.829543113708496,0.9999999976484443
31,sample_backbone,7,1.2,uncertainty_aware_lstm_robust_lp,random_failure_fixed,2 -> 3 & 3 -> 2,2,2,4,5.3560561,6.394629955291748,0.8375865589482161
31,sample_backbone,7,1.2,uncertainty_aware_lstm_robust_lp,random_failure_fixed,2 -> 3 & 3 -> 2,3,2,3,4.8452301,4.8452301025390625,0.9999999994759666
31,sample_backbone,7,1.2,uncertainty_aware_lstm_robust_lp,random_failure_fixed,2 -> 3 & 3 -> 2,4,5,0,4.4798265,4.4798264503479,1.0000000110834872
31,sample_backbone,7,1.2,uncertainty_aware_lstm_robust_lp,random_failure_fixed,2 -> 3 & 3 -> 2,5,3,2,3.5163014,3.516301393508911,1.0000000018459991
31,sample_backbone,7,1.2,transformer,critical_failure_fixed,2 -> 3 & 3 -> 2,1,2,5,5.5263066,5.526306629180908,0.9999999947196364
31,sample_backbone,7,1.2,transformer,critical_failure_fixed,2 -> 3 & 3 -> 2,2,2,3,3.9925272,3.9925272464752197,0.9999999883594484
31,sample_backbone,7,1.2,transformer,critical_failure_fixed,2 -> 3 & 3 -> 2,3,3,0,3.9465997,3.9465997219085693,0.9999999944487481
31,sample_backbone,7,1.2,transformer,critical_failure_fixed,2 -> 3 & 3 -> 2,4,5,0,3.5115397,3.5115396976470947,1.0000000006700496
31,sample_backbone,7,1.2,transformer,critical_failure_fixed,2 -> 3 & 3 -> 2,5,0,3,3.3130066,3.313006639480591,0.9999999880831537
31,sample_backbone,7,1.2,transformer,random_failure_fixed,2 -> 3 & 3 -> 2,1,2,5,5.5263066,5.526306629180908,0.9999999947196364
31,sample_backbone,7,1.2,transformer,random_failure_fixed,2 -> 3 & 3 -> 2,2,2,3,3.9925272,3.9925272464752197,0.9999999883594484
31,sample_backbone,7,1.2,transformer,random_failure_fixed,2 -> 3 & 3 -> 2,3,3,0,3.9465997,3.9465997219085693,0.9999999944487481
31,sample_backbone,7,1.2,transformer,random_failure_fixed,2 -> 3 & 3 -> 2,4,5,0,3.5115397,3.5115396976470947,1.0000000006700496
31,sample_backbone,7,1.2,transformer,random_failure_fixed,2 -> 3 & 3 -> 2,5,0,3,3.3130066,3.313006639480591,0.9999999880831537
32,sample_backbone,7,1.2,current_demand_lp,critical_failure_fixed,2 -> 3 & 3 -> 2,1,2,5,3.8578024,3.857802367669518,1.000000008380544
32,sample_backbone,7,1.2,current_demand_lp,critical_failure_fixed,2 -> 3 & 3 -> 2,2,3,0,3.5960968,3.596096787261843,1.0000000035422176
32,sample_backbone,7,1.2,current_demand_lp,critical_failure_fixed,2 -> 3 & 3 -> 2,3,2,3,3.4949535,3.494953549778035,0.9999999857571683
32,sample_backbone,7,1.2,current_demand_lp,critical_failure_fixed,2 -> 3 & 3 -> 2,4,5,0,3.095672,3.0956720494991927,0.9999999840101949
32,sample_backbone,7,1.2,current_demand_lp,critical_failure_fixed,2 -> 3 & 3 -> 2,5,3,2,2.9085379,2.9085379022687405,0.9999999992199721
32,sample_backbone,7,1.2,current_demand_lp,random_failure_fixed,3 -> 5 & 5 -> 3,1,2,5,3.8578024,3.857802367669518,1.000000008380544
32,sample_backbone,7,1.2,current_demand_lp,random_failure_fixed,3 -> 5 & 5 -> 3,2,5,0,3.095672,3.0956720494991927,0.9999999840101949
32,sample_backbone,7,1.2,current_demand_lp,random_failure_fixed,3 -> 5 & 5 -> 3,3,0,5,2.9446537,4.394196360836759,0.6701233759702236
32,sample_backbone,7,1.2,current_demand_lp,random_failure_fixed,3 -> 5 & 5 -> 3,4,1,5,2.8185441,2.818544072501767,1.0000000097561834
32,sample_backbone,7,1.2,current_demand_lp,random_failure_fixed,3 -> 5 & 5 -> 3,5,5,1,2.5608409,2.560840934624675,0.9999999864791778
32,sample_backbone,7,1.2,robust_current_demand_lp,critical_failure_fixed,2 -> 3 & 3 -> 2,1,0,5,4.3941964,4.394196360836759,1.0000000089124923
32,sample_backbone,7,1.2,robust_current_demand_lp,critical_failure_fixed,2 -> 3 & 3 -> 2,2,2,4,3.8393634,4.765476686106409,0.805661983657068
32,sample_backbone,7,1.2,robust_current_demand_lp,critical_failure_fixed,2 -> 3 & 3 -> 2,3,2,3,3.4949535,3.494953549778035,0.9999999857571683
32,sample_backbone,7,1.2,robust_current_demand_lp,critical_failure_fixed,2 -> 3 & 3 -> 2,4,5,0,3.095672,3.0956720494991927,0.9999999840101949
32,sample_backbone,7,1.2,robust_current_demand_lp,critical_failure_fixed,2 -> 3 & 3 -> 2,5,3,2,2.9085379,2.9085379022687405,0.9999999992199721
32,sample_backbone,7,1.2,robust_current_demand_lp,random_failure_fixed,3 -> 5 & 5 -> 3,1,0,5,4.3941964,4.394196360836759,1.0000000089124923
32,sample_backbone,7,1.2,robust_current_demand_lp,random_failure_fixed,3 -> 5 & 5 -> 3,2,5,0,3.095672,3.0956720494991927,0.9999999840101949
32,sample_backbone,7,1.2,robust_current_demand_lp,random_failure_fixed,3 -> 5 & 5 -> 3,3,1,5,2.8185441,2.818544072501767,1.0000000097561834
32,sample_backbone,7,1.2,robust_current_demand_lp,random_failure_fixed,3 -> 5 & 5 -> 3,4,5,1,2.5608409,2.560840934624675,0.9999999864791778
32,sample_backbone,7,1.2,robust_current_demand_lp,random_failure_fixed,3 -> 5 & 5 -> 3,5,2,5,2.4082597,3.857802367669518,0.6242568878547347
32,sample_backbone,7,1.2,moving_average,critical_failure_fixed,2 -> 3 & 3 -> 2,1,2,5,7.3320614,7.332061377627679,1.0000000030513003
32,sample_backbone,7,1.2,moving_average,critical_failure_fixed,2 -> 3 & 3 -> 2,2,3,0,5.9422527,5.942252701890959,0.9999999996817773
32,sample_backbone,7,1.2,moving_average,critical_failure_fixed,2 -> 3 & 3 -> 2,3,2,3,5.6314706,5.631470615826451,0.9999999971896415
32,sample_backbone,7,1.2,moving_average,critical_failure_fixed,2 -> 3 & 3 -> 2,4,5,0,5.4735864,5.473586357730769,1.0000000077224016
32,sample_backbone,7,1.2,moving_average,critical_failure_fixed,2 -> 3 & 3 -> 2,5,0,3,4.7910622,4.791062166269635,1.0000000070402688
32,sample_backbone,7,1.2,moving_average,random_failure_fixed,3 -> 5 & 5 -> 3,1,2,5,7.3320614,7.332061377627679,1.0000000030513003
32,sample_backbone,7,1.2,moving_average,random_failure_fixed,3 -> 5 & 5 -> 3,2,5,0,5.4735864,5.473586357730769,1.0000000077224016
32,sample_backbone,7,1.2,moving_average,random_failure_fixed,3 -> 5 & 5 -> 3,3,1,5,4.3800055,4.380005465904076,1.000000007784448
32,sample_backbone,7,1.2,moving_average,random_failure_fixed,3 -> 5 & 5 -> 3,4,5,1,4.3537627,4.35376271961259,0.9999999954952552
32,sample_backbone,7,1.2,moving_average,random_failure_fixed,3 -> 5 & 5 -> 3,5,5,3,4.1286157,4.128615727823532,0.9999999932608086
32,sample_backbone,7,1.2,linear_autoregressive,critical_failure_fixed,2 -> 3 & 3 -> 2,1,2,3,2.7935198,2.793519751456189,1.000000017377293
32,sample_backbone,7,1.2,linear_autoregressive,critical_failure_fixed,2 -> 3 & 3 -> 2,2,0,5,2.6329929,3.410262213140479,0.7720793110437397
32,sample_backbone,7,1.2,linear_autoregressive,critical_failure_fixed,2 -> 3 & 3 -> 2,3,5,0,2.3446194,2.34461938568975,1.0000000061034426
32,sample_backbone,7,1.2,linear_autoregressive,critical_failure_fixed,2 -> 3 & 3 -> 2,4,3,1,2.2069599,3.2283153976929153,0.6836258630669058
32,sample_backbone,7,1.2,linear_autoregressive,critical_failure_fixed,2 -> 3 & 3 -> 2,5,3,2,1.9856864,1.9856863710409955,1.0000000145838763
32,sample_backbone,7,1.2,linear_autoregressive,random_failure_fixed,3 -> 5 & 5 -> 3,1,0,5,2.4782559,3.410262213140479,0.726705380733113
32,sample_backbone,7,1.2,linear_autoregressive,random_failure_fixed,3 -> 5 & 5 -> 3,2,5,0,2.3446194,2.34461938568975,1.0000000061034426
32,sample_backbone,7,1.2,linear_autoregressive,random_failure_fixed,3 -> 5 & 5 -> 3,3,5,3,2.1527018,2.152701793268109,1.0000000031271823
32,sample_backbone,7,1.2,linear_autoregressive,random_failure_fixed,3 -> 5 & 5 -> 3,4,5,1,2.0599965,2.059996524674989,0.9999999880218298
32,sample_backbone,7,1.2,linear_autoregressive,random_failure_fixed,3 -> 5 & 5 -> 3,5,1,5,2.0353909,2.035390939873351,0.999999980409979
32,sample_backbone,7,1.2,lstm,critical_failure_fixed,2 -> 3 & 3 -> 2,1,2,5,6.0026941,6.002694129943848,0.9999999950115986
32,sample_backbone,7,1.2,lstm,critical_failure_fixed,2 -> 3 & 3 -> 2,2,2,3,4.6358299,4.635829925537109,0.9999999944913619
32,sample_backbone,7,1.2,lstm,critical_failure_fixed,2 -> 3 & 3 -> 2,3,3,0,4.622476,4.740365505218506,0.9751307140580773
32,sample_backbone,7,1.2,lstm,critical_failure_fixed,2 -> 3 & 3 -> 2,4,5,0,4.2686472,4.268647193908691,1.000000001426988
32,sample_backbone,7,1.2,lstm,critical_failure_fixed,2 -> 3 & 3 -> 2,5,0,3,3.7226899,3.7226898670196533,1.0000000088592786
32,sample_backbone,7,1.2,lstm,random_failure_fixed,3 -> 5 & 5 -> 3,1,2,5,6.0026941,6.002694129943848,0.9999999950115986
32,sample_backbone,7,1.2,lstm,random_failure_fixed,3 -> 5 & 5 -> 3,2,5,0,4.2686472,4.268647193908691,1.000000001426988
32,sample_backbone,7,1.2,lstm,random_failure_fixed,3 -> 5 & 5 -> 3,3,1,5,3.5507166,3.5507166385650635,0.9999999891387944
32,sample_backbone,7,1.2,lstm,random_failure_fixed,3 -> 5 & 5 -> 3,4,5,1,3.379847,3.3798470497131348,0.9999999852913063
32,sample_backbone,7,1.2,lstm,random_failure_fixed,3 -> 5 & 5 -> 3,5,5,3,3.136832,3.1368319988250732,1.0000000003745584
32,sample_backbone,7,1.2,uncertainty_aware_lstm_robust_lp,critical_failure_fixed,2 -> 3 & 3 -> 2,1,0,5,5.8142743,5.814274311065674,0.9999999980968092
32,sample_backbone,7,1.2,uncertainty_aware_lstm_robust_lp,critical_failure_fixed,2 -> 3 & 3 -> 2,2,2,4,5.3514967,6.3746538162231445,0.8394960501824796
32,sample_backbone,7,1.2,uncertainty_aware_lstm_robust_lp,critical_failure_fixed,2 -> 3 & 3 -> 2,3,2,3,4.8158779,4.815877914428711,0.9999999970039293
32,sample_backbone,7,1.2,uncertainty_aware_lstm_robust_lp,critical_failure_fixed,2 -> 3 & 3 -> 2,4,5,0,4.4623837,4.46238374710083,0.9999999894449172
32,sample_backbone,7,1.2,uncertainty_aware_lstm_robust_lp,critical_failure_fixed,2 -> 3 & 3 -> 2,5,3,2,3.4914889,3.4914889335632324,0.9999999903871291
32,sample_backbone,7,1.2,uncertainty_aware_lstm_robust_lp,random_failure_fixed,3 -> 5 & 5 -> 3,1,0,5,5.8142743,5.814274311065674,0.9999999980968092
32,sample_backbone,7,1.2,uncertainty_aware_lstm_robust_lp,random_failure_fixed,3 -> 5 & 5 -> 3,2,5,0,4.4623837,4.46238374710083,0.9999999894449172
32,sample_backbone,7,1.2,uncertainty_aware_lstm_robust_lp,random_failure_fixed,3 -> 5 & 5 -> 3,3,1,5,3.7096889,3.709688901901245,0.9999999994874921
32,sample_backbone,7,1.2,uncertainty_aware_lstm_robust_lp,random_failure_fixed,3 -> 5 & 5 -> 3,4,5,1,3.5202038,3.5202038288116455,0.9999999918153474
32,sample_backbone,7,1.2,uncertainty_aware_lstm_robust_lp,random_failure_fixed,3 -> 5 & 5 -> 3,5,2,5,3.4590476,6.393421649932861,0.5410322968509865
32,sample_backbone,7,1.2,transformer,critical_failure_fixed,2 -> 3 & 3 -> 2,1,2,5,5.3211999,5.321199893951416,1.0000000011366954
32,sample_backbone,7,1.2,transformer,critical_failure_fixed,2 -> 3 & 3 -> 2,2,2,3,3.8890336,3.889033555984497,1.000000011317851
32,sample_backbone,7,1.2,transformer,critical_failure_fixed,2 -> 3 & 3 -> 2,3,3,0,3.874378,3.874377965927124,1.000000008794412
32,sample_backbone,7,1.2,transformer,critical_failure_fixed,2 -> 3 & 3 -> 2,4,5,0,3.4075298,3.407529830932617,0.9999999909222754
32,sample_backbone,7,1.2,transformer,critical_failure_fixed,2 -> 3 & 3 -> 2,5,0,3,3.1622937,3.1622936725616455,1.0000000086767258
32,sample_backbone,7,1.2,transformer,random_failure_fixed,3 -> 5 & 5 -> 3,1,2,5,5.3211999,5.321199893951416,1.0000000011366954
32,sample_backbone,7,1.2,transformer,random_failure_fixed,3 -> 5 & 5 -> 3,2,5,0,3.4075298,3.407529830932617,0.9999999909222754
32,sample_backbone,7,1.2,transformer,random_failure_fixed,3 -> 5 & 5 -> 3,3,5,1,2.7509692,2.750969171524048,1.0000000103512436
32,sample_backbone,7,1.2,transformer,random_failure_fixed,3 -> 5 & 5 -> 3,4,1,5,2.68486,2.6848599910736084,1.000000003324714
32,sample_backbone,7,1.2,transformer,random_failure_fixed,3 -> 5 & 5 -> 3,5,5,3,2.556725,2.556725025177002,0.9999999901526361
33,sample_backbone,7,1.2,current_demand_lp,critical_failure_fixed,2 -> 3 & 3 -> 2,1,2,5,4.1994444,4.199444404866444,0.9999999988411695
33,sample_backbone,7,1.2,current_demand_lp,critical_failure_fixed,2 -> 3 & 3 -> 2,2,2,3,3.434373,3.434372997225013,1.0000000008080039
33,sample_backbone,7,1.2,current_demand_lp,critical_failure_fixed,2 -> 3 & 3 -> 2,3,5,0,3.2597823,3.2597822626677857,1.0000000114523644
33,sample_backbone,7,1.2,current_demand_lp,critical_failure_fixed,2 -> 3 & 3 -> 2,4,3,0,2.9425831,3.4426629208671824,0.854740405214805
33,sample_backbone,7,1.2,current_demand_lp,critical_failure_fixed,2 -> 3 & 3 -> 2,5,3,2,2.8462908,2.846290827747246,0.9999999902514367
33,sample_backbone,7,1.2,current_demand_lp,random_failure_fixed,3 -> 5 & 5 -> 3,1,2,5,4.1994444,4.199444404866444,0.9999999988411695
33,sample_backbone,7,1.2,current_demand_lp,random_failure_fixed,3 -> 5 & 5 -> 3,2,5,0,3.2597823,3.2597822626677857,1.0000000114523644
33,sample_backbone,7,1.2,current_demand_lp,random_failure_fixed,3 -> 5 & 5 -> 3,3,1,5,2.9881928,2.988192815913896,0.9999999946744079
33,sample_backbone,7,1.2,current_demand_lp,random_failure_fixed,3 -> 5 & 5 -> 3,4,5,1,2.8661825,2.8661824962690203,1.0000000013017243
33,sample_backbone,7,1.2,current_demand_lp,random_failure_fixed,3 -> 5 & 5 -> 3,5,3,5,2.2757047,2.2757046878280534,1.0000000053486495
33,sample_backbone,7,1.2,robust_current_demand_lp,critical_failure_fixed,2 -> 3 & 3 -> 2,1,2,4,4.2250408,4.398061052463981,0.9606598793422735
33,sample_backbone,7,1.2,robust_current_demand_lp,critical_failure_fixed,2 -> 3 & 3 -> 2,2,0,5,4.0955424,4.095542413449134,0.9999999967161534
33,sample_backbone,7,1.2,robust_current_demand_lp,critical_failure_fixed,2 -> 3 & 3 -> 2,3,2,3,3.434373,3.434372997225013,1.0000000008080039
33,sample_backbone,7,1.2,robust_current_demand_lp,critical_failure_fixed,2 -> 3 & 3 -> 2,4,5,0,3.2597823,3.2597822626677857,1.0000000114523644
33,sample_backbone,7,1.2,robust_current_demand_lp,critical_failure_fixed,2 -> 3 & 3 -> 2,5,3,2,2.8462908,2.846290827747246,0.9999999902514367
33,sample_backbone,7,1.2,robust_current_demand_lp,random_failure_fixed,3 -> 5 & 5 -> 3,1,0,5,4.0955424,4.095542413449134,0.9999999967161534
33,sample_backbone,7,1.2,robust_current_demand_lp,random_failure_fixed,3 -> 5 & 5 -> 3,2,5,0,3.2597823,3.2597822626677857,1.0000000114523644
33,sample_backbone,7,1.2,robust_current_demand_lp,random_failure_fixed,3 -> 5 & 5 -> 3,3,1,5,2.9881928,2.988192815913896,0.9999999946744079
33,sample_backbone,7,1.2,robust_current_demand_lp,random_failure_fixed,3 -> 5 & 5 -> 3,4,5,1,2.8661825,2.8661824962690203,1.0000000013017243
33,sample_backbone,7,1.2,robust_current_demand_lp,random_failure_fixed,3 -> 5 & 5 -> 3,5,3,5,2.2757047,2.2757046878280534,1.0000000053486495
33,sample_backbone,7,1.2,moving_average,critical_failure_fixed,2 -> 3 & 3 -> 2,1,2,5,6.8965745,6.8965745377771785,0.9999999945223272
33,sample_backbone,7,1.2,moving_average,critical_failure_fixed,2 -> 3 & 3 -> 2,2,3,0,5.4965903,5.496590292308059,1.0000000013994024
33,sample_backbone,7,1.2,moving_average,critical_failure_fixed,2 -> 3 & 3 -> 2,3,2,3,5.2682038,5.268203832690534,0.9999999937947477
33,sample_backbone,7,1.2,moving_average,critical_failure_fixed,2 -> 3 & 3 -> 2,4,5,0,5.0855088,5.08550876762067,1.0000000063669796
33,sample_backbone,7,1.2,moving_average,critical_failure_fixed,2 -> 3 & 3 -> 2,5,0,3,4.4534892,4.453489187634027,1.000000002776693
33,sample_backbone,7,1.2,moving_average,random_failure_fixed,3 -> 5 & 5 -> 3,1,2,5,6.8965745,6.8965745377771785,0.9999999945223272
33,sample_backbone,7,1.2,moving_average,random_failure_fixed,3 -> 5 & 5 -> 3,2,5,0,5.0855088,5.08550876762067,1.0000000063669796
33,sample_backbone,7,1.2,moving_average,random_failure_fixed,3 -> 5 & 5 -> 3,3,1,5,4.1330953,4.13309534874872,0.9999999882052758
33,sample_backbone,7,1.2,moving_average,random_failure_fixed,3 -> 5 & 5 -> 3,4,5,1,4.0723143,4.072314282547593,1.0000000042856239
33,sample_backbone,7,1.2,moving_average,random_failure_fixed,3 -> 5 & 5 -> 3,5,5,3,3.7995793,3.799579295954374,1.0000000010647563
33,sample_backbone,7,1.2,linear_autoregressive,critical_failure_fixed,2 -> 3 & 3 -> 2,1,3,0,3.355071,3.5787270028846083,0.9375040335000877
33,sample_backbone,7,1.2,linear_autoregressive,critical_failure_fixed,2 -> 3 & 3 -> 2,2,2,3,3.1650892,3.1650891585917136,1.0000000130828184
33,sample_backbone,7,1.2,linear_autoregressive,critical_failure_fixed,2 -> 3 & 3 -> 2,3,2,5,2.8516484,2.851648426983772,0.999999990537483
33,sample_backbone,7,1.2,linear_autoregressive,critical_failure_fixed,2 -> 3 & 3 -> 2,4,5,0,2.7033448,2.703344783045965,1.000000006271503
33,sample_backbone,7,1.2,linear_autoregressive,critical_failure_fixed,2 -> 3 & 3 -> 2,5,0,5,2.5372185,3.925346177470178,0.6463680871161269
33,sample_backbone,7,1.2,linear_autoregressive,random_failure_fixed,3 -> 5 & 5 -> 3,1,0,5,3.1028264,3.925346177470178,0.7904593021142715
33,sample_backbone,7,1.2,linear_autoregressive,random_failure_fixed,3 -> 5 & 5 -> 3,2,5,3,2.9631119,2.9631119371310533,0.9999999874688995
33,sample_backbone,7,1.2,linear_autoregressive,random_failure_fixed,3 -> 5 & 5 -> 3,3,2,5,2.8516484,2.851648426983772,0.999999990537483
33,sample_backbone,7,1.2,linear_autoregressive,random_failure_fixed,3 -> 5 & 5 -> 3,4,1,5,2.719844,2.7198440099198393,0.9999999963527911
33,sample_backbone,7,1.2,linear_autoregressive,random_failure_fixed,3 -> 5 & 5 -> 3,5,5,0,2.7033448,2.703344783045965,1.000000006271503
33,sample_backbone,7,1.2,lstm,critical_failure_fixed,2 -> 3 & 3 -> 2,1,2,5,5.9987183,5.99871826171875,1.0000000063815717
33,sample_backbone,7,1.2,lstm,critical_failure_fixed,2 -> 3 & 3 -> 2,2,2,3,4.6287766,4.628776550292969,1.0000000107386975
33,sample_backbone,7,1.2,lstm,critical_failure_fixed,2 -> 3 & 3 -> 2,3,3,0,4.6186092,4.736173629760742,0.9751773395675358
33,sample_backbone,7,1.2,lstm,critical_failure_fixed,2 -> 3 & 3 -> 2,4,5,0,4.2644529,4.264452934265137,0.9999999919649397
33,sample_backbone,7,1.2,lstm,critical_failure_fixed,2 -> 3 & 3 -> 2,5,0,3,3.7154675,3.7154674530029297,1.000000012649033
33,sample_backbone,7,1.2,lstm,random_failure_fixed,3 -> 5 & 5 -> 3,1,2,5,5.9987183,5.99871826171875,1.0000000063815717
33,sample_backbone,7,1.2,lstm,random_failure_fixed,3 -> 5 & 5 -> 3,2,5,0,4.2644529,4.264452934265137,0.9999999919649397
33,sample_backbone,7,1.2,lstm,random_failure_fixed,3 -> 5 & 5 -> 3,3,1,5,3.5447125,3.544712543487549,0.9999999877317136
33,sample_backbone,7,1.2,lstm,random_failure_fixed,3 -> 5 & 5 -> 3,4,5,1,3.3741002,3.3741002082824707,0.9999999975452801
33,sample_backbone,7,1.2,lstm,random_failure_fixed,3 -> 5 & 5 -> 3,5,5,3,3.1320918,3.132091760635376,1.000000012568158
33,sample_backbone,7,1.2,uncertainty_aware_lstm_robust_lp,critical_failure_fixed,2 -> 3 & 3 -> 2,1,0,5,5.8106046,5.810604572296143,1.0000000047678097
33,sample_backbone,7,1.2,uncertainty_aware_lstm_robust_lp,critical_failure_fixed,2 -> 3 & 3 -> 2,2,2,4,5.3503999,6.369856357574463,0.8399561308219743
33,sample_backbone,7,1.2,uncertainty_aware_lstm_robust_lp,critical_failure_fixed,2 -> 3 & 3 -> 2,3,2,3,4.8088245,4.80882453918457,0.9999999918515284
33,sample_backbone,7,1.2,uncertainty_aware_lstm_robust_lp,critical_failure_fixed,2 -> 3 & 3 -> 2,4,5,0,4.4581895,4.458189487457275,1.0000000028134122
33,sample_backbone,7,1.2,uncertainty_aware_lstm_robust_lp,critical_failure_fixed,2 -> 3 & 3 -> 2,5,3,2,3.4855292,3.4855291843414307,1.000000004492451
33,sample_backbone,7,1.2,uncertainty_aware_lstm_robust_lp,random_failure_fixed,3 -> 5 & 5 -> 3,1,0,5,5.8106046,5.810604572296143,1.0000000047678097
33,sample_backbone,7,1.2,uncertainty_aware_lstm_robust_lp,random_failure_fixed,3 -> 5 & 5 -> 3,2,5,0,4.4581895,4.458189487457275,1.0000000028134122
33,sample_backbone,7,1.2,uncertainty_aware_lstm_robust_lp,random_failure_fixed,3 -> 5 & 5 -> 3,3,1,5,3.7036848,3.7036848068237305,0.9999999981575833
33,sample_backbone,7,1.2,uncertainty_aware_lstm_robust_lp,random_failure_fixed,3 -> 5 & 5 -> 3,4,5,1,3.514457,3.5144569873809814,1.0000000035906027
33,sample_backbone,7,1.2,uncertainty_aware_lstm_robust_lp,random_failure_fixed,3 -> 5 & 5 -> 3,5,2,5,3.4551624,6.389445781707764,0.5407608919527459
33,sample_backbone,7,1.2,transformer,critical_failure_fixed,2 -> 3 & 3 -> 2,1,2,5,5.252707,5.252707004547119,0.9999999991343285
33,sample_backbone,7,1.2,transformer,critical_failure_fixed,2 -> 3 & 3 -> 2,2,3,0,3.8640201,3.8640201091766357,0.9999999976251066
33,sample_backbone,7,1.2,transformer,critical_failure_fixed,2 -> 3 & 3 -> 2,3,2,3,3.8623717,3.8623716831207275,1.0000000043701833
33,sample_backbone,7,1.2,transformer,critical_failure_fixed,2 -> 3 & 3 -> 2,4,5,0,3.415473,3.415472984313965,1.0000000045926392
33,sample_backbone,7,1.2,transformer,critical_failure_fixed,2 -> 3 & 3 -> 2,5,0,3,3.1145868,3.11458683013916,0.9999999903232237
33,sample_backbone,7,1.2,transformer,random_failure_fixed,3 -> 5 & 5 -> 3,1,2,5,5.252707,5.252707004547119,0.9999999991343285
33,sample_backbone,7,1.2,transformer,random_failure_fixed,3 -> 5 & 5 -> 3,2,5,0,3.415473,3.415472984313965,1.0000000045926392
33,sample_backbone,7,1.2,transformer,random_failure_fixed,3 -> 5 & 5 -> 3,3,5,1,2.7364361,2.736436128616333,0.9999999895424809
33,sample_backbone,7,1.2,transformer,random_failure_fixed,3 -> 5 & 5 -> 3,4,1,5,2.6610539,2.6610538959503174,1.0000000015218342
33,sample_backbone,7,1.2,transformer,random_failure_fixed,3 -> 5 & 5 -> 3,5,5,3,2.5401931,2.5401930809020996,1.0000000075182869
34,sample_backbone,7,1.2,current_demand_lp,critical_failure_fixed,2 -> 3 & 3 -> 2,1,2,5,4.2187735,4.218773478891417,1.0000000050034883
34,sample_backbone,7,1.2,current_demand_lp,critical_failure_fixed,2 -> 3 & 3 -> 2,2,2,3,3.3991892,3.399189217343146,0.999999994897858
34,sample_backbone,7,1.2,current_demand_lp,critical_failure_fixed,2 -> 3 & 3 -> 2,3,5,0,2.8926569,2.892656887970988,1.000000004158465
34,sample_backbone,7,1.2,current_demand_lp,critical_failure_fixed,2 -> 3 & 3 -> 2,4,3,0,2.6748489,3.8155678180420405,0.7010356066407436
34,sample_backbone,7,1.2,current_demand_lp,critical_failure_fixed,2 -> 3 & 3 -> 2,5,3,2,2.6091335,2.6091335448827806,0.9999999827978217
34,sample_backbone,7,1.2,current_demand_lp,random_failure_fixed,0 -> 1 & 1 -> 0,1,0,1,4.3714709,4.37147085908079,1.000000009360513
34,sample_backbone,7,1.2,current_demand_lp,random_failure_fixed,0 -> 1 & 1 -> 0,2,0,5,2.2342852,4.128283963668265,0.5412140297671489
34,sample_backbone,7,1.2,current_demand_lp,random_failure_fixed,0 -> 1 & 1 -> 0,3,1,0,1.7463844,1.7463844411984952,0.9999999764092634
34,sample_backbone,7,1.2,current_demand_lp,random_failure_fixed,0 -> 1 & 1 -> 0,4,3,0,1.1407189,3.8155678180420405,0.2989643886307229
34,sample_backbone,7,1.2,current_demand_lp,random_failure_fixed,0 -> 1 & 1 -> 0,5,0,4,0.21156594,2.946722920566495,0.07179702527285034
34,sample_backbone,7,1.2,robust_current_demand_lp,critical_failure_fixed,2 -> 3 & 3 -> 2,1,2,4,4.5062581,4.537653923270611,0.9930810450066273
34,sample_backbone,7,1.2,robust_current_demand_lp,critical_failure_fixed,2 -> 3 & 3 -> 2,2,0,5,4.128284,4.128283963668265,1.000000008800687
34,sample_backbone,7,1.2,robust_current_demand_lp,critical_failure_fixed,2 -> 3 & 3 -> 2,3,2,3,3.3991892,3.399189217343146,0.999999994897858
34,sample_backbone,7,1.2,robust_current_demand_lp,critical_failure_fixed,2 -> 3 & 3 -> 2,4,5,0,2.8926569,2.892656887970988,1.000000004158465
34,sample_backbone,7,1.2,robust_current_demand_lp,critical_failure_fixed,2 -> 3 & 3 -> 2,5,3,0,2.6748489,3.8155678180420405,0.7010356066407436
34,sample_backbone,7,1.2,robust_current_demand_lp,random_failure_fixed,0 -> 1 & 1 -> 0,1,0,1,4.3714709,4.37147085908079,1.000000009360513
34,sample_backbone,7,1.2,robust_current_demand_lp,random_failure_fixed,0 -> 1 & 1 -> 0,2,0,3,2.2342852,2.3766202117175896,0.9401103251517314
34,sample_backbone,7,1.2,robust_current_demand_lp,random_failure_fixed,0 -> 1 & 1 -> 0,3,1,0,1.7463844,1.7463844411984952,0.9999999764092634
34,sample_backbone,7,1.2,robust_current_demand_lp,random_failure_fixed,0 -> 1 & 1 -> 0,4,3,0,1.1407189,3.8155678180420405,0.2989643886307229
34,sample_backbone,7,1.2,robust_current_demand_lp,random_failure_fixed,0 -> 1 & 1 -> 0,5,0,2,0.21156594,4.100337729197369,0.05159719856574193
34,sample_backbone,7,1.2,moving_average,critical_failure_fixed,2 -> 3 & 3 -> 2,1,2,5,6.4090238,6.409023823531155,0.9999999963284338
34,sample_backbone,7,1.2,moving_average,critical_failure_fixed,2 -> 3 & 3 -> 2,2,3,0,5.0502803,5.050280300035196,0.9999999999930309
34,sample_backbone,7,1.2,moving_average,critical_failure_fixed,2 -> 3 & 3 -> 2,3,2,3,4.8003396,4.800339596778523,1.0000000006710936
34,sample_backbone,7,1.2,moving_average,critical_failure_fixed,2 -> 3 & 3 -> 2,4,5,0,4.6121953,4.612195335000039,0.9999999924114144
34,sample_backbone,7,1.2,moving_average,critical_failure_fixed,2 -> 3 & 3 -> 2,5,0,3,4.1394617,4.13946170347916,0.9999999991595139
34,sample_backbone,7,1.2,moving_average,random_failure_fixed,0 -> 1 & 1 -> 0,1,0,1,6.1169386,6.116938559720541,1.0000000065849048
34,sample_backbone,7,1.2,moving_average,random_failure_fixed,0 -> 1 & 1 -> 0,2,0,5,3.3070578,6.079728948442466,0.5439482299366681
34,sample_backbone,7,1.2,moving_average,random_failure_fixed,0 -> 1 & 1 -> 0,3,1,0,2.6857492,2.685749150790776,1.0000000183223456
34,sample_backbone,7,1.2,moving_average,random_failure_fixed,0 -> 1 & 1 -> 0,4,0,4,0.094949055,3.938629175736513,0.024107132396449783
34,sample_backbone,7,1.2,linear_autoregressive,critical_failure_fixed,0 -> 2 & 2 -> 0,1,0,5,2.4138687,3.3624755981276038,0.7178843770179817
34,sample_backbone,7,1.2,linear_autoregressive,critical_failure_fixed,0 -> 2 & 2 -> 0,2,0,2,1.6812023,1.6812022607571029,1.0000000233421629
34,sample_backbone,7,1.2,linear_autoregressive,critical_failure_fixed,0 -> 2 & 2 -> 0,3,5,0,1.6709754,1.6709753520724364,1.0000000286823882
34,sample_backbone,7,1.2,linear_autoregressive,critical_failure_fixed,0 -> 2 & 2 -> 0,4,2,0,1.5925624,1.592562376639027,1.0000000146687962
34,sample_backbone,7,1.2,linear_autoregressive,critical_failure_fixed,0 -> 2 & 2 -> 0,5,0,4,1.5136113,1.51361133644075,0.999999975924632
34,sample_backbone,7,1.2,linear_autoregressive,random_failure_fixed,0 -> 1 & 1 -> 0,1,1,0,1.9683789,1.9683788831143385,1.000000008578461
34,sample_backbone,7,1.2,linear_autoregressive,random_failure_fixed,0 -> 1 & 1 -> 0,2,0,1,1.6835374,1.683537431158966,0.9999999814919673
34,sample_backbone,7,1.2,linear_autoregressive,random_failure_fixed,0 -> 1 & 1 -> 0,3,0,5,0.94860687,3.3624755981276038,0.282115614616871
34,sample_backbone,7,1.2,linear_autoregressive,random_failure_fixed,0 -> 1 & 1 -> 0,4,3,0,0.59674224,1.9303019295119492,0.30914450784954567
34,sample_backbone,7,1.2,lstm,critical_failure_fixed,2 -> 3 & 3 -> 2,1,2,5,5.9978333,5.997833251953125,1.0000000080107054
34,sample_backbone,7,1.2,lstm,critical_failure_fixed,2 -> 3 & 3 -> 2,2,2,3,4.6272092,4.627209186553955,1.0000000029058649
34,sample_backbone,7,1.2,lstm,critical_failure_fixed,2 -> 3 & 3 -> 2,3,3,0,4.6177478,4.735243797302246,0.9751869170138219
34,sample_backbone,7,1.2,lstm,critical_failure_fixed,2 -> 3 & 3 -> 2,4,5,0,4.2635231,4.263523101806641,0.9999999995762563
34,sample_backbone,7,1.2,lstm,critical_failure_fixed,2 -> 3 & 3 -> 2,5,0,3,3.7138624,3.713862419128418,0.9999999948494543
34,sample_backbone,7,1.2,lstm,random_failure_fixed,0 -> 1 & 1 -> 0,1,0,1,5.63416,5.634160041809082,0.9999999925793583
34,sample_backbone,7,1.2,lstm,random_failure_fixed,0 -> 1 & 1 -> 0,2,0,5,2.8967154,5.5672173500061035,0.520316563533634
34,sample_backbone,7,1.2,lstm,random_failure_fixed,0 -> 1 & 1 -> 0,3,1,0,2.679075,2.679075002670288,0.9999999990032798
34,sample_backbone,7,1.2,lstm,random_failure_fixed,0 -> 1 & 1 -> 0,4,3,0,0.11749601,4.735243797302246,0.024813085667719916
34,sample_backbone,7,1.2,uncertainty_aware_lstm_robust_lp,critical_failure_fixed,2 -> 3 & 3 -> 2,1,0,5,5.8097892,5.809789180755615,1.0000000033124068
34,sample_backbone,7,1.2,uncertainty_aware_lstm_robust_lp,critical_failure_fixed,2 -> 3 & 3 -> 2,2,2,4,5.3501577,6.368788719177246,0.8400589085158349
34,sample_backbone,7,1.2,uncertainty_aware_lstm_robust_lp,critical_failure_fixed,2 -> 3 & 3 -> 2,3,2,3,4.8072572,4.807257175445557,1.0000000051077864
34,sample_backbone,7,1.2,uncertainty_aware_lstm_robust_lp,critical_failure_fixed,2 -> 3 & 3 -> 2,4,5,0,4.4572597,4.457259654998779,1.000000010096163
34,sample_backbone,7,1.2,uncertainty_aware_lstm_robust_lp,critical_failure_fixed,2 -> 3 & 3 -> 2,5,3,2,3.4842026,3.4842026233673096,0.9999999932933552
34,sample_backbone,7,1.2,uncertainty_aware_lstm_robust_lp,random_failure_fixed,0 -> 1 & 1 -> 0,1,0,1,5.8808603,5.880860328674316,0.999999995124129
34,sample_backbone,7,1.2,uncertainty_aware_lstm_robust_lp,random_failure_fixed,0 -> 1 & 1 -> 0,2,0,3,3.015839,4.022811412811279,0.7496844098621138
34,sample_backbone,7,1.2,uncertainty_aware_lstm_robust_lp,random_failure_fixed,0 -> 1 & 1 -> 0,3,1,0,2.7854359,2.785435914993286,0.9999999946172569
34,sample_backbone,7,1.2,uncertainty_aware_lstm_robust_lp,random_failure_fixed,0 -> 1 & 1 -> 0,4,3,0,1.5555358,4.960703372955322,0.31357162141168193
34,sample_backbone,7,1.2,transformer,critical_failure_fixed,2 -> 3 & 3 -> 2,1,2,5,5.3975954,5.397595405578613,0.9999999989664633
34,sample_backbone,7,1.2,transformer,critical_failure_fixed,2 -> 3 & 3 -> 2,2,2,3,3.9227545,3.9227545261383057,0.999999993336747
34,sample_backbone,7,1.2,transformer,critical_failure_fixed,2 -> 3 & 3 -> 2,3,3,0,3.8975108,3.8975107669830322,1.000000008471296
34,sample_backbone,7,1.2,transformer,critical_failure_fixed,2 -> 3 & 3 -> 2,4,5,0,3.4650886,3.4650886058807373,0.9999999983028609
34,sample_backbone,7,1.2,transformer,critical_failure_fixed,2 -> 3 & 3 -> 2,5,0,3,3.2127736,3.212773561477661,1.0000000119903685
34,sample_backbone,7,1.2,transformer,random_failure_fixed,0 -> 1 & 1 -> 0,1,0,1,4.7499714,4.749971389770508,1.0000000021535902
34,sample_backbone,7,1.2,transformer,random_failure_fixed,0 -> 1 & 1 -> 0,2,1,0,2.3795788,2.3795788288116455,0.999999987892124
34,sample_backbone,7,1.2,transformer,random_failure_fixed,0 -> 1 & 1 -> 0,3,0,5,2.1990664,4.575760841369629,0.4805903272125056
