time_step,topology,seed,load_scale,method,scenario,failed_link,commodity_rank,source,destination,disrupted_amount,demand_value,commodity_disruption_ratio
22,sample_backbone,11,1.0,current_demand_lp,critical_failure_fixed,2 -> 3 & 3 -> 2,1,2,3,4.6180807,4.618080731498285,0.999999993179356
22,sample_backbone,11,1.0,current_demand_lp,critical_failure_fixed,2 -> 3 & 3 -> 2,2,3,2,4.6020568,4.602056761702614,1.0000000083217977
22,sample_backbone,11,1.0,current_demand_lp,critical_failure_fixed,2 -> 3 & 3 -> 2,3,0,5,4.46243,4.996269334791406,0.8931524105247834
22,sample_backbone,11,1.0,current_demand_lp,critical_failure_fixed,2 -> 3 & 3 -> 2,4,2,5,3.6544437,3.654443672265842,1.00000000758916
22,sample_backbone,11,1.0,current_demand_lp,critical_failure_fixed,2 -> 3 & 3 -> 2,5,5,2,2.5011807,2.5011807330781584,0.9999999867749827
22,sample_backbone,11,1.0,current_demand_lp,random_failure_fixed,3 -> 4 & 4 -> 3,1,4,3,4.4024623,4.402462316696027,0.9999999962075707
22,sample_backbone,11,1.0,current_demand_lp,random_failure_fixed,3 -> 4 & 4 -> 3,2,3,4,3.6301764,3.630176383448536,1.0000000045594104
22,sample_backbone,11,1.0,current_demand_lp,random_failure_fixed,3 -> 4 & 4 -> 3,3,0,5,3.0894846,4.996269334791406,0.6183582975574285
22,sample_backbone,11,1.0,current_demand_lp,random_failure_fixed,3 -> 4 & 4 -> 3,4,2,4,1.3589393,4.445615362816216,0.30568080886312593
22,sample_backbone,11,1.0,current_demand_lp,random_failure_fixed,3 -> 4 & 4 -> 3,5,4,1,1.227716,3.3688101334282776,0.36443609208412464
22,sample_backbone,11,1.0,robust_current_demand_lp,critical_failure_fixed,2 -> 3 & 3 -> 2,1,0,5,4.9962693,4.996269334791406,0.9999999930365231
22,sample_backbone,11,1.0,robust_current_demand_lp,critical_failure_fixed,2 -> 3 & 3 -> 2,2,2,3,4.6180807,4.618080731498285,0.999999993179356
22,sample_backbone,11,1.0,robust_current_demand_lp,critical_failure_fixed,2 -> 3 & 3 -> 2,3,3,2,4.6020568,4.602056761702614,1.0000000083217977
22,sample_backbone,11,1.0,robust_current_demand_lp,critical_failure_fixed,2 -> 3 & 3 -> 2,4,2,4,4.4456154,4.445615362816216,1.0000000083641478
22,sample_backbone,11,1.0,robust_current_demand_lp,critical_failure_fixed,2 -> 3 & 3 -> 2,5,5,0,3.0817776,3.081777625779747,0.9999999916347804
22,sample_backbone,11,1.0,robust_current_demand_lp,random_failure_fixed,3 -> 4 & 4 -> 3,1,2,4,4.4456154,4.445615362816216,1.0000000083641478
22,sample_backbone,11,1.0,robust_current_demand_lp,random_failure_fixed,3 -> 4 & 4 -> 3,2,4,3,4.4024623,4.402462316696027,0.9999999962075707
22,sample_backbone,11,1.0,robust_current_demand_lp,random_failure_fixed,3 -> 4 & 4 -> 3,3,3,4,3.6301764,3.630176383448536,1.0000000045594104
22,sample_backbone,11,1.0,robust_current_demand_lp,random_failure_fixed,3 -> 4 & 4 -> 3,4,5,0,1.1295219,3.081777625779747,0.3665163542467507
22,sample_backbone,11,1.0,robust_current_demand_lp,random_failure_fixed,3 -> 4 & 4 -> 3,5,4,0,0.0981941,3.0894021239817864,0.03178417572699866
22,sample_backbone,11,1.0,moving_average,critical_failure_fixed,2 -> 3 & 3 -> 2,1,3,2,4.6124818,4.612481843292284,0.9999999906141022
22,sample_backbone,11,1.0,moving_average,critical_failure_fixed,2 -> 3 & 3 -> 2,2,2,3,4.0887863,4.088786324669159,0.9999999939666304
22,sample_backbone,11,1.0,moving_average,critical_failure_fixed,2 -> 3 & 3 -> 2,3,0,5,4.0078776,4.7152381800882175,0.8499841252823025
22,sample_backbone,11,1.0,moving_average,critical_failure_fixed,2 -> 3 & 3 -> 2,4,2,5,3.467169,3.4671689627071585,1.000000010755992
22,sample_backbone,11,1.0,moving_average,critical_failure_fixed,2 -> 3 & 3 -> 2,5,3,1,3.3717638,3.565260764894845,0.9457271213370694
22,sample_backbone,11,1.0,moving_average,random_failure_fixed,3 -> 4 & 4 -> 3,1,4,3,4.0323404,4.032340389868183,1.0000000025126394
22,sample_backbone,11,1.0,moving_average,random_failure_fixed,3 -> 4 & 4 -> 3,2,3,4,3.4062685,3.4062684719032252,1.0000000082485496
22,sample_backbone,11,1.0,moving_average,random_failure_fixed,3 -> 4 & 4 -> 3,3,0,5,3.3203841,4.7152381800882175,0.7041816284109489
22,sample_backbone,11,1.0,moving_average,random_failure_fixed,3 -> 4 & 4 -> 3,4,4,1,2.4059078,3.6596413630736415,0.6574162769816707
22,sample_backbone,11,1.0,moving_average,random_failure_fixed,3 -> 4 & 4 -> 3,5,2,4,1.425561,3.997944936012286,0.3565734453116088
22,sample_backbone,11,1.0,linear_autoregressive,critical_failure_fixed,2 -> 3 & 3 -> 2,1,3,2,6.5737785,6.573778523553321,0.9999999964170804
22,sample_backbone,11,1.0,linear_autoregressive,critical_failure_fixed,2 -> 3 & 3 -> 2,2,2,5,5.6237962,5.623796198336343,1.0000000002958245
22,sample_backbone,11,1.0,linear_autoregressive,critical_failure_fixed,2 -> 3 & 3 -> 2,3,0,5,4.6351624,6.382373705812674,0.7262442805219284
22,sample_backbone,11,1.0,linear_autoregressive,critical_failure_fixed,2 -> 3 & 3 -> 2,4,2,3,4.465419,4.4654190392762105,0.9999999912043617
22,sample_backbone,11,1.0,linear_autoregressive,critical_failure_fixed,2 -> 3 & 3 -> 2,5,5,0,4.2421568,4.780507267060375,0.8873863301558337
22,sample_backbone,11,1.0,linear_autoregressive,random_failure_fixed,3 -> 4 & 4 -> 3,1,4,3,6.0050577,6.0050577051541705,0.9999999991416951
22,sample_backbone,11,1.0,linear_autoregressive,random_failure_fixed,3 -> 4 & 4 -> 3,2,0,5,4.6034307,6.382373705812674,0.721272509600539
22,sample_backbone,11,1.0,linear_autoregressive,random_failure_fixed,3 -> 4 & 4 -> 3,3,3,4,3.8183589,3.8183588500670727,1.000000013077065
22,sample_backbone,11,1.0,linear_autoregressive,random_failure_fixed,3 -> 4 & 4 -> 3,4,2,4,2.1495405,4.216122707456036,0.509838220837033
22,sample_backbone,11,1.0,linear_autoregressive,random_failure_fixed,3 -> 4 & 4 -> 3,5,4,1,1.7170477,4.477143844065945,0.3835140794673804
22,sample_backbone,11,1.0,lstm,critical_failure_fixed,2 -> 3 & 3 -> 2,1,3,2,5.0075426,5.007542610168457,0.9999999979693718
22,sample_backbone,11,1.0,lstm,critical_failure_fixed,2 -> 3 & 3 -> 2,2,2,3,4.3981624,4.398162364959717,1.0000000079670281
22,sample_backbone,11,1.0,lstm,critical_failure_fixed,2 -> 3 & 3 -> 2,3,2,5,4.1474009,4.147400856018066,1.000000010604698
22,sample_backbone,11,1.0,lstm,critical_failure_fixed,2 -> 3 & 3 -> 2,4,0,5,3.3105766,4.769565582275391,0.6941044300350393
22,sample_backbone,11,1.0,lstm,critical_failure_fixed,2 -> 3 & 3 -> 2,5,0,3,2.6738207,2.673820734024048,0.99999998727512
22,sample_backbone,11,1.0,lstm,random_failure_fixed,3 -> 4 & 4 -> 3,1,4,3,4.2177286,4.217728614807129,0.999999996489312
22,sample_backbone,11,1.0,lstm,random_failure_fixed,3 -> 4 & 4 -> 3,2,3,4,3.5819454,3.5819454193115234,0.9999999946086494
22,sample_backbone,11,1.0,lstm,random_failure_fixed,3 -> 4 & 4 -> 3,3,0,5,3.3988725,4.769565582275391,0.7126167868685681
22,sample_backbone,11,1.0,lstm,random_failure_fixed,3 -> 4 & 4 -> 3,4,4,1,1.8308143,3.746220350265503,0.48870972041733907
22,sample_backbone,11,1.0,lstm,random_failure_fixed,3 -> 4 & 4 -> 3,5,2,4,1.4208908,3.979105234146118,0.3570880176293983
22,sample_backbone,11,1.0,uncertainty_aware_lstm_robust_lp,critical_failure_fixed,2 -> 3 & 3 -> 2,1,3,2,5.155962,5.155961990356445,1.0000000018703696
22,sample_backbone,11,1.0,uncertainty_aware_lstm_robust_lp,critical_failure_fixed,2 -> 3 & 3 -> 2,2,0,5,4.884305,4.884305000305176,0.9999999999375192
22,sample_backbone,11,1.0,uncertainty_aware_lstm_robust_lp,critical_failure_fixed,2 -> 3 & 3 -> 2,3,2,3,4.475812,4.475811958312988,1.0000000093138435
22,sample_backbone,11,1.0,uncertainty_aware_lstm_robust_lp,critical_failure_fixed,2 -> 3 & 3 -> 2,4,2,4,4.0541949,4.054194927215576,0.9999999932870577
22,sample_backbone,11,1.0,uncertainty_aware_lstm_robust_lp,critical_failure_fixed,2 -> 3 & 3 -> 2,5,5,0,3.6269875,3.6269874572753906,1.0000000117796408
22,sample_backbone,11,1.0,uncertainty_aware_lstm_robust_lp,random_failure_fixed,3 -> 4 & 4 -> 3,1,4,3,4.3254237,4.325423717498779,0.9999999959544358
22,sample_backbone,11,1.0,uncertainty_aware_lstm_robust_lp,random_failure_fixed,3 -> 4 & 4 -> 3,2,2,4,4.0541949,4.054194927215576,0.9999999932870577
22,sample_backbone,11,1.0,uncertainty_aware_lstm_robust_lp,random_failure_fixed,3 -> 4 & 4 -> 3,3,3,4,3.6778367,3.6778366565704346,1.000000011808454
22,sample_backbone,11,1.0,uncertainty_aware_lstm_robust_lp,random_failure_fixed,3 -> 4 & 4 -> 3,4,5,0,1.0794064,3.6269874572753906,0.2976041171123473
22,sample_backbone,11,1.0,uncertainty_aware_lstm_robust_lp,random_failure_fixed,3 -> 4 & 4 -> 3,5,1,4,0.94649752,3.932239532470703,0.2407018982908442
23,sample_backbone,11,1.0,current_demand_lp,critical_failure_fixed,2 -> 3 & 3 -> 2,1,3,2,5.2561187,5.256118745334267,0.9999999913749538
23,sample_backbone,11,1.0,current_demand_lp,critical_failure_fixed,2 -> 3 & 3 -> 2,2,2,3,5.1788509,5.17885089469666,1.000000001024038
23,sample_backbone,11,1.0,current_demand_lp,critical_failure_fixed,2 -> 3 & 3 -> 2,3,3,1,4.22558,4.225580045413397,0.9999999892527424
23,sample_backbone,11,1.0,current_demand_lp,critical_failure_fixed,2 -> 3 & 3 -> 2,4,0,5,4.1254014,5.358790614068161,0.7698381401896528
23,sample_backbone,11,1.0,current_demand_lp,critical_failure_fixed,2 -> 3 & 3 -> 2,5,2,5,4.0522385,4.0522384629977894,1.0000000091313013
23,sample_backbone,11,1.0,current_demand_lp,random_failure_fixed,0 -> 1 & 1 -> 0,1,0,1,3.9922881,3.9922881236603045,0.9999999940734978
23,sample_backbone,11,1.0,current_demand_lp,random_failure_fixed,0 -> 1 & 1 -> 0,2,3,0,3.5017259,4.7170491287171625,0.742355189536116
23,sample_backbone,11,1.0,current_demand_lp,random_failure_fixed,0 -> 1 & 1 -> 0,3,1,0,2.6926127,2.692612726054604,0.999999990323672
23,sample_backbone,11,1.0,current_demand_lp,random_failure_fixed,0 -> 1 & 1 -> 0,4,0,5,1.2333893,5.358790614068161,0.230161875846025
23,sample_backbone,11,1.0,current_demand_lp,random_failure_fixed,0 -> 1 & 1 -> 0,5,0,4,0.67123243,3.011031284226809,0.22292442908721324
23,sample_backbone,11,1.0,robust_current_demand_lp,critical_failure_fixed,2 -> 3 & 3 -> 2,1,0,5,5.3587906,5.358790614068161,0.9999999973747508
23,sample_backbone,11,1.0,robust_current_demand_lp,critical_failure_fixed,2 -> 3 & 3 -> 2,2,3,2,5.2561187,5.256118745334267,0.9999999913749538
23,sample_backbone,11,1.0,robust_current_demand_lp,critical_failure_fixed,2 -> 3 & 3 -> 2,3,2,3,5.1788509,5.17885089469666,1.000000001024038
23,sample_backbone,11,1.0,robust_current_demand_lp,critical_failure_fixed,2 -> 3 & 3 -> 2,4,2,4,4.1799177,4.179917714374795,0.999999996560986
23,sample_backbone,11,1.0,robust_current_demand_lp,critical_failure_fixed,2 -> 3 & 3 -> 2,5,5,0,3.8353181,3.8353180554410238,1.0000000116180654
23,sample_backbone,11,1.0,robust_current_demand_lp,random_failure_fixed,0 -> 1 & 1 -> 0,1,0,1,3.9922881,3.9922881236603045,0.9999999940734978
23,sample_backbone,11,1.0,robust_current_demand_lp,random_failure_fixed,0 -> 1 & 1 -> 0,2,3,0,3.5017259,4.7170491287171625,0.742355189536116
23,sample_backbone,11,1.0,robust_current_demand_lp,random_failure_fixed,0 -> 1 & 1 -> 0,3,1,0,2.6926127,2.692612726054604,0.999999990323672
23,sample_backbone,11,1.0,robust_current_demand_lp,random_failure_fixed,0 -> 1 & 1 -> 0,4,0,2,1.8027143,4.619352042956971,0.39025263353732925
23,sample_backbone,11,1.0,robust_current_demand_lp,random_failure_fixed,0 -> 1 & 1 -> 0,5,0,3,0.1019074,2.33428504995055,0.04365679333042845
23,sample_backbone,11,1.0,moving_average,critical_failure_fixed,2 -> 3 & 3 -> 2,1,3,2,4.7588515,4.75885151567197,0.9999999967067746
23,sample_backbone,11,1.0,moving_average,critical_failure_fixed,2 -> 3 & 3 -> 2,2,2,3,4.3768889,4.37688894104697,0.9999999906218845
23,sample_backbone,11,1.0,moving_average,critical_failure_fixed,2 -> 3 & 3 -> 2,3,0,5,4.0480816,4.830087665360519,0.8380969208967451
23,sample_backbone,11,1.0,moving_average,critical_failure_fixed,2 -> 3 & 3 -> 2,4,3,1,3.7090716,3.709071620546898,0.9999999944603664
23,sample_backbone,11,1.0,moving_average,critical_failure_fixed,2 -> 3 & 3 -> 2,5,2,5,3.5709951,3.5709950793869423,1.0000000057723568
23,sample_backbone,11,1.0,moving_average,random_failure_fixed,0 -> 1 & 1 -> 0,1,0,1,3.4315791,3.431579065878049,1.000000009943513
23,sample_backbone,11,1.0,moving_average,random_failure_fixed,0 -> 1 & 1 -> 0,2,3,0,2.9848216,4.428256222438831,0.6740399493767618
23,sample_backbone,11,1.0,moving_average,random_failure_fixed,0 -> 1 & 1 -> 0,3,1,0,2.3818275,2.381827490317629,1.0000000040651016
23,sample_backbone,11,1.0,moving_average,random_failure_fixed,0 -> 1 & 1 -> 0,4,0,5,0.78200608,4.830087665360519,0.16190308213414814
23,sample_backbone,11,1.0,moving_average,random_failure_fixed,0 -> 1 & 1 -> 0,5,0,4,0.67927207,2.638042431096165,0.25749095692814444
23,sample_backbone,11,1.0,linear_autoregressive,critical_failure_fixed,2 -> 3 & 3 -> 2,1,3,2,5.6821335,5.682133513074569,0.9999999976990036
23,sample_backbone,11,1.0,linear_autoregressive,critical_failure_fixed,2 -> 3 & 3 -> 2,2,2,3,5.1037326,5.103732633074151,0.9999999935196152
23,sample_backbone,11,1.0,linear_autoregressive,critical_failure_fixed,2 -> 3 & 3 -> 2,3,2,5,4.4978145,4.497814458933691,1.0000000091302808
23,sample_backbone,11,1.0,linear_autoregressive,critical_failure_fixed,2 -> 3 & 3 -> 2,4,3,1,3.8703414,3.949832499938231,0.979874817491761
23,sample_backbone,11,1.0,linear_autoregressive,critical_failure_fixed,2 -> 3 & 3 -> 2,5,0,5,3.6102303,5.114458544865038,0.7058870979851236
23,sample_backbone,11,1.0,linear_autoregressive,random_failure_fixed,0 -> 1 & 1 -> 0,1,3,0,3.8609956,5.1440915781472745,0.7505689860580977
23,sample_backbone,11,1.0,linear_autoregressive,random_failure_fixed,0 -> 1 & 1 -> 0,2,0,1,3.6863042,3.686304185868129,1.000000003833615
23,sample_backbone,11,1.0,linear_autoregressive,random_failure_fixed,0 -> 1 & 1 -> 0,3,1,0,1.8717435,1.8717434985717358,1.0000000007630663
23,sample_backbone,11,1.0,linear_autoregressive,random_failure_fixed,0 -> 1 & 1 -> 0,4,0,5,1.5042282,5.114458544865038,0.2941128932426793
23,sample_backbone,11,1.0,lstm,critical_failure_fixed,2 -> 3 & 3 -> 2,1,3,2,5.6898575,5.689857482910156,1.0000000030035627
23,sample_backbone,11,1.0,lstm,critical_failure_fixed,2 -> 3 & 3 -> 2,2,2,3,5.1700902,5.170090198516846,1.000000000286872
23,sample_backbone,11,1.0,lstm,critical_failure_fixed,2 -> 3 & 3 -> 2,3,2,5,4.7500839,4.750083923339844,0.9999999950864354
23,sample_backbone,11,1.0,lstm,critical_failure_fixed,2 -> 3 & 3 -> 2,4,0,5,3.7335995,5.431400299072266,0.6874101142273998
23,sample_backbone,11,1.0,lstm,critical_failure_fixed,2 -> 3 & 3 -> 2,5,3,1,3.3067344,4.186278343200684,0.789898360526067
23,sample_backbone,11,1.0,lstm,random_failure_fixed,0 -> 1 & 1 -> 0,1,0,1,4.1715608,4.171560764312744,1.000000008554893
23,sample_backbone,11,1.0,lstm,random_failure_fixed,0 -> 1 & 1 -> 0,2,3,0,3.4323748,5.211513996124268,0.6586137545735482
23,sample_backbone,11,1.0,lstm,random_failure_fixed,0 -> 1 & 1 -> 0,3,1,0,2.6847732,2.6847732067108154,0.9999999975004162
23,sample_backbone,11,1.0,lstm,random_failure_fixed,0 -> 1 & 1 -> 0,4,0,5,1.6978008,5.431400299072266,0.31258988594340953
23,sample_backbone,11,1.0,lstm,random_failure_fixed,0 -> 1 & 1 -> 0,5,0,4,0.041575607,2.9916791915893555,0.013897080648514522
23,sample_backbone,11,1.0,uncertainty_aware_lstm_robust_lp,critical_failure_fixed,2 -> 3 & 3 -> 2,1,3,2,5.8382769,5.8382768630981445,1.000000006320676
23,sample_backbone,11,1.0,uncertainty_aware_lstm_robust_lp,critical_failure_fixed,2 -> 3 & 3 -> 2,2,0,5,5.5461397,5.546139717102051,0.9999999969164047
23,sample_backbone,11,1.0,uncertainty_aware_lstm_robust_lp,critical_failure_fixed,2 -> 3 & 3 -> 2,3,2,3,5.2477398,5.247739791870117,1.000000001549216
23,sample_backbone,11,1.0,uncertainty_aware_lstm_robust_lp,critical_failure_fixed,2 -> 3 & 3 -> 2,4,2,4,4.6717367,4.671736717224121,0.9999999963131225
23,sample_backbone,11,1.0,uncertainty_aware_lstm_robust_lp,critical_failure_fixed,2 -> 3 & 3 -> 2,5,5,0,4.2095308,4.209530830383301,0.9999999927822595
23,sample_backbone,11,1.0,uncertainty_aware_lstm_robust_lp,random_failure_fixed,0 -> 1 & 1 -> 0,1,0,1,4.2605047,4.260504722595215,0.9999999946965874
23,sample_backbone,11,1.0,uncertainty_aware_lstm_robust_lp,random_failure_fixed,0 -> 1 & 1 -> 0,2,3,0,3.3782357,5.310754299163818,0.636112218660145
23,sample_backbone,11,1.0,uncertainty_aware_lstm_robust_lp,random_failure_fixed,0 -> 1 & 1 -> 0,3,1,0,2.7675471,2.767547130584717,0.9999999889487999
23,sample_backbone,11,1.0,uncertainty_aware_lstm_robust_lp,random_failure_fixed,0 -> 1 & 1 -> 0,4,0,2,0.99719841,4.560910701751709,0.21864019605054008
23,sample_backbone,11,1.0,uncertainty_aware_lstm_robust_lp,random_failure_fixed,0 -> 1 & 1 -> 0,5,0,3,0.78298857,3.2670249938964844,0.2396640893359535
24,sample_backbone,11,1.0,current_demand_lp,critical_failure_fixed,2 -> 3 & 3 -> 2,1,3,2,5.8276434,5.827643422171674,0.9999999961954307
24,sample_backbone,11,1.0,current_demand_lp,critical_failure_fixed,2 -> 3 & 3 -> 2,2,2,3,5.2652168,5.265216773793705,1.000000004977249
24,sample_backbone,11,1.0,current_demand_lp,critical_failure_fixed,2 -> 3 & 3 -> 2,3,0,5,4.9262295,6.214061193178211,0.7927552283212158
24,sample_backbone,11,1.0,current_demand_lp,critical_failure_fixed,2 -> 3 & 3 -> 2,4,3,1,4.6214184,4.621418407917611,0.9999999982867572
24,sample_backbone,11,1.0,current_demand_lp,critical_failure_fixed,2 -> 3 & 3 -> 2,5,2,5,4.4441759,4.444175875582359,1.0000000054943012
24,sample_backbone,11,1.0,current_demand_lp,random_failure_fixed,1 -> 3 & 3 -> 1,1,1,3,5.1346814,5.1346813974886345,1.0000000004890985
24,sample_backbone,11,1.0,current_demand_lp,random_failure_fixed,1 -> 3 & 3 -> 1,2,3,0,4.5791244,5.779901240438865,0.7922495920799348
24,sample_backbone,11,1.0,current_demand_lp,random_failure_fixed,1 -> 3 & 3 -> 1,3,1,5,4.3807176,4.380717553562721,1.000000010600382
24,sample_backbone,11,1.0,current_demand_lp,random_failure_fixed,1 -> 3 & 3 -> 1,4,5,1,4.0252223,4.025222273256825,1.0000000066439003
24,sample_backbone,11,1.0,current_demand_lp,random_failure_fixed,1 -> 3 & 3 -> 1,5,4,1,2.198884,4.409608907915609,0.49865737436551877
24,sample_backbone,11,1.0,robust_current_demand_lp,critical_failure_fixed,2 -> 3 & 3 -> 2,1,0,5,6.2140612,6.214061193178211,1.0000000010977987
24,sample_backbone,11,1.0,robust_current_demand_lp,critical_failure_fixed,2 -> 3 & 3 -> 2,2,3,2,5.8276434,5.827643422171674,0.9999999961954307
24,sample_backbone,11,1.0,robust_current_demand_lp,critical_failure_fixed,2 -> 3 & 3 -> 2,3,2,4,5.3233963,5.3233962679538385,1.0000000060198715
24,sample_backbone,11,1.0,robust_current_demand_lp,critical_failure_fixed,2 -> 3 & 3 -> 2,4,2,3,5.2652168,5.265216773793705,1.000000004977249
24,sample_backbone,11,1.0,robust_current_demand_lp,critical_failure_fixed,2 -> 3 & 3 -> 2,5,5,0,4.6953363,4.695336258556448,1.0000000088265355
24,sample_backbone,11,1.0,robust_current_demand_lp,random_failure_fixed,1 -> 3 & 3 -> 1,1,1,3,5.1346814,5.1346813974886345,1.0000000004890985
24,sample_backbone,11,1.0,robust_current_demand_lp,random_failure_fixed,1 -> 3 & 3 -> 1,2,3,1,4.6214184,4.621418407917611,0.9999999982867572
24,sample_backbone,11,1.0,robust_current_demand_lp,random_failure_fixed,1 -> 3 & 3 -> 1,3,3,0,4.5791244,5.779901240438865,0.7922495920799348
24,sample_backbone,11,1.0,robust_current_demand_lp,random_failure_fixed,1 -> 3 & 3 -> 1,4,1,5,4.3807176,4.380717553562721,1.000000010600382
24,sample_backbone,11,1.0,robust_current_demand_lp,random_failure_fixed,1 -> 3 & 3 -> 1,5,5,1,1.6026878,4.025222273256825,0.398161316617991
24,sample_backbone,11,1.0,moving_average,critical_failure_fixed,2 -> 3 & 3 -> 2,1,3,2,5.11395,5.113950007130079,0.999999998605759
24,sample_backbone,11,1.0,moving_average,critical_failure_fixed,2 -> 3 & 3 -> 2,2,2,3,4.7027308,4.702730771165834,1.0000000061313665
24,sample_backbone,11,1.0,moving_average,critical_failure_fixed,2 -> 3 & 3 -> 2,3,0,5,4.3153645,5.169160696555308,0.8348288539135045
24,sample_backbone,11,1.0,moving_average,critical_failure_fixed,2 -> 3 & 3 -> 2,4,3,1,4.035462,4.035462041655384,0.9999999896776668
24,sample_backbone,11,1.0,moving_average,critical_failure_fixed,2 -> 3 & 3 -> 2,5,2,5,3.831436,3.831436039759515,0.9999999896228166
24,sample_backbone,11,1.0,moving_average,random_failure_fixed,1 -> 3 & 3 -> 1,1,1,3,4.4998816,4.499881553391886,1.0000000103576312
24,sample_backbone,11,1.0,moving_average,random_failure_fixed,1 -> 3 & 3 -> 1,2,1,5,3.9112531,3.9112530999943154,1.0000000000014535
24,sample_backbone,11,1.0,moving_average,random_failure_fixed,1 -> 3 & 3 -> 1,3,3,0,3.5414446,4.774376911780399,0.7417605826766137
24,sample_backbone,11,1.0,moving_average,random_failure_fixed,1 -> 3 & 3 -> 1,4,5,1,3.3212564,3.3212563900334886,1.0000000030008258
24,sample_backbone,11,1.0,moving_average,random_failure_fixed,1 -> 3 & 3 -> 1,5,4,1,2.4022299,4.003221729832407,0.6000741557976526
24,sample_backbone,11,1.0,linear_autoregressive,critical_failure_fixed,2 -> 3 & 3 -> 2,1,3,2,6.9548564,6.9548563614376935,1.000000005544659
24,sample_backbone,11,1.0,linear_autoregressive,critical_failure_fixed,2 -> 3 & 3 -> 2,2,2,3,5.9943596,5.994359556372781,1.000000007278045
24,sample_backbone,11,1.0,linear_autoregressive,critical_failure_fixed,2 -> 3 & 3 -> 2,3,2,5,5.3812271,5.381227053634907,1.0000000086160818
24,sample_backbone,11,1.0,linear_autoregressive,critical_failure_fixed,2 -> 3 & 3 -> 2,4,0,5,5.0927594,6.587886391728423,0.773049062654501
24,sample_backbone,11,1.0,linear_autoregressive,critical_failure_fixed,2 -> 3 & 3 -> 2,5,3,1,5.0719212,5.071921230797455,0.9999999939278524
24,sample_backbone,11,1.0,linear_autoregressive,random_failure_fixed,1 -> 3 & 3 -> 1,1,3,0,5.8211792,6.408348416412323,0.9083743301302826
24,sample_backbone,11,1.0,linear_autoregressive,random_failure_fixed,1 -> 3 & 3 -> 1,2,1,3,5.7607221,5.760722053636539,1.000000008048203
24,sample_backbone,11,1.0,linear_autoregressive,random_failure_fixed,1 -> 3 & 3 -> 1,3,1,5,4.5563577,4.556357655068004,1.000000009861385
24,sample_backbone,11,1.0,linear_autoregressive,random_failure_fixed,1 -> 3 & 3 -> 1,4,5,1,3.2542703,3.2542702890394812,1.0000000033680418
24,sample_backbone,11,1.0,linear_autoregressive,random_failure_fixed,1 -> 3 & 3 -> 1,5,4,1,2.7367571,4.899652689650223,0.5585614477901641
24,sample_backbone,11,1.0,lstm,critical_failure_fixed,2 -> 3 & 3 -> 2,1,3,2,6.0608063,6.0608062744140625,1.0000000042215402
24,sample_backbone,11,1.0,lstm,critical_failure_fixed,2 -> 3 & 3 -> 2,2,2,3,5.6090026,5.609002590179443,1.0000000017508561
24,sample_backbone,11,1.0,lstm,critical_failure_fixed,2 -> 3 & 3 -> 2,3,2,5,5.0127845,5.012784481048584,1.0000000037806167
24,sample_backbone,11,1.0,lstm,critical_failure_fixed,2 -> 3 & 3 -> 2,4,3,1,4.1851932,4.5141777992248535,0.927121922561104
24,sample_backbone,11,1.0,lstm,critical_failure_fixed,2 -> 3 & 3 -> 2,5,0,5,4.0457422,5.822506904602051,0.6948454104540926
24,sample_backbone,11,1.0,lstm,random_failure_fixed,1 -> 3 & 3 -> 1,1,1,3,4.8318319,4.831831932067871,0.9999999933632064
24,sample_backbone,11,1.0,lstm,random_failure_fixed,1 -> 3 & 3 -> 1,2,1,5,4.2594547,4.259454727172852,0.9999999936205798
24,sample_backbone,11,1.0,lstm,random_failure_fixed,1 -> 3 & 3 -> 1,3,3,0,3.8786421,5.571568489074707,0.6961490480832521
24,sample_backbone,11,1.0,lstm,random_failure_fixed,1 -> 3 & 3 -> 1,4,5,1,3.634304,3.6343040466308594,0.9999999871692465
24,sample_backbone,11,1.0,lstm,random_failure_fixed,1 -> 3 & 3 -> 1,5,4,1,3.0261206,4.596109390258789,0.6584091767732297
24,sample_backbone,11,1.0,uncertainty_aware_lstm_robust_lp,critical_failure_fixed,2 -> 3 & 3 -> 2,1,3,2,6.2092257,6.209225654602051,1.0000000073113706
24,sample_backbone,11,1.0,uncertainty_aware_lstm_robust_lp,critical_failure_fixed,2 -> 3 & 3 -> 2,2,0,5,5.9372463,5.937246322631836,0.9999999961881595
24,sample_backbone,11,1.0,uncertainty_aware_lstm_robust_lp,critical_failure_fixed,2 -> 3 & 3 -> 2,3,2,3,5.6866522,5.686652183532715,1.0000000028957785
24,sample_backbone,11,1.0,uncertainty_aware_lstm_robust_lp,critical_failure_fixed,2 -> 3 & 3 -> 2,4,2,4,5.0032358,5.003235816955566,0.9999999966110799
24,sample_backbone,11,1.0,uncertainty_aware_lstm_robust_lp,critical_failure_fixed,2 -> 3 & 3 -> 2,5,5,0,4.5244975,4.5244975090026855,0.9999999980102352
24,sample_backbone,11,1.0,uncertainty_aware_lstm_robust_lp,random_failure_fixed,1 -> 3 & 3 -> 1,1,1,3,4.9294405,4.929440498352051,1.0000000003343077
24,sample_backbone,11,1.0,uncertainty_aware_lstm_robust_lp,random_failure_fixed,1 -> 3 & 3 -> 1,2,3,1,4.604918,4.604918003082275,0.9999999993306556
24,sample_backbone,11,1.0,uncertainty_aware_lstm_robust_lp,random_failure_fixed,1 -> 3 & 3 -> 1,3,1,5,4.348382,4.348381996154785,1.0000000008842864
24,sample_backbone,11,1.0,uncertainty_aware_lstm_robust_lp,random_failure_fixed,1 -> 3 & 3 -> 1,4,3,0,3.824503,5.670808792114258,0.6744193183375001
24,sample_backbone,11,1.0,uncertainty_aware_lstm_robust_lp,random_failure_fixed,1 -> 3 & 3 -> 1,5,5,1,2.7188733,3.728578567504883,0.7291983394678565
25,sample_backbone,11,1.0,current_demand_lp,critical_failure_fixed,2 -> 3 & 3 -> 2,1,3,2,7.2696521,7.269652083137901,1.0000000023195195
25,sample_backbone,11,1.0,current_demand_lp,critical_failure_fixed,2 -> 3 & 3 -> 2,2,2,3,6.7032251,6.703225148910844,0.9999999927033864
25,sample_backbone,11,1.0,current_demand_lp,critical_failure_fixed,2 -> 3 & 3 -> 2,3,2,5,5.431242,5.431242049434934,0.9999999908980427
25,sample_backbone,11,1.0,current_demand_lp,critical_failure_fixed,2 -> 3 & 3 -> 2,4,0,5,5.3034347,7.11171620819331,0.7457320490221455
25,sample_backbone,11,1.0,current_demand_lp,critical_failure_fixed,2 -> 3 & 3 -> 2,5,3,1,3.5446325,5.586520294502483,0.6344973817580436
25,sample_backbone,11,1.0,current_demand_lp,random_failure_fixed,2 -> 3 & 3 -> 2,1,3,2,7.2696521,7.269652083137901,1.0000000023195195
25,sample_backbone,11,1.0,current_demand_lp,random_failure_fixed,2 -> 3 & 3 -> 2,2,2,3,6.7032251,6.703225148910844,0.9999999927033864
25,sample_backbone,11,1.0,current_demand_lp,random_failure_fixed,2 -> 3 & 3 -> 2,3,2,5,5.431242,5.431242049434934,0.9999999908980427
25,sample_backbone,11,1.0,current_demand_lp,random_failure_fixed,2 -> 3 & 3 -> 2,4,0,5,5.3034347,7.11171620819331,0.7457320490221455
25,sample_backbone,11,1.0,current_demand_lp,random_failure_fixed,2 -> 3 & 3 -> 2,5,3,1,3.5446325,5.586520294502483,0.6344973817580436
25,sample_backbone,11,1.0,robust_current_demand_lp,critical_failure_fixed,2 -> 3 & 3 -> 2,1,3,2,7.2696521,7.269652083137901,1.0000000023195195
25,sample_backbone,11,1.0,robust_current_demand_lp,critical_failure_fixed,2 -> 3 & 3 -> 2,2,0,5,7.1117162,7.11171620819331,0.9999999988479138
25,sample_backbone,11,1.0,robust_current_demand_lp,critical_failure_fixed,2 -> 3 & 3 -> 2,3,2,3,6.7032251,6.703225148910844,0.9999999927033864
25,sample_backbone,11,1.0,robust_current_demand_lp,critical_failure_fixed,2 -> 3 & 3 -> 2,4,2,4,6.1824876,6.18248763125808,0.9999999949440934
25,sample_backbone,11,1.0,robust_current_demand_lp,critical_failure_fixed,2 -> 3 & 3 -> 2,5,5,0,4.7827411,4.7827411239230395,0.9999999949980484
25,sample_backbone,11,1.0,robust_current_demand_lp,random_failure_fixed,2 -> 3 & 3 -> 2,1,3,2,7.2696521,7.269652083137901,1.0000000023195195
25,sample_backbone,11,1.0,robust_current_demand_lp,random_failure_fixed,2 -> 3 & 3 -> 2,2,0,5,7.1117162,7.11171620819331,0.9999999988479138
25,sample_backbone,11,1.0,robust_current_demand_lp,random_failure_fixed,2 -> 3 & 3 -> 2,3,2,3,6.7032251,6.703225148910844,0.9999999927033864
25,sample_backbone,11,1.0,robust_current_demand_lp,random_failure_fixed,2 -> 3 & 3 -> 2,4,2,4,6.1824876,6.18248763125808,0.9999999949440934
25,sample_backbone,11,1.0,robust_current_demand_lp,random_failure_fixed,2 -> 3 & 3 -> 2,5,5,0,4.7827411,4.7827411239230395,0.9999999949980484
25,sample_backbone,11,1.0,moving_average,critical_failure_fixed,2 -> 3 & 3 -> 2,1,3,2,5.7388678,5.738867753086614,1.0000000081746763
25,sample_backbone,11,1.0,moving_average,critical_failure_fixed,2 -> 3 & 3 -> 2,2,2,3,5.4413434,5.441343387224873,1.000000002347789
25,sample_backbone,11,1.0,moving_average,critical_failure_fixed,2 -> 3 & 3 -> 2,3,0,5,4.7242985,5.920209337557772,0.7979951773037954
25,sample_backbone,11,1.0,moving_average,critical_failure_fixed,2 -> 3 & 3 -> 2,4,2,5,4.395525,4.3955250150702305,0.9999999965714607
25,sample_backbone,11,1.0,moving_average,critical_failure_fixed,2 -> 3 & 3 -> 2,5,3,1,4.3489799,4.534085607287418,0.9591746333615964
25,sample_backbone,11,1.0,moving_average,random_failure_fixed,2 -> 3 & 3 -> 2,1,3,2,5.7388678,5.738867753086614,1.0000000081746763
25,sample_backbone,11,1.0,moving_average,random_failure_fixed,2 -> 3 & 3 -> 2,2,2,3,5.4413434,5.441343387224873,1.000000002347789
25,sample_backbone,11,1.0,moving_average,random_failure_fixed,2 -> 3 & 3 -> 2,3,0,5,4.7242985,5.920209337557772,0.7979951773037954
25,sample_backbone,11,1.0,moving_average,random_failure_fixed,2 -> 3 & 3 -> 2,4,2,5,4.395525,4.3955250150702305,0.9999999965714607
25,sample_backbone,11,1.0,moving_average,random_failure_fixed,2 -> 3 & 3 -> 2,5,3,1,4.3489799,4.534085607287418,0.9591746333615964
25,sample_backbone,11,1.0,linear_autoregressive,critical_failure_fixed,2 -> 3 & 3 -> 2,1,3,2,8.5656485,8.56564845930569,1.0000000047508733
25,sample_backbone,11,1.0,linear_autoregressive,critical_failure_fixed,2 -> 3 & 3 -> 2,2,2,3,7.7138101,7.713810108456672,0.9999999989036972
25,sample_backbone,11,1.0,linear_autoregressive,critical_failure_fixed,2 -> 3 & 3 -> 2,3,0,5,6.9540751,8.700227297600433,0.7992980944208169
25,sample_backbone,11,1.0,linear_autoregressive,critical_failure_fixed,2 -> 3 & 3 -> 2,4,2,5,6.5530852,6.553085162391504,1.000000005739052
25,sample_backbone,11,1.0,linear_autoregressive,critical_failure_fixed,2 -> 3 & 3 -> 2,5,3,1,6.3227746,6.322774625404935,0.9999999959819958
25,sample_backbone,11,1.0,linear_autoregressive,random_failure_fixed,2 -> 3 & 3 -> 2,1,3,2,8.5656485,8.56564845930569,1.0000000047508733
25,sample_backbone,11,1.0,linear_autoregressive,random_failure_fixed,2 -> 3 & 3 -> 2,2,2,3,7.7138101,7.713810108456672,0.9999999989036972
25,sample_backbone,11,1.0,linear_autoregressive,random_failure_fixed,2 -> 3 & 3 -> 2,3,0,5,6.9540751,8.700227297600433,0.7992980944208169
25,sample_backbone,11,1.0,linear_autoregressive,random_failure_fixed,2 -> 3 & 3 -> 2,4,2,5,6.5530852,6.553085162391504,1.000000005739052
25,sample_backbone,11,1.0,linear_autoregressive,random_failure_fixed,2 -> 3 & 3 -> 2,5,3,1,6.3227746,6.322774625404935,0.9999999959819958
25,sample_backbone,11,1.0,lstm,critical_failure_fixed,2 -> 3 & 3 -> 2,1,3,2,6.248353,6.248353004455566,0.9999999992869214
25,sample_backbone,11,1.0,lstm,critical_failure_fixed,2 -> 3 & 3 -> 2,2,2,3,5.8365903,5.83659029006958,1.0000000017014077
25,sample_backbone,11,1.0,lstm,critical_failure_fixed,2 -> 3 & 3 -> 2,3,2,5,5.1264367,5.126436710357666,0.9999999979795584
25,sample_backbone,11,1.0,lstm,critical_failure_fixed,2 -> 3 & 3 -> 2,4,3,1,4.6795354,4.679535388946533,1.0000000023620863
25,sample_backbone,11,1.0,lstm,critical_failure_fixed,2 -> 3 & 3 -> 2,5,0,5,4.22396,6.029478549957275,0.7005514597991116
25,sample_backbone,11,1.0,lstm,random_failure_fixed,2 -> 3 & 3 -> 2,1,3,2,6.248353,6.248353004455566,0.9999999992869214
25,sample_backbone,11,1.0,lstm,random_failure_fixed,2 -> 3 & 3 -> 2,2,2,3,5.8365903,5.83659029006958,1.0000000017014077
25,sample_backbone,11,1.0,lstm,random_failure_fixed,2 -> 3 & 3 -> 2,3,2,5,5.1264367,5.126436710357666,0.9999999979795584
25,sample_backbone,11,1.0,lstm,random_failure_fixed,2 -> 3 & 3 -> 2,4,3,1,4.6795354,4.679535388946533,1.0000000023620863
25,sample_backbone,11,1.0,lstm,random_failure_fixed,2 -> 3 & 3 -> 2,5,0,5,4.22396,6.029478549957275,0.7005514597991116
25,sample_backbone,11,1.0,uncertainty_aware_lstm_robust_lp,critical_failure_fixed,2 -> 3 & 3 -> 2,1,3,2,6.3967724,6.396772384643555,1.0000000024006552
25,sample_backbone,11,1.0,uncertainty_aware_lstm_robust_lp,critical_failure_fixed,2 -> 3 & 3 -> 2,2,0,5,6.144218,6.1442179679870605,1.0000000052102547
25,sample_backbone,11,1.0,uncertainty_aware_lstm_robust_lp,critical_failure_fixed,2 -> 3 & 3 -> 2,3,2,3,5.9142399,5.914239883422852,1.0000000028029212
25,sample_backbone,11,1.0,uncertainty_aware_lstm_robust_lp,critical_failure_fixed,2 -> 3 & 3 -> 2,4,2,4,5.1695881,5.169588088989258,1.0000000021299071
25,sample_backbone,11,1.0,uncertainty_aware_lstm_robust_lp,critical_failure_fixed,2 -> 3 & 3 -> 2,5,5,0,4.6832275,4.6832275390625,0.9999999916590643
25,sample_backbone,11,1.0,uncertainty_aware_lstm_robust_lp,random_failure_fixed,2 -> 3 & 3 -> 2,1,3,2,6.3967724,6.396772384643555,1.0000000024006552
25,sample_backbone,11,1.0,uncertainty_aware_lstm_robust_lp,random_failure_fixed,2 -> 3 & 3 -> 2,2,0,5,6.144218,6.1442179679870605,1.0000000052102547
25,sample_backbone,11,1.0,uncertainty_aware_lstm_robust_lp,random_failure_fixed,2 -> 3 & 3 -> 2,3,2,3,5.9142399,5.914239883422852,1.0000000028029212
25,sample_backbone,11,1.0,uncertainty_aware_lstm_robust_lp,random_failure_fixed,2 -> 3 & 3 -> 2,4,2,4,5.1695881,5.169588088989258,1.0000000021299071
25,sample_backbone,11,1.0,uncertainty_aware_lstm_robust_lp,random_failure_fixed,2 -> 3 & 3 -> 2,5,5,0,4.6832275,4.6832275390625,0.9999999916590643
26,sample_backbone,11,1.0,current_demand_lp,critical_failure_fixed,2 -> 3 & 3 -> 2,1,3,2,7.5721775,7.572177461387063,1.0000000050993174
26,sample_backbone,11,1.0,current_demand_lp,critical_failure_fixed,2 -> 3 & 3 -> 2,2,2,3,6.0947038,6.094703783615537,1.0000000026883116
26,sample_backbone,11,1.0,current_demand_lp,critical_failure_fixed,2 -> 3 & 3 -> 2,3,3,1,5.8042549,5.804254921697978,0.9999999962617118
26,sample_backbone,11,1.0,current_demand_lp,critical_failure_fixed,2 -> 3 & 3 -> 2,4,0,5,5.5633364,7.280559946191027,0.7641357864116719
26,sample_backbone,11,1.0,current_demand_lp,critical_failure_fixed,2 -> 3 & 3 -> 2,5,2,5,5.4712107,5.4712106652530705,1.0000000063508667
26,sample_backbone,11,1.0,current_demand_lp,random_failure_fixed,3 -> 5 & 5 -> 3,1,5,3,7.2008719,7.200871947403669,0.9999999934169543
26,sample_backbone,11,1.0,current_demand_lp,random_failure_fixed,3 -> 5 & 5 -> 3,2,1,5,5.7347167,5.734716746815122,0.9999999918365414
26,sample_backbone,11,1.0,current_demand_lp,random_failure_fixed,3 -> 5 & 5 -> 3,3,2,5,5.4712107,5.4712106652530705,1.0000000063508667
26,sample_backbone,11,1.0,current_demand_lp,random_failure_fixed,3 -> 5 & 5 -> 3,4,3,5,5.4631435,5.463143488809335,1.000000002048393
26,sample_backbone,11,1.0,current_demand_lp,random_failure_fixed,3 -> 5 & 5 -> 3,5,5,1,4.649647,4.649647025815327,0.9999999944478953
26,sample_backbone,11,1.0,robust_current_demand_lp,critical_failure_fixed,2 -> 3 & 3 -> 2,1,3,2,7.5721775,7.572177461387063,1.0000000050993174
26,sample_backbone,11,1.0,robust_current_demand_lp,critical_failure_fixed,2 -> 3 & 3 -> 2,2,0,5,7.2805599,7.280559946191027,0.9999999936555667
26,sample_backbone,11,1.0,robust_current_demand_lp,critical_failure_fixed,2 -> 3 & 3 -> 2,3,2,3,6.0947038,6.094703783615537,1.0000000026883116
26,sample_backbone,11,1.0,robust_current_demand_lp,critical_failure_fixed,2 -> 3 & 3 -> 2,4,2,4,6.0934022,6.093402170741276,1.0000000048017057
26,sample_backbone,11,1.0,robust_current_demand_lp,critical_failure_fixed,2 -> 3 & 3 -> 2,5,5,0,5.2643045,5.264304473130924,1.0000000051040125
26,sample_backbone,11,1.0,robust_current_demand_lp,random_failure_fixed,3 -> 5 & 5 -> 3,1,0,5,7.2805599,7.280559946191027,0.9999999936555667
26,sample_backbone,11,1.0,robust_current_demand_lp,random_failure_fixed,3 -> 5 & 5 -> 3,2,5,3,7.2008719,7.200871947403669,0.9999999934169543
26,sample_backbone,11,1.0,robust_current_demand_lp,random_failure_fixed,3 -> 5 & 5 -> 3,3,1,5,5.4919665,5.734716746815122,0.9576700545933785
26,sample_backbone,11,1.0,robust_current_demand_lp,random_failure_fixed,3 -> 5 & 5 -> 3,4,3,5,5.4631435,5.463143488809335,1.000000002048393
26,sample_backbone,11,1.0,robust_current_demand_lp,random_failure_fixed,3 -> 5 & 5 -> 3,5,5,1,4.649647,4.649647025815327,0.9999999944478953
26,sample_backbone,11,1.0,moving_average,critical_failure_fixed,2 -> 3 & 3 -> 2,1,3,2,6.4813979,6.481397928007727,0.9999999956787522
26,sample_backbone,11,1.0,moving_average,critical_failure_fixed,2 -> 3 & 3 -> 2,2,2,3,5.8104992,5.810499150254186,1.0000000085613667
26,sample_backbone,11,1.0,moving_average,critical_failure_fixed,2 -> 3 & 3 -> 2,3,0,5,5.0975137,6.4912819904076775,0.7852861279994796
26,sample_backbone,11,1.0,moving_average,critical_failure_fixed,2 -> 3 & 3 -> 2,4,3,1,5.0594434,5.059443417382867,0.999999996564273
26,sample_backbone,11,1.0,moving_average,critical_failure_fixed,2 -> 3 & 3 -> 2,5,2,5,4.8497168,4.849716763317038,1.000000007563939
26,sample_backbone,11,1.0,moving_average,random_failure_fixed,3 -> 5 & 5 -> 3,1,5,3,6.3242892,6.324289223576413,0.999999996272085
26,sample_backbone,11,1.0,moving_average,random_failure_fixed,3 -> 5 & 5 -> 3,2,1,5,4.9210741,4.921074069786648,1.0000000061395848
26,sample_backbone,11,1.0,moving_average,random_failure_fixed,3 -> 5 & 5 -> 3,3,3,5,4.9202576,4.920257562332258,1.0000000076556443
26,sample_backbone,11,1.0,moving_average,random_failure_fixed,3 -> 5 & 5 -> 3,4,2,5,4.8497168,4.849716763317038,1.000000007563939
26,sample_backbone,11,1.0,moving_average,random_failure_fixed,3 -> 5 & 5 -> 3,5,5,1,4.0682024,4.068202388614573,1.0000000027986382
26,sample_backbone,11,1.0,linear_autoregressive,critical_failure_fixed,2 -> 3 & 3 -> 2,1,2,5,8.9359678,8.935967792199405,1.0000000008729435
26,sample_backbone,11,1.0,linear_autoregressive,critical_failure_fixed,2 -> 3 & 3 -> 2,2,3,2,8.8853343,8.885334321602539,0.9999999975687422
26,sample_backbone,11,1.0,linear_autoregressive,critical_failure_fixed,2 -> 3 & 3 -> 2,3,2,3,7.9462275,7.946227517050189,0.9999999978543039
26,sample_backbone,11,1.0,linear_autoregressive,critical_failure_fixed,2 -> 3 & 3 -> 2,4,0,5,6.1452455,8.614641847069114,0.7133489248993844
26,sample_backbone,11,1.0,linear_autoregressive,critical_failure_fixed,2 -> 3 & 3 -> 2,5,0,3,5.7021546,5.702154558156304,1.0000000073382256
26,sample_backbone,11,1.0,linear_autoregressive,random_failure_fixed,3 -> 5 & 5 -> 3,1,2,5,8.9359678,8.935967792199405,1.0000000008729435
26,sample_backbone,11,1.0,linear_autoregressive,random_failure_fixed,3 -> 5 & 5 -> 3,2,5,3,7.7241589,7.72415892469805,0.9999999968024933
26,sample_backbone,11,1.0,linear_autoregressive,random_failure_fixed,3 -> 5 & 5 -> 3,3,3,5,6.1994128,6.199412783985276,1.0000000025832647
26,sample_backbone,11,1.0,linear_autoregressive,random_failure_fixed,3 -> 5 & 5 -> 3,4,1,5,5.7764476,5.776447600953164,0.9999999998349913
26,sample_backbone,11,1.0,linear_autoregressive,random_failure_fixed,3 -> 5 & 5 -> 3,5,5,0,5.2435138,6.080368680585616,0.8623677404204679
26,sample_backbone,11,1.0,lstm,critical_failure_fixed,2 -> 3 & 3 -> 2,1,3,2,6.257493,6.257493019104004,0.9999999969470196
26,sample_backbone,11,1.0,lstm,critical_failure_fixed,2 -> 3 & 3 -> 2,2,2,3,5.8476,5.847599983215332,1.0000000028703515
26,sample_backbone,11,1.0,lstm,critical_failure_fixed,2 -> 3 & 3 -> 2,3,2,5,5.1322503,5.1322503089904785,0.9999999982482385
26,sample_backbone,11,1.0,lstm,critical_failure_fixed,2 -> 3 & 3 -> 2,4,3,1,4.6876001,4.687600135803223,0.9999999923621423
26,sample_backbone,11,1.0,lstm,critical_failure_fixed,2 -> 3 & 3 -> 2,5,0,5,4.2323544,6.03943395614624,0.7007866019782859
26,sample_backbone,11,1.0,lstm,random_failure_fixed,3 -> 5 & 5 -> 3,1,5,3,6.0427055,6.042705535888672,0.9999999940608273
26,sample_backbone,11,1.0,lstm,random_failure_fixed,3 -> 5 & 5 -> 3,2,2,5,5.1322503,5.1322503089904785,0.9999999982482385
26,sample_backbone,11,1.0,lstm,random_failure_fixed,3 -> 5 & 5 -> 3,3,3,5,4.5991755,4.599175453186035,1.0000000101787734
26,sample_backbone,11,1.0,lstm,random_failure_fixed,3 -> 5 & 5 -> 3,4,1,5,4.3958483,4.395848274230957,1.0000000058621321
26,sample_backbone,11,1.0,lstm,random_failure_fixed,3 -> 5 & 5 -> 3,5,5,1,3.7950473,3.7950472831726074,1.0000000044340402
26,sample_backbone,11,1.0,uncertainty_aware_lstm_robust_lp,critical_failure_fixed,2 -> 3 & 3 -> 2,1,3,2,6.4059124,6.405912399291992,1.000000000110524
26,sample_backbone,11,1.0,uncertainty_aware_lstm_robust_lp,critical_failure_fixed,2 -> 3 & 3 -> 2,2,0,5,6.1541734,6.154173374176025,1.0000000041961727
26,sample_backbone,11,1.0,uncertainty_aware_lstm_robust_lp,critical_failure_fixed,2 -> 3 & 3 -> 2,3,2,3,5.9252496,5.9252495765686035,1.0000000039544994
26,sample_backbone,11,1.0,uncertainty_aware_lstm_robust_lp,critical_failure_fixed,2 -> 3 & 3 -> 2,4,2,4,5.1777134,5.177713394165039,1.0000000011269379
26,sample_backbone,11,1.0,uncertainty_aware_lstm_robust_lp,critical_failure_fixed,2 -> 3 & 3 -> 2,5,5,0,4.6909704,4.690970420837402,0.9999999955579763
26,sample_backbone,11,1.0,uncertainty_aware_lstm_robust_lp,random_failure_fixed,3 -> 5 & 5 -> 3,1,5,3,6.1571379,6.157137870788574,1.000000004744319
26,sample_backbone,11,1.0,uncertainty_aware_lstm_robust_lp,random_failure_fixed,3 -> 5 & 5 -> 3,2,0,5,6.1541734,6.154173374176025,1.0000000041961727
26,sample_backbone,11,1.0,uncertainty_aware_lstm_robust_lp,random_failure_fixed,3 -> 5 & 5 -> 3,3,3,5,4.6838655,4.683865547180176,0.9999999899270857
26,sample_backbone,11,1.0,uncertainty_aware_lstm_robust_lp,random_failure_fixed,3 -> 5 & 5 -> 3,4,1,5,4.4847755,4.484775543212891,0.9999999903645365
26,sample_backbone,11,1.0,uncertainty_aware_lstm_robust_lp,random_failure_fixed,3 -> 5 & 5 -> 3,5,5,1,3.8893218,3.889321804046631,0.9999999989595536
27,sample_backbone,11,1.0,current_demand_lp,critical_failure_fixed,2 -> 3 & 3 -> 2,1,2,5,10.176742,10.176742434520076,0.9999999573026361
27,sample_backbone,11,1.0,current_demand_lp,critical_failure_fixed,2 -> 3 & 3 -> 2,2,3,2,7.9202702,7.920270243810457,0.9999999944685655
27,sample_backbone,11,1.0,current_demand_lp,critical_failure_fixed,2 -> 3 & 3 -> 2,3,0,3,6.5751389,6.5751389155674795,0.9999999976323725
27,sample_backbone,11,1.0,current_demand_lp,critical_failure_fixed,2 -> 3 & 3 -> 2,4,2,3,6.5476943,6.547694317794421,0.9999999972823378
27,sample_backbone,11,1.0,current_demand_lp,critical_failure_fixed,2 -> 3 & 3 -> 2,5,5,0,5.5302627,5.530262705331774,0.9999999990358913
27,sample_backbone,11,1.0,current_demand_lp,random_failure_fixed,0 -> 1 & 1 -> 0,1,0,1,4.7085164,4.708516402315706,0.9999999995081877
27,sample_backbone,11,1.0,current_demand_lp,random_failure_fixed,0 -> 1 & 1 -> 0,2,1,0,3.310888,3.3108880446288174,0.99999998652059
27,sample_backbone,11,1.0,current_demand_lp,random_failure_fixed,0 -> 1 & 1 -> 0,3,3,0,2.0219818,7.289050879819593,0.2773998745979456
27,sample_backbone,11,1.0,current_demand_lp,random_failure_fixed,0 -> 1 & 1 -> 0,4,0,5,1.5709499,6.990339164568981,0.22473157067434846
27,sample_backbone,11,1.0,robust_current_demand_lp,critical_failure_fixed,2 -> 3 & 3 -> 2,1,3,2,7.9202702,7.920270243810457,0.9999999944685655
27,sample_backbone,11,1.0,robust_current_demand_lp,critical_failure_fixed,2 -> 3 & 3 -> 2,2,0,5,6.9903392,6.990339164568981,1.0000000050685693
27,sample_backbone,11,1.0,robust_current_demand_lp,critical_failure_fixed,2 -> 3 & 3 -> 2,3,2,3,6.5476943,6.547694317794421,0.9999999972823378
27,sample_backbone,11,1.0,robust_current_demand_lp,critical_failure_fixed,2 -> 3 & 3 -> 2,4,2,4,5.9434935,5.943493540352576,0.99999999321063
27,sample_backbone,11,1.0,robust_current_demand_lp,critical_failure_fixed,2 -> 3 & 3 -> 2,5,5,0,5.5302627,5.530262705331774,0.9999999990358913
27,sample_backbone,11,1.0,robust_current_demand_lp,random_failure_fixed,0 -> 1 & 1 -> 0,1,3,0,5.6735663,7.289050879819593,0.77836832168476
27,sample_backbone,11,1.0,robust_current_demand_lp,random_failure_fixed,0 -> 1 & 1 -> 0,2,0,1,4.7085164,4.708516402315706,0.9999999995081877
27,sample_backbone,11,1.0,robust_current_demand_lp,random_failure_fixed,0 -> 1 & 1 -> 0,3,1,0,3.310888,3.3108880446288174,0.99999998652059
27,sample_backbone,11,1.0,robust_current_demand_lp,random_failure_fixed,0 -> 1 & 1 -> 0,4,0,3,1.2104555,6.5751389155674795,0.18409580627020553
27,sample_backbone,11,1.0,robust_current_demand_lp,random_failure_fixed,0 -> 1 & 1 -> 0,5,0,2,0.36049442,6.557178514451968,0.0549770635655981
27,sample_backbone,11,1.0,moving_average,critical_failure_fixed,2 -> 3 & 3 -> 2,1,3,2,7.1474358,7.147435802626774,0.9999999996324873
27,sample_backbone,11,1.0,moving_average,critical_failure_fixed,2 -> 3 & 3 -> 2,2,2,5,6.3808428,6.38084275619761,1.0000000068646717
27,sample_backbone,11,1.0,moving_average,critical_failure_fixed,2 -> 3 & 3 -> 2,3,2,3,6.15271,6.152710006028626,0.9999999990201673
27,sample_backbone,11,1.0,moving_average,critical_failure_fixed,2 -> 3 & 3 -> 2,4,0,5,4.6754047,6.899169128032883,0.6776764873037789
27,sample_backbone,11,1.0,moving_average,critical_failure_fixed,2 -> 3 & 3 -> 2,5,0,3,3.9110418,3.9110418381776153,0.999999990238505
27,sample_backbone,11,1.0,moving_average,random_failure_fixed,0 -> 1 & 1 -> 0,1,0,1,5.0604746,5.060474551033612,1.0000000096762443
27,sample_backbone,11,1.0,moving_average,random_failure_fixed,0 -> 1 & 1 -> 0,2,3,0,3.9159787,6.556379725514489,0.5972775928094536
27,sample_backbone,11,1.0,moving_average,random_failure_fixed,0 -> 1 & 1 -> 0,3,1,0,3.3316583,3.3316582828201042,1.00000000515656
27,sample_backbone,11,1.0,moving_average,random_failure_fixed,0 -> 1 & 1 -> 0,4,0,5,2.2237645,6.899169128032883,0.3223235231274941
27,sample_backbone,11,1.0,moving_average,random_failure_fixed,0 -> 1 & 1 -> 0,5,0,4,0.099864836,3.8020207865052495,0.026266251976963542
27,sample_backbone,11,1.0,linear_autoregressive,critical_failure_fixed,2 -> 3 & 3 -> 2,1,3,2,6.700328,6.70032802344137,0.9999999965014594
27,sample_backbone,11,1.0,linear_autoregressive,critical_failure_fixed,2 -> 3 & 3 -> 2,2,2,3,6.4614255,6.461425530394819,0.9999999952959577
27,sample_backbone,11,1.0,linear_autoregressive,critical_failure_fixed,2 -> 3 & 3 -> 2,3,0,5,6.0630452,6.9832165041140515,0.8682310216829241
27,sample_backbone,11,1.0,linear_autoregressive,critical_failure_fixed,2 -> 3 & 3 -> 2,4,2,5,5.4102062,5.41020617313198,1.000000004966173
27,sample_backbone,11,1.0,linear_autoregressive,critical_failure_fixed,2 -> 3 & 3 -> 2,5,3,1,4.7308367,4.730836739574684,0.9999999916347391
27,sample_backbone,11,1.0,linear_autoregressive,random_failure_fixed,0 -> 1 & 1 -> 0,1,0,1,5.2126333,5.212633305022384,0.9999999990364978
27,sample_backbone,11,1.0,linear_autoregressive,random_failure_fixed,0 -> 1 & 1 -> 0,2,3,0,5.0909499,6.483807411323102,0.7851790741207607
27,sample_backbone,11,1.0,linear_autoregressive,random_failure_fixed,0 -> 1 & 1 -> 0,3,1,0,3.5250086,3.5250086299027097,0.9999999915169826
27,sample_backbone,11,1.0,linear_autoregressive,random_failure_fixed,0 -> 1 & 1 -> 0,4,0,4,1.7739888,3.1347645185460338,0.5659081533890817
27,sample_backbone,11,1.0,linear_autoregressive,random_failure_fixed,0 -> 1 & 1 -> 0,5,0,5,0.92017134,6.9832165041140515,0.13176898345596125
27,sample_backbone,11,1.0,lstm,critical_failure_fixed,2 -> 3 & 3 -> 2,1,3,2,6.2383604,6.238360404968262,0.9999999992035951
27,sample_backbone,11,1.0,lstm,critical_failure_fixed,2 -> 3 & 3 -> 2,2,2,3,5.826756,5.826756000518799,0.9999999999109626
27,sample_backbone,11,1.0,lstm,critical_failure_fixed,2 -> 3 & 3 -> 2,3,2,5,5.1126437,5.112643718719482,0.9999999963385904
27,sample_backbone,11,1.0,lstm,critical_failure_fixed,2 -> 3 & 3 -> 2,4,3,1,4.6705532,4.670553207397461,0.9999999984161488
27,sample_backbone,11,1.0,lstm,critical_failure_fixed,2 -> 3 & 3 -> 2,5,0,5,4.2227015,6.022179126739502,0.7011916137217649
27,sample_backbone,11,1.0,lstm,random_failure_fixed,0 -> 1 & 1 -> 0,1,0,1,4.5741963,4.5741963386535645,0.9999999915496489
27,sample_backbone,11,1.0,lstm,random_failure_fixed,0 -> 1 & 1 -> 0,2,3,0,4.1304473,5.7477240562438965,0.7186231036114185
27,sample_backbone,11,1.0,lstm,random_failure_fixed,0 -> 1 & 1 -> 0,3,1,0,2.9616637,2.9616637229919434,0.999999992236815
27,sample_backbone,11,1.0,lstm,random_failure_fixed,0 -> 1 & 1 -> 0,4,0,5,1.7994776,6.022179126739502,0.2988083818380647
27,sample_backbone,11,1.0,lstm,random_failure_fixed,0 -> 1 & 1 -> 0,5,0,4,0.20634946,3.271627902984619,0.06307241108065892
27,sample_backbone,11,1.0,uncertainty_aware_lstm_robust_lp,critical_failure_fixed,2 -> 3 & 3 -> 2,1,3,2,6.3867798,6.38677978515625,1.0000000023241369
27,sample_backbone,11,1.0,uncertainty_aware_lstm_robust_lp,critical_failure_fixed,2 -> 3 & 3 -> 2,2,0,5,6.1369185,6.136918544769287,0.999999992704924
27,sample_backbone,11,1.0,uncertainty_aware_lstm_robust_lp,critical_failure_fixed,2 -> 3 & 3 -> 2,3,2,3,5.9044056,5.90440559387207,1.0000000010378571
27,sample_backbone,11,1.0,uncertainty_aware_lstm_robust_lp,critical_failure_fixed,2 -> 3 & 3 -> 2,4,2,4,5.1602201,5.160220146179199,0.9999999910509246
27,sample_backbone,11,1.0,uncertainty_aware_lstm_robust_lp,critical_failure_fixed,2 -> 3 & 3 -> 2,5,5,0,4.6745625,4.674562454223633,1.000000009792653
27,sample_backbone,11,1.0,uncertainty_aware_lstm_robust_lp,random_failure_fixed,0 -> 1 & 1 -> 0,1,0,1,4.6631403,4.663140296936035,1.0000000006570604
27,sample_backbone,11,1.0,uncertainty_aware_lstm_robust_lp,random_failure_fixed,0 -> 1 & 1 -> 0,2,3,0,4.0763082,5.846964359283447,0.6971665892794251
27,sample_backbone,11,1.0,uncertainty_aware_lstm_robust_lp,random_failure_fixed,0 -> 1 & 1 -> 0,3,1,0,3.0444376,3.0444376468658447,0.9999999846060751
27,sample_backbone,11,1.0,uncertainty_aware_lstm_robust_lp,random_failure_fixed,0 -> 1 & 1 -> 0,4,0,2,1.1839465,5.079907417297363,0.2330645822340378
27,sample_backbone,11,1.0,uncertainty_aware_lstm_robust_lp,random_failure_fixed,0 -> 1 & 1 -> 0,5,0,3,0.86269121,3.5152580738067627,0.24541333577416968
28,sample_backbone,11,1.0,current_demand_lp,critical_failure_fixed,2 -> 3 & 3 -> 2,1,3,2,7.1581155,7.158115491890655,1.0000000011328882
28,sample_backbone,11,1.0,current_demand_lp,critical_failure_fixed,2 -> 3 & 3 -> 2,2,2,3,6.4333961,6.433396073536508,1.0000000041134562
28,sample_backbone,11,1.0,current_demand_lp,critical_failure_fixed,2 -> 3 & 3 -> 2,3,0,5,5.842547,6.850258070268082,0.8528944369786865
28,sample_backbone,11,1.0,current_demand_lp,critical_failure_fixed,2 -> 3 & 3 -> 2,4,3,1,5.0416501,5.041650053890665,1.0000000091456833
28,sample_backbone,11,1.0,current_demand_lp,critical_failure_fixed,2 -> 3 & 3 -> 2,5,2,5,4.8344945,4.834494458088663,1.0000000086692284
28,sample_backbone,11,1.0,current_demand_lp,random_failure_fixed,2 -> 4 & 4 -> 2,1,4,0,4.809262,4.809262031412661,0.9999999934682992
28,sample_backbone,11,1.0,current_demand_lp,random_failure_fixed,2 -> 4 & 4 -> 2,2,1,4,4.6166667,4.616666719861386,0.9999999956978947
28,sample_backbone,11,1.0,current_demand_lp,random_failure_fixed,2 -> 4 & 4 -> 2,3,4,2,4.1975915,4.197591548800436,0.9999999883741817
28,sample_backbone,11,1.0,current_demand_lp,random_failure_fixed,2 -> 4 & 4 -> 2,4,2,4,3.9492154,5.832166735653933,0.6771437750325554
28,sample_backbone,11,1.0,current_demand_lp,random_failure_fixed,2 -> 4 & 4 -> 2,5,0,4,3.8139775,3.8139774829794857,1.0000000044626678
28,sample_backbone,11,1.0,robust_current_demand_lp,critical_failure_fixed,2 -> 3 & 3 -> 2,1,3,2,7.1581155,7.158115491890655,1.0000000011328882
28,sample_backbone,11,1.0,robust_current_demand_lp,critical_failure_fixed,2 -> 3 & 3 -> 2,2,0,5,6.8502581,6.850258070268082,1.0000000043402624
28,sample_backbone,11,1.0,robust_current_demand_lp,critical_failure_fixed,2 -> 3 & 3 -> 2,3,2,3,6.4333961,6.433396073536508,1.0000000041134562
28,sample_backbone,11,1.0,robust_current_demand_lp,critical_failure_fixed,2 -> 3 & 3 -> 2,4,2,4,5.8321667,5.832166735653933,0.9999999938866746
28,sample_backbone,11,1.0,robust_current_demand_lp,critical_failure_fixed,2 -> 3 & 3 -> 2,5,5,0,5.0029726,5.002972631749288,0.9999999936539152
28,sample_backbone,11,1.0,robust_current_demand_lp,random_failure_fixed,2 -> 4 & 4 -> 2,1,4,1,5.9301268,5.930126849739322,0.9999999916124354
28,sample_backbone,11,1.0,robust_current_demand_lp,random_failure_fixed,2 -> 4 & 4 -> 2,2,2,5,4.8344945,4.834494458088663,1.0000000086692284
28,sample_backbone,11,1.0,robust_current_demand_lp,random_failure_fixed,2 -> 4 & 4 -> 2,3,4,2,4.1975915,4.197591548800436,0.9999999883741817
28,sample_backbone,11,1.0,robust_current_demand_lp,random_failure_fixed,2 -> 4 & 4 -> 2,4,0,4,3.8139775,3.8139774829794857,1.0000000044626678
28,sample_backbone,11,1.0,robust_current_demand_lp,random_failure_fixed,2 -> 4 & 4 -> 2,5,1,4,3.7313877,4.616666719861386,0.8082428137918592
28,sample_backbone,11,1.0,moving_average,critical_failure_fixed,2 -> 3 & 3 -> 2,1,3,2,7.4800538,7.4800538200565185,0.9999999973186666
28,sample_backbone,11,1.0,moving_average,critical_failure_fixed,2 -> 3 & 3 -> 2,2,2,5,6.4784224,6.478422401824186,0.9999999997184214
28,sample_backbone,11,1.0,moving_average,critical_failure_fixed,2 -> 3 & 3 -> 2,3,2,3,6.4447548,6.444754830964327,0.999999995195422
28,sample_backbone,11,1.0,moving_average,critical_failure_fixed,2 -> 3 & 3 -> 2,4,0,5,4.9044841,7.058218347305351,0.6948614875129796
28,sample_backbone,11,1.0,moving_average,critical_failure_fixed,2 -> 3 & 3 -> 2,5,0,3,4.0113391,4.011339147424437,0.9999999881774053
28,sample_backbone,11,1.0,moving_average,random_failure_fixed,2 -> 4 & 4 -> 2,1,1,4,5.7769583,5.776958349994448,0.9999999913458875
28,sample_backbone,11,1.0,moving_average,random_failure_fixed,2 -> 4 & 4 -> 2,2,4,0,4.8290825,4.8290825079551905,0.9999999983526497
28,sample_backbone,11,1.0,moving_average,random_failure_fixed,2 -> 4 & 4 -> 2,3,4,2,4.337374,4.337374014321153,0.9999999966981973
28,sample_backbone,11,1.0,moving_average,random_failure_fixed,2 -> 4 & 4 -> 2,4,0,4,3.958164,3.9581639696962543,1.0000000076560107
28,sample_backbone,11,1.0,moving_average,random_failure_fixed,2 -> 4 & 4 -> 2,5,2,4,3.6888099,6.012887519501467,0.6134839356359425
28,sample_backbone,11,1.0,linear_autoregressive,critical_failure_fixed,2 -> 3 & 3 -> 2,1,2,5,7.5477973,7.547797264887409,1.0000000046520316
28,sample_backbone,11,1.0,linear_autoregressive,critical_failure_fixed,2 -> 3 & 3 -> 2,2,2,3,6.6280102,6.628010165767081,1.0000000051648863
28,sample_backbone,11,1.0,linear_autoregressive,critical_failure_fixed,2 -> 3 & 3 -> 2,3,3,2,6.5368989,6.536898904303606,0.9999999993416441
28,sample_backbone,11,1.0,linear_autoregressive,critical_failure_fixed,2 -> 3 & 3 -> 2,4,0,5,5.7361836,7.290915399602102,0.7867576683598674
28,sample_backbone,11,1.0,linear_autoregressive,critical_failure_fixed,2 -> 3 & 3 -> 2,5,3,0,4.6275642,6.301966483387742,0.7343047939398696
28,sample_backbone,11,1.0,linear_autoregressive,random_failure_fixed,2 -> 4 & 4 -> 2,1,2,4,5.9427769,5.9427769028331925,0.9999999995232545
28,sample_backbone,11,1.0,linear_autoregressive,random_failure_fixed,2 -> 4 & 4 -> 2,2,4,2,4.3986447,4.398644650044557,1.0000000113570082
28,sample_backbone,11,1.0,linear_autoregressive,random_failure_fixed,2 -> 4 & 4 -> 2,3,1,4,4.2076185,5.756145762523197,0.730978448703425
28,sample_backbone,11,1.0,linear_autoregressive,random_failure_fixed,2 -> 4 & 4 -> 2,4,4,0,4.096389,4.096388961266193,1.000000009455598
28,sample_backbone,11,1.0,linear_autoregressive,random_failure_fixed,2 -> 4 & 4 -> 2,5,4,1,3.8334056,5.82129263664488,0.6585144982866546
28,sample_backbone,11,1.0,lstm,critical_failure_fixed,2 -> 3 & 3 -> 2,1,3,2,6.2482491,6.248249053955078,1.0000000073692519
28,sample_backbone,11,1.0,lstm,critical_failure_fixed,2 -> 3 & 3 -> 2,2,2,3,5.8362393,5.836239337921143,0.9999999935024696
28,sample_backbone,11,1.0,lstm,critical_failure_fixed,2 -> 3 & 3 -> 2,3,2,5,5.1271286,5.127128601074219,0.9999999997904834
28,sample_backbone,11,1.0,lstm,critical_failure_fixed,2 -> 3 & 3 -> 2,4,3,1,4.6794605,4.679460525512695,0.999999994547941
28,sample_backbone,11,1.0,lstm,critical_failure_fixed,2 -> 3 & 3 -> 2,5,0,5,4.2230591,6.029001235961914,0.7004574944868494
28,sample_backbone,11,1.0,lstm,random_failure_fixed,2 -> 4 & 4 -> 2,1,1,4,4.4049597,4.404959678649902,1.0000000048468316
28,sample_backbone,11,1.0,lstm,random_failure_fixed,2 -> 4 & 4 -> 2,2,4,0,4.2033291,4.203329086303711,1.0000000032584386
28,sample_backbone,11,1.0,lstm,random_failure_fixed,2 -> 4 & 4 -> 2,3,4,2,3.6171243,3.617124319076538,0.9999999947260485
28,sample_backbone,11,1.0,lstm,random_failure_fixed,2 -> 4 & 4 -> 2,4,2,4,3.5107894,5.094455718994141,0.6891392513061586
28,sample_backbone,11,1.0,lstm,random_failure_fixed,2 -> 4 & 4 -> 2,5,0,4,3.2800055,3.28000545501709,1.000000013714279
28,sample_backbone,11,1.0,uncertainty_aware_lstm_robust_lp,critical_failure_fixed,2 -> 3 & 3 -> 2,1,3,2,6.3966684,6.396668434143066,0.9999999946623673
28,sample_backbone,11,1.0,uncertainty_aware_lstm_robust_lp,critical_failure_fixed,2 -> 3 & 3 -> 2,2,0,5,6.1437407,6.143740653991699,1.0000000074886464
28,sample_backbone,11,1.0,uncertainty_aware_lstm_robust_lp,critical_failure_fixed,2 -> 3 & 3 -> 2,3,2,3,5.9138889,5.913888931274414,0.9999999947117008
28,sample_backbone,11,1.0,uncertainty_aware_lstm_robust_lp,critical_failure_fixed,2 -> 3 & 3 -> 2,4,2,4,5.1695452,5.1695451736450195,1.0000000050981237
28,sample_backbone,11,1.0,uncertainty_aware_lstm_robust_lp,critical_failure_fixed,2 -> 3 & 3 -> 2,5,5,0,4.6831598,4.683159828186035,0.9999999939814066
28,sample_backbone,11,1.0,uncertainty_aware_lstm_robust_lp,random_failure_fixed,2 -> 4 & 4 -> 2,1,4,1,4.8353038,4.835303783416748,1.0000000034296195
28,sample_backbone,11,1.0,uncertainty_aware_lstm_robust_lp,random_failure_fixed,2 -> 4 & 4 -> 2,2,2,5,4.5625769,5.332088947296143,0.8556828187034735
28,sample_backbone,11,1.0,uncertainty_aware_lstm_robust_lp,random_failure_fixed,2 -> 4 & 4 -> 2,3,4,2,3.6907535,3.69075345993042,1.000000010856748
28,sample_backbone,11,1.0,uncertainty_aware_lstm_robust_lp,random_failure_fixed,2 -> 4 & 4 -> 2,4,1,4,3.5570602,4.589768409729004,0.7749977520565186
28,sample_backbone,11,1.0,uncertainty_aware_lstm_robust_lp,random_failure_fixed,2 -> 4 & 4 -> 2,5,0,4,3.3563604,3.35636043548584,0.9999999894272856
29,sample_backbone,11,1.0,current_demand_lp,critical_failure_fixed,2 -> 3 & 3 -> 2,1,3,2,6.3868733,6.386873313312154,0.999999997915701
29,sample_backbone,11,1.0,current_demand_lp,critical_failure_fixed,2 -> 3 & 3 -> 2,2,2,3,5.9861182,5.9861181541071335,1.0000000076665487
29,sample_backbone,11,1.0,current_demand_lp,critical_failure_fixed,2 -> 3 & 3 -> 2,3,0,5,4.8480418,6.193767029911961,0.7827291172863036
29,sample_backbone,11,1.0,current_demand_lp,critical_failure_fixed,2 -> 3 & 3 -> 2,4,3,1,4.6497977,4.91925064040135,0.945224799446412
29,sample_backbone,11,1.0,current_demand_lp,critical_failure_fixed,2 -> 3 & 3 -> 2,5,2,5,4.4653544,4.465354384955534,1.0000000033691538
29,sample_backbone,11,1.0,current_demand_lp,random_failure_fixed,4 -> 5 & 5 -> 4,1,5,4,4.4438154,4.443815364875795,1.000000007904065
29,sample_backbone,11,1.0,current_demand_lp,random_failure_fixed,4 -> 5 & 5 -> 4,2,0,5,4.4141017,6.193767029911961,0.712668345238478
29,sample_backbone,11,1.0,current_demand_lp,random_failure_fixed,4 -> 5 & 5 -> 4,3,4,5,3.2416654,3.2416654356209995,0.9999999890115127
29,sample_backbone,11,1.0,current_demand_lp,random_failure_fixed,4 -> 5 & 5 -> 4,4,5,0,1.8692585,4.7247249147949235,0.3956332979612497
29,sample_backbone,11,1.0,robust_current_demand_lp,critical_failure_fixed,2 -> 3 & 3 -> 2,1,3,2,6.3868733,6.386873313312154,0.999999997915701
29,sample_backbone,11,1.0,robust_current_demand_lp,critical_failure_fixed,2 -> 3 & 3 -> 2,2,0,5,6.193767,6.193767029911961,0.9999999951706351
29,sample_backbone,11,1.0,robust_current_demand_lp,critical_failure_fixed,2 -> 3 & 3 -> 2,3,2,3,5.9861182,5.9861181541071335,1.0000000076665487
29,sample_backbone,11,1.0,robust_current_demand_lp,critical_failure_fixed,2 -> 3 & 3 -> 2,4,2,4,5.1598931,5.159893135392877,0.9999999931407733
29,sample_backbone,11,1.0,robust_current_demand_lp,critical_failure_fixed,2 -> 3 & 3 -> 2,5,5,0,4.7247249,4.7247249147949235,0.999999996868617
29,sample_backbone,11,1.0,robust_current_demand_lp,random_failure_fixed,4 -> 5 & 5 -> 4,1,5,4,4.4438154,4.443815364875795,1.000000007904065
29,sample_backbone,11,1.0,robust_current_demand_lp,random_failure_fixed,4 -> 5 & 5 -> 4,2,2,5,4.4141017,4.465354384955534,0.9885221461642076
29,sample_backbone,11,1.0,robust_current_demand_lp,random_failure_fixed,4 -> 5 & 5 -> 4,3,4,5,3.2416654,3.2416654356209995,0.9999999890115127
29,sample_backbone,11,1.0,robust_current_demand_lp,random_failure_fixed,4 -> 5 & 5 -> 4,4,5,0,1.8692585,4.7247249147949235,0.3956332979612497
29,sample_backbone,11,1.0,moving_average,critical_failure_fixed,2 -> 3 & 3 -> 2,1,3,2,7.2593591,7.259359127600082,0.9999999961980002
29,sample_backbone,11,1.0,moving_average,critical_failure_fixed,2 -> 3 & 3 -> 2,2,2,3,6.2654781,6.2654780822633995,1.0000000028308456
29,sample_backbone,11,1.0,moving_average,critical_failure_fixed,2 -> 3 & 3 -> 2,3,2,5,6.2369505,6.236950485704336,1.000000002292092
29,sample_backbone,11,1.0,moving_average,critical_failure_fixed,2 -> 3 & 3 -> 2,4,0,5,4.7906358,6.828731052735013,0.7015411447608961
29,sample_backbone,11,1.0,moving_average,critical_failure_fixed,2 -> 3 & 3 -> 2,5,0,3,4.0305931,4.030593094870841,1.000000001272557
29,sample_backbone,11,1.0,moving_average,random_failure_fixed,4 -> 5 & 5 -> 4,1,0,5,5.4813809,6.828731052735013,0.8026939203887113
29,sample_backbone,11,1.0,moving_average,random_failure_fixed,4 -> 5 & 5 -> 4,2,5,4,4.9295329,4.9295329429690256,0.9999999912833475
29,sample_backbone,11,1.0,moving_average,random_failure_fixed,4 -> 5 & 5 -> 4,3,4,5,3.6061754,3.6061754465036517,0.99999998710444
29,sample_backbone,11,1.0,moving_average,random_failure_fixed,4 -> 5 & 5 -> 4,4,5,0,1.5244798,5.130566181251727,0.29713675764885383
29,sample_backbone,11,1.0,linear_autoregressive,critical_failure_fixed,2 -> 3 & 3 -> 2,1,3,2,6.0577294,6.057729358605797,1.000000006833287
29,sample_backbone,11,1.0,linear_autoregressive,critical_failure_fixed,2 -> 3 & 3 -> 2,2,2,3,5.9004836,5.900483567654833,1.0000000054817826
29,sample_backbone,11,1.0,linear_autoregressive,critical_failure_fixed,2 -> 3 & 3 -> 2,3,0,5,4.6578028,6.299220667692426,0.7394252472990882
29,sample_backbone,11,1.0,linear_autoregressive,critical_failure_fixed,2 -> 3 & 3 -> 2,4,3,1,4.4538627,4.4538626580111735,1.000000009427508
29,sample_backbone,11,1.0,linear_autoregressive,critical_failure_fixed,2 -> 3 & 3 -> 2,5,2,5,4.232552,4.232552000847628,0.999999999799736
29,sample_backbone,11,1.0,linear_autoregressive,random_failure_fixed,4 -> 5 & 5 -> 4,1,0,5,4.7698642,6.299220667692426,0.7572149717605193
29,sample_backbone,11,1.0,linear_autoregressive,random_failure_fixed,4 -> 5 & 5 -> 4,2,5,4,3.8522671,3.8522671378394264,0.9999999901773619
29,sample_backbone,11,1.0,linear_autoregressive,random_failure_fixed,4 -> 5 & 5 -> 4,3,4,5,3.0907193,3.0907192607296663,1.0000000127058883
29,sample_backbone,11,1.0,linear_autoregressive,random_failure_fixed,4 -> 5 & 5 -> 4,4,5,0,2.6717117,4.335225931099603,0.6162796916382018
29,sample_backbone,11,1.0,lstm,critical_failure_fixed,2 -> 3 & 3 -> 2,1,3,2,6.1067657,6.1067657470703125,0.9999999922921046
29,sample_backbone,11,1.0,lstm,critical_failure_fixed,2 -> 3 & 3 -> 2,2,2,3,5.6667571,5.666757106781006,0.999999998803371
29,sample_backbone,11,1.0,lstm,critical_failure_fixed,2 -> 3 & 3 -> 2,3,2,5,5.0339398,5.033939838409424,0.999999992369908
29,sample_backbone,11,1.0,lstm,critical_failure_fixed,2 -> 3 & 3 -> 2,4,3,1,4.3332443,4.554551124572754,0.9514097397263239
29,sample_backbone,11,1.0,lstm,critical_failure_fixed,2 -> 3 & 3 -> 2,5,0,5,4.0965435,5.876452445983887,0.6971116566764153
29,sample_backbone,11,1.0,lstm,random_failure_fixed,4 -> 5 & 5 -> 4,1,0,5,4.3315249,5.876452445983887,0.7370986049517463
29,sample_backbone,11,1.0,lstm,random_failure_fixed,4 -> 5 & 5 -> 4,2,5,4,4.2862592,4.286259174346924,1.0000000059849568
29,sample_backbone,11,1.0,lstm,random_failure_fixed,4 -> 5 & 5 -> 4,3,4,5,3.1165841,3.116584062576294,1.0000000120079244
29,sample_backbone,11,1.0,lstm,random_failure_fixed,4 -> 5 & 5 -> 4,4,5,0,1.8165867,4.474413871765137,0.4059943384904992
29,sample_backbone,11,1.0,uncertainty_aware_lstm_robust_lp,critical_failure_fixed,2 -> 3 & 3 -> 2,1,3,2,6.2551851,6.255185127258301,0.9999999956422871
29,sample_backbone,11,1.0,uncertainty_aware_lstm_robust_lp,critical_failure_fixed,2 -> 3 & 3 -> 2,2,0,5,5.9911919,5.991191864013672,1.000000006006539
29,sample_backbone,11,1.0,uncertainty_aware_lstm_robust_lp,critical_failure_fixed,2 -> 3 & 3 -> 2,3,2,3,5.7444067,5.744406700134277,0.9999999999766247
29,sample_backbone,11,1.0,uncertainty_aware_lstm_robust_lp,critical_failure_fixed,2 -> 3 & 3 -> 2,4,2,4,5.0435643,5.043564319610596,0.9999999961117586
29,sample_backbone,11,1.0,uncertainty_aware_lstm_robust_lp,critical_failure_fixed,2 -> 3 & 3 -> 2,5,5,0,4.5632157,4.563215732574463,0.9999999928615115
29,sample_backbone,11,1.0,uncertainty_aware_lstm_robust_lp,random_failure_fixed,4 -> 5 & 5 -> 4,1,2,5,4.4325018,5.238900184631348,0.8460748714020225
29,sample_backbone,11,1.0,uncertainty_aware_lstm_robust_lp,random_failure_fixed,4 -> 5 & 5 -> 4,2,5,4,4.3644686,4.364468574523926,1.0000000058371539
29,sample_backbone,11,1.0,uncertainty_aware_lstm_robust_lp,random_failure_fixed,4 -> 5 & 5 -> 4,3,4,5,3.2136846,3.213684558868408,1.000000012798889
29,sample_backbone,11,1.0,uncertainty_aware_lstm_robust_lp,random_failure_fixed,4 -> 5 & 5 -> 4,4,5,0,1.790339,4.563215732574463,0.39234152074373463
30,sample_backbone,11,1.0,current_demand_lp,critical_failure_fixed,2 -> 3 & 3 -> 2,1,3,2,5.7746205,5.774620482551293,1.0000000030216198
30,sample_backbone,11,1.0,current_demand_lp,critical_failure_fixed,2 -> 3 & 3 -> 2,2,2,3,5.245199,5.245198984607743,1.0000000029345422
30,sample_backbone,11,1.0,current_demand_lp,critical_failure_fixed,2 -> 3 & 3 -> 2,3,2,5,4.6621756,4.662175594606807,1.0000000011567975
30,sample_backbone,11,1.0,current_demand_lp,critical_failure_fixed,2 -> 3 & 3 -> 2,4,0,5,4.2980858,5.471793243413727,0.7854985758413858
30,sample_backbone,11,1.0,current_demand_lp,critical_failure_fixed,2 -> 3 & 3 -> 2,5,5,0,3.3189088,3.9522540345572685,0.8397508791136661
30,sample_backbone,11,1.0,current_demand_lp,random_failure_fixed,0 -> 1 & 1 -> 0,1,0,1,3.9613863,3.9613863032380148,0.9999999991826056
30,sample_backbone,11,1.0,current_demand_lp,random_failure_fixed,0 -> 1 & 1 -> 0,2,1,0,2.701725,2.701725000712656,0.999999999736222
30,sample_backbone,11,1.0,current_demand_lp,random_failure_fixed,0 -> 1 & 1 -> 0,3,3,0,2.3725248,5.369642167820912,0.44184039193859526
30,sample_backbone,11,1.0,current_demand_lp,random_failure_fixed,0 -> 1 & 1 -> 0,4,0,5,1.1737074,5.471793243413727,0.21450141622451924
30,sample_backbone,11,1.0,robust_current_demand_lp,critical_failure_fixed,2 -> 3 & 3 -> 2,1,3,2,5.7746205,5.774620482551293,1.0000000030216198
30,sample_backbone,11,1.0,robust_current_demand_lp,critical_failure_fixed,2 -> 3 & 3 -> 2,2,0,5,5.4717932,5.471793243413727,0.999999992065905
30,sample_backbone,11,1.0,robust_current_demand_lp,critical_failure_fixed,2 -> 3 & 3 -> 2,3,2,3,5.245199,5.245198984607743,1.0000000029345422
30,sample_backbone,11,1.0,robust_current_demand_lp,critical_failure_fixed,2 -> 3 & 3 -> 2,4,2,4,4.7229829,4.722982931807746,0.999999993265327
30,sample_backbone,11,1.0,robust_current_demand_lp,critical_failure_fixed,2 -> 3 & 3 -> 2,5,5,0,3.952254,3.9522540345572685,0.9999999912563139
30,sample_backbone,11,1.0,robust_current_demand_lp,random_failure_fixed,0 -> 1 & 1 -> 0,1,0,1,3.9613863,3.9613863032380148,0.9999999991826056
30,sample_backbone,11,1.0,robust_current_demand_lp,random_failure_fixed,0 -> 1 & 1 -> 0,2,1,0,2.701725,2.701725000712656,0.999999999736222
30,sample_backbone,11,1.0,robust_current_demand_lp,random_failure_fixed,0 -> 1 & 1 -> 0,3,3,0,2.3892206,5.369642167820912,0.44494968665101653
30,sample_backbone,11,1.0,robust_current_demand_lp,random_failure_fixed,0 -> 1 & 1 -> 0,4,0,3,0.64171241,2.8480529805575636,0.2253161771851491
30,sample_backbone,11,1.0,robust_current_demand_lp,random_failure_fixed,0 -> 1 & 1 -> 0,5,0,2,0.53199503,3.995482294433326,0.1331491396523513
30,sample_backbone,11,1.0,moving_average,critical_failure_fixed,2 -> 3 & 3 -> 2,1,3,2,6.8099699,6.8099698828911395,1.0000000025123255
30,sample_backbone,11,1.0,moving_average,critical_failure_fixed,2 -> 3 & 3 -> 2,2,2,3,6.0531019,6.053101882511451,1.0000000028891878
30,sample_backbone,11,1.0,moving_average,critical_failure_fixed,2 -> 3 & 3 -> 2,3,2,5,6.0346917,6.034691718042771,0.9999999970101586
30,sample_backbone,11,1.0,moving_average,critical_failure_fixed,2 -> 3 & 3 -> 2,4,0,5,4.4012797,6.376539377040688,0.6902301451861506
30,sample_backbone,11,1.0,moving_average,critical_failure_fixed,2 -> 3 & 3 -> 2,5,0,3,3.970658,3.9706580474323583,0.9999999880542827
30,sample_backbone,11,1.0,moving_average,random_failure_fixed,0 -> 1 & 1 -> 0,1,0,1,4.6638447,4.663844680541526,1.000000004172196
30,sample_backbone,11,1.0,moving_average,random_failure_fixed,0 -> 1 & 1 -> 0,2,3,0,3.4352749,6.366079058424912,0.5396217779378241
30,sample_backbone,11,1.0,moving_average,random_failure_fixed,0 -> 1 & 1 -> 0,3,1,0,3.1667081,3.166708063290873,1.0000000115922045
30,sample_backbone,11,1.0,moving_average,random_failure_fixed,0 -> 1 & 1 -> 0,4,0,5,1.9752596,6.376539377040688,0.30976984273195307
30,sample_backbone,11,1.0,linear_autoregressive,critical_failure_fixed,2 -> 3 & 3 -> 2,1,3,2,5.6648251,5.6648251005045855,0.9999999999109265
30,sample_backbone,11,1.0,linear_autoregressive,critical_failure_fixed,2 -> 3 & 3 -> 2,2,2,3,4.7369633,4.736963324708195,0.9999999947839591
30,sample_backbone,11,1.0,linear_autoregressive,critical_failure_fixed,2 -> 3 & 3 -> 2,3,0,5,4.562417,5.472876119971444,0.8336415624959926
30,sample_backbone,11,1.0,linear_autoregressive,critical_failure_fixed,2 -> 3 & 3 -> 2,4,3,1,4.1662604,4.166260362621249,1.000000008971775
30,sample_backbone,11,1.0,linear_autoregressive,critical_failure_fixed,2 -> 3 & 3 -> 2,5,2,5,3.6280659,3.628065925023605,0.9999999931027701
30,sample_backbone,11,1.0,linear_autoregressive,random_failure_fixed,0 -> 1 & 1 -> 0,1,0,1,4.0954966,4.095496622476799,0.9999999945118258
30,sample_backbone,11,1.0,linear_autoregressive,random_failure_fixed,0 -> 1 & 1 -> 0,2,3,0,3.488371,5.12624558754632,0.6804923682303934
30,sample_backbone,11,1.0,linear_autoregressive,random_failure_fixed,0 -> 1 & 1 -> 0,3,1,0,3.2431043,3.2431042553499343,1.0000000137676937
30,sample_backbone,11,1.0,linear_autoregressive,random_failure_fixed,0 -> 1 & 1 -> 0,4,0,5,0.91045912,5.472876119971444,0.16635843750922513
30,sample_backbone,11,1.0,linear_autoregressive,random_failure_fixed,0 -> 1 & 1 -> 0,5,0,4,0.87305549,3.060055572723814,0.2853070701663358
30,sample_backbone,11,1.0,lstm,critical_failure_fixed,2 -> 3 & 3 -> 2,1,3,2,5.3885555,5.388555526733398,0.9999999950388563
30,sample_backbone,11,1.0,lstm,critical_failure_fixed,2 -> 3 & 3 -> 2,2,2,3,4.8374958,4.837495803833008,0.9999999992076463
30,sample_backbone,11,1.0,lstm,critical_failure_fixed,2 -> 3 & 3 -> 2,3,2,5,4.4559965,4.455996513366699,0.9999999970002896
30,sample_backbone,11,1.0,lstm,critical_failure_fixed,2 -> 3 & 3 -> 2,4,0,5,3.5659794,5.1526079177856445,0.6920727245112209
30,sample_backbone,11,1.0,lstm,critical_failure_fixed,2 -> 3 & 3 -> 2,5,0,3,2.8984938,2.898493766784668,1.0000000114595147
30,sample_backbone,11,1.0,lstm,random_failure_fixed,0 -> 1 & 1 -> 0,1,0,1,3.9142525,3.914252519607544,0.9999999949907309
30,sample_backbone,11,1.0,lstm,random_failure_fixed,0 -> 1 & 1 -> 0,2,3,0,3.1890196,4.930959701538086,0.6467340625406587
30,sample_backbone,11,1.0,lstm,random_failure_fixed,0 -> 1 & 1 -> 0,3,1,0,2.4984226,2.498422622680664,0.9999999909220066
30,sample_backbone,11,1.0,lstm,random_failure_fixed,0 -> 1 & 1 -> 0,4,0,5,1.5866285,5.1526079177856445,0.3079272720370038
30,sample_backbone,11,1.0,lstm,random_failure_fixed,0 -> 1 & 1 -> 0,5,0,4,0.038342313,2.7981228828430176,0.013702869604154948
30,sample_backbone,11,1.0,uncertainty_aware_lstm_robust_lp,critical_failure_fixed,2 -> 3 & 3 -> 2,1,3,2,5.5369749,5.536974906921387,0.9999999987499696
30,sample_backbone,11,1.0,uncertainty_aware_lstm_robust_lp,critical_failure_fixed,2 -> 3 & 3 -> 2,2,0,5,5.2673473,5.26734733581543,0.9999999932004807
30,sample_backbone,11,1.0,uncertainty_aware_lstm_robust_lp,critical_failure_fixed,2 -> 3 & 3 -> 2,3,2,3,4.9151454,4.915145397186279,1.0000000005724594
30,sample_backbone,11,1.0,uncertainty_aware_lstm_robust_lp,critical_failure_fixed,2 -> 3 & 3 -> 2,4,2,4,4.3972149,4.397214889526367,1.0000000023818787
30,sample_backbone,11,1.0,uncertainty_aware_lstm_robust_lp,critical_failure_fixed,2 -> 3 & 3 -> 2,5,5,0,3.9515383,3.951538324356079,0.9999999938363046
30,sample_backbone,11,1.0,uncertainty_aware_lstm_robust_lp,random_failure_fixed,0 -> 1 & 1 -> 0,1,0,1,4.0031962,4.0031962394714355,0.9999999901400197
30,sample_backbone,11,1.0,uncertainty_aware_lstm_robust_lp,random_failure_fixed,0 -> 1 & 1 -> 0,2,3,0,3.1348806,5.030200004577637,0.6232119194360387
30,sample_backbone,11,1.0,uncertainty_aware_lstm_robust_lp,random_failure_fixed,0 -> 1 & 1 -> 0,3,1,0,2.5811965,2.5811965465545654,0.9999999819639595
30,sample_backbone,11,1.0,uncertainty_aware_lstm_robust_lp,random_failure_fixed,0 -> 1 & 1 -> 0,4,0,2,0.96018693,4.290780544281006,0.2237790817057263
30,sample_backbone,11,1.0,uncertainty_aware_lstm_robust_lp,random_failure_fixed,0 -> 1 & 1 -> 0,5,0,3,0.70559434,3.043278694152832,0.23185334335487756
31,sample_backbone,11,1.0,current_demand_lp,critical_failure_fixed,2 -> 3 & 3 -> 2,1,3,2,4.9931722,4.993172174672731,1.0000000050723805
31,sample_backbone,11,1.0,current_demand_lp,critical_failure_fixed,2 -> 3 & 3 -> 2,2,2,3,4.1199768,4.119976841649931,0.9999999898907365
31,sample_backbone,11,1.0,current_demand_lp,critical_failure_fixed,2 -> 3 & 3 -> 2,3,0,5,3.5765646,4.908937844315586,0.728582172646892
31,sample_backbone,11,1.0,current_demand_lp,critical_failure_fixed,2 -> 3 & 3 -> 2,4,3,1,3.2967534,3.296753410147251,0.9999999969220473
31,sample_backbone,11,1.0,current_demand_lp,critical_failure_fixed,2 -> 3 & 3 -> 2,5,5,0,2.9562289,3.708681322773315,0.7971105206174365
31,sample_backbone,11,1.0,current_demand_lp,random_failure_fixed,2 -> 3 & 3 -> 2,1,3,2,4.9931722,4.993172174672731,1.0000000050723805
31,sample_backbone,11,1.0,current_demand_lp,random_failure_fixed,2 -> 3 & 3 -> 2,2,2,3,4.1199768,4.119976841649931,0.9999999898907365
31,sample_backbone,11,1.0,current_demand_lp,random_failure_fixed,2 -> 3 & 3 -> 2,3,0,5,3.5765646,4.908937844315586,0.728582172646892
31,sample_backbone,11,1.0,current_demand_lp,random_failure_fixed,2 -> 3 & 3 -> 2,4,3,1,3.2967534,3.296753410147251,0.9999999969220473
31,sample_backbone,11,1.0,current_demand_lp,random_failure_fixed,2 -> 3 & 3 -> 2,5,5,0,2.9562289,3.708681322773315,0.7971105206174365
31,sample_backbone,11,1.0,robust_current_demand_lp,critical_failure_fixed,2 -> 3 & 3 -> 2,1,3,2,4.9931722,4.993172174672731,1.0000000050723805
31,sample_backbone,11,1.0,robust_current_demand_lp,critical_failure_fixed,2 -> 3 & 3 -> 2,2,0,5,4.9089378,4.908937844315586,0.9999999909724695
31,sample_backbone,11,1.0,robust_current_demand_lp,critical_failure_fixed,2 -> 3 & 3 -> 2,3,2,3,4.1199768,4.119976841649931,0.9999999898907365
31,sample_backbone,11,1.0,robust_current_demand_lp,critical_failure_fixed,2 -> 3 & 3 -> 2,4,2,4,3.7284692,3.728469199102483,1.00000000024072
31,sample_backbone,11,1.0,robust_current_demand_lp,critical_failure_fixed,2 -> 3 & 3 -> 2,5,5,0,3.7086813,3.708681322773315,0.9999999938594575
31,sample_backbone,11,1.0,robust_current_demand_lp,random_failure_fixed,2 -> 3 & 3 -> 2,1,3,2,4.9931722,4.993172174672731,1.0000000050723805
31,sample_backbone,11,1.0,robust_current_demand_lp,random_failure_fixed,2 -> 3 & 3 -> 2,2,0,5,4.9089378,4.908937844315586,0.9999999909724695
31,sample_backbone,11,1.0,robust_current_demand_lp,random_failure_fixed,2 -> 3 & 3 -> 2,3,2,3,4.1199768,4.119976841649931,0.9999999898907365
31,sample_backbone,11,1.0,robust_current_demand_lp,random_failure_fixed,2 -> 3 & 3 -> 2,4,2,4,3.7284692,3.728469199102483,1.00000000024072
31,sample_backbone,11,1.0,robust_current_demand_lp,random_failure_fixed,2 -> 3 & 3 -> 2,5,5,0,3.7086813,3.708681322773315,0.9999999938594575
31,sample_backbone,11,1.0,moving_average,critical_failure_fixed,2 -> 3 & 3 -> 2,1,3,2,6.0781954,6.0781953656067085,1.000000005658471
31,sample_backbone,11,1.0,moving_average,critical_failure_fixed,2 -> 3 & 3 -> 2,2,2,3,5.4461725,5.446172513475329,0.999999997525725
31,sample_backbone,11,1.0,moving_average,critical_failure_fixed,2 -> 3 & 3 -> 2,3,0,5,4.5951572,5.85618904697734,0.7846668137142501
31,sample_backbone,11,1.0,moving_average,critical_failure_fixed,2 -> 3 & 3 -> 2,4,3,1,4.4379027,4.437902729181702,0.9999999934244387
31,sample_backbone,11,1.0,moving_average,critical_failure_fixed,2 -> 3 & 3 -> 2,5,2,5,4.2185932,4.218593243051545,0.9999999897948101
31,sample_backbone,11,1.0,moving_average,random_failure_fixed,2 -> 3 & 3 -> 2,1,3,2,6.0781954,6.0781953656067085,1.000000005658471
31,sample_backbone,11,1.0,moving_average,random_failure_fixed,2 -> 3 & 3 -> 2,2,2,3,5.4461725,5.446172513475329,0.999999997525725
31,sample_backbone,11,1.0,moving_average,random_failure_fixed,2 -> 3 & 3 -> 2,3,0,5,4.5951572,5.85618904697734,0.7846668137142501
31,sample_backbone,11,1.0,moving_average,random_failure_fixed,2 -> 3 & 3 -> 2,4,3,1,4.4379027,4.437902729181702,0.9999999934244387
31,sample_backbone,11,1.0,moving_average,random_failure_fixed,2 -> 3 & 3 -> 2,5,2,5,4.2185932,4.218593243051545,0.9999999897948101
31,sample_backbone,11,1.0,linear_autoregressive,critical_failure_fixed,2 -> 3 & 3 -> 2,1,3,2,4.9299802,4.929980241035521,0.9999999916763316
31,sample_backbone,11,1.0,linear_autoregressive,critical_failure_fixed,2 -> 3 & 3 -> 2,2,2,5,4.4882678,4.488267827241678,0.9999999939304696
31,sample_backbone,11,1.0,linear_autoregressive,critical_failure_fixed,2 -> 3 & 3 -> 2,3,2,3,4.2427437,4.242743663088087,1.0000000087000103
31,sample_backbone,11,1.0,linear_autoregressive,critical_failure_fixed,2 -> 3 & 3 -> 2,4,0,5,4.0448647,4.887924249144461,0.8275219692097268
31,sample_backbone,11,1.0,linear_autoregressive,critical_failure_fixed,2 -> 3 & 3 -> 2,5,3,0,2.9785008,4.83132292609102,0.6164979748952277
31,sample_backbone,11,1.0,linear_autoregressive,random_failure_fixed,2 -> 3 & 3 -> 2,1,3,2,4.9299802,4.929980241035521,0.9999999916763316
31,sample_backbone,11,1.0,linear_autoregressive,random_failure_fixed,2 -> 3 & 3 -> 2,2,2,5,4.4882678,4.488267827241678,0.9999999939304696
31,sample_backbone,11,1.0,linear_autoregressive,random_failure_fixed,2 -> 3 & 3 -> 2,3,2,3,4.2427437,4.242743663088087,1.0000000087000103
31,sample_backbone,11,1.0,linear_autoregressive,random_failure_fixed,2 -> 3 & 3 -> 2,4,0,5,4.0448647,4.887924249144461,0.8275219692097268
31,sample_backbone,11,1.0,linear_autoregressive,random_failure_fixed,2 -> 3 & 3 -> 2,5,3,0,2.9785008,4.83132292609102,0.6164979748952277
31,sample_backbone,11,1.0,lstm,critical_failure_fixed,2 -> 3 & 3 -> 2,1,3,2,4.637475,4.63747501373291,0.9999999970387097
31,sample_backbone,11,1.0,lstm,critical_failure_fixed,2 -> 3 & 3 -> 2,2,2,3,3.9829783,3.982978343963623,0.9999999889621235
31,sample_backbone,11,1.0,lstm,critical_failure_fixed,2 -> 3 & 3 -> 2,3,2,5,3.8087513,3.808751344680786,0.9999999882689149
31,sample_backbone,11,1.0,lstm,critical_failure_fixed,2 -> 3 & 3 -> 2,4,0,5,3.1054,4.416277885437012,0.70317133127883
31,sample_backbone,11,1.0,lstm,critical_failure_fixed,2 -> 3 & 3 -> 2,5,0,3,2.4197752,2.4197752475738525,0.9999999803395574
31,sample_backbone,11,1.0,lstm,random_failure_fixed,2 -> 3 & 3 -> 2,1,3,2,4.637475,4.63747501373291,0.9999999970387097
31,sample_backbone,11,1.0,lstm,random_failure_fixed,2 -> 3 & 3 -> 2,2,2,3,3.9829783,3.982978343963623,0.9999999889621235
31,sample_backbone,11,1.0,lstm,random_failure_fixed,2 -> 3 & 3 -> 2,3,2,5,3.8087513,3.808751344680786,0.9999999882689149
31,sample_backbone,11,1.0,lstm,random_failure_fixed,2 -> 3 & 3 -> 2,4,0,5,3.1054,4.416277885437012,0.70317133127883
31,sample_backbone,11,1.0,lstm,random_failure_fixed,2 -> 3 & 3 -> 2,5,0,3,2.4197752,2.4197752475738525,0.9999999803395574
31,sample_backbone,11,1.0,uncertainty_aware_lstm_robust_lp,critical_failure_fixed,2 -> 3 & 3 -> 2,1,3,2,4.7858944,4.785894393920898,1.0000000012702122
31,sample_backbone,11,1.0,uncertainty_aware_lstm_robust_lp,critical_failure_fixed,2 -> 3 & 3 -> 2,2,0,5,4.5310173,4.531017303466797,0.9999999992348746
31,sample_backbone,11,1.0,uncertainty_aware_lstm_robust_lp,critical_failure_fixed,2 -> 3 & 3 -> 2,3,2,3,4.0606279,4.0606279373168945,0.9999999908100681
31,sample_backbone,11,1.0,uncertainty_aware_lstm_robust_lp,critical_failure_fixed,2 -> 3 & 3 -> 2,4,2,4,3.7184911,3.7184910774230957,1.000000006071523
31,sample_backbone,11,1.0,uncertainty_aware_lstm_robust_lp,critical_failure_fixed,2 -> 3 & 3 -> 2,5,5,0,3.3107197,3.3107197284698486,0.9999999914007071
31,sample_backbone,11,1.0,uncertainty_aware_lstm_robust_lp,random_failure_fixed,2 -> 3 & 3 -> 2,1,3,2,4.7858944,4.785894393920898,1.0000000012702122
31,sample_backbone,11,1.0,uncertainty_aware_lstm_robust_lp,random_failure_fixed,2 -> 3 & 3 -> 2,2,0,5,4.5310173,4.531017303466797,0.9999999992348746
31,sample_backbone,11,1.0,uncertainty_aware_lstm_robust_lp,random_failure_fixed,2 -> 3 & 3 -> 2,3,2,3,4.0606279,4.0606279373168945,0.9999999908100681
31,sample_backbone,11,1.0,uncertainty_aware_lstm_robust_lp,random_failure_fixed,2 -> 3 & 3 -> 2,4,2,4,3.7184911,3.7184910774230957,1.000000006071523
31,sample_backbone,11,1.0,uncertainty_aware_lstm_robust_lp,random_failure_fixed,2 -> 3 & 3 -> 2,5,5,0,3.3107197,3.3107197284698486,0.9999999914007071
32,sample_backbone,11,1.0,current_demand_lp,critical_failure_fixed,2 -> 3 & 3 -> 2,1,3,2,3.7447928,3.7447927694756067,1.0000000081511569
32,sample_backbone,11,1.0,current_demand_lp,critical_failure_fixed,2 -> 3 & 3 -> 2,2,2,3,3.2949229,3.2949228699242763,1.000000009127899
32,sample_backbone,11,1.0,current_demand_lp,critical_failure_fixed,2 -> 3 & 3 -> 2,3,0,5,3.1002284,3.989252331116747,0.7771452248878239
32,sample_backbone,11,1.0,current_demand_lp,critical_failure_fixed,2 -> 3 & 3 -> 2,4,2,5,2.8223851,2.8223851193119764,0.9999999931575686
32,sample_backbone,11,1.0,current_demand_lp,critical_failure_fixed,2 -> 3 & 3 -> 2,5,5,2,2.150191,2.150190964497979,1.0000000165111014
32,sample_backbone,11,1.0,current_demand_lp,random_failure_fixed,3 -> 5 & 5 -> 3,1,5,3,3.7031782,3.703178194874516,1.000000001384077
32,sample_backbone,11,1.0,current_demand_lp,random_failure_fixed,3 -> 5 & 5 -> 3,2,3,5,2.9368694,2.9368694066618897,0.9999999977316357
32,sample_backbone,11,1.0,current_demand_lp,random_failure_fixed,3 -> 5 & 5 -> 3,3,1,5,2.8329591,2.8329590720868016,1.0000000098530186
32,sample_backbone,11,1.0,current_demand_lp,random_failure_fixed,3 -> 5 & 5 -> 3,4,2,5,2.8223851,2.8223851193119764,0.9999999931575686
32,sample_backbone,11,1.0,current_demand_lp,random_failure_fixed,3 -> 5 & 5 -> 3,5,5,1,2.2041232,2.204123197513384,1.0000000011281658
32,sample_backbone,11,1.0,robust_current_demand_lp,critical_failure_fixed,2 -> 3 & 3 -> 2,1,0,5,3.9892523,3.989252331116747,0.9999999921998549
32,sample_backbone,11,1.0,robust_current_demand_lp,critical_failure_fixed,2 -> 3 & 3 -> 2,2,2,4,3.9078339,3.9078338746630266,1.0000000064836363
32,sample_backbone,11,1.0,robust_current_demand_lp,critical_failure_fixed,2 -> 3 & 3 -> 2,3,3,2,3.7447928,3.7447927694756067,1.0000000081511569
32,sample_backbone,11,1.0,robust_current_demand_lp,critical_failure_fixed,2 -> 3 & 3 -> 2,4,2,3,3.2949229,3.2949228699242763,1.000000009127899
32,sample_backbone,11,1.0,robust_current_demand_lp,critical_failure_fixed,2 -> 3 & 3 -> 2,5,5,0,2.9294665,2.9294664852087537,1.0000000050491265
32,sample_backbone,11,1.0,robust_current_demand_lp,random_failure_fixed,3 -> 5 & 5 -> 3,1,0,5,3.9892523,3.989252331116747,0.9999999921998549
32,sample_backbone,11,1.0,robust_current_demand_lp,random_failure_fixed,3 -> 5 & 5 -> 3,2,5,3,3.7031782,3.703178194874516,1.000000001384077
32,sample_backbone,11,1.0,robust_current_demand_lp,random_failure_fixed,3 -> 5 & 5 -> 3,3,3,5,2.9368694,2.9368694066618897,0.9999999977316357
32,sample_backbone,11,1.0,robust_current_demand_lp,random_failure_fixed,3 -> 5 & 5 -> 3,4,1,5,2.6834953,2.8329590720868016,0.9472411114020421
32,sample_backbone,11,1.0,robust_current_demand_lp,random_failure_fixed,3 -> 5 & 5 -> 3,5,5,1,2.2041232,2.204123197513384,1.0000000011281658
32,sample_backbone,11,1.0,moving_average,critical_failure_fixed,2 -> 3 & 3 -> 2,1,3,2,5.2248647,5.224864685002946,1.000000002870324
32,sample_backbone,11,1.0,moving_average,critical_failure_fixed,2 -> 3 & 3 -> 2,2,2,3,4.6615542,4.6615542125722715,0.9999999973029873
32,sample_backbone,11,1.0,moving_average,critical_failure_fixed,2 -> 3 & 3 -> 2,3,0,5,3.9095775,5.140937612189505,0.7604794679340461
32,sample_backbone,11,1.0,moving_average,critical_failure_fixed,2 -> 3 & 3 -> 2,4,2,5,3.7155659,3.7155659083573735,0.9999999977507131
32,sample_backbone,11,1.0,moving_average,critical_failure_fixed,2 -> 3 & 3 -> 2,5,3,1,3.4035148,3.8959593257139877,0.8736012148628527
32,sample_backbone,11,1.0,moving_average,random_failure_fixed,3 -> 5 & 5 -> 3,1,5,3,4.5634811,4.5634810512772646,1.00000001067666
32,sample_backbone,11,1.0,moving_average,random_failure_fixed,3 -> 5 & 5 -> 3,2,3,5,3.727324,3.727324030271047,0.9999999918786113
32,sample_backbone,11,1.0,moving_average,random_failure_fixed,3 -> 5 & 5 -> 3,3,2,5,3.7155659,3.7155659083573735,0.9999999977507131
32,sample_backbone,11,1.0,moving_average,random_failure_fixed,3 -> 5 & 5 -> 3,4,1,5,3.6813675,3.6813675219989923,0.9999999940242336
32,sample_backbone,11,1.0,moving_average,random_failure_fixed,3 -> 5 & 5 -> 3,5,5,1,2.9777436,2.9777435600206306,1.000000013426062
32,sample_backbone,11,1.0,linear_autoregressive,critical_failure_fixed,2 -> 3 & 3 -> 2,1,3,2,5.1996096,5.1996095573633445,1.0000000081999725
32,sample_backbone,11,1.0,linear_autoregressive,critical_failure_fixed,2 -> 3 & 3 -> 2,2,2,5,4.701986,4.7019860118422,0.9999999974814472
32,sample_backbone,11,1.0,linear_autoregressive,critical_failure_fixed,2 -> 3 & 3 -> 2,3,2,3,4.0990114,4.099011374153103,1.0000000063056418
32,sample_backbone,11,1.0,linear_autoregressive,critical_failure_fixed,2 -> 3 & 3 -> 2,4,5,0,3.7437651,3.7437651306829896,0.9999999918042429
32,sample_backbone,11,1.0,linear_autoregressive,critical_failure_fixed,2 -> 3 & 3 -> 2,5,0,5,3.3230364,4.768259069933329,0.6969076871166028
32,sample_backbone,11,1.0,linear_autoregressive,random_failure_fixed,3 -> 5 & 5 -> 3,1,2,5,4.701986,4.7019860118422,0.9999999974814472
32,sample_backbone,11,1.0,linear_autoregressive,random_failure_fixed,3 -> 5 & 5 -> 3,2,5,3,3.7673301,3.7673301216090924,0.9999999942640831
32,sample_backbone,11,1.0,linear_autoregressive,random_failure_fixed,3 -> 5 & 5 -> 3,3,5,0,3.7437651,3.7437651306829896,0.9999999918042429
32,sample_backbone,11,1.0,linear_autoregressive,random_failure_fixed,3 -> 5 & 5 -> 3,4,1,5,3.6648669,3.664866880829127,1.0000000052309874
32,sample_backbone,11,1.0,linear_autoregressive,random_failure_fixed,3 -> 5 & 5 -> 3,5,3,5,3.1994171,3.199417058106817,1.000000013094005
32,sample_backbone,11,1.0,lstm,critical_failure_fixed,2 -> 3 & 3 -> 2,1,3,2,4.3885193,4.388519287109375,1.0000000029373517
32,sample_backbone,11,1.0,lstm,critical_failure_fixed,2 -> 3 & 3 -> 2,2,2,3,3.7031541,3.7031540870666504,1.0000000034925227
32,sample_backbone,11,1.0,lstm,critical_failure_fixed,2 -> 3 & 3 -> 2,3,2,5,3.5827122,3.582712173461914,1.0000000074072615
32,sample_backbone,11,1.0,lstm,critical_failure_fixed,2 -> 3 & 3 -> 2,4,0,5,2.9671094,4.177731513977051,0.7102202212069435
32,sample_backbone,11,1.0,lstm,critical_failure_fixed,2 -> 3 & 3 -> 2,5,0,3,2.2504873,2.2504873275756836,0.9999999877467945
32,sample_backbone,11,1.0,lstm,random_failure_fixed,3 -> 5 & 5 -> 3,1,5,3,4.1100044,4.110004425048828,0.9999999939054013
32,sample_backbone,11,1.0,lstm,random_failure_fixed,3 -> 5 & 5 -> 3,2,2,5,3.5827122,3.582712173461914,1.0000000074072615
32,sample_backbone,11,1.0,lstm,random_failure_fixed,3 -> 5 & 5 -> 3,3,1,5,3.0215502,3.021550178527832,1.0000000071063417
32,sample_backbone,11,1.0,lstm,random_failure_fixed,3 -> 5 & 5 -> 3,4,3,5,2.8201263,2.8201262950897217,1.0000000017411554
32,sample_backbone,11,1.0,lstm,random_failure_fixed,3 -> 5 & 5 -> 3,5,5,1,2.251183,2.251183032989502,0.9999999853457043
32,sample_backbone,11,1.0,uncertainty_aware_lstm_robust_lp,critical_failure_fixed,2 -> 3 & 3 -> 2,1,3,2,4.5369387,4.536938667297363,1.0000000072080844
32,sample_backbone,11,1.0,uncertainty_aware_lstm_robust_lp,critical_failure_fixed,2 -> 3 & 3 -> 2,2,0,5,4.2924709,4.292470932006836,0.9999999925434938
32,sample_backbone,11,1.0,uncertainty_aware_lstm_robust_lp,critical_failure_fixed,2 -> 3 & 3 -> 2,3,2,3,3.7808034,3.7808034420013428,0.9999999888908949
32,sample_backbone,11,1.0,uncertainty_aware_lstm_robust_lp,critical_failure_fixed,2 -> 3 & 3 -> 2,4,2,4,3.4927645,3.492764472961426,1.0000000077413105
32,sample_backbone,11,1.0,uncertainty_aware_lstm_robust_lp,critical_failure_fixed,2 -> 3 & 3 -> 2,5,5,0,3.0979941,3.097994089126587,1.0000000035098238
32,sample_backbone,11,1.0,uncertainty_aware_lstm_robust_lp,random_failure_fixed,3 -> 5 & 5 -> 3,1,0,5,4.2924709,4.292470932006836,0.9999999925434938
32,sample_backbone,11,1.0,uncertainty_aware_lstm_robust_lp,random_failure_fixed,3 -> 5 & 5 -> 3,2,5,3,4.2244368,4.2244367599487305,1.0000000094808543
32,sample_backbone,11,1.0,uncertainty_aware_lstm_robust_lp,random_failure_fixed,3 -> 5 & 5 -> 3,3,1,5,3.1104777,3.1104776859283447,1.0000000045239532
32,sample_backbone,11,1.0,uncertainty_aware_lstm_robust_lp,random_failure_fixed,3 -> 5 & 5 -> 3,4,3,5,2.9048166,2.9048166275024414,0.9999999905321248
32,sample_backbone,11,1.0,uncertainty_aware_lstm_robust_lp,random_failure_fixed,3 -> 5 & 5 -> 3,5,5,0,2.3475816,3.097994089126587,0.7577747188865199
33,sample_backbone,11,1.0,current_demand_lp,critical_failure_fixed,2 -> 3 & 3 -> 2,1,2,3,3.5207429,3.520742858585518,1.0000000117629955
33,sample_backbone,11,1.0,current_demand_lp,critical_failure_fixed,2 -> 3 & 3 -> 2,2,3,2,3.378368,3.3783679814526724,1.000000005490026
33,sample_backbone,11,1.0,current_demand_lp,critical_failure_fixed,2 -> 3 & 3 -> 2,3,0,5,3.1094616,3.3226882467483296,0.935827068050396
33,sample_backbone,11,1.0,current_demand_lp,critical_failure_fixed,2 -> 3 & 3 -> 2,4,3,1,2.9383658,2.9383657565272974,1.0000000147948576
33,sample_backbone,11,1.0,current_demand_lp,critical_failure_fixed,2 -> 3 & 3 -> 2,5,2,5,2.4322839,2.432283949021746,0.9999999798453851
33,sample_backbone,11,1.0,current_demand_lp,random_failure_fixed,3 -> 5 & 5 -> 3,1,5,3,3.5193251,3.5193251049645315,0.9999999985893513
33,sample_backbone,11,1.0,current_demand_lp,random_failure_fixed,3 -> 5 & 5 -> 3,2,1,5,3.153987,3.1539870267492547,0.9999999915189078
33,sample_backbone,11,1.0,current_demand_lp,random_failure_fixed,3 -> 5 & 5 -> 3,3,5,1,2.6946564,2.694656407311238,0.9999999972867644
33,sample_backbone,11,1.0,current_demand_lp,random_failure_fixed,3 -> 5 & 5 -> 3,4,3,5,2.6432854,2.6432854326684536,0.9999999876409663
33,sample_backbone,11,1.0,current_demand_lp,random_failure_fixed,3 -> 5 & 5 -> 3,5,2,5,2.4322839,2.432283949021746,0.9999999798453851
33,sample_backbone,11,1.0,robust_current_demand_lp,critical_failure_fixed,2 -> 3 & 3 -> 2,1,2,3,3.5207429,3.520742858585518,1.0000000117629955
33,sample_backbone,11,1.0,robust_current_demand_lp,critical_failure_fixed,2 -> 3 & 3 -> 2,2,3,2,3.378368,3.3783679814526724,1.000000005490026
33,sample_backbone,11,1.0,robust_current_demand_lp,critical_failure_fixed,2 -> 3 & 3 -> 2,3,0,5,3.3226882,3.3226882467483296,0.99999998593057
33,sample_backbone,11,1.0,robust_current_demand_lp,critical_failure_fixed,2 -> 3 & 3 -> 2,4,2,4,3.0535795,3.0535795237475383,0.999999992223049
33,sample_backbone,11,1.0,robust_current_demand_lp,critical_failure_fixed,2 -> 3 & 3 -> 2,5,5,0,2.958555,2.9585549920990903,1.00000000267053
33,sample_backbone,11,1.0,robust_current_demand_lp,random_failure_fixed,3 -> 5 & 5 -> 3,1,5,3,3.5193251,3.5193251049645315,0.9999999985893513
33,sample_backbone,11,1.0,robust_current_demand_lp,random_failure_fixed,3 -> 5 & 5 -> 3,2,0,5,3.3226882,3.3226882467483296,0.99999998593057
33,sample_backbone,11,1.0,robust_current_demand_lp,random_failure_fixed,3 -> 5 & 5 -> 3,3,1,5,3.153987,3.1539870267492547,0.9999999915189078
33,sample_backbone,11,1.0,robust_current_demand_lp,random_failure_fixed,3 -> 5 & 5 -> 3,4,5,1,2.6946564,2.694656407311238,0.9999999972867644
33,sample_backbone,11,1.0,robust_current_demand_lp,random_failure_fixed,3 -> 5 & 5 -> 3,5,3,5,2.6432854,2.6432854326684536,0.9999999876409663
33,sample_backbone,11,1.0,moving_average,critical_failure_fixed,2 -> 3 & 3 -> 2,1,3,2,4.4727384,4.472738352038076,1.000000010723168
33,sample_backbone,11,1.0,moving_average,critical_failure_fixed,2 -> 3 & 3 -> 2,2,2,3,4.0452104,4.045210388691867,1.0000000027954377
33,sample_backbone,11,1.0,moving_average,critical_failure_fixed,2 -> 3 & 3 -> 2,3,0,5,3.4785228,4.423167916398597,0.7864324542379707
33,sample_backbone,11,1.0,moving_average,critical_failure_fixed,2 -> 3 & 3 -> 2,4,3,1,3.4007381,3.4007381047454746,0.9999999986045751
33,sample_backbone,11,1.0,moving_average,critical_failure_fixed,2 -> 3 & 3 -> 2,5,2,5,3.2072983,3.207298299373927,1.0000000001952025
33,sample_backbone,11,1.0,moving_average,random_failure_fixed,3 -> 5 & 5 -> 3,1,5,3,3.9429781,3.9429780945015844,1.000000001394483
33,sample_backbone,11,1.0,moving_average,random_failure_fixed,3 -> 5 & 5 -> 3,2,1,5,3.3050734,3.305073370626393,1.0000000088874297
33,sample_backbone,11,1.0,moving_average,random_failure_fixed,3 -> 5 & 5 -> 3,3,3,5,3.2160781,3.2160781025225624,0.9999999992156401
33,sample_backbone,11,1.0,moving_average,random_failure_fixed,3 -> 5 & 5 -> 3,4,2,5,3.2072983,3.207298299373927,1.0000000001952025
33,sample_backbone,11,1.0,moving_average,random_failure_fixed,3 -> 5 & 5 -> 3,5,5,1,2.689293,2.6892929817616604,1.0000000067818344
33,sample_backbone,11,1.0,linear_autoregressive,critical_failure_fixed,2 -> 3 & 3 -> 2,1,3,2,4.0099808,4.009980773104593,1.0000000067071162
33,sample_backbone,11,1.0,linear_autoregressive,critical_failure_fixed,2 -> 3 & 3 -> 2,2,2,5,3.3565646,3.356564647047055,0.9999999859835695
33,sample_backbone,11,1.0,linear_autoregressive,critical_failure_fixed,2 -> 3 & 3 -> 2,3,2,3,3.1985662,3.1985661964573393,1.0000000011075778
33,sample_backbone,11,1.0,linear_autoregressive,critical_failure_fixed,2 -> 3 & 3 -> 2,4,0,5,2.9501084,4.073462134138743,0.7242262976439193
33,sample_backbone,11,1.0,linear_autoregressive,critical_failure_fixed,2 -> 3 & 3 -> 2,5,5,2,2.5357826,2.535782550320088,1.0000000195915506
33,sample_backbone,11,1.0,linear_autoregressive,random_failure_fixed,3 -> 5 & 5 -> 3,1,5,3,3.5389147,3.538914726061357,0.999999992635777
33,sample_backbone,11,1.0,linear_autoregressive,random_failure_fixed,3 -> 5 & 5 -> 3,2,2,5,3.3565646,3.356564647047055,0.9999999859835695
33,sample_backbone,11,1.0,linear_autoregressive,random_failure_fixed,3 -> 5 & 5 -> 3,3,1,5,2.7031351,2.703135086559767,1.0000000049720907
33,sample_backbone,11,1.0,linear_autoregressive,random_failure_fixed,3 -> 5 & 5 -> 3,4,3,5,2.6577574,2.657757443181207,0.999999983752766
33,sample_backbone,11,1.0,linear_autoregressive,random_failure_fixed,3 -> 5 & 5 -> 3,5,5,2,2.5357826,2.535782550320088,1.0000000195915506
33,sample_backbone,11,1.0,lstm,critical_failure_fixed,2 -> 3 & 3 -> 2,1,3,2,4.364399,4.364398956298828,1.000000010013102
33,sample_backbone,11,1.0,lstm,critical_failure_fixed,2 -> 3 & 3 -> 2,2,2,3,3.676151,3.6761510372161865,0.9999999898763173
33,sample_backbone,11,1.0,lstm,critical_failure_fixed,2 -> 3 & 3 -> 2,3,2,5,3.5604575,3.560457468032837,1.0000000089783865
33,sample_backbone,11,1.0,lstm,critical_failure_fixed,2 -> 3 & 3 -> 2,4,0,5,2.9537606,4.154784202575684,0.710929967955705
33,sample_backbone,11,1.0,lstm,critical_failure_fixed,2 -> 3 & 3 -> 2,5,0,3,2.2337525,2.233752489089966,1.0000000048841733
33,sample_backbone,11,1.0,lstm,random_failure_fixed,3 -> 5 & 5 -> 3,1,5,3,4.085856,4.085855960845947,1.0000000095828274
33,sample_backbone,11,1.0,lstm,random_failure_fixed,3 -> 5 & 5 -> 3,2,2,5,3.5604575,3.560457468032837,1.0000000089783865
33,sample_backbone,11,1.0,lstm,random_failure_fixed,3 -> 5 & 5 -> 3,3,1,5,3.0033891,3.0033891201019287,0.9999999933069184
33,sample_backbone,11,1.0,lstm,random_failure_fixed,3 -> 5 & 5 -> 3,4,3,5,2.7974935,2.7974934577941895,1.0000000150870094
33,sample_backbone,11,1.0,lstm,random_failure_fixed,3 -> 5 & 5 -> 3,5,5,1,2.2311625,2.2311625480651855,0.9999999784573358
33,sample_backbone,11,1.0,uncertainty_aware_lstm_robust_lp,critical_failure_fixed,2 -> 3 & 3 -> 2,1,3,2,4.5128183,4.512818336486816,0.9999999919148493
33,sample_backbone,11,1.0,uncertainty_aware_lstm_robust_lp,critical_failure_fixed,2 -> 3 & 3 -> 2,2,0,5,4.2695236,4.269523620605469,0.999999995173825
33,sample_backbone,11,1.0,uncertainty_aware_lstm_robust_lp,critical_failure_fixed,2 -> 3 & 3 -> 2,3,2,3,3.7538004,3.753800392150879,1.0000000020909798
33,sample_backbone,11,1.0,uncertainty_aware_lstm_robust_lp,critical_failure_fixed,2 -> 3 & 3 -> 2,4,2,4,3.4708698,3.470869779586792,1.0000000058812948
33,sample_backbone,11,1.0,uncertainty_aware_lstm_robust_lp,critical_failure_fixed,2 -> 3 & 3 -> 2,5,5,0,3.0773711,3.077371120452881,0.9999999933537815
33,sample_backbone,11,1.0,uncertainty_aware_lstm_robust_lp,random_failure_fixed,3 -> 5 & 5 -> 3,1,0,5,4.2695236,4.269523620605469,0.999999995173825
33,sample_backbone,11,1.0,uncertainty_aware_lstm_robust_lp,random_failure_fixed,3 -> 5 & 5 -> 3,2,5,3,4.2002883,4.20028829574585,1.0000000010128236
33,sample_backbone,11,1.0,uncertainty_aware_lstm_robust_lp,random_failure_fixed,3 -> 5 & 5 -> 3,3,1,5,3.0923166,3.0923166275024414,0.9999999911062014
33,sample_backbone,11,1.0,uncertainty_aware_lstm_robust_lp,random_failure_fixed,3 -> 5 & 5 -> 3,4,3,5,2.8821836,2.88218355178833,1.0000000167274807
33,sample_backbone,11,1.0,uncertainty_aware_lstm_robust_lp,random_failure_fixed,3 -> 5 & 5 -> 3,5,5,0,2.3395062,3.077371120452881,0.7602288149294477
34,sample_backbone,11,1.0,current_demand_lp,critical_failure_fixed,2 -> 3 & 3 -> 2,1,2,3,3.563559,3.5635589616651737,1.0000000107574554
34,sample_backbone,11,1.0,current_demand_lp,critical_failure_fixed,2 -> 3 & 3 -> 2,2,3,2,3.3977687,3.3977686509012575,1.00000001445029
34,sample_backbone,11,1.0,current_demand_lp,critical_failure_fixed,2 -> 3 & 3 -> 2,3,2,5,2.7554297,2.7554297312466725,0.999999988659964
34,sample_backbone,11,1.0,current_demand_lp,critical_failure_fixed,2 -> 3 & 3 -> 2,4,0,5,2.696167,3.621336007526387,0.7445227381266013
34,sample_backbone,11,1.0,current_demand_lp,critical_failure_fixed,2 -> 3 & 3 -> 2,5,3,1,2.5835628,2.6103613022381107,0.9897337957718214
34,sample_backbone,11,1.0,current_demand_lp,random_failure_fixed,0 -> 1 & 1 -> 0,1,0,1,2.9002847,2.9002846765133503,1.0000000080980498
34,sample_backbone,11,1.0,current_demand_lp,random_failure_fixed,0 -> 1 & 1 -> 0,2,3,0,2.1056922,3.3303824864176645,0.6322673772720303
34,sample_backbone,11,1.0,current_demand_lp,random_failure_fixed,0 -> 1 & 1 -> 0,3,1,0,1.7555581,1.755558106807137,0.9999999961225224
34,sample_backbone,11,1.0,current_demand_lp,random_failure_fixed,0 -> 1 & 1 -> 0,4,0,5,0.92516901,3.621336007526387,0.25547726255646513
34,sample_backbone,11,1.0,robust_current_demand_lp,critical_failure_fixed,2 -> 3 & 3 -> 2,1,0,5,3.621336,3.621336007526387,0.9999999979216546
34,sample_backbone,11,1.0,robust_current_demand_lp,critical_failure_fixed,2 -> 3 & 3 -> 2,2,2,3,3.563559,3.5635589616651737,1.0000000107574554
34,sample_backbone,11,1.0,robust_current_demand_lp,critical_failure_fixed,2 -> 3 & 3 -> 2,3,3,2,3.3977687,3.3977686509012575,1.00000001445029
34,sample_backbone,11,1.0,robust_current_demand_lp,critical_failure_fixed,2 -> 3 & 3 -> 2,4,2,4,2.8930272,2.8930272188776254,0.9999999934747847
34,sample_backbone,11,1.0,robust_current_demand_lp,critical_failure_fixed,2 -> 3 & 3 -> 2,5,5,0,2.4584434,2.4584434401095856,0.9999999836849671
34,sample_backbone,11,1.0,robust_current_demand_lp,random_failure_fixed,0 -> 1 & 1 -> 0,1,0,1,2.9002847,2.9002846765133503,1.0000000080980498
34,sample_backbone,11,1.0,robust_current_demand_lp,random_failure_fixed,0 -> 1 & 1 -> 0,2,3,0,2.1056922,3.3303824864176645,0.6322673772720303
34,sample_backbone,11,1.0,robust_current_demand_lp,random_failure_fixed,0 -> 1 & 1 -> 0,3,1,0,1.7555581,1.755558106807137,0.9999999961225224
34,sample_backbone,11,1.0,robust_current_demand_lp,random_failure_fixed,0 -> 1 & 1 -> 0,4,0,2,0.54999855,2.754690910207631,0.1996588974690248
34,sample_backbone,11,1.0,robust_current_demand_lp,random_failure_fixed,0 -> 1 & 1 -> 0,5,0,3,0.37517046,1.8414500059056944,0.20373643530739083
34,sample_backbone,11,1.0,moving_average,critical_failure_fixed,2 -> 3 & 3 -> 2,1,3,2,3.8785254,3.878525394125567,1.0000000015146047
34,sample_backbone,11,1.0,moving_average,critical_failure_fixed,2 -> 3 & 3 -> 2,2,2,3,3.6248004,3.6248003829562245,1.0000000047019901
34,sample_backbone,11,1.0,moving_average,critical_failure_fixed,2 -> 3 & 3 -> 2,3,0,5,3.175109,3.960553607426762,0.8016831268351197
34,sample_backbone,11,1.0,moving_average,critical_failure_fixed,2 -> 3 & 3 -> 2,4,3,1,2.9298392,2.9298392272331166,0.9999999907049109
34,sample_backbone,11,1.0,moving_average,critical_failure_fixed,2 -> 3 & 3 -> 2,5,2,5,2.7306118,2.730611833533893,0.999999987719275
34,sample_backbone,11,1.0,moving_average,random_failure_fixed,0 -> 1 & 1 -> 0,1,0,1,2.918698,2.9186980196418766,0.9999999932703293
34,sample_backbone,11,1.0,moving_average,random_failure_fixed,0 -> 1 & 1 -> 0,2,3,0,2.7696758,3.6289436029348607,0.7632181987507496
34,sample_backbone,11,1.0,moving_average,random_failure_fixed,0 -> 1 & 1 -> 0,3,1,0,1.7792864,1.77928635340059,1.000000026189944
34,sample_backbone,11,1.0,moving_average,random_failure_fixed,0 -> 1 & 1 -> 0,4,0,5,0.78544462,3.960553607426762,0.19831687633949652
34,sample_backbone,11,1.0,moving_average,random_failure_fixed,0 -> 1 & 1 -> 0,5,0,4,0.32502111,1.973941150449791,0.16465592701481463
34,sample_backbone,11,1.0,linear_autoregressive,critical_failure_fixed,2 -> 3 & 3 -> 2,1,2,3,2.7791845,2.77918449058774,1.0000000033866985
34,sample_backbone,11,1.0,linear_autoregressive,critical_failure_fixed,2 -> 3 & 3 -> 2,2,3,2,2.6003242,2.600324248086763,0.9999999815073973
34,sample_backbone,11,1.0,linear_autoregressive,critical_failure_fixed,2 -> 3 & 3 -> 2,3,0,5,2.2473637,3.1559130300460088,0.7121120508087122
34,sample_backbone,11,1.0,linear_autoregressive,critical_failure_fixed,2 -> 3 & 3 -> 2,4,2,5,2.1851877,2.1851876750033683,1.0000000114391236
34,sample_backbone,11,1.0,linear_autoregressive,critical_failure_fixed,2 -> 3 & 3 -> 2,5,3,1,1.8519444,1.8519444180022016,0.9999999902792971
34,sample_backbone,11,1.0,linear_autoregressive,random_failure_fixed,0 -> 1 & 1 -> 0,1,0,1,2.3870727,2.3870727447202715,0.9999999812656436
34,sample_backbone,11,1.0,linear_autoregressive,random_failure_fixed,0 -> 1 & 1 -> 0,2,1,0,1.4913009,1.4913009033097109,0.9999999977806552
34,sample_backbone,11,1.0,linear_autoregressive,random_failure_fixed,0 -> 1 & 1 -> 0,3,3,0,1.0660614,2.3283569491328318,0.4578599515839019
34,sample_backbone,11,1.0,linear_autoregressive,random_failure_fixed,0 -> 1 & 1 -> 0,4,0,5,0.90854937,3.1559130300460088,0.2878879618513298
34,sample_backbone,11,1.0,lstm,critical_failure_fixed,2 -> 3 & 3 -> 2,1,3,2,4.3564463,4.356446266174316,1.000000007764513
34,sample_backbone,11,1.0,lstm,critical_failure_fixed,2 -> 3 & 3 -> 2,2,2,3,3.6672256,3.6672255992889404,1.0000000001938958
34,sample_backbone,11,1.0,lstm,critical_failure_fixed,2 -> 3 & 3 -> 2,3,2,5,3.5531981,3.5531980991363525,1.000000000243062
34,sample_backbone,11,1.0,lstm,critical_failure_fixed,2 -> 3 & 3 -> 2,4,0,5,2.9493473,4.147184371948242,0.7111685990981084
34,sample_backbone,11,1.0,lstm,critical_failure_fixed,2 -> 3 & 3 -> 2,5,0,3,2.2283113,2.22831130027771,0.999999999875372
34,sample_backbone,11,1.0,lstm,random_failure_fixed,0 -> 1 & 1 -> 0,1,0,1,3.072654,3.0726540088653564,0.9999999971147561
34,sample_backbone,11,1.0,lstm,random_failure_fixed,0 -> 1 & 1 -> 0,2,3,0,2.2010543,3.9544870853424072,0.5565966590606319
34,sample_backbone,11,1.0,lstm,random_failure_fixed,0 -> 1 & 1 -> 0,3,1,0,1.8978373,1.8978372812271118,1.000000009891727
34,sample_backbone,11,1.0,lstm,random_failure_fixed,0 -> 1 & 1 -> 0,4,0,5,1.197837,4.147184371948242,0.28883138355319526
34,sample_backbone,11,1.0,uncertainty_aware_lstm_robust_lp,critical_failure_fixed,2 -> 3 & 3 -> 2,1,3,2,4.5048656,4.504865646362305,0.9999999897083934
34,sample_backbone,11,1.0,uncertainty_aware_lstm_robust_lp,critical_failure_fixed,2 -> 3 & 3 -> 2,2,0,5,4.2619238,4.261923789978027,1.0000000023515139
34,sample_backbone,11,1.0,uncertainty_aware_lstm_robust_lp,critical_failure_fixed,2 -> 3 & 3 -> 2,3,2,3,3.744875,3.744874954223633,1.0000000122237371
34,sample_backbone,11,1.0,uncertainty_aware_lstm_robust_lp,critical_failure_fixed,2 -> 3 & 3 -> 2,4,2,4,3.4636576,3.4636576175689697,0.9999999949276251
34,sample_backbone,11,1.0,uncertainty_aware_lstm_robust_lp,critical_failure_fixed,2 -> 3 & 3 -> 2,5,5,0,3.0705733,3.070573329925537,0.9999999902540881
34,sample_backbone,11,1.0,uncertainty_aware_lstm_robust_lp,random_failure_fixed,0 -> 1 & 1 -> 0,1,0,1,3.161598,3.161597967147827,1.0000000103910027
34,sample_backbone,11,1.0,uncertainty_aware_lstm_robust_lp,random_failure_fixed,0 -> 1 & 1 -> 0,2,3,0,2.4459622,4.053727149963379,0.6033859975065408
34,sample_backbone,11,1.0,uncertainty_aware_lstm_robust_lp,random_failure_fixed,0 -> 1 & 1 -> 0,3,1,0,1.9806113,1.9806113243103027,0.999999987725859
34,sample_backbone,11,1.0,uncertainty_aware_lstm_robust_lp,random_failure_fixed,0 -> 1 & 1 -> 0,4,0,2,0.76110939,3.348975658416748,0.22726632487971557
34,sample_backbone,11,1.0,uncertainty_aware_lstm_robust_lp,random_failure_fixed,0 -> 1 & 1 -> 0,5,0,3,0.47753817,2.373096227645874,0.20123000678894543
