time_step,topology,seed,load_scale,method,scenario,failed_link,commodity_rank,source,destination,path_rank,path_flow,path_nodes,path_edges,contains_failed_link
22,nsfnet,7,1.2,current_demand_lp,critical_failure_fixed,"NCSA, University of Illinois, Champaign -> Merit Univ of Michigan, Ann Arbor & Merit Univ of Michigan, Ann Arbor -> NCSA, University of Illinois, Champaign",1,"NCSA, University of Illinois, Champaign","Merit Univ of Michigan, Ann Arbor",1,5.9294624,"NCSA, University of Illinois, Champaign | Merit Univ of Michigan, Ann Arbor","NCSA, University of Illinois, Champaign->Merit Univ of Michigan, Ann Arbor",1
22,nsfnet,7,1.2,current_demand_lp,critical_failure_fixed,"NCSA, University of Illinois, Champaign -> Merit Univ of Michigan, Ann Arbor & Merit Univ of Michigan, Ann Arbor -> NCSA, University of Illinois, Champaign",2,"NCSA, University of Illinois, Champaign","BARRnet, Palo Alto",1,5.8374318,"NCSA, University of Illinois, Champaign | Merit Univ of Michigan, Ann Arbor | BARRnet, Palo Alto","NCSA, University of Illinois, Champaign->Merit Univ of Michigan, Ann Arbor | Merit Univ of Michigan, Ann Arbor->BARRnet, Palo Alto",1
22,nsfnet,7,1.2,current_demand_lp,critical_failure_fixed,"NCSA, University of Illinois, Champaign -> Merit Univ of Michigan, Ann Arbor & Merit Univ of Michigan, Ann Arbor -> NCSA, University of Illinois, Champaign",3,"MIDnet, Lincoln, NE","Cornell Theory Center, Ithaca NY",1,5.762572,"MIDnet, Lincoln, NE | NCSA, University of Illinois, Champaign | Merit Univ of Michigan, Ann Arbor | Cornell Theory Center, Ithaca NY","MIDnet, Lincoln, NE->NCSA, University of Illinois, Champaign | NCSA, University of Illinois, Champaign->Merit Univ of Michigan, Ann Arbor | Merit Univ of Michigan, Ann Arbor->Cornell Theory Center, Ithaca NY",1
22,nsfnet,7,1.2,current_demand_lp,critical_failure_fixed,"NCSA, University of Illinois, Champaign -> Merit Univ of Michigan, Ann Arbor & Merit Univ of Michigan, Ann Arbor -> NCSA, University of Illinois, Champaign",4,"SURANET, Georgia Tech, Atlanta","Merit Univ of Michigan, Ann Arbor",1,5.743957,"SURANET, Georgia Tech, Atlanta | SEQSUINET, Rice University, Houston | NCSA, University of Illinois, Champaign | Merit Univ of Michigan, Ann Arbor","SURANET, Georgia Tech, Atlanta->SEQSUINET, Rice University, Houston | SEQSUINET, Rice University, Houston->NCSA, University of Illinois, Champaign | NCSA, University of Illinois, Champaign->Merit Univ of Michigan, Ann Arbor",1
22,nsfnet,7,1.2,current_demand_lp,critical_failure_fixed,"NCSA, University of Illinois, Champaign -> Merit Univ of Michigan, Ann Arbor & Merit Univ of Michigan, Ann Arbor -> NCSA, University of Illinois, Champaign",5,"Westnet, Salt Lake City","Merit Univ of Michigan, Ann Arbor",1,5.4926055,"Westnet, Salt Lake City | NCAR, Boulder | NCSA, University of Illinois, Champaign | Merit Univ of Michigan, Ann Arbor","Westnet, Salt Lake City->NCAR, Boulder | NCAR, Boulder->NCSA, University of Illinois, Champaign | NCSA, University of Illinois, Champaign->Merit Univ of Michigan, Ann Arbor",1
22,nsfnet,7,1.2,current_demand_lp,random_failure_fixed,"Westnet, Salt Lake City -> NCAR, Boulder & NCAR, Boulder -> Westnet, Salt Lake City",1,"Westnet, Salt Lake City",San Diego Supercomputer Center,1,5.9015378,"Westnet, Salt Lake City | NCAR, Boulder | NorthWestNet, Seattle | BARRnet, Palo Alto | San Diego Supercomputer Center","Westnet, Salt Lake City->NCAR, Boulder | NCAR, Boulder->NorthWestNet, Seattle | NorthWestNet, Seattle->BARRnet, Palo Alto | BARRnet, Palo Alto->San Diego Supercomputer Center",1
22,nsfnet,7,1.2,current_demand_lp,random_failure_fixed,"Westnet, Salt Lake City -> NCAR, Boulder & NCAR, Boulder -> Westnet, Salt Lake City",2,"Westnet, Salt Lake City","NCAR, Boulder",1,5.7646991,"Westnet, Salt Lake City | NCAR, Boulder","Westnet, Salt Lake City->NCAR, Boulder",1
22,nsfnet,7,1.2,current_demand_lp,random_failure_fixed,"Westnet, Salt Lake City -> NCAR, Boulder & NCAR, Boulder -> Westnet, Salt Lake City",3,"SEQSUINET, Rice University, Houston","Westnet, Salt Lake City",1,5.6684891,"SEQSUINET, Rice University, Houston | NCSA, University of Illinois, Champaign | NCAR, Boulder | Westnet, Salt Lake City","SEQSUINET, Rice University, Houston->NCSA, University of Illinois, Champaign | NCSA, University of Illinois, Champaign->NCAR, Boulder | NCAR, Boulder->Westnet, Salt Lake City",1
22,nsfnet,7,1.2,current_demand_lp,random_failure_fixed,"Westnet, Salt Lake City -> NCAR, Boulder & NCAR, Boulder -> Westnet, Salt Lake City",4,"Westnet, Salt Lake City","Merit Univ of Michigan, Ann Arbor",1,5.4926055,"Westnet, Salt Lake City | NCAR, Boulder | NCSA, University of Illinois, Champaign | Merit Univ of Michigan, Ann Arbor","Westnet, Salt Lake City->NCAR, Boulder | NCAR, Boulder->NCSA, University of Illinois, Champaign | NCSA, University of Illinois, Champaign->Merit Univ of Michigan, Ann Arbor",1
22,nsfnet,7,1.2,current_demand_lp,random_failure_fixed,"Westnet, Salt Lake City -> NCAR, Boulder & NCAR, Boulder -> Westnet, Salt Lake City",5,"Westnet, Salt Lake City","SEQSUINET, Rice University, Houston",1,5.4768375,"Westnet, Salt Lake City | NCAR, Boulder | NCSA, University of Illinois, Champaign | SEQSUINET, Rice University, Houston","Westnet, Salt Lake City->NCAR, Boulder | NCAR, Boulder->NCSA, University of Illinois, Champaign | NCSA, University of Illinois, Champaign->SEQSUINET, Rice University, Houston",1
22,nsfnet,7,1.2,robust_current_demand_lp,critical_failure_fixed,"NCSA, University of Illinois, Champaign -> Merit Univ of Michigan, Ann Arbor & Merit Univ of Michigan, Ann Arbor -> NCSA, University of Illinois, Champaign",1,"NCSA, University of Illinois, Champaign","Merit Univ of Michigan, Ann Arbor",1,5.9294624,"NCSA, University of Illinois, Champaign | Merit Univ of Michigan, Ann Arbor","NCSA, University of Illinois, Champaign->Merit Univ of Michigan, Ann Arbor",1
22,nsfnet,7,1.2,robust_current_demand_lp,critical_failure_fixed,"NCSA, University of Illinois, Champaign -> Merit Univ of Michigan, Ann Arbor & Merit Univ of Michigan, Ann Arbor -> NCSA, University of Illinois, Champaign",2,"NCSA, University of Illinois, Champaign","BARRnet, Palo Alto",1,5.8374318,"NCSA, University of Illinois, Champaign | Merit Univ of Michigan, Ann Arbor | BARRnet, Palo Alto","NCSA, University of Illinois, Champaign->Merit Univ of Michigan, Ann Arbor | Merit Univ of Michigan, Ann Arbor->BARRnet, Palo Alto",1
22,nsfnet,7,1.2,robust_current_demand_lp,critical_failure_fixed,"NCSA, University of Illinois, Champaign -> Merit Univ of Michigan, Ann Arbor & Merit Univ of Michigan, Ann Arbor -> NCSA, University of Illinois, Champaign",3,"MIDnet, Lincoln, NE","Cornell Theory Center, Ithaca NY",1,5.762572,"MIDnet, Lincoln, NE | NCSA, University of Illinois, Champaign | Merit Univ of Michigan, Ann Arbor | Cornell Theory Center, Ithaca NY","MIDnet, Lincoln, NE->NCSA, University of Illinois, Champaign | NCSA, University of Illinois, Champaign->Merit Univ of Michigan, Ann Arbor | Merit Univ of Michigan, Ann Arbor->Cornell Theory Center, Ithaca NY",1
22,nsfnet,7,1.2,robust_current_demand_lp,critical_failure_fixed,"NCSA, University of Illinois, Champaign -> Merit Univ of Michigan, Ann Arbor & Merit Univ of Michigan, Ann Arbor -> NCSA, University of Illinois, Champaign",4,"Westnet, Salt Lake City","Merit Univ of Michigan, Ann Arbor",1,5.4926055,"Westnet, Salt Lake City | NCAR, Boulder | NCSA, University of Illinois, Champaign | Merit Univ of Michigan, Ann Arbor","Westnet, Salt Lake City->NCAR, Boulder | NCAR, Boulder->NCSA, University of Illinois, Champaign | NCSA, University of Illinois, Champaign->Merit Univ of Michigan, Ann Arbor",1
22,nsfnet,7,1.2,robust_current_demand_lp,critical_failure_fixed,"NCSA, University of Illinois, Champaign -> Merit Univ of Michigan, Ann Arbor & Merit Univ of Michigan, Ann Arbor -> NCSA, University of Illinois, Champaign",5,Pittsburgh Supercomputer Center,"MIDnet, Lincoln, NE",1,5.0647301,"Pittsburgh Supercomputer Center | Merit Univ of Michigan, Ann Arbor | NCSA, University of Illinois, Champaign | MIDnet, Lincoln, NE","Pittsburgh Supercomputer Center->Merit Univ of Michigan, Ann Arbor | Merit Univ of Michigan, Ann Arbor->NCSA, University of Illinois, Champaign | NCSA, University of Illinois, Champaign->MIDnet, Lincoln, NE",1
22,nsfnet,7,1.2,robust_current_demand_lp,random_failure_fixed,"Westnet, Salt Lake City -> NCAR, Boulder & NCAR, Boulder -> Westnet, Salt Lake City",1,"Westnet, Salt Lake City",San Diego Supercomputer Center,1,5.9015378,"Westnet, Salt Lake City | NCAR, Boulder | NorthWestNet, Seattle | BARRnet, Palo Alto | San Diego Supercomputer Center","Westnet, Salt Lake City->NCAR, Boulder | NCAR, Boulder->NorthWestNet, Seattle | NorthWestNet, Seattle->BARRnet, Palo Alto | BARRnet, Palo Alto->San Diego Supercomputer Center",1
22,nsfnet,7,1.2,robust_current_demand_lp,random_failure_fixed,"Westnet, Salt Lake City -> NCAR, Boulder & NCAR, Boulder -> Westnet, Salt Lake City",2,"Westnet, Salt Lake City","NCAR, Boulder",1,5.7646991,"Westnet, Salt Lake City | NCAR, Boulder","Westnet, Salt Lake City->NCAR, Boulder",1
22,nsfnet,7,1.2,robust_current_demand_lp,random_failure_fixed,"Westnet, Salt Lake City -> NCAR, Boulder & NCAR, Boulder -> Westnet, Salt Lake City",3,"SEQSUINET, Rice University, Houston","Westnet, Salt Lake City",1,5.6684891,"SEQSUINET, Rice University, Houston | NCSA, University of Illinois, Champaign | NCAR, Boulder | Westnet, Salt Lake City","SEQSUINET, Rice University, Houston->NCSA, University of Illinois, Champaign | NCSA, University of Illinois, Champaign->NCAR, Boulder | NCAR, Boulder->Westnet, Salt Lake City",1
22,nsfnet,7,1.2,robust_current_demand_lp,random_failure_fixed,"Westnet, Salt Lake City -> NCAR, Boulder & NCAR, Boulder -> Westnet, Salt Lake City",4,"Westnet, Salt Lake City","Merit Univ of Michigan, Ann Arbor",1,5.4926055,"Westnet, Salt Lake City | NCAR, Boulder | NCSA, University of Illinois, Champaign | Merit Univ of Michigan, Ann Arbor","Westnet, Salt Lake City->NCAR, Boulder | NCAR, Boulder->NCSA, University of Illinois, Champaign | NCSA, University of Illinois, Champaign->Merit Univ of Michigan, Ann Arbor",1
22,nsfnet,7,1.2,robust_current_demand_lp,random_failure_fixed,"Westnet, Salt Lake City -> NCAR, Boulder & NCAR, Boulder -> Westnet, Salt Lake City",5,"Westnet, Salt Lake City","SEQSUINET, Rice University, Houston",1,5.4768375,"Westnet, Salt Lake City | NCAR, Boulder | NCSA, University of Illinois, Champaign | SEQSUINET, Rice University, Houston","Westnet, Salt Lake City->NCAR, Boulder | NCAR, Boulder->NCSA, University of Illinois, Champaign | NCSA, University of Illinois, Champaign->SEQSUINET, Rice University, Houston",1
22,nsfnet,7,1.2,moving_average,critical_failure_fixed,"NCSA, University of Illinois, Champaign -> Merit Univ of Michigan, Ann Arbor & Merit Univ of Michigan, Ann Arbor -> NCSA, University of Illinois, Champaign",1,"NCSA, University of Illinois, Champaign","Merit Univ of Michigan, Ann Arbor",1,6.4850043,"NCSA, University of Illinois, Champaign | Merit Univ of Michigan, Ann Arbor","NCSA, University of Illinois, Champaign->Merit Univ of Michigan, Ann Arbor",1
22,nsfnet,7,1.2,moving_average,critical_failure_fixed,"NCSA, University of Illinois, Champaign -> Merit Univ of Michigan, Ann Arbor & Merit Univ of Michigan, Ann Arbor -> NCSA, University of Illinois, Champaign",2,"MIDnet, Lincoln, NE","BARRnet, Palo Alto",1,6.4585774,"MIDnet, Lincoln, NE | NCSA, University of Illinois, Champaign | Merit Univ of Michigan, Ann Arbor | BARRnet, Palo Alto","MIDnet, Lincoln, NE->NCSA, University of Illinois, Champaign | NCSA, University of Illinois, Champaign->Merit Univ of Michigan, Ann Arbor | Merit Univ of Michigan, Ann Arbor->BARRnet, Palo Alto",1
22,nsfnet,7,1.2,moving_average,critical_failure_fixed,"NCSA, University of Illinois, Champaign -> Merit Univ of Michigan, Ann Arbor & Merit Univ of Michigan, Ann Arbor -> NCSA, University of Illinois, Champaign",3,"MIDnet, Lincoln, NE","Cornell Theory Center, Ithaca NY",1,6.3497529,"MIDnet, Lincoln, NE | NCSA, University of Illinois, Champaign | Merit Univ of Michigan, Ann Arbor | Cornell Theory Center, Ithaca NY","MIDnet, Lincoln, NE->NCSA, University of Illinois, Champaign | NCSA, University of Illinois, Champaign->Merit Univ of Michigan, Ann Arbor | Merit Univ of Michigan, Ann Arbor->Cornell Theory Center, Ithaca NY",1
22,nsfnet,7,1.2,moving_average,critical_failure_fixed,"NCSA, University of Illinois, Champaign -> Merit Univ of Michigan, Ann Arbor & Merit Univ of Michigan, Ann Arbor -> NCSA, University of Illinois, Champaign",4,"NCSA, University of Illinois, Champaign","BARRnet, Palo Alto",1,6.34353,"NCSA, University of Illinois, Champaign | Merit Univ of Michigan, Ann Arbor | BARRnet, Palo Alto","NCSA, University of Illinois, Champaign->Merit Univ of Michigan, Ann Arbor | Merit Univ of Michigan, Ann Arbor->BARRnet, Palo Alto",1
22,nsfnet,7,1.2,moving_average,critical_failure_fixed,"NCSA, University of Illinois, Champaign -> Merit Univ of Michigan, Ann Arbor & Merit Univ of Michigan, Ann Arbor -> NCSA, University of Illinois, Champaign",5,"SURANET, Georgia Tech, Atlanta","Merit Univ of Michigan, Ann Arbor",1,6.0260668,"SURANET, Georgia Tech, Atlanta | SEQSUINET, Rice University, Houston | NCSA, University of Illinois, Champaign | Merit Univ of Michigan, Ann Arbor","SURANET, Georgia Tech, Atlanta->SEQSUINET, Rice University, Houston | SEQSUINET, Rice University, Houston->NCSA, University of Illinois, Champaign | NCSA, University of Illinois, Champaign->Merit Univ of Michigan, Ann Arbor",1
22,nsfnet,7,1.2,moving_average,random_failure_fixed,"Westnet, Salt Lake City -> NCAR, Boulder & NCAR, Boulder -> Westnet, Salt Lake City",1,"Westnet, Salt Lake City","NCAR, Boulder",1,6.3361593,"Westnet, Salt Lake City | NCAR, Boulder","Westnet, Salt Lake City->NCAR, Boulder",1
22,nsfnet,7,1.2,moving_average,random_failure_fixed,"Westnet, Salt Lake City -> NCAR, Boulder & NCAR, Boulder -> Westnet, Salt Lake City",2,"Westnet, Salt Lake City",San Diego Supercomputer Center,1,6.1425879,"Westnet, Salt Lake City | NCAR, Boulder | NorthWestNet, Seattle | BARRnet, Palo Alto | San Diego Supercomputer Center","Westnet, Salt Lake City->NCAR, Boulder | NCAR, Boulder->NorthWestNet, Seattle | NorthWestNet, Seattle->BARRnet, Palo Alto | BARRnet, Palo Alto->San Diego Supercomputer Center",1
22,nsfnet,7,1.2,moving_average,random_failure_fixed,"Westnet, Salt Lake City -> NCAR, Boulder & NCAR, Boulder -> Westnet, Salt Lake City",3,"Westnet, Salt Lake City","SEQSUINET, Rice University, Houston",1,6.0971895,"Westnet, Salt Lake City | NCAR, Boulder | NCSA, University of Illinois, Champaign | SEQSUINET, Rice University, Houston","Westnet, Salt Lake City->NCAR, Boulder | NCAR, Boulder->NCSA, University of Illinois, Champaign | NCSA, University of Illinois, Champaign->SEQSUINET, Rice University, Houston",1
22,nsfnet,7,1.2,moving_average,random_failure_fixed,"Westnet, Salt Lake City -> NCAR, Boulder & NCAR, Boulder -> Westnet, Salt Lake City",4,"Westnet, Salt Lake City","Merit Univ of Michigan, Ann Arbor",1,5.9503229,"Westnet, Salt Lake City | NCAR, Boulder | NCSA, University of Illinois, Champaign | Merit Univ of Michigan, Ann Arbor","Westnet, Salt Lake City->NCAR, Boulder | NCAR, Boulder->NCSA, University of Illinois, Champaign | NCSA, University of Illinois, Champaign->Merit Univ of Michigan, Ann Arbor",1
22,nsfnet,7,1.2,moving_average,random_failure_fixed,"Westnet, Salt Lake City -> NCAR, Boulder & NCAR, Boulder -> Westnet, Salt Lake City",5,"NCSA, University of Illinois, Champaign","Westnet, Salt Lake City",1,5.8409967,"NCSA, University of Illinois, Champaign | NCAR, Boulder | Westnet, Salt Lake City","NCSA, University of Illinois, Champaign->NCAR, Boulder | NCAR, Boulder->Westnet, Salt Lake City",1
22,nsfnet,7,1.2,linear_autoregressive,critical_failure_fixed,"NCSA, University of Illinois, Champaign -> Merit Univ of Michigan, Ann Arbor & Merit Univ of Michigan, Ann Arbor -> NCSA, University of Illinois, Champaign",1,"MIDnet, Lincoln, NE","Cornell Theory Center, Ithaca NY",1,5.5834482,"MIDnet, Lincoln, NE | NCSA, University of Illinois, Champaign | Merit Univ of Michigan, Ann Arbor | Cornell Theory Center, Ithaca NY","MIDnet, Lincoln, NE->NCSA, University of Illinois, Champaign | NCSA, University of Illinois, Champaign->Merit Univ of Michigan, Ann Arbor | Merit Univ of Michigan, Ann Arbor->Cornell Theory Center, Ithaca NY",1
22,nsfnet,7,1.2,linear_autoregressive,critical_failure_fixed,"NCSA, University of Illinois, Champaign -> Merit Univ of Michigan, Ann Arbor & Merit Univ of Michigan, Ann Arbor -> NCSA, University of Illinois, Champaign",2,"NCSA, University of Illinois, Champaign","Merit Univ of Michigan, Ann Arbor",1,5.4530409,"NCSA, University of Illinois, Champaign | Merit Univ of Michigan, Ann Arbor","NCSA, University of Illinois, Champaign->Merit Univ of Michigan, Ann Arbor",1
22,nsfnet,7,1.2,linear_autoregressive,critical_failure_fixed,"NCSA, University of Illinois, Champaign -> Merit Univ of Michigan, Ann Arbor & Merit Univ of Michigan, Ann Arbor -> NCSA, University of Illinois, Champaign",3,"MIDnet, Lincoln, NE","BARRnet, Palo Alto",1,5.4118169,"MIDnet, Lincoln, NE | NCSA, University of Illinois, Champaign | Merit Univ of Michigan, Ann Arbor | BARRnet, Palo Alto","MIDnet, Lincoln, NE->NCSA, University of Illinois, Champaign | NCSA, University of Illinois, Champaign->Merit Univ of Michigan, Ann Arbor | Merit Univ of Michigan, Ann Arbor->BARRnet, Palo Alto",1
22,nsfnet,7,1.2,linear_autoregressive,critical_failure_fixed,"NCSA, University of Illinois, Champaign -> Merit Univ of Michigan, Ann Arbor & Merit Univ of Michigan, Ann Arbor -> NCSA, University of Illinois, Champaign",4,"NCSA, University of Illinois, Champaign","BARRnet, Palo Alto",1,5.3786625,"NCSA, University of Illinois, Champaign | Merit Univ of Michigan, Ann Arbor | BARRnet, Palo Alto","NCSA, University of Illinois, Champaign->Merit Univ of Michigan, Ann Arbor | Merit Univ of Michigan, Ann Arbor->BARRnet, Palo Alto",1
22,nsfnet,7,1.2,linear_autoregressive,critical_failure_fixed,"NCSA, University of Illinois, Champaign -> Merit Univ of Michigan, Ann Arbor & Merit Univ of Michigan, Ann Arbor -> NCSA, University of Illinois, Champaign",5,Pittsburgh Supercomputer Center,"MIDnet, Lincoln, NE",1,5.2830221,"Pittsburgh Supercomputer Center | Merit Univ of Michigan, Ann Arbor | NCSA, University of Illinois, Champaign | MIDnet, Lincoln, NE","Pittsburgh Supercomputer Center->Merit Univ of Michigan, Ann Arbor | Merit Univ of Michigan, Ann Arbor->NCSA, University of Illinois, Champaign | NCSA, University of Illinois, Champaign->MIDnet, Lincoln, NE",1
22,nsfnet,7,1.2,linear_autoregressive,random_failure_fixed,"Westnet, Salt Lake City -> NCAR, Boulder & NCAR, Boulder -> Westnet, Salt Lake City",1,"Westnet, Salt Lake City","NCAR, Boulder",1,5.4099409,"Westnet, Salt Lake City | NCAR, Boulder","Westnet, Salt Lake City->NCAR, Boulder",1
22,nsfnet,7,1.2,linear_autoregressive,random_failure_fixed,"Westnet, Salt Lake City -> NCAR, Boulder & NCAR, Boulder -> Westnet, Salt Lake City",2,"Westnet, Salt Lake City","SEQSUINET, Rice University, Houston",1,5.2379454,"Westnet, Salt Lake City | NCAR, Boulder | NCSA, University of Illinois, Champaign | SEQSUINET, Rice University, Houston","Westnet, Salt Lake City->NCAR, Boulder | NCAR, Boulder->NCSA, University of Illinois, Champaign | NCSA, University of Illinois, Champaign->SEQSUINET, Rice University, Houston",1
22,nsfnet,7,1.2,linear_autoregressive,random_failure_fixed,"Westnet, Salt Lake City -> NCAR, Boulder & NCAR, Boulder -> Westnet, Salt Lake City",3,"Westnet, Salt Lake City",San Diego Supercomputer Center,1,5.2230456,"Westnet, Salt Lake City | NCAR, Boulder | NorthWestNet, Seattle | BARRnet, Palo Alto | San Diego Supercomputer Center","Westnet, Salt Lake City->NCAR, Boulder | NCAR, Boulder->NorthWestNet, Seattle | NorthWestNet, Seattle->BARRnet, Palo Alto | BARRnet, Palo Alto->San Diego Supercomputer Center",1
22,nsfnet,7,1.2,linear_autoregressive,random_failure_fixed,"Westnet, Salt Lake City -> NCAR, Boulder & NCAR, Boulder -> Westnet, Salt Lake City",4,"Westnet, Salt Lake City","Merit Univ of Michigan, Ann Arbor",1,4.9987341,"Westnet, Salt Lake City | NCAR, Boulder | NCSA, University of Illinois, Champaign | Merit Univ of Michigan, Ann Arbor","Westnet, Salt Lake City->NCAR, Boulder | NCAR, Boulder->NCSA, University of Illinois, Champaign | NCSA, University of Illinois, Champaign->Merit Univ of Michigan, Ann Arbor",1
22,nsfnet,7,1.2,linear_autoregressive,random_failure_fixed,"Westnet, Salt Lake City -> NCAR, Boulder & NCAR, Boulder -> Westnet, Salt Lake City",5,"SEQSUINET, Rice University, Houston","Westnet, Salt Lake City",1,4.9480428,"SEQSUINET, Rice University, Houston | NCSA, University of Illinois, Champaign | NCAR, Boulder | Westnet, Salt Lake City","SEQSUINET, Rice University, Houston->NCSA, University of Illinois, Champaign | NCSA, University of Illinois, Champaign->NCAR, Boulder | NCAR, Boulder->Westnet, Salt Lake City",1
22,nsfnet,7,1.2,lstm,critical_failure_fixed,"NCSA, University of Illinois, Champaign -> Merit Univ of Michigan, Ann Arbor & Merit Univ of Michigan, Ann Arbor -> NCSA, University of Illinois, Champaign",1,"MIDnet, Lincoln, NE","BARRnet, Palo Alto",1,5.9942584,"MIDnet, Lincoln, NE | NCSA, University of Illinois, Champaign | Merit Univ of Michigan, Ann Arbor | BARRnet, Palo Alto","MIDnet, Lincoln, NE->NCSA, University of Illinois, Champaign | NCSA, University of Illinois, Champaign->Merit Univ of Michigan, Ann Arbor | Merit Univ of Michigan, Ann Arbor->BARRnet, Palo Alto",1
22,nsfnet,7,1.2,lstm,critical_failure_fixed,"NCSA, University of Illinois, Champaign -> Merit Univ of Michigan, Ann Arbor & Merit Univ of Michigan, Ann Arbor -> NCSA, University of Illinois, Champaign",2,"NCSA, University of Illinois, Champaign","Merit Univ of Michigan, Ann Arbor",1,5.9017167,"NCSA, University of Illinois, Champaign | Merit Univ of Michigan, Ann Arbor","NCSA, University of Illinois, Champaign->Merit Univ of Michigan, Ann Arbor",1
22,nsfnet,7,1.2,lstm,critical_failure_fixed,"NCSA, University of Illinois, Champaign -> Merit Univ of Michigan, Ann Arbor & Merit Univ of Michigan, Ann Arbor -> NCSA, University of Illinois, Champaign",3,"MIDnet, Lincoln, NE","Cornell Theory Center, Ithaca NY",1,5.8566198,"MIDnet, Lincoln, NE | NCSA, University of Illinois, Champaign | Merit Univ of Michigan, Ann Arbor | Cornell Theory Center, Ithaca NY","MIDnet, Lincoln, NE->NCSA, University of Illinois, Champaign | NCSA, University of Illinois, Champaign->Merit Univ of Michigan, Ann Arbor | Merit Univ of Michigan, Ann Arbor->Cornell Theory Center, Ithaca NY",1
22,nsfnet,7,1.2,lstm,critical_failure_fixed,"NCSA, University of Illinois, Champaign -> Merit Univ of Michigan, Ann Arbor & Merit Univ of Michigan, Ann Arbor -> NCSA, University of Illinois, Champaign",4,"NCSA, University of Illinois, Champaign","BARRnet, Palo Alto",1,5.8198299,"NCSA, University of Illinois, Champaign | Merit Univ of Michigan, Ann Arbor | BARRnet, Palo Alto","NCSA, University of Illinois, Champaign->Merit Univ of Michigan, Ann Arbor | Merit Univ of Michigan, Ann Arbor->BARRnet, Palo Alto",1
22,nsfnet,7,1.2,lstm,critical_failure_fixed,"NCSA, University of Illinois, Champaign -> Merit Univ of Michigan, Ann Arbor & Merit Univ of Michigan, Ann Arbor -> NCSA, University of Illinois, Champaign",5,Pittsburgh Supercomputer Center,"MIDnet, Lincoln, NE",1,5.6369033,"Pittsburgh Supercomputer Center | Merit Univ of Michigan, Ann Arbor | NCSA, University of Illinois, Champaign | MIDnet, Lincoln, NE","Pittsburgh Supercomputer Center->Merit Univ of Michigan, Ann Arbor | Merit Univ of Michigan, Ann Arbor->NCSA, University of Illinois, Champaign | NCSA, University of Illinois, Champaign->MIDnet, Lincoln, NE",1
22,nsfnet,7,1.2,lstm,random_failure_fixed,"Westnet, Salt Lake City -> NCAR, Boulder & NCAR, Boulder -> Westnet, Salt Lake City",1,"Westnet, Salt Lake City","NCAR, Boulder",1,5.8185196,"Westnet, Salt Lake City | NCAR, Boulder","Westnet, Salt Lake City->NCAR, Boulder",1
22,nsfnet,7,1.2,lstm,random_failure_fixed,"Westnet, Salt Lake City -> NCAR, Boulder & NCAR, Boulder -> Westnet, Salt Lake City",2,"Westnet, Salt Lake City",San Diego Supercomputer Center,1,5.6488161,"Westnet, Salt Lake City | NCAR, Boulder | NorthWestNet, Seattle | BARRnet, Palo Alto | San Diego Supercomputer Center","Westnet, Salt Lake City->NCAR, Boulder | NCAR, Boulder->NorthWestNet, Seattle | NorthWestNet, Seattle->BARRnet, Palo Alto | BARRnet, Palo Alto->San Diego Supercomputer Center",1
22,nsfnet,7,1.2,lstm,random_failure_fixed,"Westnet, Salt Lake City -> NCAR, Boulder & NCAR, Boulder -> Westnet, Salt Lake City",3,"Westnet, Salt Lake City","SEQSUINET, Rice University, Houston",1,5.5542665,"Westnet, Salt Lake City | NCAR, Boulder | NCSA, University of Illinois, Champaign | SEQSUINET, Rice University, Houston","Westnet, Salt Lake City->NCAR, Boulder | NCAR, Boulder->NCSA, University of Illinois, Champaign | NCSA, University of Illinois, Champaign->SEQSUINET, Rice University, Houston",1
22,nsfnet,7,1.2,lstm,random_failure_fixed,"Westnet, Salt Lake City -> NCAR, Boulder & NCAR, Boulder -> Westnet, Salt Lake City",4,"Westnet, Salt Lake City","Merit Univ of Michigan, Ann Arbor",1,5.5337143,"Westnet, Salt Lake City | NCAR, Boulder | NCSA, University of Illinois, Champaign | Merit Univ of Michigan, Ann Arbor","Westnet, Salt Lake City->NCAR, Boulder | NCAR, Boulder->NCSA, University of Illinois, Champaign | NCSA, University of Illinois, Champaign->Merit Univ of Michigan, Ann Arbor",1
22,nsfnet,7,1.2,lstm,random_failure_fixed,"Westnet, Salt Lake City -> NCAR, Boulder & NCAR, Boulder -> Westnet, Salt Lake City",5,"NCSA, University of Illinois, Champaign","Westnet, Salt Lake City",1,5.3301125,"NCSA, University of Illinois, Champaign | NCAR, Boulder | Westnet, Salt Lake City","NCSA, University of Illinois, Champaign->NCAR, Boulder | NCAR, Boulder->Westnet, Salt Lake City",1
22,nsfnet,7,1.2,uncertainty_aware_lstm_robust_lp,critical_failure_fixed,"NCSA, University of Illinois, Champaign -> Merit Univ of Michigan, Ann Arbor & Merit Univ of Michigan, Ann Arbor -> NCSA, University of Illinois, Champaign",1,"NCSA, University of Illinois, Champaign","Merit Univ of Michigan, Ann Arbor",1,6.1837616,"NCSA, University of Illinois, Champaign | Merit Univ of Michigan, Ann Arbor","NCSA, University of Illinois, Champaign->Merit Univ of Michigan, Ann Arbor",1
22,nsfnet,7,1.2,uncertainty_aware_lstm_robust_lp,critical_failure_fixed,"NCSA, University of Illinois, Champaign -> Merit Univ of Michigan, Ann Arbor & Merit Univ of Michigan, Ann Arbor -> NCSA, University of Illinois, Champaign",2,"MIDnet, Lincoln, NE","Cornell Theory Center, Ithaca NY",1,6.142241,"MIDnet, Lincoln, NE | NCSA, University of Illinois, Champaign | Merit Univ of Michigan, Ann Arbor | Cornell Theory Center, Ithaca NY","MIDnet, Lincoln, NE->NCSA, University of Illinois, Champaign | NCSA, University of Illinois, Champaign->Merit Univ of Michigan, Ann Arbor | Merit Univ of Michigan, Ann Arbor->Cornell Theory Center, Ithaca NY",1
22,nsfnet,7,1.2,uncertainty_aware_lstm_robust_lp,critical_failure_fixed,"NCSA, University of Illinois, Champaign -> Merit Univ of Michigan, Ann Arbor & Merit Univ of Michigan, Ann Arbor -> NCSA, University of Illinois, Champaign",3,"NCSA, University of Illinois, Champaign","BARRnet, Palo Alto",1,6.089541,"NCSA, University of Illinois, Champaign | Merit Univ of Michigan, Ann Arbor | BARRnet, Palo Alto","NCSA, University of Illinois, Champaign->Merit Univ of Michigan, Ann Arbor | Merit Univ of Michigan, Ann Arbor->BARRnet, Palo Alto",1
22,nsfnet,7,1.2,uncertainty_aware_lstm_robust_lp,critical_failure_fixed,"NCSA, University of Illinois, Champaign -> Merit Univ of Michigan, Ann Arbor & Merit Univ of Michigan, Ann Arbor -> NCSA, University of Illinois, Champaign",4,Pittsburgh Supercomputer Center,"MIDnet, Lincoln, NE",1,5.8909855,"Pittsburgh Supercomputer Center | Merit Univ of Michigan, Ann Arbor | NCSA, University of Illinois, Champaign | MIDnet, Lincoln, NE","Pittsburgh Supercomputer Center->Merit Univ of Michigan, Ann Arbor | Merit Univ of Michigan, Ann Arbor->NCSA, University of Illinois, Champaign | NCSA, University of Illinois, Champaign->MIDnet, Lincoln, NE",1
22,nsfnet,7,1.2,uncertainty_aware_lstm_robust_lp,critical_failure_fixed,"NCSA, University of Illinois, Champaign -> Merit Univ of Michigan, Ann Arbor & Merit Univ of Michigan, Ann Arbor -> NCSA, University of Illinois, Champaign",5,"Westnet, Salt Lake City","Merit Univ of Michigan, Ann Arbor",1,5.7571735,"Westnet, Salt Lake City | NCAR, Boulder | NCSA, University of Illinois, Champaign | Merit Univ of Michigan, Ann Arbor","Westnet, Salt Lake City->NCAR, Boulder | NCAR, Boulder->NCSA, University of Illinois, Champaign | NCSA, University of Illinois, Champaign->Merit Univ of Michigan, Ann Arbor",1
22,nsfnet,7,1.2,uncertainty_aware_lstm_robust_lp,random_failure_fixed,"Westnet, Salt Lake City -> NCAR, Boulder & NCAR, Boulder -> Westnet, Salt Lake City",1,"Westnet, Salt Lake City","NCAR, Boulder",1,6.0684934,"Westnet, Salt Lake City | NCAR, Boulder","Westnet, Salt Lake City->NCAR, Boulder",1
22,nsfnet,7,1.2,uncertainty_aware_lstm_robust_lp,random_failure_fixed,"Westnet, Salt Lake City -> NCAR, Boulder & NCAR, Boulder -> Westnet, Salt Lake City",2,"Westnet, Salt Lake City",San Diego Supercomputer Center,1,5.8896003,"Westnet, Salt Lake City | NCAR, Boulder | NorthWestNet, Seattle | BARRnet, Palo Alto | San Diego Supercomputer Center","Westnet, Salt Lake City->NCAR, Boulder | NCAR, Boulder->NorthWestNet, Seattle | NorthWestNet, Seattle->BARRnet, Palo Alto | BARRnet, Palo Alto->San Diego Supercomputer Center",1
22,nsfnet,7,1.2,uncertainty_aware_lstm_robust_lp,random_failure_fixed,"Westnet, Salt Lake City -> NCAR, Boulder & NCAR, Boulder -> Westnet, Salt Lake City",3,"Westnet, Salt Lake City","SEQSUINET, Rice University, Houston",1,5.8186479,"Westnet, Salt Lake City | NCAR, Boulder | NCSA, University of Illinois, Champaign | SEQSUINET, Rice University, Houston","Westnet, Salt Lake City->NCAR, Boulder | NCAR, Boulder->NCSA, University of Illinois, Champaign | NCSA, University of Illinois, Champaign->SEQSUINET, Rice University, Houston",1
22,nsfnet,7,1.2,uncertainty_aware_lstm_robust_lp,random_failure_fixed,"Westnet, Salt Lake City -> NCAR, Boulder & NCAR, Boulder -> Westnet, Salt Lake City",4,"Westnet, Salt Lake City","Merit Univ of Michigan, Ann Arbor",1,5.7571735,"Westnet, Salt Lake City | NCAR, Boulder | NCSA, University of Illinois, Champaign | Merit Univ of Michigan, Ann Arbor","Westnet, Salt Lake City->NCAR, Boulder | NCAR, Boulder->NCSA, University of Illinois, Champaign | NCSA, University of Illinois, Champaign->Merit Univ of Michigan, Ann Arbor",1
22,nsfnet,7,1.2,uncertainty_aware_lstm_robust_lp,random_failure_fixed,"Westnet, Salt Lake City -> NCAR, Boulder & NCAR, Boulder -> Westnet, Salt Lake City",5,"NCSA, University of Illinois, Champaign","Westnet, Salt Lake City",1,5.5786004,"NCSA, University of Illinois, Champaign | NCAR, Boulder | Westnet, Salt Lake City","NCSA, University of Illinois, Champaign->NCAR, Boulder | NCAR, Boulder->Westnet, Salt Lake City",1
22,nsfnet,7,1.2,transformer,critical_failure_fixed,"NCSA, University of Illinois, Champaign -> Merit Univ of Michigan, Ann Arbor & Merit Univ of Michigan, Ann Arbor -> NCSA, University of Illinois, Champaign",1,"MIDnet, Lincoln, NE","BARRnet, Palo Alto",1,5.838367,"MIDnet, Lincoln, NE | NCSA, University of Illinois, Champaign | Merit Univ of Michigan, Ann Arbor | BARRnet, Palo Alto","MIDnet, Lincoln, NE->NCSA, University of Illinois, Champaign | NCSA, University of Illinois, Champaign->Merit Univ of Michigan, Ann Arbor | Merit Univ of Michigan, Ann Arbor->BARRnet, Palo Alto",1
22,nsfnet,7,1.2,transformer,critical_failure_fixed,"NCSA, University of Illinois, Champaign -> Merit Univ of Michigan, Ann Arbor & Merit Univ of Michigan, Ann Arbor -> NCSA, University of Illinois, Champaign",2,"MIDnet, Lincoln, NE","Cornell Theory Center, Ithaca NY",1,5.6958375,"MIDnet, Lincoln, NE | NCSA, University of Illinois, Champaign | Merit Univ of Michigan, Ann Arbor | Cornell Theory Center, Ithaca NY","MIDnet, Lincoln, NE->NCSA, University of Illinois, Champaign | NCSA, University of Illinois, Champaign->Merit Univ of Michigan, Ann Arbor | Merit Univ of Michigan, Ann Arbor->Cornell Theory Center, Ithaca NY",1
22,nsfnet,7,1.2,transformer,critical_failure_fixed,"NCSA, University of Illinois, Champaign -> Merit Univ of Michigan, Ann Arbor & Merit Univ of Michigan, Ann Arbor -> NCSA, University of Illinois, Champaign",3,"NCSA, University of Illinois, Champaign","Merit Univ of Michigan, Ann Arbor",1,5.5537252,"NCSA, University of Illinois, Champaign | Merit Univ of Michigan, Ann Arbor","NCSA, University of Illinois, Champaign->Merit Univ of Michigan, Ann Arbor",1
22,nsfnet,7,1.2,transformer,critical_failure_fixed,"NCSA, University of Illinois, Champaign -> Merit Univ of Michigan, Ann Arbor & Merit Univ of Michigan, Ann Arbor -> NCSA, University of Illinois, Champaign",4,"NCSA, University of Illinois, Champaign","BARRnet, Palo Alto",1,5.3890557,"NCSA, University of Illinois, Champaign | Merit Univ of Michigan, Ann Arbor | BARRnet, Palo Alto","NCSA, University of Illinois, Champaign->Merit Univ of Michigan, Ann Arbor | Merit Univ of Michigan, Ann Arbor->BARRnet, Palo Alto",1
22,nsfnet,7,1.2,transformer,critical_failure_fixed,"NCSA, University of Illinois, Champaign -> Merit Univ of Michigan, Ann Arbor & Merit Univ of Michigan, Ann Arbor -> NCSA, University of Illinois, Champaign",5,"Westnet, Salt Lake City","Merit Univ of Michigan, Ann Arbor",1,5.350925,"Westnet, Salt Lake City | NCAR, Boulder | NCSA, University of Illinois, Champaign | Merit Univ of Michigan, Ann Arbor","Westnet, Salt Lake City->NCAR, Boulder | NCAR, Boulder->NCSA, University of Illinois, Champaign | NCSA, University of Illinois, Champaign->Merit Univ of Michigan, Ann Arbor",1
22,nsfnet,7,1.2,transformer,random_failure_fixed,"Westnet, Salt Lake City -> NCAR, Boulder & NCAR, Boulder -> Westnet, Salt Lake City",1,"Westnet, Salt Lake City","NCAR, Boulder",1,5.5890794,"Westnet, Salt Lake City | NCAR, Boulder","Westnet, Salt Lake City->NCAR, Boulder",1
22,nsfnet,7,1.2,transformer,random_failure_fixed,"Westnet, Salt Lake City -> NCAR, Boulder & NCAR, Boulder -> Westnet, Salt Lake City",2,"Westnet, Salt Lake City",San Diego Supercomputer Center,1,5.422452,"Westnet, Salt Lake City | NCAR, Boulder | NorthWestNet, Seattle | BARRnet, Palo Alto | San Diego Supercomputer Center","Westnet, Salt Lake City->NCAR, Boulder | NCAR, Boulder->NorthWestNet, Seattle | NorthWestNet, Seattle->BARRnet, Palo Alto | BARRnet, Palo Alto->San Diego Supercomputer Center",1
22,nsfnet,7,1.2,transformer,random_failure_fixed,"Westnet, Salt Lake City -> NCAR, Boulder & NCAR, Boulder -> Westnet, Salt Lake City",3,"Westnet, Salt Lake City","Merit Univ of Michigan, Ann Arbor",1,5.350925,"Westnet, Salt Lake City | NCAR, Boulder | NCSA, University of Illinois, Champaign | Merit Univ of Michigan, Ann Arbor","Westnet, Salt Lake City->NCAR, Boulder | NCAR, Boulder->NCSA, University of Illinois, Champaign | NCSA, University of Illinois, Champaign->Merit Univ of Michigan, Ann Arbor",1
22,nsfnet,7,1.2,transformer,random_failure_fixed,"Westnet, Salt Lake City -> NCAR, Boulder & NCAR, Boulder -> Westnet, Salt Lake City",4,"Westnet, Salt Lake City","SEQSUINET, Rice University, Houston",1,5.2479415,"Westnet, Salt Lake City | NCAR, Boulder | NCSA, University of Illinois, Champaign | SEQSUINET, Rice University, Houston","Westnet, Salt Lake City->NCAR, Boulder | NCAR, Boulder->NCSA, University of Illinois, Champaign | NCSA, University of Illinois, Champaign->SEQSUINET, Rice University, Houston",1
22,nsfnet,7,1.2,transformer,random_failure_fixed,"Westnet, Salt Lake City -> NCAR, Boulder & NCAR, Boulder -> Westnet, Salt Lake City",5,"SEQSUINET, Rice University, Houston","Westnet, Salt Lake City",1,5.0853438,"SEQSUINET, Rice University, Houston | NCSA, University of Illinois, Champaign | NCAR, Boulder | Westnet, Salt Lake City","SEQSUINET, Rice University, Houston->NCSA, University of Illinois, Champaign | NCSA, University of Illinois, Champaign->NCAR, Boulder | NCAR, Boulder->Westnet, Salt Lake City",1
23,nsfnet,7,1.2,current_demand_lp,critical_failure_fixed,"NCSA, University of Illinois, Champaign -> Merit Univ of Michigan, Ann Arbor & Merit Univ of Michigan, Ann Arbor -> NCSA, University of Illinois, Champaign",1,"MIDnet, Lincoln, NE","Cornell Theory Center, Ithaca NY",1,7.1477122,"MIDnet, Lincoln, NE | NCSA, University of Illinois, Champaign | Merit Univ of Michigan, Ann Arbor | Cornell Theory Center, Ithaca NY","MIDnet, Lincoln, NE->NCSA, University of Illinois, Champaign | NCSA, University of Illinois, Champaign->Merit Univ of Michigan, Ann Arbor | Merit Univ of Michigan, Ann Arbor->Cornell Theory Center, Ithaca NY",1
23,nsfnet,7,1.2,current_demand_lp,critical_failure_fixed,"NCSA, University of Illinois, Champaign -> Merit Univ of Michigan, Ann Arbor & Merit Univ of Michigan, Ann Arbor -> NCSA, University of Illinois, Champaign",2,"MIDnet, Lincoln, NE","BARRnet, Palo Alto",1,6.8822761,"MIDnet, Lincoln, NE | NCSA, University of Illinois, Champaign | Merit Univ of Michigan, Ann Arbor | BARRnet, Palo Alto","MIDnet, Lincoln, NE->NCSA, University of Illinois, Champaign | NCSA, University of Illinois, Champaign->Merit Univ of Michigan, Ann Arbor | Merit Univ of Michigan, Ann Arbor->BARRnet, Palo Alto",1
23,nsfnet,7,1.2,current_demand_lp,critical_failure_fixed,"NCSA, University of Illinois, Champaign -> Merit Univ of Michigan, Ann Arbor & Merit Univ of Michigan, Ann Arbor -> NCSA, University of Illinois, Champaign",3,"NCSA, University of Illinois, Champaign","Merit Univ of Michigan, Ann Arbor",1,6.8688956,"NCSA, University of Illinois, Champaign | Merit Univ of Michigan, Ann Arbor","NCSA, University of Illinois, Champaign->Merit Univ of Michigan, Ann Arbor",1
23,nsfnet,7,1.2,current_demand_lp,critical_failure_fixed,"NCSA, University of Illinois, Champaign -> Merit Univ of Michigan, Ann Arbor & Merit Univ of Michigan, Ann Arbor -> NCSA, University of Illinois, Champaign",4,"NCSA, University of Illinois, Champaign","BARRnet, Palo Alto",1,6.8029466,"NCSA, University of Illinois, Champaign | Merit Univ of Michigan, Ann Arbor | BARRnet, Palo Alto","NCSA, University of Illinois, Champaign->Merit Univ of Michigan, Ann Arbor | Merit Univ of Michigan, Ann Arbor->BARRnet, Palo Alto",1
23,nsfnet,7,1.2,current_demand_lp,critical_failure_fixed,"NCSA, University of Illinois, Champaign -> Merit Univ of Michigan, Ann Arbor & Merit Univ of Michigan, Ann Arbor -> NCSA, University of Illinois, Champaign",5,"SURANET, Georgia Tech, Atlanta","Merit Univ of Michigan, Ann Arbor",1,6.1741765,"SURANET, Georgia Tech, Atlanta | SEQSUINET, Rice University, Houston | NCSA, University of Illinois, Champaign | Merit Univ of Michigan, Ann Arbor","SURANET, Georgia Tech, Atlanta->SEQSUINET, Rice University, Houston | SEQSUINET, Rice University, Houston->NCSA, University of Illinois, Champaign | NCSA, University of Illinois, Champaign->Merit Univ of Michigan, Ann Arbor",1
23,nsfnet,7,1.2,current_demand_lp,random_failure_fixed,"SEQSUINET, Rice University, Houston -> SURANET, Georgia Tech, Atlanta & SURANET, Georgia Tech, Atlanta -> SEQSUINET, Rice University, Houston",1,"SEQSUINET, Rice University, Houston","Jon Von Neumann Center, Princeton, NJ",1,6.494596,"SEQSUINET, Rice University, Houston | SURANET, Georgia Tech, Atlanta | Jon Von Neumann Center, Princeton, NJ","SEQSUINET, Rice University, Houston->SURANET, Georgia Tech, Atlanta | SURANET, Georgia Tech, Atlanta->Jon Von Neumann Center, Princeton, NJ",1
23,nsfnet,7,1.2,current_demand_lp,random_failure_fixed,"SEQSUINET, Rice University, Houston -> SURANET, Georgia Tech, Atlanta & SURANET, Georgia Tech, Atlanta -> SEQSUINET, Rice University, Houston",2,"NCSA, University of Illinois, Champaign","SURANET, Georgia Tech, Atlanta",1,6.3202581,"NCSA, University of Illinois, Champaign | SEQSUINET, Rice University, Houston | SURANET, Georgia Tech, Atlanta","NCSA, University of Illinois, Champaign->SEQSUINET, Rice University, Houston | SEQSUINET, Rice University, Houston->SURANET, Georgia Tech, Atlanta",1
23,nsfnet,7,1.2,current_demand_lp,random_failure_fixed,"SEQSUINET, Rice University, Houston -> SURANET, Georgia Tech, Atlanta & SURANET, Georgia Tech, Atlanta -> SEQSUINET, Rice University, Houston",3,"SURANET, Georgia Tech, Atlanta","Merit Univ of Michigan, Ann Arbor",1,6.1741765,"SURANET, Georgia Tech, Atlanta | SEQSUINET, Rice University, Houston | NCSA, University of Illinois, Champaign | Merit Univ of Michigan, Ann Arbor","SURANET, Georgia Tech, Atlanta->SEQSUINET, Rice University, Houston | SEQSUINET, Rice University, Houston->NCSA, University of Illinois, Champaign | NCSA, University of Illinois, Champaign->Merit Univ of Michigan, Ann Arbor",1
23,nsfnet,7,1.2,current_demand_lp,random_failure_fixed,"SEQSUINET, Rice University, Houston -> SURANET, Georgia Tech, Atlanta & SURANET, Georgia Tech, Atlanta -> SEQSUINET, Rice University, Houston",4,"SEQSUINET, Rice University, Houston","SURANET, Georgia Tech, Atlanta",1,6.0171553,"SEQSUINET, Rice University, Houston | SURANET, Georgia Tech, Atlanta","SEQSUINET, Rice University, Houston->SURANET, Georgia Tech, Atlanta",1
23,nsfnet,7,1.2,current_demand_lp,random_failure_fixed,"SEQSUINET, Rice University, Houston -> SURANET, Georgia Tech, Atlanta & SURANET, Georgia Tech, Atlanta -> SEQSUINET, Rice University, Houston",5,"NCAR, Boulder","SURANET, Georgia Tech, Atlanta",1,5.8138805,"NCAR, Boulder | NCSA, University of Illinois, Champaign | SEQSUINET, Rice University, Houston | SURANET, Georgia Tech, Atlanta","NCAR, Boulder->NCSA, University of Illinois, Champaign | NCSA, University of Illinois, Champaign->SEQSUINET, Rice University, Houston | SEQSUINET, Rice University, Houston->SURANET, Georgia Tech, Atlanta",1
23,nsfnet,7,1.2,robust_current_demand_lp,critical_failure_fixed,"NCSA, University of Illinois, Champaign -> Merit Univ of Michigan, Ann Arbor & Merit Univ of Michigan, Ann Arbor -> NCSA, University of Illinois, Champaign",1,"MIDnet, Lincoln, NE","Cornell Theory Center, Ithaca NY",1,7.1477122,"MIDnet, Lincoln, NE | NCSA, University of Illinois, Champaign | Merit Univ of Michigan, Ann Arbor | Cornell Theory Center, Ithaca NY","MIDnet, Lincoln, NE->NCSA, University of Illinois, Champaign | NCSA, University of Illinois, Champaign->Merit Univ of Michigan, Ann Arbor | Merit Univ of Michigan, Ann Arbor->Cornell Theory Center, Ithaca NY",1
23,nsfnet,7,1.2,robust_current_demand_lp,critical_failure_fixed,"NCSA, University of Illinois, Champaign -> Merit Univ of Michigan, Ann Arbor & Merit Univ of Michigan, Ann Arbor -> NCSA, University of Illinois, Champaign",2,"NCSA, University of Illinois, Champaign","Merit Univ of Michigan, Ann Arbor",1,6.8688956,"NCSA, University of Illinois, Champaign | Merit Univ of Michigan, Ann Arbor","NCSA, University of Illinois, Champaign->Merit Univ of Michigan, Ann Arbor",1
23,nsfnet,7,1.2,robust_current_demand_lp,critical_failure_fixed,"NCSA, University of Illinois, Champaign -> Merit Univ of Michigan, Ann Arbor & Merit Univ of Michigan, Ann Arbor -> NCSA, University of Illinois, Champaign",3,"NCSA, University of Illinois, Champaign","BARRnet, Palo Alto",1,6.8029466,"NCSA, University of Illinois, Champaign | Merit Univ of Michigan, Ann Arbor | BARRnet, Palo Alto","NCSA, University of Illinois, Champaign->Merit Univ of Michigan, Ann Arbor | Merit Univ of Michigan, Ann Arbor->BARRnet, Palo Alto",1
23,nsfnet,7,1.2,robust_current_demand_lp,critical_failure_fixed,"NCSA, University of Illinois, Champaign -> Merit Univ of Michigan, Ann Arbor & Merit Univ of Michigan, Ann Arbor -> NCSA, University of Illinois, Champaign",4,"MIDnet, Lincoln, NE","BARRnet, Palo Alto",1,6.3269487,"MIDnet, Lincoln, NE | NCSA, University of Illinois, Champaign | Merit Univ of Michigan, Ann Arbor | BARRnet, Palo Alto","MIDnet, Lincoln, NE->NCSA, University of Illinois, Champaign | NCSA, University of Illinois, Champaign->Merit Univ of Michigan, Ann Arbor | Merit Univ of Michigan, Ann Arbor->BARRnet, Palo Alto",1
23,nsfnet,7,1.2,robust_current_demand_lp,critical_failure_fixed,"NCSA, University of Illinois, Champaign -> Merit Univ of Michigan, Ann Arbor & Merit Univ of Michigan, Ann Arbor -> NCSA, University of Illinois, Champaign",4,"MIDnet, Lincoln, NE","BARRnet, Palo Alto",2,0.5553274000000004,"MIDnet, Lincoln, NE | NCSA, University of Illinois, Champaign | SEQSUINET, Rice University, Houston | San Diego Supercomputer Center | BARRnet, Palo Alto","MIDnet, Lincoln, NE->NCSA, University of Illinois, Champaign | NCSA, University of Illinois, Champaign->SEQSUINET, Rice University, Houston | SEQSUINET, Rice University, Houston->San Diego Supercomputer Center | San Diego Supercomputer Center->BARRnet, Palo Alto",0
23,nsfnet,7,1.2,robust_current_demand_lp,critical_failure_fixed,"NCSA, University of Illinois, Champaign -> Merit Univ of Michigan, Ann Arbor & Merit Univ of Michigan, Ann Arbor -> NCSA, University of Illinois, Champaign",5,Pittsburgh Supercomputer Center,"MIDnet, Lincoln, NE",1,6.1576512,"Pittsburgh Supercomputer Center | Merit Univ of Michigan, Ann Arbor | NCSA, University of Illinois, Champaign | MIDnet, Lincoln, NE","Pittsburgh Supercomputer Center->Merit Univ of Michigan, Ann Arbor | Merit Univ of Michigan, Ann Arbor->NCSA, University of Illinois, Champaign | NCSA, University of Illinois, Champaign->MIDnet, Lincoln, NE",1
23,nsfnet,7,1.2,robust_current_demand_lp,random_failure_fixed,"SEQSUINET, Rice University, Houston -> SURANET, Georgia Tech, Atlanta & SURANET, Georgia Tech, Atlanta -> SEQSUINET, Rice University, Houston",1,"SEQSUINET, Rice University, Houston","Jon Von Neumann Center, Princeton, NJ",1,6.494596,"SEQSUINET, Rice University, Houston | SURANET, Georgia Tech, Atlanta | Jon Von Neumann Center, Princeton, NJ","SEQSUINET, Rice University, Houston->SURANET, Georgia Tech, Atlanta | SURANET, Georgia Tech, Atlanta->Jon Von Neumann Center, Princeton, NJ",1
23,nsfnet,7,1.2,robust_current_demand_lp,random_failure_fixed,"SEQSUINET, Rice University, Houston -> SURANET, Georgia Tech, Atlanta & SURANET, Georgia Tech, Atlanta -> SEQSUINET, Rice University, Houston",2,"NCSA, University of Illinois, Champaign","SURANET, Georgia Tech, Atlanta",1,6.3202581,"NCSA, University of Illinois, Champaign | SEQSUINET, Rice University, Houston | SURANET, Georgia Tech, Atlanta","NCSA, University of Illinois, Champaign->SEQSUINET, Rice University, Houston | SEQSUINET, Rice University, Houston->SURANET, Georgia Tech, Atlanta",1
23,nsfnet,7,1.2,robust_current_demand_lp,random_failure_fixed,"SEQSUINET, Rice University, Houston -> SURANET, Georgia Tech, Atlanta & SURANET, Georgia Tech, Atlanta -> SEQSUINET, Rice University, Houston",3,"SEQSUINET, Rice University, Houston","SURANET, Georgia Tech, Atlanta",1,6.0171553,"SEQSUINET, Rice University, Houston | SURANET, Georgia Tech, Atlanta","SEQSUINET, Rice University, Houston->SURANET, Georgia Tech, Atlanta",1
23,nsfnet,7,1.2,robust_current_demand_lp,random_failure_fixed,"SEQSUINET, Rice University, Houston -> SURANET, Georgia Tech, Atlanta & SURANET, Georgia Tech, Atlanta -> SEQSUINET, Rice University, Houston",4,"NCAR, Boulder","SURANET, Georgia Tech, Atlanta",1,5.8138805,"NCAR, Boulder | NCSA, University of Illinois, Champaign | SEQSUINET, Rice University, Houston | SURANET, Georgia Tech, Atlanta","NCAR, Boulder->NCSA, University of Illinois, Champaign | NCSA, University of Illinois, Champaign->SEQSUINET, Rice University, Houston | SEQSUINET, Rice University, Houston->SURANET, Georgia Tech, Atlanta",1
23,nsfnet,7,1.2,robust_current_demand_lp,random_failure_fixed,"SEQSUINET, Rice University, Houston -> SURANET, Georgia Tech, Atlanta & SURANET, Georgia Tech, Atlanta -> SEQSUINET, Rice University, Houston",5,"SURANET, Georgia Tech, Atlanta","Westnet, Salt Lake City",1,5.6837329,"SURANET, Georgia Tech, Atlanta | SEQSUINET, Rice University, Houston | NCSA, University of Illinois, Champaign | NCAR, Boulder | Westnet, Salt Lake City","SURANET, Georgia Tech, Atlanta->SEQSUINET, Rice University, Houston | SEQSUINET, Rice University, Houston->NCSA, University of Illinois, Champaign | NCSA, University of Illinois, Champaign->NCAR, Boulder | NCAR, Boulder->Westnet, Salt Lake City",1
23,nsfnet,7,1.2,moving_average,critical_failure_fixed,"NCSA, University of Illinois, Champaign -> Merit Univ of Michigan, Ann Arbor & Merit Univ of Michigan, Ann Arbor -> NCSA, University of Illinois, Champaign",1,"NCSA, University of Illinois, Champaign","Merit Univ of Michigan, Ann Arbor",1,6.4462406,"NCSA, University of Illinois, Champaign | Merit Univ of Michigan, Ann Arbor","NCSA, University of Illinois, Champaign->Merit Univ of Michigan, Ann Arbor",1
23,nsfnet,7,1.2,moving_average,critical_failure_fixed,"NCSA, University of Illinois, Champaign -> Merit Univ of Michigan, Ann Arbor & Merit Univ of Michigan, Ann Arbor -> NCSA, University of Illinois, Champaign",2,"MIDnet, Lincoln, NE","BARRnet, Palo Alto",1,6.4104071,"MIDnet, Lincoln, NE | NCSA, University of Illinois, Champaign | Merit Univ of Michigan, Ann Arbor | BARRnet, Palo Alto","MIDnet, Lincoln, NE->NCSA, University of Illinois, Champaign | NCSA, University of Illinois, Champaign->Merit Univ of Michigan, Ann Arbor | Merit Univ of Michigan, Ann Arbor->BARRnet, Palo Alto",1
23,nsfnet,7,1.2,moving_average,critical_failure_fixed,"NCSA, University of Illinois, Champaign -> Merit Univ of Michigan, Ann Arbor & Merit Univ of Michigan, Ann Arbor -> NCSA, University of Illinois, Champaign",3,"MIDnet, Lincoln, NE","Cornell Theory Center, Ithaca NY",1,6.3370332,"MIDnet, Lincoln, NE | NCSA, University of Illinois, Champaign | Merit Univ of Michigan, Ann Arbor | Cornell Theory Center, Ithaca NY","MIDnet, Lincoln, NE->NCSA, University of Illinois, Champaign | NCSA, University of Illinois, Champaign->Merit Univ of Michigan, Ann Arbor | Merit Univ of Michigan, Ann Arbor->Cornell Theory Center, Ithaca NY",1
23,nsfnet,7,1.2,moving_average,critical_failure_fixed,"NCSA, University of Illinois, Champaign -> Merit Univ of Michigan, Ann Arbor & Merit Univ of Michigan, Ann Arbor -> NCSA, University of Illinois, Champaign",4,"NCSA, University of Illinois, Champaign","BARRnet, Palo Alto",1,6.2511231,"NCSA, University of Illinois, Champaign | Merit Univ of Michigan, Ann Arbor | BARRnet, Palo Alto","NCSA, University of Illinois, Champaign->Merit Univ of Michigan, Ann Arbor | Merit Univ of Michigan, Ann Arbor->BARRnet, Palo Alto",1
23,nsfnet,7,1.2,moving_average,critical_failure_fixed,"NCSA, University of Illinois, Champaign -> Merit Univ of Michigan, Ann Arbor & Merit Univ of Michigan, Ann Arbor -> NCSA, University of Illinois, Champaign",5,"SURANET, Georgia Tech, Atlanta","Merit Univ of Michigan, Ann Arbor",1,5.9606974,"SURANET, Georgia Tech, Atlanta | SEQSUINET, Rice University, Houston | NCSA, University of Illinois, Champaign | Merit Univ of Michigan, Ann Arbor","SURANET, Georgia Tech, Atlanta->SEQSUINET, Rice University, Houston | SEQSUINET, Rice University, Houston->NCSA, University of Illinois, Champaign | NCSA, University of Illinois, Champaign->Merit Univ of Michigan, Ann Arbor",1
23,nsfnet,7,1.2,moving_average,random_failure_fixed,"SEQSUINET, Rice University, Houston -> SURANET, Georgia Tech, Atlanta & SURANET, Georgia Tech, Atlanta -> SEQSUINET, Rice University, Houston",1,"SEQSUINET, Rice University, Houston","Jon Von Neumann Center, Princeton, NJ",1,6.0819492,"SEQSUINET, Rice University, Houston | SURANET, Georgia Tech, Atlanta | Jon Von Neumann Center, Princeton, NJ","SEQSUINET, Rice University, Houston->SURANET, Georgia Tech, Atlanta | SURANET, Georgia Tech, Atlanta->Jon Von Neumann Center, Princeton, NJ",1
23,nsfnet,7,1.2,moving_average,random_failure_fixed,"SEQSUINET, Rice University, Houston -> SURANET, Georgia Tech, Atlanta & SURANET, Georgia Tech, Atlanta -> SEQSUINET, Rice University, Houston",2,"NCSA, University of Illinois, Champaign","SURANET, Georgia Tech, Atlanta",1,6.0693123,"NCSA, University of Illinois, Champaign | SEQSUINET, Rice University, Houston | SURANET, Georgia Tech, Atlanta","NCSA, University of Illinois, Champaign->SEQSUINET, Rice University, Houston | SEQSUINET, Rice University, Houston->SURANET, Georgia Tech, Atlanta",1
23,nsfnet,7,1.2,moving_average,random_failure_fixed,"SEQSUINET, Rice University, Houston -> SURANET, Georgia Tech, Atlanta & SURANET, Georgia Tech, Atlanta -> SEQSUINET, Rice University, Houston",3,"SURANET, Georgia Tech, Atlanta","Merit Univ of Michigan, Ann Arbor",1,5.9606974,"SURANET, Georgia Tech, Atlanta | SEQSUINET, Rice University, Houston | NCSA, University of Illinois, Champaign | Merit Univ of Michigan, Ann Arbor","SURANET, Georgia Tech, Atlanta->SEQSUINET, Rice University, Houston | SEQSUINET, Rice University, Houston->NCSA, University of Illinois, Champaign | NCSA, University of Illinois, Champaign->Merit Univ of Michigan, Ann Arbor",1
23,nsfnet,7,1.2,moving_average,random_failure_fixed,"SEQSUINET, Rice University, Houston -> SURANET, Georgia Tech, Atlanta & SURANET, Georgia Tech, Atlanta -> SEQSUINET, Rice University, Houston",4,"NCAR, Boulder","SURANET, Georgia Tech, Atlanta",1,5.7840315,"NCAR, Boulder | NCSA, University of Illinois, Champaign | SEQSUINET, Rice University, Houston | SURANET, Georgia Tech, Atlanta","NCAR, Boulder->NCSA, University of Illinois, Champaign | NCSA, University of Illinois, Champaign->SEQSUINET, Rice University, Houston | SEQSUINET, Rice University, Houston->SURANET, Georgia Tech, Atlanta",1
23,nsfnet,7,1.2,moving_average,random_failure_fixed,"SEQSUINET, Rice University, Houston -> SURANET, Georgia Tech, Atlanta & SURANET, Georgia Tech, Atlanta -> SEQSUINET, Rice University, Houston",5,"SEQSUINET, Rice University, Houston","SURANET, Georgia Tech, Atlanta",1,5.6663912,"SEQSUINET, Rice University, Houston | SURANET, Georgia Tech, Atlanta","SEQSUINET, Rice University, Houston->SURANET, Georgia Tech, Atlanta",1
23,nsfnet,7,1.2,linear_autoregressive,critical_failure_fixed,"NCSA, University of Illinois, Champaign -> Merit Univ of Michigan, Ann Arbor & Merit Univ of Michigan, Ann Arbor -> NCSA, University of Illinois, Champaign",1,"NCSA, University of Illinois, Champaign","Merit Univ of Michigan, Ann Arbor",1,6.524708,"NCSA, University of Illinois, Champaign | Merit Univ of Michigan, Ann Arbor","NCSA, University of Illinois, Champaign->Merit Univ of Michigan, Ann Arbor",1
23,nsfnet,7,1.2,linear_autoregressive,critical_failure_fixed,"NCSA, University of Illinois, Champaign -> Merit Univ of Michigan, Ann Arbor & Merit Univ of Michigan, Ann Arbor -> NCSA, University of Illinois, Champaign",2,"MIDnet, Lincoln, NE","Cornell Theory Center, Ithaca NY",1,6.4755906,"MIDnet, Lincoln, NE | NCSA, University of Illinois, Champaign | Merit Univ of Michigan, Ann Arbor | Cornell Theory Center, Ithaca NY","MIDnet, Lincoln, NE->NCSA, University of Illinois, Champaign | NCSA, University of Illinois, Champaign->Merit Univ of Michigan, Ann Arbor | Merit Univ of Michigan, Ann Arbor->Cornell Theory Center, Ithaca NY",1
23,nsfnet,7,1.2,linear_autoregressive,critical_failure_fixed,"NCSA, University of Illinois, Champaign -> Merit Univ of Michigan, Ann Arbor & Merit Univ of Michigan, Ann Arbor -> NCSA, University of Illinois, Champaign",3,"NCSA, University of Illinois, Champaign","BARRnet, Palo Alto",1,6.4403904,"NCSA, University of Illinois, Champaign | Merit Univ of Michigan, Ann Arbor | BARRnet, Palo Alto","NCSA, University of Illinois, Champaign->Merit Univ of Michigan, Ann Arbor | Merit Univ of Michigan, Ann Arbor->BARRnet, Palo Alto",1
23,nsfnet,7,1.2,linear_autoregressive,critical_failure_fixed,"NCSA, University of Illinois, Champaign -> Merit Univ of Michigan, Ann Arbor & Merit Univ of Michigan, Ann Arbor -> NCSA, University of Illinois, Champaign",4,"MIDnet, Lincoln, NE","BARRnet, Palo Alto",1,6.424079,"MIDnet, Lincoln, NE | NCSA, University of Illinois, Champaign | Merit Univ of Michigan, Ann Arbor | BARRnet, Palo Alto","MIDnet, Lincoln, NE->NCSA, University of Illinois, Champaign | NCSA, University of Illinois, Champaign->Merit Univ of Michigan, Ann Arbor | Merit Univ of Michigan, Ann Arbor->BARRnet, Palo Alto",1
23,nsfnet,7,1.2,linear_autoregressive,critical_failure_fixed,"NCSA, University of Illinois, Champaign -> Merit Univ of Michigan, Ann Arbor & Merit Univ of Michigan, Ann Arbor -> NCSA, University of Illinois, Champaign",5,Pittsburgh Supercomputer Center,"MIDnet, Lincoln, NE",1,6.0667242,"Pittsburgh Supercomputer Center | Merit Univ of Michigan, Ann Arbor | NCSA, University of Illinois, Champaign | MIDnet, Lincoln, NE","Pittsburgh Supercomputer Center->Merit Univ of Michigan, Ann Arbor | Merit Univ of Michigan, Ann Arbor->NCSA, University of Illinois, Champaign | NCSA, University of Illinois, Champaign->MIDnet, Lincoln, NE",1
23,nsfnet,7,1.2,linear_autoregressive,random_failure_fixed,"SEQSUINET, Rice University, Houston -> SURANET, Georgia Tech, Atlanta & SURANET, Georgia Tech, Atlanta -> SEQSUINET, Rice University, Houston",1,"NCSA, University of Illinois, Champaign","SURANET, Georgia Tech, Atlanta",1,6.4096194,"NCSA, University of Illinois, Champaign | SEQSUINET, Rice University, Houston | SURANET, Georgia Tech, Atlanta","NCSA, University of Illinois, Champaign->SEQSUINET, Rice University, Houston | SEQSUINET, Rice University, Houston->SURANET, Georgia Tech, Atlanta",1
23,nsfnet,7,1.2,linear_autoregressive,random_failure_fixed,"SEQSUINET, Rice University, Houston -> SURANET, Georgia Tech, Atlanta & SURANET, Georgia Tech, Atlanta -> SEQSUINET, Rice University, Houston",2,"SEQSUINET, Rice University, Houston","Jon Von Neumann Center, Princeton, NJ",1,5.9632502,"SEQSUINET, Rice University, Houston | SURANET, Georgia Tech, Atlanta | Jon Von Neumann Center, Princeton, NJ","SEQSUINET, Rice University, Houston->SURANET, Georgia Tech, Atlanta | SURANET, Georgia Tech, Atlanta->Jon Von Neumann Center, Princeton, NJ",1
23,nsfnet,7,1.2,linear_autoregressive,random_failure_fixed,"SEQSUINET, Rice University, Houston -> SURANET, Georgia Tech, Atlanta & SURANET, Georgia Tech, Atlanta -> SEQSUINET, Rice University, Houston",3,"NCAR, Boulder","SURANET, Georgia Tech, Atlanta",1,5.7642394,"NCAR, Boulder | NCSA, University of Illinois, Champaign | SEQSUINET, Rice University, Houston | SURANET, Georgia Tech, Atlanta","NCAR, Boulder->NCSA, University of Illinois, Champaign | NCSA, University of Illinois, Champaign->SEQSUINET, Rice University, Houston | SEQSUINET, Rice University, Houston->SURANET, Georgia Tech, Atlanta",1
23,nsfnet,7,1.2,linear_autoregressive,random_failure_fixed,"SEQSUINET, Rice University, Houston -> SURANET, Georgia Tech, Atlanta & SURANET, Georgia Tech, Atlanta -> SEQSUINET, Rice University, Houston",4,"SURANET, Georgia Tech, Atlanta","Merit Univ of Michigan, Ann Arbor",1,5.6711389,"SURANET, Georgia Tech, Atlanta | SEQSUINET, Rice University, Houston | NCSA, University of Illinois, Champaign | Merit Univ of Michigan, Ann Arbor","SURANET, Georgia Tech, Atlanta->SEQSUINET, Rice University, Houston | SEQSUINET, Rice University, Houston->NCSA, University of Illinois, Champaign | NCSA, University of Illinois, Champaign->Merit Univ of Michigan, Ann Arbor",1
23,nsfnet,7,1.2,linear_autoregressive,random_failure_fixed,"SEQSUINET, Rice University, Houston -> SURANET, Georgia Tech, Atlanta & SURANET, Georgia Tech, Atlanta -> SEQSUINET, Rice University, Houston",5,"SURANET, Georgia Tech, Atlanta","Westnet, Salt Lake City",1,5.5971267,"SURANET, Georgia Tech, Atlanta | SEQSUINET, Rice University, Houston | San Diego Supercomputer Center | BARRnet, Palo Alto | NorthWestNet, Seattle | NCAR, Boulder | Westnet, Salt Lake City","SURANET, Georgia Tech, Atlanta->SEQSUINET, Rice University, Houston | SEQSUINET, Rice University, Houston->San Diego Supercomputer Center | San Diego Supercomputer Center->BARRnet, Palo Alto | BARRnet, Palo Alto->NorthWestNet, Seattle | NorthWestNet, Seattle->NCAR, Boulder | NCAR, Boulder->Westnet, Salt Lake City",1
23,nsfnet,7,1.2,lstm,critical_failure_fixed,"NCSA, University of Illinois, Champaign -> Merit Univ of Michigan, Ann Arbor & Merit Univ of Michigan, Ann Arbor -> NCSA, University of Illinois, Champaign",1,"MIDnet, Lincoln, NE","BARRnet, Palo Alto",1,5.9942584,"MIDnet, Lincoln, NE | NCSA, University of Illinois, Champaign | Merit Univ of Michigan, Ann Arbor | BARRnet, Palo Alto","MIDnet, Lincoln, NE->NCSA, University of Illinois, Champaign | NCSA, University of Illinois, Champaign->Merit Univ of Michigan, Ann Arbor | Merit Univ of Michigan, Ann Arbor->BARRnet, Palo Alto",1
23,nsfnet,7,1.2,lstm,critical_failure_fixed,"NCSA, University of Illinois, Champaign -> Merit Univ of Michigan, Ann Arbor & Merit Univ of Michigan, Ann Arbor -> NCSA, University of Illinois, Champaign",2,"NCSA, University of Illinois, Champaign","Merit Univ of Michigan, Ann Arbor",1,5.9017167,"NCSA, University of Illinois, Champaign | Merit Univ of Michigan, Ann Arbor","NCSA, University of Illinois, Champaign->Merit Univ of Michigan, Ann Arbor",1
23,nsfnet,7,1.2,lstm,critical_failure_fixed,"NCSA, University of Illinois, Champaign -> Merit Univ of Michigan, Ann Arbor & Merit Univ of Michigan, Ann Arbor -> NCSA, University of Illinois, Champaign",3,"MIDnet, Lincoln, NE","Cornell Theory Center, Ithaca NY",1,5.8566198,"MIDnet, Lincoln, NE | NCSA, University of Illinois, Champaign | Merit Univ of Michigan, Ann Arbor | Cornell Theory Center, Ithaca NY","MIDnet, Lincoln, NE->NCSA, University of Illinois, Champaign | NCSA, University of Illinois, Champaign->Merit Univ of Michigan, Ann Arbor | Merit Univ of Michigan, Ann Arbor->Cornell Theory Center, Ithaca NY",1
23,nsfnet,7,1.2,lstm,critical_failure_fixed,"NCSA, University of Illinois, Champaign -> Merit Univ of Michigan, Ann Arbor & Merit Univ of Michigan, Ann Arbor -> NCSA, University of Illinois, Champaign",4,"NCSA, University of Illinois, Champaign","BARRnet, Palo Alto",1,5.8198299,"NCSA, University of Illinois, Champaign | Merit Univ of Michigan, Ann Arbor | BARRnet, Palo Alto","NCSA, University of Illinois, Champaign->Merit Univ of Michigan, Ann Arbor | Merit Univ of Michigan, Ann Arbor->BARRnet, Palo Alto",1
23,nsfnet,7,1.2,lstm,critical_failure_fixed,"NCSA, University of Illinois, Champaign -> Merit Univ of Michigan, Ann Arbor & Merit Univ of Michigan, Ann Arbor -> NCSA, University of Illinois, Champaign",5,Pittsburgh Supercomputer Center,"MIDnet, Lincoln, NE",1,5.6369033,"Pittsburgh Supercomputer Center | Merit Univ of Michigan, Ann Arbor | NCSA, University of Illinois, Champaign | MIDnet, Lincoln, NE","Pittsburgh Supercomputer Center->Merit Univ of Michigan, Ann Arbor | Merit Univ of Michigan, Ann Arbor->NCSA, University of Illinois, Champaign | NCSA, University of Illinois, Champaign->MIDnet, Lincoln, NE",1
23,nsfnet,7,1.2,lstm,random_failure_fixed,"SEQSUINET, Rice University, Houston -> SURANET, Georgia Tech, Atlanta & SURANET, Georgia Tech, Atlanta -> SEQSUINET, Rice University, Houston",1,"NCSA, University of Illinois, Champaign","SURANET, Georgia Tech, Atlanta",1,5.769763,"NCSA, University of Illinois, Champaign | SEQSUINET, Rice University, Houston | SURANET, Georgia Tech, Atlanta","NCSA, University of Illinois, Champaign->SEQSUINET, Rice University, Houston | SEQSUINET, Rice University, Houston->SURANET, Georgia Tech, Atlanta",1
23,nsfnet,7,1.2,lstm,random_failure_fixed,"SEQSUINET, Rice University, Houston -> SURANET, Georgia Tech, Atlanta & SURANET, Georgia Tech, Atlanta -> SEQSUINET, Rice University, Houston",2,"SEQSUINET, Rice University, Houston","Jon Von Neumann Center, Princeton, NJ",1,5.6662488,"SEQSUINET, Rice University, Houston | SURANET, Georgia Tech, Atlanta | Jon Von Neumann Center, Princeton, NJ","SEQSUINET, Rice University, Houston->SURANET, Georgia Tech, Atlanta | SURANET, Georgia Tech, Atlanta->Jon Von Neumann Center, Princeton, NJ",1
23,nsfnet,7,1.2,lstm,random_failure_fixed,"SEQSUINET, Rice University, Houston -> SURANET, Georgia Tech, Atlanta & SURANET, Georgia Tech, Atlanta -> SEQSUINET, Rice University, Houston",3,"SURANET, Georgia Tech, Atlanta","Merit Univ of Michigan, Ann Arbor",1,5.5222492,"SURANET, Georgia Tech, Atlanta | SEQSUINET, Rice University, Houston | NCSA, University of Illinois, Champaign | Merit Univ of Michigan, Ann Arbor","SURANET, Georgia Tech, Atlanta->SEQSUINET, Rice University, Houston | SEQSUINET, Rice University, Houston->NCSA, University of Illinois, Champaign | NCSA, University of Illinois, Champaign->Merit Univ of Michigan, Ann Arbor",1
23,nsfnet,7,1.2,lstm,random_failure_fixed,"SEQSUINET, Rice University, Houston -> SURANET, Georgia Tech, Atlanta & SURANET, Georgia Tech, Atlanta -> SEQSUINET, Rice University, Houston",4,"NCAR, Boulder","SURANET, Georgia Tech, Atlanta",1,5.4058099,"NCAR, Boulder | NCSA, University of Illinois, Champaign | SEQSUINET, Rice University, Houston | SURANET, Georgia Tech, Atlanta","NCAR, Boulder->NCSA, University of Illinois, Champaign | NCSA, University of Illinois, Champaign->SEQSUINET, Rice University, Houston | SEQSUINET, Rice University, Houston->SURANET, Georgia Tech, Atlanta",1
23,nsfnet,7,1.2,lstm,random_failure_fixed,"SEQSUINET, Rice University, Houston -> SURANET, Georgia Tech, Atlanta & SURANET, Georgia Tech, Atlanta -> SEQSUINET, Rice University, Houston",5,"SEQSUINET, Rice University, Houston","SURANET, Georgia Tech, Atlanta",1,5.2621913,"SEQSUINET, Rice University, Houston | SURANET, Georgia Tech, Atlanta","SEQSUINET, Rice University, Houston->SURANET, Georgia Tech, Atlanta",1
23,nsfnet,7,1.2,uncertainty_aware_lstm_robust_lp,critical_failure_fixed,"NCSA, University of Illinois, Champaign -> Merit Univ of Michigan, Ann Arbor & Merit Univ of Michigan, Ann Arbor -> NCSA, University of Illinois, Champaign",1,"NCSA, University of Illinois, Champaign","Merit Univ of Michigan, Ann Arbor",1,6.1837616,"NCSA, University of Illinois, Champaign | Merit Univ of Michigan, Ann Arbor","NCSA, University of Illinois, Champaign->Merit Univ of Michigan, Ann Arbor",1
23,nsfnet,7,1.2,uncertainty_aware_lstm_robust_lp,critical_failure_fixed,"NCSA, University of Illinois, Champaign -> Merit Univ of Michigan, Ann Arbor & Merit Univ of Michigan, Ann Arbor -> NCSA, University of Illinois, Champaign",2,"MIDnet, Lincoln, NE","Cornell Theory Center, Ithaca NY",1,6.142241,"MIDnet, Lincoln, NE | NCSA, University of Illinois, Champaign | Merit Univ of Michigan, Ann Arbor | Cornell Theory Center, Ithaca NY","MIDnet, Lincoln, NE->NCSA, University of Illinois, Champaign | NCSA, University of Illinois, Champaign->Merit Univ of Michigan, Ann Arbor | Merit Univ of Michigan, Ann Arbor->Cornell Theory Center, Ithaca NY",1
23,nsfnet,7,1.2,uncertainty_aware_lstm_robust_lp,critical_failure_fixed,"NCSA, University of Illinois, Champaign -> Merit Univ of Michigan, Ann Arbor & Merit Univ of Michigan, Ann Arbor -> NCSA, University of Illinois, Champaign",3,"NCSA, University of Illinois, Champaign","BARRnet, Palo Alto",1,6.089541,"NCSA, University of Illinois, Champaign | Merit Univ of Michigan, Ann Arbor | BARRnet, Palo Alto","NCSA, University of Illinois, Champaign->Merit Univ of Michigan, Ann Arbor | Merit Univ of Michigan, Ann Arbor->BARRnet, Palo Alto",1
23,nsfnet,7,1.2,uncertainty_aware_lstm_robust_lp,critical_failure_fixed,"NCSA, University of Illinois, Champaign -> Merit Univ of Michigan, Ann Arbor & Merit Univ of Michigan, Ann Arbor -> NCSA, University of Illinois, Champaign",4,Pittsburgh Supercomputer Center,"MIDnet, Lincoln, NE",1,5.8909855,"Pittsburgh Supercomputer Center | Merit Univ of Michigan, Ann Arbor | NCSA, University of Illinois, Champaign | MIDnet, Lincoln, NE","Pittsburgh Supercomputer Center->Merit Univ of Michigan, Ann Arbor | Merit Univ of Michigan, Ann Arbor->NCSA, University of Illinois, Champaign | NCSA, University of Illinois, Champaign->MIDnet, Lincoln, NE",1
23,nsfnet,7,1.2,uncertainty_aware_lstm_robust_lp,critical_failure_fixed,"NCSA, University of Illinois, Champaign -> Merit Univ of Michigan, Ann Arbor & Merit Univ of Michigan, Ann Arbor -> NCSA, University of Illinois, Champaign",5,"Westnet, Salt Lake City","Merit Univ of Michigan, Ann Arbor",1,5.7571735,"Westnet, Salt Lake City | NCAR, Boulder | NCSA, University of Illinois, Champaign | Merit Univ of Michigan, Ann Arbor","Westnet, Salt Lake City->NCAR, Boulder | NCAR, Boulder->NCSA, University of Illinois, Champaign | NCSA, University of Illinois, Champaign->Merit Univ of Michigan, Ann Arbor",1
23,nsfnet,7,1.2,uncertainty_aware_lstm_robust_lp,random_failure_fixed,"SEQSUINET, Rice University, Houston -> SURANET, Georgia Tech, Atlanta & SURANET, Georgia Tech, Atlanta -> SEQSUINET, Rice University, Houston",1,"NCSA, University of Illinois, Champaign","SURANET, Georgia Tech, Atlanta",1,6.0184751,"NCSA, University of Illinois, Champaign | SEQSUINET, Rice University, Houston | SURANET, Georgia Tech, Atlanta","NCSA, University of Illinois, Champaign->SEQSUINET, Rice University, Houston | SEQSUINET, Rice University, Houston->SURANET, Georgia Tech, Atlanta",1
23,nsfnet,7,1.2,uncertainty_aware_lstm_robust_lp,random_failure_fixed,"SEQSUINET, Rice University, Houston -> SURANET, Georgia Tech, Atlanta & SURANET, Georgia Tech, Atlanta -> SEQSUINET, Rice University, Houston",2,"SEQSUINET, Rice University, Houston","Jon Von Neumann Center, Princeton, NJ",1,5.9009705,"SEQSUINET, Rice University, Houston | SURANET, Georgia Tech, Atlanta | Jon Von Neumann Center, Princeton, NJ","SEQSUINET, Rice University, Houston->SURANET, Georgia Tech, Atlanta | SURANET, Georgia Tech, Atlanta->Jon Von Neumann Center, Princeton, NJ",1
23,nsfnet,7,1.2,uncertainty_aware_lstm_robust_lp,random_failure_fixed,"SEQSUINET, Rice University, Houston -> SURANET, Georgia Tech, Atlanta & SURANET, Georgia Tech, Atlanta -> SEQSUINET, Rice University, Houston",3,"NCAR, Boulder","SURANET, Georgia Tech, Atlanta",1,5.6343398,"NCAR, Boulder | NCSA, University of Illinois, Champaign | SEQSUINET, Rice University, Houston | SURANET, Georgia Tech, Atlanta","NCAR, Boulder->NCSA, University of Illinois, Champaign | NCSA, University of Illinois, Champaign->SEQSUINET, Rice University, Houston | SEQSUINET, Rice University, Houston->SURANET, Georgia Tech, Atlanta",1
23,nsfnet,7,1.2,uncertainty_aware_lstm_robust_lp,random_failure_fixed,"SEQSUINET, Rice University, Houston -> SURANET, Georgia Tech, Atlanta & SURANET, Georgia Tech, Atlanta -> SEQSUINET, Rice University, Houston",4,"SEQSUINET, Rice University, Houston","SURANET, Georgia Tech, Atlanta",1,5.503634,"SEQSUINET, Rice University, Houston | SURANET, Georgia Tech, Atlanta","SEQSUINET, Rice University, Houston->SURANET, Georgia Tech, Atlanta",1
23,nsfnet,7,1.2,uncertainty_aware_lstm_robust_lp,random_failure_fixed,"SEQSUINET, Rice University, Houston -> SURANET, Georgia Tech, Atlanta & SURANET, Georgia Tech, Atlanta -> SEQSUINET, Rice University, Houston",5,"SURANET, Georgia Tech, Atlanta","Westnet, Salt Lake City",1,5.1453729,"SURANET, Georgia Tech, Atlanta | SEQSUINET, Rice University, Houston | NCSA, University of Illinois, Champaign | NCAR, Boulder | Westnet, Salt Lake City","SURANET, Georgia Tech, Atlanta->SEQSUINET, Rice University, Houston | SEQSUINET, Rice University, Houston->NCSA, University of Illinois, Champaign | NCSA, University of Illinois, Champaign->NCAR, Boulder | NCAR, Boulder->Westnet, Salt Lake City",1
23,nsfnet,7,1.2,transformer,critical_failure_fixed,"NCSA, University of Illinois, Champaign -> Merit Univ of Michigan, Ann Arbor & Merit Univ of Michigan, Ann Arbor -> NCSA, University of Illinois, Champaign",1,"MIDnet, Lincoln, NE","BARRnet, Palo Alto",1,6.3249311,"MIDnet, Lincoln, NE | NCSA, University of Illinois, Champaign | Merit Univ of Michigan, Ann Arbor | BARRnet, Palo Alto","MIDnet, Lincoln, NE->NCSA, University of Illinois, Champaign | NCSA, University of Illinois, Champaign->Merit Univ of Michigan, Ann Arbor | Merit Univ of Michigan, Ann Arbor->BARRnet, Palo Alto",1
23,nsfnet,7,1.2,transformer,critical_failure_fixed,"NCSA, University of Illinois, Champaign -> Merit Univ of Michigan, Ann Arbor & Merit Univ of Michigan, Ann Arbor -> NCSA, University of Illinois, Champaign",2,"MIDnet, Lincoln, NE","Cornell Theory Center, Ithaca NY",1,6.2196245,"MIDnet, Lincoln, NE | NCSA, University of Illinois, Champaign | Merit Univ of Michigan, Ann Arbor | Cornell Theory Center, Ithaca NY","MIDnet, Lincoln, NE->NCSA, University of Illinois, Champaign | NCSA, University of Illinois, Champaign->Merit Univ of Michigan, Ann Arbor | Merit Univ of Michigan, Ann Arbor->Cornell Theory Center, Ithaca NY",1
23,nsfnet,7,1.2,transformer,critical_failure_fixed,"NCSA, University of Illinois, Champaign -> Merit Univ of Michigan, Ann Arbor & Merit Univ of Michigan, Ann Arbor -> NCSA, University of Illinois, Champaign",3,"NCSA, University of Illinois, Champaign","Merit Univ of Michigan, Ann Arbor",1,6.1295033,"NCSA, University of Illinois, Champaign | Merit Univ of Michigan, Ann Arbor","NCSA, University of Illinois, Champaign->Merit Univ of Michigan, Ann Arbor",1
23,nsfnet,7,1.2,transformer,critical_failure_fixed,"NCSA, University of Illinois, Champaign -> Merit Univ of Michigan, Ann Arbor & Merit Univ of Michigan, Ann Arbor -> NCSA, University of Illinois, Champaign",4,"NCSA, University of Illinois, Champaign","BARRnet, Palo Alto",1,5.9582415,"NCSA, University of Illinois, Champaign | Merit Univ of Michigan, Ann Arbor | BARRnet, Palo Alto","NCSA, University of Illinois, Champaign->Merit Univ of Michigan, Ann Arbor | Merit Univ of Michigan, Ann Arbor->BARRnet, Palo Alto",1
23,nsfnet,7,1.2,transformer,critical_failure_fixed,"NCSA, University of Illinois, Champaign -> Merit Univ of Michigan, Ann Arbor & Merit Univ of Michigan, Ann Arbor -> NCSA, University of Illinois, Champaign",5,Pittsburgh Supercomputer Center,"MIDnet, Lincoln, NE",1,5.8593183,"Pittsburgh Supercomputer Center | Merit Univ of Michigan, Ann Arbor | NCSA, University of Illinois, Champaign | MIDnet, Lincoln, NE","Pittsburgh Supercomputer Center->Merit Univ of Michigan, Ann Arbor | Merit Univ of Michigan, Ann Arbor->NCSA, University of Illinois, Champaign | NCSA, University of Illinois, Champaign->MIDnet, Lincoln, NE",1
23,nsfnet,7,1.2,transformer,random_failure_fixed,"SEQSUINET, Rice University, Houston -> SURANET, Georgia Tech, Atlanta & SURANET, Georgia Tech, Atlanta -> SEQSUINET, Rice University, Houston",1,"NCSA, University of Illinois, Champaign","SURANET, Georgia Tech, Atlanta",1,5.9922934,"NCSA, University of Illinois, Champaign | SEQSUINET, Rice University, Houston | SURANET, Georgia Tech, Atlanta","NCSA, University of Illinois, Champaign->SEQSUINET, Rice University, Houston | SEQSUINET, Rice University, Houston->SURANET, Georgia Tech, Atlanta",1
23,nsfnet,7,1.2,transformer,random_failure_fixed,"SEQSUINET, Rice University, Houston -> SURANET, Georgia Tech, Atlanta & SURANET, Georgia Tech, Atlanta -> SEQSUINET, Rice University, Houston",2,"SEQSUINET, Rice University, Houston","Jon Von Neumann Center, Princeton, NJ",1,5.8926806,"SEQSUINET, Rice University, Houston | SURANET, Georgia Tech, Atlanta | Jon Von Neumann Center, Princeton, NJ","SEQSUINET, Rice University, Houston->SURANET, Georgia Tech, Atlanta | SURANET, Georgia Tech, Atlanta->Jon Von Neumann Center, Princeton, NJ",1
23,nsfnet,7,1.2,transformer,random_failure_fixed,"SEQSUINET, Rice University, Houston -> SURANET, Georgia Tech, Atlanta & SURANET, Georgia Tech, Atlanta -> SEQSUINET, Rice University, Houston",3,"NCAR, Boulder","SURANET, Georgia Tech, Atlanta",1,5.7599144,"NCAR, Boulder | NCSA, University of Illinois, Champaign | SEQSUINET, Rice University, Houston | SURANET, Georgia Tech, Atlanta","NCAR, Boulder->NCSA, University of Illinois, Champaign | NCSA, University of Illinois, Champaign->SEQSUINET, Rice University, Houston | SEQSUINET, Rice University, Houston->SURANET, Georgia Tech, Atlanta",1
23,nsfnet,7,1.2,transformer,random_failure_fixed,"SEQSUINET, Rice University, Houston -> SURANET, Georgia Tech, Atlanta & SURANET, Georgia Tech, Atlanta -> SEQSUINET, Rice University, Houston",4,"SURANET, Georgia Tech, Atlanta","Merit Univ of Michigan, Ann Arbor",1,5.711607,"SURANET, Georgia Tech, Atlanta | SEQSUINET, Rice University, Houston | NCSA, University of Illinois, Champaign | Merit Univ of Michigan, Ann Arbor","SURANET, Georgia Tech, Atlanta->SEQSUINET, Rice University, Houston | SEQSUINET, Rice University, Houston->NCSA, University of Illinois, Champaign | NCSA, University of Illinois, Champaign->Merit Univ of Michigan, Ann Arbor",1
23,nsfnet,7,1.2,transformer,random_failure_fixed,"SEQSUINET, Rice University, Houston -> SURANET, Georgia Tech, Atlanta & SURANET, Georgia Tech, Atlanta -> SEQSUINET, Rice University, Houston",5,"SEQSUINET, Rice University, Houston","SURANET, Georgia Tech, Atlanta",1,5.5273004,"SEQSUINET, Rice University, Houston | SURANET, Georgia Tech, Atlanta","SEQSUINET, Rice University, Houston->SURANET, Georgia Tech, Atlanta",1
24,nsfnet,7,1.2,current_demand_lp,critical_failure_fixed,"NCSA, University of Illinois, Champaign -> Merit Univ of Michigan, Ann Arbor & Merit Univ of Michigan, Ann Arbor -> NCSA, University of Illinois, Champaign",1,"MIDnet, Lincoln, NE","BARRnet, Palo Alto",1,7.9248566,"MIDnet, Lincoln, NE | NCSA, University of Illinois, Champaign | Merit Univ of Michigan, Ann Arbor | BARRnet, Palo Alto","MIDnet, Lincoln, NE->NCSA, University of Illinois, Champaign | NCSA, University of Illinois, Champaign->Merit Univ of Michigan, Ann Arbor | Merit Univ of Michigan, Ann Arbor->BARRnet, Palo Alto",1
24,nsfnet,7,1.2,current_demand_lp,critical_failure_fixed,"NCSA, University of Illinois, Champaign -> Merit Univ of Michigan, Ann Arbor & Merit Univ of Michigan, Ann Arbor -> NCSA, University of Illinois, Champaign",2,"NCSA, University of Illinois, Champaign","Merit Univ of Michigan, Ann Arbor",1,7.8645856,"NCSA, University of Illinois, Champaign | Merit Univ of Michigan, Ann Arbor","NCSA, University of Illinois, Champaign->Merit Univ of Michigan, Ann Arbor",1
24,nsfnet,7,1.2,current_demand_lp,critical_failure_fixed,"NCSA, University of Illinois, Champaign -> Merit Univ of Michigan, Ann Arbor & Merit Univ of Michigan, Ann Arbor -> NCSA, University of Illinois, Champaign",3,"MIDnet, Lincoln, NE","Cornell Theory Center, Ithaca NY",1,7.5059874,"MIDnet, Lincoln, NE | NCSA, University of Illinois, Champaign | Merit Univ of Michigan, Ann Arbor | Cornell Theory Center, Ithaca NY","MIDnet, Lincoln, NE->NCSA, University of Illinois, Champaign | NCSA, University of Illinois, Champaign->Merit Univ of Michigan, Ann Arbor | Merit Univ of Michigan, Ann Arbor->Cornell Theory Center, Ithaca NY",1
24,nsfnet,7,1.2,current_demand_lp,critical_failure_fixed,"NCSA, University of Illinois, Champaign -> Merit Univ of Michigan, Ann Arbor & Merit Univ of Michigan, Ann Arbor -> NCSA, University of Illinois, Champaign",4,Pittsburgh Supercomputer Center,"MIDnet, Lincoln, NE",1,7.1664808,"Pittsburgh Supercomputer Center | Merit Univ of Michigan, Ann Arbor | NCSA, University of Illinois, Champaign | MIDnet, Lincoln, NE","Pittsburgh Supercomputer Center->Merit Univ of Michigan, Ann Arbor | Merit Univ of Michigan, Ann Arbor->NCSA, University of Illinois, Champaign | NCSA, University of Illinois, Champaign->MIDnet, Lincoln, NE",1
24,nsfnet,7,1.2,current_demand_lp,critical_failure_fixed,"NCSA, University of Illinois, Champaign -> Merit Univ of Michigan, Ann Arbor & Merit Univ of Michigan, Ann Arbor -> NCSA, University of Illinois, Champaign",5,"SURANET, Georgia Tech, Atlanta","Merit Univ of Michigan, Ann Arbor",1,7.0459886,"SURANET, Georgia Tech, Atlanta | SEQSUINET, Rice University, Houston | NCSA, University of Illinois, Champaign | Merit Univ of Michigan, Ann Arbor","SURANET, Georgia Tech, Atlanta->SEQSUINET, Rice University, Houston | SEQSUINET, Rice University, Houston->NCSA, University of Illinois, Champaign | NCSA, University of Illinois, Champaign->Merit Univ of Michigan, Ann Arbor",1
24,nsfnet,7,1.2,current_demand_lp,random_failure_fixed,"Pittsburgh Supercomputer Center -> Merit Univ of Michigan, Ann Arbor & Merit Univ of Michigan, Ann Arbor -> Pittsburgh Supercomputer Center",1,"Jon Von Neumann Center, Princeton, NJ",Pittsburgh Supercomputer Center,1,7.8852981,"Jon Von Neumann Center, Princeton, NJ | Cornell Theory Center, Ithaca NY | Merit Univ of Michigan, Ann Arbor | Pittsburgh Supercomputer Center","Jon Von Neumann Center, Princeton, NJ->Cornell Theory Center, Ithaca NY | Cornell Theory Center, Ithaca NY->Merit Univ of Michigan, Ann Arbor | Merit Univ of Michigan, Ann Arbor->Pittsburgh Supercomputer Center",1
24,nsfnet,7,1.2,current_demand_lp,random_failure_fixed,"Pittsburgh Supercomputer Center -> Merit Univ of Michigan, Ann Arbor & Merit Univ of Michigan, Ann Arbor -> Pittsburgh Supercomputer Center",2,"BARRnet, Palo Alto",Pittsburgh Supercomputer Center,1,7.5906394,"BARRnet, Palo Alto | Merit Univ of Michigan, Ann Arbor | Pittsburgh Supercomputer Center","BARRnet, Palo Alto->Merit Univ of Michigan, Ann Arbor | Merit Univ of Michigan, Ann Arbor->Pittsburgh Supercomputer Center",1
24,nsfnet,7,1.2,current_demand_lp,random_failure_fixed,"Pittsburgh Supercomputer Center -> Merit Univ of Michigan, Ann Arbor & Merit Univ of Michigan, Ann Arbor -> Pittsburgh Supercomputer Center",3,"NorthWestNet, Seattle",Pittsburgh Supercomputer Center,1,7.4613759,"NorthWestNet, Seattle | BARRnet, Palo Alto | Merit Univ of Michigan, Ann Arbor | Pittsburgh Supercomputer Center","NorthWestNet, Seattle->BARRnet, Palo Alto | BARRnet, Palo Alto->Merit Univ of Michigan, Ann Arbor | Merit Univ of Michigan, Ann Arbor->Pittsburgh Supercomputer Center",1
24,nsfnet,7,1.2,current_demand_lp,random_failure_fixed,"Pittsburgh Supercomputer Center -> Merit Univ of Michigan, Ann Arbor & Merit Univ of Michigan, Ann Arbor -> Pittsburgh Supercomputer Center",4,Pittsburgh Supercomputer Center,"SURANET, Georgia Tech, Atlanta",1,7.2086194,"Pittsburgh Supercomputer Center | Merit Univ of Michigan, Ann Arbor | Cornell Theory Center, Ithaca NY | Jon Von Neumann Center, Princeton, NJ | SURANET, Georgia Tech, Atlanta","Pittsburgh Supercomputer Center->Merit Univ of Michigan, Ann Arbor | Merit Univ of Michigan, Ann Arbor->Cornell Theory Center, Ithaca NY | Cornell Theory Center, Ithaca NY->Jon Von Neumann Center, Princeton, NJ | Jon Von Neumann Center, Princeton, NJ->SURANET, Georgia Tech, Atlanta",1
24,nsfnet,7,1.2,current_demand_lp,random_failure_fixed,"Pittsburgh Supercomputer Center -> Merit Univ of Michigan, Ann Arbor & Merit Univ of Michigan, Ann Arbor -> Pittsburgh Supercomputer Center",5,Pittsburgh Supercomputer Center,"MIDnet, Lincoln, NE",1,7.1664808,"Pittsburgh Supercomputer Center | Merit Univ of Michigan, Ann Arbor | NCSA, University of Illinois, Champaign | MIDnet, Lincoln, NE","Pittsburgh Supercomputer Center->Merit Univ of Michigan, Ann Arbor | Merit Univ of Michigan, Ann Arbor->NCSA, University of Illinois, Champaign | NCSA, University of Illinois, Champaign->MIDnet, Lincoln, NE",1
24,nsfnet,7,1.2,robust_current_demand_lp,critical_failure_fixed,"NCSA, University of Illinois, Champaign -> Merit Univ of Michigan, Ann Arbor & Merit Univ of Michigan, Ann Arbor -> NCSA, University of Illinois, Champaign",1,"NCSA, University of Illinois, Champaign","Merit Univ of Michigan, Ann Arbor",1,7.8645856,"NCSA, University of Illinois, Champaign | Merit Univ of Michigan, Ann Arbor","NCSA, University of Illinois, Champaign->Merit Univ of Michigan, Ann Arbor",1
24,nsfnet,7,1.2,robust_current_demand_lp,critical_failure_fixed,"NCSA, University of Illinois, Champaign -> Merit Univ of Michigan, Ann Arbor & Merit Univ of Michigan, Ann Arbor -> NCSA, University of Illinois, Champaign",2,"MIDnet, Lincoln, NE","Cornell Theory Center, Ithaca NY",1,7.5059874,"MIDnet, Lincoln, NE | NCSA, University of Illinois, Champaign | Merit Univ of Michigan, Ann Arbor | Cornell Theory Center, Ithaca NY","MIDnet, Lincoln, NE->NCSA, University of Illinois, Champaign | NCSA, University of Illinois, Champaign->Merit Univ of Michigan, Ann Arbor | Merit Univ of Michigan, Ann Arbor->Cornell Theory Center, Ithaca NY",1
24,nsfnet,7,1.2,robust_current_demand_lp,critical_failure_fixed,"NCSA, University of Illinois, Champaign -> Merit Univ of Michigan, Ann Arbor & Merit Univ of Michigan, Ann Arbor -> NCSA, University of Illinois, Champaign",3,Pittsburgh Supercomputer Center,"MIDnet, Lincoln, NE",1,7.1664808,"Pittsburgh Supercomputer Center | Merit Univ of Michigan, Ann Arbor | NCSA, University of Illinois, Champaign | MIDnet, Lincoln, NE","Pittsburgh Supercomputer Center->Merit Univ of Michigan, Ann Arbor | Merit Univ of Michigan, Ann Arbor->NCSA, University of Illinois, Champaign | NCSA, University of Illinois, Champaign->MIDnet, Lincoln, NE",1
24,nsfnet,7,1.2,robust_current_demand_lp,critical_failure_fixed,"NCSA, University of Illinois, Champaign -> Merit Univ of Michigan, Ann Arbor & Merit Univ of Michigan, Ann Arbor -> NCSA, University of Illinois, Champaign",4,"NCSA, University of Illinois, Champaign","BARRnet, Palo Alto",1,7.0149775,"NCSA, University of Illinois, Champaign | Merit Univ of Michigan, Ann Arbor | BARRnet, Palo Alto","NCSA, University of Illinois, Champaign->Merit Univ of Michigan, Ann Arbor | Merit Univ of Michigan, Ann Arbor->BARRnet, Palo Alto",1
24,nsfnet,7,1.2,robust_current_demand_lp,critical_failure_fixed,"NCSA, University of Illinois, Champaign -> Merit Univ of Michigan, Ann Arbor & Merit Univ of Michigan, Ann Arbor -> NCSA, University of Illinois, Champaign",5,"MIDnet, Lincoln, NE","BARRnet, Palo Alto",1,6.9457613,"MIDnet, Lincoln, NE | NCSA, University of Illinois, Champaign | Merit Univ of Michigan, Ann Arbor | BARRnet, Palo Alto","MIDnet, Lincoln, NE->NCSA, University of Illinois, Champaign | NCSA, University of Illinois, Champaign->Merit Univ of Michigan, Ann Arbor | Merit Univ of Michigan, Ann Arbor->BARRnet, Palo Alto",1
24,nsfnet,7,1.2,robust_current_demand_lp,critical_failure_fixed,"NCSA, University of Illinois, Champaign -> Merit Univ of Michigan, Ann Arbor & Merit Univ of Michigan, Ann Arbor -> NCSA, University of Illinois, Champaign",5,"MIDnet, Lincoln, NE","BARRnet, Palo Alto",2,0.9790953,"MIDnet, Lincoln, NE | NCSA, University of Illinois, Champaign | SEQSUINET, Rice University, Houston | San Diego Supercomputer Center | BARRnet, Palo Alto","MIDnet, Lincoln, NE->NCSA, University of Illinois, Champaign | NCSA, University of Illinois, Champaign->SEQSUINET, Rice University, Houston | SEQSUINET, Rice University, Houston->San Diego Supercomputer Center | San Diego Supercomputer Center->BARRnet, Palo Alto",0
24,nsfnet,7,1.2,robust_current_demand_lp,random_failure_fixed,"Pittsburgh Supercomputer Center -> Merit Univ of Michigan, Ann Arbor & Merit Univ of Michigan, Ann Arbor -> Pittsburgh Supercomputer Center",1,"Jon Von Neumann Center, Princeton, NJ",Pittsburgh Supercomputer Center,1,7.8852981,"Jon Von Neumann Center, Princeton, NJ | Cornell Theory Center, Ithaca NY | Merit Univ of Michigan, Ann Arbor | Pittsburgh Supercomputer Center","Jon Von Neumann Center, Princeton, NJ->Cornell Theory Center, Ithaca NY | Cornell Theory Center, Ithaca NY->Merit Univ of Michigan, Ann Arbor | Merit Univ of Michigan, Ann Arbor->Pittsburgh Supercomputer Center",1
24,nsfnet,7,1.2,robust_current_demand_lp,random_failure_fixed,"Pittsburgh Supercomputer Center -> Merit Univ of Michigan, Ann Arbor & Merit Univ of Michigan, Ann Arbor -> Pittsburgh Supercomputer Center",2,"BARRnet, Palo Alto",Pittsburgh Supercomputer Center,1,7.5906394,"BARRnet, Palo Alto | Merit Univ of Michigan, Ann Arbor | Pittsburgh Supercomputer Center","BARRnet, Palo Alto->Merit Univ of Michigan, Ann Arbor | Merit Univ of Michigan, Ann Arbor->Pittsburgh Supercomputer Center",1
24,nsfnet,7,1.2,robust_current_demand_lp,random_failure_fixed,"Pittsburgh Supercomputer Center -> Merit Univ of Michigan, Ann Arbor & Merit Univ of Michigan, Ann Arbor -> Pittsburgh Supercomputer Center",3,"NorthWestNet, Seattle",Pittsburgh Supercomputer Center,1,7.4613759,"NorthWestNet, Seattle | BARRnet, Palo Alto | Merit Univ of Michigan, Ann Arbor | Pittsburgh Supercomputer Center","NorthWestNet, Seattle->BARRnet, Palo Alto | BARRnet, Palo Alto->Merit Univ of Michigan, Ann Arbor | Merit Univ of Michigan, Ann Arbor->Pittsburgh Supercomputer Center",1
24,nsfnet,7,1.2,robust_current_demand_lp,random_failure_fixed,"Pittsburgh Supercomputer Center -> Merit Univ of Michigan, Ann Arbor & Merit Univ of Michigan, Ann Arbor -> Pittsburgh Supercomputer Center",4,Pittsburgh Supercomputer Center,"SURANET, Georgia Tech, Atlanta",1,7.2086194,"Pittsburgh Supercomputer Center | Merit Univ of Michigan, Ann Arbor | Cornell Theory Center, Ithaca NY | Jon Von Neumann Center, Princeton, NJ | SURANET, Georgia Tech, Atlanta","Pittsburgh Supercomputer Center->Merit Univ of Michigan, Ann Arbor | Merit Univ of Michigan, Ann Arbor->Cornell Theory Center, Ithaca NY | Cornell Theory Center, Ithaca NY->Jon Von Neumann Center, Princeton, NJ | Jon Von Neumann Center, Princeton, NJ->SURANET, Georgia Tech, Atlanta",1
24,nsfnet,7,1.2,robust_current_demand_lp,random_failure_fixed,"Pittsburgh Supercomputer Center -> Merit Univ of Michigan, Ann Arbor & Merit Univ of Michigan, Ann Arbor -> Pittsburgh Supercomputer Center",5,Pittsburgh Supercomputer Center,"MIDnet, Lincoln, NE",1,7.1664808,"Pittsburgh Supercomputer Center | Merit Univ of Michigan, Ann Arbor | NCSA, University of Illinois, Champaign | MIDnet, Lincoln, NE","Pittsburgh Supercomputer Center->Merit Univ of Michigan, Ann Arbor | Merit Univ of Michigan, Ann Arbor->NCSA, University of Illinois, Champaign | NCSA, University of Illinois, Champaign->MIDnet, Lincoln, NE",1
24,nsfnet,7,1.2,moving_average,critical_failure_fixed,"NCSA, University of Illinois, Champaign -> Merit Univ of Michigan, Ann Arbor & Merit Univ of Michigan, Ann Arbor -> NCSA, University of Illinois, Champaign",1,"MIDnet, Lincoln, NE","BARRnet, Palo Alto",1,6.501843,"MIDnet, Lincoln, NE | NCSA, University of Illinois, Champaign | Merit Univ of Michigan, Ann Arbor | BARRnet, Palo Alto","MIDnet, Lincoln, NE->NCSA, University of Illinois, Champaign | NCSA, University of Illinois, Champaign->Merit Univ of Michigan, Ann Arbor | Merit Univ of Michigan, Ann Arbor->BARRnet, Palo Alto",1
24,nsfnet,7,1.2,moving_average,critical_failure_fixed,"NCSA, University of Illinois, Champaign -> Merit Univ of Michigan, Ann Arbor & Merit Univ of Michigan, Ann Arbor -> NCSA, University of Illinois, Champaign",2,"NCSA, University of Illinois, Champaign","Merit Univ of Michigan, Ann Arbor",1,6.4718282,"NCSA, University of Illinois, Champaign | Merit Univ of Michigan, Ann Arbor","NCSA, University of Illinois, Champaign->Merit Univ of Michigan, Ann Arbor",1
24,nsfnet,7,1.2,moving_average,critical_failure_fixed,"NCSA, University of Illinois, Champaign -> Merit Univ of Michigan, Ann Arbor & Merit Univ of Michigan, Ann Arbor -> NCSA, University of Illinois, Champaign",3,"MIDnet, Lincoln, NE","Cornell Theory Center, Ithaca NY",1,6.3247705,"MIDnet, Lincoln, NE | NCSA, University of Illinois, Champaign | Merit Univ of Michigan, Ann Arbor | Cornell Theory Center, Ithaca NY","MIDnet, Lincoln, NE->NCSA, University of Illinois, Champaign | NCSA, University of Illinois, Champaign->Merit Univ of Michigan, Ann Arbor | Merit Univ of Michigan, Ann Arbor->Cornell Theory Center, Ithaca NY",1
24,nsfnet,7,1.2,moving_average,critical_failure_fixed,"NCSA, University of Illinois, Champaign -> Merit Univ of Michigan, Ann Arbor & Merit Univ of Michigan, Ann Arbor -> NCSA, University of Illinois, Champaign",4,"NCSA, University of Illinois, Champaign","BARRnet, Palo Alto",1,6.218692,"NCSA, University of Illinois, Champaign | Merit Univ of Michigan, Ann Arbor | BARRnet, Palo Alto","NCSA, University of Illinois, Champaign->Merit Univ of Michigan, Ann Arbor | Merit Univ of Michigan, Ann Arbor->BARRnet, Palo Alto",1
24,nsfnet,7,1.2,moving_average,critical_failure_fixed,"NCSA, University of Illinois, Champaign -> Merit Univ of Michigan, Ann Arbor & Merit Univ of Michigan, Ann Arbor -> NCSA, University of Illinois, Champaign",5,"SURANET, Georgia Tech, Atlanta","Merit Univ of Michigan, Ann Arbor",1,6.0228386,"SURANET, Georgia Tech, Atlanta | SEQSUINET, Rice University, Houston | NCSA, University of Illinois, Champaign | Merit Univ of Michigan, Ann Arbor","SURANET, Georgia Tech, Atlanta->SEQSUINET, Rice University, Houston | SEQSUINET, Rice University, Houston->NCSA, University of Illinois, Champaign | NCSA, University of Illinois, Champaign->Merit Univ of Michigan, Ann Arbor",1
24,nsfnet,7,1.2,moving_average,random_failure_fixed,"Pittsburgh Supercomputer Center -> Merit Univ of Michigan, Ann Arbor & Merit Univ of Michigan, Ann Arbor -> Pittsburgh Supercomputer Center",1,"Jon Von Neumann Center, Princeton, NJ",Pittsburgh Supercomputer Center,1,6.5976889,"Jon Von Neumann Center, Princeton, NJ | Cornell Theory Center, Ithaca NY | Merit Univ of Michigan, Ann Arbor | Pittsburgh Supercomputer Center","Jon Von Neumann Center, Princeton, NJ->Cornell Theory Center, Ithaca NY | Cornell Theory Center, Ithaca NY->Merit Univ of Michigan, Ann Arbor | Merit Univ of Michigan, Ann Arbor->Pittsburgh Supercomputer Center",1
24,nsfnet,7,1.2,moving_average,random_failure_fixed,"Pittsburgh Supercomputer Center -> Merit Univ of Michigan, Ann Arbor & Merit Univ of Michigan, Ann Arbor -> Pittsburgh Supercomputer Center",2,"NorthWestNet, Seattle",Pittsburgh Supercomputer Center,1,6.4656145,"NorthWestNet, Seattle | BARRnet, Palo Alto | Merit Univ of Michigan, Ann Arbor | Pittsburgh Supercomputer Center","NorthWestNet, Seattle->BARRnet, Palo Alto | BARRnet, Palo Alto->Merit Univ of Michigan, Ann Arbor | Merit Univ of Michigan, Ann Arbor->Pittsburgh Supercomputer Center",1
24,nsfnet,7,1.2,moving_average,random_failure_fixed,"Pittsburgh Supercomputer Center -> Merit Univ of Michigan, Ann Arbor & Merit Univ of Michigan, Ann Arbor -> Pittsburgh Supercomputer Center",3,"BARRnet, Palo Alto",Pittsburgh Supercomputer Center,1,6.2821921,"BARRnet, Palo Alto | Merit Univ of Michigan, Ann Arbor | Pittsburgh Supercomputer Center","BARRnet, Palo Alto->Merit Univ of Michigan, Ann Arbor | Merit Univ of Michigan, Ann Arbor->Pittsburgh Supercomputer Center",1
24,nsfnet,7,1.2,moving_average,random_failure_fixed,"Pittsburgh Supercomputer Center -> Merit Univ of Michigan, Ann Arbor & Merit Univ of Michigan, Ann Arbor -> Pittsburgh Supercomputer Center",4,Pittsburgh Supercomputer Center,"MIDnet, Lincoln, NE",1,5.9492892,"Pittsburgh Supercomputer Center | Merit Univ of Michigan, Ann Arbor | NCSA, University of Illinois, Champaign | MIDnet, Lincoln, NE","Pittsburgh Supercomputer Center->Merit Univ of Michigan, Ann Arbor | Merit Univ of Michigan, Ann Arbor->NCSA, University of Illinois, Champaign | NCSA, University of Illinois, Champaign->MIDnet, Lincoln, NE",1
24,nsfnet,7,1.2,moving_average,random_failure_fixed,"Pittsburgh Supercomputer Center -> Merit Univ of Michigan, Ann Arbor & Merit Univ of Michigan, Ann Arbor -> Pittsburgh Supercomputer Center",5,Pittsburgh Supercomputer Center,"Cornell Theory Center, Ithaca NY",1,5.9314433,"Pittsburgh Supercomputer Center | Merit Univ of Michigan, Ann Arbor | Cornell Theory Center, Ithaca NY","Pittsburgh Supercomputer Center->Merit Univ of Michigan, Ann Arbor | Merit Univ of Michigan, Ann Arbor->Cornell Theory Center, Ithaca NY",1
24,nsfnet,7,1.2,linear_autoregressive,critical_failure_fixed,"NCSA, University of Illinois, Champaign -> Merit Univ of Michigan, Ann Arbor & Merit Univ of Michigan, Ann Arbor -> NCSA, University of Illinois, Champaign",1,"MIDnet, Lincoln, NE","BARRnet, Palo Alto",1,7.1546196,"MIDnet, Lincoln, NE | NCSA, University of Illinois, Champaign | Merit Univ of Michigan, Ann Arbor | BARRnet, Palo Alto","MIDnet, Lincoln, NE->NCSA, University of Illinois, Champaign | NCSA, University of Illinois, Champaign->Merit Univ of Michigan, Ann Arbor | Merit Univ of Michigan, Ann Arbor->BARRnet, Palo Alto",1
24,nsfnet,7,1.2,linear_autoregressive,critical_failure_fixed,"NCSA, University of Illinois, Champaign -> Merit Univ of Michigan, Ann Arbor & Merit Univ of Michigan, Ann Arbor -> NCSA, University of Illinois, Champaign",2,"NCSA, University of Illinois, Champaign","BARRnet, Palo Alto",1,7.0606368,"NCSA, University of Illinois, Champaign | Merit Univ of Michigan, Ann Arbor | BARRnet, Palo Alto","NCSA, University of Illinois, Champaign->Merit Univ of Michigan, Ann Arbor | Merit Univ of Michigan, Ann Arbor->BARRnet, Palo Alto",1
24,nsfnet,7,1.2,linear_autoregressive,critical_failure_fixed,"NCSA, University of Illinois, Champaign -> Merit Univ of Michigan, Ann Arbor & Merit Univ of Michigan, Ann Arbor -> NCSA, University of Illinois, Champaign",3,"NCSA, University of Illinois, Champaign","Merit Univ of Michigan, Ann Arbor",1,7.0114835,"NCSA, University of Illinois, Champaign | Merit Univ of Michigan, Ann Arbor","NCSA, University of Illinois, Champaign->Merit Univ of Michigan, Ann Arbor",1
24,nsfnet,7,1.2,linear_autoregressive,critical_failure_fixed,"NCSA, University of Illinois, Champaign -> Merit Univ of Michigan, Ann Arbor & Merit Univ of Michigan, Ann Arbor -> NCSA, University of Illinois, Champaign",4,Pittsburgh Supercomputer Center,"MIDnet, Lincoln, NE",1,6.9952495,"Pittsburgh Supercomputer Center | Merit Univ of Michigan, Ann Arbor | NCSA, University of Illinois, Champaign | MIDnet, Lincoln, NE","Pittsburgh Supercomputer Center->Merit Univ of Michigan, Ann Arbor | Merit Univ of Michigan, Ann Arbor->NCSA, University of Illinois, Champaign | NCSA, University of Illinois, Champaign->MIDnet, Lincoln, NE",1
24,nsfnet,7,1.2,linear_autoregressive,critical_failure_fixed,"NCSA, University of Illinois, Champaign -> Merit Univ of Michigan, Ann Arbor & Merit Univ of Michigan, Ann Arbor -> NCSA, University of Illinois, Champaign",5,"MIDnet, Lincoln, NE","Cornell Theory Center, Ithaca NY",1,6.9705427,"MIDnet, Lincoln, NE | NCSA, University of Illinois, Champaign | Merit Univ of Michigan, Ann Arbor | Cornell Theory Center, Ithaca NY","MIDnet, Lincoln, NE->NCSA, University of Illinois, Champaign | NCSA, University of Illinois, Champaign->Merit Univ of Michigan, Ann Arbor | Merit Univ of Michigan, Ann Arbor->Cornell Theory Center, Ithaca NY",1
24,nsfnet,7,1.2,linear_autoregressive,random_failure_fixed,"Pittsburgh Supercomputer Center -> Merit Univ of Michigan, Ann Arbor & Merit Univ of Michigan, Ann Arbor -> Pittsburgh Supercomputer Center",1,"Jon Von Neumann Center, Princeton, NJ",Pittsburgh Supercomputer Center,1,7.1497664,"Jon Von Neumann Center, Princeton, NJ | Cornell Theory Center, Ithaca NY | Merit Univ of Michigan, Ann Arbor | Pittsburgh Supercomputer Center","Jon Von Neumann Center, Princeton, NJ->Cornell Theory Center, Ithaca NY | Cornell Theory Center, Ithaca NY->Merit Univ of Michigan, Ann Arbor | Merit Univ of Michigan, Ann Arbor->Pittsburgh Supercomputer Center",1
24,nsfnet,7,1.2,linear_autoregressive,random_failure_fixed,"Pittsburgh Supercomputer Center -> Merit Univ of Michigan, Ann Arbor & Merit Univ of Michigan, Ann Arbor -> Pittsburgh Supercomputer Center",2,Pittsburgh Supercomputer Center,"MIDnet, Lincoln, NE",1,6.9952495,"Pittsburgh Supercomputer Center | Merit Univ of Michigan, Ann Arbor | NCSA, University of Illinois, Champaign | MIDnet, Lincoln, NE","Pittsburgh Supercomputer Center->Merit Univ of Michigan, Ann Arbor | Merit Univ of Michigan, Ann Arbor->NCSA, University of Illinois, Champaign | NCSA, University of Illinois, Champaign->MIDnet, Lincoln, NE",1
24,nsfnet,7,1.2,linear_autoregressive,random_failure_fixed,"Pittsburgh Supercomputer Center -> Merit Univ of Michigan, Ann Arbor & Merit Univ of Michigan, Ann Arbor -> Pittsburgh Supercomputer Center",3,"NorthWestNet, Seattle",Pittsburgh Supercomputer Center,1,6.937881,"NorthWestNet, Seattle | BARRnet, Palo Alto | Merit Univ of Michigan, Ann Arbor | Pittsburgh Supercomputer Center","NorthWestNet, Seattle->BARRnet, Palo Alto | BARRnet, Palo Alto->Merit Univ of Michigan, Ann Arbor | Merit Univ of Michigan, Ann Arbor->Pittsburgh Supercomputer Center",1
24,nsfnet,7,1.2,linear_autoregressive,random_failure_fixed,"Pittsburgh Supercomputer Center -> Merit Univ of Michigan, Ann Arbor & Merit Univ of Michigan, Ann Arbor -> Pittsburgh Supercomputer Center",4,"BARRnet, Palo Alto",Pittsburgh Supercomputer Center,1,6.8612974,"BARRnet, Palo Alto | Merit Univ of Michigan, Ann Arbor | Pittsburgh Supercomputer Center","BARRnet, Palo Alto->Merit Univ of Michigan, Ann Arbor | Merit Univ of Michigan, Ann Arbor->Pittsburgh Supercomputer Center",1
24,nsfnet,7,1.2,linear_autoregressive,random_failure_fixed,"Pittsburgh Supercomputer Center -> Merit Univ of Michigan, Ann Arbor & Merit Univ of Michigan, Ann Arbor -> Pittsburgh Supercomputer Center",5,Pittsburgh Supercomputer Center,"SURANET, Georgia Tech, Atlanta",1,6.6438722,"Pittsburgh Supercomputer Center | Merit Univ of Michigan, Ann Arbor | Cornell Theory Center, Ithaca NY | Jon Von Neumann Center, Princeton, NJ | SURANET, Georgia Tech, Atlanta","Pittsburgh Supercomputer Center->Merit Univ of Michigan, Ann Arbor | Merit Univ of Michigan, Ann Arbor->Cornell Theory Center, Ithaca NY | Cornell Theory Center, Ithaca NY->Jon Von Neumann Center, Princeton, NJ | Jon Von Neumann Center, Princeton, NJ->SURANET, Georgia Tech, Atlanta",1
24,nsfnet,7,1.2,lstm,critical_failure_fixed,"NCSA, University of Illinois, Champaign -> Merit Univ of Michigan, Ann Arbor & Merit Univ of Michigan, Ann Arbor -> NCSA, University of Illinois, Champaign",1,"MIDnet, Lincoln, NE","BARRnet, Palo Alto",1,5.9942584,"MIDnet, Lincoln, NE | NCSA, University of Illinois, Champaign | Merit Univ of Michigan, Ann Arbor | BARRnet, Palo Alto","MIDnet, Lincoln, NE->NCSA, University of Illinois, Champaign | NCSA, University of Illinois, Champaign->Merit Univ of Michigan, Ann Arbor | Merit Univ of Michigan, Ann Arbor->BARRnet, Palo Alto",1
24,nsfnet,7,1.2,lstm,critical_failure_fixed,"NCSA, University of Illinois, Champaign -> Merit Univ of Michigan, Ann Arbor & Merit Univ of Michigan, Ann Arbor -> NCSA, University of Illinois, Champaign",2,"NCSA, University of Illinois, Champaign","Merit Univ of Michigan, Ann Arbor",1,5.9017167,"NCSA, University of Illinois, Champaign | Merit Univ of Michigan, Ann Arbor","NCSA, University of Illinois, Champaign->Merit Univ of Michigan, Ann Arbor",1
24,nsfnet,7,1.2,lstm,critical_failure_fixed,"NCSA, University of Illinois, Champaign -> Merit Univ of Michigan, Ann Arbor & Merit Univ of Michigan, Ann Arbor -> NCSA, University of Illinois, Champaign",3,"MIDnet, Lincoln, NE","Cornell Theory Center, Ithaca NY",1,5.8566198,"MIDnet, Lincoln, NE | NCSA, University of Illinois, Champaign | Merit Univ of Michigan, Ann Arbor | Cornell Theory Center, Ithaca NY","MIDnet, Lincoln, NE->NCSA, University of Illinois, Champaign | NCSA, University of Illinois, Champaign->Merit Univ of Michigan, Ann Arbor | Merit Univ of Michigan, Ann Arbor->Cornell Theory Center, Ithaca NY",1
24,nsfnet,7,1.2,lstm,critical_failure_fixed,"NCSA, University of Illinois, Champaign -> Merit Univ of Michigan, Ann Arbor & Merit Univ of Michigan, Ann Arbor -> NCSA, University of Illinois, Champaign",4,"NCSA, University of Illinois, Champaign","BARRnet, Palo Alto",1,5.8198299,"NCSA, University of Illinois, Champaign | Merit Univ of Michigan, Ann Arbor | BARRnet, Palo Alto","NCSA, University of Illinois, Champaign->Merit Univ of Michigan, Ann Arbor | Merit Univ of Michigan, Ann Arbor->BARRnet, Palo Alto",1
24,nsfnet,7,1.2,lstm,critical_failure_fixed,"NCSA, University of Illinois, Champaign -> Merit Univ of Michigan, Ann Arbor & Merit Univ of Michigan, Ann Arbor -> NCSA, University of Illinois, Champaign",5,Pittsburgh Supercomputer Center,"MIDnet, Lincoln, NE",1,5.6369033,"Pittsburgh Supercomputer Center | Merit Univ of Michigan, Ann Arbor | NCSA, University of Illinois, Champaign | MIDnet, Lincoln, NE","Pittsburgh Supercomputer Center->Merit Univ of Michigan, Ann Arbor | Merit Univ of Michigan, Ann Arbor->NCSA, University of Illinois, Champaign | NCSA, University of Illinois, Champaign->MIDnet, Lincoln, NE",1
24,nsfnet,7,1.2,lstm,random_failure_fixed,"Pittsburgh Supercomputer Center -> Merit Univ of Michigan, Ann Arbor & Merit Univ of Michigan, Ann Arbor -> Pittsburgh Supercomputer Center",1,"Jon Von Neumann Center, Princeton, NJ",Pittsburgh Supercomputer Center,1,6.129509,"Jon Von Neumann Center, Princeton, NJ | Cornell Theory Center, Ithaca NY | Merit Univ of Michigan, Ann Arbor | Pittsburgh Supercomputer Center","Jon Von Neumann Center, Princeton, NJ->Cornell Theory Center, Ithaca NY | Cornell Theory Center, Ithaca NY->Merit Univ of Michigan, Ann Arbor | Merit Univ of Michigan, Ann Arbor->Pittsburgh Supercomputer Center",1
24,nsfnet,7,1.2,lstm,random_failure_fixed,"Pittsburgh Supercomputer Center -> Merit Univ of Michigan, Ann Arbor & Merit Univ of Michigan, Ann Arbor -> Pittsburgh Supercomputer Center",2,"NorthWestNet, Seattle",Pittsburgh Supercomputer Center,1,5.8957272,"NorthWestNet, Seattle | BARRnet, Palo Alto | Merit Univ of Michigan, Ann Arbor | Pittsburgh Supercomputer Center","NorthWestNet, Seattle->BARRnet, Palo Alto | BARRnet, Palo Alto->Merit Univ of Michigan, Ann Arbor | Merit Univ of Michigan, Ann Arbor->Pittsburgh Supercomputer Center",1
24,nsfnet,7,1.2,lstm,random_failure_fixed,"Pittsburgh Supercomputer Center -> Merit Univ of Michigan, Ann Arbor & Merit Univ of Michigan, Ann Arbor -> Pittsburgh Supercomputer Center",3,"BARRnet, Palo Alto",Pittsburgh Supercomputer Center,1,5.7407169,"BARRnet, Palo Alto | Merit Univ of Michigan, Ann Arbor | Pittsburgh Supercomputer Center","BARRnet, Palo Alto->Merit Univ of Michigan, Ann Arbor | Merit Univ of Michigan, Ann Arbor->Pittsburgh Supercomputer Center",1
24,nsfnet,7,1.2,lstm,random_failure_fixed,"Pittsburgh Supercomputer Center -> Merit Univ of Michigan, Ann Arbor & Merit Univ of Michigan, Ann Arbor -> Pittsburgh Supercomputer Center",4,Pittsburgh Supercomputer Center,"MIDnet, Lincoln, NE",1,5.6369033,"Pittsburgh Supercomputer Center | Merit Univ of Michigan, Ann Arbor | NCSA, University of Illinois, Champaign | MIDnet, Lincoln, NE","Pittsburgh Supercomputer Center->Merit Univ of Michigan, Ann Arbor | Merit Univ of Michigan, Ann Arbor->NCSA, University of Illinois, Champaign | NCSA, University of Illinois, Champaign->MIDnet, Lincoln, NE",1
24,nsfnet,7,1.2,lstm,random_failure_fixed,"Pittsburgh Supercomputer Center -> Merit Univ of Michigan, Ann Arbor & Merit Univ of Michigan, Ann Arbor -> Pittsburgh Supercomputer Center",5,Pittsburgh Supercomputer Center,"SURANET, Georgia Tech, Atlanta",1,5.5239277,"Pittsburgh Supercomputer Center | Merit Univ of Michigan, Ann Arbor | Cornell Theory Center, Ithaca NY | Jon Von Neumann Center, Princeton, NJ | SURANET, Georgia Tech, Atlanta","Pittsburgh Supercomputer Center->Merit Univ of Michigan, Ann Arbor | Merit Univ of Michigan, Ann Arbor->Cornell Theory Center, Ithaca NY | Cornell Theory Center, Ithaca NY->Jon Von Neumann Center, Princeton, NJ | Jon Von Neumann Center, Princeton, NJ->SURANET, Georgia Tech, Atlanta",1
24,nsfnet,7,1.2,uncertainty_aware_lstm_robust_lp,critical_failure_fixed,"NCSA, University of Illinois, Champaign -> Merit Univ of Michigan, Ann Arbor & Merit Univ of Michigan, Ann Arbor -> NCSA, University of Illinois, Champaign",1,"NCSA, University of Illinois, Champaign","Merit Univ of Michigan, Ann Arbor",1,6.1837616,"NCSA, University of Illinois, Champaign | Merit Univ of Michigan, Ann Arbor","NCSA, University of Illinois, Champaign->Merit Univ of Michigan, Ann Arbor",1
24,nsfnet,7,1.2,uncertainty_aware_lstm_robust_lp,critical_failure_fixed,"NCSA, University of Illinois, Champaign -> Merit Univ of Michigan, Ann Arbor & Merit Univ of Michigan, Ann Arbor -> NCSA, University of Illinois, Champaign",2,"MIDnet, Lincoln, NE","Cornell Theory Center, Ithaca NY",1,6.142241,"MIDnet, Lincoln, NE | NCSA, University of Illinois, Champaign | Merit Univ of Michigan, Ann Arbor | Cornell Theory Center, Ithaca NY","MIDnet, Lincoln, NE->NCSA, University of Illinois, Champaign | NCSA, University of Illinois, Champaign->Merit Univ of Michigan, Ann Arbor | Merit Univ of Michigan, Ann Arbor->Cornell Theory Center, Ithaca NY",1
24,nsfnet,7,1.2,uncertainty_aware_lstm_robust_lp,critical_failure_fixed,"NCSA, University of Illinois, Champaign -> Merit Univ of Michigan, Ann Arbor & Merit Univ of Michigan, Ann Arbor -> NCSA, University of Illinois, Champaign",3,"NCSA, University of Illinois, Champaign","BARRnet, Palo Alto",1,6.089541,"NCSA, University of Illinois, Champaign | Merit Univ of Michigan, Ann Arbor | BARRnet, Palo Alto","NCSA, University of Illinois, Champaign->Merit Univ of Michigan, Ann Arbor | Merit Univ of Michigan, Ann Arbor->BARRnet, Palo Alto",1
24,nsfnet,7,1.2,uncertainty_aware_lstm_robust_lp,critical_failure_fixed,"NCSA, University of Illinois, Champaign -> Merit Univ of Michigan, Ann Arbor & Merit Univ of Michigan, Ann Arbor -> NCSA, University of Illinois, Champaign",4,Pittsburgh Supercomputer Center,"MIDnet, Lincoln, NE",1,5.8909855,"Pittsburgh Supercomputer Center | Merit Univ of Michigan, Ann Arbor | NCSA, University of Illinois, Champaign | MIDnet, Lincoln, NE","Pittsburgh Supercomputer Center->Merit Univ of Michigan, Ann Arbor | Merit Univ of Michigan, Ann Arbor->NCSA, University of Illinois, Champaign | NCSA, University of Illinois, Champaign->MIDnet, Lincoln, NE",1
24,nsfnet,7,1.2,uncertainty_aware_lstm_robust_lp,critical_failure_fixed,"NCSA, University of Illinois, Champaign -> Merit Univ of Michigan, Ann Arbor & Merit Univ of Michigan, Ann Arbor -> NCSA, University of Illinois, Champaign",5,"Westnet, Salt Lake City","Merit Univ of Michigan, Ann Arbor",1,5.7571735,"Westnet, Salt Lake City | NCAR, Boulder | NCSA, University of Illinois, Champaign | Merit Univ of Michigan, Ann Arbor","Westnet, Salt Lake City->NCAR, Boulder | NCAR, Boulder->NCSA, University of Illinois, Champaign | NCSA, University of Illinois, Champaign->Merit Univ of Michigan, Ann Arbor",1
24,nsfnet,7,1.2,uncertainty_aware_lstm_robust_lp,random_failure_fixed,"Pittsburgh Supercomputer Center -> Merit Univ of Michigan, Ann Arbor & Merit Univ of Michigan, Ann Arbor -> Pittsburgh Supercomputer Center",1,"Jon Von Neumann Center, Princeton, NJ",Pittsburgh Supercomputer Center,1,6.3830452,"Jon Von Neumann Center, Princeton, NJ | Cornell Theory Center, Ithaca NY | Merit Univ of Michigan, Ann Arbor | Pittsburgh Supercomputer Center","Jon Von Neumann Center, Princeton, NJ->Cornell Theory Center, Ithaca NY | Cornell Theory Center, Ithaca NY->Merit Univ of Michigan, Ann Arbor | Merit Univ of Michigan, Ann Arbor->Pittsburgh Supercomputer Center",1
24,nsfnet,7,1.2,uncertainty_aware_lstm_robust_lp,random_failure_fixed,"Pittsburgh Supercomputer Center -> Merit Univ of Michigan, Ann Arbor & Merit Univ of Michigan, Ann Arbor -> Pittsburgh Supercomputer Center",2,"NorthWestNet, Seattle",Pittsburgh Supercomputer Center,1,6.1750808,"NorthWestNet, Seattle | BARRnet, Palo Alto | Merit Univ of Michigan, Ann Arbor | Pittsburgh Supercomputer Center","NorthWestNet, Seattle->BARRnet, Palo Alto | BARRnet, Palo Alto->Merit Univ of Michigan, Ann Arbor | Merit Univ of Michigan, Ann Arbor->Pittsburgh Supercomputer Center",1
24,nsfnet,7,1.2,uncertainty_aware_lstm_robust_lp,random_failure_fixed,"Pittsburgh Supercomputer Center -> Merit Univ of Michigan, Ann Arbor & Merit Univ of Michigan, Ann Arbor -> Pittsburgh Supercomputer Center",3,"BARRnet, Palo Alto",Pittsburgh Supercomputer Center,1,6.0181432,"BARRnet, Palo Alto | Merit Univ of Michigan, Ann Arbor | Pittsburgh Supercomputer Center","BARRnet, Palo Alto->Merit Univ of Michigan, Ann Arbor | Merit Univ of Michigan, Ann Arbor->Pittsburgh Supercomputer Center",1
24,nsfnet,7,1.2,uncertainty_aware_lstm_robust_lp,random_failure_fixed,"Pittsburgh Supercomputer Center -> Merit Univ of Michigan, Ann Arbor & Merit Univ of Michigan, Ann Arbor -> Pittsburgh Supercomputer Center",4,Pittsburgh Supercomputer Center,"MIDnet, Lincoln, NE",1,5.8909855,"Pittsburgh Supercomputer Center | Merit Univ of Michigan, Ann Arbor | NCSA, University of Illinois, Champaign | MIDnet, Lincoln, NE","Pittsburgh Supercomputer Center->Merit Univ of Michigan, Ann Arbor | Merit Univ of Michigan, Ann Arbor->NCSA, University of Illinois, Champaign | NCSA, University of Illinois, Champaign->MIDnet, Lincoln, NE",1
24,nsfnet,7,1.2,uncertainty_aware_lstm_robust_lp,random_failure_fixed,"Pittsburgh Supercomputer Center -> Merit Univ of Michigan, Ann Arbor & Merit Univ of Michigan, Ann Arbor -> Pittsburgh Supercomputer Center",5,Pittsburgh Supercomputer Center,"SURANET, Georgia Tech, Atlanta",1,5.7584467,"Pittsburgh Supercomputer Center | Merit Univ of Michigan, Ann Arbor | Cornell Theory Center, Ithaca NY | Jon Von Neumann Center, Princeton, NJ | SURANET, Georgia Tech, Atlanta","Pittsburgh Supercomputer Center->Merit Univ of Michigan, Ann Arbor | Merit Univ of Michigan, Ann Arbor->Cornell Theory Center, Ithaca NY | Cornell Theory Center, Ithaca NY->Jon Von Neumann Center, Princeton, NJ | Jon Von Neumann Center, Princeton, NJ->SURANET, Georgia Tech, Atlanta",1
24,nsfnet,7,1.2,transformer,critical_failure_fixed,"NCSA, University of Illinois, Champaign -> Merit Univ of Michigan, Ann Arbor & Merit Univ of Michigan, Ann Arbor -> NCSA, University of Illinois, Champaign",1,"MIDnet, Lincoln, NE","BARRnet, Palo Alto",1,6.7569866,"MIDnet, Lincoln, NE | NCSA, University of Illinois, Champaign | Merit Univ of Michigan, Ann Arbor | BARRnet, Palo Alto","MIDnet, Lincoln, NE->NCSA, University of Illinois, Champaign | NCSA, University of Illinois, Champaign->Merit Univ of Michigan, Ann Arbor | Merit Univ of Michigan, Ann Arbor->BARRnet, Palo Alto",1
24,nsfnet,7,1.2,transformer,critical_failure_fixed,"NCSA, University of Illinois, Champaign -> Merit Univ of Michigan, Ann Arbor & Merit Univ of Michigan, Ann Arbor -> NCSA, University of Illinois, Champaign",2,"MIDnet, Lincoln, NE","Cornell Theory Center, Ithaca NY",1,6.7205682,"MIDnet, Lincoln, NE | NCSA, University of Illinois, Champaign | Merit Univ of Michigan, Ann Arbor | Cornell Theory Center, Ithaca NY","MIDnet, Lincoln, NE->NCSA, University of Illinois, Champaign | NCSA, University of Illinois, Champaign->Merit Univ of Michigan, Ann Arbor | Merit Univ of Michigan, Ann Arbor->Cornell Theory Center, Ithaca NY",1
24,nsfnet,7,1.2,transformer,critical_failure_fixed,"NCSA, University of Illinois, Champaign -> Merit Univ of Michigan, Ann Arbor & Merit Univ of Michigan, Ann Arbor -> NCSA, University of Illinois, Champaign",3,"NCSA, University of Illinois, Champaign","Merit Univ of Michigan, Ann Arbor",1,6.6342921,"NCSA, University of Illinois, Champaign | Merit Univ of Michigan, Ann Arbor","NCSA, University of Illinois, Champaign->Merit Univ of Michigan, Ann Arbor",1
24,nsfnet,7,1.2,transformer,critical_failure_fixed,"NCSA, University of Illinois, Champaign -> Merit Univ of Michigan, Ann Arbor & Merit Univ of Michigan, Ann Arbor -> NCSA, University of Illinois, Champaign",4,"NCSA, University of Illinois, Champaign","BARRnet, Palo Alto",1,6.4433866,"NCSA, University of Illinois, Champaign | Merit Univ of Michigan, Ann Arbor | BARRnet, Palo Alto","NCSA, University of Illinois, Champaign->Merit Univ of Michigan, Ann Arbor | Merit Univ of Michigan, Ann Arbor->BARRnet, Palo Alto",1
24,nsfnet,7,1.2,transformer,critical_failure_fixed,"NCSA, University of Illinois, Champaign -> Merit Univ of Michigan, Ann Arbor & Merit Univ of Michigan, Ann Arbor -> NCSA, University of Illinois, Champaign",5,Pittsburgh Supercomputer Center,"MIDnet, Lincoln, NE",1,6.3125615,"Pittsburgh Supercomputer Center | Merit Univ of Michigan, Ann Arbor | NCSA, University of Illinois, Champaign | MIDnet, Lincoln, NE","Pittsburgh Supercomputer Center->Merit Univ of Michigan, Ann Arbor | Merit Univ of Michigan, Ann Arbor->NCSA, University of Illinois, Champaign | NCSA, University of Illinois, Champaign->MIDnet, Lincoln, NE",1
24,nsfnet,7,1.2,transformer,random_failure_fixed,"Pittsburgh Supercomputer Center -> Merit Univ of Michigan, Ann Arbor & Merit Univ of Michigan, Ann Arbor -> Pittsburgh Supercomputer Center",1,"Jon Von Neumann Center, Princeton, NJ",Pittsburgh Supercomputer Center,1,6.8600945,"Jon Von Neumann Center, Princeton, NJ | Cornell Theory Center, Ithaca NY | Merit Univ of Michigan, Ann Arbor | Pittsburgh Supercomputer Center","Jon Von Neumann Center, Princeton, NJ->Cornell Theory Center, Ithaca NY | Cornell Theory Center, Ithaca NY->Merit Univ of Michigan, Ann Arbor | Merit Univ of Michigan, Ann Arbor->Pittsburgh Supercomputer Center",1
24,nsfnet,7,1.2,transformer,random_failure_fixed,"Pittsburgh Supercomputer Center -> Merit Univ of Michigan, Ann Arbor & Merit Univ of Michigan, Ann Arbor -> Pittsburgh Supercomputer Center",2,"NorthWestNet, Seattle",Pittsburgh Supercomputer Center,1,6.7334046,"NorthWestNet, Seattle | BARRnet, Palo Alto | Merit Univ of Michigan, Ann Arbor | Pittsburgh Supercomputer Center","NorthWestNet, Seattle->BARRnet, Palo Alto | BARRnet, Palo Alto->Merit Univ of Michigan, Ann Arbor | Merit Univ of Michigan, Ann Arbor->Pittsburgh Supercomputer Center",1
24,nsfnet,7,1.2,transformer,random_failure_fixed,"Pittsburgh Supercomputer Center -> Merit Univ of Michigan, Ann Arbor & Merit Univ of Michigan, Ann Arbor -> Pittsburgh Supercomputer Center",3,"BARRnet, Palo Alto",Pittsburgh Supercomputer Center,1,6.4999814,"BARRnet, Palo Alto | Merit Univ of Michigan, Ann Arbor | Pittsburgh Supercomputer Center","BARRnet, Palo Alto->Merit Univ of Michigan, Ann Arbor | Merit Univ of Michigan, Ann Arbor->Pittsburgh Supercomputer Center",1
24,nsfnet,7,1.2,transformer,random_failure_fixed,"Pittsburgh Supercomputer Center -> Merit Univ of Michigan, Ann Arbor & Merit Univ of Michigan, Ann Arbor -> Pittsburgh Supercomputer Center",4,Pittsburgh Supercomputer Center,"MIDnet, Lincoln, NE",1,6.3125615,"Pittsburgh Supercomputer Center | Merit Univ of Michigan, Ann Arbor | NCSA, University of Illinois, Champaign | MIDnet, Lincoln, NE","Pittsburgh Supercomputer Center->Merit Univ of Michigan, Ann Arbor | Merit Univ of Michigan, Ann Arbor->NCSA, University of Illinois, Champaign | NCSA, University of Illinois, Champaign->MIDnet, Lincoln, NE",1
24,nsfnet,7,1.2,transformer,random_failure_fixed,"Pittsburgh Supercomputer Center -> Merit Univ of Michigan, Ann Arbor & Merit Univ of Michigan, Ann Arbor -> Pittsburgh Supercomputer Center",5,Pittsburgh Supercomputer Center,"SURANET, Georgia Tech, Atlanta",1,6.2632327,"Pittsburgh Supercomputer Center | Merit Univ of Michigan, Ann Arbor | Cornell Theory Center, Ithaca NY | Jon Von Neumann Center, Princeton, NJ | SURANET, Georgia Tech, Atlanta","Pittsburgh Supercomputer Center->Merit Univ of Michigan, Ann Arbor | Merit Univ of Michigan, Ann Arbor->Cornell Theory Center, Ithaca NY | Cornell Theory Center, Ithaca NY->Jon Von Neumann Center, Princeton, NJ | Jon Von Neumann Center, Princeton, NJ->SURANET, Georgia Tech, Atlanta",1
25,nsfnet,7,1.2,current_demand_lp,critical_failure_fixed,"NCSA, University of Illinois, Champaign -> Merit Univ of Michigan, Ann Arbor & Merit Univ of Michigan, Ann Arbor -> NCSA, University of Illinois, Champaign",1,"MIDnet, Lincoln, NE","BARRnet, Palo Alto",1,8.7754893,"MIDnet, Lincoln, NE | NCSA, University of Illinois, Champaign | Merit Univ of Michigan, Ann Arbor | BARRnet, Palo Alto","MIDnet, Lincoln, NE->NCSA, University of Illinois, Champaign | NCSA, University of Illinois, Champaign->Merit Univ of Michigan, Ann Arbor | Merit Univ of Michigan, Ann Arbor->BARRnet, Palo Alto",1
25,nsfnet,7,1.2,current_demand_lp,critical_failure_fixed,"NCSA, University of Illinois, Champaign -> Merit Univ of Michigan, Ann Arbor & Merit Univ of Michigan, Ann Arbor -> NCSA, University of Illinois, Champaign",2,"NCSA, University of Illinois, Champaign","BARRnet, Palo Alto",1,8.6503923,"NCSA, University of Illinois, Champaign | Merit Univ of Michigan, Ann Arbor | BARRnet, Palo Alto","NCSA, University of Illinois, Champaign->Merit Univ of Michigan, Ann Arbor | Merit Univ of Michigan, Ann Arbor->BARRnet, Palo Alto",1
25,nsfnet,7,1.2,current_demand_lp,critical_failure_fixed,"NCSA, University of Illinois, Champaign -> Merit Univ of Michigan, Ann Arbor & Merit Univ of Michigan, Ann Arbor -> NCSA, University of Illinois, Champaign",3,"NCSA, University of Illinois, Champaign","Merit Univ of Michigan, Ann Arbor",1,8.632183,"NCSA, University of Illinois, Champaign | Merit Univ of Michigan, Ann Arbor","NCSA, University of Illinois, Champaign->Merit Univ of Michigan, Ann Arbor",1
25,nsfnet,7,1.2,current_demand_lp,critical_failure_fixed,"NCSA, University of Illinois, Champaign -> Merit Univ of Michigan, Ann Arbor & Merit Univ of Michigan, Ann Arbor -> NCSA, University of Illinois, Champaign",4,"MIDnet, Lincoln, NE","Cornell Theory Center, Ithaca NY",1,8.3633532,"MIDnet, Lincoln, NE | NCSA, University of Illinois, Champaign | Merit Univ of Michigan, Ann Arbor | Cornell Theory Center, Ithaca NY","MIDnet, Lincoln, NE->NCSA, University of Illinois, Champaign | NCSA, University of Illinois, Champaign->Merit Univ of Michigan, Ann Arbor | Merit Univ of Michigan, Ann Arbor->Cornell Theory Center, Ithaca NY",1
25,nsfnet,7,1.2,current_demand_lp,critical_failure_fixed,"NCSA, University of Illinois, Champaign -> Merit Univ of Michigan, Ann Arbor & Merit Univ of Michigan, Ann Arbor -> NCSA, University of Illinois, Champaign",5,"SURANET, Georgia Tech, Atlanta","Merit Univ of Michigan, Ann Arbor",1,7.8986787,"SURANET, Georgia Tech, Atlanta | SEQSUINET, Rice University, Houston | NCSA, University of Illinois, Champaign | Merit Univ of Michigan, Ann Arbor","SURANET, Georgia Tech, Atlanta->SEQSUINET, Rice University, Houston | SEQSUINET, Rice University, Houston->NCSA, University of Illinois, Champaign | NCSA, University of Illinois, Champaign->Merit Univ of Michigan, Ann Arbor",1
25,nsfnet,7,1.2,current_demand_lp,random_failure_fixed,"NorthWestNet, Seattle -> NCAR, Boulder & NCAR, Boulder -> NorthWestNet, Seattle",1,San Diego Supercomputer Center,"NCAR, Boulder",1,8.4793356,"San Diego Supercomputer Center | BARRnet, Palo Alto | NorthWestNet, Seattle | NCAR, Boulder","San Diego Supercomputer Center->BARRnet, Palo Alto | BARRnet, Palo Alto->NorthWestNet, Seattle | NorthWestNet, Seattle->NCAR, Boulder",1
25,nsfnet,7,1.2,current_demand_lp,random_failure_fixed,"NorthWestNet, Seattle -> NCAR, Boulder & NCAR, Boulder -> NorthWestNet, Seattle",2,"NCAR, Boulder","NorthWestNet, Seattle",1,8.0748415,"NCAR, Boulder | NorthWestNet, Seattle","NCAR, Boulder->NorthWestNet, Seattle",1
25,nsfnet,7,1.2,current_demand_lp,random_failure_fixed,"NorthWestNet, Seattle -> NCAR, Boulder & NCAR, Boulder -> NorthWestNet, Seattle",3,"NorthWestNet, Seattle","MIDnet, Lincoln, NE",1,8.0611206,"NorthWestNet, Seattle | NCAR, Boulder | NCSA, University of Illinois, Champaign | MIDnet, Lincoln, NE","NorthWestNet, Seattle->NCAR, Boulder | NCAR, Boulder->NCSA, University of Illinois, Champaign | NCSA, University of Illinois, Champaign->MIDnet, Lincoln, NE",1
25,nsfnet,7,1.2,current_demand_lp,random_failure_fixed,"NorthWestNet, Seattle -> NCAR, Boulder & NCAR, Boulder -> NorthWestNet, Seattle",4,"NorthWestNet, Seattle","NCSA, University of Illinois, Champaign",1,7.9920316,"NorthWestNet, Seattle | NCAR, Boulder | NCSA, University of Illinois, Champaign","NorthWestNet, Seattle->NCAR, Boulder | NCAR, Boulder->NCSA, University of Illinois, Champaign",1
25,nsfnet,7,1.2,current_demand_lp,random_failure_fixed,"NorthWestNet, Seattle -> NCAR, Boulder & NCAR, Boulder -> NorthWestNet, Seattle",5,"Westnet, Salt Lake City",San Diego Supercomputer Center,1,7.9101829,"Westnet, Salt Lake City | NCAR, Boulder | NorthWestNet, Seattle | BARRnet, Palo Alto | San Diego Supercomputer Center","Westnet, Salt Lake City->NCAR, Boulder | NCAR, Boulder->NorthWestNet, Seattle | NorthWestNet, Seattle->BARRnet, Palo Alto | BARRnet, Palo Alto->San Diego Supercomputer Center",1
25,nsfnet,7,1.2,robust_current_demand_lp,critical_failure_fixed,"NCSA, University of Illinois, Champaign -> Merit Univ of Michigan, Ann Arbor & Merit Univ of Michigan, Ann Arbor -> NCSA, University of Illinois, Champaign",1,"NCSA, University of Illinois, Champaign","BARRnet, Palo Alto",1,8.6503923,"NCSA, University of Illinois, Champaign | Merit Univ of Michigan, Ann Arbor | BARRnet, Palo Alto","NCSA, University of Illinois, Champaign->Merit Univ of Michigan, Ann Arbor | Merit Univ of Michigan, Ann Arbor->BARRnet, Palo Alto",1
25,nsfnet,7,1.2,robust_current_demand_lp,critical_failure_fixed,"NCSA, University of Illinois, Champaign -> Merit Univ of Michigan, Ann Arbor & Merit Univ of Michigan, Ann Arbor -> NCSA, University of Illinois, Champaign",2,"NCSA, University of Illinois, Champaign","Merit Univ of Michigan, Ann Arbor",1,8.632183,"NCSA, University of Illinois, Champaign | Merit Univ of Michigan, Ann Arbor","NCSA, University of Illinois, Champaign->Merit Univ of Michigan, Ann Arbor",1
25,nsfnet,7,1.2,robust_current_demand_lp,critical_failure_fixed,"NCSA, University of Illinois, Champaign -> Merit Univ of Michigan, Ann Arbor & Merit Univ of Michigan, Ann Arbor -> NCSA, University of Illinois, Champaign",3,"MIDnet, Lincoln, NE","Cornell Theory Center, Ithaca NY",1,8.3633532,"MIDnet, Lincoln, NE | NCSA, University of Illinois, Champaign | Merit Univ of Michigan, Ann Arbor | Cornell Theory Center, Ithaca NY","MIDnet, Lincoln, NE->NCSA, University of Illinois, Champaign | NCSA, University of Illinois, Champaign->Merit Univ of Michigan, Ann Arbor | Merit Univ of Michigan, Ann Arbor->Cornell Theory Center, Ithaca NY",1
25,nsfnet,7,1.2,robust_current_demand_lp,critical_failure_fixed,"NCSA, University of Illinois, Champaign -> Merit Univ of Michigan, Ann Arbor & Merit Univ of Michigan, Ann Arbor -> NCSA, University of Illinois, Champaign",4,"MIDnet, Lincoln, NE","BARRnet, Palo Alto",1,7.9520218,"MIDnet, Lincoln, NE | NCSA, University of Illinois, Champaign | Merit Univ of Michigan, Ann Arbor | BARRnet, Palo Alto","MIDnet, Lincoln, NE->NCSA, University of Illinois, Champaign | NCSA, University of Illinois, Champaign->Merit Univ of Michigan, Ann Arbor | Merit Univ of Michigan, Ann Arbor->BARRnet, Palo Alto",1
25,nsfnet,7,1.2,robust_current_demand_lp,critical_failure_fixed,"NCSA, University of Illinois, Champaign -> Merit Univ of Michigan, Ann Arbor & Merit Univ of Michigan, Ann Arbor -> NCSA, University of Illinois, Champaign",4,"MIDnet, Lincoln, NE","BARRnet, Palo Alto",2,0.8234675,"MIDnet, Lincoln, NE | NCSA, University of Illinois, Champaign | SEQSUINET, Rice University, Houston | San Diego Supercomputer Center | BARRnet, Palo Alto","MIDnet, Lincoln, NE->NCSA, University of Illinois, Champaign | NCSA, University of Illinois, Champaign->SEQSUINET, Rice University, Houston | SEQSUINET, Rice University, Houston->San Diego Supercomputer Center | San Diego Supercomputer Center->BARRnet, Palo Alto",0
25,nsfnet,7,1.2,robust_current_demand_lp,critical_failure_fixed,"NCSA, University of Illinois, Champaign -> Merit Univ of Michigan, Ann Arbor & Merit Univ of Michigan, Ann Arbor -> NCSA, University of Illinois, Champaign",5,"Westnet, Salt Lake City","Merit Univ of Michigan, Ann Arbor",1,7.7688885,"Westnet, Salt Lake City | NCAR, Boulder | NCSA, University of Illinois, Champaign | Merit Univ of Michigan, Ann Arbor","Westnet, Salt Lake City->NCAR, Boulder | NCAR, Boulder->NCSA, University of Illinois, Champaign | NCSA, University of Illinois, Champaign->Merit Univ of Michigan, Ann Arbor",1
25,nsfnet,7,1.2,robust_current_demand_lp,random_failure_fixed,"NorthWestNet, Seattle -> NCAR, Boulder & NCAR, Boulder -> NorthWestNet, Seattle",1,San Diego Supercomputer Center,"NCAR, Boulder",1,8.4793356,"San Diego Supercomputer Center | BARRnet, Palo Alto | NorthWestNet, Seattle | NCAR, Boulder","San Diego Supercomputer Center->BARRnet, Palo Alto | BARRnet, Palo Alto->NorthWestNet, Seattle | NorthWestNet, Seattle->NCAR, Boulder",1
25,nsfnet,7,1.2,robust_current_demand_lp,random_failure_fixed,"NorthWestNet, Seattle -> NCAR, Boulder & NCAR, Boulder -> NorthWestNet, Seattle",2,"NCAR, Boulder","NorthWestNet, Seattle",1,8.0748415,"NCAR, Boulder | NorthWestNet, Seattle","NCAR, Boulder->NorthWestNet, Seattle",1
25,nsfnet,7,1.2,robust_current_demand_lp,random_failure_fixed,"NorthWestNet, Seattle -> NCAR, Boulder & NCAR, Boulder -> NorthWestNet, Seattle",3,"NorthWestNet, Seattle","MIDnet, Lincoln, NE",1,8.0611206,"NorthWestNet, Seattle | NCAR, Boulder | NCSA, University of Illinois, Champaign | MIDnet, Lincoln, NE","NorthWestNet, Seattle->NCAR, Boulder | NCAR, Boulder->NCSA, University of Illinois, Champaign | NCSA, University of Illinois, Champaign->MIDnet, Lincoln, NE",1
25,nsfnet,7,1.2,robust_current_demand_lp,random_failure_fixed,"NorthWestNet, Seattle -> NCAR, Boulder & NCAR, Boulder -> NorthWestNet, Seattle",4,"NorthWestNet, Seattle","NCSA, University of Illinois, Champaign",1,7.9920316,"NorthWestNet, Seattle | NCAR, Boulder | NCSA, University of Illinois, Champaign","NorthWestNet, Seattle->NCAR, Boulder | NCAR, Boulder->NCSA, University of Illinois, Champaign",1
25,nsfnet,7,1.2,robust_current_demand_lp,random_failure_fixed,"NorthWestNet, Seattle -> NCAR, Boulder & NCAR, Boulder -> NorthWestNet, Seattle",5,"Westnet, Salt Lake City",San Diego Supercomputer Center,1,7.9101829,"Westnet, Salt Lake City | NCAR, Boulder | NorthWestNet, Seattle | BARRnet, Palo Alto | San Diego Supercomputer Center","Westnet, Salt Lake City->NCAR, Boulder | NCAR, Boulder->NorthWestNet, Seattle | NorthWestNet, Seattle->BARRnet, Palo Alto | BARRnet, Palo Alto->San Diego Supercomputer Center",1
25,nsfnet,7,1.2,moving_average,critical_failure_fixed,"NCSA, University of Illinois, Champaign -> Merit Univ of Michigan, Ann Arbor & Merit Univ of Michigan, Ann Arbor -> NCSA, University of Illinois, Champaign",1,"MIDnet, Lincoln, NE","BARRnet, Palo Alto",1,6.7000167,"MIDnet, Lincoln, NE | NCSA, University of Illinois, Champaign | Merit Univ of Michigan, Ann Arbor | BARRnet, Palo Alto","MIDnet, Lincoln, NE->NCSA, University of Illinois, Champaign | NCSA, University of Illinois, Champaign->Merit Univ of Michigan, Ann Arbor | Merit Univ of Michigan, Ann Arbor->BARRnet, Palo Alto",1
25,nsfnet,7,1.2,moving_average,critical_failure_fixed,"NCSA, University of Illinois, Champaign -> Merit Univ of Michigan, Ann Arbor & Merit Univ of Michigan, Ann Arbor -> NCSA, University of Illinois, Champaign",2,"NCSA, University of Illinois, Champaign","Merit Univ of Michigan, Ann Arbor",1,6.5753907,"NCSA, University of Illinois, Champaign | Merit Univ of Michigan, Ann Arbor","NCSA, University of Illinois, Champaign->Merit Univ of Michigan, Ann Arbor",1
25,nsfnet,7,1.2,moving_average,critical_failure_fixed,"NCSA, University of Illinois, Champaign -> Merit Univ of Michigan, Ann Arbor & Merit Univ of Michigan, Ann Arbor -> NCSA, University of Illinois, Champaign",3,"MIDnet, Lincoln, NE","Cornell Theory Center, Ithaca NY",1,6.5089041,"MIDnet, Lincoln, NE | NCSA, University of Illinois, Champaign | Merit Univ of Michigan, Ann Arbor | Cornell Theory Center, Ithaca NY","MIDnet, Lincoln, NE->NCSA, University of Illinois, Champaign | NCSA, University of Illinois, Champaign->Merit Univ of Michigan, Ann Arbor | Merit Univ of Michigan, Ann Arbor->Cornell Theory Center, Ithaca NY",1
25,nsfnet,7,1.2,moving_average,critical_failure_fixed,"NCSA, University of Illinois, Champaign -> Merit Univ of Michigan, Ann Arbor & Merit Univ of Michigan, Ann Arbor -> NCSA, University of Illinois, Champaign",4,"NCSA, University of Illinois, Champaign","BARRnet, Palo Alto",1,6.4099354,"NCSA, University of Illinois, Champaign | Merit Univ of Michigan, Ann Arbor | BARRnet, Palo Alto","NCSA, University of Illinois, Champaign->Merit Univ of Michigan, Ann Arbor | Merit Univ of Michigan, Ann Arbor->BARRnet, Palo Alto",1
25,nsfnet,7,1.2,moving_average,critical_failure_fixed,"NCSA, University of Illinois, Champaign -> Merit Univ of Michigan, Ann Arbor & Merit Univ of Michigan, Ann Arbor -> NCSA, University of Illinois, Champaign",5,"SURANET, Georgia Tech, Atlanta","Merit Univ of Michigan, Ann Arbor",1,6.2095387,"SURANET, Georgia Tech, Atlanta | SEQSUINET, Rice University, Houston | NCSA, University of Illinois, Champaign | Merit Univ of Michigan, Ann Arbor","SURANET, Georgia Tech, Atlanta->SEQSUINET, Rice University, Houston | SEQSUINET, Rice University, Houston->NCSA, University of Illinois, Champaign | NCSA, University of Illinois, Champaign->Merit Univ of Michigan, Ann Arbor",1
25,nsfnet,7,1.2,moving_average,random_failure_fixed,"NorthWestNet, Seattle -> NCAR, Boulder & NCAR, Boulder -> NorthWestNet, Seattle",1,San Diego Supercomputer Center,"NCAR, Boulder",1,6.718032,"San Diego Supercomputer Center | BARRnet, Palo Alto | NorthWestNet, Seattle | NCAR, Boulder","San Diego Supercomputer Center->BARRnet, Palo Alto | BARRnet, Palo Alto->NorthWestNet, Seattle | NorthWestNet, Seattle->NCAR, Boulder",1
25,nsfnet,7,1.2,moving_average,random_failure_fixed,"NorthWestNet, Seattle -> NCAR, Boulder & NCAR, Boulder -> NorthWestNet, Seattle",2,"Westnet, Salt Lake City",San Diego Supercomputer Center,1,6.3274078,"Westnet, Salt Lake City | NCAR, Boulder | NorthWestNet, Seattle | BARRnet, Palo Alto | San Diego Supercomputer Center","Westnet, Salt Lake City->NCAR, Boulder | NCAR, Boulder->NorthWestNet, Seattle | NorthWestNet, Seattle->BARRnet, Palo Alto | BARRnet, Palo Alto->San Diego Supercomputer Center",1
25,nsfnet,7,1.2,moving_average,random_failure_fixed,"NorthWestNet, Seattle -> NCAR, Boulder & NCAR, Boulder -> NorthWestNet, Seattle",3,"NorthWestNet, Seattle","NCSA, University of Illinois, Champaign",1,6.2814247,"NorthWestNet, Seattle | NCAR, Boulder | NCSA, University of Illinois, Champaign","NorthWestNet, Seattle->NCAR, Boulder | NCAR, Boulder->NCSA, University of Illinois, Champaign",1
25,nsfnet,7,1.2,moving_average,random_failure_fixed,"NorthWestNet, Seattle -> NCAR, Boulder & NCAR, Boulder -> NorthWestNet, Seattle",4,"NorthWestNet, Seattle","MIDnet, Lincoln, NE",1,6.0524012,"NorthWestNet, Seattle | NCAR, Boulder | NCSA, University of Illinois, Champaign | MIDnet, Lincoln, NE","NorthWestNet, Seattle->NCAR, Boulder | NCAR, Boulder->NCSA, University of Illinois, Champaign | NCSA, University of Illinois, Champaign->MIDnet, Lincoln, NE",1
25,nsfnet,7,1.2,moving_average,random_failure_fixed,"NorthWestNet, Seattle -> NCAR, Boulder & NCAR, Boulder -> NorthWestNet, Seattle",5,"NCAR, Boulder","NorthWestNet, Seattle",1,5.7377935,"NCAR, Boulder | NorthWestNet, Seattle","NCAR, Boulder->NorthWestNet, Seattle",1
25,nsfnet,7,1.2,linear_autoregressive,critical_failure_fixed,"NCSA, University of Illinois, Champaign -> Merit Univ of Michigan, Ann Arbor & Merit Univ of Michigan, Ann Arbor -> NCSA, University of Illinois, Champaign",1,"NCSA, University of Illinois, Champaign","Merit Univ of Michigan, Ann Arbor",1,8.4875036,"NCSA, University of Illinois, Champaign | Merit Univ of Michigan, Ann Arbor","NCSA, University of Illinois, Champaign->Merit Univ of Michigan, Ann Arbor",1
25,nsfnet,7,1.2,linear_autoregressive,critical_failure_fixed,"NCSA, University of Illinois, Champaign -> Merit Univ of Michigan, Ann Arbor & Merit Univ of Michigan, Ann Arbor -> NCSA, University of Illinois, Champaign",2,"MIDnet, Lincoln, NE","BARRnet, Palo Alto",1,8.3594358,"MIDnet, Lincoln, NE | NCSA, University of Illinois, Champaign | Merit Univ of Michigan, Ann Arbor | BARRnet, Palo Alto","MIDnet, Lincoln, NE->NCSA, University of Illinois, Champaign | NCSA, University of Illinois, Champaign->Merit Univ of Michigan, Ann Arbor | Merit Univ of Michigan, Ann Arbor->BARRnet, Palo Alto",1
25,nsfnet,7,1.2,linear_autoregressive,critical_failure_fixed,"NCSA, University of Illinois, Champaign -> Merit Univ of Michigan, Ann Arbor & Merit Univ of Michigan, Ann Arbor -> NCSA, University of Illinois, Champaign",3,"MIDnet, Lincoln, NE","Cornell Theory Center, Ithaca NY",1,8.1547977,"MIDnet, Lincoln, NE | NCSA, University of Illinois, Champaign | Merit Univ of Michigan, Ann Arbor | Cornell Theory Center, Ithaca NY","MIDnet, Lincoln, NE->NCSA, University of Illinois, Champaign | NCSA, University of Illinois, Champaign->Merit Univ of Michigan, Ann Arbor | Merit Univ of Michigan, Ann Arbor->Cornell Theory Center, Ithaca NY",1
25,nsfnet,7,1.2,linear_autoregressive,critical_failure_fixed,"NCSA, University of Illinois, Champaign -> Merit Univ of Michigan, Ann Arbor & Merit Univ of Michigan, Ann Arbor -> NCSA, University of Illinois, Champaign",4,"NCSA, University of Illinois, Champaign","BARRnet, Palo Alto",1,8.1415593,"NCSA, University of Illinois, Champaign | Merit Univ of Michigan, Ann Arbor | BARRnet, Palo Alto","NCSA, University of Illinois, Champaign->Merit Univ of Michigan, Ann Arbor | Merit Univ of Michigan, Ann Arbor->BARRnet, Palo Alto",1
25,nsfnet,7,1.2,linear_autoregressive,critical_failure_fixed,"NCSA, University of Illinois, Champaign -> Merit Univ of Michigan, Ann Arbor & Merit Univ of Michigan, Ann Arbor -> NCSA, University of Illinois, Champaign",5,"Westnet, Salt Lake City","Merit Univ of Michigan, Ann Arbor",1,7.7190382,"Westnet, Salt Lake City | NCAR, Boulder | NCSA, University of Illinois, Champaign | Merit Univ of Michigan, Ann Arbor","Westnet, Salt Lake City->NCAR, Boulder | NCAR, Boulder->NCSA, University of Illinois, Champaign | NCSA, University of Illinois, Champaign->Merit Univ of Michigan, Ann Arbor",1
25,nsfnet,7,1.2,linear_autoregressive,random_failure_fixed,"NorthWestNet, Seattle -> NCAR, Boulder & NCAR, Boulder -> NorthWestNet, Seattle",1,San Diego Supercomputer Center,"NCAR, Boulder",1,8.3567186,"San Diego Supercomputer Center | BARRnet, Palo Alto | NorthWestNet, Seattle | NCAR, Boulder","San Diego Supercomputer Center->BARRnet, Palo Alto | BARRnet, Palo Alto->NorthWestNet, Seattle | NorthWestNet, Seattle->NCAR, Boulder",1
25,nsfnet,7,1.2,linear_autoregressive,random_failure_fixed,"NorthWestNet, Seattle -> NCAR, Boulder & NCAR, Boulder -> NorthWestNet, Seattle",2,"NorthWestNet, Seattle","NCSA, University of Illinois, Champaign",1,8.1817903,"NorthWestNet, Seattle | NCAR, Boulder | NCSA, University of Illinois, Champaign","NorthWestNet, Seattle->NCAR, Boulder | NCAR, Boulder->NCSA, University of Illinois, Champaign",1
25,nsfnet,7,1.2,linear_autoregressive,random_failure_fixed,"NorthWestNet, Seattle -> NCAR, Boulder & NCAR, Boulder -> NorthWestNet, Seattle",3,"Westnet, Salt Lake City",San Diego Supercomputer Center,1,7.8386891,"Westnet, Salt Lake City | NCAR, Boulder | NorthWestNet, Seattle | BARRnet, Palo Alto | San Diego Supercomputer Center","Westnet, Salt Lake City->NCAR, Boulder | NCAR, Boulder->NorthWestNet, Seattle | NorthWestNet, Seattle->BARRnet, Palo Alto | BARRnet, Palo Alto->San Diego Supercomputer Center",1
25,nsfnet,7,1.2,linear_autoregressive,random_failure_fixed,"NorthWestNet, Seattle -> NCAR, Boulder & NCAR, Boulder -> NorthWestNet, Seattle",4,"NorthWestNet, Seattle","MIDnet, Lincoln, NE",1,7.6643543,"NorthWestNet, Seattle | NCAR, Boulder | NCSA, University of Illinois, Champaign | MIDnet, Lincoln, NE","NorthWestNet, Seattle->NCAR, Boulder | NCAR, Boulder->NCSA, University of Illinois, Champaign | NCSA, University of Illinois, Champaign->MIDnet, Lincoln, NE",1
25,nsfnet,7,1.2,linear_autoregressive,random_failure_fixed,"NorthWestNet, Seattle -> NCAR, Boulder & NCAR, Boulder -> NorthWestNet, Seattle",5,"NCAR, Boulder","NorthWestNet, Seattle",1,7.4058953,"NCAR, Boulder | NorthWestNet, Seattle","NCAR, Boulder->NorthWestNet, Seattle",1
25,nsfnet,7,1.2,lstm,critical_failure_fixed,"NCSA, University of Illinois, Champaign -> Merit Univ of Michigan, Ann Arbor & Merit Univ of Michigan, Ann Arbor -> NCSA, University of Illinois, Champaign",1,"MIDnet, Lincoln, NE","BARRnet, Palo Alto",1,5.9942584,"MIDnet, Lincoln, NE | NCSA, University of Illinois, Champaign | Merit Univ of Michigan, Ann Arbor | BARRnet, Palo Alto","MIDnet, Lincoln, NE->NCSA, University of Illinois, Champaign | NCSA, University of Illinois, Champaign->Merit Univ of Michigan, Ann Arbor | Merit Univ of Michigan, Ann Arbor->BARRnet, Palo Alto",1
25,nsfnet,7,1.2,lstm,critical_failure_fixed,"NCSA, University of Illinois, Champaign -> Merit Univ of Michigan, Ann Arbor & Merit Univ of Michigan, Ann Arbor -> NCSA, University of Illinois, Champaign",2,"NCSA, University of Illinois, Champaign","Merit Univ of Michigan, Ann Arbor",1,5.9017167,"NCSA, University of Illinois, Champaign | Merit Univ of Michigan, Ann Arbor","NCSA, University of Illinois, Champaign->Merit Univ of Michigan, Ann Arbor",1
25,nsfnet,7,1.2,lstm,critical_failure_fixed,"NCSA, University of Illinois, Champaign -> Merit Univ of Michigan, Ann Arbor & Merit Univ of Michigan, Ann Arbor -> NCSA, University of Illinois, Champaign",3,"MIDnet, Lincoln, NE","Cornell Theory Center, Ithaca NY",1,5.8566198,"MIDnet, Lincoln, NE | NCSA, University of Illinois, Champaign | Merit Univ of Michigan, Ann Arbor | Cornell Theory Center, Ithaca NY","MIDnet, Lincoln, NE->NCSA, University of Illinois, Champaign | NCSA, University of Illinois, Champaign->Merit Univ of Michigan, Ann Arbor | Merit Univ of Michigan, Ann Arbor->Cornell Theory Center, Ithaca NY",1
25,nsfnet,7,1.2,lstm,critical_failure_fixed,"NCSA, University of Illinois, Champaign -> Merit Univ of Michigan, Ann Arbor & Merit Univ of Michigan, Ann Arbor -> NCSA, University of Illinois, Champaign",4,"NCSA, University of Illinois, Champaign","BARRnet, Palo Alto",1,5.8198299,"NCSA, University of Illinois, Champaign | Merit Univ of Michigan, Ann Arbor | BARRnet, Palo Alto","NCSA, University of Illinois, Champaign->Merit Univ of Michigan, Ann Arbor | Merit Univ of Michigan, Ann Arbor->BARRnet, Palo Alto",1
25,nsfnet,7,1.2,lstm,critical_failure_fixed,"NCSA, University of Illinois, Champaign -> Merit Univ of Michigan, Ann Arbor & Merit Univ of Michigan, Ann Arbor -> NCSA, University of Illinois, Champaign",5,Pittsburgh Supercomputer Center,"MIDnet, Lincoln, NE",1,5.6369033,"Pittsburgh Supercomputer Center | Merit Univ of Michigan, Ann Arbor | NCSA, University of Illinois, Champaign | MIDnet, Lincoln, NE","Pittsburgh Supercomputer Center->Merit Univ of Michigan, Ann Arbor | Merit Univ of Michigan, Ann Arbor->NCSA, University of Illinois, Champaign | NCSA, University of Illinois, Champaign->MIDnet, Lincoln, NE",1
25,nsfnet,7,1.2,lstm,random_failure_fixed,"NorthWestNet, Seattle -> NCAR, Boulder & NCAR, Boulder -> NorthWestNet, Seattle",1,San Diego Supercomputer Center,"NCAR, Boulder",1,5.9886618,"San Diego Supercomputer Center | BARRnet, Palo Alto | NorthWestNet, Seattle | NCAR, Boulder","San Diego Supercomputer Center->BARRnet, Palo Alto | BARRnet, Palo Alto->NorthWestNet, Seattle | NorthWestNet, Seattle->NCAR, Boulder",1
25,nsfnet,7,1.2,lstm,random_failure_fixed,"NorthWestNet, Seattle -> NCAR, Boulder & NCAR, Boulder -> NorthWestNet, Seattle",2,"NorthWestNet, Seattle","NCSA, University of Illinois, Champaign",1,5.8529725,"NorthWestNet, Seattle | NCAR, Boulder | NCSA, University of Illinois, Champaign","NorthWestNet, Seattle->NCAR, Boulder | NCAR, Boulder->NCSA, University of Illinois, Champaign",1
25,nsfnet,7,1.2,lstm,random_failure_fixed,"NorthWestNet, Seattle -> NCAR, Boulder & NCAR, Boulder -> NorthWestNet, Seattle",3,"Westnet, Salt Lake City",San Diego Supercomputer Center,1,5.6488161,"Westnet, Salt Lake City | NCAR, Boulder | NorthWestNet, Seattle | BARRnet, Palo Alto | San Diego Supercomputer Center","Westnet, Salt Lake City->NCAR, Boulder | NCAR, Boulder->NorthWestNet, Seattle | NorthWestNet, Seattle->BARRnet, Palo Alto | BARRnet, Palo Alto->San Diego Supercomputer Center",1
25,nsfnet,7,1.2,lstm,random_failure_fixed,"NorthWestNet, Seattle -> NCAR, Boulder & NCAR, Boulder -> NorthWestNet, Seattle",4,"NorthWestNet, Seattle","MIDnet, Lincoln, NE",1,5.5128355,"NorthWestNet, Seattle | NCAR, Boulder | NCSA, University of Illinois, Champaign | MIDnet, Lincoln, NE","NorthWestNet, Seattle->NCAR, Boulder | NCAR, Boulder->NCSA, University of Illinois, Champaign | NCSA, University of Illinois, Champaign->MIDnet, Lincoln, NE",1
25,nsfnet,7,1.2,lstm,random_failure_fixed,"NorthWestNet, Seattle -> NCAR, Boulder & NCAR, Boulder -> NorthWestNet, Seattle",5,"NCAR, Boulder","NorthWestNet, Seattle",1,5.2552986,"NCAR, Boulder | NorthWestNet, Seattle","NCAR, Boulder->NorthWestNet, Seattle",1
25,nsfnet,7,1.2,uncertainty_aware_lstm_robust_lp,critical_failure_fixed,"NCSA, University of Illinois, Champaign -> Merit Univ of Michigan, Ann Arbor & Merit Univ of Michigan, Ann Arbor -> NCSA, University of Illinois, Champaign",1,"NCSA, University of Illinois, Champaign","Merit Univ of Michigan, Ann Arbor",1,6.1837616,"NCSA, University of Illinois, Champaign | Merit Univ of Michigan, Ann Arbor","NCSA, University of Illinois, Champaign->Merit Univ of Michigan, Ann Arbor",1
25,nsfnet,7,1.2,uncertainty_aware_lstm_robust_lp,critical_failure_fixed,"NCSA, University of Illinois, Champaign -> Merit Univ of Michigan, Ann Arbor & Merit Univ of Michigan, Ann Arbor -> NCSA, University of Illinois, Champaign",2,"MIDnet, Lincoln, NE","Cornell Theory Center, Ithaca NY",1,6.142241,"MIDnet, Lincoln, NE | NCSA, University of Illinois, Champaign | Merit Univ of Michigan, Ann Arbor | Cornell Theory Center, Ithaca NY","MIDnet, Lincoln, NE->NCSA, University of Illinois, Champaign | NCSA, University of Illinois, Champaign->Merit Univ of Michigan, Ann Arbor | Merit Univ of Michigan, Ann Arbor->Cornell Theory Center, Ithaca NY",1
25,nsfnet,7,1.2,uncertainty_aware_lstm_robust_lp,critical_failure_fixed,"NCSA, University of Illinois, Champaign -> Merit Univ of Michigan, Ann Arbor & Merit Univ of Michigan, Ann Arbor -> NCSA, University of Illinois, Champaign",3,"NCSA, University of Illinois, Champaign","BARRnet, Palo Alto",1,6.089541,"NCSA, University of Illinois, Champaign | Merit Univ of Michigan, Ann Arbor | BARRnet, Palo Alto","NCSA, University of Illinois, Champaign->Merit Univ of Michigan, Ann Arbor | Merit Univ of Michigan, Ann Arbor->BARRnet, Palo Alto",1
25,nsfnet,7,1.2,uncertainty_aware_lstm_robust_lp,critical_failure_fixed,"NCSA, University of Illinois, Champaign -> Merit Univ of Michigan, Ann Arbor & Merit Univ of Michigan, Ann Arbor -> NCSA, University of Illinois, Champaign",4,Pittsburgh Supercomputer Center,"MIDnet, Lincoln, NE",1,5.8909855,"Pittsburgh Supercomputer Center | Merit Univ of Michigan, Ann Arbor | NCSA, University of Illinois, Champaign | MIDnet, Lincoln, NE","Pittsburgh Supercomputer Center->Merit Univ of Michigan, Ann Arbor | Merit Univ of Michigan, Ann Arbor->NCSA, University of Illinois, Champaign | NCSA, University of Illinois, Champaign->MIDnet, Lincoln, NE",1
25,nsfnet,7,1.2,uncertainty_aware_lstm_robust_lp,critical_failure_fixed,"NCSA, University of Illinois, Champaign -> Merit Univ of Michigan, Ann Arbor & Merit Univ of Michigan, Ann Arbor -> NCSA, University of Illinois, Champaign",5,"Westnet, Salt Lake City","Merit Univ of Michigan, Ann Arbor",1,5.7571735,"Westnet, Salt Lake City | NCAR, Boulder | NCSA, University of Illinois, Champaign | Merit Univ of Michigan, Ann Arbor","Westnet, Salt Lake City->NCAR, Boulder | NCAR, Boulder->NCSA, University of Illinois, Champaign | NCSA, University of Illinois, Champaign->Merit Univ of Michigan, Ann Arbor",1
25,nsfnet,7,1.2,uncertainty_aware_lstm_robust_lp,random_failure_fixed,"NorthWestNet, Seattle -> NCAR, Boulder & NCAR, Boulder -> NorthWestNet, Seattle",1,San Diego Supercomputer Center,"NCAR, Boulder",1,6.2715092,"San Diego Supercomputer Center | BARRnet, Palo Alto | NorthWestNet, Seattle | NCAR, Boulder","San Diego Supercomputer Center->BARRnet, Palo Alto | BARRnet, Palo Alto->NorthWestNet, Seattle | NorthWestNet, Seattle->NCAR, Boulder",1
25,nsfnet,7,1.2,uncertainty_aware_lstm_robust_lp,random_failure_fixed,"NorthWestNet, Seattle -> NCAR, Boulder & NCAR, Boulder -> NorthWestNet, Seattle",2,"NorthWestNet, Seattle","NCSA, University of Illinois, Champaign",1,6.1049862,"NorthWestNet, Seattle | NCAR, Boulder | NCSA, University of Illinois, Champaign","NorthWestNet, Seattle->NCAR, Boulder | NCAR, Boulder->NCSA, University of Illinois, Champaign",1
25,nsfnet,7,1.2,uncertainty_aware_lstm_robust_lp,random_failure_fixed,"NorthWestNet, Seattle -> NCAR, Boulder & NCAR, Boulder -> NorthWestNet, Seattle",3,"Westnet, Salt Lake City",San Diego Supercomputer Center,1,5.8896003,"Westnet, Salt Lake City | NCAR, Boulder | NorthWestNet, Seattle | BARRnet, Palo Alto | San Diego Supercomputer Center","Westnet, Salt Lake City->NCAR, Boulder | NCAR, Boulder->NorthWestNet, Seattle | NorthWestNet, Seattle->BARRnet, Palo Alto | BARRnet, Palo Alto->San Diego Supercomputer Center",1
25,nsfnet,7,1.2,uncertainty_aware_lstm_robust_lp,random_failure_fixed,"NorthWestNet, Seattle -> NCAR, Boulder & NCAR, Boulder -> NorthWestNet, Seattle",4,"NorthWestNet, Seattle","MIDnet, Lincoln, NE",1,5.7404594,"NorthWestNet, Seattle | NCAR, Boulder | NCSA, University of Illinois, Champaign | MIDnet, Lincoln, NE","NorthWestNet, Seattle->NCAR, Boulder | NCAR, Boulder->NCSA, University of Illinois, Champaign | NCSA, University of Illinois, Champaign->MIDnet, Lincoln, NE",1
25,nsfnet,7,1.2,uncertainty_aware_lstm_robust_lp,random_failure_fixed,"NorthWestNet, Seattle -> NCAR, Boulder & NCAR, Boulder -> NorthWestNet, Seattle",5,"NCAR, Boulder","NorthWestNet, Seattle",1,5.4926138,"NCAR, Boulder | NorthWestNet, Seattle","NCAR, Boulder->NorthWestNet, Seattle",1
25,nsfnet,7,1.2,transformer,critical_failure_fixed,"NCSA, University of Illinois, Champaign -> Merit Univ of Michigan, Ann Arbor & Merit Univ of Michigan, Ann Arbor -> NCSA, University of Illinois, Champaign",1,"MIDnet, Lincoln, NE","BARRnet, Palo Alto",1,7.0721827,"MIDnet, Lincoln, NE | NCSA, University of Illinois, Champaign | Merit Univ of Michigan, Ann Arbor | BARRnet, Palo Alto","MIDnet, Lincoln, NE->NCSA, University of Illinois, Champaign | NCSA, University of Illinois, Champaign->Merit Univ of Michigan, Ann Arbor | Merit Univ of Michigan, Ann Arbor->BARRnet, Palo Alto",1
25,nsfnet,7,1.2,transformer,critical_failure_fixed,"NCSA, University of Illinois, Champaign -> Merit Univ of Michigan, Ann Arbor & Merit Univ of Michigan, Ann Arbor -> NCSA, University of Illinois, Champaign",2,"MIDnet, Lincoln, NE","Cornell Theory Center, Ithaca NY",1,7.0320082,"MIDnet, Lincoln, NE | NCSA, University of Illinois, Champaign | Merit Univ of Michigan, Ann Arbor | Cornell Theory Center, Ithaca NY","MIDnet, Lincoln, NE->NCSA, University of Illinois, Champaign | NCSA, University of Illinois, Champaign->Merit Univ of Michigan, Ann Arbor | Merit Univ of Michigan, Ann Arbor->Cornell Theory Center, Ithaca NY",1
25,nsfnet,7,1.2,transformer,critical_failure_fixed,"NCSA, University of Illinois, Champaign -> Merit Univ of Michigan, Ann Arbor & Merit Univ of Michigan, Ann Arbor -> NCSA, University of Illinois, Champaign",3,"NCSA, University of Illinois, Champaign","Merit Univ of Michigan, Ann Arbor",1,7.0073104,"NCSA, University of Illinois, Champaign | Merit Univ of Michigan, Ann Arbor","NCSA, University of Illinois, Champaign->Merit Univ of Michigan, Ann Arbor",1
25,nsfnet,7,1.2,transformer,critical_failure_fixed,"NCSA, University of Illinois, Champaign -> Merit Univ of Michigan, Ann Arbor & Merit Univ of Michigan, Ann Arbor -> NCSA, University of Illinois, Champaign",4,"NCSA, University of Illinois, Champaign","BARRnet, Palo Alto",1,6.8126163,"NCSA, University of Illinois, Champaign | Merit Univ of Michigan, Ann Arbor | BARRnet, Palo Alto","NCSA, University of Illinois, Champaign->Merit Univ of Michigan, Ann Arbor | Merit Univ of Michigan, Ann Arbor->BARRnet, Palo Alto",1
25,nsfnet,7,1.2,transformer,critical_failure_fixed,"NCSA, University of Illinois, Champaign -> Merit Univ of Michigan, Ann Arbor & Merit Univ of Michigan, Ann Arbor -> NCSA, University of Illinois, Champaign",5,Pittsburgh Supercomputer Center,"MIDnet, Lincoln, NE",1,6.6463265,"Pittsburgh Supercomputer Center | Merit Univ of Michigan, Ann Arbor | NCSA, University of Illinois, Champaign | MIDnet, Lincoln, NE","Pittsburgh Supercomputer Center->Merit Univ of Michigan, Ann Arbor | Merit Univ of Michigan, Ann Arbor->NCSA, University of Illinois, Champaign | NCSA, University of Illinois, Champaign->MIDnet, Lincoln, NE",1
25,nsfnet,7,1.2,transformer,random_failure_fixed,"NorthWestNet, Seattle -> NCAR, Boulder & NCAR, Boulder -> NorthWestNet, Seattle",1,San Diego Supercomputer Center,"NCAR, Boulder",1,7.1573691,"San Diego Supercomputer Center | BARRnet, Palo Alto | NorthWestNet, Seattle | NCAR, Boulder","San Diego Supercomputer Center->BARRnet, Palo Alto | BARRnet, Palo Alto->NorthWestNet, Seattle | NorthWestNet, Seattle->NCAR, Boulder",1
25,nsfnet,7,1.2,transformer,random_failure_fixed,"NorthWestNet, Seattle -> NCAR, Boulder & NCAR, Boulder -> NorthWestNet, Seattle",2,"NorthWestNet, Seattle","NCSA, University of Illinois, Champaign",1,6.9844909,"NorthWestNet, Seattle | NCAR, Boulder | NCSA, University of Illinois, Champaign","NorthWestNet, Seattle->NCAR, Boulder | NCAR, Boulder->NCSA, University of Illinois, Champaign",1
25,nsfnet,7,1.2,transformer,random_failure_fixed,"NorthWestNet, Seattle -> NCAR, Boulder & NCAR, Boulder -> NorthWestNet, Seattle",3,"Westnet, Salt Lake City",San Diego Supercomputer Center,1,6.6293435,"Westnet, Salt Lake City | NCAR, Boulder | NorthWestNet, Seattle | BARRnet, Palo Alto | San Diego Supercomputer Center","Westnet, Salt Lake City->NCAR, Boulder | NCAR, Boulder->NorthWestNet, Seattle | NorthWestNet, Seattle->BARRnet, Palo Alto | BARRnet, Palo Alto->San Diego Supercomputer Center",1
25,nsfnet,7,1.2,transformer,random_failure_fixed,"NorthWestNet, Seattle -> NCAR, Boulder & NCAR, Boulder -> NorthWestNet, Seattle",4,"NorthWestNet, Seattle","MIDnet, Lincoln, NE",1,6.3818102,"NorthWestNet, Seattle | NCAR, Boulder | NCSA, University of Illinois, Champaign | MIDnet, Lincoln, NE","NorthWestNet, Seattle->NCAR, Boulder | NCAR, Boulder->NCSA, University of Illinois, Champaign | NCSA, University of Illinois, Champaign->MIDnet, Lincoln, NE",1
25,nsfnet,7,1.2,transformer,random_failure_fixed,"NorthWestNet, Seattle -> NCAR, Boulder & NCAR, Boulder -> NorthWestNet, Seattle",5,"NCAR, Boulder","NorthWestNet, Seattle",1,6.2672095,"NCAR, Boulder | NorthWestNet, Seattle","NCAR, Boulder->NorthWestNet, Seattle",1
26,nsfnet,7,1.2,current_demand_lp,critical_failure_fixed,"NCSA, University of Illinois, Champaign -> Merit Univ of Michigan, Ann Arbor & Merit Univ of Michigan, Ann Arbor -> NCSA, University of Illinois, Champaign",1,"NCSA, University of Illinois, Champaign","Merit Univ of Michigan, Ann Arbor",1,9.2402625,"NCSA, University of Illinois, Champaign | Merit Univ of Michigan, Ann Arbor","NCSA, University of Illinois, Champaign->Merit Univ of Michigan, Ann Arbor",1
26,nsfnet,7,1.2,current_demand_lp,critical_failure_fixed,"NCSA, University of Illinois, Champaign -> Merit Univ of Michigan, Ann Arbor & Merit Univ of Michigan, Ann Arbor -> NCSA, University of Illinois, Champaign",2,"MIDnet, Lincoln, NE","Cornell Theory Center, Ithaca NY",1,9.0802282,"MIDnet, Lincoln, NE | NCSA, University of Illinois, Champaign | Merit Univ of Michigan, Ann Arbor | Cornell Theory Center, Ithaca NY","MIDnet, Lincoln, NE->NCSA, University of Illinois, Champaign | NCSA, University of Illinois, Champaign->Merit Univ of Michigan, Ann Arbor | Merit Univ of Michigan, Ann Arbor->Cornell Theory Center, Ithaca NY",1
26,nsfnet,7,1.2,current_demand_lp,critical_failure_fixed,"NCSA, University of Illinois, Champaign -> Merit Univ of Michigan, Ann Arbor & Merit Univ of Michigan, Ann Arbor -> NCSA, University of Illinois, Champaign",3,"MIDnet, Lincoln, NE","BARRnet, Palo Alto",1,9.0379361,"MIDnet, Lincoln, NE | NCSA, University of Illinois, Champaign | Merit Univ of Michigan, Ann Arbor | BARRnet, Palo Alto","MIDnet, Lincoln, NE->NCSA, University of Illinois, Champaign | NCSA, University of Illinois, Champaign->Merit Univ of Michigan, Ann Arbor | Merit Univ of Michigan, Ann Arbor->BARRnet, Palo Alto",1
26,nsfnet,7,1.2,current_demand_lp,critical_failure_fixed,"NCSA, University of Illinois, Champaign -> Merit Univ of Michigan, Ann Arbor & Merit Univ of Michigan, Ann Arbor -> NCSA, University of Illinois, Champaign",4,"NCSA, University of Illinois, Champaign","BARRnet, Palo Alto",1,8.9066969,"NCSA, University of Illinois, Champaign | Merit Univ of Michigan, Ann Arbor | BARRnet, Palo Alto","NCSA, University of Illinois, Champaign->Merit Univ of Michigan, Ann Arbor | Merit Univ of Michigan, Ann Arbor->BARRnet, Palo Alto",1
26,nsfnet,7,1.2,current_demand_lp,critical_failure_fixed,"NCSA, University of Illinois, Champaign -> Merit Univ of Michigan, Ann Arbor & Merit Univ of Michigan, Ann Arbor -> NCSA, University of Illinois, Champaign",5,Pittsburgh Supercomputer Center,"MIDnet, Lincoln, NE",1,8.4968768,"Pittsburgh Supercomputer Center | Merit Univ of Michigan, Ann Arbor | NCSA, University of Illinois, Champaign | MIDnet, Lincoln, NE","Pittsburgh Supercomputer Center->Merit Univ of Michigan, Ann Arbor | Merit Univ of Michigan, Ann Arbor->NCSA, University of Illinois, Champaign | NCSA, University of Illinois, Champaign->MIDnet, Lincoln, NE",1
26,nsfnet,7,1.2,current_demand_lp,random_failure_fixed,"NCAR, Boulder -> NCSA, University of Illinois, Champaign & NCSA, University of Illinois, Champaign -> NCAR, Boulder",1,"NorthWestNet, Seattle","NCSA, University of Illinois, Champaign",1,8.9493971,"NorthWestNet, Seattle | NCAR, Boulder | NCSA, University of Illinois, Champaign","NorthWestNet, Seattle->NCAR, Boulder | NCAR, Boulder->NCSA, University of Illinois, Champaign",1
26,nsfnet,7,1.2,current_demand_lp,random_failure_fixed,"NCAR, Boulder -> NCSA, University of Illinois, Champaign & NCSA, University of Illinois, Champaign -> NCAR, Boulder",2,"SEQSUINET, Rice University, Houston","Westnet, Salt Lake City",1,8.7338207,"SEQSUINET, Rice University, Houston | NCSA, University of Illinois, Champaign | NCAR, Boulder | Westnet, Salt Lake City","SEQSUINET, Rice University, Houston->NCSA, University of Illinois, Champaign | NCSA, University of Illinois, Champaign->NCAR, Boulder | NCAR, Boulder->Westnet, Salt Lake City",1
26,nsfnet,7,1.2,current_demand_lp,random_failure_fixed,"NCAR, Boulder -> NCSA, University of Illinois, Champaign & NCSA, University of Illinois, Champaign -> NCAR, Boulder",3,"Westnet, Salt Lake City","SEQSUINET, Rice University, Houston",1,8.6437097,"Westnet, Salt Lake City | NCAR, Boulder | NCSA, University of Illinois, Champaign | SEQSUINET, Rice University, Houston","Westnet, Salt Lake City->NCAR, Boulder | NCAR, Boulder->NCSA, University of Illinois, Champaign | NCSA, University of Illinois, Champaign->SEQSUINET, Rice University, Houston",1
26,nsfnet,7,1.2,current_demand_lp,random_failure_fixed,"NCAR, Boulder -> NCSA, University of Illinois, Champaign & NCSA, University of Illinois, Champaign -> NCAR, Boulder",4,"MIDnet, Lincoln, NE","NCAR, Boulder",1,8.4076866,"MIDnet, Lincoln, NE | NCSA, University of Illinois, Champaign | NCAR, Boulder","MIDnet, Lincoln, NE->NCSA, University of Illinois, Champaign | NCSA, University of Illinois, Champaign->NCAR, Boulder",1
26,nsfnet,7,1.2,current_demand_lp,random_failure_fixed,"NCAR, Boulder -> NCSA, University of Illinois, Champaign & NCSA, University of Illinois, Champaign -> NCAR, Boulder",5,"NCSA, University of Illinois, Champaign","Westnet, Salt Lake City",1,8.4037563,"NCSA, University of Illinois, Champaign | NCAR, Boulder | Westnet, Salt Lake City","NCSA, University of Illinois, Champaign->NCAR, Boulder | NCAR, Boulder->Westnet, Salt Lake City",1
26,nsfnet,7,1.2,robust_current_demand_lp,critical_failure_fixed,"NCSA, University of Illinois, Champaign -> Merit Univ of Michigan, Ann Arbor & Merit Univ of Michigan, Ann Arbor -> NCSA, University of Illinois, Champaign",1,"NCSA, University of Illinois, Champaign","Merit Univ of Michigan, Ann Arbor",1,9.2402625,"NCSA, University of Illinois, Champaign | Merit Univ of Michigan, Ann Arbor","NCSA, University of Illinois, Champaign->Merit Univ of Michigan, Ann Arbor",1
26,nsfnet,7,1.2,robust_current_demand_lp,critical_failure_fixed,"NCSA, University of Illinois, Champaign -> Merit Univ of Michigan, Ann Arbor & Merit Univ of Michigan, Ann Arbor -> NCSA, University of Illinois, Champaign",2,"MIDnet, Lincoln, NE","Cornell Theory Center, Ithaca NY",1,9.0802282,"MIDnet, Lincoln, NE | NCSA, University of Illinois, Champaign | Merit Univ of Michigan, Ann Arbor | Cornell Theory Center, Ithaca NY","MIDnet, Lincoln, NE->NCSA, University of Illinois, Champaign | NCSA, University of Illinois, Champaign->Merit Univ of Michigan, Ann Arbor | Merit Univ of Michigan, Ann Arbor->Cornell Theory Center, Ithaca NY",1
26,nsfnet,7,1.2,robust_current_demand_lp,critical_failure_fixed,"NCSA, University of Illinois, Champaign -> Merit Univ of Michigan, Ann Arbor & Merit Univ of Michigan, Ann Arbor -> NCSA, University of Illinois, Champaign",3,"NCSA, University of Illinois, Champaign","BARRnet, Palo Alto",1,8.9066969,"NCSA, University of Illinois, Champaign | Merit Univ of Michigan, Ann Arbor | BARRnet, Palo Alto","NCSA, University of Illinois, Champaign->Merit Univ of Michigan, Ann Arbor | Merit Univ of Michigan, Ann Arbor->BARRnet, Palo Alto",1
26,nsfnet,7,1.2,robust_current_demand_lp,critical_failure_fixed,"NCSA, University of Illinois, Champaign -> Merit Univ of Michigan, Ann Arbor & Merit Univ of Michigan, Ann Arbor -> NCSA, University of Illinois, Champaign",4,Pittsburgh Supercomputer Center,"MIDnet, Lincoln, NE",1,8.4968768,"Pittsburgh Supercomputer Center | Merit Univ of Michigan, Ann Arbor | NCSA, University of Illinois, Champaign | MIDnet, Lincoln, NE","Pittsburgh Supercomputer Center->Merit Univ of Michigan, Ann Arbor | Merit Univ of Michigan, Ann Arbor->NCSA, University of Illinois, Champaign | NCSA, University of Illinois, Champaign->MIDnet, Lincoln, NE",1
26,nsfnet,7,1.2,robust_current_demand_lp,critical_failure_fixed,"NCSA, University of Illinois, Champaign -> Merit Univ of Michigan, Ann Arbor & Merit Univ of Michigan, Ann Arbor -> NCSA, University of Illinois, Champaign",5,"MIDnet, Lincoln, NE","BARRnet, Palo Alto",1,8.3680979,"MIDnet, Lincoln, NE | NCSA, University of Illinois, Champaign | Merit Univ of Michigan, Ann Arbor | BARRnet, Palo Alto","MIDnet, Lincoln, NE->NCSA, University of Illinois, Champaign | NCSA, University of Illinois, Champaign->Merit Univ of Michigan, Ann Arbor | Merit Univ of Michigan, Ann Arbor->BARRnet, Palo Alto",1
26,nsfnet,7,1.2,robust_current_demand_lp,critical_failure_fixed,"NCSA, University of Illinois, Champaign -> Merit Univ of Michigan, Ann Arbor & Merit Univ of Michigan, Ann Arbor -> NCSA, University of Illinois, Champaign",5,"MIDnet, Lincoln, NE","BARRnet, Palo Alto",2,0.6698381999999992,"MIDnet, Lincoln, NE | NCSA, University of Illinois, Champaign | SEQSUINET, Rice University, Houston | San Diego Supercomputer Center | BARRnet, Palo Alto","MIDnet, Lincoln, NE->NCSA, University of Illinois, Champaign | NCSA, University of Illinois, Champaign->SEQSUINET, Rice University, Houston | SEQSUINET, Rice University, Houston->San Diego Supercomputer Center | San Diego Supercomputer Center->BARRnet, Palo Alto",0
26,nsfnet,7,1.2,robust_current_demand_lp,random_failure_fixed,"NCAR, Boulder -> NCSA, University of Illinois, Champaign & NCSA, University of Illinois, Champaign -> NCAR, Boulder",1,"NorthWestNet, Seattle","NCSA, University of Illinois, Champaign",1,8.9493971,"NorthWestNet, Seattle | NCAR, Boulder | NCSA, University of Illinois, Champaign","NorthWestNet, Seattle->NCAR, Boulder | NCAR, Boulder->NCSA, University of Illinois, Champaign",1
26,nsfnet,7,1.2,robust_current_demand_lp,random_failure_fixed,"NCAR, Boulder -> NCSA, University of Illinois, Champaign & NCSA, University of Illinois, Champaign -> NCAR, Boulder",2,"SEQSUINET, Rice University, Houston","Westnet, Salt Lake City",1,8.7338207,"SEQSUINET, Rice University, Houston | NCSA, University of Illinois, Champaign | NCAR, Boulder | Westnet, Salt Lake City","SEQSUINET, Rice University, Houston->NCSA, University of Illinois, Champaign | NCSA, University of Illinois, Champaign->NCAR, Boulder | NCAR, Boulder->Westnet, Salt Lake City",1
26,nsfnet,7,1.2,robust_current_demand_lp,random_failure_fixed,"NCAR, Boulder -> NCSA, University of Illinois, Champaign & NCSA, University of Illinois, Champaign -> NCAR, Boulder",3,"Westnet, Salt Lake City","SEQSUINET, Rice University, Houston",1,8.6437097,"Westnet, Salt Lake City | NCAR, Boulder | NCSA, University of Illinois, Champaign | SEQSUINET, Rice University, Houston","Westnet, Salt Lake City->NCAR, Boulder | NCAR, Boulder->NCSA, University of Illinois, Champaign | NCSA, University of Illinois, Champaign->SEQSUINET, Rice University, Houston",1
26,nsfnet,7,1.2,robust_current_demand_lp,random_failure_fixed,"NCAR, Boulder -> NCSA, University of Illinois, Champaign & NCSA, University of Illinois, Champaign -> NCAR, Boulder",4,"MIDnet, Lincoln, NE","NCAR, Boulder",1,8.4076866,"MIDnet, Lincoln, NE | NCSA, University of Illinois, Champaign | NCAR, Boulder","MIDnet, Lincoln, NE->NCSA, University of Illinois, Champaign | NCSA, University of Illinois, Champaign->NCAR, Boulder",1
26,nsfnet,7,1.2,robust_current_demand_lp,random_failure_fixed,"NCAR, Boulder -> NCSA, University of Illinois, Champaign & NCSA, University of Illinois, Champaign -> NCAR, Boulder",5,"NCSA, University of Illinois, Champaign","Westnet, Salt Lake City",1,8.4037563,"NCSA, University of Illinois, Champaign | NCAR, Boulder | Westnet, Salt Lake City","NCSA, University of Illinois, Champaign->NCAR, Boulder | NCAR, Boulder->Westnet, Salt Lake City",1
26,nsfnet,7,1.2,moving_average,critical_failure_fixed,"NCSA, University of Illinois, Champaign -> Merit Univ of Michigan, Ann Arbor & Merit Univ of Michigan, Ann Arbor -> NCSA, University of Illinois, Champaign",1,"MIDnet, Lincoln, NE","BARRnet, Palo Alto",1,6.9305888,"MIDnet, Lincoln, NE | NCSA, University of Illinois, Champaign | Merit Univ of Michigan, Ann Arbor | BARRnet, Palo Alto","MIDnet, Lincoln, NE->NCSA, University of Illinois, Champaign | NCSA, University of Illinois, Champaign->Merit Univ of Michigan, Ann Arbor | Merit Univ of Michigan, Ann Arbor->BARRnet, Palo Alto",1
26,nsfnet,7,1.2,moving_average,critical_failure_fixed,"NCSA, University of Illinois, Champaign -> Merit Univ of Michigan, Ann Arbor & Merit Univ of Michigan, Ann Arbor -> NCSA, University of Illinois, Champaign",2,"NCSA, University of Illinois, Champaign","Merit Univ of Michigan, Ann Arbor",1,6.8943686,"NCSA, University of Illinois, Champaign | Merit Univ of Michigan, Ann Arbor","NCSA, University of Illinois, Champaign->Merit Univ of Michigan, Ann Arbor",1
26,nsfnet,7,1.2,moving_average,critical_failure_fixed,"NCSA, University of Illinois, Champaign -> Merit Univ of Michigan, Ann Arbor & Merit Univ of Michigan, Ann Arbor -> NCSA, University of Illinois, Champaign",3,"MIDnet, Lincoln, NE","Cornell Theory Center, Ithaca NY",1,6.8247721,"MIDnet, Lincoln, NE | NCSA, University of Illinois, Champaign | Merit Univ of Michigan, Ann Arbor | Cornell Theory Center, Ithaca NY","MIDnet, Lincoln, NE->NCSA, University of Illinois, Champaign | NCSA, University of Illinois, Champaign->Merit Univ of Michigan, Ann Arbor | Merit Univ of Michigan, Ann Arbor->Cornell Theory Center, Ithaca NY",1
26,nsfnet,7,1.2,moving_average,critical_failure_fixed,"NCSA, University of Illinois, Champaign -> Merit Univ of Michigan, Ann Arbor & Merit Univ of Michigan, Ann Arbor -> NCSA, University of Illinois, Champaign",4,"NCSA, University of Illinois, Champaign","BARRnet, Palo Alto",1,6.6940682,"NCSA, University of Illinois, Champaign | Merit Univ of Michigan, Ann Arbor | BARRnet, Palo Alto","NCSA, University of Illinois, Champaign->Merit Univ of Michigan, Ann Arbor | Merit Univ of Michigan, Ann Arbor->BARRnet, Palo Alto",1
26,nsfnet,7,1.2,moving_average,critical_failure_fixed,"NCSA, University of Illinois, Champaign -> Merit Univ of Michigan, Ann Arbor & Merit Univ of Michigan, Ann Arbor -> NCSA, University of Illinois, Champaign",5,"SURANET, Georgia Tech, Atlanta","Merit Univ of Michigan, Ann Arbor",1,6.459909,"SURANET, Georgia Tech, Atlanta | SEQSUINET, Rice University, Houston | NCSA, University of Illinois, Champaign | Merit Univ of Michigan, Ann Arbor","SURANET, Georgia Tech, Atlanta->SEQSUINET, Rice University, Houston | SEQSUINET, Rice University, Houston->NCSA, University of Illinois, Champaign | NCSA, University of Illinois, Champaign->Merit Univ of Michigan, Ann Arbor",1
26,nsfnet,7,1.2,moving_average,random_failure_fixed,"NCAR, Boulder -> NCSA, University of Illinois, Champaign & NCSA, University of Illinois, Champaign -> NCAR, Boulder",1,"NorthWestNet, Seattle","NCSA, University of Illinois, Champaign",1,6.630571,"NorthWestNet, Seattle | NCAR, Boulder | NCSA, University of Illinois, Champaign","NorthWestNet, Seattle->NCAR, Boulder | NCAR, Boulder->NCSA, University of Illinois, Champaign",1
26,nsfnet,7,1.2,moving_average,random_failure_fixed,"NCAR, Boulder -> NCSA, University of Illinois, Champaign & NCSA, University of Illinois, Champaign -> NCAR, Boulder",2,"MIDnet, Lincoln, NE","NCAR, Boulder",1,6.6009857,"MIDnet, Lincoln, NE | NCSA, University of Illinois, Champaign | NCAR, Boulder","MIDnet, Lincoln, NE->NCSA, University of Illinois, Champaign | NCSA, University of Illinois, Champaign->NCAR, Boulder",1
26,nsfnet,7,1.2,moving_average,random_failure_fixed,"NCAR, Boulder -> NCSA, University of Illinois, Champaign & NCSA, University of Illinois, Champaign -> NCAR, Boulder",3,"Westnet, Salt Lake City","SEQSUINET, Rice University, Houston",1,6.3441173,"Westnet, Salt Lake City | NCAR, Boulder | NCSA, University of Illinois, Champaign | SEQSUINET, Rice University, Houston","Westnet, Salt Lake City->NCAR, Boulder | NCAR, Boulder->NCSA, University of Illinois, Champaign | NCSA, University of Illinois, Champaign->SEQSUINET, Rice University, Houston",1
26,nsfnet,7,1.2,moving_average,random_failure_fixed,"NCAR, Boulder -> NCSA, University of Illinois, Champaign & NCSA, University of Illinois, Champaign -> NCAR, Boulder",4,"NorthWestNet, Seattle","MIDnet, Lincoln, NE",1,6.3264393,"NorthWestNet, Seattle | NCAR, Boulder | NCSA, University of Illinois, Champaign | MIDnet, Lincoln, NE","NorthWestNet, Seattle->NCAR, Boulder | NCAR, Boulder->NCSA, University of Illinois, Champaign | NCSA, University of Illinois, Champaign->MIDnet, Lincoln, NE",1
26,nsfnet,7,1.2,moving_average,random_failure_fixed,"NCAR, Boulder -> NCSA, University of Illinois, Champaign & NCSA, University of Illinois, Champaign -> NCAR, Boulder",5,"NCAR, Boulder","SURANET, Georgia Tech, Atlanta",1,6.2688798,"NCAR, Boulder | NCSA, University of Illinois, Champaign | SEQSUINET, Rice University, Houston | SURANET, Georgia Tech, Atlanta","NCAR, Boulder->NCSA, University of Illinois, Champaign | NCSA, University of Illinois, Champaign->SEQSUINET, Rice University, Houston | SEQSUINET, Rice University, Houston->SURANET, Georgia Tech, Atlanta",1
26,nsfnet,7,1.2,linear_autoregressive,critical_failure_fixed,"NCSA, University of Illinois, Champaign -> Merit Univ of Michigan, Ann Arbor & Merit Univ of Michigan, Ann Arbor -> NCSA, University of Illinois, Champaign",1,"MIDnet, Lincoln, NE","BARRnet, Palo Alto",1,9.2114059,"MIDnet, Lincoln, NE | NCSA, University of Illinois, Champaign | Merit Univ of Michigan, Ann Arbor | BARRnet, Palo Alto","MIDnet, Lincoln, NE->NCSA, University of Illinois, Champaign | NCSA, University of Illinois, Champaign->Merit Univ of Michigan, Ann Arbor | Merit Univ of Michigan, Ann Arbor->BARRnet, Palo Alto",1
26,nsfnet,7,1.2,linear_autoregressive,critical_failure_fixed,"NCSA, University of Illinois, Champaign -> Merit Univ of Michigan, Ann Arbor & Merit Univ of Michigan, Ann Arbor -> NCSA, University of Illinois, Champaign",2,"NCSA, University of Illinois, Champaign","Merit Univ of Michigan, Ann Arbor",1,9.1144579,"NCSA, University of Illinois, Champaign | Merit Univ of Michigan, Ann Arbor","NCSA, University of Illinois, Champaign->Merit Univ of Michigan, Ann Arbor",1
26,nsfnet,7,1.2,linear_autoregressive,critical_failure_fixed,"NCSA, University of Illinois, Champaign -> Merit Univ of Michigan, Ann Arbor & Merit Univ of Michigan, Ann Arbor -> NCSA, University of Illinois, Champaign",3,"NCSA, University of Illinois, Champaign","BARRnet, Palo Alto",1,8.9534457,"NCSA, University of Illinois, Champaign | Merit Univ of Michigan, Ann Arbor | BARRnet, Palo Alto","NCSA, University of Illinois, Champaign->Merit Univ of Michigan, Ann Arbor | Merit Univ of Michigan, Ann Arbor->BARRnet, Palo Alto",1
26,nsfnet,7,1.2,linear_autoregressive,critical_failure_fixed,"NCSA, University of Illinois, Champaign -> Merit Univ of Michigan, Ann Arbor & Merit Univ of Michigan, Ann Arbor -> NCSA, University of Illinois, Champaign",4,"MIDnet, Lincoln, NE","Cornell Theory Center, Ithaca NY",1,8.8811153,"MIDnet, Lincoln, NE | NCSA, University of Illinois, Champaign | Merit Univ of Michigan, Ann Arbor | Cornell Theory Center, Ithaca NY","MIDnet, Lincoln, NE->NCSA, University of Illinois, Champaign | NCSA, University of Illinois, Champaign->Merit Univ of Michigan, Ann Arbor | Merit Univ of Michigan, Ann Arbor->Cornell Theory Center, Ithaca NY",1
26,nsfnet,7,1.2,linear_autoregressive,critical_failure_fixed,"NCSA, University of Illinois, Champaign -> Merit Univ of Michigan, Ann Arbor & Merit Univ of Michigan, Ann Arbor -> NCSA, University of Illinois, Champaign",5,"Westnet, Salt Lake City","Merit Univ of Michigan, Ann Arbor",1,8.4939986,"Westnet, Salt Lake City | NCAR, Boulder | NCSA, University of Illinois, Champaign | Merit Univ of Michigan, Ann Arbor","Westnet, Salt Lake City->NCAR, Boulder | NCAR, Boulder->NCSA, University of Illinois, Champaign | NCSA, University of Illinois, Champaign->Merit Univ of Michigan, Ann Arbor",1
26,nsfnet,7,1.2,linear_autoregressive,random_failure_fixed,"NCAR, Boulder -> NCSA, University of Illinois, Champaign & NCSA, University of Illinois, Champaign -> NCAR, Boulder",1,"NorthWestNet, Seattle","NCSA, University of Illinois, Champaign",1,8.8972972,"NorthWestNet, Seattle | NCAR, Boulder | NCSA, University of Illinois, Champaign","NorthWestNet, Seattle->NCAR, Boulder | NCAR, Boulder->NCSA, University of Illinois, Champaign",1
26,nsfnet,7,1.2,linear_autoregressive,random_failure_fixed,"NCAR, Boulder -> NCSA, University of Illinois, Champaign & NCSA, University of Illinois, Champaign -> NCAR, Boulder",2,"Westnet, Salt Lake City","Merit Univ of Michigan, Ann Arbor",1,8.4939986,"Westnet, Salt Lake City | NCAR, Boulder | NCSA, University of Illinois, Champaign | Merit Univ of Michigan, Ann Arbor","Westnet, Salt Lake City->NCAR, Boulder | NCAR, Boulder->NCSA, University of Illinois, Champaign | NCSA, University of Illinois, Champaign->Merit Univ of Michigan, Ann Arbor",1
26,nsfnet,7,1.2,linear_autoregressive,random_failure_fixed,"NCAR, Boulder -> NCSA, University of Illinois, Champaign & NCSA, University of Illinois, Champaign -> NCAR, Boulder",3,"NorthWestNet, Seattle","MIDnet, Lincoln, NE",1,8.4642495,"NorthWestNet, Seattle | NCAR, Boulder | NCSA, University of Illinois, Champaign | MIDnet, Lincoln, NE","NorthWestNet, Seattle->NCAR, Boulder | NCAR, Boulder->NCSA, University of Illinois, Champaign | NCSA, University of Illinois, Champaign->MIDnet, Lincoln, NE",1
26,nsfnet,7,1.2,linear_autoregressive,random_failure_fixed,"NCAR, Boulder -> NCSA, University of Illinois, Champaign & NCSA, University of Illinois, Champaign -> NCAR, Boulder",4,"MIDnet, Lincoln, NE","NCAR, Boulder",1,8.423039,"MIDnet, Lincoln, NE | NCSA, University of Illinois, Champaign | NCAR, Boulder","MIDnet, Lincoln, NE->NCSA, University of Illinois, Champaign | NCSA, University of Illinois, Champaign->NCAR, Boulder",1
26,nsfnet,7,1.2,linear_autoregressive,random_failure_fixed,"NCAR, Boulder -> NCSA, University of Illinois, Champaign & NCSA, University of Illinois, Champaign -> NCAR, Boulder",5,"Westnet, Salt Lake City","SEQSUINET, Rice University, Houston",1,8.3703682,"Westnet, Salt Lake City | NCAR, Boulder | NCSA, University of Illinois, Champaign | SEQSUINET, Rice University, Houston","Westnet, Salt Lake City->NCAR, Boulder | NCAR, Boulder->NCSA, University of Illinois, Champaign | NCSA, University of Illinois, Champaign->SEQSUINET, Rice University, Houston",1
26,nsfnet,7,1.2,lstm,critical_failure_fixed,"NCSA, University of Illinois, Champaign -> Merit Univ of Michigan, Ann Arbor & Merit Univ of Michigan, Ann Arbor -> NCSA, University of Illinois, Champaign",1,"MIDnet, Lincoln, NE","BARRnet, Palo Alto",1,5.9942584,"MIDnet, Lincoln, NE | NCSA, University of Illinois, Champaign | Merit Univ of Michigan, Ann Arbor | BARRnet, Palo Alto","MIDnet, Lincoln, NE->NCSA, University of Illinois, Champaign | NCSA, University of Illinois, Champaign->Merit Univ of Michigan, Ann Arbor | Merit Univ of Michigan, Ann Arbor->BARRnet, Palo Alto",1
26,nsfnet,7,1.2,lstm,critical_failure_fixed,"NCSA, University of Illinois, Champaign -> Merit Univ of Michigan, Ann Arbor & Merit Univ of Michigan, Ann Arbor -> NCSA, University of Illinois, Champaign",2,"NCSA, University of Illinois, Champaign","Merit Univ of Michigan, Ann Arbor",1,5.9017167,"NCSA, University of Illinois, Champaign | Merit Univ of Michigan, Ann Arbor","NCSA, University of Illinois, Champaign->Merit Univ of Michigan, Ann Arbor",1
26,nsfnet,7,1.2,lstm,critical_failure_fixed,"NCSA, University of Illinois, Champaign -> Merit Univ of Michigan, Ann Arbor & Merit Univ of Michigan, Ann Arbor -> NCSA, University of Illinois, Champaign",3,"MIDnet, Lincoln, NE","Cornell Theory Center, Ithaca NY",1,5.8566198,"MIDnet, Lincoln, NE | NCSA, University of Illinois, Champaign | Merit Univ of Michigan, Ann Arbor | Cornell Theory Center, Ithaca NY","MIDnet, Lincoln, NE->NCSA, University of Illinois, Champaign | NCSA, University of Illinois, Champaign->Merit Univ of Michigan, Ann Arbor | Merit Univ of Michigan, Ann Arbor->Cornell Theory Center, Ithaca NY",1
26,nsfnet,7,1.2,lstm,critical_failure_fixed,"NCSA, University of Illinois, Champaign -> Merit Univ of Michigan, Ann Arbor & Merit Univ of Michigan, Ann Arbor -> NCSA, University of Illinois, Champaign",4,"NCSA, University of Illinois, Champaign","BARRnet, Palo Alto",1,5.8198299,"NCSA, University of Illinois, Champaign | Merit Univ of Michigan, Ann Arbor | BARRnet, Palo Alto","NCSA, University of Illinois, Champaign->Merit Univ of Michigan, Ann Arbor | Merit Univ of Michigan, Ann Arbor->BARRnet, Palo Alto",1
26,nsfnet,7,1.2,lstm,critical_failure_fixed,"NCSA, University of Illinois, Champaign -> Merit Univ of Michigan, Ann Arbor & Merit Univ of Michigan, Ann Arbor -> NCSA, University of Illinois, Champaign",5,Pittsburgh Supercomputer Center,"MIDnet, Lincoln, NE",1,5.6369033,"Pittsburgh Supercomputer Center | Merit Univ of Michigan, Ann Arbor | NCSA, University of Illinois, Champaign | MIDnet, Lincoln, NE","Pittsburgh Supercomputer Center->Merit Univ of Michigan, Ann Arbor | Merit Univ of Michigan, Ann Arbor->NCSA, University of Illinois, Champaign | NCSA, University of Illinois, Champaign->MIDnet, Lincoln, NE",1
26,nsfnet,7,1.2,lstm,random_failure_fixed,"NCAR, Boulder -> NCSA, University of Illinois, Champaign & NCSA, University of Illinois, Champaign -> NCAR, Boulder",1,"NorthWestNet, Seattle","NCSA, University of Illinois, Champaign",1,5.8529725,"NorthWestNet, Seattle | NCAR, Boulder | NCSA, University of Illinois, Champaign","NorthWestNet, Seattle->NCAR, Boulder | NCAR, Boulder->NCSA, University of Illinois, Champaign",1
26,nsfnet,7,1.2,lstm,random_failure_fixed,"NCAR, Boulder -> NCSA, University of Illinois, Champaign & NCSA, University of Illinois, Champaign -> NCAR, Boulder",2,"MIDnet, Lincoln, NE","NCAR, Boulder",1,5.7112999,"MIDnet, Lincoln, NE | NCSA, University of Illinois, Champaign | NCAR, Boulder","MIDnet, Lincoln, NE->NCSA, University of Illinois, Champaign | NCSA, University of Illinois, Champaign->NCAR, Boulder",1
26,nsfnet,7,1.2,lstm,random_failure_fixed,"NCAR, Boulder -> NCSA, University of Illinois, Champaign & NCSA, University of Illinois, Champaign -> NCAR, Boulder",3,"Westnet, Salt Lake City","SEQSUINET, Rice University, Houston",1,5.5542665,"Westnet, Salt Lake City | NCAR, Boulder | NCSA, University of Illinois, Champaign | SEQSUINET, Rice University, Houston","Westnet, Salt Lake City->NCAR, Boulder | NCAR, Boulder->NCSA, University of Illinois, Champaign | NCSA, University of Illinois, Champaign->SEQSUINET, Rice University, Houston",1
26,nsfnet,7,1.2,lstm,random_failure_fixed,"NCAR, Boulder -> NCSA, University of Illinois, Champaign & NCSA, University of Illinois, Champaign -> NCAR, Boulder",4,"Westnet, Salt Lake City","Merit Univ of Michigan, Ann Arbor",1,5.5337143,"Westnet, Salt Lake City | NCAR, Boulder | NCSA, University of Illinois, Champaign | Merit Univ of Michigan, Ann Arbor","Westnet, Salt Lake City->NCAR, Boulder | NCAR, Boulder->NCSA, University of Illinois, Champaign | NCSA, University of Illinois, Champaign->Merit Univ of Michigan, Ann Arbor",1
26,nsfnet,7,1.2,lstm,random_failure_fixed,"NCAR, Boulder -> NCSA, University of Illinois, Champaign & NCSA, University of Illinois, Champaign -> NCAR, Boulder",5,"NorthWestNet, Seattle","MIDnet, Lincoln, NE",1,5.5128355,"NorthWestNet, Seattle | NCAR, Boulder | NCSA, University of Illinois, Champaign | MIDnet, Lincoln, NE","NorthWestNet, Seattle->NCAR, Boulder | NCAR, Boulder->NCSA, University of Illinois, Champaign | NCSA, University of Illinois, Champaign->MIDnet, Lincoln, NE",1
26,nsfnet,7,1.2,uncertainty_aware_lstm_robust_lp,critical_failure_fixed,"NCSA, University of Illinois, Champaign -> Merit Univ of Michigan, Ann Arbor & Merit Univ of Michigan, Ann Arbor -> NCSA, University of Illinois, Champaign",1,"NCSA, University of Illinois, Champaign","Merit Univ of Michigan, Ann Arbor",1,6.1837616,"NCSA, University of Illinois, Champaign | Merit Univ of Michigan, Ann Arbor","NCSA, University of Illinois, Champaign->Merit Univ of Michigan, Ann Arbor",1
26,nsfnet,7,1.2,uncertainty_aware_lstm_robust_lp,critical_failure_fixed,"NCSA, University of Illinois, Champaign -> Merit Univ of Michigan, Ann Arbor & Merit Univ of Michigan, Ann Arbor -> NCSA, University of Illinois, Champaign",2,"MIDnet, Lincoln, NE","Cornell Theory Center, Ithaca NY",1,6.142241,"MIDnet, Lincoln, NE | NCSA, University of Illinois, Champaign | Merit Univ of Michigan, Ann Arbor | Cornell Theory Center, Ithaca NY","MIDnet, Lincoln, NE->NCSA, University of Illinois, Champaign | NCSA, University of Illinois, Champaign->Merit Univ of Michigan, Ann Arbor | Merit Univ of Michigan, Ann Arbor->Cornell Theory Center, Ithaca NY",1
26,nsfnet,7,1.2,uncertainty_aware_lstm_robust_lp,critical_failure_fixed,"NCSA, University of Illinois, Champaign -> Merit Univ of Michigan, Ann Arbor & Merit Univ of Michigan, Ann Arbor -> NCSA, University of Illinois, Champaign",3,"NCSA, University of Illinois, Champaign","BARRnet, Palo Alto",1,6.089541,"NCSA, University of Illinois, Champaign | Merit Univ of Michigan, Ann Arbor | BARRnet, Palo Alto","NCSA, University of Illinois, Champaign->Merit Univ of Michigan, Ann Arbor | Merit Univ of Michigan, Ann Arbor->BARRnet, Palo Alto",1
26,nsfnet,7,1.2,uncertainty_aware_lstm_robust_lp,critical_failure_fixed,"NCSA, University of Illinois, Champaign -> Merit Univ of Michigan, Ann Arbor & Merit Univ of Michigan, Ann Arbor -> NCSA, University of Illinois, Champaign",4,Pittsburgh Supercomputer Center,"MIDnet, Lincoln, NE",1,5.8909855,"Pittsburgh Supercomputer Center | Merit Univ of Michigan, Ann Arbor | NCSA, University of Illinois, Champaign | MIDnet, Lincoln, NE","Pittsburgh Supercomputer Center->Merit Univ of Michigan, Ann Arbor | Merit Univ of Michigan, Ann Arbor->NCSA, University of Illinois, Champaign | NCSA, University of Illinois, Champaign->MIDnet, Lincoln, NE",1
26,nsfnet,7,1.2,uncertainty_aware_lstm_robust_lp,critical_failure_fixed,"NCSA, University of Illinois, Champaign -> Merit Univ of Michigan, Ann Arbor & Merit Univ of Michigan, Ann Arbor -> NCSA, University of Illinois, Champaign",5,"Westnet, Salt Lake City","Merit Univ of Michigan, Ann Arbor",1,5.7571735,"Westnet, Salt Lake City | NCAR, Boulder | NCSA, University of Illinois, Champaign | Merit Univ of Michigan, Ann Arbor","Westnet, Salt Lake City->NCAR, Boulder | NCAR, Boulder->NCSA, University of Illinois, Champaign | NCSA, University of Illinois, Champaign->Merit Univ of Michigan, Ann Arbor",1
26,nsfnet,7,1.2,uncertainty_aware_lstm_robust_lp,random_failure_fixed,"NCAR, Boulder -> NCSA, University of Illinois, Champaign & NCSA, University of Illinois, Champaign -> NCAR, Boulder",1,"NorthWestNet, Seattle","NCSA, University of Illinois, Champaign",1,6.1049862,"NorthWestNet, Seattle | NCAR, Boulder | NCSA, University of Illinois, Champaign","NorthWestNet, Seattle->NCAR, Boulder | NCAR, Boulder->NCSA, University of Illinois, Champaign",1
26,nsfnet,7,1.2,uncertainty_aware_lstm_robust_lp,random_failure_fixed,"NCAR, Boulder -> NCSA, University of Illinois, Champaign & NCSA, University of Illinois, Champaign -> NCAR, Boulder",2,"MIDnet, Lincoln, NE","NCAR, Boulder",1,5.9914579,"MIDnet, Lincoln, NE | NCSA, University of Illinois, Champaign | NCAR, Boulder","MIDnet, Lincoln, NE->NCSA, University of Illinois, Champaign | NCSA, University of Illinois, Champaign->NCAR, Boulder",1
26,nsfnet,7,1.2,uncertainty_aware_lstm_robust_lp,random_failure_fixed,"NCAR, Boulder -> NCSA, University of Illinois, Champaign & NCSA, University of Illinois, Champaign -> NCAR, Boulder",3,"Westnet, Salt Lake City","SEQSUINET, Rice University, Houston",1,5.8186479,"Westnet, Salt Lake City | NCAR, Boulder | NCSA, University of Illinois, Champaign | SEQSUINET, Rice University, Houston","Westnet, Salt Lake City->NCAR, Boulder | NCAR, Boulder->NCSA, University of Illinois, Champaign | NCSA, University of Illinois, Champaign->SEQSUINET, Rice University, Houston",1
26,nsfnet,7,1.2,uncertainty_aware_lstm_robust_lp,random_failure_fixed,"NCAR, Boulder -> NCSA, University of Illinois, Champaign & NCSA, University of Illinois, Champaign -> NCAR, Boulder",4,"Westnet, Salt Lake City","Merit Univ of Michigan, Ann Arbor",1,5.7571735,"Westnet, Salt Lake City | NCAR, Boulder | NCSA, University of Illinois, Champaign | Merit Univ of Michigan, Ann Arbor","Westnet, Salt Lake City->NCAR, Boulder | NCAR, Boulder->NCSA, University of Illinois, Champaign | NCSA, University of Illinois, Champaign->Merit Univ of Michigan, Ann Arbor",1
26,nsfnet,7,1.2,uncertainty_aware_lstm_robust_lp,random_failure_fixed,"NCAR, Boulder -> NCSA, University of Illinois, Champaign & NCSA, University of Illinois, Champaign -> NCAR, Boulder",5,"NorthWestNet, Seattle","MIDnet, Lincoln, NE",1,5.7404594,"NorthWestNet, Seattle | NCAR, Boulder | NCSA, University of Illinois, Champaign | MIDnet, Lincoln, NE","NorthWestNet, Seattle->NCAR, Boulder | NCAR, Boulder->NCSA, University of Illinois, Champaign | NCSA, University of Illinois, Champaign->MIDnet, Lincoln, NE",1
26,nsfnet,7,1.2,transformer,critical_failure_fixed,"NCSA, University of Illinois, Champaign -> Merit Univ of Michigan, Ann Arbor & Merit Univ of Michigan, Ann Arbor -> NCSA, University of Illinois, Champaign",1,"MIDnet, Lincoln, NE","BARRnet, Palo Alto",1,7.0995235,"MIDnet, Lincoln, NE | NCSA, University of Illinois, Champaign | Merit Univ of Michigan, Ann Arbor | BARRnet, Palo Alto","MIDnet, Lincoln, NE->NCSA, University of Illinois, Champaign | NCSA, University of Illinois, Champaign->Merit Univ of Michigan, Ann Arbor | Merit Univ of Michigan, Ann Arbor->BARRnet, Palo Alto",1
26,nsfnet,7,1.2,transformer,critical_failure_fixed,"NCSA, University of Illinois, Champaign -> Merit Univ of Michigan, Ann Arbor & Merit Univ of Michigan, Ann Arbor -> NCSA, University of Illinois, Champaign",2,"NCSA, University of Illinois, Champaign","Merit Univ of Michigan, Ann Arbor",1,7.0725718,"NCSA, University of Illinois, Champaign | Merit Univ of Michigan, Ann Arbor","NCSA, University of Illinois, Champaign->Merit Univ of Michigan, Ann Arbor",1
26,nsfnet,7,1.2,transformer,critical_failure_fixed,"NCSA, University of Illinois, Champaign -> Merit Univ of Michigan, Ann Arbor & Merit Univ of Michigan, Ann Arbor -> NCSA, University of Illinois, Champaign",3,"MIDnet, Lincoln, NE","Cornell Theory Center, Ithaca NY",1,7.0647426,"MIDnet, Lincoln, NE | NCSA, University of Illinois, Champaign | Merit Univ of Michigan, Ann Arbor | Cornell Theory Center, Ithaca NY","MIDnet, Lincoln, NE->NCSA, University of Illinois, Champaign | NCSA, University of Illinois, Champaign->Merit Univ of Michigan, Ann Arbor | Merit Univ of Michigan, Ann Arbor->Cornell Theory Center, Ithaca NY",1
26,nsfnet,7,1.2,transformer,critical_failure_fixed,"NCSA, University of Illinois, Champaign -> Merit Univ of Michigan, Ann Arbor & Merit Univ of Michigan, Ann Arbor -> NCSA, University of Illinois, Champaign",4,"NCSA, University of Illinois, Champaign","BARRnet, Palo Alto",1,6.8769755,"NCSA, University of Illinois, Champaign | Merit Univ of Michigan, Ann Arbor | BARRnet, Palo Alto","NCSA, University of Illinois, Champaign->Merit Univ of Michigan, Ann Arbor | Merit Univ of Michigan, Ann Arbor->BARRnet, Palo Alto",1
26,nsfnet,7,1.2,transformer,critical_failure_fixed,"NCSA, University of Illinois, Champaign -> Merit Univ of Michigan, Ann Arbor & Merit Univ of Michigan, Ann Arbor -> NCSA, University of Illinois, Champaign",5,Pittsburgh Supercomputer Center,"MIDnet, Lincoln, NE",1,6.7192717,"Pittsburgh Supercomputer Center | Merit Univ of Michigan, Ann Arbor | NCSA, University of Illinois, Champaign | MIDnet, Lincoln, NE","Pittsburgh Supercomputer Center->Merit Univ of Michigan, Ann Arbor | Merit Univ of Michigan, Ann Arbor->NCSA, University of Illinois, Champaign | NCSA, University of Illinois, Champaign->MIDnet, Lincoln, NE",1
26,nsfnet,7,1.2,transformer,random_failure_fixed,"NCAR, Boulder -> NCSA, University of Illinois, Champaign & NCSA, University of Illinois, Champaign -> NCAR, Boulder",1,"MIDnet, Lincoln, NE","NCAR, Boulder",1,7.079258,"MIDnet, Lincoln, NE | NCSA, University of Illinois, Champaign | NCAR, Boulder","MIDnet, Lincoln, NE->NCSA, University of Illinois, Champaign | NCSA, University of Illinois, Champaign->NCAR, Boulder",1
26,nsfnet,7,1.2,transformer,random_failure_fixed,"NCAR, Boulder -> NCSA, University of Illinois, Champaign & NCSA, University of Illinois, Champaign -> NCAR, Boulder",2,"NorthWestNet, Seattle","NCSA, University of Illinois, Champaign",1,7.012548,"NorthWestNet, Seattle | NCAR, Boulder | NCSA, University of Illinois, Champaign","NorthWestNet, Seattle->NCAR, Boulder | NCAR, Boulder->NCSA, University of Illinois, Champaign",1
26,nsfnet,7,1.2,transformer,random_failure_fixed,"NCAR, Boulder -> NCSA, University of Illinois, Champaign & NCSA, University of Illinois, Champaign -> NCAR, Boulder",3,"Westnet, Salt Lake City","SEQSUINET, Rice University, Houston",1,6.6825719,"Westnet, Salt Lake City | NCAR, Boulder | NCSA, University of Illinois, Champaign | SEQSUINET, Rice University, Houston","Westnet, Salt Lake City->NCAR, Boulder | NCAR, Boulder->NCSA, University of Illinois, Champaign | NCSA, University of Illinois, Champaign->SEQSUINET, Rice University, Houston",1
26,nsfnet,7,1.2,transformer,random_failure_fixed,"NCAR, Boulder -> NCSA, University of Illinois, Champaign & NCSA, University of Illinois, Champaign -> NCAR, Boulder",4,"Westnet, Salt Lake City","Merit Univ of Michigan, Ann Arbor",1,6.5825615,"Westnet, Salt Lake City | NCAR, Boulder | NCSA, University of Illinois, Champaign | Merit Univ of Michigan, Ann Arbor","Westnet, Salt Lake City->NCAR, Boulder | NCAR, Boulder->NCSA, University of Illinois, Champaign | NCSA, University of Illinois, Champaign->Merit Univ of Michigan, Ann Arbor",1
26,nsfnet,7,1.2,transformer,random_failure_fixed,"NCAR, Boulder -> NCSA, University of Illinois, Champaign & NCSA, University of Illinois, Champaign -> NCAR, Boulder",5,"NCAR, Boulder","SURANET, Georgia Tech, Atlanta",1,6.4892197,"NCAR, Boulder | NCSA, University of Illinois, Champaign | SEQSUINET, Rice University, Houston | SURANET, Georgia Tech, Atlanta","NCAR, Boulder->NCSA, University of Illinois, Champaign | NCSA, University of Illinois, Champaign->SEQSUINET, Rice University, Houston | SEQSUINET, Rice University, Houston->SURANET, Georgia Tech, Atlanta",1
27,nsfnet,7,1.2,current_demand_lp,critical_failure_fixed,"NCSA, University of Illinois, Champaign -> Merit Univ of Michigan, Ann Arbor & Merit Univ of Michigan, Ann Arbor -> NCSA, University of Illinois, Champaign",1,"MIDnet, Lincoln, NE","BARRnet, Palo Alto",1,9.541327,"MIDnet, Lincoln, NE | NCSA, University of Illinois, Champaign | Merit Univ of Michigan, Ann Arbor | BARRnet, Palo Alto","MIDnet, Lincoln, NE->NCSA, University of Illinois, Champaign | NCSA, University of Illinois, Champaign->Merit Univ of Michigan, Ann Arbor | Merit Univ of Michigan, Ann Arbor->BARRnet, Palo Alto",1
27,nsfnet,7,1.2,current_demand_lp,critical_failure_fixed,"NCSA, University of Illinois, Champaign -> Merit Univ of Michigan, Ann Arbor & Merit Univ of Michigan, Ann Arbor -> NCSA, University of Illinois, Champaign",2,"MIDnet, Lincoln, NE","Cornell Theory Center, Ithaca NY",1,9.3554855,"MIDnet, Lincoln, NE | NCSA, University of Illinois, Champaign | Merit Univ of Michigan, Ann Arbor | Cornell Theory Center, Ithaca NY","MIDnet, Lincoln, NE->NCSA, University of Illinois, Champaign | NCSA, University of Illinois, Champaign->Merit Univ of Michigan, Ann Arbor | Merit Univ of Michigan, Ann Arbor->Cornell Theory Center, Ithaca NY",1
27,nsfnet,7,1.2,current_demand_lp,critical_failure_fixed,"NCSA, University of Illinois, Champaign -> Merit Univ of Michigan, Ann Arbor & Merit Univ of Michigan, Ann Arbor -> NCSA, University of Illinois, Champaign",3,"SEQSUINET, Rice University, Houston",Pittsburgh Supercomputer Center,1,9.223146,"SEQSUINET, Rice University, Houston | NCSA, University of Illinois, Champaign | Merit Univ of Michigan, Ann Arbor | Pittsburgh Supercomputer Center","SEQSUINET, Rice University, Houston->NCSA, University of Illinois, Champaign | NCSA, University of Illinois, Champaign->Merit Univ of Michigan, Ann Arbor | Merit Univ of Michigan, Ann Arbor->Pittsburgh Supercomputer Center",1
27,nsfnet,7,1.2,current_demand_lp,critical_failure_fixed,"NCSA, University of Illinois, Champaign -> Merit Univ of Michigan, Ann Arbor & Merit Univ of Michigan, Ann Arbor -> NCSA, University of Illinois, Champaign",4,"NCSA, University of Illinois, Champaign","Merit Univ of Michigan, Ann Arbor",1,8.9933697,"NCSA, University of Illinois, Champaign | Merit Univ of Michigan, Ann Arbor","NCSA, University of Illinois, Champaign->Merit Univ of Michigan, Ann Arbor",1
27,nsfnet,7,1.2,current_demand_lp,critical_failure_fixed,"NCSA, University of Illinois, Champaign -> Merit Univ of Michigan, Ann Arbor & Merit Univ of Michigan, Ann Arbor -> NCSA, University of Illinois, Champaign",5,"NCSA, University of Illinois, Champaign","BARRnet, Palo Alto",1,8.8318133,"NCSA, University of Illinois, Champaign | Merit Univ of Michigan, Ann Arbor | BARRnet, Palo Alto","NCSA, University of Illinois, Champaign->Merit Univ of Michigan, Ann Arbor | Merit Univ of Michigan, Ann Arbor->BARRnet, Palo Alto",1
27,nsfnet,7,1.2,current_demand_lp,random_failure_fixed,"SEQSUINET, Rice University, Houston -> SURANET, Georgia Tech, Atlanta & SURANET, Georgia Tech, Atlanta -> SEQSUINET, Rice University, Houston",1,"SURANET, Georgia Tech, Atlanta","NorthWestNet, Seattle",1,9.4102647,"SURANET, Georgia Tech, Atlanta | SEQSUINET, Rice University, Houston | San Diego Supercomputer Center | BARRnet, Palo Alto | NorthWestNet, Seattle","SURANET, Georgia Tech, Atlanta->SEQSUINET, Rice University, Houston | SEQSUINET, Rice University, Houston->San Diego Supercomputer Center | San Diego Supercomputer Center->BARRnet, Palo Alto | BARRnet, Palo Alto->NorthWestNet, Seattle",1
27,nsfnet,7,1.2,current_demand_lp,random_failure_fixed,"SEQSUINET, Rice University, Houston -> SURANET, Georgia Tech, Atlanta & SURANET, Georgia Tech, Atlanta -> SEQSUINET, Rice University, Houston",2,"NCSA, University of Illinois, Champaign","SURANET, Georgia Tech, Atlanta",1,9.1484837,"NCSA, University of Illinois, Champaign | SEQSUINET, Rice University, Houston | SURANET, Georgia Tech, Atlanta","NCSA, University of Illinois, Champaign->SEQSUINET, Rice University, Houston | SEQSUINET, Rice University, Houston->SURANET, Georgia Tech, Atlanta",1
27,nsfnet,7,1.2,current_demand_lp,random_failure_fixed,"SEQSUINET, Rice University, Houston -> SURANET, Georgia Tech, Atlanta & SURANET, Georgia Tech, Atlanta -> SEQSUINET, Rice University, Houston",3,"SEQSUINET, Rice University, Houston","Jon Von Neumann Center, Princeton, NJ",1,8.8716615,"SEQSUINET, Rice University, Houston | SURANET, Georgia Tech, Atlanta | Jon Von Neumann Center, Princeton, NJ","SEQSUINET, Rice University, Houston->SURANET, Georgia Tech, Atlanta | SURANET, Georgia Tech, Atlanta->Jon Von Neumann Center, Princeton, NJ",1
27,nsfnet,7,1.2,current_demand_lp,random_failure_fixed,"SEQSUINET, Rice University, Houston -> SURANET, Georgia Tech, Atlanta & SURANET, Georgia Tech, Atlanta -> SEQSUINET, Rice University, Houston",4,"NCAR, Boulder","SURANET, Georgia Tech, Atlanta",1,8.6060749,"NCAR, Boulder | NCSA, University of Illinois, Champaign | SEQSUINET, Rice University, Houston | SURANET, Georgia Tech, Atlanta","NCAR, Boulder->NCSA, University of Illinois, Champaign | NCSA, University of Illinois, Champaign->SEQSUINET, Rice University, Houston | SEQSUINET, Rice University, Houston->SURANET, Georgia Tech, Atlanta",1
27,nsfnet,7,1.2,current_demand_lp,random_failure_fixed,"SEQSUINET, Rice University, Houston -> SURANET, Georgia Tech, Atlanta & SURANET, Georgia Tech, Atlanta -> SEQSUINET, Rice University, Houston",5,"SURANET, Georgia Tech, Atlanta","Merit Univ of Michigan, Ann Arbor",1,8.3816609,"SURANET, Georgia Tech, Atlanta | SEQSUINET, Rice University, Houston | NCSA, University of Illinois, Champaign | Merit Univ of Michigan, Ann Arbor","SURANET, Georgia Tech, Atlanta->SEQSUINET, Rice University, Houston | SEQSUINET, Rice University, Houston->NCSA, University of Illinois, Champaign | NCSA, University of Illinois, Champaign->Merit Univ of Michigan, Ann Arbor",1
27,nsfnet,7,1.2,robust_current_demand_lp,critical_failure_fixed,"NCSA, University of Illinois, Champaign -> Merit Univ of Michigan, Ann Arbor & Merit Univ of Michigan, Ann Arbor -> NCSA, University of Illinois, Champaign",1,"MIDnet, Lincoln, NE","BARRnet, Palo Alto",1,9.541327,"MIDnet, Lincoln, NE | NCSA, University of Illinois, Champaign | Merit Univ of Michigan, Ann Arbor | BARRnet, Palo Alto","MIDnet, Lincoln, NE->NCSA, University of Illinois, Champaign | NCSA, University of Illinois, Champaign->Merit Univ of Michigan, Ann Arbor | Merit Univ of Michigan, Ann Arbor->BARRnet, Palo Alto",1
27,nsfnet,7,1.2,robust_current_demand_lp,critical_failure_fixed,"NCSA, University of Illinois, Champaign -> Merit Univ of Michigan, Ann Arbor & Merit Univ of Michigan, Ann Arbor -> NCSA, University of Illinois, Champaign",2,"MIDnet, Lincoln, NE","Cornell Theory Center, Ithaca NY",1,9.3554855,"MIDnet, Lincoln, NE | NCSA, University of Illinois, Champaign | Merit Univ of Michigan, Ann Arbor | Cornell Theory Center, Ithaca NY","MIDnet, Lincoln, NE->NCSA, University of Illinois, Champaign | NCSA, University of Illinois, Champaign->Merit Univ of Michigan, Ann Arbor | Merit Univ of Michigan, Ann Arbor->Cornell Theory Center, Ithaca NY",1
27,nsfnet,7,1.2,robust_current_demand_lp,critical_failure_fixed,"NCSA, University of Illinois, Champaign -> Merit Univ of Michigan, Ann Arbor & Merit Univ of Michigan, Ann Arbor -> NCSA, University of Illinois, Champaign",3,"SEQSUINET, Rice University, Houston",Pittsburgh Supercomputer Center,1,9.223146,"SEQSUINET, Rice University, Houston | NCSA, University of Illinois, Champaign | Merit Univ of Michigan, Ann Arbor | Pittsburgh Supercomputer Center","SEQSUINET, Rice University, Houston->NCSA, University of Illinois, Champaign | NCSA, University of Illinois, Champaign->Merit Univ of Michigan, Ann Arbor | Merit Univ of Michigan, Ann Arbor->Pittsburgh Supercomputer Center",1
27,nsfnet,7,1.2,robust_current_demand_lp,critical_failure_fixed,"NCSA, University of Illinois, Champaign -> Merit Univ of Michigan, Ann Arbor & Merit Univ of Michigan, Ann Arbor -> NCSA, University of Illinois, Champaign",4,"NCSA, University of Illinois, Champaign","Merit Univ of Michigan, Ann Arbor",1,8.9933697,"NCSA, University of Illinois, Champaign | Merit Univ of Michigan, Ann Arbor","NCSA, University of Illinois, Champaign->Merit Univ of Michigan, Ann Arbor",1
27,nsfnet,7,1.2,robust_current_demand_lp,critical_failure_fixed,"NCSA, University of Illinois, Champaign -> Merit Univ of Michigan, Ann Arbor & Merit Univ of Michigan, Ann Arbor -> NCSA, University of Illinois, Champaign",5,"NCSA, University of Illinois, Champaign","BARRnet, Palo Alto",1,8.8318133,"NCSA, University of Illinois, Champaign | Merit Univ of Michigan, Ann Arbor | BARRnet, Palo Alto","NCSA, University of Illinois, Champaign->Merit Univ of Michigan, Ann Arbor | Merit Univ of Michigan, Ann Arbor->BARRnet, Palo Alto",1
27,nsfnet,7,1.2,robust_current_demand_lp,random_failure_fixed,"SEQSUINET, Rice University, Houston -> SURANET, Georgia Tech, Atlanta & SURANET, Georgia Tech, Atlanta -> SEQSUINET, Rice University, Houston",1,"SURANET, Georgia Tech, Atlanta","NorthWestNet, Seattle",1,9.4102647,"SURANET, Georgia Tech, Atlanta | SEQSUINET, Rice University, Houston | San Diego Supercomputer Center | BARRnet, Palo Alto | NorthWestNet, Seattle","SURANET, Georgia Tech, Atlanta->SEQSUINET, Rice University, Houston | SEQSUINET, Rice University, Houston->San Diego Supercomputer Center | San Diego Supercomputer Center->BARRnet, Palo Alto | BARRnet, Palo Alto->NorthWestNet, Seattle",1
27,nsfnet,7,1.2,robust_current_demand_lp,random_failure_fixed,"SEQSUINET, Rice University, Houston -> SURANET, Georgia Tech, Atlanta & SURANET, Georgia Tech, Atlanta -> SEQSUINET, Rice University, Houston",2,"NCSA, University of Illinois, Champaign","SURANET, Georgia Tech, Atlanta",1,9.1484837,"NCSA, University of Illinois, Champaign | SEQSUINET, Rice University, Houston | SURANET, Georgia Tech, Atlanta","NCSA, University of Illinois, Champaign->SEQSUINET, Rice University, Houston | SEQSUINET, Rice University, Houston->SURANET, Georgia Tech, Atlanta",1
27,nsfnet,7,1.2,robust_current_demand_lp,random_failure_fixed,"SEQSUINET, Rice University, Houston -> SURANET, Georgia Tech, Atlanta & SURANET, Georgia Tech, Atlanta -> SEQSUINET, Rice University, Houston",3,"SEQSUINET, Rice University, Houston","Jon Von Neumann Center, Princeton, NJ",1,8.8716615,"SEQSUINET, Rice University, Houston | SURANET, Georgia Tech, Atlanta | Jon Von Neumann Center, Princeton, NJ","SEQSUINET, Rice University, Houston->SURANET, Georgia Tech, Atlanta | SURANET, Georgia Tech, Atlanta->Jon Von Neumann Center, Princeton, NJ",1
27,nsfnet,7,1.2,robust_current_demand_lp,random_failure_fixed,"SEQSUINET, Rice University, Houston -> SURANET, Georgia Tech, Atlanta & SURANET, Georgia Tech, Atlanta -> SEQSUINET, Rice University, Houston",4,"NCAR, Boulder","SURANET, Georgia Tech, Atlanta",1,8.6060749,"NCAR, Boulder | NCSA, University of Illinois, Champaign | SEQSUINET, Rice University, Houston | SURANET, Georgia Tech, Atlanta","NCAR, Boulder->NCSA, University of Illinois, Champaign | NCSA, University of Illinois, Champaign->SEQSUINET, Rice University, Houston | SEQSUINET, Rice University, Houston->SURANET, Georgia Tech, Atlanta",1
27,nsfnet,7,1.2,robust_current_demand_lp,random_failure_fixed,"SEQSUINET, Rice University, Houston -> SURANET, Georgia Tech, Atlanta & SURANET, Georgia Tech, Atlanta -> SEQSUINET, Rice University, Houston",5,"SURANET, Georgia Tech, Atlanta","Westnet, Salt Lake City",1,7.882608,"SURANET, Georgia Tech, Atlanta | SEQSUINET, Rice University, Houston | NCSA, University of Illinois, Champaign | NCAR, Boulder | Westnet, Salt Lake City","SURANET, Georgia Tech, Atlanta->SEQSUINET, Rice University, Houston | SEQSUINET, Rice University, Houston->NCSA, University of Illinois, Champaign | NCSA, University of Illinois, Champaign->NCAR, Boulder | NCAR, Boulder->Westnet, Salt Lake City",1
27,nsfnet,7,1.2,moving_average,critical_failure_fixed,"NCSA, University of Illinois, Champaign -> Merit Univ of Michigan, Ann Arbor & Merit Univ of Michigan, Ann Arbor -> NCSA, University of Illinois, Champaign",1,"MIDnet, Lincoln, NE","BARRnet, Palo Alto",1,7.3912146,"MIDnet, Lincoln, NE | NCSA, University of Illinois, Champaign | Merit Univ of Michigan, Ann Arbor | BARRnet, Palo Alto","MIDnet, Lincoln, NE->NCSA, University of Illinois, Champaign | NCSA, University of Illinois, Champaign->Merit Univ of Michigan, Ann Arbor | Merit Univ of Michigan, Ann Arbor->BARRnet, Palo Alto",1
27,nsfnet,7,1.2,moving_average,critical_failure_fixed,"NCSA, University of Illinois, Champaign -> Merit Univ of Michigan, Ann Arbor & Merit Univ of Michigan, Ann Arbor -> NCSA, University of Illinois, Champaign",2,"NCSA, University of Illinois, Champaign","Merit Univ of Michigan, Ann Arbor",1,7.3178407,"NCSA, University of Illinois, Champaign | Merit Univ of Michigan, Ann Arbor","NCSA, University of Illinois, Champaign->Merit Univ of Michigan, Ann Arbor",1
27,nsfnet,7,1.2,moving_average,critical_failure_fixed,"NCSA, University of Illinois, Champaign -> Merit Univ of Michigan, Ann Arbor & Merit Univ of Michigan, Ann Arbor -> NCSA, University of Illinois, Champaign",3,"MIDnet, Lincoln, NE","Cornell Theory Center, Ithaca NY",1,7.242583,"MIDnet, Lincoln, NE | NCSA, University of Illinois, Champaign | Merit Univ of Michigan, Ann Arbor | Cornell Theory Center, Ithaca NY","MIDnet, Lincoln, NE->NCSA, University of Illinois, Champaign | NCSA, University of Illinois, Champaign->Merit Univ of Michigan, Ann Arbor | Merit Univ of Michigan, Ann Arbor->Cornell Theory Center, Ithaca NY",1
27,nsfnet,7,1.2,moving_average,critical_failure_fixed,"NCSA, University of Illinois, Champaign -> Merit Univ of Michigan, Ann Arbor & Merit Univ of Michigan, Ann Arbor -> NCSA, University of Illinois, Champaign",4,"NCSA, University of Illinois, Champaign","BARRnet, Palo Alto",1,7.0878735,"NCSA, University of Illinois, Champaign | Merit Univ of Michigan, Ann Arbor | BARRnet, Palo Alto","NCSA, University of Illinois, Champaign->Merit Univ of Michigan, Ann Arbor | Merit Univ of Michigan, Ann Arbor->BARRnet, Palo Alto",1
27,nsfnet,7,1.2,moving_average,critical_failure_fixed,"NCSA, University of Illinois, Champaign -> Merit Univ of Michigan, Ann Arbor & Merit Univ of Michigan, Ann Arbor -> NCSA, University of Illinois, Champaign",5,"SURANET, Georgia Tech, Atlanta","Merit Univ of Michigan, Ann Arbor",1,6.8069129,"SURANET, Georgia Tech, Atlanta | SEQSUINET, Rice University, Houston | NCSA, University of Illinois, Champaign | Merit Univ of Michigan, Ann Arbor","SURANET, Georgia Tech, Atlanta->SEQSUINET, Rice University, Houston | SEQSUINET, Rice University, Houston->NCSA, University of Illinois, Champaign | NCSA, University of Illinois, Champaign->Merit Univ of Michigan, Ann Arbor",1
27,nsfnet,7,1.2,moving_average,random_failure_fixed,"SEQSUINET, Rice University, Houston -> SURANET, Georgia Tech, Atlanta & SURANET, Georgia Tech, Atlanta -> SEQSUINET, Rice University, Houston",1,"NCSA, University of Illinois, Champaign","SURANET, Georgia Tech, Atlanta",1,7.0422792,"NCSA, University of Illinois, Champaign | SEQSUINET, Rice University, Houston | SURANET, Georgia Tech, Atlanta","NCSA, University of Illinois, Champaign->SEQSUINET, Rice University, Houston | SEQSUINET, Rice University, Houston->SURANET, Georgia Tech, Atlanta",1
27,nsfnet,7,1.2,moving_average,random_failure_fixed,"SEQSUINET, Rice University, Houston -> SURANET, Georgia Tech, Atlanta & SURANET, Georgia Tech, Atlanta -> SEQSUINET, Rice University, Houston",2,"SEQSUINET, Rice University, Houston","Jon Von Neumann Center, Princeton, NJ",1,6.9555274,"SEQSUINET, Rice University, Houston | SURANET, Georgia Tech, Atlanta | Jon Von Neumann Center, Princeton, NJ","SEQSUINET, Rice University, Houston->SURANET, Georgia Tech, Atlanta | SURANET, Georgia Tech, Atlanta->Jon Von Neumann Center, Princeton, NJ",1
27,nsfnet,7,1.2,moving_average,random_failure_fixed,"SEQSUINET, Rice University, Houston -> SURANET, Georgia Tech, Atlanta & SURANET, Georgia Tech, Atlanta -> SEQSUINET, Rice University, Houston",3,"SURANET, Georgia Tech, Atlanta","Merit Univ of Michigan, Ann Arbor",1,6.8069129,"SURANET, Georgia Tech, Atlanta | SEQSUINET, Rice University, Houston | NCSA, University of Illinois, Champaign | Merit Univ of Michigan, Ann Arbor","SURANET, Georgia Tech, Atlanta->SEQSUINET, Rice University, Houston | SEQSUINET, Rice University, Houston->NCSA, University of Illinois, Champaign | NCSA, University of Illinois, Champaign->Merit Univ of Michigan, Ann Arbor",1
27,nsfnet,7,1.2,moving_average,random_failure_fixed,"SEQSUINET, Rice University, Houston -> SURANET, Georgia Tech, Atlanta & SURANET, Georgia Tech, Atlanta -> SEQSUINET, Rice University, Houston",4,"NCAR, Boulder","SURANET, Georgia Tech, Atlanta",1,6.6739099,"NCAR, Boulder | NCSA, University of Illinois, Champaign | SEQSUINET, Rice University, Houston | SURANET, Georgia Tech, Atlanta","NCAR, Boulder->NCSA, University of Illinois, Champaign | NCSA, University of Illinois, Champaign->SEQSUINET, Rice University, Houston | SEQSUINET, Rice University, Houston->SURANET, Georgia Tech, Atlanta",1
27,nsfnet,7,1.2,moving_average,random_failure_fixed,"SEQSUINET, Rice University, Houston -> SURANET, Georgia Tech, Atlanta & SURANET, Georgia Tech, Atlanta -> SEQSUINET, Rice University, Houston",5,"SEQSUINET, Rice University, Houston","SURANET, Georgia Tech, Atlanta",1,6.3574243,"SEQSUINET, Rice University, Houston | SURANET, Georgia Tech, Atlanta","SEQSUINET, Rice University, Houston->SURANET, Georgia Tech, Atlanta",1
27,nsfnet,7,1.2,linear_autoregressive,critical_failure_fixed,"NCSA, University of Illinois, Champaign -> Merit Univ of Michigan, Ann Arbor & Merit Univ of Michigan, Ann Arbor -> NCSA, University of Illinois, Champaign",1,"NCSA, University of Illinois, Champaign","Merit Univ of Michigan, Ann Arbor",1,9.7983677,"NCSA, University of Illinois, Champaign | Merit Univ of Michigan, Ann Arbor","NCSA, University of Illinois, Champaign->Merit Univ of Michigan, Ann Arbor",1
27,nsfnet,7,1.2,linear_autoregressive,critical_failure_fixed,"NCSA, University of Illinois, Champaign -> Merit Univ of Michigan, Ann Arbor & Merit Univ of Michigan, Ann Arbor -> NCSA, University of Illinois, Champaign",2,"NCSA, University of Illinois, Champaign","BARRnet, Palo Alto",1,9.7345048,"NCSA, University of Illinois, Champaign | Merit Univ of Michigan, Ann Arbor | BARRnet, Palo Alto","NCSA, University of Illinois, Champaign->Merit Univ of Michigan, Ann Arbor | Merit Univ of Michigan, Ann Arbor->BARRnet, Palo Alto",1
27,nsfnet,7,1.2,linear_autoregressive,critical_failure_fixed,"NCSA, University of Illinois, Champaign -> Merit Univ of Michigan, Ann Arbor & Merit Univ of Michigan, Ann Arbor -> NCSA, University of Illinois, Champaign",3,"MIDnet, Lincoln, NE","Cornell Theory Center, Ithaca NY",1,9.4652973,"MIDnet, Lincoln, NE | NCSA, University of Illinois, Champaign | Merit Univ of Michigan, Ann Arbor | Cornell Theory Center, Ithaca NY","MIDnet, Lincoln, NE->NCSA, University of Illinois, Champaign | NCSA, University of Illinois, Champaign->Merit Univ of Michigan, Ann Arbor | Merit Univ of Michigan, Ann Arbor->Cornell Theory Center, Ithaca NY",1
27,nsfnet,7,1.2,linear_autoregressive,critical_failure_fixed,"NCSA, University of Illinois, Champaign -> Merit Univ of Michigan, Ann Arbor & Merit Univ of Michigan, Ann Arbor -> NCSA, University of Illinois, Champaign",4,"MIDnet, Lincoln, NE","BARRnet, Palo Alto",1,9.4446815,"MIDnet, Lincoln, NE | NCSA, University of Illinois, Champaign | Merit Univ of Michigan, Ann Arbor | BARRnet, Palo Alto","MIDnet, Lincoln, NE->NCSA, University of Illinois, Champaign | NCSA, University of Illinois, Champaign->Merit Univ of Michigan, Ann Arbor | Merit Univ of Michigan, Ann Arbor->BARRnet, Palo Alto",1
27,nsfnet,7,1.2,linear_autoregressive,critical_failure_fixed,"NCSA, University of Illinois, Champaign -> Merit Univ of Michigan, Ann Arbor & Merit Univ of Michigan, Ann Arbor -> NCSA, University of Illinois, Champaign",5,Pittsburgh Supercomputer Center,"MIDnet, Lincoln, NE",1,9.0576527,"Pittsburgh Supercomputer Center | Merit Univ of Michigan, Ann Arbor | NCSA, University of Illinois, Champaign | MIDnet, Lincoln, NE","Pittsburgh Supercomputer Center->Merit Univ of Michigan, Ann Arbor | Merit Univ of Michigan, Ann Arbor->NCSA, University of Illinois, Champaign | NCSA, University of Illinois, Champaign->MIDnet, Lincoln, NE",1
27,nsfnet,7,1.2,linear_autoregressive,random_failure_fixed,"SEQSUINET, Rice University, Houston -> SURANET, Georgia Tech, Atlanta & SURANET, Georgia Tech, Atlanta -> SEQSUINET, Rice University, Houston",1,"SEQSUINET, Rice University, Houston","Jon Von Neumann Center, Princeton, NJ",1,9.3873609,"SEQSUINET, Rice University, Houston | SURANET, Georgia Tech, Atlanta | Jon Von Neumann Center, Princeton, NJ","SEQSUINET, Rice University, Houston->SURANET, Georgia Tech, Atlanta | SURANET, Georgia Tech, Atlanta->Jon Von Neumann Center, Princeton, NJ",1
27,nsfnet,7,1.2,linear_autoregressive,random_failure_fixed,"SEQSUINET, Rice University, Houston -> SURANET, Georgia Tech, Atlanta & SURANET, Georgia Tech, Atlanta -> SEQSUINET, Rice University, Houston",2,"NCSA, University of Illinois, Champaign","SURANET, Georgia Tech, Atlanta",1,9.260881,"NCSA, University of Illinois, Champaign | SEQSUINET, Rice University, Houston | SURANET, Georgia Tech, Atlanta","NCSA, University of Illinois, Champaign->SEQSUINET, Rice University, Houston | SEQSUINET, Rice University, Houston->SURANET, Georgia Tech, Atlanta",1
27,nsfnet,7,1.2,linear_autoregressive,random_failure_fixed,"SEQSUINET, Rice University, Houston -> SURANET, Georgia Tech, Atlanta & SURANET, Georgia Tech, Atlanta -> SEQSUINET, Rice University, Houston",3,"NCAR, Boulder","SURANET, Georgia Tech, Atlanta",1,8.676539,"NCAR, Boulder | NCSA, University of Illinois, Champaign | SEQSUINET, Rice University, Houston | SURANET, Georgia Tech, Atlanta","NCAR, Boulder->NCSA, University of Illinois, Champaign | NCSA, University of Illinois, Champaign->SEQSUINET, Rice University, Houston | SEQSUINET, Rice University, Houston->SURANET, Georgia Tech, Atlanta",1
27,nsfnet,7,1.2,linear_autoregressive,random_failure_fixed,"SEQSUINET, Rice University, Houston -> SURANET, Georgia Tech, Atlanta & SURANET, Georgia Tech, Atlanta -> SEQSUINET, Rice University, Houston",4,"SURANET, Georgia Tech, Atlanta","Merit Univ of Michigan, Ann Arbor",1,8.5854356,"SURANET, Georgia Tech, Atlanta | SEQSUINET, Rice University, Houston | NCSA, University of Illinois, Champaign | Merit Univ of Michigan, Ann Arbor","SURANET, Georgia Tech, Atlanta->SEQSUINET, Rice University, Houston | SEQSUINET, Rice University, Houston->NCSA, University of Illinois, Champaign | NCSA, University of Illinois, Champaign->Merit Univ of Michigan, Ann Arbor",1
27,nsfnet,7,1.2,linear_autoregressive,random_failure_fixed,"SEQSUINET, Rice University, Houston -> SURANET, Georgia Tech, Atlanta & SURANET, Georgia Tech, Atlanta -> SEQSUINET, Rice University, Houston",5,"SURANET, Georgia Tech, Atlanta","Westnet, Salt Lake City",1,8.4594435,"SURANET, Georgia Tech, Atlanta | SEQSUINET, Rice University, Houston | San Diego Supercomputer Center | BARRnet, Palo Alto | NorthWestNet, Seattle | NCAR, Boulder | Westnet, Salt Lake City","SURANET, Georgia Tech, Atlanta->SEQSUINET, Rice University, Houston | SEQSUINET, Rice University, Houston->San Diego Supercomputer Center | San Diego Supercomputer Center->BARRnet, Palo Alto | BARRnet, Palo Alto->NorthWestNet, Seattle | NorthWestNet, Seattle->NCAR, Boulder | NCAR, Boulder->Westnet, Salt Lake City",1
27,nsfnet,7,1.2,lstm,critical_failure_fixed,"NCSA, University of Illinois, Champaign -> Merit Univ of Michigan, Ann Arbor & Merit Univ of Michigan, Ann Arbor -> NCSA, University of Illinois, Champaign",1,"MIDnet, Lincoln, NE","BARRnet, Palo Alto",1,5.9942584,"MIDnet, Lincoln, NE | NCSA, University of Illinois, Champaign | Merit Univ of Michigan, Ann Arbor | BARRnet, Palo Alto","MIDnet, Lincoln, NE->NCSA, University of Illinois, Champaign | NCSA, University of Illinois, Champaign->Merit Univ of Michigan, Ann Arbor | Merit Univ of Michigan, Ann Arbor->BARRnet, Palo Alto",1
27,nsfnet,7,1.2,lstm,critical_failure_fixed,"NCSA, University of Illinois, Champaign -> Merit Univ of Michigan, Ann Arbor & Merit Univ of Michigan, Ann Arbor -> NCSA, University of Illinois, Champaign",2,"NCSA, University of Illinois, Champaign","Merit Univ of Michigan, Ann Arbor",1,5.9017167,"NCSA, University of Illinois, Champaign | Merit Univ of Michigan, Ann Arbor","NCSA, University of Illinois, Champaign->Merit Univ of Michigan, Ann Arbor",1
27,nsfnet,7,1.2,lstm,critical_failure_fixed,"NCSA, University of Illinois, Champaign -> Merit Univ of Michigan, Ann Arbor & Merit Univ of Michigan, Ann Arbor -> NCSA, University of Illinois, Champaign",3,"MIDnet, Lincoln, NE","Cornell Theory Center, Ithaca NY",1,5.8566198,"MIDnet, Lincoln, NE | NCSA, University of Illinois, Champaign | Merit Univ of Michigan, Ann Arbor | Cornell Theory Center, Ithaca NY","MIDnet, Lincoln, NE->NCSA, University of Illinois, Champaign | NCSA, University of Illinois, Champaign->Merit Univ of Michigan, Ann Arbor | Merit Univ of Michigan, Ann Arbor->Cornell Theory Center, Ithaca NY",1
27,nsfnet,7,1.2,lstm,critical_failure_fixed,"NCSA, University of Illinois, Champaign -> Merit Univ of Michigan, Ann Arbor & Merit Univ of Michigan, Ann Arbor -> NCSA, University of Illinois, Champaign",4,"NCSA, University of Illinois, Champaign","BARRnet, Palo Alto",1,5.8198299,"NCSA, University of Illinois, Champaign | Merit Univ of Michigan, Ann Arbor | BARRnet, Palo Alto","NCSA, University of Illinois, Champaign->Merit Univ of Michigan, Ann Arbor | Merit Univ of Michigan, Ann Arbor->BARRnet, Palo Alto",1
27,nsfnet,7,1.2,lstm,critical_failure_fixed,"NCSA, University of Illinois, Champaign -> Merit Univ of Michigan, Ann Arbor & Merit Univ of Michigan, Ann Arbor -> NCSA, University of Illinois, Champaign",5,Pittsburgh Supercomputer Center,"MIDnet, Lincoln, NE",1,5.6369033,"Pittsburgh Supercomputer Center | Merit Univ of Michigan, Ann Arbor | NCSA, University of Illinois, Champaign | MIDnet, Lincoln, NE","Pittsburgh Supercomputer Center->Merit Univ of Michigan, Ann Arbor | Merit Univ of Michigan, Ann Arbor->NCSA, University of Illinois, Champaign | NCSA, University of Illinois, Champaign->MIDnet, Lincoln, NE",1
27,nsfnet,7,1.2,lstm,random_failure_fixed,"SEQSUINET, Rice University, Houston -> SURANET, Georgia Tech, Atlanta & SURANET, Georgia Tech, Atlanta -> SEQSUINET, Rice University, Houston",1,"NCSA, University of Illinois, Champaign","SURANET, Georgia Tech, Atlanta",1,5.769763,"NCSA, University of Illinois, Champaign | SEQSUINET, Rice University, Houston | SURANET, Georgia Tech, Atlanta","NCSA, University of Illinois, Champaign->SEQSUINET, Rice University, Houston | SEQSUINET, Rice University, Houston->SURANET, Georgia Tech, Atlanta",1
27,nsfnet,7,1.2,lstm,random_failure_fixed,"SEQSUINET, Rice University, Houston -> SURANET, Georgia Tech, Atlanta & SURANET, Georgia Tech, Atlanta -> SEQSUINET, Rice University, Houston",2,"SEQSUINET, Rice University, Houston","Jon Von Neumann Center, Princeton, NJ",1,5.6662488,"SEQSUINET, Rice University, Houston | SURANET, Georgia Tech, Atlanta | Jon Von Neumann Center, Princeton, NJ","SEQSUINET, Rice University, Houston->SURANET, Georgia Tech, Atlanta | SURANET, Georgia Tech, Atlanta->Jon Von Neumann Center, Princeton, NJ",1
27,nsfnet,7,1.2,lstm,random_failure_fixed,"SEQSUINET, Rice University, Houston -> SURANET, Georgia Tech, Atlanta & SURANET, Georgia Tech, Atlanta -> SEQSUINET, Rice University, Houston",3,"SURANET, Georgia Tech, Atlanta","Merit Univ of Michigan, Ann Arbor",1,5.5222492,"SURANET, Georgia Tech, Atlanta | SEQSUINET, Rice University, Houston | NCSA, University of Illinois, Champaign | Merit Univ of Michigan, Ann Arbor","SURANET, Georgia Tech, Atlanta->SEQSUINET, Rice University, Houston | SEQSUINET, Rice University, Houston->NCSA, University of Illinois, Champaign | NCSA, University of Illinois, Champaign->Merit Univ of Michigan, Ann Arbor",1
27,nsfnet,7,1.2,lstm,random_failure_fixed,"SEQSUINET, Rice University, Houston -> SURANET, Georgia Tech, Atlanta & SURANET, Georgia Tech, Atlanta -> SEQSUINET, Rice University, Houston",4,"NCAR, Boulder","SURANET, Georgia Tech, Atlanta",1,5.4058099,"NCAR, Boulder | NCSA, University of Illinois, Champaign | SEQSUINET, Rice University, Houston | SURANET, Georgia Tech, Atlanta","NCAR, Boulder->NCSA, University of Illinois, Champaign | NCSA, University of Illinois, Champaign->SEQSUINET, Rice University, Houston | SEQSUINET, Rice University, Houston->SURANET, Georgia Tech, Atlanta",1
27,nsfnet,7,1.2,lstm,random_failure_fixed,"SEQSUINET, Rice University, Houston -> SURANET, Georgia Tech, Atlanta & SURANET, Georgia Tech, Atlanta -> SEQSUINET, Rice University, Houston",5,"SEQSUINET, Rice University, Houston","SURANET, Georgia Tech, Atlanta",1,5.2621913,"SEQSUINET, Rice University, Houston | SURANET, Georgia Tech, Atlanta","SEQSUINET, Rice University, Houston->SURANET, Georgia Tech, Atlanta",1
27,nsfnet,7,1.2,uncertainty_aware_lstm_robust_lp,critical_failure_fixed,"NCSA, University of Illinois, Champaign -> Merit Univ of Michigan, Ann Arbor & Merit Univ of Michigan, Ann Arbor -> NCSA, University of Illinois, Champaign",1,"NCSA, University of Illinois, Champaign","Merit Univ of Michigan, Ann Arbor",1,6.1837616,"NCSA, University of Illinois, Champaign | Merit Univ of Michigan, Ann Arbor","NCSA, University of Illinois, Champaign->Merit Univ of Michigan, Ann Arbor",1
27,nsfnet,7,1.2,uncertainty_aware_lstm_robust_lp,critical_failure_fixed,"NCSA, University of Illinois, Champaign -> Merit Univ of Michigan, Ann Arbor & Merit Univ of Michigan, Ann Arbor -> NCSA, University of Illinois, Champaign",2,"MIDnet, Lincoln, NE","Cornell Theory Center, Ithaca NY",1,6.142241,"MIDnet, Lincoln, NE | NCSA, University of Illinois, Champaign | Merit Univ of Michigan, Ann Arbor | Cornell Theory Center, Ithaca NY","MIDnet, Lincoln, NE->NCSA, University of Illinois, Champaign | NCSA, University of Illinois, Champaign->Merit Univ of Michigan, Ann Arbor | Merit Univ of Michigan, Ann Arbor->Cornell Theory Center, Ithaca NY",1
27,nsfnet,7,1.2,uncertainty_aware_lstm_robust_lp,critical_failure_fixed,"NCSA, University of Illinois, Champaign -> Merit Univ of Michigan, Ann Arbor & Merit Univ of Michigan, Ann Arbor -> NCSA, University of Illinois, Champaign",3,"NCSA, University of Illinois, Champaign","BARRnet, Palo Alto",1,6.089541,"NCSA, University of Illinois, Champaign | Merit Univ of Michigan, Ann Arbor | BARRnet, Palo Alto","NCSA, University of Illinois, Champaign->Merit Univ of Michigan, Ann Arbor | Merit Univ of Michigan, Ann Arbor->BARRnet, Palo Alto",1
27,nsfnet,7,1.2,uncertainty_aware_lstm_robust_lp,critical_failure_fixed,"NCSA, University of Illinois, Champaign -> Merit Univ of Michigan, Ann Arbor & Merit Univ of Michigan, Ann Arbor -> NCSA, University of Illinois, Champaign",4,Pittsburgh Supercomputer Center,"MIDnet, Lincoln, NE",1,5.8909855,"Pittsburgh Supercomputer Center | Merit Univ of Michigan, Ann Arbor | NCSA, University of Illinois, Champaign | MIDnet, Lincoln, NE","Pittsburgh Supercomputer Center->Merit Univ of Michigan, Ann Arbor | Merit Univ of Michigan, Ann Arbor->NCSA, University of Illinois, Champaign | NCSA, University of Illinois, Champaign->MIDnet, Lincoln, NE",1
27,nsfnet,7,1.2,uncertainty_aware_lstm_robust_lp,critical_failure_fixed,"NCSA, University of Illinois, Champaign -> Merit Univ of Michigan, Ann Arbor & Merit Univ of Michigan, Ann Arbor -> NCSA, University of Illinois, Champaign",5,"Westnet, Salt Lake City","Merit Univ of Michigan, Ann Arbor",1,5.7571735,"Westnet, Salt Lake City | NCAR, Boulder | NCSA, University of Illinois, Champaign | Merit Univ of Michigan, Ann Arbor","Westnet, Salt Lake City->NCAR, Boulder | NCAR, Boulder->NCSA, University of Illinois, Champaign | NCSA, University of Illinois, Champaign->Merit Univ of Michigan, Ann Arbor",1
27,nsfnet,7,1.2,uncertainty_aware_lstm_robust_lp,random_failure_fixed,"SEQSUINET, Rice University, Houston -> SURANET, Georgia Tech, Atlanta & SURANET, Georgia Tech, Atlanta -> SEQSUINET, Rice University, Houston",1,"NCSA, University of Illinois, Champaign","SURANET, Georgia Tech, Atlanta",1,6.0184751,"NCSA, University of Illinois, Champaign | SEQSUINET, Rice University, Houston | SURANET, Georgia Tech, Atlanta","NCSA, University of Illinois, Champaign->SEQSUINET, Rice University, Houston | SEQSUINET, Rice University, Houston->SURANET, Georgia Tech, Atlanta",1
27,nsfnet,7,1.2,uncertainty_aware_lstm_robust_lp,random_failure_fixed,"SEQSUINET, Rice University, Houston -> SURANET, Georgia Tech, Atlanta & SURANET, Georgia Tech, Atlanta -> SEQSUINET, Rice University, Houston",2,"SEQSUINET, Rice University, Houston","Jon Von Neumann Center, Princeton, NJ",1,5.9009705,"SEQSUINET, Rice University, Houston | SURANET, Georgia Tech, Atlanta | Jon Von Neumann Center, Princeton, NJ","SEQSUINET, Rice University, Houston->SURANET, Georgia Tech, Atlanta | SURANET, Georgia Tech, Atlanta->Jon Von Neumann Center, Princeton, NJ",1
27,nsfnet,7,1.2,uncertainty_aware_lstm_robust_lp,random_failure_fixed,"SEQSUINET, Rice University, Houston -> SURANET, Georgia Tech, Atlanta & SURANET, Georgia Tech, Atlanta -> SEQSUINET, Rice University, Houston",3,"NCAR, Boulder","SURANET, Georgia Tech, Atlanta",1,5.6343398,"NCAR, Boulder | NCSA, University of Illinois, Champaign | SEQSUINET, Rice University, Houston | SURANET, Georgia Tech, Atlanta","NCAR, Boulder->NCSA, University of Illinois, Champaign | NCSA, University of Illinois, Champaign->SEQSUINET, Rice University, Houston | SEQSUINET, Rice University, Houston->SURANET, Georgia Tech, Atlanta",1
27,nsfnet,7,1.2,uncertainty_aware_lstm_robust_lp,random_failure_fixed,"SEQSUINET, Rice University, Houston -> SURANET, Georgia Tech, Atlanta & SURANET, Georgia Tech, Atlanta -> SEQSUINET, Rice University, Houston",4,"SEQSUINET, Rice University, Houston","SURANET, Georgia Tech, Atlanta",1,5.503634,"SEQSUINET, Rice University, Houston | SURANET, Georgia Tech, Atlanta","SEQSUINET, Rice University, Houston->SURANET, Georgia Tech, Atlanta",1
27,nsfnet,7,1.2,uncertainty_aware_lstm_robust_lp,random_failure_fixed,"SEQSUINET, Rice University, Houston -> SURANET, Georgia Tech, Atlanta & SURANET, Georgia Tech, Atlanta -> SEQSUINET, Rice University, Houston",5,"SURANET, Georgia Tech, Atlanta","Westnet, Salt Lake City",1,5.1453729,"SURANET, Georgia Tech, Atlanta | SEQSUINET, Rice University, Houston | NCSA, University of Illinois, Champaign | NCAR, Boulder | Westnet, Salt Lake City","SURANET, Georgia Tech, Atlanta->SEQSUINET, Rice University, Houston | SEQSUINET, Rice University, Houston->NCSA, University of Illinois, Champaign | NCSA, University of Illinois, Champaign->NCAR, Boulder | NCAR, Boulder->Westnet, Salt Lake City",1
27,nsfnet,7,1.2,transformer,critical_failure_fixed,"NCSA, University of Illinois, Champaign -> Merit Univ of Michigan, Ann Arbor & Merit Univ of Michigan, Ann Arbor -> NCSA, University of Illinois, Champaign",1,"MIDnet, Lincoln, NE","BARRnet, Palo Alto",1,6.8832459,"MIDnet, Lincoln, NE | NCSA, University of Illinois, Champaign | Merit Univ of Michigan, Ann Arbor | BARRnet, Palo Alto","MIDnet, Lincoln, NE->NCSA, University of Illinois, Champaign | NCSA, University of Illinois, Champaign->Merit Univ of Michigan, Ann Arbor | Merit Univ of Michigan, Ann Arbor->BARRnet, Palo Alto",1
27,nsfnet,7,1.2,transformer,critical_failure_fixed,"NCSA, University of Illinois, Champaign -> Merit Univ of Michigan, Ann Arbor & Merit Univ of Michigan, Ann Arbor -> NCSA, University of Illinois, Champaign",2,"NCSA, University of Illinois, Champaign","Merit Univ of Michigan, Ann Arbor",1,6.7753911,"NCSA, University of Illinois, Champaign | Merit Univ of Michigan, Ann Arbor","NCSA, University of Illinois, Champaign->Merit Univ of Michigan, Ann Arbor",1
27,nsfnet,7,1.2,transformer,critical_failure_fixed,"NCSA, University of Illinois, Champaign -> Merit Univ of Michigan, Ann Arbor & Merit Univ of Michigan, Ann Arbor -> NCSA, University of Illinois, Champaign",3,"MIDnet, Lincoln, NE","Cornell Theory Center, Ithaca NY",1,6.7621546,"MIDnet, Lincoln, NE | NCSA, University of Illinois, Champaign | Merit Univ of Michigan, Ann Arbor | Cornell Theory Center, Ithaca NY","MIDnet, Lincoln, NE->NCSA, University of Illinois, Champaign | NCSA, University of Illinois, Champaign->Merit Univ of Michigan, Ann Arbor | Merit Univ of Michigan, Ann Arbor->Cornell Theory Center, Ithaca NY",1
27,nsfnet,7,1.2,transformer,critical_failure_fixed,"NCSA, University of Illinois, Champaign -> Merit Univ of Michigan, Ann Arbor & Merit Univ of Michigan, Ann Arbor -> NCSA, University of Illinois, Champaign",4,"NCSA, University of Illinois, Champaign","BARRnet, Palo Alto",1,6.545589,"NCSA, University of Illinois, Champaign | Merit Univ of Michigan, Ann Arbor | BARRnet, Palo Alto","NCSA, University of Illinois, Champaign->Merit Univ of Michigan, Ann Arbor | Merit Univ of Michigan, Ann Arbor->BARRnet, Palo Alto",1
27,nsfnet,7,1.2,transformer,critical_failure_fixed,"NCSA, University of Illinois, Champaign -> Merit Univ of Michigan, Ann Arbor & Merit Univ of Michigan, Ann Arbor -> NCSA, University of Illinois, Champaign",5,Pittsburgh Supercomputer Center,"MIDnet, Lincoln, NE",1,6.4277658,"Pittsburgh Supercomputer Center | Merit Univ of Michigan, Ann Arbor | NCSA, University of Illinois, Champaign | MIDnet, Lincoln, NE","Pittsburgh Supercomputer Center->Merit Univ of Michigan, Ann Arbor | Merit Univ of Michigan, Ann Arbor->NCSA, University of Illinois, Champaign | NCSA, University of Illinois, Champaign->MIDnet, Lincoln, NE",1
27,nsfnet,7,1.2,transformer,random_failure_fixed,"SEQSUINET, Rice University, Houston -> SURANET, Georgia Tech, Atlanta & SURANET, Georgia Tech, Atlanta -> SEQSUINET, Rice University, Houston",1,"NCSA, University of Illinois, Champaign","SURANET, Georgia Tech, Atlanta",1,6.5297022,"NCSA, University of Illinois, Champaign | SEQSUINET, Rice University, Houston | SURANET, Georgia Tech, Atlanta","NCSA, University of Illinois, Champaign->SEQSUINET, Rice University, Houston | SEQSUINET, Rice University, Houston->SURANET, Georgia Tech, Atlanta",1
27,nsfnet,7,1.2,transformer,random_failure_fixed,"SEQSUINET, Rice University, Houston -> SURANET, Georgia Tech, Atlanta & SURANET, Georgia Tech, Atlanta -> SEQSUINET, Rice University, Houston",2,"SEQSUINET, Rice University, Houston","Jon Von Neumann Center, Princeton, NJ",1,6.4000764,"SEQSUINET, Rice University, Houston | SURANET, Georgia Tech, Atlanta | Jon Von Neumann Center, Princeton, NJ","SEQSUINET, Rice University, Houston->SURANET, Georgia Tech, Atlanta | SURANET, Georgia Tech, Atlanta->Jon Von Neumann Center, Princeton, NJ",1
27,nsfnet,7,1.2,transformer,random_failure_fixed,"SEQSUINET, Rice University, Houston -> SURANET, Georgia Tech, Atlanta & SURANET, Georgia Tech, Atlanta -> SEQSUINET, Rice University, Houston",3,"NCAR, Boulder","SURANET, Georgia Tech, Atlanta",1,6.2171507,"NCAR, Boulder | NCSA, University of Illinois, Champaign | SEQSUINET, Rice University, Houston | SURANET, Georgia Tech, Atlanta","NCAR, Boulder->NCSA, University of Illinois, Champaign | NCSA, University of Illinois, Champaign->SEQSUINET, Rice University, Houston | SEQSUINET, Rice University, Houston->SURANET, Georgia Tech, Atlanta",1
27,nsfnet,7,1.2,transformer,random_failure_fixed,"SEQSUINET, Rice University, Houston -> SURANET, Georgia Tech, Atlanta & SURANET, Georgia Tech, Atlanta -> SEQSUINET, Rice University, Houston",4,"SURANET, Georgia Tech, Atlanta","Merit Univ of Michigan, Ann Arbor",1,6.1810284,"SURANET, Georgia Tech, Atlanta | SEQSUINET, Rice University, Houston | NCSA, University of Illinois, Champaign | Merit Univ of Michigan, Ann Arbor","SURANET, Georgia Tech, Atlanta->SEQSUINET, Rice University, Houston | SEQSUINET, Rice University, Houston->NCSA, University of Illinois, Champaign | NCSA, University of Illinois, Champaign->Merit Univ of Michigan, Ann Arbor",1
27,nsfnet,7,1.2,transformer,random_failure_fixed,"SEQSUINET, Rice University, Houston -> SURANET, Georgia Tech, Atlanta & SURANET, Georgia Tech, Atlanta -> SEQSUINET, Rice University, Houston",5,"SEQSUINET, Rice University, Houston","SURANET, Georgia Tech, Atlanta",1,6.0654492,"SEQSUINET, Rice University, Houston | SURANET, Georgia Tech, Atlanta","SEQSUINET, Rice University, Houston->SURANET, Georgia Tech, Atlanta",1
28,nsfnet,7,1.2,current_demand_lp,critical_failure_fixed,"NCSA, University of Illinois, Champaign -> Merit Univ of Michigan, Ann Arbor & Merit Univ of Michigan, Ann Arbor -> NCSA, University of Illinois, Champaign",1,"NCSA, University of Illinois, Champaign","BARRnet, Palo Alto",1,8.8288834,"NCSA, University of Illinois, Champaign | Merit Univ of Michigan, Ann Arbor | BARRnet, Palo Alto","NCSA, University of Illinois, Champaign->Merit Univ of Michigan, Ann Arbor | Merit Univ of Michigan, Ann Arbor->BARRnet, Palo Alto",1
28,nsfnet,7,1.2,current_demand_lp,critical_failure_fixed,"NCSA, University of Illinois, Champaign -> Merit Univ of Michigan, Ann Arbor & Merit Univ of Michigan, Ann Arbor -> NCSA, University of Illinois, Champaign",2,"MIDnet, Lincoln, NE","Cornell Theory Center, Ithaca NY",1,8.7600513,"MIDnet, Lincoln, NE | NCSA, University of Illinois, Champaign | Merit Univ of Michigan, Ann Arbor | Cornell Theory Center, Ithaca NY","MIDnet, Lincoln, NE->NCSA, University of Illinois, Champaign | NCSA, University of Illinois, Champaign->Merit Univ of Michigan, Ann Arbor | Merit Univ of Michigan, Ann Arbor->Cornell Theory Center, Ithaca NY",1
28,nsfnet,7,1.2,current_demand_lp,critical_failure_fixed,"NCSA, University of Illinois, Champaign -> Merit Univ of Michigan, Ann Arbor & Merit Univ of Michigan, Ann Arbor -> NCSA, University of Illinois, Champaign",3,"MIDnet, Lincoln, NE","BARRnet, Palo Alto",1,8.4501245,"MIDnet, Lincoln, NE | NCSA, University of Illinois, Champaign | Merit Univ of Michigan, Ann Arbor | BARRnet, Palo Alto","MIDnet, Lincoln, NE->NCSA, University of Illinois, Champaign | NCSA, University of Illinois, Champaign->Merit Univ of Michigan, Ann Arbor | Merit Univ of Michigan, Ann Arbor->BARRnet, Palo Alto",1
28,nsfnet,7,1.2,current_demand_lp,critical_failure_fixed,"NCSA, University of Illinois, Champaign -> Merit Univ of Michigan, Ann Arbor & Merit Univ of Michigan, Ann Arbor -> NCSA, University of Illinois, Champaign",4,"NCSA, University of Illinois, Champaign","Merit Univ of Michigan, Ann Arbor",1,8.4151866,"NCSA, University of Illinois, Champaign | Merit Univ of Michigan, Ann Arbor","NCSA, University of Illinois, Champaign->Merit Univ of Michigan, Ann Arbor",1
28,nsfnet,7,1.2,current_demand_lp,critical_failure_fixed,"NCSA, University of Illinois, Champaign -> Merit Univ of Michigan, Ann Arbor & Merit Univ of Michigan, Ann Arbor -> NCSA, University of Illinois, Champaign",5,Pittsburgh Supercomputer Center,"MIDnet, Lincoln, NE",1,8.0288517,"Pittsburgh Supercomputer Center | Merit Univ of Michigan, Ann Arbor | NCSA, University of Illinois, Champaign | MIDnet, Lincoln, NE","Pittsburgh Supercomputer Center->Merit Univ of Michigan, Ann Arbor | Merit Univ of Michigan, Ann Arbor->NCSA, University of Illinois, Champaign | NCSA, University of Illinois, Champaign->MIDnet, Lincoln, NE",1
28,nsfnet,7,1.2,current_demand_lp,random_failure_fixed,"BARRnet, Palo Alto -> Merit Univ of Michigan, Ann Arbor & Merit Univ of Michigan, Ann Arbor -> BARRnet, Palo Alto",1,"Cornell Theory Center, Ithaca NY","BARRnet, Palo Alto",1,9.0660595,"Cornell Theory Center, Ithaca NY | Merit Univ of Michigan, Ann Arbor | BARRnet, Palo Alto","Cornell Theory Center, Ithaca NY->Merit Univ of Michigan, Ann Arbor | Merit Univ of Michigan, Ann Arbor->BARRnet, Palo Alto",1
28,nsfnet,7,1.2,current_demand_lp,random_failure_fixed,"BARRnet, Palo Alto -> Merit Univ of Michigan, Ann Arbor & Merit Univ of Michigan, Ann Arbor -> BARRnet, Palo Alto",2,"Jon Von Neumann Center, Princeton, NJ","BARRnet, Palo Alto",1,8.955605,"Jon Von Neumann Center, Princeton, NJ | Cornell Theory Center, Ithaca NY | Merit Univ of Michigan, Ann Arbor | BARRnet, Palo Alto","Jon Von Neumann Center, Princeton, NJ->Cornell Theory Center, Ithaca NY | Cornell Theory Center, Ithaca NY->Merit Univ of Michigan, Ann Arbor | Merit Univ of Michigan, Ann Arbor->BARRnet, Palo Alto",1
28,nsfnet,7,1.2,current_demand_lp,random_failure_fixed,"BARRnet, Palo Alto -> Merit Univ of Michigan, Ann Arbor & Merit Univ of Michigan, Ann Arbor -> BARRnet, Palo Alto",3,"NorthWestNet, Seattle",Pittsburgh Supercomputer Center,1,8.8375913,"NorthWestNet, Seattle | BARRnet, Palo Alto | Merit Univ of Michigan, Ann Arbor | Pittsburgh Supercomputer Center","NorthWestNet, Seattle->BARRnet, Palo Alto | BARRnet, Palo Alto->Merit Univ of Michigan, Ann Arbor | Merit Univ of Michigan, Ann Arbor->Pittsburgh Supercomputer Center",1
28,nsfnet,7,1.2,current_demand_lp,random_failure_fixed,"BARRnet, Palo Alto -> Merit Univ of Michigan, Ann Arbor & Merit Univ of Michigan, Ann Arbor -> BARRnet, Palo Alto",4,"NCSA, University of Illinois, Champaign","BARRnet, Palo Alto",1,8.8288834,"NCSA, University of Illinois, Champaign | Merit Univ of Michigan, Ann Arbor | BARRnet, Palo Alto","NCSA, University of Illinois, Champaign->Merit Univ of Michigan, Ann Arbor | Merit Univ of Michigan, Ann Arbor->BARRnet, Palo Alto",1
28,nsfnet,7,1.2,current_demand_lp,random_failure_fixed,"BARRnet, Palo Alto -> Merit Univ of Michigan, Ann Arbor & Merit Univ of Michigan, Ann Arbor -> BARRnet, Palo Alto",5,"Merit Univ of Michigan, Ann Arbor","NorthWestNet, Seattle",1,8.6256448,"Merit Univ of Michigan, Ann Arbor | BARRnet, Palo Alto | NorthWestNet, Seattle","Merit Univ of Michigan, Ann Arbor->BARRnet, Palo Alto | BARRnet, Palo Alto->NorthWestNet, Seattle",1
28,nsfnet,7,1.2,robust_current_demand_lp,critical_failure_fixed,"NCSA, University of Illinois, Champaign -> Merit Univ of Michigan, Ann Arbor & Merit Univ of Michigan, Ann Arbor -> NCSA, University of Illinois, Champaign",1,"NCSA, University of Illinois, Champaign","BARRnet, Palo Alto",1,8.8288834,"NCSA, University of Illinois, Champaign | Merit Univ of Michigan, Ann Arbor | BARRnet, Palo Alto","NCSA, University of Illinois, Champaign->Merit Univ of Michigan, Ann Arbor | Merit Univ of Michigan, Ann Arbor->BARRnet, Palo Alto",1
28,nsfnet,7,1.2,robust_current_demand_lp,critical_failure_fixed,"NCSA, University of Illinois, Champaign -> Merit Univ of Michigan, Ann Arbor & Merit Univ of Michigan, Ann Arbor -> NCSA, University of Illinois, Champaign",2,"MIDnet, Lincoln, NE","Cornell Theory Center, Ithaca NY",1,8.7600513,"MIDnet, Lincoln, NE | NCSA, University of Illinois, Champaign | Merit Univ of Michigan, Ann Arbor | Cornell Theory Center, Ithaca NY","MIDnet, Lincoln, NE->NCSA, University of Illinois, Champaign | NCSA, University of Illinois, Champaign->Merit Univ of Michigan, Ann Arbor | Merit Univ of Michigan, Ann Arbor->Cornell Theory Center, Ithaca NY",1
28,nsfnet,7,1.2,robust_current_demand_lp,critical_failure_fixed,"NCSA, University of Illinois, Champaign -> Merit Univ of Michigan, Ann Arbor & Merit Univ of Michigan, Ann Arbor -> NCSA, University of Illinois, Champaign",3,"NCSA, University of Illinois, Champaign","Merit Univ of Michigan, Ann Arbor",1,8.4151866,"NCSA, University of Illinois, Champaign | Merit Univ of Michigan, Ann Arbor","NCSA, University of Illinois, Champaign->Merit Univ of Michigan, Ann Arbor",1
28,nsfnet,7,1.2,robust_current_demand_lp,critical_failure_fixed,"NCSA, University of Illinois, Champaign -> Merit Univ of Michigan, Ann Arbor & Merit Univ of Michigan, Ann Arbor -> NCSA, University of Illinois, Champaign",4,Pittsburgh Supercomputer Center,"MIDnet, Lincoln, NE",1,8.0288517,"Pittsburgh Supercomputer Center | Merit Univ of Michigan, Ann Arbor | NCSA, University of Illinois, Champaign | MIDnet, Lincoln, NE","Pittsburgh Supercomputer Center->Merit Univ of Michigan, Ann Arbor | Merit Univ of Michigan, Ann Arbor->NCSA, University of Illinois, Champaign | NCSA, University of Illinois, Champaign->MIDnet, Lincoln, NE",1
28,nsfnet,7,1.2,robust_current_demand_lp,critical_failure_fixed,"NCSA, University of Illinois, Champaign -> Merit Univ of Michigan, Ann Arbor & Merit Univ of Michigan, Ann Arbor -> NCSA, University of Illinois, Champaign",5,"MIDnet, Lincoln, NE","BARRnet, Palo Alto",1,7.8288209,"MIDnet, Lincoln, NE | NCSA, University of Illinois, Champaign | Merit Univ of Michigan, Ann Arbor | BARRnet, Palo Alto","MIDnet, Lincoln, NE->NCSA, University of Illinois, Champaign | NCSA, University of Illinois, Champaign->Merit Univ of Michigan, Ann Arbor | Merit Univ of Michigan, Ann Arbor->BARRnet, Palo Alto",1
28,nsfnet,7,1.2,robust_current_demand_lp,critical_failure_fixed,"NCSA, University of Illinois, Champaign -> Merit Univ of Michigan, Ann Arbor & Merit Univ of Michigan, Ann Arbor -> NCSA, University of Illinois, Champaign",5,"MIDnet, Lincoln, NE","BARRnet, Palo Alto",2,0.6213035999999992,"MIDnet, Lincoln, NE | NCSA, University of Illinois, Champaign | SEQSUINET, Rice University, Houston | San Diego Supercomputer Center | BARRnet, Palo Alto","MIDnet, Lincoln, NE->NCSA, University of Illinois, Champaign | NCSA, University of Illinois, Champaign->SEQSUINET, Rice University, Houston | SEQSUINET, Rice University, Houston->San Diego Supercomputer Center | San Diego Supercomputer Center->BARRnet, Palo Alto",0
28,nsfnet,7,1.2,robust_current_demand_lp,random_failure_fixed,"BARRnet, Palo Alto -> Merit Univ of Michigan, Ann Arbor & Merit Univ of Michigan, Ann Arbor -> BARRnet, Palo Alto",1,"Cornell Theory Center, Ithaca NY","BARRnet, Palo Alto",1,9.0660595,"Cornell Theory Center, Ithaca NY | Merit Univ of Michigan, Ann Arbor | BARRnet, Palo Alto","Cornell Theory Center, Ithaca NY->Merit Univ of Michigan, Ann Arbor | Merit Univ of Michigan, Ann Arbor->BARRnet, Palo Alto",1
28,nsfnet,7,1.2,robust_current_demand_lp,random_failure_fixed,"BARRnet, Palo Alto -> Merit Univ of Michigan, Ann Arbor & Merit Univ of Michigan, Ann Arbor -> BARRnet, Palo Alto",2,"Jon Von Neumann Center, Princeton, NJ","BARRnet, Palo Alto",1,8.955605,"Jon Von Neumann Center, Princeton, NJ | Cornell Theory Center, Ithaca NY | Merit Univ of Michigan, Ann Arbor | BARRnet, Palo Alto","Jon Von Neumann Center, Princeton, NJ->Cornell Theory Center, Ithaca NY | Cornell Theory Center, Ithaca NY->Merit Univ of Michigan, Ann Arbor | Merit Univ of Michigan, Ann Arbor->BARRnet, Palo Alto",1
28,nsfnet,7,1.2,robust_current_demand_lp,random_failure_fixed,"BARRnet, Palo Alto -> Merit Univ of Michigan, Ann Arbor & Merit Univ of Michigan, Ann Arbor -> BARRnet, Palo Alto",3,"NorthWestNet, Seattle",Pittsburgh Supercomputer Center,1,8.8375913,"NorthWestNet, Seattle | BARRnet, Palo Alto | Merit Univ of Michigan, Ann Arbor | Pittsburgh Supercomputer Center","NorthWestNet, Seattle->BARRnet, Palo Alto | BARRnet, Palo Alto->Merit Univ of Michigan, Ann Arbor | Merit Univ of Michigan, Ann Arbor->Pittsburgh Supercomputer Center",1
28,nsfnet,7,1.2,robust_current_demand_lp,random_failure_fixed,"BARRnet, Palo Alto -> Merit Univ of Michigan, Ann Arbor & Merit Univ of Michigan, Ann Arbor -> BARRnet, Palo Alto",4,"NCSA, University of Illinois, Champaign","BARRnet, Palo Alto",1,8.8288834,"NCSA, University of Illinois, Champaign | Merit Univ of Michigan, Ann Arbor | BARRnet, Palo Alto","NCSA, University of Illinois, Champaign->Merit Univ of Michigan, Ann Arbor | Merit Univ of Michigan, Ann Arbor->BARRnet, Palo Alto",1
28,nsfnet,7,1.2,robust_current_demand_lp,random_failure_fixed,"BARRnet, Palo Alto -> Merit Univ of Michigan, Ann Arbor & Merit Univ of Michigan, Ann Arbor -> BARRnet, Palo Alto",5,"Merit Univ of Michigan, Ann Arbor","NorthWestNet, Seattle",1,8.6256448,"Merit Univ of Michigan, Ann Arbor | BARRnet, Palo Alto | NorthWestNet, Seattle","Merit Univ of Michigan, Ann Arbor->BARRnet, Palo Alto | BARRnet, Palo Alto->NorthWestNet, Seattle",1
28,nsfnet,7,1.2,moving_average,critical_failure_fixed,"NCSA, University of Illinois, Champaign -> Merit Univ of Michigan, Ann Arbor & Merit Univ of Michigan, Ann Arbor -> NCSA, University of Illinois, Champaign",1,"NCSA, University of Illinois, Champaign","Merit Univ of Michigan, Ann Arbor",1,7.7087855,"NCSA, University of Illinois, Champaign | Merit Univ of Michigan, Ann Arbor","NCSA, University of Illinois, Champaign->Merit Univ of Michigan, Ann Arbor",1
28,nsfnet,7,1.2,moving_average,critical_failure_fixed,"NCSA, University of Illinois, Champaign -> Merit Univ of Michigan, Ann Arbor & Merit Univ of Michigan, Ann Arbor -> NCSA, University of Illinois, Champaign",2,"MIDnet, Lincoln, NE","BARRnet, Palo Alto",1,7.6677279,"MIDnet, Lincoln, NE | NCSA, University of Illinois, Champaign | Merit Univ of Michigan, Ann Arbor | BARRnet, Palo Alto","MIDnet, Lincoln, NE->NCSA, University of Illinois, Champaign | NCSA, University of Illinois, Champaign->Merit Univ of Michigan, Ann Arbor | Merit Univ of Michigan, Ann Arbor->BARRnet, Palo Alto",1
28,nsfnet,7,1.2,moving_average,critical_failure_fixed,"NCSA, University of Illinois, Champaign -> Merit Univ of Michigan, Ann Arbor & Merit Univ of Michigan, Ann Arbor -> NCSA, University of Illinois, Champaign",3,"MIDnet, Lincoln, NE","Cornell Theory Center, Ithaca NY",1,7.6438946,"MIDnet, Lincoln, NE | NCSA, University of Illinois, Champaign | Merit Univ of Michigan, Ann Arbor | Cornell Theory Center, Ithaca NY","MIDnet, Lincoln, NE->NCSA, University of Illinois, Champaign | NCSA, University of Illinois, Champaign->Merit Univ of Michigan, Ann Arbor | Merit Univ of Michigan, Ann Arbor->Cornell Theory Center, Ithaca NY",1
28,nsfnet,7,1.2,moving_average,critical_failure_fixed,"NCSA, University of Illinois, Champaign -> Merit Univ of Michigan, Ann Arbor & Merit Univ of Michigan, Ann Arbor -> NCSA, University of Illinois, Champaign",4,"NCSA, University of Illinois, Champaign","BARRnet, Palo Alto",1,7.4918779,"NCSA, University of Illinois, Champaign | Merit Univ of Michigan, Ann Arbor | BARRnet, Palo Alto","NCSA, University of Illinois, Champaign->Merit Univ of Michigan, Ann Arbor | Merit Univ of Michigan, Ann Arbor->BARRnet, Palo Alto",1
28,nsfnet,7,1.2,moving_average,critical_failure_fixed,"NCSA, University of Illinois, Champaign -> Merit Univ of Michigan, Ann Arbor & Merit Univ of Michigan, Ann Arbor -> NCSA, University of Illinois, Champaign",5,"SURANET, Georgia Tech, Atlanta","Merit Univ of Michigan, Ann Arbor",1,7.0637218,"SURANET, Georgia Tech, Atlanta | SEQSUINET, Rice University, Houston | NCSA, University of Illinois, Champaign | Merit Univ of Michigan, Ann Arbor","SURANET, Georgia Tech, Atlanta->SEQSUINET, Rice University, Houston | SEQSUINET, Rice University, Houston->NCSA, University of Illinois, Champaign | NCSA, University of Illinois, Champaign->Merit Univ of Michigan, Ann Arbor",1
28,nsfnet,7,1.2,moving_average,random_failure_fixed,"BARRnet, Palo Alto -> Merit Univ of Michigan, Ann Arbor & Merit Univ of Michigan, Ann Arbor -> BARRnet, Palo Alto",1,"Jon Von Neumann Center, Princeton, NJ","BARRnet, Palo Alto",1,7.7103139,"Jon Von Neumann Center, Princeton, NJ | Cornell Theory Center, Ithaca NY | Merit Univ of Michigan, Ann Arbor | BARRnet, Palo Alto","Jon Von Neumann Center, Princeton, NJ->Cornell Theory Center, Ithaca NY | Cornell Theory Center, Ithaca NY->Merit Univ of Michigan, Ann Arbor | Merit Univ of Michigan, Ann Arbor->BARRnet, Palo Alto",1
28,nsfnet,7,1.2,moving_average,random_failure_fixed,"BARRnet, Palo Alto -> Merit Univ of Michigan, Ann Arbor & Merit Univ of Michigan, Ann Arbor -> BARRnet, Palo Alto",2,"NorthWestNet, Seattle",Pittsburgh Supercomputer Center,1,7.6947951,"NorthWestNet, Seattle | BARRnet, Palo Alto | Merit Univ of Michigan, Ann Arbor | Pittsburgh Supercomputer Center","NorthWestNet, Seattle->BARRnet, Palo Alto | BARRnet, Palo Alto->Merit Univ of Michigan, Ann Arbor | Merit Univ of Michigan, Ann Arbor->Pittsburgh Supercomputer Center",1
28,nsfnet,7,1.2,moving_average,random_failure_fixed,"BARRnet, Palo Alto -> Merit Univ of Michigan, Ann Arbor & Merit Univ of Michigan, Ann Arbor -> BARRnet, Palo Alto",3,"MIDnet, Lincoln, NE","BARRnet, Palo Alto",1,7.6677279,"MIDnet, Lincoln, NE | NCSA, University of Illinois, Champaign | Merit Univ of Michigan, Ann Arbor | BARRnet, Palo Alto","MIDnet, Lincoln, NE->NCSA, University of Illinois, Champaign | NCSA, University of Illinois, Champaign->Merit Univ of Michigan, Ann Arbor | Merit Univ of Michigan, Ann Arbor->BARRnet, Palo Alto",1
28,nsfnet,7,1.2,moving_average,random_failure_fixed,"BARRnet, Palo Alto -> Merit Univ of Michigan, Ann Arbor & Merit Univ of Michigan, Ann Arbor -> BARRnet, Palo Alto",4,"Cornell Theory Center, Ithaca NY","BARRnet, Palo Alto",1,7.6387039,"Cornell Theory Center, Ithaca NY | Merit Univ of Michigan, Ann Arbor | BARRnet, Palo Alto","Cornell Theory Center, Ithaca NY->Merit Univ of Michigan, Ann Arbor | Merit Univ of Michigan, Ann Arbor->BARRnet, Palo Alto",1
28,nsfnet,7,1.2,moving_average,random_failure_fixed,"BARRnet, Palo Alto -> Merit Univ of Michigan, Ann Arbor & Merit Univ of Michigan, Ann Arbor -> BARRnet, Palo Alto",5,"NCSA, University of Illinois, Champaign","BARRnet, Palo Alto",1,7.4918779,"NCSA, University of Illinois, Champaign | Merit Univ of Michigan, Ann Arbor | BARRnet, Palo Alto","NCSA, University of Illinois, Champaign->Merit Univ of Michigan, Ann Arbor | Merit Univ of Michigan, Ann Arbor->BARRnet, Palo Alto",1
28,nsfnet,7,1.2,linear_autoregressive,critical_failure_fixed,"NCSA, University of Illinois, Champaign -> Merit Univ of Michigan, Ann Arbor & Merit Univ of Michigan, Ann Arbor -> NCSA, University of Illinois, Champaign",1,"MIDnet, Lincoln, NE","BARRnet, Palo Alto",1,8.4019108,"MIDnet, Lincoln, NE | NCSA, University of Illinois, Champaign | Merit Univ of Michigan, Ann Arbor | BARRnet, Palo Alto","MIDnet, Lincoln, NE->NCSA, University of Illinois, Champaign | NCSA, University of Illinois, Champaign->Merit Univ of Michigan, Ann Arbor | Merit Univ of Michigan, Ann Arbor->BARRnet, Palo Alto",1
28,nsfnet,7,1.2,linear_autoregressive,critical_failure_fixed,"NCSA, University of Illinois, Champaign -> Merit Univ of Michigan, Ann Arbor & Merit Univ of Michigan, Ann Arbor -> NCSA, University of Illinois, Champaign",2,"MIDnet, Lincoln, NE","Cornell Theory Center, Ithaca NY",1,8.3447127,"MIDnet, Lincoln, NE | NCSA, University of Illinois, Champaign | Merit Univ of Michigan, Ann Arbor | Cornell Theory Center, Ithaca NY","MIDnet, Lincoln, NE->NCSA, University of Illinois, Champaign | NCSA, University of Illinois, Champaign->Merit Univ of Michigan, Ann Arbor | Merit Univ of Michigan, Ann Arbor->Cornell Theory Center, Ithaca NY",1
28,nsfnet,7,1.2,linear_autoregressive,critical_failure_fixed,"NCSA, University of Illinois, Champaign -> Merit Univ of Michigan, Ann Arbor & Merit Univ of Michigan, Ann Arbor -> NCSA, University of Illinois, Champaign",3,"NCSA, University of Illinois, Champaign","Merit Univ of Michigan, Ann Arbor",1,8.3212099,"NCSA, University of Illinois, Champaign | Merit Univ of Michigan, Ann Arbor","NCSA, University of Illinois, Champaign->Merit Univ of Michigan, Ann Arbor",1
28,nsfnet,7,1.2,linear_autoregressive,critical_failure_fixed,"NCSA, University of Illinois, Champaign -> Merit Univ of Michigan, Ann Arbor & Merit Univ of Michigan, Ann Arbor -> NCSA, University of Illinois, Champaign",4,"NCSA, University of Illinois, Champaign","BARRnet, Palo Alto",1,8.1952461,"NCSA, University of Illinois, Champaign | Merit Univ of Michigan, Ann Arbor | BARRnet, Palo Alto","NCSA, University of Illinois, Champaign->Merit Univ of Michigan, Ann Arbor | Merit Univ of Michigan, Ann Arbor->BARRnet, Palo Alto",1
28,nsfnet,7,1.2,linear_autoregressive,critical_failure_fixed,"NCSA, University of Illinois, Champaign -> Merit Univ of Michigan, Ann Arbor & Merit Univ of Michigan, Ann Arbor -> NCSA, University of Illinois, Champaign",5,Pittsburgh Supercomputer Center,"MIDnet, Lincoln, NE",1,7.8483532,"Pittsburgh Supercomputer Center | Merit Univ of Michigan, Ann Arbor | NCSA, University of Illinois, Champaign | MIDnet, Lincoln, NE","Pittsburgh Supercomputer Center->Merit Univ of Michigan, Ann Arbor | Merit Univ of Michigan, Ann Arbor->NCSA, University of Illinois, Champaign | NCSA, University of Illinois, Champaign->MIDnet, Lincoln, NE",1
28,nsfnet,7,1.2,linear_autoregressive,random_failure_fixed,"BARRnet, Palo Alto -> Merit Univ of Michigan, Ann Arbor & Merit Univ of Michigan, Ann Arbor -> BARRnet, Palo Alto",1,"Cornell Theory Center, Ithaca NY","BARRnet, Palo Alto",1,8.4734477,"Cornell Theory Center, Ithaca NY | Merit Univ of Michigan, Ann Arbor | BARRnet, Palo Alto","Cornell Theory Center, Ithaca NY->Merit Univ of Michigan, Ann Arbor | Merit Univ of Michigan, Ann Arbor->BARRnet, Palo Alto",1
28,nsfnet,7,1.2,linear_autoregressive,random_failure_fixed,"BARRnet, Palo Alto -> Merit Univ of Michigan, Ann Arbor & Merit Univ of Michigan, Ann Arbor -> BARRnet, Palo Alto",2,"Jon Von Neumann Center, Princeton, NJ","BARRnet, Palo Alto",1,8.4189616,"Jon Von Neumann Center, Princeton, NJ | Cornell Theory Center, Ithaca NY | Merit Univ of Michigan, Ann Arbor | BARRnet, Palo Alto","Jon Von Neumann Center, Princeton, NJ->Cornell Theory Center, Ithaca NY | Cornell Theory Center, Ithaca NY->Merit Univ of Michigan, Ann Arbor | Merit Univ of Michigan, Ann Arbor->BARRnet, Palo Alto",1
28,nsfnet,7,1.2,linear_autoregressive,random_failure_fixed,"BARRnet, Palo Alto -> Merit Univ of Michigan, Ann Arbor & Merit Univ of Michigan, Ann Arbor -> BARRnet, Palo Alto",3,"MIDnet, Lincoln, NE","BARRnet, Palo Alto",1,8.4019108,"MIDnet, Lincoln, NE | NCSA, University of Illinois, Champaign | Merit Univ of Michigan, Ann Arbor | BARRnet, Palo Alto","MIDnet, Lincoln, NE->NCSA, University of Illinois, Champaign | NCSA, University of Illinois, Champaign->Merit Univ of Michigan, Ann Arbor | Merit Univ of Michigan, Ann Arbor->BARRnet, Palo Alto",1
28,nsfnet,7,1.2,linear_autoregressive,random_failure_fixed,"BARRnet, Palo Alto -> Merit Univ of Michigan, Ann Arbor & Merit Univ of Michigan, Ann Arbor -> BARRnet, Palo Alto",4,"NorthWestNet, Seattle",Pittsburgh Supercomputer Center,1,8.2243741,"NorthWestNet, Seattle | BARRnet, Palo Alto | Merit Univ of Michigan, Ann Arbor | Pittsburgh Supercomputer Center","NorthWestNet, Seattle->BARRnet, Palo Alto | BARRnet, Palo Alto->Merit Univ of Michigan, Ann Arbor | Merit Univ of Michigan, Ann Arbor->Pittsburgh Supercomputer Center",1
28,nsfnet,7,1.2,linear_autoregressive,random_failure_fixed,"BARRnet, Palo Alto -> Merit Univ of Michigan, Ann Arbor & Merit Univ of Michigan, Ann Arbor -> BARRnet, Palo Alto",5,"NCSA, University of Illinois, Champaign","BARRnet, Palo Alto",1,8.1952461,"NCSA, University of Illinois, Champaign | Merit Univ of Michigan, Ann Arbor | BARRnet, Palo Alto","NCSA, University of Illinois, Champaign->Merit Univ of Michigan, Ann Arbor | Merit Univ of Michigan, Ann Arbor->BARRnet, Palo Alto",1
28,nsfnet,7,1.2,lstm,critical_failure_fixed,"NCSA, University of Illinois, Champaign -> Merit Univ of Michigan, Ann Arbor & Merit Univ of Michigan, Ann Arbor -> NCSA, University of Illinois, Champaign",1,"MIDnet, Lincoln, NE","BARRnet, Palo Alto",1,5.9942584,"MIDnet, Lincoln, NE | NCSA, University of Illinois, Champaign | Merit Univ of Michigan, Ann Arbor | BARRnet, Palo Alto","MIDnet, Lincoln, NE->NCSA, University of Illinois, Champaign | NCSA, University of Illinois, Champaign->Merit Univ of Michigan, Ann Arbor | Merit Univ of Michigan, Ann Arbor->BARRnet, Palo Alto",1
28,nsfnet,7,1.2,lstm,critical_failure_fixed,"NCSA, University of Illinois, Champaign -> Merit Univ of Michigan, Ann Arbor & Merit Univ of Michigan, Ann Arbor -> NCSA, University of Illinois, Champaign",2,"NCSA, University of Illinois, Champaign","Merit Univ of Michigan, Ann Arbor",1,5.9017167,"NCSA, University of Illinois, Champaign | Merit Univ of Michigan, Ann Arbor","NCSA, University of Illinois, Champaign->Merit Univ of Michigan, Ann Arbor",1
28,nsfnet,7,1.2,lstm,critical_failure_fixed,"NCSA, University of Illinois, Champaign -> Merit Univ of Michigan, Ann Arbor & Merit Univ of Michigan, Ann Arbor -> NCSA, University of Illinois, Champaign",3,"MIDnet, Lincoln, NE","Cornell Theory Center, Ithaca NY",1,5.8566198,"MIDnet, Lincoln, NE | NCSA, University of Illinois, Champaign | Merit Univ of Michigan, Ann Arbor | Cornell Theory Center, Ithaca NY","MIDnet, Lincoln, NE->NCSA, University of Illinois, Champaign | NCSA, University of Illinois, Champaign->Merit Univ of Michigan, Ann Arbor | Merit Univ of Michigan, Ann Arbor->Cornell Theory Center, Ithaca NY",1
28,nsfnet,7,1.2,lstm,critical_failure_fixed,"NCSA, University of Illinois, Champaign -> Merit Univ of Michigan, Ann Arbor & Merit Univ of Michigan, Ann Arbor -> NCSA, University of Illinois, Champaign",4,"NCSA, University of Illinois, Champaign","BARRnet, Palo Alto",1,5.8198299,"NCSA, University of Illinois, Champaign | Merit Univ of Michigan, Ann Arbor | BARRnet, Palo Alto","NCSA, University of Illinois, Champaign->Merit Univ of Michigan, Ann Arbor | Merit Univ of Michigan, Ann Arbor->BARRnet, Palo Alto",1
28,nsfnet,7,1.2,lstm,critical_failure_fixed,"NCSA, University of Illinois, Champaign -> Merit Univ of Michigan, Ann Arbor & Merit Univ of Michigan, Ann Arbor -> NCSA, University of Illinois, Champaign",5,Pittsburgh Supercomputer Center,"MIDnet, Lincoln, NE",1,5.6369033,"Pittsburgh Supercomputer Center | Merit Univ of Michigan, Ann Arbor | NCSA, University of Illinois, Champaign | MIDnet, Lincoln, NE","Pittsburgh Supercomputer Center->Merit Univ of Michigan, Ann Arbor | Merit Univ of Michigan, Ann Arbor->NCSA, University of Illinois, Champaign | NCSA, University of Illinois, Champaign->MIDnet, Lincoln, NE",1
28,nsfnet,7,1.2,lstm,random_failure_fixed,"BARRnet, Palo Alto -> Merit Univ of Michigan, Ann Arbor & Merit Univ of Michigan, Ann Arbor -> BARRnet, Palo Alto",1,"Cornell Theory Center, Ithaca NY","BARRnet, Palo Alto",1,6.0035887,"Cornell Theory Center, Ithaca NY | Merit Univ of Michigan, Ann Arbor | BARRnet, Palo Alto","Cornell Theory Center, Ithaca NY->Merit Univ of Michigan, Ann Arbor | Merit Univ of Michigan, Ann Arbor->BARRnet, Palo Alto",1
28,nsfnet,7,1.2,lstm,random_failure_fixed,"BARRnet, Palo Alto -> Merit Univ of Michigan, Ann Arbor & Merit Univ of Michigan, Ann Arbor -> BARRnet, Palo Alto",2,"MIDnet, Lincoln, NE","BARRnet, Palo Alto",1,5.9942584,"MIDnet, Lincoln, NE | NCSA, University of Illinois, Champaign | Merit Univ of Michigan, Ann Arbor | BARRnet, Palo Alto","MIDnet, Lincoln, NE->NCSA, University of Illinois, Champaign | NCSA, University of Illinois, Champaign->Merit Univ of Michigan, Ann Arbor | Merit Univ of Michigan, Ann Arbor->BARRnet, Palo Alto",1
28,nsfnet,7,1.2,lstm,random_failure_fixed,"BARRnet, Palo Alto -> Merit Univ of Michigan, Ann Arbor & Merit Univ of Michigan, Ann Arbor -> BARRnet, Palo Alto",3,"Jon Von Neumann Center, Princeton, NJ","BARRnet, Palo Alto",1,5.9323006,"Jon Von Neumann Center, Princeton, NJ | Cornell Theory Center, Ithaca NY | Merit Univ of Michigan, Ann Arbor | BARRnet, Palo Alto","Jon Von Neumann Center, Princeton, NJ->Cornell Theory Center, Ithaca NY | Cornell Theory Center, Ithaca NY->Merit Univ of Michigan, Ann Arbor | Merit Univ of Michigan, Ann Arbor->BARRnet, Palo Alto",1
28,nsfnet,7,1.2,lstm,random_failure_fixed,"BARRnet, Palo Alto -> Merit Univ of Michigan, Ann Arbor & Merit Univ of Michigan, Ann Arbor -> BARRnet, Palo Alto",4,"NorthWestNet, Seattle",Pittsburgh Supercomputer Center,1,5.8957272,"NorthWestNet, Seattle | BARRnet, Palo Alto | Merit Univ of Michigan, Ann Arbor | Pittsburgh Supercomputer Center","NorthWestNet, Seattle->BARRnet, Palo Alto | BARRnet, Palo Alto->Merit Univ of Michigan, Ann Arbor | Merit Univ of Michigan, Ann Arbor->Pittsburgh Supercomputer Center",1
28,nsfnet,7,1.2,lstm,random_failure_fixed,"BARRnet, Palo Alto -> Merit Univ of Michigan, Ann Arbor & Merit Univ of Michigan, Ann Arbor -> BARRnet, Palo Alto",5,"NCSA, University of Illinois, Champaign","BARRnet, Palo Alto",1,5.8198299,"NCSA, University of Illinois, Champaign | Merit Univ of Michigan, Ann Arbor | BARRnet, Palo Alto","NCSA, University of Illinois, Champaign->Merit Univ of Michigan, Ann Arbor | Merit Univ of Michigan, Ann Arbor->BARRnet, Palo Alto",1
28,nsfnet,7,1.2,uncertainty_aware_lstm_robust_lp,critical_failure_fixed,"NCSA, University of Illinois, Champaign -> Merit Univ of Michigan, Ann Arbor & Merit Univ of Michigan, Ann Arbor -> NCSA, University of Illinois, Champaign",1,"NCSA, University of Illinois, Champaign","Merit Univ of Michigan, Ann Arbor",1,6.1837616,"NCSA, University of Illinois, Champaign | Merit Univ of Michigan, Ann Arbor","NCSA, University of Illinois, Champaign->Merit Univ of Michigan, Ann Arbor",1
28,nsfnet,7,1.2,uncertainty_aware_lstm_robust_lp,critical_failure_fixed,"NCSA, University of Illinois, Champaign -> Merit Univ of Michigan, Ann Arbor & Merit Univ of Michigan, Ann Arbor -> NCSA, University of Illinois, Champaign",2,"MIDnet, Lincoln, NE","Cornell Theory Center, Ithaca NY",1,6.142241,"MIDnet, Lincoln, NE | NCSA, University of Illinois, Champaign | Merit Univ of Michigan, Ann Arbor | Cornell Theory Center, Ithaca NY","MIDnet, Lincoln, NE->NCSA, University of Illinois, Champaign | NCSA, University of Illinois, Champaign->Merit Univ of Michigan, Ann Arbor | Merit Univ of Michigan, Ann Arbor->Cornell Theory Center, Ithaca NY",1
28,nsfnet,7,1.2,uncertainty_aware_lstm_robust_lp,critical_failure_fixed,"NCSA, University of Illinois, Champaign -> Merit Univ of Michigan, Ann Arbor & Merit Univ of Michigan, Ann Arbor -> NCSA, University of Illinois, Champaign",3,"NCSA, University of Illinois, Champaign","BARRnet, Palo Alto",1,6.089541,"NCSA, University of Illinois, Champaign | Merit Univ of Michigan, Ann Arbor | BARRnet, Palo Alto","NCSA, University of Illinois, Champaign->Merit Univ of Michigan, Ann Arbor | Merit Univ of Michigan, Ann Arbor->BARRnet, Palo Alto",1
28,nsfnet,7,1.2,uncertainty_aware_lstm_robust_lp,critical_failure_fixed,"NCSA, University of Illinois, Champaign -> Merit Univ of Michigan, Ann Arbor & Merit Univ of Michigan, Ann Arbor -> NCSA, University of Illinois, Champaign",4,Pittsburgh Supercomputer Center,"MIDnet, Lincoln, NE",1,5.8909855,"Pittsburgh Supercomputer Center | Merit Univ of Michigan, Ann Arbor | NCSA, University of Illinois, Champaign | MIDnet, Lincoln, NE","Pittsburgh Supercomputer Center->Merit Univ of Michigan, Ann Arbor | Merit Univ of Michigan, Ann Arbor->NCSA, University of Illinois, Champaign | NCSA, University of Illinois, Champaign->MIDnet, Lincoln, NE",1
28,nsfnet,7,1.2,uncertainty_aware_lstm_robust_lp,critical_failure_fixed,"NCSA, University of Illinois, Champaign -> Merit Univ of Michigan, Ann Arbor & Merit Univ of Michigan, Ann Arbor -> NCSA, University of Illinois, Champaign",5,"Westnet, Salt Lake City","Merit Univ of Michigan, Ann Arbor",1,5.7571735,"Westnet, Salt Lake City | NCAR, Boulder | NCSA, University of Illinois, Champaign | Merit Univ of Michigan, Ann Arbor","Westnet, Salt Lake City->NCAR, Boulder | NCAR, Boulder->NCSA, University of Illinois, Champaign | NCSA, University of Illinois, Champaign->Merit Univ of Michigan, Ann Arbor",1
28,nsfnet,7,1.2,uncertainty_aware_lstm_robust_lp,random_failure_fixed,"BARRnet, Palo Alto -> Merit Univ of Michigan, Ann Arbor & Merit Univ of Michigan, Ann Arbor -> BARRnet, Palo Alto",1,"Cornell Theory Center, Ithaca NY","BARRnet, Palo Alto",1,6.2617407,"Cornell Theory Center, Ithaca NY | Merit Univ of Michigan, Ann Arbor | BARRnet, Palo Alto","Cornell Theory Center, Ithaca NY->Merit Univ of Michigan, Ann Arbor | Merit Univ of Michigan, Ann Arbor->BARRnet, Palo Alto",1
28,nsfnet,7,1.2,uncertainty_aware_lstm_robust_lp,random_failure_fixed,"BARRnet, Palo Alto -> Merit Univ of Michigan, Ann Arbor & Merit Univ of Michigan, Ann Arbor -> BARRnet, Palo Alto",2,"Jon Von Neumann Center, Princeton, NJ","BARRnet, Palo Alto",1,6.2055264,"Jon Von Neumann Center, Princeton, NJ | Cornell Theory Center, Ithaca NY | Merit Univ of Michigan, Ann Arbor | BARRnet, Palo Alto","Jon Von Neumann Center, Princeton, NJ->Cornell Theory Center, Ithaca NY | Cornell Theory Center, Ithaca NY->Merit Univ of Michigan, Ann Arbor | Merit Univ of Michigan, Ann Arbor->BARRnet, Palo Alto",1
28,nsfnet,7,1.2,uncertainty_aware_lstm_robust_lp,random_failure_fixed,"BARRnet, Palo Alto -> Merit Univ of Michigan, Ann Arbor & Merit Univ of Michigan, Ann Arbor -> BARRnet, Palo Alto",3,"NorthWestNet, Seattle",Pittsburgh Supercomputer Center,1,6.1750808,"NorthWestNet, Seattle | BARRnet, Palo Alto | Merit Univ of Michigan, Ann Arbor | Pittsburgh Supercomputer Center","NorthWestNet, Seattle->BARRnet, Palo Alto | BARRnet, Palo Alto->Merit Univ of Michigan, Ann Arbor | Merit Univ of Michigan, Ann Arbor->Pittsburgh Supercomputer Center",1
28,nsfnet,7,1.2,uncertainty_aware_lstm_robust_lp,random_failure_fixed,"BARRnet, Palo Alto -> Merit Univ of Michigan, Ann Arbor & Merit Univ of Michigan, Ann Arbor -> BARRnet, Palo Alto",4,"NCSA, University of Illinois, Champaign","BARRnet, Palo Alto",1,6.089541,"NCSA, University of Illinois, Champaign | Merit Univ of Michigan, Ann Arbor | BARRnet, Palo Alto","NCSA, University of Illinois, Champaign->Merit Univ of Michigan, Ann Arbor | Merit Univ of Michigan, Ann Arbor->BARRnet, Palo Alto",1
28,nsfnet,7,1.2,uncertainty_aware_lstm_robust_lp,random_failure_fixed,"BARRnet, Palo Alto -> Merit Univ of Michigan, Ann Arbor & Merit Univ of Michigan, Ann Arbor -> BARRnet, Palo Alto",5,"BARRnet, Palo Alto",Pittsburgh Supercomputer Center,1,6.0181432,"BARRnet, Palo Alto | Merit Univ of Michigan, Ann Arbor | Pittsburgh Supercomputer Center","BARRnet, Palo Alto->Merit Univ of Michigan, Ann Arbor | Merit Univ of Michigan, Ann Arbor->Pittsburgh Supercomputer Center",1
28,nsfnet,7,1.2,transformer,critical_failure_fixed,"NCSA, University of Illinois, Champaign -> Merit Univ of Michigan, Ann Arbor & Merit Univ of Michigan, Ann Arbor -> NCSA, University of Illinois, Champaign",1,"MIDnet, Lincoln, NE","BARRnet, Palo Alto",1,6.7350078,"MIDnet, Lincoln, NE | NCSA, University of Illinois, Champaign | Merit Univ of Michigan, Ann Arbor | BARRnet, Palo Alto","MIDnet, Lincoln, NE->NCSA, University of Illinois, Champaign | NCSA, University of Illinois, Champaign->Merit Univ of Michigan, Ann Arbor | Merit Univ of Michigan, Ann Arbor->BARRnet, Palo Alto",1
28,nsfnet,7,1.2,transformer,critical_failure_fixed,"NCSA, University of Illinois, Champaign -> Merit Univ of Michigan, Ann Arbor & Merit Univ of Michigan, Ann Arbor -> NCSA, University of Illinois, Champaign",2,"MIDnet, Lincoln, NE","Cornell Theory Center, Ithaca NY",1,6.6008701,"MIDnet, Lincoln, NE | NCSA, University of Illinois, Champaign | Merit Univ of Michigan, Ann Arbor | Cornell Theory Center, Ithaca NY","MIDnet, Lincoln, NE->NCSA, University of Illinois, Champaign | NCSA, University of Illinois, Champaign->Merit Univ of Michigan, Ann Arbor | Merit Univ of Michigan, Ann Arbor->Cornell Theory Center, Ithaca NY",1
28,nsfnet,7,1.2,transformer,critical_failure_fixed,"NCSA, University of Illinois, Champaign -> Merit Univ of Michigan, Ann Arbor & Merit Univ of Michigan, Ann Arbor -> NCSA, University of Illinois, Champaign",3,"NCSA, University of Illinois, Champaign","Merit Univ of Michigan, Ann Arbor",1,6.5583806,"NCSA, University of Illinois, Champaign | Merit Univ of Michigan, Ann Arbor","NCSA, University of Illinois, Champaign->Merit Univ of Michigan, Ann Arbor",1
28,nsfnet,7,1.2,transformer,critical_failure_fixed,"NCSA, University of Illinois, Champaign -> Merit Univ of Michigan, Ann Arbor & Merit Univ of Michigan, Ann Arbor -> NCSA, University of Illinois, Champaign",4,"NCSA, University of Illinois, Champaign","BARRnet, Palo Alto",1,6.3742766,"NCSA, University of Illinois, Champaign | Merit Univ of Michigan, Ann Arbor | BARRnet, Palo Alto","NCSA, University of Illinois, Champaign->Merit Univ of Michigan, Ann Arbor | Merit Univ of Michigan, Ann Arbor->BARRnet, Palo Alto",1
28,nsfnet,7,1.2,transformer,critical_failure_fixed,"NCSA, University of Illinois, Champaign -> Merit Univ of Michigan, Ann Arbor & Merit Univ of Michigan, Ann Arbor -> NCSA, University of Illinois, Champaign",5,Pittsburgh Supercomputer Center,"MIDnet, Lincoln, NE",1,6.2650938,"Pittsburgh Supercomputer Center | Merit Univ of Michigan, Ann Arbor | NCSA, University of Illinois, Champaign | MIDnet, Lincoln, NE","Pittsburgh Supercomputer Center->Merit Univ of Michigan, Ann Arbor | Merit Univ of Michigan, Ann Arbor->NCSA, University of Illinois, Champaign | NCSA, University of Illinois, Champaign->MIDnet, Lincoln, NE",1
28,nsfnet,7,1.2,transformer,random_failure_fixed,"BARRnet, Palo Alto -> Merit Univ of Michigan, Ann Arbor & Merit Univ of Michigan, Ann Arbor -> BARRnet, Palo Alto",1,"Cornell Theory Center, Ithaca NY","BARRnet, Palo Alto",1,6.8166523,"Cornell Theory Center, Ithaca NY | Merit Univ of Michigan, Ann Arbor | BARRnet, Palo Alto","Cornell Theory Center, Ithaca NY->Merit Univ of Michigan, Ann Arbor | Merit Univ of Michigan, Ann Arbor->BARRnet, Palo Alto",1
28,nsfnet,7,1.2,transformer,random_failure_fixed,"BARRnet, Palo Alto -> Merit Univ of Michigan, Ann Arbor & Merit Univ of Michigan, Ann Arbor -> BARRnet, Palo Alto",2,"MIDnet, Lincoln, NE","BARRnet, Palo Alto",1,6.7350078,"MIDnet, Lincoln, NE | NCSA, University of Illinois, Champaign | Merit Univ of Michigan, Ann Arbor | BARRnet, Palo Alto","MIDnet, Lincoln, NE->NCSA, University of Illinois, Champaign | NCSA, University of Illinois, Champaign->Merit Univ of Michigan, Ann Arbor | Merit Univ of Michigan, Ann Arbor->BARRnet, Palo Alto",1
28,nsfnet,7,1.2,transformer,random_failure_fixed,"BARRnet, Palo Alto -> Merit Univ of Michigan, Ann Arbor & Merit Univ of Michigan, Ann Arbor -> BARRnet, Palo Alto",3,"NorthWestNet, Seattle",Pittsburgh Supercomputer Center,1,6.6861258,"NorthWestNet, Seattle | BARRnet, Palo Alto | Merit Univ of Michigan, Ann Arbor | Pittsburgh Supercomputer Center","NorthWestNet, Seattle->BARRnet, Palo Alto | BARRnet, Palo Alto->Merit Univ of Michigan, Ann Arbor | Merit Univ of Michigan, Ann Arbor->Pittsburgh Supercomputer Center",1
28,nsfnet,7,1.2,transformer,random_failure_fixed,"BARRnet, Palo Alto -> Merit Univ of Michigan, Ann Arbor & Merit Univ of Michigan, Ann Arbor -> BARRnet, Palo Alto",4,"Jon Von Neumann Center, Princeton, NJ","BARRnet, Palo Alto",1,6.6124487,"Jon Von Neumann Center, Princeton, NJ | Cornell Theory Center, Ithaca NY | Merit Univ of Michigan, Ann Arbor | BARRnet, Palo Alto","Jon Von Neumann Center, Princeton, NJ->Cornell Theory Center, Ithaca NY | Cornell Theory Center, Ithaca NY->Merit Univ of Michigan, Ann Arbor | Merit Univ of Michigan, Ann Arbor->BARRnet, Palo Alto",1
28,nsfnet,7,1.2,transformer,random_failure_fixed,"BARRnet, Palo Alto -> Merit Univ of Michigan, Ann Arbor & Merit Univ of Michigan, Ann Arbor -> BARRnet, Palo Alto",5,"BARRnet, Palo Alto",Pittsburgh Supercomputer Center,1,6.4749169,"BARRnet, Palo Alto | Merit Univ of Michigan, Ann Arbor | Pittsburgh Supercomputer Center","BARRnet, Palo Alto->Merit Univ of Michigan, Ann Arbor | Merit Univ of Michigan, Ann Arbor->Pittsburgh Supercomputer Center",1
29,nsfnet,7,1.2,current_demand_lp,critical_failure_fixed,"NCSA, University of Illinois, Champaign -> Merit Univ of Michigan, Ann Arbor & Merit Univ of Michigan, Ann Arbor -> NCSA, University of Illinois, Champaign",1,"NCSA, University of Illinois, Champaign","Merit Univ of Michigan, Ann Arbor",1,8.1479881,"NCSA, University of Illinois, Champaign | Merit Univ of Michigan, Ann Arbor","NCSA, University of Illinois, Champaign->Merit Univ of Michigan, Ann Arbor",1
29,nsfnet,7,1.2,current_demand_lp,critical_failure_fixed,"NCSA, University of Illinois, Champaign -> Merit Univ of Michigan, Ann Arbor & Merit Univ of Michigan, Ann Arbor -> NCSA, University of Illinois, Champaign",2,"NCSA, University of Illinois, Champaign","BARRnet, Palo Alto",1,7.8539202,"NCSA, University of Illinois, Champaign | Merit Univ of Michigan, Ann Arbor | BARRnet, Palo Alto","NCSA, University of Illinois, Champaign->Merit Univ of Michigan, Ann Arbor | Merit Univ of Michigan, Ann Arbor->BARRnet, Palo Alto",1
29,nsfnet,7,1.2,current_demand_lp,critical_failure_fixed,"NCSA, University of Illinois, Champaign -> Merit Univ of Michigan, Ann Arbor & Merit Univ of Michigan, Ann Arbor -> NCSA, University of Illinois, Champaign",3,"MIDnet, Lincoln, NE","Cornell Theory Center, Ithaca NY",1,7.8204266,"MIDnet, Lincoln, NE | NCSA, University of Illinois, Champaign | Merit Univ of Michigan, Ann Arbor | Cornell Theory Center, Ithaca NY","MIDnet, Lincoln, NE->NCSA, University of Illinois, Champaign | NCSA, University of Illinois, Champaign->Merit Univ of Michigan, Ann Arbor | Merit Univ of Michigan, Ann Arbor->Cornell Theory Center, Ithaca NY",1
29,nsfnet,7,1.2,current_demand_lp,critical_failure_fixed,"NCSA, University of Illinois, Champaign -> Merit Univ of Michigan, Ann Arbor & Merit Univ of Michigan, Ann Arbor -> NCSA, University of Illinois, Champaign",4,"MIDnet, Lincoln, NE","BARRnet, Palo Alto",1,7.558236,"MIDnet, Lincoln, NE | NCSA, University of Illinois, Champaign | Merit Univ of Michigan, Ann Arbor | BARRnet, Palo Alto","MIDnet, Lincoln, NE->NCSA, University of Illinois, Champaign | NCSA, University of Illinois, Champaign->Merit Univ of Michigan, Ann Arbor | Merit Univ of Michigan, Ann Arbor->BARRnet, Palo Alto",1
29,nsfnet,7,1.2,current_demand_lp,critical_failure_fixed,"NCSA, University of Illinois, Champaign -> Merit Univ of Michigan, Ann Arbor & Merit Univ of Michigan, Ann Arbor -> NCSA, University of Illinois, Champaign",5,"SURANET, Georgia Tech, Atlanta","Merit Univ of Michigan, Ann Arbor",1,7.437227,"SURANET, Georgia Tech, Atlanta | SEQSUINET, Rice University, Houston | NCSA, University of Illinois, Champaign | Merit Univ of Michigan, Ann Arbor","SURANET, Georgia Tech, Atlanta->SEQSUINET, Rice University, Houston | SEQSUINET, Rice University, Houston->NCSA, University of Illinois, Champaign | NCSA, University of Illinois, Champaign->Merit Univ of Michigan, Ann Arbor",1
29,nsfnet,7,1.2,current_demand_lp,random_failure_fixed,"NCSA, University of Illinois, Champaign -> Merit Univ of Michigan, Ann Arbor & Merit Univ of Michigan, Ann Arbor -> NCSA, University of Illinois, Champaign",1,"NCSA, University of Illinois, Champaign","Merit Univ of Michigan, Ann Arbor",1,8.1479881,"NCSA, University of Illinois, Champaign | Merit Univ of Michigan, Ann Arbor","NCSA, University of Illinois, Champaign->Merit Univ of Michigan, Ann Arbor",1
29,nsfnet,7,1.2,current_demand_lp,random_failure_fixed,"NCSA, University of Illinois, Champaign -> Merit Univ of Michigan, Ann Arbor & Merit Univ of Michigan, Ann Arbor -> NCSA, University of Illinois, Champaign",2,"NCSA, University of Illinois, Champaign","BARRnet, Palo Alto",1,7.8539202,"NCSA, University of Illinois, Champaign | Merit Univ of Michigan, Ann Arbor | BARRnet, Palo Alto","NCSA, University of Illinois, Champaign->Merit Univ of Michigan, Ann Arbor | Merit Univ of Michigan, Ann Arbor->BARRnet, Palo Alto",1
29,nsfnet,7,1.2,current_demand_lp,random_failure_fixed,"NCSA, University of Illinois, Champaign -> Merit Univ of Michigan, Ann Arbor & Merit Univ of Michigan, Ann Arbor -> NCSA, University of Illinois, Champaign",3,"MIDnet, Lincoln, NE","Cornell Theory Center, Ithaca NY",1,7.8204266,"MIDnet, Lincoln, NE | NCSA, University of Illinois, Champaign | Merit Univ of Michigan, Ann Arbor | Cornell Theory Center, Ithaca NY","MIDnet, Lincoln, NE->NCSA, University of Illinois, Champaign | NCSA, University of Illinois, Champaign->Merit Univ of Michigan, Ann Arbor | Merit Univ of Michigan, Ann Arbor->Cornell Theory Center, Ithaca NY",1
29,nsfnet,7,1.2,current_demand_lp,random_failure_fixed,"NCSA, University of Illinois, Champaign -> Merit Univ of Michigan, Ann Arbor & Merit Univ of Michigan, Ann Arbor -> NCSA, University of Illinois, Champaign",4,"MIDnet, Lincoln, NE","BARRnet, Palo Alto",1,7.558236,"MIDnet, Lincoln, NE | NCSA, University of Illinois, Champaign | Merit Univ of Michigan, Ann Arbor | BARRnet, Palo Alto","MIDnet, Lincoln, NE->NCSA, University of Illinois, Champaign | NCSA, University of Illinois, Champaign->Merit Univ of Michigan, Ann Arbor | Merit Univ of Michigan, Ann Arbor->BARRnet, Palo Alto",1
29,nsfnet,7,1.2,current_demand_lp,random_failure_fixed,"NCSA, University of Illinois, Champaign -> Merit Univ of Michigan, Ann Arbor & Merit Univ of Michigan, Ann Arbor -> NCSA, University of Illinois, Champaign",5,"SURANET, Georgia Tech, Atlanta","Merit Univ of Michigan, Ann Arbor",1,7.437227,"SURANET, Georgia Tech, Atlanta | SEQSUINET, Rice University, Houston | NCSA, University of Illinois, Champaign | Merit Univ of Michigan, Ann Arbor","SURANET, Georgia Tech, Atlanta->SEQSUINET, Rice University, Houston | SEQSUINET, Rice University, Houston->NCSA, University of Illinois, Champaign | NCSA, University of Illinois, Champaign->Merit Univ of Michigan, Ann Arbor",1
29,nsfnet,7,1.2,robust_current_demand_lp,critical_failure_fixed,"NCSA, University of Illinois, Champaign -> Merit Univ of Michigan, Ann Arbor & Merit Univ of Michigan, Ann Arbor -> NCSA, University of Illinois, Champaign",1,"NCSA, University of Illinois, Champaign","Merit Univ of Michigan, Ann Arbor",1,8.1479881,"NCSA, University of Illinois, Champaign | Merit Univ of Michigan, Ann Arbor","NCSA, University of Illinois, Champaign->Merit Univ of Michigan, Ann Arbor",1
29,nsfnet,7,1.2,robust_current_demand_lp,critical_failure_fixed,"NCSA, University of Illinois, Champaign -> Merit Univ of Michigan, Ann Arbor & Merit Univ of Michigan, Ann Arbor -> NCSA, University of Illinois, Champaign",2,"NCSA, University of Illinois, Champaign","BARRnet, Palo Alto",1,7.8539202,"NCSA, University of Illinois, Champaign | Merit Univ of Michigan, Ann Arbor | BARRnet, Palo Alto","NCSA, University of Illinois, Champaign->Merit Univ of Michigan, Ann Arbor | Merit Univ of Michigan, Ann Arbor->BARRnet, Palo Alto",1
29,nsfnet,7,1.2,robust_current_demand_lp,critical_failure_fixed,"NCSA, University of Illinois, Champaign -> Merit Univ of Michigan, Ann Arbor & Merit Univ of Michigan, Ann Arbor -> NCSA, University of Illinois, Champaign",3,"MIDnet, Lincoln, NE","Cornell Theory Center, Ithaca NY",1,7.8204266,"MIDnet, Lincoln, NE | NCSA, University of Illinois, Champaign | Merit Univ of Michigan, Ann Arbor | Cornell Theory Center, Ithaca NY","MIDnet, Lincoln, NE->NCSA, University of Illinois, Champaign | NCSA, University of Illinois, Champaign->Merit Univ of Michigan, Ann Arbor | Merit Univ of Michigan, Ann Arbor->Cornell Theory Center, Ithaca NY",1
29,nsfnet,7,1.2,robust_current_demand_lp,critical_failure_fixed,"NCSA, University of Illinois, Champaign -> Merit Univ of Michigan, Ann Arbor & Merit Univ of Michigan, Ann Arbor -> NCSA, University of Illinois, Champaign",4,"MIDnet, Lincoln, NE","BARRnet, Palo Alto",1,7.3166113,"MIDnet, Lincoln, NE | NCSA, University of Illinois, Champaign | Merit Univ of Michigan, Ann Arbor | BARRnet, Palo Alto","MIDnet, Lincoln, NE->NCSA, University of Illinois, Champaign | NCSA, University of Illinois, Champaign->Merit Univ of Michigan, Ann Arbor | Merit Univ of Michigan, Ann Arbor->BARRnet, Palo Alto",1
29,nsfnet,7,1.2,robust_current_demand_lp,critical_failure_fixed,"NCSA, University of Illinois, Champaign -> Merit Univ of Michigan, Ann Arbor & Merit Univ of Michigan, Ann Arbor -> NCSA, University of Illinois, Champaign",4,"MIDnet, Lincoln, NE","BARRnet, Palo Alto",2,0.24162470000000003,"MIDnet, Lincoln, NE | NCSA, University of Illinois, Champaign | SEQSUINET, Rice University, Houston | San Diego Supercomputer Center | BARRnet, Palo Alto","MIDnet, Lincoln, NE->NCSA, University of Illinois, Champaign | NCSA, University of Illinois, Champaign->SEQSUINET, Rice University, Houston | SEQSUINET, Rice University, Houston->San Diego Supercomputer Center | San Diego Supercomputer Center->BARRnet, Palo Alto",0
29,nsfnet,7,1.2,robust_current_demand_lp,critical_failure_fixed,"NCSA, University of Illinois, Champaign -> Merit Univ of Michigan, Ann Arbor & Merit Univ of Michigan, Ann Arbor -> NCSA, University of Illinois, Champaign",5,"Westnet, Salt Lake City","Merit Univ of Michigan, Ann Arbor",1,7.1116522,"Westnet, Salt Lake City | NCAR, Boulder | NCSA, University of Illinois, Champaign | Merit Univ of Michigan, Ann Arbor","Westnet, Salt Lake City->NCAR, Boulder | NCAR, Boulder->NCSA, University of Illinois, Champaign | NCSA, University of Illinois, Champaign->Merit Univ of Michigan, Ann Arbor",1
29,nsfnet,7,1.2,robust_current_demand_lp,random_failure_fixed,"NCSA, University of Illinois, Champaign -> Merit Univ of Michigan, Ann Arbor & Merit Univ of Michigan, Ann Arbor -> NCSA, University of Illinois, Champaign",1,"NCSA, University of Illinois, Champaign","Merit Univ of Michigan, Ann Arbor",1,8.1479881,"NCSA, University of Illinois, Champaign | Merit Univ of Michigan, Ann Arbor","NCSA, University of Illinois, Champaign->Merit Univ of Michigan, Ann Arbor",1
29,nsfnet,7,1.2,robust_current_demand_lp,random_failure_fixed,"NCSA, University of Illinois, Champaign -> Merit Univ of Michigan, Ann Arbor & Merit Univ of Michigan, Ann Arbor -> NCSA, University of Illinois, Champaign",2,"NCSA, University of Illinois, Champaign","BARRnet, Palo Alto",1,7.8539202,"NCSA, University of Illinois, Champaign | Merit Univ of Michigan, Ann Arbor | BARRnet, Palo Alto","NCSA, University of Illinois, Champaign->Merit Univ of Michigan, Ann Arbor | Merit Univ of Michigan, Ann Arbor->BARRnet, Palo Alto",1
29,nsfnet,7,1.2,robust_current_demand_lp,random_failure_fixed,"NCSA, University of Illinois, Champaign -> Merit Univ of Michigan, Ann Arbor & Merit Univ of Michigan, Ann Arbor -> NCSA, University of Illinois, Champaign",3,"MIDnet, Lincoln, NE","Cornell Theory Center, Ithaca NY",1,7.8204266,"MIDnet, Lincoln, NE | NCSA, University of Illinois, Champaign | Merit Univ of Michigan, Ann Arbor | Cornell Theory Center, Ithaca NY","MIDnet, Lincoln, NE->NCSA, University of Illinois, Champaign | NCSA, University of Illinois, Champaign->Merit Univ of Michigan, Ann Arbor | Merit Univ of Michigan, Ann Arbor->Cornell Theory Center, Ithaca NY",1
29,nsfnet,7,1.2,robust_current_demand_lp,random_failure_fixed,"NCSA, University of Illinois, Champaign -> Merit Univ of Michigan, Ann Arbor & Merit Univ of Michigan, Ann Arbor -> NCSA, University of Illinois, Champaign",4,"MIDnet, Lincoln, NE","BARRnet, Palo Alto",1,7.3166113,"MIDnet, Lincoln, NE | NCSA, University of Illinois, Champaign | Merit Univ of Michigan, Ann Arbor | BARRnet, Palo Alto","MIDnet, Lincoln, NE->NCSA, University of Illinois, Champaign | NCSA, University of Illinois, Champaign->Merit Univ of Michigan, Ann Arbor | Merit Univ of Michigan, Ann Arbor->BARRnet, Palo Alto",1
29,nsfnet,7,1.2,robust_current_demand_lp,random_failure_fixed,"NCSA, University of Illinois, Champaign -> Merit Univ of Michigan, Ann Arbor & Merit Univ of Michigan, Ann Arbor -> NCSA, University of Illinois, Champaign",4,"MIDnet, Lincoln, NE","BARRnet, Palo Alto",2,0.24162470000000003,"MIDnet, Lincoln, NE | NCSA, University of Illinois, Champaign | SEQSUINET, Rice University, Houston | San Diego Supercomputer Center | BARRnet, Palo Alto","MIDnet, Lincoln, NE->NCSA, University of Illinois, Champaign | NCSA, University of Illinois, Champaign->SEQSUINET, Rice University, Houston | SEQSUINET, Rice University, Houston->San Diego Supercomputer Center | San Diego Supercomputer Center->BARRnet, Palo Alto",0
29,nsfnet,7,1.2,robust_current_demand_lp,random_failure_fixed,"NCSA, University of Illinois, Champaign -> Merit Univ of Michigan, Ann Arbor & Merit Univ of Michigan, Ann Arbor -> NCSA, University of Illinois, Champaign",5,"Westnet, Salt Lake City","Merit Univ of Michigan, Ann Arbor",1,7.1116522,"Westnet, Salt Lake City | NCAR, Boulder | NCSA, University of Illinois, Champaign | Merit Univ of Michigan, Ann Arbor","Westnet, Salt Lake City->NCAR, Boulder | NCAR, Boulder->NCSA, University of Illinois, Champaign | NCSA, University of Illinois, Champaign->Merit Univ of Michigan, Ann Arbor",1
29,nsfnet,7,1.2,moving_average,critical_failure_fixed,"NCSA, University of Illinois, Champaign -> Merit Univ of Michigan, Ann Arbor & Merit Univ of Michigan, Ann Arbor -> NCSA, University of Illinois, Champaign",1,"NCSA, University of Illinois, Champaign","Merit Univ of Michigan, Ann Arbor",1,8.0114917,"NCSA, University of Illinois, Champaign | Merit Univ of Michigan, Ann Arbor","NCSA, University of Illinois, Champaign->Merit Univ of Michigan, Ann Arbor",1
29,nsfnet,7,1.2,moving_average,critical_failure_fixed,"NCSA, University of Illinois, Champaign -> Merit Univ of Michigan, Ann Arbor & Merit Univ of Michigan, Ann Arbor -> NCSA, University of Illinois, Champaign",2,"MIDnet, Lincoln, NE","Cornell Theory Center, Ithaca NY",1,7.9744771,"MIDnet, Lincoln, NE | NCSA, University of Illinois, Champaign | Merit Univ of Michigan, Ann Arbor | Cornell Theory Center, Ithaca NY","MIDnet, Lincoln, NE->NCSA, University of Illinois, Champaign | NCSA, University of Illinois, Champaign->Merit Univ of Michigan, Ann Arbor | Merit Univ of Michigan, Ann Arbor->Cornell Theory Center, Ithaca NY",1
29,nsfnet,7,1.2,moving_average,critical_failure_fixed,"NCSA, University of Illinois, Champaign -> Merit Univ of Michigan, Ann Arbor & Merit Univ of Michigan, Ann Arbor -> NCSA, University of Illinois, Champaign",3,"MIDnet, Lincoln, NE","BARRnet, Palo Alto",1,7.9551204,"MIDnet, Lincoln, NE | NCSA, University of Illinois, Champaign | Merit Univ of Michigan, Ann Arbor | BARRnet, Palo Alto","MIDnet, Lincoln, NE->NCSA, University of Illinois, Champaign | NCSA, University of Illinois, Champaign->Merit Univ of Michigan, Ann Arbor | Merit Univ of Michigan, Ann Arbor->BARRnet, Palo Alto",1
29,nsfnet,7,1.2,moving_average,critical_failure_fixed,"NCSA, University of Illinois, Champaign -> Merit Univ of Michigan, Ann Arbor & Merit Univ of Michigan, Ann Arbor -> NCSA, University of Illinois, Champaign",4,"NCSA, University of Illinois, Champaign","BARRnet, Palo Alto",1,7.8408827,"NCSA, University of Illinois, Champaign | Merit Univ of Michigan, Ann Arbor | BARRnet, Palo Alto","NCSA, University of Illinois, Champaign->Merit Univ of Michigan, Ann Arbor | Merit Univ of Michigan, Ann Arbor->BARRnet, Palo Alto",1
29,nsfnet,7,1.2,moving_average,critical_failure_fixed,"NCSA, University of Illinois, Champaign -> Merit Univ of Michigan, Ann Arbor & Merit Univ of Michigan, Ann Arbor -> NCSA, University of Illinois, Champaign",5,"SURANET, Georgia Tech, Atlanta","Merit Univ of Michigan, Ann Arbor",1,7.3286181,"SURANET, Georgia Tech, Atlanta | SEQSUINET, Rice University, Houston | NCSA, University of Illinois, Champaign | Merit Univ of Michigan, Ann Arbor","SURANET, Georgia Tech, Atlanta->SEQSUINET, Rice University, Houston | SEQSUINET, Rice University, Houston->NCSA, University of Illinois, Champaign | NCSA, University of Illinois, Champaign->Merit Univ of Michigan, Ann Arbor",1
29,nsfnet,7,1.2,moving_average,random_failure_fixed,"NCSA, University of Illinois, Champaign -> Merit Univ of Michigan, Ann Arbor & Merit Univ of Michigan, Ann Arbor -> NCSA, University of Illinois, Champaign",1,"NCSA, University of Illinois, Champaign","Merit Univ of Michigan, Ann Arbor",1,8.0114917,"NCSA, University of Illinois, Champaign | Merit Univ of Michigan, Ann Arbor","NCSA, University of Illinois, Champaign->Merit Univ of Michigan, Ann Arbor",1
29,nsfnet,7,1.2,moving_average,random_failure_fixed,"NCSA, University of Illinois, Champaign -> Merit Univ of Michigan, Ann Arbor & Merit Univ of Michigan, Ann Arbor -> NCSA, University of Illinois, Champaign",2,"MIDnet, Lincoln, NE","Cornell Theory Center, Ithaca NY",1,7.9744771,"MIDnet, Lincoln, NE | NCSA, University of Illinois, Champaign | Merit Univ of Michigan, Ann Arbor | Cornell Theory Center, Ithaca NY","MIDnet, Lincoln, NE->NCSA, University of Illinois, Champaign | NCSA, University of Illinois, Champaign->Merit Univ of Michigan, Ann Arbor | Merit Univ of Michigan, Ann Arbor->Cornell Theory Center, Ithaca NY",1
29,nsfnet,7,1.2,moving_average,random_failure_fixed,"NCSA, University of Illinois, Champaign -> Merit Univ of Michigan, Ann Arbor & Merit Univ of Michigan, Ann Arbor -> NCSA, University of Illinois, Champaign",3,"MIDnet, Lincoln, NE","BARRnet, Palo Alto",1,7.9551204,"MIDnet, Lincoln, NE | NCSA, University of Illinois, Champaign | Merit Univ of Michigan, Ann Arbor | BARRnet, Palo Alto","MIDnet, Lincoln, NE->NCSA, University of Illinois, Champaign | NCSA, University of Illinois, Champaign->Merit Univ of Michigan, Ann Arbor | Merit Univ of Michigan, Ann Arbor->BARRnet, Palo Alto",1
29,nsfnet,7,1.2,moving_average,random_failure_fixed,"NCSA, University of Illinois, Champaign -> Merit Univ of Michigan, Ann Arbor & Merit Univ of Michigan, Ann Arbor -> NCSA, University of Illinois, Champaign",4,"NCSA, University of Illinois, Champaign","BARRnet, Palo Alto",1,7.8408827,"NCSA, University of Illinois, Champaign | Merit Univ of Michigan, Ann Arbor | BARRnet, Palo Alto","NCSA, University of Illinois, Champaign->Merit Univ of Michigan, Ann Arbor | Merit Univ of Michigan, Ann Arbor->BARRnet, Palo Alto",1
29,nsfnet,7,1.2,moving_average,random_failure_fixed,"NCSA, University of Illinois, Champaign -> Merit Univ of Michigan, Ann Arbor & Merit Univ of Michigan, Ann Arbor -> NCSA, University of Illinois, Champaign",5,"SURANET, Georgia Tech, Atlanta","Merit Univ of Michigan, Ann Arbor",1,7.3286181,"SURANET, Georgia Tech, Atlanta | SEQSUINET, Rice University, Houston | NCSA, University of Illinois, Champaign | Merit Univ of Michigan, Ann Arbor","SURANET, Georgia Tech, Atlanta->SEQSUINET, Rice University, Houston | SEQSUINET, Rice University, Houston->NCSA, University of Illinois, Champaign | NCSA, University of Illinois, Champaign->Merit Univ of Michigan, Ann Arbor",1
29,nsfnet,7,1.2,linear_autoregressive,critical_failure_fixed,"NCSA, University of Illinois, Champaign -> Merit Univ of Michigan, Ann Arbor & Merit Univ of Michigan, Ann Arbor -> NCSA, University of Illinois, Champaign",1,"NCSA, University of Illinois, Champaign","Merit Univ of Michigan, Ann Arbor",1,7.6267067,"NCSA, University of Illinois, Champaign | Merit Univ of Michigan, Ann Arbor","NCSA, University of Illinois, Champaign->Merit Univ of Michigan, Ann Arbor",1
29,nsfnet,7,1.2,linear_autoregressive,critical_failure_fixed,"NCSA, University of Illinois, Champaign -> Merit Univ of Michigan, Ann Arbor & Merit Univ of Michigan, Ann Arbor -> NCSA, University of Illinois, Champaign",2,"MIDnet, Lincoln, NE","BARRnet, Palo Alto",1,7.5424722,"MIDnet, Lincoln, NE | NCSA, University of Illinois, Champaign | Merit Univ of Michigan, Ann Arbor | BARRnet, Palo Alto","MIDnet, Lincoln, NE->NCSA, University of Illinois, Champaign | NCSA, University of Illinois, Champaign->Merit Univ of Michigan, Ann Arbor | Merit Univ of Michigan, Ann Arbor->BARRnet, Palo Alto",1
29,nsfnet,7,1.2,linear_autoregressive,critical_failure_fixed,"NCSA, University of Illinois, Champaign -> Merit Univ of Michigan, Ann Arbor & Merit Univ of Michigan, Ann Arbor -> NCSA, University of Illinois, Champaign",3,"NCSA, University of Illinois, Champaign","BARRnet, Palo Alto",1,7.4643159,"NCSA, University of Illinois, Champaign | Merit Univ of Michigan, Ann Arbor | BARRnet, Palo Alto","NCSA, University of Illinois, Champaign->Merit Univ of Michigan, Ann Arbor | Merit Univ of Michigan, Ann Arbor->BARRnet, Palo Alto",1
29,nsfnet,7,1.2,linear_autoregressive,critical_failure_fixed,"NCSA, University of Illinois, Champaign -> Merit Univ of Michigan, Ann Arbor & Merit Univ of Michigan, Ann Arbor -> NCSA, University of Illinois, Champaign",4,"MIDnet, Lincoln, NE","Cornell Theory Center, Ithaca NY",1,7.1771245,"MIDnet, Lincoln, NE | NCSA, University of Illinois, Champaign | Merit Univ of Michigan, Ann Arbor | Cornell Theory Center, Ithaca NY","MIDnet, Lincoln, NE->NCSA, University of Illinois, Champaign | NCSA, University of Illinois, Champaign->Merit Univ of Michigan, Ann Arbor | Merit Univ of Michigan, Ann Arbor->Cornell Theory Center, Ithaca NY",1
29,nsfnet,7,1.2,linear_autoregressive,critical_failure_fixed,"NCSA, University of Illinois, Champaign -> Merit Univ of Michigan, Ann Arbor & Merit Univ of Michigan, Ann Arbor -> NCSA, University of Illinois, Champaign",5,Pittsburgh Supercomputer Center,"MIDnet, Lincoln, NE",1,7.0952405,"Pittsburgh Supercomputer Center | Merit Univ of Michigan, Ann Arbor | NCSA, University of Illinois, Champaign | MIDnet, Lincoln, NE","Pittsburgh Supercomputer Center->Merit Univ of Michigan, Ann Arbor | Merit Univ of Michigan, Ann Arbor->NCSA, University of Illinois, Champaign | NCSA, University of Illinois, Champaign->MIDnet, Lincoln, NE",1
29,nsfnet,7,1.2,linear_autoregressive,random_failure_fixed,"NCSA, University of Illinois, Champaign -> Merit Univ of Michigan, Ann Arbor & Merit Univ of Michigan, Ann Arbor -> NCSA, University of Illinois, Champaign",1,"NCSA, University of Illinois, Champaign","Merit Univ of Michigan, Ann Arbor",1,7.6267067,"NCSA, University of Illinois, Champaign | Merit Univ of Michigan, Ann Arbor","NCSA, University of Illinois, Champaign->Merit Univ of Michigan, Ann Arbor",1
29,nsfnet,7,1.2,linear_autoregressive,random_failure_fixed,"NCSA, University of Illinois, Champaign -> Merit Univ of Michigan, Ann Arbor & Merit Univ of Michigan, Ann Arbor -> NCSA, University of Illinois, Champaign",2,"MIDnet, Lincoln, NE","BARRnet, Palo Alto",1,7.5424722,"MIDnet, Lincoln, NE | NCSA, University of Illinois, Champaign | Merit Univ of Michigan, Ann Arbor | BARRnet, Palo Alto","MIDnet, Lincoln, NE->NCSA, University of Illinois, Champaign | NCSA, University of Illinois, Champaign->Merit Univ of Michigan, Ann Arbor | Merit Univ of Michigan, Ann Arbor->BARRnet, Palo Alto",1
29,nsfnet,7,1.2,linear_autoregressive,random_failure_fixed,"NCSA, University of Illinois, Champaign -> Merit Univ of Michigan, Ann Arbor & Merit Univ of Michigan, Ann Arbor -> NCSA, University of Illinois, Champaign",3,"NCSA, University of Illinois, Champaign","BARRnet, Palo Alto",1,7.4643159,"NCSA, University of Illinois, Champaign | Merit Univ of Michigan, Ann Arbor | BARRnet, Palo Alto","NCSA, University of Illinois, Champaign->Merit Univ of Michigan, Ann Arbor | Merit Univ of Michigan, Ann Arbor->BARRnet, Palo Alto",1
29,nsfnet,7,1.2,linear_autoregressive,random_failure_fixed,"NCSA, University of Illinois, Champaign -> Merit Univ of Michigan, Ann Arbor & Merit Univ of Michigan, Ann Arbor -> NCSA, University of Illinois, Champaign",4,"MIDnet, Lincoln, NE","Cornell Theory Center, Ithaca NY",1,7.1771245,"MIDnet, Lincoln, NE | NCSA, University of Illinois, Champaign | Merit Univ of Michigan, Ann Arbor | Cornell Theory Center, Ithaca NY","MIDnet, Lincoln, NE->NCSA, University of Illinois, Champaign | NCSA, University of Illinois, Champaign->Merit Univ of Michigan, Ann Arbor | Merit Univ of Michigan, Ann Arbor->Cornell Theory Center, Ithaca NY",1
29,nsfnet,7,1.2,linear_autoregressive,random_failure_fixed,"NCSA, University of Illinois, Champaign -> Merit Univ of Michigan, Ann Arbor & Merit Univ of Michigan, Ann Arbor -> NCSA, University of Illinois, Champaign",5,Pittsburgh Supercomputer Center,"MIDnet, Lincoln, NE",1,7.0952405,"Pittsburgh Supercomputer Center | Merit Univ of Michigan, Ann Arbor | NCSA, University of Illinois, Champaign | MIDnet, Lincoln, NE","Pittsburgh Supercomputer Center->Merit Univ of Michigan, Ann Arbor | Merit Univ of Michigan, Ann Arbor->NCSA, University of Illinois, Champaign | NCSA, University of Illinois, Champaign->MIDnet, Lincoln, NE",1
29,nsfnet,7,1.2,lstm,critical_failure_fixed,"NCSA, University of Illinois, Champaign -> Merit Univ of Michigan, Ann Arbor & Merit Univ of Michigan, Ann Arbor -> NCSA, University of Illinois, Champaign",1,"MIDnet, Lincoln, NE","BARRnet, Palo Alto",1,5.9942584,"MIDnet, Lincoln, NE | NCSA, University of Illinois, Champaign | Merit Univ of Michigan, Ann Arbor | BARRnet, Palo Alto","MIDnet, Lincoln, NE->NCSA, University of Illinois, Champaign | NCSA, University of Illinois, Champaign->Merit Univ of Michigan, Ann Arbor | Merit Univ of Michigan, Ann Arbor->BARRnet, Palo Alto",1
29,nsfnet,7,1.2,lstm,critical_failure_fixed,"NCSA, University of Illinois, Champaign -> Merit Univ of Michigan, Ann Arbor & Merit Univ of Michigan, Ann Arbor -> NCSA, University of Illinois, Champaign",2,"NCSA, University of Illinois, Champaign","Merit Univ of Michigan, Ann Arbor",1,5.9017167,"NCSA, University of Illinois, Champaign | Merit Univ of Michigan, Ann Arbor","NCSA, University of Illinois, Champaign->Merit Univ of Michigan, Ann Arbor",1
29,nsfnet,7,1.2,lstm,critical_failure_fixed,"NCSA, University of Illinois, Champaign -> Merit Univ of Michigan, Ann Arbor & Merit Univ of Michigan, Ann Arbor -> NCSA, University of Illinois, Champaign",3,"MIDnet, Lincoln, NE","Cornell Theory Center, Ithaca NY",1,5.8566198,"MIDnet, Lincoln, NE | NCSA, University of Illinois, Champaign | Merit Univ of Michigan, Ann Arbor | Cornell Theory Center, Ithaca NY","MIDnet, Lincoln, NE->NCSA, University of Illinois, Champaign | NCSA, University of Illinois, Champaign->Merit Univ of Michigan, Ann Arbor | Merit Univ of Michigan, Ann Arbor->Cornell Theory Center, Ithaca NY",1
29,nsfnet,7,1.2,lstm,critical_failure_fixed,"NCSA, University of Illinois, Champaign -> Merit Univ of Michigan, Ann Arbor & Merit Univ of Michigan, Ann Arbor -> NCSA, University of Illinois, Champaign",4,"NCSA, University of Illinois, Champaign","BARRnet, Palo Alto",1,5.8198299,"NCSA, University of Illinois, Champaign | Merit Univ of Michigan, Ann Arbor | BARRnet, Palo Alto","NCSA, University of Illinois, Champaign->Merit Univ of Michigan, Ann Arbor | Merit Univ of Michigan, Ann Arbor->BARRnet, Palo Alto",1
29,nsfnet,7,1.2,lstm,critical_failure_fixed,"NCSA, University of Illinois, Champaign -> Merit Univ of Michigan, Ann Arbor & Merit Univ of Michigan, Ann Arbor -> NCSA, University of Illinois, Champaign",5,Pittsburgh Supercomputer Center,"MIDnet, Lincoln, NE",1,5.6369033,"Pittsburgh Supercomputer Center | Merit Univ of Michigan, Ann Arbor | NCSA, University of Illinois, Champaign | MIDnet, Lincoln, NE","Pittsburgh Supercomputer Center->Merit Univ of Michigan, Ann Arbor | Merit Univ of Michigan, Ann Arbor->NCSA, University of Illinois, Champaign | NCSA, University of Illinois, Champaign->MIDnet, Lincoln, NE",1
29,nsfnet,7,1.2,lstm,random_failure_fixed,"NCSA, University of Illinois, Champaign -> Merit Univ of Michigan, Ann Arbor & Merit Univ of Michigan, Ann Arbor -> NCSA, University of Illinois, Champaign",1,"MIDnet, Lincoln, NE","BARRnet, Palo Alto",1,5.9942584,"MIDnet, Lincoln, NE | NCSA, University of Illinois, Champaign | Merit Univ of Michigan, Ann Arbor | BARRnet, Palo Alto","MIDnet, Lincoln, NE->NCSA, University of Illinois, Champaign | NCSA, University of Illinois, Champaign->Merit Univ of Michigan, Ann Arbor | Merit Univ of Michigan, Ann Arbor->BARRnet, Palo Alto",1
29,nsfnet,7,1.2,lstm,random_failure_fixed,"NCSA, University of Illinois, Champaign -> Merit Univ of Michigan, Ann Arbor & Merit Univ of Michigan, Ann Arbor -> NCSA, University of Illinois, Champaign",2,"NCSA, University of Illinois, Champaign","Merit Univ of Michigan, Ann Arbor",1,5.9017167,"NCSA, University of Illinois, Champaign | Merit Univ of Michigan, Ann Arbor","NCSA, University of Illinois, Champaign->Merit Univ of Michigan, Ann Arbor",1
29,nsfnet,7,1.2,lstm,random_failure_fixed,"NCSA, University of Illinois, Champaign -> Merit Univ of Michigan, Ann Arbor & Merit Univ of Michigan, Ann Arbor -> NCSA, University of Illinois, Champaign",3,"MIDnet, Lincoln, NE","Cornell Theory Center, Ithaca NY",1,5.8566198,"MIDnet, Lincoln, NE | NCSA, University of Illinois, Champaign | Merit Univ of Michigan, Ann Arbor | Cornell Theory Center, Ithaca NY","MIDnet, Lincoln, NE->NCSA, University of Illinois, Champaign | NCSA, University of Illinois, Champaign->Merit Univ of Michigan, Ann Arbor | Merit Univ of Michigan, Ann Arbor->Cornell Theory Center, Ithaca NY",1
29,nsfnet,7,1.2,lstm,random_failure_fixed,"NCSA, University of Illinois, Champaign -> Merit Univ of Michigan, Ann Arbor & Merit Univ of Michigan, Ann Arbor -> NCSA, University of Illinois, Champaign",4,"NCSA, University of Illinois, Champaign","BARRnet, Palo Alto",1,5.8198299,"NCSA, University of Illinois, Champaign | Merit Univ of Michigan, Ann Arbor | BARRnet, Palo Alto","NCSA, University of Illinois, Champaign->Merit Univ of Michigan, Ann Arbor | Merit Univ of Michigan, Ann Arbor->BARRnet, Palo Alto",1
29,nsfnet,7,1.2,lstm,random_failure_fixed,"NCSA, University of Illinois, Champaign -> Merit Univ of Michigan, Ann Arbor & Merit Univ of Michigan, Ann Arbor -> NCSA, University of Illinois, Champaign",5,Pittsburgh Supercomputer Center,"MIDnet, Lincoln, NE",1,5.6369033,"Pittsburgh Supercomputer Center | Merit Univ of Michigan, Ann Arbor | NCSA, University of Illinois, Champaign | MIDnet, Lincoln, NE","Pittsburgh Supercomputer Center->Merit Univ of Michigan, Ann Arbor | Merit Univ of Michigan, Ann Arbor->NCSA, University of Illinois, Champaign | NCSA, University of Illinois, Champaign->MIDnet, Lincoln, NE",1
29,nsfnet,7,1.2,uncertainty_aware_lstm_robust_lp,critical_failure_fixed,"NCSA, University of Illinois, Champaign -> Merit Univ of Michigan, Ann Arbor & Merit Univ of Michigan, Ann Arbor -> NCSA, University of Illinois, Champaign",1,"NCSA, University of Illinois, Champaign","Merit Univ of Michigan, Ann Arbor",1,6.1837616,"NCSA, University of Illinois, Champaign | Merit Univ of Michigan, Ann Arbor","NCSA, University of Illinois, Champaign->Merit Univ of Michigan, Ann Arbor",1
29,nsfnet,7,1.2,uncertainty_aware_lstm_robust_lp,critical_failure_fixed,"NCSA, University of Illinois, Champaign -> Merit Univ of Michigan, Ann Arbor & Merit Univ of Michigan, Ann Arbor -> NCSA, University of Illinois, Champaign",2,"MIDnet, Lincoln, NE","Cornell Theory Center, Ithaca NY",1,6.142241,"MIDnet, Lincoln, NE | NCSA, University of Illinois, Champaign | Merit Univ of Michigan, Ann Arbor | Cornell Theory Center, Ithaca NY","MIDnet, Lincoln, NE->NCSA, University of Illinois, Champaign | NCSA, University of Illinois, Champaign->Merit Univ of Michigan, Ann Arbor | Merit Univ of Michigan, Ann Arbor->Cornell Theory Center, Ithaca NY",1
29,nsfnet,7,1.2,uncertainty_aware_lstm_robust_lp,critical_failure_fixed,"NCSA, University of Illinois, Champaign -> Merit Univ of Michigan, Ann Arbor & Merit Univ of Michigan, Ann Arbor -> NCSA, University of Illinois, Champaign",3,"NCSA, University of Illinois, Champaign","BARRnet, Palo Alto",1,6.089541,"NCSA, University of Illinois, Champaign | Merit Univ of Michigan, Ann Arbor | BARRnet, Palo Alto","NCSA, University of Illinois, Champaign->Merit Univ of Michigan, Ann Arbor | Merit Univ of Michigan, Ann Arbor->BARRnet, Palo Alto",1
29,nsfnet,7,1.2,uncertainty_aware_lstm_robust_lp,critical_failure_fixed,"NCSA, University of Illinois, Champaign -> Merit Univ of Michigan, Ann Arbor & Merit Univ of Michigan, Ann Arbor -> NCSA, University of Illinois, Champaign",4,Pittsburgh Supercomputer Center,"MIDnet, Lincoln, NE",1,5.8909855,"Pittsburgh Supercomputer Center | Merit Univ of Michigan, Ann Arbor | NCSA, University of Illinois, Champaign | MIDnet, Lincoln, NE","Pittsburgh Supercomputer Center->Merit Univ of Michigan, Ann Arbor | Merit Univ of Michigan, Ann Arbor->NCSA, University of Illinois, Champaign | NCSA, University of Illinois, Champaign->MIDnet, Lincoln, NE",1
29,nsfnet,7,1.2,uncertainty_aware_lstm_robust_lp,critical_failure_fixed,"NCSA, University of Illinois, Champaign -> Merit Univ of Michigan, Ann Arbor & Merit Univ of Michigan, Ann Arbor -> NCSA, University of Illinois, Champaign",5,"Westnet, Salt Lake City","Merit Univ of Michigan, Ann Arbor",1,5.7571735,"Westnet, Salt Lake City | NCAR, Boulder | NCSA, University of Illinois, Champaign | Merit Univ of Michigan, Ann Arbor","Westnet, Salt Lake City->NCAR, Boulder | NCAR, Boulder->NCSA, University of Illinois, Champaign | NCSA, University of Illinois, Champaign->Merit Univ of Michigan, Ann Arbor",1
29,nsfnet,7,1.2,uncertainty_aware_lstm_robust_lp,random_failure_fixed,"NCSA, University of Illinois, Champaign -> Merit Univ of Michigan, Ann Arbor & Merit Univ of Michigan, Ann Arbor -> NCSA, University of Illinois, Champaign",1,"NCSA, University of Illinois, Champaign","Merit Univ of Michigan, Ann Arbor",1,6.1837616,"NCSA, University of Illinois, Champaign | Merit Univ of Michigan, Ann Arbor","NCSA, University of Illinois, Champaign->Merit Univ of Michigan, Ann Arbor",1
29,nsfnet,7,1.2,uncertainty_aware_lstm_robust_lp,random_failure_fixed,"NCSA, University of Illinois, Champaign -> Merit Univ of Michigan, Ann Arbor & Merit Univ of Michigan, Ann Arbor -> NCSA, University of Illinois, Champaign",2,"MIDnet, Lincoln, NE","Cornell Theory Center, Ithaca NY",1,6.142241,"MIDnet, Lincoln, NE | NCSA, University of Illinois, Champaign | Merit Univ of Michigan, Ann Arbor | Cornell Theory Center, Ithaca NY","MIDnet, Lincoln, NE->NCSA, University of Illinois, Champaign | NCSA, University of Illinois, Champaign->Merit Univ of Michigan, Ann Arbor | Merit Univ of Michigan, Ann Arbor->Cornell Theory Center, Ithaca NY",1
29,nsfnet,7,1.2,uncertainty_aware_lstm_robust_lp,random_failure_fixed,"NCSA, University of Illinois, Champaign -> Merit Univ of Michigan, Ann Arbor & Merit Univ of Michigan, Ann Arbor -> NCSA, University of Illinois, Champaign",3,"NCSA, University of Illinois, Champaign","BARRnet, Palo Alto",1,6.089541,"NCSA, University of Illinois, Champaign | Merit Univ of Michigan, Ann Arbor | BARRnet, Palo Alto","NCSA, University of Illinois, Champaign->Merit Univ of Michigan, Ann Arbor | Merit Univ of Michigan, Ann Arbor->BARRnet, Palo Alto",1
29,nsfnet,7,1.2,uncertainty_aware_lstm_robust_lp,random_failure_fixed,"NCSA, University of Illinois, Champaign -> Merit Univ of Michigan, Ann Arbor & Merit Univ of Michigan, Ann Arbor -> NCSA, University of Illinois, Champaign",4,Pittsburgh Supercomputer Center,"MIDnet, Lincoln, NE",1,5.8909855,"Pittsburgh Supercomputer Center | Merit Univ of Michigan, Ann Arbor | NCSA, University of Illinois, Champaign | MIDnet, Lincoln, NE","Pittsburgh Supercomputer Center->Merit Univ of Michigan, Ann Arbor | Merit Univ of Michigan, Ann Arbor->NCSA, University of Illinois, Champaign | NCSA, University of Illinois, Champaign->MIDnet, Lincoln, NE",1
29,nsfnet,7,1.2,uncertainty_aware_lstm_robust_lp,random_failure_fixed,"NCSA, University of Illinois, Champaign -> Merit Univ of Michigan, Ann Arbor & Merit Univ of Michigan, Ann Arbor -> NCSA, University of Illinois, Champaign",5,"Westnet, Salt Lake City","Merit Univ of Michigan, Ann Arbor",1,5.7571735,"Westnet, Salt Lake City | NCAR, Boulder | NCSA, University of Illinois, Champaign | Merit Univ of Michigan, Ann Arbor","Westnet, Salt Lake City->NCAR, Boulder | NCAR, Boulder->NCSA, University of Illinois, Champaign | NCSA, University of Illinois, Champaign->Merit Univ of Michigan, Ann Arbor",1
29,nsfnet,7,1.2,transformer,critical_failure_fixed,"NCSA, University of Illinois, Champaign -> Merit Univ of Michigan, Ann Arbor & Merit Univ of Michigan, Ann Arbor -> NCSA, University of Illinois, Champaign",1,"MIDnet, Lincoln, NE","BARRnet, Palo Alto",1,6.1255474,"MIDnet, Lincoln, NE | NCSA, University of Illinois, Champaign | Merit Univ of Michigan, Ann Arbor | BARRnet, Palo Alto","MIDnet, Lincoln, NE->NCSA, University of Illinois, Champaign | NCSA, University of Illinois, Champaign->Merit Univ of Michigan, Ann Arbor | Merit Univ of Michigan, Ann Arbor->BARRnet, Palo Alto",1
29,nsfnet,7,1.2,transformer,critical_failure_fixed,"NCSA, University of Illinois, Champaign -> Merit Univ of Michigan, Ann Arbor & Merit Univ of Michigan, Ann Arbor -> NCSA, University of Illinois, Champaign",2,"MIDnet, Lincoln, NE","Cornell Theory Center, Ithaca NY",1,5.9333334,"MIDnet, Lincoln, NE | NCSA, University of Illinois, Champaign | Merit Univ of Michigan, Ann Arbor | Cornell Theory Center, Ithaca NY","MIDnet, Lincoln, NE->NCSA, University of Illinois, Champaign | NCSA, University of Illinois, Champaign->Merit Univ of Michigan, Ann Arbor | Merit Univ of Michigan, Ann Arbor->Cornell Theory Center, Ithaca NY",1
29,nsfnet,7,1.2,transformer,critical_failure_fixed,"NCSA, University of Illinois, Champaign -> Merit Univ of Michigan, Ann Arbor & Merit Univ of Michigan, Ann Arbor -> NCSA, University of Illinois, Champaign",3,"NCSA, University of Illinois, Champaign","Merit Univ of Michigan, Ann Arbor",1,5.8228388,"NCSA, University of Illinois, Champaign | Merit Univ of Michigan, Ann Arbor","NCSA, University of Illinois, Champaign->Merit Univ of Michigan, Ann Arbor",1
29,nsfnet,7,1.2,transformer,critical_failure_fixed,"NCSA, University of Illinois, Champaign -> Merit Univ of Michigan, Ann Arbor & Merit Univ of Michigan, Ann Arbor -> NCSA, University of Illinois, Champaign",4,"NCSA, University of Illinois, Champaign","BARRnet, Palo Alto",1,5.6755238,"NCSA, University of Illinois, Champaign | Merit Univ of Michigan, Ann Arbor | BARRnet, Palo Alto","NCSA, University of Illinois, Champaign->Merit Univ of Michigan, Ann Arbor | Merit Univ of Michigan, Ann Arbor->BARRnet, Palo Alto",1
29,nsfnet,7,1.2,transformer,critical_failure_fixed,"NCSA, University of Illinois, Champaign -> Merit Univ of Michigan, Ann Arbor & Merit Univ of Michigan, Ann Arbor -> NCSA, University of Illinois, Champaign",5,Pittsburgh Supercomputer Center,"MIDnet, Lincoln, NE",1,5.6042604,"Pittsburgh Supercomputer Center | Merit Univ of Michigan, Ann Arbor | NCSA, University of Illinois, Champaign | MIDnet, Lincoln, NE","Pittsburgh Supercomputer Center->Merit Univ of Michigan, Ann Arbor | Merit Univ of Michigan, Ann Arbor->NCSA, University of Illinois, Champaign | NCSA, University of Illinois, Champaign->MIDnet, Lincoln, NE",1
29,nsfnet,7,1.2,transformer,random_failure_fixed,"NCSA, University of Illinois, Champaign -> Merit Univ of Michigan, Ann Arbor & Merit Univ of Michigan, Ann Arbor -> NCSA, University of Illinois, Champaign",1,"MIDnet, Lincoln, NE","BARRnet, Palo Alto",1,6.1255474,"MIDnet, Lincoln, NE | NCSA, University of Illinois, Champaign | Merit Univ of Michigan, Ann Arbor | BARRnet, Palo Alto","MIDnet, Lincoln, NE->NCSA, University of Illinois, Champaign | NCSA, University of Illinois, Champaign->Merit Univ of Michigan, Ann Arbor | Merit Univ of Michigan, Ann Arbor->BARRnet, Palo Alto",1
29,nsfnet,7,1.2,transformer,random_failure_fixed,"NCSA, University of Illinois, Champaign -> Merit Univ of Michigan, Ann Arbor & Merit Univ of Michigan, Ann Arbor -> NCSA, University of Illinois, Champaign",2,"MIDnet, Lincoln, NE","Cornell Theory Center, Ithaca NY",1,5.9333334,"MIDnet, Lincoln, NE | NCSA, University of Illinois, Champaign | Merit Univ of Michigan, Ann Arbor | Cornell Theory Center, Ithaca NY","MIDnet, Lincoln, NE->NCSA, University of Illinois, Champaign | NCSA, University of Illinois, Champaign->Merit Univ of Michigan, Ann Arbor | Merit Univ of Michigan, Ann Arbor->Cornell Theory Center, Ithaca NY",1
29,nsfnet,7,1.2,transformer,random_failure_fixed,"NCSA, University of Illinois, Champaign -> Merit Univ of Michigan, Ann Arbor & Merit Univ of Michigan, Ann Arbor -> NCSA, University of Illinois, Champaign",3,"NCSA, University of Illinois, Champaign","Merit Univ of Michigan, Ann Arbor",1,5.8228388,"NCSA, University of Illinois, Champaign | Merit Univ of Michigan, Ann Arbor","NCSA, University of Illinois, Champaign->Merit Univ of Michigan, Ann Arbor",1
29,nsfnet,7,1.2,transformer,random_failure_fixed,"NCSA, University of Illinois, Champaign -> Merit Univ of Michigan, Ann Arbor & Merit Univ of Michigan, Ann Arbor -> NCSA, University of Illinois, Champaign",4,"NCSA, University of Illinois, Champaign","BARRnet, Palo Alto",1,5.6755238,"NCSA, University of Illinois, Champaign | Merit Univ of Michigan, Ann Arbor | BARRnet, Palo Alto","NCSA, University of Illinois, Champaign->Merit Univ of Michigan, Ann Arbor | Merit Univ of Michigan, Ann Arbor->BARRnet, Palo Alto",1
29,nsfnet,7,1.2,transformer,random_failure_fixed,"NCSA, University of Illinois, Champaign -> Merit Univ of Michigan, Ann Arbor & Merit Univ of Michigan, Ann Arbor -> NCSA, University of Illinois, Champaign",5,Pittsburgh Supercomputer Center,"MIDnet, Lincoln, NE",1,5.6042604,"Pittsburgh Supercomputer Center | Merit Univ of Michigan, Ann Arbor | NCSA, University of Illinois, Champaign | MIDnet, Lincoln, NE","Pittsburgh Supercomputer Center->Merit Univ of Michigan, Ann Arbor | Merit Univ of Michigan, Ann Arbor->NCSA, University of Illinois, Champaign | NCSA, University of Illinois, Champaign->MIDnet, Lincoln, NE",1
30,nsfnet,7,1.2,current_demand_lp,critical_failure_fixed,"NCSA, University of Illinois, Champaign -> Merit Univ of Michigan, Ann Arbor & Merit Univ of Michigan, Ann Arbor -> NCSA, University of Illinois, Champaign",1,"NCSA, University of Illinois, Champaign","Merit Univ of Michigan, Ann Arbor",1,6.8281926,"NCSA, University of Illinois, Champaign | Merit Univ of Michigan, Ann Arbor","NCSA, University of Illinois, Champaign->Merit Univ of Michigan, Ann Arbor",1
30,nsfnet,7,1.2,current_demand_lp,critical_failure_fixed,"NCSA, University of Illinois, Champaign -> Merit Univ of Michigan, Ann Arbor & Merit Univ of Michigan, Ann Arbor -> NCSA, University of Illinois, Champaign",2,"MIDnet, Lincoln, NE","BARRnet, Palo Alto",1,6.6474002,"MIDnet, Lincoln, NE | NCSA, University of Illinois, Champaign | Merit Univ of Michigan, Ann Arbor | BARRnet, Palo Alto","MIDnet, Lincoln, NE->NCSA, University of Illinois, Champaign | NCSA, University of Illinois, Champaign->Merit Univ of Michigan, Ann Arbor | Merit Univ of Michigan, Ann Arbor->BARRnet, Palo Alto",1
30,nsfnet,7,1.2,current_demand_lp,critical_failure_fixed,"NCSA, University of Illinois, Champaign -> Merit Univ of Michigan, Ann Arbor & Merit Univ of Michigan, Ann Arbor -> NCSA, University of Illinois, Champaign",3,"NCSA, University of Illinois, Champaign","BARRnet, Palo Alto",1,6.6148861,"NCSA, University of Illinois, Champaign | Merit Univ of Michigan, Ann Arbor | BARRnet, Palo Alto","NCSA, University of Illinois, Champaign->Merit Univ of Michigan, Ann Arbor | Merit Univ of Michigan, Ann Arbor->BARRnet, Palo Alto",1
30,nsfnet,7,1.2,current_demand_lp,critical_failure_fixed,"NCSA, University of Illinois, Champaign -> Merit Univ of Michigan, Ann Arbor & Merit Univ of Michigan, Ann Arbor -> NCSA, University of Illinois, Champaign",4,Pittsburgh Supercomputer Center,"MIDnet, Lincoln, NE",1,6.3899359,"Pittsburgh Supercomputer Center | Merit Univ of Michigan, Ann Arbor | NCSA, University of Illinois, Champaign | MIDnet, Lincoln, NE","Pittsburgh Supercomputer Center->Merit Univ of Michigan, Ann Arbor | Merit Univ of Michigan, Ann Arbor->NCSA, University of Illinois, Champaign | NCSA, University of Illinois, Champaign->MIDnet, Lincoln, NE",1
30,nsfnet,7,1.2,current_demand_lp,critical_failure_fixed,"NCSA, University of Illinois, Champaign -> Merit Univ of Michigan, Ann Arbor & Merit Univ of Michigan, Ann Arbor -> NCSA, University of Illinois, Champaign",5,"MIDnet, Lincoln, NE","Cornell Theory Center, Ithaca NY",1,6.0783681,"MIDnet, Lincoln, NE | NCSA, University of Illinois, Champaign | Merit Univ of Michigan, Ann Arbor | Cornell Theory Center, Ithaca NY","MIDnet, Lincoln, NE->NCSA, University of Illinois, Champaign | NCSA, University of Illinois, Champaign->Merit Univ of Michigan, Ann Arbor | Merit Univ of Michigan, Ann Arbor->Cornell Theory Center, Ithaca NY",1
30,nsfnet,7,1.2,current_demand_lp,random_failure_fixed,"SEQSUINET, Rice University, Houston -> NCSA, University of Illinois, Champaign & NCSA, University of Illinois, Champaign -> SEQSUINET, Rice University, Houston",1,"MIDnet, Lincoln, NE","SEQSUINET, Rice University, Houston",1,6.5242288,"MIDnet, Lincoln, NE | NCSA, University of Illinois, Champaign | SEQSUINET, Rice University, Houston","MIDnet, Lincoln, NE->NCSA, University of Illinois, Champaign | NCSA, University of Illinois, Champaign->SEQSUINET, Rice University, Houston",1
30,nsfnet,7,1.2,current_demand_lp,random_failure_fixed,"SEQSUINET, Rice University, Houston -> NCSA, University of Illinois, Champaign & NCSA, University of Illinois, Champaign -> SEQSUINET, Rice University, Houston",2,"NCSA, University of Illinois, Champaign","SURANET, Georgia Tech, Atlanta",1,6.3582874,"NCSA, University of Illinois, Champaign | SEQSUINET, Rice University, Houston | SURANET, Georgia Tech, Atlanta","NCSA, University of Illinois, Champaign->SEQSUINET, Rice University, Houston | SEQSUINET, Rice University, Houston->SURANET, Georgia Tech, Atlanta",1
30,nsfnet,7,1.2,current_demand_lp,random_failure_fixed,"SEQSUINET, Rice University, Houston -> NCSA, University of Illinois, Champaign & NCSA, University of Illinois, Champaign -> SEQSUINET, Rice University, Houston",3,"Westnet, Salt Lake City","SEQSUINET, Rice University, Houston",1,6.3548347,"Westnet, Salt Lake City | NCAR, Boulder | NCSA, University of Illinois, Champaign | SEQSUINET, Rice University, Houston","Westnet, Salt Lake City->NCAR, Boulder | NCAR, Boulder->NCSA, University of Illinois, Champaign | NCSA, University of Illinois, Champaign->SEQSUINET, Rice University, Houston",1
30,nsfnet,7,1.2,current_demand_lp,random_failure_fixed,"SEQSUINET, Rice University, Houston -> NCSA, University of Illinois, Champaign & NCSA, University of Illinois, Champaign -> SEQSUINET, Rice University, Houston",4,"NCSA, University of Illinois, Champaign","SEQSUINET, Rice University, Houston",1,6.3130928,"NCSA, University of Illinois, Champaign | SEQSUINET, Rice University, Houston","NCSA, University of Illinois, Champaign->SEQSUINET, Rice University, Houston",1
30,nsfnet,7,1.2,current_demand_lp,random_failure_fixed,"SEQSUINET, Rice University, Houston -> NCSA, University of Illinois, Champaign & NCSA, University of Illinois, Champaign -> SEQSUINET, Rice University, Houston",5,"NCAR, Boulder","SURANET, Georgia Tech, Atlanta",1,6.1325844,"NCAR, Boulder | NCSA, University of Illinois, Champaign | SEQSUINET, Rice University, Houston | SURANET, Georgia Tech, Atlanta","NCAR, Boulder->NCSA, University of Illinois, Champaign | NCSA, University of Illinois, Champaign->SEQSUINET, Rice University, Houston | SEQSUINET, Rice University, Houston->SURANET, Georgia Tech, Atlanta",1
30,nsfnet,7,1.2,robust_current_demand_lp,critical_failure_fixed,"NCSA, University of Illinois, Champaign -> Merit Univ of Michigan, Ann Arbor & Merit Univ of Michigan, Ann Arbor -> NCSA, University of Illinois, Champaign",1,"NCSA, University of Illinois, Champaign","Merit Univ of Michigan, Ann Arbor",1,6.8281926,"NCSA, University of Illinois, Champaign | Merit Univ of Michigan, Ann Arbor","NCSA, University of Illinois, Champaign->Merit Univ of Michigan, Ann Arbor",1
30,nsfnet,7,1.2,robust_current_demand_lp,critical_failure_fixed,"NCSA, University of Illinois, Champaign -> Merit Univ of Michigan, Ann Arbor & Merit Univ of Michigan, Ann Arbor -> NCSA, University of Illinois, Champaign",2,"NCSA, University of Illinois, Champaign","BARRnet, Palo Alto",1,6.6148861,"NCSA, University of Illinois, Champaign | Merit Univ of Michigan, Ann Arbor | BARRnet, Palo Alto","NCSA, University of Illinois, Champaign->Merit Univ of Michigan, Ann Arbor | Merit Univ of Michigan, Ann Arbor->BARRnet, Palo Alto",1
30,nsfnet,7,1.2,robust_current_demand_lp,critical_failure_fixed,"NCSA, University of Illinois, Champaign -> Merit Univ of Michigan, Ann Arbor & Merit Univ of Michigan, Ann Arbor -> NCSA, University of Illinois, Champaign",3,Pittsburgh Supercomputer Center,"MIDnet, Lincoln, NE",1,6.3899359,"Pittsburgh Supercomputer Center | Merit Univ of Michigan, Ann Arbor | NCSA, University of Illinois, Champaign | MIDnet, Lincoln, NE","Pittsburgh Supercomputer Center->Merit Univ of Michigan, Ann Arbor | Merit Univ of Michigan, Ann Arbor->NCSA, University of Illinois, Champaign | NCSA, University of Illinois, Champaign->MIDnet, Lincoln, NE",1
30,nsfnet,7,1.2,robust_current_demand_lp,critical_failure_fixed,"NCSA, University of Illinois, Champaign -> Merit Univ of Michigan, Ann Arbor & Merit Univ of Michigan, Ann Arbor -> NCSA, University of Illinois, Champaign",4,"MIDnet, Lincoln, NE","Cornell Theory Center, Ithaca NY",1,6.0783681,"MIDnet, Lincoln, NE | NCSA, University of Illinois, Champaign | Merit Univ of Michigan, Ann Arbor | Cornell Theory Center, Ithaca NY","MIDnet, Lincoln, NE->NCSA, University of Illinois, Champaign | NCSA, University of Illinois, Champaign->Merit Univ of Michigan, Ann Arbor | Merit Univ of Michigan, Ann Arbor->Cornell Theory Center, Ithaca NY",1
30,nsfnet,7,1.2,robust_current_demand_lp,critical_failure_fixed,"NCSA, University of Illinois, Champaign -> Merit Univ of Michigan, Ann Arbor & Merit Univ of Michigan, Ann Arbor -> NCSA, University of Illinois, Champaign",5,"Westnet, Salt Lake City","Merit Univ of Michigan, Ann Arbor",1,5.917374,"Westnet, Salt Lake City | NCAR, Boulder | NCSA, University of Illinois, Champaign | Merit Univ of Michigan, Ann Arbor","Westnet, Salt Lake City->NCAR, Boulder | NCAR, Boulder->NCSA, University of Illinois, Champaign | NCSA, University of Illinois, Champaign->Merit Univ of Michigan, Ann Arbor",1
30,nsfnet,7,1.2,robust_current_demand_lp,random_failure_fixed,"SEQSUINET, Rice University, Houston -> NCSA, University of Illinois, Champaign & NCSA, University of Illinois, Champaign -> SEQSUINET, Rice University, Houston",1,"MIDnet, Lincoln, NE","SEQSUINET, Rice University, Houston",1,6.5242288,"MIDnet, Lincoln, NE | NCSA, University of Illinois, Champaign | SEQSUINET, Rice University, Houston","MIDnet, Lincoln, NE->NCSA, University of Illinois, Champaign | NCSA, University of Illinois, Champaign->SEQSUINET, Rice University, Houston",1
30,nsfnet,7,1.2,robust_current_demand_lp,random_failure_fixed,"SEQSUINET, Rice University, Houston -> NCSA, University of Illinois, Champaign & NCSA, University of Illinois, Champaign -> SEQSUINET, Rice University, Houston",2,"NCSA, University of Illinois, Champaign","SURANET, Georgia Tech, Atlanta",1,6.3582874,"NCSA, University of Illinois, Champaign | SEQSUINET, Rice University, Houston | SURANET, Georgia Tech, Atlanta","NCSA, University of Illinois, Champaign->SEQSUINET, Rice University, Houston | SEQSUINET, Rice University, Houston->SURANET, Georgia Tech, Atlanta",1
30,nsfnet,7,1.2,robust_current_demand_lp,random_failure_fixed,"SEQSUINET, Rice University, Houston -> NCSA, University of Illinois, Champaign & NCSA, University of Illinois, Champaign -> SEQSUINET, Rice University, Houston",3,"Westnet, Salt Lake City","SEQSUINET, Rice University, Houston",1,6.3548347,"Westnet, Salt Lake City | NCAR, Boulder | NCSA, University of Illinois, Champaign | SEQSUINET, Rice University, Houston","Westnet, Salt Lake City->NCAR, Boulder | NCAR, Boulder->NCSA, University of Illinois, Champaign | NCSA, University of Illinois, Champaign->SEQSUINET, Rice University, Houston",1
30,nsfnet,7,1.2,robust_current_demand_lp,random_failure_fixed,"SEQSUINET, Rice University, Houston -> NCSA, University of Illinois, Champaign & NCSA, University of Illinois, Champaign -> SEQSUINET, Rice University, Houston",4,"NCSA, University of Illinois, Champaign","SEQSUINET, Rice University, Houston",1,6.3130928,"NCSA, University of Illinois, Champaign | SEQSUINET, Rice University, Houston","NCSA, University of Illinois, Champaign->SEQSUINET, Rice University, Houston",1
30,nsfnet,7,1.2,robust_current_demand_lp,random_failure_fixed,"SEQSUINET, Rice University, Houston -> NCSA, University of Illinois, Champaign & NCSA, University of Illinois, Champaign -> SEQSUINET, Rice University, Houston",5,"NCAR, Boulder","SURANET, Georgia Tech, Atlanta",1,6.1325844,"NCAR, Boulder | NCSA, University of Illinois, Champaign | SEQSUINET, Rice University, Houston | SURANET, Georgia Tech, Atlanta","NCAR, Boulder->NCSA, University of Illinois, Champaign | NCSA, University of Illinois, Champaign->SEQSUINET, Rice University, Houston | SEQSUINET, Rice University, Houston->SURANET, Georgia Tech, Atlanta",1
30,nsfnet,7,1.2,moving_average,critical_failure_fixed,"NCSA, University of Illinois, Champaign -> Merit Univ of Michigan, Ann Arbor & Merit Univ of Michigan, Ann Arbor -> NCSA, University of Illinois, Champaign",1,"NCSA, University of Illinois, Champaign","Merit Univ of Michigan, Ann Arbor",1,8.123833,"NCSA, University of Illinois, Champaign | Merit Univ of Michigan, Ann Arbor","NCSA, University of Illinois, Champaign->Merit Univ of Michigan, Ann Arbor",1
30,nsfnet,7,1.2,moving_average,critical_failure_fixed,"NCSA, University of Illinois, Champaign -> Merit Univ of Michigan, Ann Arbor & Merit Univ of Michigan, Ann Arbor -> NCSA, University of Illinois, Champaign",2,"MIDnet, Lincoln, NE","BARRnet, Palo Alto",1,8.1022057,"MIDnet, Lincoln, NE | NCSA, University of Illinois, Champaign | Merit Univ of Michigan, Ann Arbor | BARRnet, Palo Alto","MIDnet, Lincoln, NE->NCSA, University of Illinois, Champaign | NCSA, University of Illinois, Champaign->Merit Univ of Michigan, Ann Arbor | Merit Univ of Michigan, Ann Arbor->BARRnet, Palo Alto",1
30,nsfnet,7,1.2,moving_average,critical_failure_fixed,"NCSA, University of Illinois, Champaign -> Merit Univ of Michigan, Ann Arbor & Merit Univ of Michigan, Ann Arbor -> NCSA, University of Illinois, Champaign",3,"MIDnet, Lincoln, NE","Cornell Theory Center, Ithaca NY",1,8.0139516,"MIDnet, Lincoln, NE | NCSA, University of Illinois, Champaign | Merit Univ of Michigan, Ann Arbor | Cornell Theory Center, Ithaca NY","MIDnet, Lincoln, NE->NCSA, University of Illinois, Champaign | NCSA, University of Illinois, Champaign->Merit Univ of Michigan, Ann Arbor | Merit Univ of Michigan, Ann Arbor->Cornell Theory Center, Ithaca NY",1
30,nsfnet,7,1.2,moving_average,critical_failure_fixed,"NCSA, University of Illinois, Champaign -> Merit Univ of Michigan, Ann Arbor & Merit Univ of Michigan, Ann Arbor -> NCSA, University of Illinois, Champaign",4,"NCSA, University of Illinois, Champaign","BARRnet, Palo Alto",1,7.9380645,"NCSA, University of Illinois, Champaign | Merit Univ of Michigan, Ann Arbor | BARRnet, Palo Alto","NCSA, University of Illinois, Champaign->Merit Univ of Michigan, Ann Arbor | Merit Univ of Michigan, Ann Arbor->BARRnet, Palo Alto",1
30,nsfnet,7,1.2,moving_average,critical_failure_fixed,"NCSA, University of Illinois, Champaign -> Merit Univ of Michigan, Ann Arbor & Merit Univ of Michigan, Ann Arbor -> NCSA, University of Illinois, Champaign",5,Pittsburgh Supercomputer Center,"MIDnet, Lincoln, NE",1,7.4103122,"Pittsburgh Supercomputer Center | Merit Univ of Michigan, Ann Arbor | NCSA, University of Illinois, Champaign | MIDnet, Lincoln, NE","Pittsburgh Supercomputer Center->Merit Univ of Michigan, Ann Arbor | Merit Univ of Michigan, Ann Arbor->NCSA, University of Illinois, Champaign | NCSA, University of Illinois, Champaign->MIDnet, Lincoln, NE",1
30,nsfnet,7,1.2,moving_average,random_failure_fixed,"SEQSUINET, Rice University, Houston -> NCSA, University of Illinois, Champaign & NCSA, University of Illinois, Champaign -> SEQSUINET, Rice University, Houston",1,"MIDnet, Lincoln, NE","SEQSUINET, Rice University, Houston",1,7.9016022,"MIDnet, Lincoln, NE | NCSA, University of Illinois, Champaign | SEQSUINET, Rice University, Houston","MIDnet, Lincoln, NE->NCSA, University of Illinois, Champaign | NCSA, University of Illinois, Champaign->SEQSUINET, Rice University, Houston",1
30,nsfnet,7,1.2,moving_average,random_failure_fixed,"SEQSUINET, Rice University, Houston -> NCSA, University of Illinois, Champaign & NCSA, University of Illinois, Champaign -> SEQSUINET, Rice University, Houston",2,"NCSA, University of Illinois, Champaign","SURANET, Georgia Tech, Atlanta",1,7.8614329,"NCSA, University of Illinois, Champaign | SEQSUINET, Rice University, Houston | SURANET, Georgia Tech, Atlanta","NCSA, University of Illinois, Champaign->SEQSUINET, Rice University, Houston | SEQSUINET, Rice University, Houston->SURANET, Georgia Tech, Atlanta",1
30,nsfnet,7,1.2,moving_average,random_failure_fixed,"SEQSUINET, Rice University, Houston -> NCSA, University of Illinois, Champaign & NCSA, University of Illinois, Champaign -> SEQSUINET, Rice University, Houston",3,"NCSA, University of Illinois, Champaign","SEQSUINET, Rice University, Houston",1,7.4971482,"NCSA, University of Illinois, Champaign | SEQSUINET, Rice University, Houston","NCSA, University of Illinois, Champaign->SEQSUINET, Rice University, Houston",1
30,nsfnet,7,1.2,moving_average,random_failure_fixed,"SEQSUINET, Rice University, Houston -> NCSA, University of Illinois, Champaign & NCSA, University of Illinois, Champaign -> SEQSUINET, Rice University, Houston",4,"Westnet, Salt Lake City","SEQSUINET, Rice University, Houston",1,7.4803844,"Westnet, Salt Lake City | NCAR, Boulder | NCSA, University of Illinois, Champaign | SEQSUINET, Rice University, Houston","Westnet, Salt Lake City->NCAR, Boulder | NCAR, Boulder->NCSA, University of Illinois, Champaign | NCSA, University of Illinois, Champaign->SEQSUINET, Rice University, Houston",1
30,nsfnet,7,1.2,moving_average,random_failure_fixed,"SEQSUINET, Rice University, Houston -> NCSA, University of Illinois, Champaign & NCSA, University of Illinois, Champaign -> SEQSUINET, Rice University, Houston",5,"NCAR, Boulder","SURANET, Georgia Tech, Atlanta",1,7.3685185,"NCAR, Boulder | NCSA, University of Illinois, Champaign | SEQSUINET, Rice University, Houston | SURANET, Georgia Tech, Atlanta","NCAR, Boulder->NCSA, University of Illinois, Champaign | NCSA, University of Illinois, Champaign->SEQSUINET, Rice University, Houston | SEQSUINET, Rice University, Houston->SURANET, Georgia Tech, Atlanta",1
30,nsfnet,7,1.2,linear_autoregressive,critical_failure_fixed,"NCSA, University of Illinois, Champaign -> Merit Univ of Michigan, Ann Arbor & Merit Univ of Michigan, Ann Arbor -> NCSA, University of Illinois, Champaign",1,"NCSA, University of Illinois, Champaign","Merit Univ of Michigan, Ann Arbor",1,6.9701692,"NCSA, University of Illinois, Champaign | Merit Univ of Michigan, Ann Arbor","NCSA, University of Illinois, Champaign->Merit Univ of Michigan, Ann Arbor",1
30,nsfnet,7,1.2,linear_autoregressive,critical_failure_fixed,"NCSA, University of Illinois, Champaign -> Merit Univ of Michigan, Ann Arbor & Merit Univ of Michigan, Ann Arbor -> NCSA, University of Illinois, Champaign",2,"MIDnet, Lincoln, NE","BARRnet, Palo Alto",1,6.732181,"MIDnet, Lincoln, NE | NCSA, University of Illinois, Champaign | Merit Univ of Michigan, Ann Arbor | BARRnet, Palo Alto","MIDnet, Lincoln, NE->NCSA, University of Illinois, Champaign | NCSA, University of Illinois, Champaign->Merit Univ of Michigan, Ann Arbor | Merit Univ of Michigan, Ann Arbor->BARRnet, Palo Alto",1
30,nsfnet,7,1.2,linear_autoregressive,critical_failure_fixed,"NCSA, University of Illinois, Champaign -> Merit Univ of Michigan, Ann Arbor & Merit Univ of Michigan, Ann Arbor -> NCSA, University of Illinois, Champaign",3,"MIDnet, Lincoln, NE","Cornell Theory Center, Ithaca NY",1,6.6558228,"MIDnet, Lincoln, NE | NCSA, University of Illinois, Champaign | Merit Univ of Michigan, Ann Arbor | Cornell Theory Center, Ithaca NY","MIDnet, Lincoln, NE->NCSA, University of Illinois, Champaign | NCSA, University of Illinois, Champaign->Merit Univ of Michigan, Ann Arbor | Merit Univ of Michigan, Ann Arbor->Cornell Theory Center, Ithaca NY",1
30,nsfnet,7,1.2,linear_autoregressive,critical_failure_fixed,"NCSA, University of Illinois, Champaign -> Merit Univ of Michigan, Ann Arbor & Merit Univ of Michigan, Ann Arbor -> NCSA, University of Illinois, Champaign",4,"NCSA, University of Illinois, Champaign","BARRnet, Palo Alto",1,6.6399801,"NCSA, University of Illinois, Champaign | Merit Univ of Michigan, Ann Arbor | BARRnet, Palo Alto","NCSA, University of Illinois, Champaign->Merit Univ of Michigan, Ann Arbor | Merit Univ of Michigan, Ann Arbor->BARRnet, Palo Alto",1
30,nsfnet,7,1.2,linear_autoregressive,critical_failure_fixed,"NCSA, University of Illinois, Champaign -> Merit Univ of Michigan, Ann Arbor & Merit Univ of Michigan, Ann Arbor -> NCSA, University of Illinois, Champaign",5,Pittsburgh Supercomputer Center,"MIDnet, Lincoln, NE",1,6.2268823,"Pittsburgh Supercomputer Center | Merit Univ of Michigan, Ann Arbor | NCSA, University of Illinois, Champaign | MIDnet, Lincoln, NE","Pittsburgh Supercomputer Center->Merit Univ of Michigan, Ann Arbor | Merit Univ of Michigan, Ann Arbor->NCSA, University of Illinois, Champaign | NCSA, University of Illinois, Champaign->MIDnet, Lincoln, NE",1
30,nsfnet,7,1.2,linear_autoregressive,random_failure_fixed,"SEQSUINET, Rice University, Houston -> NCSA, University of Illinois, Champaign & NCSA, University of Illinois, Champaign -> SEQSUINET, Rice University, Houston",1,"MIDnet, Lincoln, NE","SEQSUINET, Rice University, Houston",1,6.8562572,"MIDnet, Lincoln, NE | NCSA, University of Illinois, Champaign | SEQSUINET, Rice University, Houston","MIDnet, Lincoln, NE->NCSA, University of Illinois, Champaign | NCSA, University of Illinois, Champaign->SEQSUINET, Rice University, Houston",1
30,nsfnet,7,1.2,linear_autoregressive,random_failure_fixed,"SEQSUINET, Rice University, Houston -> NCSA, University of Illinois, Champaign & NCSA, University of Illinois, Champaign -> SEQSUINET, Rice University, Houston",2,"NCSA, University of Illinois, Champaign","SURANET, Georgia Tech, Atlanta",1,6.521153,"NCSA, University of Illinois, Champaign | SEQSUINET, Rice University, Houston | SURANET, Georgia Tech, Atlanta","NCSA, University of Illinois, Champaign->SEQSUINET, Rice University, Houston | SEQSUINET, Rice University, Houston->SURANET, Georgia Tech, Atlanta",1
30,nsfnet,7,1.2,linear_autoregressive,random_failure_fixed,"SEQSUINET, Rice University, Houston -> NCSA, University of Illinois, Champaign & NCSA, University of Illinois, Champaign -> SEQSUINET, Rice University, Houston",3,"NCSA, University of Illinois, Champaign","SEQSUINET, Rice University, Houston",1,6.33325,"NCSA, University of Illinois, Champaign | SEQSUINET, Rice University, Houston","NCSA, University of Illinois, Champaign->SEQSUINET, Rice University, Houston",1
30,nsfnet,7,1.2,linear_autoregressive,random_failure_fixed,"SEQSUINET, Rice University, Houston -> NCSA, University of Illinois, Champaign & NCSA, University of Illinois, Champaign -> SEQSUINET, Rice University, Houston",4,"Westnet, Salt Lake City","SEQSUINET, Rice University, Houston",1,6.2671842,"Westnet, Salt Lake City | NCAR, Boulder | NCSA, University of Illinois, Champaign | SEQSUINET, Rice University, Houston","Westnet, Salt Lake City->NCAR, Boulder | NCAR, Boulder->NCSA, University of Illinois, Champaign | NCSA, University of Illinois, Champaign->SEQSUINET, Rice University, Houston",1
30,nsfnet,7,1.2,linear_autoregressive,random_failure_fixed,"SEQSUINET, Rice University, Houston -> NCSA, University of Illinois, Champaign & NCSA, University of Illinois, Champaign -> SEQSUINET, Rice University, Houston",5,"NCAR, Boulder","SURANET, Georgia Tech, Atlanta",1,6.1541608,"NCAR, Boulder | NCSA, University of Illinois, Champaign | SEQSUINET, Rice University, Houston | SURANET, Georgia Tech, Atlanta","NCAR, Boulder->NCSA, University of Illinois, Champaign | NCSA, University of Illinois, Champaign->SEQSUINET, Rice University, Houston | SEQSUINET, Rice University, Houston->SURANET, Georgia Tech, Atlanta",1
30,nsfnet,7,1.2,lstm,critical_failure_fixed,"NCSA, University of Illinois, Champaign -> Merit Univ of Michigan, Ann Arbor & Merit Univ of Michigan, Ann Arbor -> NCSA, University of Illinois, Champaign",1,"MIDnet, Lincoln, NE","BARRnet, Palo Alto",1,5.9942584,"MIDnet, Lincoln, NE | NCSA, University of Illinois, Champaign | Merit Univ of Michigan, Ann Arbor | BARRnet, Palo Alto","MIDnet, Lincoln, NE->NCSA, University of Illinois, Champaign | NCSA, University of Illinois, Champaign->Merit Univ of Michigan, Ann Arbor | Merit Univ of Michigan, Ann Arbor->BARRnet, Palo Alto",1
30,nsfnet,7,1.2,lstm,critical_failure_fixed,"NCSA, University of Illinois, Champaign -> Merit Univ of Michigan, Ann Arbor & Merit Univ of Michigan, Ann Arbor -> NCSA, University of Illinois, Champaign",2,"NCSA, University of Illinois, Champaign","Merit Univ of Michigan, Ann Arbor",1,5.9017167,"NCSA, University of Illinois, Champaign | Merit Univ of Michigan, Ann Arbor","NCSA, University of Illinois, Champaign->Merit Univ of Michigan, Ann Arbor",1
30,nsfnet,7,1.2,lstm,critical_failure_fixed,"NCSA, University of Illinois, Champaign -> Merit Univ of Michigan, Ann Arbor & Merit Univ of Michigan, Ann Arbor -> NCSA, University of Illinois, Champaign",3,"MIDnet, Lincoln, NE","Cornell Theory Center, Ithaca NY",1,5.8566198,"MIDnet, Lincoln, NE | NCSA, University of Illinois, Champaign | Merit Univ of Michigan, Ann Arbor | Cornell Theory Center, Ithaca NY","MIDnet, Lincoln, NE->NCSA, University of Illinois, Champaign | NCSA, University of Illinois, Champaign->Merit Univ of Michigan, Ann Arbor | Merit Univ of Michigan, Ann Arbor->Cornell Theory Center, Ithaca NY",1
30,nsfnet,7,1.2,lstm,critical_failure_fixed,"NCSA, University of Illinois, Champaign -> Merit Univ of Michigan, Ann Arbor & Merit Univ of Michigan, Ann Arbor -> NCSA, University of Illinois, Champaign",4,"NCSA, University of Illinois, Champaign","BARRnet, Palo Alto",1,5.8198299,"NCSA, University of Illinois, Champaign | Merit Univ of Michigan, Ann Arbor | BARRnet, Palo Alto","NCSA, University of Illinois, Champaign->Merit Univ of Michigan, Ann Arbor | Merit Univ of Michigan, Ann Arbor->BARRnet, Palo Alto",1
30,nsfnet,7,1.2,lstm,critical_failure_fixed,"NCSA, University of Illinois, Champaign -> Merit Univ of Michigan, Ann Arbor & Merit Univ of Michigan, Ann Arbor -> NCSA, University of Illinois, Champaign",5,Pittsburgh Supercomputer Center,"MIDnet, Lincoln, NE",1,5.6369033,"Pittsburgh Supercomputer Center | Merit Univ of Michigan, Ann Arbor | NCSA, University of Illinois, Champaign | MIDnet, Lincoln, NE","Pittsburgh Supercomputer Center->Merit Univ of Michigan, Ann Arbor | Merit Univ of Michigan, Ann Arbor->NCSA, University of Illinois, Champaign | NCSA, University of Illinois, Champaign->MIDnet, Lincoln, NE",1
30,nsfnet,7,1.2,lstm,random_failure_fixed,"SEQSUINET, Rice University, Houston -> NCSA, University of Illinois, Champaign & NCSA, University of Illinois, Champaign -> SEQSUINET, Rice University, Houston",1,"MIDnet, Lincoln, NE","SEQSUINET, Rice University, Houston",1,6.0127764,"MIDnet, Lincoln, NE | NCSA, University of Illinois, Champaign | SEQSUINET, Rice University, Houston","MIDnet, Lincoln, NE->NCSA, University of Illinois, Champaign | NCSA, University of Illinois, Champaign->SEQSUINET, Rice University, Houston",1
30,nsfnet,7,1.2,lstm,random_failure_fixed,"SEQSUINET, Rice University, Houston -> NCSA, University of Illinois, Champaign & NCSA, University of Illinois, Champaign -> SEQSUINET, Rice University, Houston",2,"NCSA, University of Illinois, Champaign","SURANET, Georgia Tech, Atlanta",1,5.769763,"NCSA, University of Illinois, Champaign | SEQSUINET, Rice University, Houston | SURANET, Georgia Tech, Atlanta","NCSA, University of Illinois, Champaign->SEQSUINET, Rice University, Houston | SEQSUINET, Rice University, Houston->SURANET, Georgia Tech, Atlanta",1
30,nsfnet,7,1.2,lstm,random_failure_fixed,"SEQSUINET, Rice University, Houston -> NCSA, University of Illinois, Champaign & NCSA, University of Illinois, Champaign -> SEQSUINET, Rice University, Houston",3,"NCSA, University of Illinois, Champaign","SEQSUINET, Rice University, Houston",1,5.7131443,"NCSA, University of Illinois, Champaign | SEQSUINET, Rice University, Houston","NCSA, University of Illinois, Champaign->SEQSUINET, Rice University, Houston",1
30,nsfnet,7,1.2,lstm,random_failure_fixed,"SEQSUINET, Rice University, Houston -> NCSA, University of Illinois, Champaign & NCSA, University of Illinois, Champaign -> SEQSUINET, Rice University, Houston",4,"Westnet, Salt Lake City","SEQSUINET, Rice University, Houston",1,5.5542665,"Westnet, Salt Lake City | NCAR, Boulder | NCSA, University of Illinois, Champaign | SEQSUINET, Rice University, Houston","Westnet, Salt Lake City->NCAR, Boulder | NCAR, Boulder->NCSA, University of Illinois, Champaign | NCSA, University of Illinois, Champaign->SEQSUINET, Rice University, Houston",1
30,nsfnet,7,1.2,lstm,random_failure_fixed,"SEQSUINET, Rice University, Houston -> NCSA, University of Illinois, Champaign & NCSA, University of Illinois, Champaign -> SEQSUINET, Rice University, Houston",5,"SURANET, Georgia Tech, Atlanta","Merit Univ of Michigan, Ann Arbor",1,5.5222492,"SURANET, Georgia Tech, Atlanta | SEQSUINET, Rice University, Houston | NCSA, University of Illinois, Champaign | Merit Univ of Michigan, Ann Arbor","SURANET, Georgia Tech, Atlanta->SEQSUINET, Rice University, Houston | SEQSUINET, Rice University, Houston->NCSA, University of Illinois, Champaign | NCSA, University of Illinois, Champaign->Merit Univ of Michigan, Ann Arbor",1
30,nsfnet,7,1.2,uncertainty_aware_lstm_robust_lp,critical_failure_fixed,"NCSA, University of Illinois, Champaign -> Merit Univ of Michigan, Ann Arbor & Merit Univ of Michigan, Ann Arbor -> NCSA, University of Illinois, Champaign",1,"NCSA, University of Illinois, Champaign","Merit Univ of Michigan, Ann Arbor",1,6.1837616,"NCSA, University of Illinois, Champaign | Merit Univ of Michigan, Ann Arbor","NCSA, University of Illinois, Champaign->Merit Univ of Michigan, Ann Arbor",1
30,nsfnet,7,1.2,uncertainty_aware_lstm_robust_lp,critical_failure_fixed,"NCSA, University of Illinois, Champaign -> Merit Univ of Michigan, Ann Arbor & Merit Univ of Michigan, Ann Arbor -> NCSA, University of Illinois, Champaign",2,"MIDnet, Lincoln, NE","Cornell Theory Center, Ithaca NY",1,6.142241,"MIDnet, Lincoln, NE | NCSA, University of Illinois, Champaign | Merit Univ of Michigan, Ann Arbor | Cornell Theory Center, Ithaca NY","MIDnet, Lincoln, NE->NCSA, University of Illinois, Champaign | NCSA, University of Illinois, Champaign->Merit Univ of Michigan, Ann Arbor | Merit Univ of Michigan, Ann Arbor->Cornell Theory Center, Ithaca NY",1
30,nsfnet,7,1.2,uncertainty_aware_lstm_robust_lp,critical_failure_fixed,"NCSA, University of Illinois, Champaign -> Merit Univ of Michigan, Ann Arbor & Merit Univ of Michigan, Ann Arbor -> NCSA, University of Illinois, Champaign",3,"NCSA, University of Illinois, Champaign","BARRnet, Palo Alto",1,6.089541,"NCSA, University of Illinois, Champaign | Merit Univ of Michigan, Ann Arbor | BARRnet, Palo Alto","NCSA, University of Illinois, Champaign->Merit Univ of Michigan, Ann Arbor | Merit Univ of Michigan, Ann Arbor->BARRnet, Palo Alto",1
30,nsfnet,7,1.2,uncertainty_aware_lstm_robust_lp,critical_failure_fixed,"NCSA, University of Illinois, Champaign -> Merit Univ of Michigan, Ann Arbor & Merit Univ of Michigan, Ann Arbor -> NCSA, University of Illinois, Champaign",4,Pittsburgh Supercomputer Center,"MIDnet, Lincoln, NE",1,5.8909855,"Pittsburgh Supercomputer Center | Merit Univ of Michigan, Ann Arbor | NCSA, University of Illinois, Champaign | MIDnet, Lincoln, NE","Pittsburgh Supercomputer Center->Merit Univ of Michigan, Ann Arbor | Merit Univ of Michigan, Ann Arbor->NCSA, University of Illinois, Champaign | NCSA, University of Illinois, Champaign->MIDnet, Lincoln, NE",1
30,nsfnet,7,1.2,uncertainty_aware_lstm_robust_lp,critical_failure_fixed,"NCSA, University of Illinois, Champaign -> Merit Univ of Michigan, Ann Arbor & Merit Univ of Michigan, Ann Arbor -> NCSA, University of Illinois, Champaign",5,"Westnet, Salt Lake City","Merit Univ of Michigan, Ann Arbor",1,5.7571735,"Westnet, Salt Lake City | NCAR, Boulder | NCSA, University of Illinois, Champaign | Merit Univ of Michigan, Ann Arbor","Westnet, Salt Lake City->NCAR, Boulder | NCAR, Boulder->NCSA, University of Illinois, Champaign | NCSA, University of Illinois, Champaign->Merit Univ of Michigan, Ann Arbor",1
30,nsfnet,7,1.2,uncertainty_aware_lstm_robust_lp,random_failure_fixed,"SEQSUINET, Rice University, Houston -> NCSA, University of Illinois, Champaign & NCSA, University of Illinois, Champaign -> SEQSUINET, Rice University, Houston",1,"MIDnet, Lincoln, NE","SEQSUINET, Rice University, Houston",1,6.2676716,"MIDnet, Lincoln, NE | NCSA, University of Illinois, Champaign | SEQSUINET, Rice University, Houston","MIDnet, Lincoln, NE->NCSA, University of Illinois, Champaign | NCSA, University of Illinois, Champaign->SEQSUINET, Rice University, Houston",1
30,nsfnet,7,1.2,uncertainty_aware_lstm_robust_lp,random_failure_fixed,"SEQSUINET, Rice University, Houston -> NCSA, University of Illinois, Champaign & NCSA, University of Illinois, Champaign -> SEQSUINET, Rice University, Houston",2,"NCSA, University of Illinois, Champaign","SURANET, Georgia Tech, Atlanta",1,6.0184751,"NCSA, University of Illinois, Champaign | SEQSUINET, Rice University, Houston | SURANET, Georgia Tech, Atlanta","NCSA, University of Illinois, Champaign->SEQSUINET, Rice University, Houston | SEQSUINET, Rice University, Houston->SURANET, Georgia Tech, Atlanta",1
30,nsfnet,7,1.2,uncertainty_aware_lstm_robust_lp,random_failure_fixed,"SEQSUINET, Rice University, Houston -> NCSA, University of Illinois, Champaign & NCSA, University of Illinois, Champaign -> SEQSUINET, Rice University, Houston",3,"NCSA, University of Illinois, Champaign","SEQSUINET, Rice University, Houston",1,6.0112104,"NCSA, University of Illinois, Champaign | SEQSUINET, Rice University, Houston","NCSA, University of Illinois, Champaign->SEQSUINET, Rice University, Houston",1
30,nsfnet,7,1.2,uncertainty_aware_lstm_robust_lp,random_failure_fixed,"SEQSUINET, Rice University, Houston -> NCSA, University of Illinois, Champaign & NCSA, University of Illinois, Champaign -> SEQSUINET, Rice University, Houston",4,"Westnet, Salt Lake City","SEQSUINET, Rice University, Houston",1,5.8186479,"Westnet, Salt Lake City | NCAR, Boulder | NCSA, University of Illinois, Champaign | SEQSUINET, Rice University, Houston","Westnet, Salt Lake City->NCAR, Boulder | NCAR, Boulder->NCSA, University of Illinois, Champaign | NCSA, University of Illinois, Champaign->SEQSUINET, Rice University, Houston",1
30,nsfnet,7,1.2,uncertainty_aware_lstm_robust_lp,random_failure_fixed,"SEQSUINET, Rice University, Houston -> NCSA, University of Illinois, Champaign & NCSA, University of Illinois, Champaign -> SEQSUINET, Rice University, Houston",5,"NCAR, Boulder","SURANET, Georgia Tech, Atlanta",1,5.6343398,"NCAR, Boulder | NCSA, University of Illinois, Champaign | SEQSUINET, Rice University, Houston | SURANET, Georgia Tech, Atlanta","NCAR, Boulder->NCSA, University of Illinois, Champaign | NCSA, University of Illinois, Champaign->SEQSUINET, Rice University, Houston | SEQSUINET, Rice University, Houston->SURANET, Georgia Tech, Atlanta",1
30,nsfnet,7,1.2,transformer,critical_failure_fixed,"NCSA, University of Illinois, Champaign -> Merit Univ of Michigan, Ann Arbor & Merit Univ of Michigan, Ann Arbor -> NCSA, University of Illinois, Champaign",1,"MIDnet, Lincoln, NE","BARRnet, Palo Alto",1,5.5753274,"MIDnet, Lincoln, NE | NCSA, University of Illinois, Champaign | Merit Univ of Michigan, Ann Arbor | BARRnet, Palo Alto","MIDnet, Lincoln, NE->NCSA, University of Illinois, Champaign | NCSA, University of Illinois, Champaign->Merit Univ of Michigan, Ann Arbor | Merit Univ of Michigan, Ann Arbor->BARRnet, Palo Alto",1
30,nsfnet,7,1.2,transformer,critical_failure_fixed,"NCSA, University of Illinois, Champaign -> Merit Univ of Michigan, Ann Arbor & Merit Univ of Michigan, Ann Arbor -> NCSA, University of Illinois, Champaign",2,"MIDnet, Lincoln, NE","Cornell Theory Center, Ithaca NY",1,5.3749385,"MIDnet, Lincoln, NE | NCSA, University of Illinois, Champaign | Merit Univ of Michigan, Ann Arbor | Cornell Theory Center, Ithaca NY","MIDnet, Lincoln, NE->NCSA, University of Illinois, Champaign | NCSA, University of Illinois, Champaign->Merit Univ of Michigan, Ann Arbor | Merit Univ of Michigan, Ann Arbor->Cornell Theory Center, Ithaca NY",1
30,nsfnet,7,1.2,transformer,critical_failure_fixed,"NCSA, University of Illinois, Champaign -> Merit Univ of Michigan, Ann Arbor & Merit Univ of Michigan, Ann Arbor -> NCSA, University of Illinois, Champaign",3,"NCSA, University of Illinois, Champaign","Merit Univ of Michigan, Ann Arbor",1,5.222764,"NCSA, University of Illinois, Champaign | Merit Univ of Michigan, Ann Arbor","NCSA, University of Illinois, Champaign->Merit Univ of Michigan, Ann Arbor",1
30,nsfnet,7,1.2,transformer,critical_failure_fixed,"NCSA, University of Illinois, Champaign -> Merit Univ of Michigan, Ann Arbor & Merit Univ of Michigan, Ann Arbor -> NCSA, University of Illinois, Champaign",4,"NCSA, University of Illinois, Champaign","BARRnet, Palo Alto",1,5.1019773,"NCSA, University of Illinois, Champaign | Merit Univ of Michigan, Ann Arbor | BARRnet, Palo Alto","NCSA, University of Illinois, Champaign->Merit Univ of Michigan, Ann Arbor | Merit Univ of Michigan, Ann Arbor->BARRnet, Palo Alto",1
30,nsfnet,7,1.2,transformer,critical_failure_fixed,"NCSA, University of Illinois, Champaign -> Merit Univ of Michigan, Ann Arbor & Merit Univ of Michigan, Ann Arbor -> NCSA, University of Illinois, Champaign",5,"Westnet, Salt Lake City","Merit Univ of Michigan, Ann Arbor",1,5.0905547,"Westnet, Salt Lake City | NCAR, Boulder | NCSA, University of Illinois, Champaign | Merit Univ of Michigan, Ann Arbor","Westnet, Salt Lake City->NCAR, Boulder | NCAR, Boulder->NCSA, University of Illinois, Champaign | NCSA, University of Illinois, Champaign->Merit Univ of Michigan, Ann Arbor",1
30,nsfnet,7,1.2,transformer,random_failure_fixed,"SEQSUINET, Rice University, Houston -> NCSA, University of Illinois, Champaign & NCSA, University of Illinois, Champaign -> SEQSUINET, Rice University, Houston",1,"MIDnet, Lincoln, NE","SEQSUINET, Rice University, Houston",1,5.4617214,"MIDnet, Lincoln, NE | NCSA, University of Illinois, Champaign | SEQSUINET, Rice University, Houston","MIDnet, Lincoln, NE->NCSA, University of Illinois, Champaign | NCSA, University of Illinois, Champaign->SEQSUINET, Rice University, Houston",1
30,nsfnet,7,1.2,transformer,random_failure_fixed,"SEQSUINET, Rice University, Houston -> NCSA, University of Illinois, Champaign & NCSA, University of Illinois, Champaign -> SEQSUINET, Rice University, Houston",2,"NCSA, University of Illinois, Champaign","SURANET, Georgia Tech, Atlanta",1,5.2427931,"NCSA, University of Illinois, Champaign | SEQSUINET, Rice University, Houston | SURANET, Georgia Tech, Atlanta","NCSA, University of Illinois, Champaign->SEQSUINET, Rice University, Houston | SEQSUINET, Rice University, Houston->SURANET, Georgia Tech, Atlanta",1
30,nsfnet,7,1.2,transformer,random_failure_fixed,"SEQSUINET, Rice University, Houston -> NCSA, University of Illinois, Champaign & NCSA, University of Illinois, Champaign -> SEQSUINET, Rice University, Houston",3,"NCSA, University of Illinois, Champaign","SEQSUINET, Rice University, Houston",1,5.1653266,"NCSA, University of Illinois, Champaign | SEQSUINET, Rice University, Houston","NCSA, University of Illinois, Champaign->SEQSUINET, Rice University, Houston",1
30,nsfnet,7,1.2,transformer,random_failure_fixed,"SEQSUINET, Rice University, Houston -> NCSA, University of Illinois, Champaign & NCSA, University of Illinois, Champaign -> SEQSUINET, Rice University, Houston",4,"SURANET, Georgia Tech, Atlanta","Merit Univ of Michigan, Ann Arbor",1,5.040823,"SURANET, Georgia Tech, Atlanta | SEQSUINET, Rice University, Houston | NCSA, University of Illinois, Champaign | Merit Univ of Michigan, Ann Arbor","SURANET, Georgia Tech, Atlanta->SEQSUINET, Rice University, Houston | SEQSUINET, Rice University, Houston->NCSA, University of Illinois, Champaign | NCSA, University of Illinois, Champaign->Merit Univ of Michigan, Ann Arbor",1
30,nsfnet,7,1.2,transformer,random_failure_fixed,"SEQSUINET, Rice University, Houston -> NCSA, University of Illinois, Champaign & NCSA, University of Illinois, Champaign -> SEQSUINET, Rice University, Houston",5,"NCAR, Boulder","SURANET, Georgia Tech, Atlanta",1,5.0124035,"NCAR, Boulder | NCSA, University of Illinois, Champaign | SEQSUINET, Rice University, Houston | SURANET, Georgia Tech, Atlanta","NCAR, Boulder->NCSA, University of Illinois, Champaign | NCSA, University of Illinois, Champaign->SEQSUINET, Rice University, Houston | SEQSUINET, Rice University, Houston->SURANET, Georgia Tech, Atlanta",1
31,nsfnet,7,1.2,current_demand_lp,critical_failure_fixed,"NCSA, University of Illinois, Champaign -> Merit Univ of Michigan, Ann Arbor & Merit Univ of Michigan, Ann Arbor -> NCSA, University of Illinois, Champaign",1,"NCSA, University of Illinois, Champaign","Merit Univ of Michigan, Ann Arbor",1,5.9320243,"NCSA, University of Illinois, Champaign | Merit Univ of Michigan, Ann Arbor","NCSA, University of Illinois, Champaign->Merit Univ of Michigan, Ann Arbor",1
31,nsfnet,7,1.2,current_demand_lp,critical_failure_fixed,"NCSA, University of Illinois, Champaign -> Merit Univ of Michigan, Ann Arbor & Merit Univ of Michigan, Ann Arbor -> NCSA, University of Illinois, Champaign",2,"MIDnet, Lincoln, NE","BARRnet, Palo Alto",1,5.7966755,"MIDnet, Lincoln, NE | NCSA, University of Illinois, Champaign | Merit Univ of Michigan, Ann Arbor | BARRnet, Palo Alto","MIDnet, Lincoln, NE->NCSA, University of Illinois, Champaign | NCSA, University of Illinois, Champaign->Merit Univ of Michigan, Ann Arbor | Merit Univ of Michigan, Ann Arbor->BARRnet, Palo Alto",1
31,nsfnet,7,1.2,current_demand_lp,critical_failure_fixed,"NCSA, University of Illinois, Champaign -> Merit Univ of Michigan, Ann Arbor & Merit Univ of Michigan, Ann Arbor -> NCSA, University of Illinois, Champaign",3,"NCSA, University of Illinois, Champaign","BARRnet, Palo Alto",1,5.6329984,"NCSA, University of Illinois, Champaign | Merit Univ of Michigan, Ann Arbor | BARRnet, Palo Alto","NCSA, University of Illinois, Champaign->Merit Univ of Michigan, Ann Arbor | Merit Univ of Michigan, Ann Arbor->BARRnet, Palo Alto",1
31,nsfnet,7,1.2,current_demand_lp,critical_failure_fixed,"NCSA, University of Illinois, Champaign -> Merit Univ of Michigan, Ann Arbor & Merit Univ of Michigan, Ann Arbor -> NCSA, University of Illinois, Champaign",4,"MIDnet, Lincoln, NE","Cornell Theory Center, Ithaca NY",1,5.3686018,"MIDnet, Lincoln, NE | NCSA, University of Illinois, Champaign | Merit Univ of Michigan, Ann Arbor | Cornell Theory Center, Ithaca NY","MIDnet, Lincoln, NE->NCSA, University of Illinois, Champaign | NCSA, University of Illinois, Champaign->Merit Univ of Michigan, Ann Arbor | Merit Univ of Michigan, Ann Arbor->Cornell Theory Center, Ithaca NY",1
31,nsfnet,7,1.2,current_demand_lp,critical_failure_fixed,"NCSA, University of Illinois, Champaign -> Merit Univ of Michigan, Ann Arbor & Merit Univ of Michigan, Ann Arbor -> NCSA, University of Illinois, Champaign",5,"Westnet, Salt Lake City","Merit Univ of Michigan, Ann Arbor",1,5.0066313,"Westnet, Salt Lake City | NCAR, Boulder | NCSA, University of Illinois, Champaign | Merit Univ of Michigan, Ann Arbor","Westnet, Salt Lake City->NCAR, Boulder | NCAR, Boulder->NCSA, University of Illinois, Champaign | NCSA, University of Illinois, Champaign->Merit Univ of Michigan, Ann Arbor",1
31,nsfnet,7,1.2,current_demand_lp,random_failure_fixed,"NorthWestNet, Seattle -> BARRnet, Palo Alto & BARRnet, Palo Alto -> NorthWestNet, Seattle",1,"Merit Univ of Michigan, Ann Arbor","NorthWestNet, Seattle",1,5.9297352,"Merit Univ of Michigan, Ann Arbor | BARRnet, Palo Alto | NorthWestNet, Seattle","Merit Univ of Michigan, Ann Arbor->BARRnet, Palo Alto | BARRnet, Palo Alto->NorthWestNet, Seattle",1
31,nsfnet,7,1.2,current_demand_lp,random_failure_fixed,"NorthWestNet, Seattle -> BARRnet, Palo Alto & BARRnet, Palo Alto -> NorthWestNet, Seattle",2,San Diego Supercomputer Center,"NCAR, Boulder",1,5.6804996,"San Diego Supercomputer Center | BARRnet, Palo Alto | NorthWestNet, Seattle | NCAR, Boulder","San Diego Supercomputer Center->BARRnet, Palo Alto | BARRnet, Palo Alto->NorthWestNet, Seattle | NorthWestNet, Seattle->NCAR, Boulder",1
31,nsfnet,7,1.2,current_demand_lp,random_failure_fixed,"NorthWestNet, Seattle -> BARRnet, Palo Alto & BARRnet, Palo Alto -> NorthWestNet, Seattle",3,"NorthWestNet, Seattle","Merit Univ of Michigan, Ann Arbor",1,5.546581,"NorthWestNet, Seattle | BARRnet, Palo Alto | Merit Univ of Michigan, Ann Arbor","NorthWestNet, Seattle->BARRnet, Palo Alto | BARRnet, Palo Alto->Merit Univ of Michigan, Ann Arbor",1
31,nsfnet,7,1.2,current_demand_lp,random_failure_fixed,"NorthWestNet, Seattle -> BARRnet, Palo Alto & BARRnet, Palo Alto -> NorthWestNet, Seattle",4,"NorthWestNet, Seattle",Pittsburgh Supercomputer Center,1,5.3191315,"NorthWestNet, Seattle | BARRnet, Palo Alto | Merit Univ of Michigan, Ann Arbor | Pittsburgh Supercomputer Center","NorthWestNet, Seattle->BARRnet, Palo Alto | BARRnet, Palo Alto->Merit Univ of Michigan, Ann Arbor | Merit Univ of Michigan, Ann Arbor->Pittsburgh Supercomputer Center",1
31,nsfnet,7,1.2,current_demand_lp,random_failure_fixed,"NorthWestNet, Seattle -> BARRnet, Palo Alto & BARRnet, Palo Alto -> NorthWestNet, Seattle",5,"Westnet, Salt Lake City",San Diego Supercomputer Center,1,5.2809741,"Westnet, Salt Lake City | NCAR, Boulder | NorthWestNet, Seattle | BARRnet, Palo Alto | San Diego Supercomputer Center","Westnet, Salt Lake City->NCAR, Boulder | NCAR, Boulder->NorthWestNet, Seattle | NorthWestNet, Seattle->BARRnet, Palo Alto | BARRnet, Palo Alto->San Diego Supercomputer Center",1
31,nsfnet,7,1.2,robust_current_demand_lp,critical_failure_fixed,"NCSA, University of Illinois, Champaign -> Merit Univ of Michigan, Ann Arbor & Merit Univ of Michigan, Ann Arbor -> NCSA, University of Illinois, Champaign",1,"NCSA, University of Illinois, Champaign","Merit Univ of Michigan, Ann Arbor",1,5.9320243,"NCSA, University of Illinois, Champaign | Merit Univ of Michigan, Ann Arbor","NCSA, University of Illinois, Champaign->Merit Univ of Michigan, Ann Arbor",1
31,nsfnet,7,1.2,robust_current_demand_lp,critical_failure_fixed,"NCSA, University of Illinois, Champaign -> Merit Univ of Michigan, Ann Arbor & Merit Univ of Michigan, Ann Arbor -> NCSA, University of Illinois, Champaign",2,"NCSA, University of Illinois, Champaign","BARRnet, Palo Alto",1,5.6329984,"NCSA, University of Illinois, Champaign | Merit Univ of Michigan, Ann Arbor | BARRnet, Palo Alto","NCSA, University of Illinois, Champaign->Merit Univ of Michigan, Ann Arbor | Merit Univ of Michigan, Ann Arbor->BARRnet, Palo Alto",1
31,nsfnet,7,1.2,robust_current_demand_lp,critical_failure_fixed,"NCSA, University of Illinois, Champaign -> Merit Univ of Michigan, Ann Arbor & Merit Univ of Michigan, Ann Arbor -> NCSA, University of Illinois, Champaign",3,"MIDnet, Lincoln, NE","Cornell Theory Center, Ithaca NY",1,5.3686018,"MIDnet, Lincoln, NE | NCSA, University of Illinois, Champaign | Merit Univ of Michigan, Ann Arbor | Cornell Theory Center, Ithaca NY","MIDnet, Lincoln, NE->NCSA, University of Illinois, Champaign | NCSA, University of Illinois, Champaign->Merit Univ of Michigan, Ann Arbor | Merit Univ of Michigan, Ann Arbor->Cornell Theory Center, Ithaca NY",1
31,nsfnet,7,1.2,robust_current_demand_lp,critical_failure_fixed,"NCSA, University of Illinois, Champaign -> Merit Univ of Michigan, Ann Arbor & Merit Univ of Michigan, Ann Arbor -> NCSA, University of Illinois, Champaign",4,"Westnet, Salt Lake City","Merit Univ of Michigan, Ann Arbor",1,5.0066313,"Westnet, Salt Lake City | NCAR, Boulder | NCSA, University of Illinois, Champaign | Merit Univ of Michigan, Ann Arbor","Westnet, Salt Lake City->NCAR, Boulder | NCAR, Boulder->NCSA, University of Illinois, Champaign | NCSA, University of Illinois, Champaign->Merit Univ of Michigan, Ann Arbor",1
31,nsfnet,7,1.2,robust_current_demand_lp,critical_failure_fixed,"NCSA, University of Illinois, Champaign -> Merit Univ of Michigan, Ann Arbor & Merit Univ of Michigan, Ann Arbor -> NCSA, University of Illinois, Champaign",5,Pittsburgh Supercomputer Center,"MIDnet, Lincoln, NE",1,4.7532898,"Pittsburgh Supercomputer Center | Merit Univ of Michigan, Ann Arbor | NCSA, University of Illinois, Champaign | MIDnet, Lincoln, NE","Pittsburgh Supercomputer Center->Merit Univ of Michigan, Ann Arbor | Merit Univ of Michigan, Ann Arbor->NCSA, University of Illinois, Champaign | NCSA, University of Illinois, Champaign->MIDnet, Lincoln, NE",1
31,nsfnet,7,1.2,robust_current_demand_lp,random_failure_fixed,"NorthWestNet, Seattle -> BARRnet, Palo Alto & BARRnet, Palo Alto -> NorthWestNet, Seattle",1,"Merit Univ of Michigan, Ann Arbor","NorthWestNet, Seattle",1,5.9297352,"Merit Univ of Michigan, Ann Arbor | BARRnet, Palo Alto | NorthWestNet, Seattle","Merit Univ of Michigan, Ann Arbor->BARRnet, Palo Alto | BARRnet, Palo Alto->NorthWestNet, Seattle",1
31,nsfnet,7,1.2,robust_current_demand_lp,random_failure_fixed,"NorthWestNet, Seattle -> BARRnet, Palo Alto & BARRnet, Palo Alto -> NorthWestNet, Seattle",2,San Diego Supercomputer Center,"NCAR, Boulder",1,5.6804996,"San Diego Supercomputer Center | BARRnet, Palo Alto | NorthWestNet, Seattle | NCAR, Boulder","San Diego Supercomputer Center->BARRnet, Palo Alto | BARRnet, Palo Alto->NorthWestNet, Seattle | NorthWestNet, Seattle->NCAR, Boulder",1
31,nsfnet,7,1.2,robust_current_demand_lp,random_failure_fixed,"NorthWestNet, Seattle -> BARRnet, Palo Alto & BARRnet, Palo Alto -> NorthWestNet, Seattle",3,"NorthWestNet, Seattle","Merit Univ of Michigan, Ann Arbor",1,5.546581,"NorthWestNet, Seattle | BARRnet, Palo Alto | Merit Univ of Michigan, Ann Arbor","NorthWestNet, Seattle->BARRnet, Palo Alto | BARRnet, Palo Alto->Merit Univ of Michigan, Ann Arbor",1
31,nsfnet,7,1.2,robust_current_demand_lp,random_failure_fixed,"NorthWestNet, Seattle -> BARRnet, Palo Alto & BARRnet, Palo Alto -> NorthWestNet, Seattle",4,"NorthWestNet, Seattle",Pittsburgh Supercomputer Center,1,5.3191315,"NorthWestNet, Seattle | BARRnet, Palo Alto | Merit Univ of Michigan, Ann Arbor | Pittsburgh Supercomputer Center","NorthWestNet, Seattle->BARRnet, Palo Alto | BARRnet, Palo Alto->Merit Univ of Michigan, Ann Arbor | Merit Univ of Michigan, Ann Arbor->Pittsburgh Supercomputer Center",1
31,nsfnet,7,1.2,robust_current_demand_lp,random_failure_fixed,"NorthWestNet, Seattle -> BARRnet, Palo Alto & BARRnet, Palo Alto -> NorthWestNet, Seattle",5,"Westnet, Salt Lake City",San Diego Supercomputer Center,1,5.2809741,"Westnet, Salt Lake City | NCAR, Boulder | NorthWestNet, Seattle | BARRnet, Palo Alto | San Diego Supercomputer Center","Westnet, Salt Lake City->NCAR, Boulder | NCAR, Boulder->NorthWestNet, Seattle | NorthWestNet, Seattle->BARRnet, Palo Alto | BARRnet, Palo Alto->San Diego Supercomputer Center",1
31,nsfnet,7,1.2,moving_average,critical_failure_fixed,"NCSA, University of Illinois, Champaign -> Merit Univ of Michigan, Ann Arbor & Merit Univ of Michigan, Ann Arbor -> NCSA, University of Illinois, Champaign",1,"NCSA, University of Illinois, Champaign","Merit Univ of Michigan, Ann Arbor",1,8.0067241,"NCSA, University of Illinois, Champaign | Merit Univ of Michigan, Ann Arbor","NCSA, University of Illinois, Champaign->Merit Univ of Michigan, Ann Arbor",1
31,nsfnet,7,1.2,moving_average,critical_failure_fixed,"NCSA, University of Illinois, Champaign -> Merit Univ of Michigan, Ann Arbor & Merit Univ of Michigan, Ann Arbor -> NCSA, University of Illinois, Champaign",2,"MIDnet, Lincoln, NE","BARRnet, Palo Alto",1,7.9665057,"MIDnet, Lincoln, NE | NCSA, University of Illinois, Champaign | Merit Univ of Michigan, Ann Arbor | BARRnet, Palo Alto","MIDnet, Lincoln, NE->NCSA, University of Illinois, Champaign | NCSA, University of Illinois, Champaign->Merit Univ of Michigan, Ann Arbor | Merit Univ of Michigan, Ann Arbor->BARRnet, Palo Alto",1
31,nsfnet,7,1.2,moving_average,critical_failure_fixed,"NCSA, University of Illinois, Champaign -> Merit Univ of Michigan, Ann Arbor & Merit Univ of Michigan, Ann Arbor -> NCSA, University of Illinois, Champaign",3,"NCSA, University of Illinois, Champaign","BARRnet, Palo Alto",1,7.791821,"NCSA, University of Illinois, Champaign | Merit Univ of Michigan, Ann Arbor | BARRnet, Palo Alto","NCSA, University of Illinois, Champaign->Merit Univ of Michigan, Ann Arbor | Merit Univ of Michigan, Ann Arbor->BARRnet, Palo Alto",1
31,nsfnet,7,1.2,moving_average,critical_failure_fixed,"NCSA, University of Illinois, Champaign -> Merit Univ of Michigan, Ann Arbor & Merit Univ of Michigan, Ann Arbor -> NCSA, University of Illinois, Champaign",4,"MIDnet, Lincoln, NE","Cornell Theory Center, Ithaca NY",1,7.7915628,"MIDnet, Lincoln, NE | NCSA, University of Illinois, Champaign | Merit Univ of Michigan, Ann Arbor | Cornell Theory Center, Ithaca NY","MIDnet, Lincoln, NE->NCSA, University of Illinois, Champaign | NCSA, University of Illinois, Champaign->Merit Univ of Michigan, Ann Arbor | Merit Univ of Michigan, Ann Arbor->Cornell Theory Center, Ithaca NY",1
31,nsfnet,7,1.2,moving_average,critical_failure_fixed,"NCSA, University of Illinois, Champaign -> Merit Univ of Michigan, Ann Arbor & Merit Univ of Michigan, Ann Arbor -> NCSA, University of Illinois, Champaign",5,Pittsburgh Supercomputer Center,"MIDnet, Lincoln, NE",1,7.234767,"Pittsburgh Supercomputer Center | Merit Univ of Michigan, Ann Arbor | NCSA, University of Illinois, Champaign | MIDnet, Lincoln, NE","Pittsburgh Supercomputer Center->Merit Univ of Michigan, Ann Arbor | Merit Univ of Michigan, Ann Arbor->NCSA, University of Illinois, Champaign | NCSA, University of Illinois, Champaign->MIDnet, Lincoln, NE",1
31,nsfnet,7,1.2,moving_average,random_failure_fixed,"NorthWestNet, Seattle -> BARRnet, Palo Alto & BARRnet, Palo Alto -> NorthWestNet, Seattle",1,San Diego Supercomputer Center,"NCAR, Boulder",1,7.8799707,"San Diego Supercomputer Center | BARRnet, Palo Alto | NorthWestNet, Seattle | NCAR, Boulder","San Diego Supercomputer Center->BARRnet, Palo Alto | BARRnet, Palo Alto->NorthWestNet, Seattle | NorthWestNet, Seattle->NCAR, Boulder",1
31,nsfnet,7,1.2,moving_average,random_failure_fixed,"NorthWestNet, Seattle -> BARRnet, Palo Alto & BARRnet, Palo Alto -> NorthWestNet, Seattle",2,"NorthWestNet, Seattle",Pittsburgh Supercomputer Center,1,7.8610313,"NorthWestNet, Seattle | BARRnet, Palo Alto | Merit Univ of Michigan, Ann Arbor | Pittsburgh Supercomputer Center","NorthWestNet, Seattle->BARRnet, Palo Alto | BARRnet, Palo Alto->Merit Univ of Michigan, Ann Arbor | Merit Univ of Michigan, Ann Arbor->Pittsburgh Supercomputer Center",1
31,nsfnet,7,1.2,moving_average,random_failure_fixed,"NorthWestNet, Seattle -> BARRnet, Palo Alto & BARRnet, Palo Alto -> NorthWestNet, Seattle",3,"Merit Univ of Michigan, Ann Arbor","NorthWestNet, Seattle",1,7.715205,"Merit Univ of Michigan, Ann Arbor | BARRnet, Palo Alto | NorthWestNet, Seattle","Merit Univ of Michigan, Ann Arbor->BARRnet, Palo Alto | BARRnet, Palo Alto->NorthWestNet, Seattle",1
31,nsfnet,7,1.2,moving_average,random_failure_fixed,"NorthWestNet, Seattle -> BARRnet, Palo Alto & BARRnet, Palo Alto -> NorthWestNet, Seattle",4,"NorthWestNet, Seattle","Merit Univ of Michigan, Ann Arbor",1,7.496551,"NorthWestNet, Seattle | BARRnet, Palo Alto | Merit Univ of Michigan, Ann Arbor","NorthWestNet, Seattle->BARRnet, Palo Alto | BARRnet, Palo Alto->Merit Univ of Michigan, Ann Arbor",1
31,nsfnet,7,1.2,moving_average,random_failure_fixed,"NorthWestNet, Seattle -> BARRnet, Palo Alto & BARRnet, Palo Alto -> NorthWestNet, Seattle",5,"Westnet, Salt Lake City",San Diego Supercomputer Center,1,7.4948678,"Westnet, Salt Lake City | NCAR, Boulder | NorthWestNet, Seattle | BARRnet, Palo Alto | San Diego Supercomputer Center","Westnet, Salt Lake City->NCAR, Boulder | NCAR, Boulder->NorthWestNet, Seattle | NorthWestNet, Seattle->BARRnet, Palo Alto | BARRnet, Palo Alto->San Diego Supercomputer Center",1
31,nsfnet,7,1.2,linear_autoregressive,critical_failure_fixed,"NCSA, University of Illinois, Champaign -> Merit Univ of Michigan, Ann Arbor & Merit Univ of Michigan, Ann Arbor -> NCSA, University of Illinois, Champaign",1,"NCSA, University of Illinois, Champaign","Merit Univ of Michigan, Ann Arbor",1,5.5968885,"NCSA, University of Illinois, Champaign | Merit Univ of Michigan, Ann Arbor","NCSA, University of Illinois, Champaign->Merit Univ of Michigan, Ann Arbor",1
31,nsfnet,7,1.2,linear_autoregressive,critical_failure_fixed,"NCSA, University of Illinois, Champaign -> Merit Univ of Michigan, Ann Arbor & Merit Univ of Michigan, Ann Arbor -> NCSA, University of Illinois, Champaign",2,"NCSA, University of Illinois, Champaign","BARRnet, Palo Alto",1,5.2514633,"NCSA, University of Illinois, Champaign | Merit Univ of Michigan, Ann Arbor | BARRnet, Palo Alto","NCSA, University of Illinois, Champaign->Merit Univ of Michigan, Ann Arbor | Merit Univ of Michigan, Ann Arbor->BARRnet, Palo Alto",1
31,nsfnet,7,1.2,linear_autoregressive,critical_failure_fixed,"NCSA, University of Illinois, Champaign -> Merit Univ of Michigan, Ann Arbor & Merit Univ of Michigan, Ann Arbor -> NCSA, University of Illinois, Champaign",3,"MIDnet, Lincoln, NE","Cornell Theory Center, Ithaca NY",1,5.2162015,"MIDnet, Lincoln, NE | NCSA, University of Illinois, Champaign | Merit Univ of Michigan, Ann Arbor | Cornell Theory Center, Ithaca NY","MIDnet, Lincoln, NE->NCSA, University of Illinois, Champaign | NCSA, University of Illinois, Champaign->Merit Univ of Michigan, Ann Arbor | Merit Univ of Michigan, Ann Arbor->Cornell Theory Center, Ithaca NY",1
31,nsfnet,7,1.2,linear_autoregressive,critical_failure_fixed,"NCSA, University of Illinois, Champaign -> Merit Univ of Michigan, Ann Arbor & Merit Univ of Michigan, Ann Arbor -> NCSA, University of Illinois, Champaign",4,"MIDnet, Lincoln, NE","BARRnet, Palo Alto",1,5.2013984,"MIDnet, Lincoln, NE | NCSA, University of Illinois, Champaign | Merit Univ of Michigan, Ann Arbor | BARRnet, Palo Alto","MIDnet, Lincoln, NE->NCSA, University of Illinois, Champaign | NCSA, University of Illinois, Champaign->Merit Univ of Michigan, Ann Arbor | Merit Univ of Michigan, Ann Arbor->BARRnet, Palo Alto",1
31,nsfnet,7,1.2,linear_autoregressive,critical_failure_fixed,"NCSA, University of Illinois, Champaign -> Merit Univ of Michigan, Ann Arbor & Merit Univ of Michigan, Ann Arbor -> NCSA, University of Illinois, Champaign",5,Pittsburgh Supercomputer Center,"MIDnet, Lincoln, NE",1,5.043362,"Pittsburgh Supercomputer Center | Merit Univ of Michigan, Ann Arbor | NCSA, University of Illinois, Champaign | MIDnet, Lincoln, NE","Pittsburgh Supercomputer Center->Merit Univ of Michigan, Ann Arbor | Merit Univ of Michigan, Ann Arbor->NCSA, University of Illinois, Champaign | NCSA, University of Illinois, Champaign->MIDnet, Lincoln, NE",1
31,nsfnet,7,1.2,linear_autoregressive,random_failure_fixed,"NorthWestNet, Seattle -> BARRnet, Palo Alto & BARRnet, Palo Alto -> NorthWestNet, Seattle",1,"NorthWestNet, Seattle",San Diego Supercomputer Center,1,5.1069067,"NorthWestNet, Seattle | BARRnet, Palo Alto | San Diego Supercomputer Center","NorthWestNet, Seattle->BARRnet, Palo Alto | BARRnet, Palo Alto->San Diego Supercomputer Center",1
31,nsfnet,7,1.2,linear_autoregressive,random_failure_fixed,"NorthWestNet, Seattle -> BARRnet, Palo Alto & BARRnet, Palo Alto -> NorthWestNet, Seattle",2,"SEQSUINET, Rice University, Houston","NorthWestNet, Seattle",1,5.1068569,"SEQSUINET, Rice University, Houston | San Diego Supercomputer Center | BARRnet, Palo Alto | NorthWestNet, Seattle","SEQSUINET, Rice University, Houston->San Diego Supercomputer Center | San Diego Supercomputer Center->BARRnet, Palo Alto | BARRnet, Palo Alto->NorthWestNet, Seattle",1
31,nsfnet,7,1.2,linear_autoregressive,random_failure_fixed,"NorthWestNet, Seattle -> BARRnet, Palo Alto & BARRnet, Palo Alto -> NorthWestNet, Seattle",3,San Diego Supercomputer Center,"NCAR, Boulder",1,5.0983492,"San Diego Supercomputer Center | BARRnet, Palo Alto | NorthWestNet, Seattle | NCAR, Boulder","San Diego Supercomputer Center->BARRnet, Palo Alto | BARRnet, Palo Alto->NorthWestNet, Seattle | NorthWestNet, Seattle->NCAR, Boulder",1
31,nsfnet,7,1.2,linear_autoregressive,random_failure_fixed,"NorthWestNet, Seattle -> BARRnet, Palo Alto & BARRnet, Palo Alto -> NorthWestNet, Seattle",4,"NorthWestNet, Seattle",Pittsburgh Supercomputer Center,1,5.0978308,"NorthWestNet, Seattle | BARRnet, Palo Alto | Merit Univ of Michigan, Ann Arbor | Pittsburgh Supercomputer Center","NorthWestNet, Seattle->BARRnet, Palo Alto | BARRnet, Palo Alto->Merit Univ of Michigan, Ann Arbor | Merit Univ of Michigan, Ann Arbor->Pittsburgh Supercomputer Center",1
31,nsfnet,7,1.2,linear_autoregressive,random_failure_fixed,"NorthWestNet, Seattle -> BARRnet, Palo Alto & BARRnet, Palo Alto -> NorthWestNet, Seattle",5,"NorthWestNet, Seattle","Merit Univ of Michigan, Ann Arbor",1,5.0217907,"NorthWestNet, Seattle | BARRnet, Palo Alto | Merit Univ of Michigan, Ann Arbor","NorthWestNet, Seattle->BARRnet, Palo Alto | BARRnet, Palo Alto->Merit Univ of Michigan, Ann Arbor",1
31,nsfnet,7,1.2,lstm,critical_failure_fixed,"NCSA, University of Illinois, Champaign -> Merit Univ of Michigan, Ann Arbor & Merit Univ of Michigan, Ann Arbor -> NCSA, University of Illinois, Champaign",1,"MIDnet, Lincoln, NE","BARRnet, Palo Alto",1,5.9942584,"MIDnet, Lincoln, NE | NCSA, University of Illinois, Champaign | Merit Univ of Michigan, Ann Arbor | BARRnet, Palo Alto","MIDnet, Lincoln, NE->NCSA, University of Illinois, Champaign | NCSA, University of Illinois, Champaign->Merit Univ of Michigan, Ann Arbor | Merit Univ of Michigan, Ann Arbor->BARRnet, Palo Alto",1
31,nsfnet,7,1.2,lstm,critical_failure_fixed,"NCSA, University of Illinois, Champaign -> Merit Univ of Michigan, Ann Arbor & Merit Univ of Michigan, Ann Arbor -> NCSA, University of Illinois, Champaign",2,"NCSA, University of Illinois, Champaign","Merit Univ of Michigan, Ann Arbor",1,5.9017167,"NCSA, University of Illinois, Champaign | Merit Univ of Michigan, Ann Arbor","NCSA, University of Illinois, Champaign->Merit Univ of Michigan, Ann Arbor",1
31,nsfnet,7,1.2,lstm,critical_failure_fixed,"NCSA, University of Illinois, Champaign -> Merit Univ of Michigan, Ann Arbor & Merit Univ of Michigan, Ann Arbor -> NCSA, University of Illinois, Champaign",3,"MIDnet, Lincoln, NE","Cornell Theory Center, Ithaca NY",1,5.8566198,"MIDnet, Lincoln, NE | NCSA, University of Illinois, Champaign | Merit Univ of Michigan, Ann Arbor | Cornell Theory Center, Ithaca NY","MIDnet, Lincoln, NE->NCSA, University of Illinois, Champaign | NCSA, University of Illinois, Champaign->Merit Univ of Michigan, Ann Arbor | Merit Univ of Michigan, Ann Arbor->Cornell Theory Center, Ithaca NY",1
31,nsfnet,7,1.2,lstm,critical_failure_fixed,"NCSA, University of Illinois, Champaign -> Merit Univ of Michigan, Ann Arbor & Merit Univ of Michigan, Ann Arbor -> NCSA, University of Illinois, Champaign",4,"NCSA, University of Illinois, Champaign","BARRnet, Palo Alto",1,5.8198299,"NCSA, University of Illinois, Champaign | Merit Univ of Michigan, Ann Arbor | BARRnet, Palo Alto","NCSA, University of Illinois, Champaign->Merit Univ of Michigan, Ann Arbor | Merit Univ of Michigan, Ann Arbor->BARRnet, Palo Alto",1
31,nsfnet,7,1.2,lstm,critical_failure_fixed,"NCSA, University of Illinois, Champaign -> Merit Univ of Michigan, Ann Arbor & Merit Univ of Michigan, Ann Arbor -> NCSA, University of Illinois, Champaign",5,Pittsburgh Supercomputer Center,"MIDnet, Lincoln, NE",1,5.6369033,"Pittsburgh Supercomputer Center | Merit Univ of Michigan, Ann Arbor | NCSA, University of Illinois, Champaign | MIDnet, Lincoln, NE","Pittsburgh Supercomputer Center->Merit Univ of Michigan, Ann Arbor | Merit Univ of Michigan, Ann Arbor->NCSA, University of Illinois, Champaign | NCSA, University of Illinois, Champaign->MIDnet, Lincoln, NE",1
31,nsfnet,7,1.2,lstm,random_failure_fixed,"NorthWestNet, Seattle -> BARRnet, Palo Alto & BARRnet, Palo Alto -> NorthWestNet, Seattle",1,San Diego Supercomputer Center,"NCAR, Boulder",1,5.9886618,"San Diego Supercomputer Center | BARRnet, Palo Alto | NorthWestNet, Seattle | NCAR, Boulder","San Diego Supercomputer Center->BARRnet, Palo Alto | BARRnet, Palo Alto->NorthWestNet, Seattle | NorthWestNet, Seattle->NCAR, Boulder",1
31,nsfnet,7,1.2,lstm,random_failure_fixed,"NorthWestNet, Seattle -> BARRnet, Palo Alto & BARRnet, Palo Alto -> NorthWestNet, Seattle",2,"NorthWestNet, Seattle",Pittsburgh Supercomputer Center,1,5.8957272,"NorthWestNet, Seattle | BARRnet, Palo Alto | Merit Univ of Michigan, Ann Arbor | Pittsburgh Supercomputer Center","NorthWestNet, Seattle->BARRnet, Palo Alto | BARRnet, Palo Alto->Merit Univ of Michigan, Ann Arbor | Merit Univ of Michigan, Ann Arbor->Pittsburgh Supercomputer Center",1
31,nsfnet,7,1.2,lstm,random_failure_fixed,"NorthWestNet, Seattle -> BARRnet, Palo Alto & BARRnet, Palo Alto -> NorthWestNet, Seattle",3,"Merit Univ of Michigan, Ann Arbor","NorthWestNet, Seattle",1,5.7691855,"Merit Univ of Michigan, Ann Arbor | BARRnet, Palo Alto | NorthWestNet, Seattle","Merit Univ of Michigan, Ann Arbor->BARRnet, Palo Alto | BARRnet, Palo Alto->NorthWestNet, Seattle",1
31,nsfnet,7,1.2,lstm,random_failure_fixed,"NorthWestNet, Seattle -> BARRnet, Palo Alto & BARRnet, Palo Alto -> NorthWestNet, Seattle",4,"SEQSUINET, Rice University, Houston","NorthWestNet, Seattle",1,5.6615701,"SEQSUINET, Rice University, Houston | San Diego Supercomputer Center | BARRnet, Palo Alto | NorthWestNet, Seattle","SEQSUINET, Rice University, Houston->San Diego Supercomputer Center | San Diego Supercomputer Center->BARRnet, Palo Alto | BARRnet, Palo Alto->NorthWestNet, Seattle",1
31,nsfnet,7,1.2,lstm,random_failure_fixed,"NorthWestNet, Seattle -> BARRnet, Palo Alto & BARRnet, Palo Alto -> NorthWestNet, Seattle",5,"Westnet, Salt Lake City",San Diego Supercomputer Center,1,5.6488161,"Westnet, Salt Lake City | NCAR, Boulder | NorthWestNet, Seattle | BARRnet, Palo Alto | San Diego Supercomputer Center","Westnet, Salt Lake City->NCAR, Boulder | NCAR, Boulder->NorthWestNet, Seattle | NorthWestNet, Seattle->BARRnet, Palo Alto | BARRnet, Palo Alto->San Diego Supercomputer Center",1
31,nsfnet,7,1.2,uncertainty_aware_lstm_robust_lp,critical_failure_fixed,"NCSA, University of Illinois, Champaign -> Merit Univ of Michigan, Ann Arbor & Merit Univ of Michigan, Ann Arbor -> NCSA, University of Illinois, Champaign",1,"NCSA, University of Illinois, Champaign","Merit Univ of Michigan, Ann Arbor",1,6.1837616,"NCSA, University of Illinois, Champaign | Merit Univ of Michigan, Ann Arbor","NCSA, University of Illinois, Champaign->Merit Univ of Michigan, Ann Arbor",1
31,nsfnet,7,1.2,uncertainty_aware_lstm_robust_lp,critical_failure_fixed,"NCSA, University of Illinois, Champaign -> Merit Univ of Michigan, Ann Arbor & Merit Univ of Michigan, Ann Arbor -> NCSA, University of Illinois, Champaign",2,"MIDnet, Lincoln, NE","Cornell Theory Center, Ithaca NY",1,6.142241,"MIDnet, Lincoln, NE | NCSA, University of Illinois, Champaign | Merit Univ of Michigan, Ann Arbor | Cornell Theory Center, Ithaca NY","MIDnet, Lincoln, NE->NCSA, University of Illinois, Champaign | NCSA, University of Illinois, Champaign->Merit Univ of Michigan, Ann Arbor | Merit Univ of Michigan, Ann Arbor->Cornell Theory Center, Ithaca NY",1
31,nsfnet,7,1.2,uncertainty_aware_lstm_robust_lp,critical_failure_fixed,"NCSA, University of Illinois, Champaign -> Merit Univ of Michigan, Ann Arbor & Merit Univ of Michigan, Ann Arbor -> NCSA, University of Illinois, Champaign",3,"NCSA, University of Illinois, Champaign","BARRnet, Palo Alto",1,6.089541,"NCSA, University of Illinois, Champaign | Merit Univ of Michigan, Ann Arbor | BARRnet, Palo Alto","NCSA, University of Illinois, Champaign->Merit Univ of Michigan, Ann Arbor | Merit Univ of Michigan, Ann Arbor->BARRnet, Palo Alto",1
31,nsfnet,7,1.2,uncertainty_aware_lstm_robust_lp,critical_failure_fixed,"NCSA, University of Illinois, Champaign -> Merit Univ of Michigan, Ann Arbor & Merit Univ of Michigan, Ann Arbor -> NCSA, University of Illinois, Champaign",4,Pittsburgh Supercomputer Center,"MIDnet, Lincoln, NE",1,5.8909855,"Pittsburgh Supercomputer Center | Merit Univ of Michigan, Ann Arbor | NCSA, University of Illinois, Champaign | MIDnet, Lincoln, NE","Pittsburgh Supercomputer Center->Merit Univ of Michigan, Ann Arbor | Merit Univ of Michigan, Ann Arbor->NCSA, University of Illinois, Champaign | NCSA, University of Illinois, Champaign->MIDnet, Lincoln, NE",1
31,nsfnet,7,1.2,uncertainty_aware_lstm_robust_lp,critical_failure_fixed,"NCSA, University of Illinois, Champaign -> Merit Univ of Michigan, Ann Arbor & Merit Univ of Michigan, Ann Arbor -> NCSA, University of Illinois, Champaign",5,"Westnet, Salt Lake City","Merit Univ of Michigan, Ann Arbor",1,5.7571735,"Westnet, Salt Lake City | NCAR, Boulder | NCSA, University of Illinois, Champaign | Merit Univ of Michigan, Ann Arbor","Westnet, Salt Lake City->NCAR, Boulder | NCAR, Boulder->NCSA, University of Illinois, Champaign | NCSA, University of Illinois, Champaign->Merit Univ of Michigan, Ann Arbor",1
31,nsfnet,7,1.2,uncertainty_aware_lstm_robust_lp,random_failure_fixed,"NorthWestNet, Seattle -> BARRnet, Palo Alto & BARRnet, Palo Alto -> NorthWestNet, Seattle",1,San Diego Supercomputer Center,"NCAR, Boulder",1,6.2715092,"San Diego Supercomputer Center | BARRnet, Palo Alto | NorthWestNet, Seattle | NCAR, Boulder","San Diego Supercomputer Center->BARRnet, Palo Alto | BARRnet, Palo Alto->NorthWestNet, Seattle | NorthWestNet, Seattle->NCAR, Boulder",1
31,nsfnet,7,1.2,uncertainty_aware_lstm_robust_lp,random_failure_fixed,"NorthWestNet, Seattle -> BARRnet, Palo Alto & BARRnet, Palo Alto -> NorthWestNet, Seattle",2,"NorthWestNet, Seattle",Pittsburgh Supercomputer Center,1,6.1750808,"NorthWestNet, Seattle | BARRnet, Palo Alto | Merit Univ of Michigan, Ann Arbor | Pittsburgh Supercomputer Center","NorthWestNet, Seattle->BARRnet, Palo Alto | BARRnet, Palo Alto->Merit Univ of Michigan, Ann Arbor | Merit Univ of Michigan, Ann Arbor->Pittsburgh Supercomputer Center",1
31,nsfnet,7,1.2,uncertainty_aware_lstm_robust_lp,random_failure_fixed,"NorthWestNet, Seattle -> BARRnet, Palo Alto & BARRnet, Palo Alto -> NorthWestNet, Seattle",3,"Merit Univ of Michigan, Ann Arbor","NorthWestNet, Seattle",1,6.0123334,"Merit Univ of Michigan, Ann Arbor | BARRnet, Palo Alto | NorthWestNet, Seattle","Merit Univ of Michigan, Ann Arbor->BARRnet, Palo Alto | BARRnet, Palo Alto->NorthWestNet, Seattle",1
31,nsfnet,7,1.2,uncertainty_aware_lstm_robust_lp,random_failure_fixed,"NorthWestNet, Seattle -> BARRnet, Palo Alto & BARRnet, Palo Alto -> NorthWestNet, Seattle",4,"SEQSUINET, Rice University, Houston","NorthWestNet, Seattle",1,5.9478064,"SEQSUINET, Rice University, Houston | San Diego Supercomputer Center | BARRnet, Palo Alto | NorthWestNet, Seattle","SEQSUINET, Rice University, Houston->San Diego Supercomputer Center | San Diego Supercomputer Center->BARRnet, Palo Alto | BARRnet, Palo Alto->NorthWestNet, Seattle",1
31,nsfnet,7,1.2,uncertainty_aware_lstm_robust_lp,random_failure_fixed,"NorthWestNet, Seattle -> BARRnet, Palo Alto & BARRnet, Palo Alto -> NorthWestNet, Seattle",5,"NorthWestNet, Seattle","Merit Univ of Michigan, Ann Arbor",1,5.9056778,"NorthWestNet, Seattle | BARRnet, Palo Alto | Merit Univ of Michigan, Ann Arbor","NorthWestNet, Seattle->BARRnet, Palo Alto | BARRnet, Palo Alto->Merit Univ of Michigan, Ann Arbor",1
31,nsfnet,7,1.2,transformer,critical_failure_fixed,"NCSA, University of Illinois, Champaign -> Merit Univ of Michigan, Ann Arbor & Merit Univ of Michigan, Ann Arbor -> NCSA, University of Illinois, Champaign",1,"MIDnet, Lincoln, NE","BARRnet, Palo Alto",1,5.1329484,"MIDnet, Lincoln, NE | NCSA, University of Illinois, Champaign | Merit Univ of Michigan, Ann Arbor | BARRnet, Palo Alto","MIDnet, Lincoln, NE->NCSA, University of Illinois, Champaign | NCSA, University of Illinois, Champaign->Merit Univ of Michigan, Ann Arbor | Merit Univ of Michigan, Ann Arbor->BARRnet, Palo Alto",1
31,nsfnet,7,1.2,transformer,critical_failure_fixed,"NCSA, University of Illinois, Champaign -> Merit Univ of Michigan, Ann Arbor & Merit Univ of Michigan, Ann Arbor -> NCSA, University of Illinois, Champaign",2,"MIDnet, Lincoln, NE","Cornell Theory Center, Ithaca NY",1,4.9215989,"MIDnet, Lincoln, NE | NCSA, University of Illinois, Champaign | Merit Univ of Michigan, Ann Arbor | Cornell Theory Center, Ithaca NY","MIDnet, Lincoln, NE->NCSA, University of Illinois, Champaign | NCSA, University of Illinois, Champaign->Merit Univ of Michigan, Ann Arbor | Merit Univ of Michigan, Ann Arbor->Cornell Theory Center, Ithaca NY",1
31,nsfnet,7,1.2,transformer,critical_failure_fixed,"NCSA, University of Illinois, Champaign -> Merit Univ of Michigan, Ann Arbor & Merit Univ of Michigan, Ann Arbor -> NCSA, University of Illinois, Champaign",3,"NCSA, University of Illinois, Champaign","Merit Univ of Michigan, Ann Arbor",1,4.767766,"NCSA, University of Illinois, Champaign | Merit Univ of Michigan, Ann Arbor","NCSA, University of Illinois, Champaign->Merit Univ of Michigan, Ann Arbor",1
31,nsfnet,7,1.2,transformer,critical_failure_fixed,"NCSA, University of Illinois, Champaign -> Merit Univ of Michigan, Ann Arbor & Merit Univ of Michigan, Ann Arbor -> NCSA, University of Illinois, Champaign",4,"Westnet, Salt Lake City","Merit Univ of Michigan, Ann Arbor",1,4.7108717,"Westnet, Salt Lake City | NCAR, Boulder | NCSA, University of Illinois, Champaign | Merit Univ of Michigan, Ann Arbor","Westnet, Salt Lake City->NCAR, Boulder | NCAR, Boulder->NCSA, University of Illinois, Champaign | NCSA, University of Illinois, Champaign->Merit Univ of Michigan, Ann Arbor",1
31,nsfnet,7,1.2,transformer,critical_failure_fixed,"NCSA, University of Illinois, Champaign -> Merit Univ of Michigan, Ann Arbor & Merit Univ of Michigan, Ann Arbor -> NCSA, University of Illinois, Champaign",5,"SURANET, Georgia Tech, Atlanta","Merit Univ of Michigan, Ann Arbor",1,4.6609592,"SURANET, Georgia Tech, Atlanta | SEQSUINET, Rice University, Houston | NCSA, University of Illinois, Champaign | Merit Univ of Michigan, Ann Arbor","SURANET, Georgia Tech, Atlanta->SEQSUINET, Rice University, Houston | SEQSUINET, Rice University, Houston->NCSA, University of Illinois, Champaign | NCSA, University of Illinois, Champaign->Merit Univ of Michigan, Ann Arbor",1
31,nsfnet,7,1.2,transformer,random_failure_fixed,"NorthWestNet, Seattle -> BARRnet, Palo Alto & BARRnet, Palo Alto -> NorthWestNet, Seattle",1,"NorthWestNet, Seattle",Pittsburgh Supercomputer Center,1,4.9997067,"NorthWestNet, Seattle | BARRnet, Palo Alto | Merit Univ of Michigan, Ann Arbor | Pittsburgh Supercomputer Center","NorthWestNet, Seattle->BARRnet, Palo Alto | BARRnet, Palo Alto->Merit Univ of Michigan, Ann Arbor | Merit Univ of Michigan, Ann Arbor->Pittsburgh Supercomputer Center",1
31,nsfnet,7,1.2,transformer,random_failure_fixed,"NorthWestNet, Seattle -> BARRnet, Palo Alto & BARRnet, Palo Alto -> NorthWestNet, Seattle",2,San Diego Supercomputer Center,"NCAR, Boulder",1,4.980762,"San Diego Supercomputer Center | BARRnet, Palo Alto | NorthWestNet, Seattle | NCAR, Boulder","San Diego Supercomputer Center->BARRnet, Palo Alto | BARRnet, Palo Alto->NorthWestNet, Seattle | NorthWestNet, Seattle->NCAR, Boulder",1
31,nsfnet,7,1.2,transformer,random_failure_fixed,"NorthWestNet, Seattle -> BARRnet, Palo Alto & BARRnet, Palo Alto -> NorthWestNet, Seattle",3,"Merit Univ of Michigan, Ann Arbor","NorthWestNet, Seattle",1,4.911459,"Merit Univ of Michigan, Ann Arbor | BARRnet, Palo Alto | NorthWestNet, Seattle","Merit Univ of Michigan, Ann Arbor->BARRnet, Palo Alto | BARRnet, Palo Alto->NorthWestNet, Seattle",1
31,nsfnet,7,1.2,transformer,random_failure_fixed,"NorthWestNet, Seattle -> BARRnet, Palo Alto & BARRnet, Palo Alto -> NorthWestNet, Seattle",4,"Westnet, Salt Lake City",San Diego Supercomputer Center,1,4.7630072,"Westnet, Salt Lake City | NCAR, Boulder | NorthWestNet, Seattle | BARRnet, Palo Alto | San Diego Supercomputer Center","Westnet, Salt Lake City->NCAR, Boulder | NCAR, Boulder->NorthWestNet, Seattle | NorthWestNet, Seattle->BARRnet, Palo Alto | BARRnet, Palo Alto->San Diego Supercomputer Center",1
31,nsfnet,7,1.2,transformer,random_failure_fixed,"NorthWestNet, Seattle -> BARRnet, Palo Alto & BARRnet, Palo Alto -> NorthWestNet, Seattle",5,"NorthWestNet, Seattle","Merit Univ of Michigan, Ann Arbor",1,4.6872649,"NorthWestNet, Seattle | BARRnet, Palo Alto | Merit Univ of Michigan, Ann Arbor","NorthWestNet, Seattle->BARRnet, Palo Alto | BARRnet, Palo Alto->Merit Univ of Michigan, Ann Arbor",1
32,nsfnet,7,1.2,current_demand_lp,critical_failure_fixed,"NCSA, University of Illinois, Champaign -> Merit Univ of Michigan, Ann Arbor & Merit Univ of Michigan, Ann Arbor -> NCSA, University of Illinois, Champaign",1,"NCSA, University of Illinois, Champaign","Merit Univ of Michigan, Ann Arbor",1,5.2247124,"NCSA, University of Illinois, Champaign | Merit Univ of Michigan, Ann Arbor","NCSA, University of Illinois, Champaign->Merit Univ of Michigan, Ann Arbor",1
32,nsfnet,7,1.2,current_demand_lp,critical_failure_fixed,"NCSA, University of Illinois, Champaign -> Merit Univ of Michigan, Ann Arbor & Merit Univ of Michigan, Ann Arbor -> NCSA, University of Illinois, Champaign",2,"NCSA, University of Illinois, Champaign","BARRnet, Palo Alto",1,5.137862,"NCSA, University of Illinois, Champaign | Merit Univ of Michigan, Ann Arbor | BARRnet, Palo Alto","NCSA, University of Illinois, Champaign->Merit Univ of Michigan, Ann Arbor | Merit Univ of Michigan, Ann Arbor->BARRnet, Palo Alto",1
32,nsfnet,7,1.2,current_demand_lp,critical_failure_fixed,"NCSA, University of Illinois, Champaign -> Merit Univ of Michigan, Ann Arbor & Merit Univ of Michigan, Ann Arbor -> NCSA, University of Illinois, Champaign",3,"MIDnet, Lincoln, NE","BARRnet, Palo Alto",1,5.0584369,"MIDnet, Lincoln, NE | NCSA, University of Illinois, Champaign | Merit Univ of Michigan, Ann Arbor | BARRnet, Palo Alto","MIDnet, Lincoln, NE->NCSA, University of Illinois, Champaign | NCSA, University of Illinois, Champaign->Merit Univ of Michigan, Ann Arbor | Merit Univ of Michigan, Ann Arbor->BARRnet, Palo Alto",1
32,nsfnet,7,1.2,current_demand_lp,critical_failure_fixed,"NCSA, University of Illinois, Champaign -> Merit Univ of Michigan, Ann Arbor & Merit Univ of Michigan, Ann Arbor -> NCSA, University of Illinois, Champaign",4,"MIDnet, Lincoln, NE","Cornell Theory Center, Ithaca NY",1,4.795425,"MIDnet, Lincoln, NE | NCSA, University of Illinois, Champaign | Merit Univ of Michigan, Ann Arbor | Cornell Theory Center, Ithaca NY","MIDnet, Lincoln, NE->NCSA, University of Illinois, Champaign | NCSA, University of Illinois, Champaign->Merit Univ of Michigan, Ann Arbor | Merit Univ of Michigan, Ann Arbor->Cornell Theory Center, Ithaca NY",1
32,nsfnet,7,1.2,current_demand_lp,critical_failure_fixed,"NCSA, University of Illinois, Champaign -> Merit Univ of Michigan, Ann Arbor & Merit Univ of Michigan, Ann Arbor -> NCSA, University of Illinois, Champaign",5,Pittsburgh Supercomputer Center,"MIDnet, Lincoln, NE",1,4.3994903,"Pittsburgh Supercomputer Center | Merit Univ of Michigan, Ann Arbor | NCSA, University of Illinois, Champaign | MIDnet, Lincoln, NE","Pittsburgh Supercomputer Center->Merit Univ of Michigan, Ann Arbor | Merit Univ of Michigan, Ann Arbor->NCSA, University of Illinois, Champaign | NCSA, University of Illinois, Champaign->MIDnet, Lincoln, NE",1
32,nsfnet,7,1.2,current_demand_lp,random_failure_fixed,"MIDnet, Lincoln, NE -> NCSA, University of Illinois, Champaign & NCSA, University of Illinois, Champaign -> MIDnet, Lincoln, NE",1,"MIDnet, Lincoln, NE","BARRnet, Palo Alto",1,5.0584369,"MIDnet, Lincoln, NE | NCSA, University of Illinois, Champaign | Merit Univ of Michigan, Ann Arbor | BARRnet, Palo Alto","MIDnet, Lincoln, NE->NCSA, University of Illinois, Champaign | NCSA, University of Illinois, Champaign->Merit Univ of Michigan, Ann Arbor | Merit Univ of Michigan, Ann Arbor->BARRnet, Palo Alto",1
32,nsfnet,7,1.2,current_demand_lp,random_failure_fixed,"MIDnet, Lincoln, NE -> NCSA, University of Illinois, Champaign & NCSA, University of Illinois, Champaign -> MIDnet, Lincoln, NE",2,"MIDnet, Lincoln, NE","Cornell Theory Center, Ithaca NY",1,4.795425,"MIDnet, Lincoln, NE | NCSA, University of Illinois, Champaign | Merit Univ of Michigan, Ann Arbor | Cornell Theory Center, Ithaca NY","MIDnet, Lincoln, NE->NCSA, University of Illinois, Champaign | NCSA, University of Illinois, Champaign->Merit Univ of Michigan, Ann Arbor | Merit Univ of Michigan, Ann Arbor->Cornell Theory Center, Ithaca NY",1
32,nsfnet,7,1.2,current_demand_lp,random_failure_fixed,"MIDnet, Lincoln, NE -> NCSA, University of Illinois, Champaign & NCSA, University of Illinois, Champaign -> MIDnet, Lincoln, NE",3,"MIDnet, Lincoln, NE","SEQSUINET, Rice University, Houston",1,4.6330922,"MIDnet, Lincoln, NE | NCSA, University of Illinois, Champaign | SEQSUINET, Rice University, Houston","MIDnet, Lincoln, NE->NCSA, University of Illinois, Champaign | NCSA, University of Illinois, Champaign->SEQSUINET, Rice University, Houston",1
32,nsfnet,7,1.2,current_demand_lp,random_failure_fixed,"MIDnet, Lincoln, NE -> NCSA, University of Illinois, Champaign & NCSA, University of Illinois, Champaign -> MIDnet, Lincoln, NE",4,"NorthWestNet, Seattle","MIDnet, Lincoln, NE",1,4.5309611,"NorthWestNet, Seattle | NCAR, Boulder | NCSA, University of Illinois, Champaign | MIDnet, Lincoln, NE","NorthWestNet, Seattle->NCAR, Boulder | NCAR, Boulder->NCSA, University of Illinois, Champaign | NCSA, University of Illinois, Champaign->MIDnet, Lincoln, NE",1
32,nsfnet,7,1.2,current_demand_lp,random_failure_fixed,"MIDnet, Lincoln, NE -> NCSA, University of Illinois, Champaign & NCSA, University of Illinois, Champaign -> MIDnet, Lincoln, NE",5,Pittsburgh Supercomputer Center,"MIDnet, Lincoln, NE",1,4.3994903,"Pittsburgh Supercomputer Center | Merit Univ of Michigan, Ann Arbor | NCSA, University of Illinois, Champaign | MIDnet, Lincoln, NE","Pittsburgh Supercomputer Center->Merit Univ of Michigan, Ann Arbor | Merit Univ of Michigan, Ann Arbor->NCSA, University of Illinois, Champaign | NCSA, University of Illinois, Champaign->MIDnet, Lincoln, NE",1
32,nsfnet,7,1.2,robust_current_demand_lp,critical_failure_fixed,"NCSA, University of Illinois, Champaign -> Merit Univ of Michigan, Ann Arbor & Merit Univ of Michigan, Ann Arbor -> NCSA, University of Illinois, Champaign",1,"NCSA, University of Illinois, Champaign","Merit Univ of Michigan, Ann Arbor",1,5.2247124,"NCSA, University of Illinois, Champaign | Merit Univ of Michigan, Ann Arbor","NCSA, University of Illinois, Champaign->Merit Univ of Michigan, Ann Arbor",1
32,nsfnet,7,1.2,robust_current_demand_lp,critical_failure_fixed,"NCSA, University of Illinois, Champaign -> Merit Univ of Michigan, Ann Arbor & Merit Univ of Michigan, Ann Arbor -> NCSA, University of Illinois, Champaign",2,"NCSA, University of Illinois, Champaign","BARRnet, Palo Alto",1,5.137862,"NCSA, University of Illinois, Champaign | Merit Univ of Michigan, Ann Arbor | BARRnet, Palo Alto","NCSA, University of Illinois, Champaign->Merit Univ of Michigan, Ann Arbor | Merit Univ of Michigan, Ann Arbor->BARRnet, Palo Alto",1
32,nsfnet,7,1.2,robust_current_demand_lp,critical_failure_fixed,"NCSA, University of Illinois, Champaign -> Merit Univ of Michigan, Ann Arbor & Merit Univ of Michigan, Ann Arbor -> NCSA, University of Illinois, Champaign",3,"MIDnet, Lincoln, NE","Cornell Theory Center, Ithaca NY",1,4.795425,"MIDnet, Lincoln, NE | NCSA, University of Illinois, Champaign | Merit Univ of Michigan, Ann Arbor | Cornell Theory Center, Ithaca NY","MIDnet, Lincoln, NE->NCSA, University of Illinois, Champaign | NCSA, University of Illinois, Champaign->Merit Univ of Michigan, Ann Arbor | Merit Univ of Michigan, Ann Arbor->Cornell Theory Center, Ithaca NY",1
32,nsfnet,7,1.2,robust_current_demand_lp,critical_failure_fixed,"NCSA, University of Illinois, Champaign -> Merit Univ of Michigan, Ann Arbor & Merit Univ of Michigan, Ann Arbor -> NCSA, University of Illinois, Champaign",4,"MIDnet, Lincoln, NE","BARRnet, Palo Alto",1,4.6171274,"MIDnet, Lincoln, NE | NCSA, University of Illinois, Champaign | Merit Univ of Michigan, Ann Arbor | BARRnet, Palo Alto","MIDnet, Lincoln, NE->NCSA, University of Illinois, Champaign | NCSA, University of Illinois, Champaign->Merit Univ of Michigan, Ann Arbor | Merit Univ of Michigan, Ann Arbor->BARRnet, Palo Alto",1
32,nsfnet,7,1.2,robust_current_demand_lp,critical_failure_fixed,"NCSA, University of Illinois, Champaign -> Merit Univ of Michigan, Ann Arbor & Merit Univ of Michigan, Ann Arbor -> NCSA, University of Illinois, Champaign",4,"MIDnet, Lincoln, NE","BARRnet, Palo Alto",2,0.44130949,"MIDnet, Lincoln, NE | NCSA, University of Illinois, Champaign | SEQSUINET, Rice University, Houston | San Diego Supercomputer Center | BARRnet, Palo Alto","MIDnet, Lincoln, NE->NCSA, University of Illinois, Champaign | NCSA, University of Illinois, Champaign->SEQSUINET, Rice University, Houston | SEQSUINET, Rice University, Houston->San Diego Supercomputer Center | San Diego Supercomputer Center->BARRnet, Palo Alto",0
32,nsfnet,7,1.2,robust_current_demand_lp,critical_failure_fixed,"NCSA, University of Illinois, Champaign -> Merit Univ of Michigan, Ann Arbor & Merit Univ of Michigan, Ann Arbor -> NCSA, University of Illinois, Champaign",5,"Cornell Theory Center, Ithaca NY","NCAR, Boulder",1,4.4639652,"Cornell Theory Center, Ithaca NY | Merit Univ of Michigan, Ann Arbor | NCSA, University of Illinois, Champaign | NCAR, Boulder","Cornell Theory Center, Ithaca NY->Merit Univ of Michigan, Ann Arbor | Merit Univ of Michigan, Ann Arbor->NCSA, University of Illinois, Champaign | NCSA, University of Illinois, Champaign->NCAR, Boulder",1
32,nsfnet,7,1.2,robust_current_demand_lp,random_failure_fixed,"MIDnet, Lincoln, NE -> NCSA, University of Illinois, Champaign & NCSA, University of Illinois, Champaign -> MIDnet, Lincoln, NE",1,"MIDnet, Lincoln, NE","BARRnet, Palo Alto",1,4.6171274,"MIDnet, Lincoln, NE | NCSA, University of Illinois, Champaign | Merit Univ of Michigan, Ann Arbor | BARRnet, Palo Alto","MIDnet, Lincoln, NE->NCSA, University of Illinois, Champaign | NCSA, University of Illinois, Champaign->Merit Univ of Michigan, Ann Arbor | Merit Univ of Michigan, Ann Arbor->BARRnet, Palo Alto",1
32,nsfnet,7,1.2,robust_current_demand_lp,random_failure_fixed,"MIDnet, Lincoln, NE -> NCSA, University of Illinois, Champaign & NCSA, University of Illinois, Champaign -> MIDnet, Lincoln, NE",1,"MIDnet, Lincoln, NE","BARRnet, Palo Alto",2,0.44130949,"MIDnet, Lincoln, NE | NCSA, University of Illinois, Champaign | SEQSUINET, Rice University, Houston | San Diego Supercomputer Center | BARRnet, Palo Alto","MIDnet, Lincoln, NE->NCSA, University of Illinois, Champaign | NCSA, University of Illinois, Champaign->SEQSUINET, Rice University, Houston | SEQSUINET, Rice University, Houston->San Diego Supercomputer Center | San Diego Supercomputer Center->BARRnet, Palo Alto",1
32,nsfnet,7,1.2,robust_current_demand_lp,random_failure_fixed,"MIDnet, Lincoln, NE -> NCSA, University of Illinois, Champaign & NCSA, University of Illinois, Champaign -> MIDnet, Lincoln, NE",2,"MIDnet, Lincoln, NE","Cornell Theory Center, Ithaca NY",1,4.795425,"MIDnet, Lincoln, NE | NCSA, University of Illinois, Champaign | Merit Univ of Michigan, Ann Arbor | Cornell Theory Center, Ithaca NY","MIDnet, Lincoln, NE->NCSA, University of Illinois, Champaign | NCSA, University of Illinois, Champaign->Merit Univ of Michigan, Ann Arbor | Merit Univ of Michigan, Ann Arbor->Cornell Theory Center, Ithaca NY",1
32,nsfnet,7,1.2,robust_current_demand_lp,random_failure_fixed,"MIDnet, Lincoln, NE -> NCSA, University of Illinois, Champaign & NCSA, University of Illinois, Champaign -> MIDnet, Lincoln, NE",3,"MIDnet, Lincoln, NE","SEQSUINET, Rice University, Houston",1,4.6330922,"MIDnet, Lincoln, NE | NCSA, University of Illinois, Champaign | SEQSUINET, Rice University, Houston","MIDnet, Lincoln, NE->NCSA, University of Illinois, Champaign | NCSA, University of Illinois, Champaign->SEQSUINET, Rice University, Houston",1
32,nsfnet,7,1.2,robust_current_demand_lp,random_failure_fixed,"MIDnet, Lincoln, NE -> NCSA, University of Illinois, Champaign & NCSA, University of Illinois, Champaign -> MIDnet, Lincoln, NE",4,"NorthWestNet, Seattle","MIDnet, Lincoln, NE",1,4.5309611,"NorthWestNet, Seattle | NCAR, Boulder | NCSA, University of Illinois, Champaign | MIDnet, Lincoln, NE","NorthWestNet, Seattle->NCAR, Boulder | NCAR, Boulder->NCSA, University of Illinois, Champaign | NCSA, University of Illinois, Champaign->MIDnet, Lincoln, NE",1
32,nsfnet,7,1.2,robust_current_demand_lp,random_failure_fixed,"MIDnet, Lincoln, NE -> NCSA, University of Illinois, Champaign & NCSA, University of Illinois, Champaign -> MIDnet, Lincoln, NE",5,Pittsburgh Supercomputer Center,"MIDnet, Lincoln, NE",1,4.3994903,"Pittsburgh Supercomputer Center | Merit Univ of Michigan, Ann Arbor | NCSA, University of Illinois, Champaign | MIDnet, Lincoln, NE","Pittsburgh Supercomputer Center->Merit Univ of Michigan, Ann Arbor | Merit Univ of Michigan, Ann Arbor->NCSA, University of Illinois, Champaign | NCSA, University of Illinois, Champaign->MIDnet, Lincoln, NE",1
32,nsfnet,7,1.2,moving_average,critical_failure_fixed,"NCSA, University of Illinois, Champaign -> Merit Univ of Michigan, Ann Arbor & Merit Univ of Michigan, Ann Arbor -> NCSA, University of Illinois, Champaign",1,"NCSA, University of Illinois, Champaign","Merit Univ of Michigan, Ann Arbor",1,7.6767399,"NCSA, University of Illinois, Champaign | Merit Univ of Michigan, Ann Arbor","NCSA, University of Illinois, Champaign->Merit Univ of Michigan, Ann Arbor",1
32,nsfnet,7,1.2,moving_average,critical_failure_fixed,"NCSA, University of Illinois, Champaign -> Merit Univ of Michigan, Ann Arbor & Merit Univ of Michigan, Ann Arbor -> NCSA, University of Illinois, Champaign",2,"MIDnet, Lincoln, NE","BARRnet, Palo Alto",1,7.6082032,"MIDnet, Lincoln, NE | NCSA, University of Illinois, Champaign | Merit Univ of Michigan, Ann Arbor | BARRnet, Palo Alto","MIDnet, Lincoln, NE->NCSA, University of Illinois, Champaign | NCSA, University of Illinois, Champaign->Merit Univ of Michigan, Ann Arbor | Merit Univ of Michigan, Ann Arbor->BARRnet, Palo Alto",1
32,nsfnet,7,1.2,moving_average,critical_failure_fixed,"NCSA, University of Illinois, Champaign -> Merit Univ of Michigan, Ann Arbor & Merit Univ of Michigan, Ann Arbor -> NCSA, University of Illinois, Champaign",3,"NCSA, University of Illinois, Champaign","BARRnet, Palo Alto",1,7.5571816,"NCSA, University of Illinois, Champaign | Merit Univ of Michigan, Ann Arbor | BARRnet, Palo Alto","NCSA, University of Illinois, Champaign->Merit Univ of Michigan, Ann Arbor | Merit Univ of Michigan, Ann Arbor->BARRnet, Palo Alto",1
32,nsfnet,7,1.2,moving_average,critical_failure_fixed,"NCSA, University of Illinois, Champaign -> Merit Univ of Michigan, Ann Arbor & Merit Univ of Michigan, Ann Arbor -> NCSA, University of Illinois, Champaign",4,"MIDnet, Lincoln, NE","Cornell Theory Center, Ithaca NY",1,7.4527425,"MIDnet, Lincoln, NE | NCSA, University of Illinois, Champaign | Merit Univ of Michigan, Ann Arbor | Cornell Theory Center, Ithaca NY","MIDnet, Lincoln, NE->NCSA, University of Illinois, Champaign | NCSA, University of Illinois, Champaign->Merit Univ of Michigan, Ann Arbor | Merit Univ of Michigan, Ann Arbor->Cornell Theory Center, Ithaca NY",1
32,nsfnet,7,1.2,moving_average,critical_failure_fixed,"NCSA, University of Illinois, Champaign -> Merit Univ of Michigan, Ann Arbor & Merit Univ of Michigan, Ann Arbor -> NCSA, University of Illinois, Champaign",5,Pittsburgh Supercomputer Center,"MIDnet, Lincoln, NE",1,6.8888932,"Pittsburgh Supercomputer Center | Merit Univ of Michigan, Ann Arbor | NCSA, University of Illinois, Champaign | MIDnet, Lincoln, NE","Pittsburgh Supercomputer Center->Merit Univ of Michigan, Ann Arbor | Merit Univ of Michigan, Ann Arbor->NCSA, University of Illinois, Champaign | NCSA, University of Illinois, Champaign->MIDnet, Lincoln, NE",1
32,nsfnet,7,1.2,moving_average,random_failure_fixed,"MIDnet, Lincoln, NE -> NCSA, University of Illinois, Champaign & NCSA, University of Illinois, Champaign -> MIDnet, Lincoln, NE",1,"MIDnet, Lincoln, NE","BARRnet, Palo Alto",1,7.6082032,"MIDnet, Lincoln, NE | NCSA, University of Illinois, Champaign | Merit Univ of Michigan, Ann Arbor | BARRnet, Palo Alto","MIDnet, Lincoln, NE->NCSA, University of Illinois, Champaign | NCSA, University of Illinois, Champaign->Merit Univ of Michigan, Ann Arbor | Merit Univ of Michigan, Ann Arbor->BARRnet, Palo Alto",1
32,nsfnet,7,1.2,moving_average,random_failure_fixed,"MIDnet, Lincoln, NE -> NCSA, University of Illinois, Champaign & NCSA, University of Illinois, Champaign -> MIDnet, Lincoln, NE",2,"MIDnet, Lincoln, NE","Cornell Theory Center, Ithaca NY",1,7.4527425,"MIDnet, Lincoln, NE | NCSA, University of Illinois, Champaign | Merit Univ of Michigan, Ann Arbor | Cornell Theory Center, Ithaca NY","MIDnet, Lincoln, NE->NCSA, University of Illinois, Champaign | NCSA, University of Illinois, Champaign->Merit Univ of Michigan, Ann Arbor | Merit Univ of Michigan, Ann Arbor->Cornell Theory Center, Ithaca NY",1
32,nsfnet,7,1.2,moving_average,random_failure_fixed,"MIDnet, Lincoln, NE -> NCSA, University of Illinois, Champaign & NCSA, University of Illinois, Champaign -> MIDnet, Lincoln, NE",3,"MIDnet, Lincoln, NE","SEQSUINET, Rice University, Houston",1,7.4107441,"MIDnet, Lincoln, NE | NCSA, University of Illinois, Champaign | SEQSUINET, Rice University, Houston","MIDnet, Lincoln, NE->NCSA, University of Illinois, Champaign | NCSA, University of Illinois, Champaign->SEQSUINET, Rice University, Houston",1
32,nsfnet,7,1.2,moving_average,random_failure_fixed,"MIDnet, Lincoln, NE -> NCSA, University of Illinois, Champaign & NCSA, University of Illinois, Champaign -> MIDnet, Lincoln, NE",4,"MIDnet, Lincoln, NE","NCAR, Boulder",1,7.1723415,"MIDnet, Lincoln, NE | NCSA, University of Illinois, Champaign | NCAR, Boulder","MIDnet, Lincoln, NE->NCSA, University of Illinois, Champaign | NCSA, University of Illinois, Champaign->NCAR, Boulder",1
32,nsfnet,7,1.2,moving_average,random_failure_fixed,"MIDnet, Lincoln, NE -> NCSA, University of Illinois, Champaign & NCSA, University of Illinois, Champaign -> MIDnet, Lincoln, NE",5,Pittsburgh Supercomputer Center,"MIDnet, Lincoln, NE",1,6.8888932,"Pittsburgh Supercomputer Center | Merit Univ of Michigan, Ann Arbor | NCSA, University of Illinois, Champaign | MIDnet, Lincoln, NE","Pittsburgh Supercomputer Center->Merit Univ of Michigan, Ann Arbor | Merit Univ of Michigan, Ann Arbor->NCSA, University of Illinois, Champaign | NCSA, University of Illinois, Champaign->MIDnet, Lincoln, NE",1
32,nsfnet,7,1.2,linear_autoregressive,critical_failure_fixed,"NCSA, University of Illinois, Champaign -> Merit Univ of Michigan, Ann Arbor & Merit Univ of Michigan, Ann Arbor -> NCSA, University of Illinois, Champaign",1,"NCSA, University of Illinois, Champaign","Merit Univ of Michigan, Ann Arbor",1,4.9562252,"NCSA, University of Illinois, Champaign | Merit Univ of Michigan, Ann Arbor","NCSA, University of Illinois, Champaign->Merit Univ of Michigan, Ann Arbor",1
32,nsfnet,7,1.2,linear_autoregressive,critical_failure_fixed,"NCSA, University of Illinois, Champaign -> Merit Univ of Michigan, Ann Arbor & Merit Univ of Michigan, Ann Arbor -> NCSA, University of Illinois, Champaign",2,"MIDnet, Lincoln, NE","BARRnet, Palo Alto",1,4.9472361,"MIDnet, Lincoln, NE | NCSA, University of Illinois, Champaign | Merit Univ of Michigan, Ann Arbor | BARRnet, Palo Alto","MIDnet, Lincoln, NE->NCSA, University of Illinois, Champaign | NCSA, University of Illinois, Champaign->Merit Univ of Michigan, Ann Arbor | Merit Univ of Michigan, Ann Arbor->BARRnet, Palo Alto",1
32,nsfnet,7,1.2,linear_autoregressive,critical_failure_fixed,"NCSA, University of Illinois, Champaign -> Merit Univ of Michigan, Ann Arbor & Merit Univ of Michigan, Ann Arbor -> NCSA, University of Illinois, Champaign",3,"NCSA, University of Illinois, Champaign","BARRnet, Palo Alto",1,4.7768525,"NCSA, University of Illinois, Champaign | Merit Univ of Michigan, Ann Arbor | BARRnet, Palo Alto","NCSA, University of Illinois, Champaign->Merit Univ of Michigan, Ann Arbor | Merit Univ of Michigan, Ann Arbor->BARRnet, Palo Alto",1
32,nsfnet,7,1.2,linear_autoregressive,critical_failure_fixed,"NCSA, University of Illinois, Champaign -> Merit Univ of Michigan, Ann Arbor & Merit Univ of Michigan, Ann Arbor -> NCSA, University of Illinois, Champaign",4,"MIDnet, Lincoln, NE","Cornell Theory Center, Ithaca NY",1,4.7732405,"MIDnet, Lincoln, NE | NCSA, University of Illinois, Champaign | Merit Univ of Michigan, Ann Arbor | Cornell Theory Center, Ithaca NY","MIDnet, Lincoln, NE->NCSA, University of Illinois, Champaign | NCSA, University of Illinois, Champaign->Merit Univ of Michigan, Ann Arbor | Merit Univ of Michigan, Ann Arbor->Cornell Theory Center, Ithaca NY",1
32,nsfnet,7,1.2,linear_autoregressive,critical_failure_fixed,"NCSA, University of Illinois, Champaign -> Merit Univ of Michigan, Ann Arbor & Merit Univ of Michigan, Ann Arbor -> NCSA, University of Illinois, Champaign",5,"Westnet, Salt Lake City","Merit Univ of Michigan, Ann Arbor",1,4.5703083,"Westnet, Salt Lake City | NCAR, Boulder | NCSA, University of Illinois, Champaign | Merit Univ of Michigan, Ann Arbor","Westnet, Salt Lake City->NCAR, Boulder | NCAR, Boulder->NCSA, University of Illinois, Champaign | NCSA, University of Illinois, Champaign->Merit Univ of Michigan, Ann Arbor",1
32,nsfnet,7,1.2,linear_autoregressive,random_failure_fixed,"MIDnet, Lincoln, NE -> NCSA, University of Illinois, Champaign & NCSA, University of Illinois, Champaign -> MIDnet, Lincoln, NE",1,"MIDnet, Lincoln, NE","SEQSUINET, Rice University, Houston",1,5.1395156,"MIDnet, Lincoln, NE | NCSA, University of Illinois, Champaign | SEQSUINET, Rice University, Houston","MIDnet, Lincoln, NE->NCSA, University of Illinois, Champaign | NCSA, University of Illinois, Champaign->SEQSUINET, Rice University, Houston",1
32,nsfnet,7,1.2,linear_autoregressive,random_failure_fixed,"MIDnet, Lincoln, NE -> NCSA, University of Illinois, Champaign & NCSA, University of Illinois, Champaign -> MIDnet, Lincoln, NE",2,"MIDnet, Lincoln, NE","BARRnet, Palo Alto",1,4.9472361,"MIDnet, Lincoln, NE | NCSA, University of Illinois, Champaign | Merit Univ of Michigan, Ann Arbor | BARRnet, Palo Alto","MIDnet, Lincoln, NE->NCSA, University of Illinois, Champaign | NCSA, University of Illinois, Champaign->Merit Univ of Michigan, Ann Arbor | Merit Univ of Michigan, Ann Arbor->BARRnet, Palo Alto",1
32,nsfnet,7,1.2,linear_autoregressive,random_failure_fixed,"MIDnet, Lincoln, NE -> NCSA, University of Illinois, Champaign & NCSA, University of Illinois, Champaign -> MIDnet, Lincoln, NE",3,"MIDnet, Lincoln, NE","Cornell Theory Center, Ithaca NY",1,4.7732405,"MIDnet, Lincoln, NE | NCSA, University of Illinois, Champaign | Merit Univ of Michigan, Ann Arbor | Cornell Theory Center, Ithaca NY","MIDnet, Lincoln, NE->NCSA, University of Illinois, Champaign | NCSA, University of Illinois, Champaign->Merit Univ of Michigan, Ann Arbor | Merit Univ of Michigan, Ann Arbor->Cornell Theory Center, Ithaca NY",1
32,nsfnet,7,1.2,linear_autoregressive,random_failure_fixed,"MIDnet, Lincoln, NE -> NCSA, University of Illinois, Champaign & NCSA, University of Illinois, Champaign -> MIDnet, Lincoln, NE",4,"NorthWestNet, Seattle","MIDnet, Lincoln, NE",1,4.6591617,"NorthWestNet, Seattle | NCAR, Boulder | NCSA, University of Illinois, Champaign | MIDnet, Lincoln, NE","NorthWestNet, Seattle->NCAR, Boulder | NCAR, Boulder->NCSA, University of Illinois, Champaign | NCSA, University of Illinois, Champaign->MIDnet, Lincoln, NE",1
32,nsfnet,7,1.2,linear_autoregressive,random_failure_fixed,"MIDnet, Lincoln, NE -> NCSA, University of Illinois, Champaign & NCSA, University of Illinois, Champaign -> MIDnet, Lincoln, NE",5,"MIDnet, Lincoln, NE","NCAR, Boulder",1,4.5763039,"MIDnet, Lincoln, NE | NCSA, University of Illinois, Champaign | NCAR, Boulder","MIDnet, Lincoln, NE->NCSA, University of Illinois, Champaign | NCSA, University of Illinois, Champaign->NCAR, Boulder",1
32,nsfnet,7,1.2,lstm,critical_failure_fixed,"NCSA, University of Illinois, Champaign -> Merit Univ of Michigan, Ann Arbor & Merit Univ of Michigan, Ann Arbor -> NCSA, University of Illinois, Champaign",1,"MIDnet, Lincoln, NE","BARRnet, Palo Alto",1,5.9942584,"MIDnet, Lincoln, NE | NCSA, University of Illinois, Champaign | Merit Univ of Michigan, Ann Arbor | BARRnet, Palo Alto","MIDnet, Lincoln, NE->NCSA, University of Illinois, Champaign | NCSA, University of Illinois, Champaign->Merit Univ of Michigan, Ann Arbor | Merit Univ of Michigan, Ann Arbor->BARRnet, Palo Alto",1
32,nsfnet,7,1.2,lstm,critical_failure_fixed,"NCSA, University of Illinois, Champaign -> Merit Univ of Michigan, Ann Arbor & Merit Univ of Michigan, Ann Arbor -> NCSA, University of Illinois, Champaign",2,"NCSA, University of Illinois, Champaign","Merit Univ of Michigan, Ann Arbor",1,5.9017167,"NCSA, University of Illinois, Champaign | Merit Univ of Michigan, Ann Arbor","NCSA, University of Illinois, Champaign->Merit Univ of Michigan, Ann Arbor",1
32,nsfnet,7,1.2,lstm,critical_failure_fixed,"NCSA, University of Illinois, Champaign -> Merit Univ of Michigan, Ann Arbor & Merit Univ of Michigan, Ann Arbor -> NCSA, University of Illinois, Champaign",3,"MIDnet, Lincoln, NE","Cornell Theory Center, Ithaca NY",1,5.8566198,"MIDnet, Lincoln, NE | NCSA, University of Illinois, Champaign | Merit Univ of Michigan, Ann Arbor | Cornell Theory Center, Ithaca NY","MIDnet, Lincoln, NE->NCSA, University of Illinois, Champaign | NCSA, University of Illinois, Champaign->Merit Univ of Michigan, Ann Arbor | Merit Univ of Michigan, Ann Arbor->Cornell Theory Center, Ithaca NY",1
32,nsfnet,7,1.2,lstm,critical_failure_fixed,"NCSA, University of Illinois, Champaign -> Merit Univ of Michigan, Ann Arbor & Merit Univ of Michigan, Ann Arbor -> NCSA, University of Illinois, Champaign",4,"NCSA, University of Illinois, Champaign","BARRnet, Palo Alto",1,5.8198299,"NCSA, University of Illinois, Champaign | Merit Univ of Michigan, Ann Arbor | BARRnet, Palo Alto","NCSA, University of Illinois, Champaign->Merit Univ of Michigan, Ann Arbor | Merit Univ of Michigan, Ann Arbor->BARRnet, Palo Alto",1
32,nsfnet,7,1.2,lstm,critical_failure_fixed,"NCSA, University of Illinois, Champaign -> Merit Univ of Michigan, Ann Arbor & Merit Univ of Michigan, Ann Arbor -> NCSA, University of Illinois, Champaign",5,Pittsburgh Supercomputer Center,"MIDnet, Lincoln, NE",1,5.6369033,"Pittsburgh Supercomputer Center | Merit Univ of Michigan, Ann Arbor | NCSA, University of Illinois, Champaign | MIDnet, Lincoln, NE","Pittsburgh Supercomputer Center->Merit Univ of Michigan, Ann Arbor | Merit Univ of Michigan, Ann Arbor->NCSA, University of Illinois, Champaign | NCSA, University of Illinois, Champaign->MIDnet, Lincoln, NE",1
32,nsfnet,7,1.2,lstm,random_failure_fixed,"MIDnet, Lincoln, NE -> NCSA, University of Illinois, Champaign & NCSA, University of Illinois, Champaign -> MIDnet, Lincoln, NE",1,"MIDnet, Lincoln, NE","SEQSUINET, Rice University, Houston",1,6.0127764,"MIDnet, Lincoln, NE | NCSA, University of Illinois, Champaign | SEQSUINET, Rice University, Houston","MIDnet, Lincoln, NE->NCSA, University of Illinois, Champaign | NCSA, University of Illinois, Champaign->SEQSUINET, Rice University, Houston",1
32,nsfnet,7,1.2,lstm,random_failure_fixed,"MIDnet, Lincoln, NE -> NCSA, University of Illinois, Champaign & NCSA, University of Illinois, Champaign -> MIDnet, Lincoln, NE",2,"MIDnet, Lincoln, NE","BARRnet, Palo Alto",1,5.9942584,"MIDnet, Lincoln, NE | NCSA, University of Illinois, Champaign | Merit Univ of Michigan, Ann Arbor | BARRnet, Palo Alto","MIDnet, Lincoln, NE->NCSA, University of Illinois, Champaign | NCSA, University of Illinois, Champaign->Merit Univ of Michigan, Ann Arbor | Merit Univ of Michigan, Ann Arbor->BARRnet, Palo Alto",1
32,nsfnet,7,1.2,lstm,random_failure_fixed,"MIDnet, Lincoln, NE -> NCSA, University of Illinois, Champaign & NCSA, University of Illinois, Champaign -> MIDnet, Lincoln, NE",3,"MIDnet, Lincoln, NE","Cornell Theory Center, Ithaca NY",1,5.8566198,"MIDnet, Lincoln, NE | NCSA, University of Illinois, Champaign | Merit Univ of Michigan, Ann Arbor | Cornell Theory Center, Ithaca NY","MIDnet, Lincoln, NE->NCSA, University of Illinois, Champaign | NCSA, University of Illinois, Champaign->Merit Univ of Michigan, Ann Arbor | Merit Univ of Michigan, Ann Arbor->Cornell Theory Center, Ithaca NY",1
32,nsfnet,7,1.2,lstm,random_failure_fixed,"MIDnet, Lincoln, NE -> NCSA, University of Illinois, Champaign & NCSA, University of Illinois, Champaign -> MIDnet, Lincoln, NE",4,"MIDnet, Lincoln, NE","NCAR, Boulder",1,5.7112999,"MIDnet, Lincoln, NE | NCSA, University of Illinois, Champaign | NCAR, Boulder","MIDnet, Lincoln, NE->NCSA, University of Illinois, Champaign | NCSA, University of Illinois, Champaign->NCAR, Boulder",1
32,nsfnet,7,1.2,lstm,random_failure_fixed,"MIDnet, Lincoln, NE -> NCSA, University of Illinois, Champaign & NCSA, University of Illinois, Champaign -> MIDnet, Lincoln, NE",5,Pittsburgh Supercomputer Center,"MIDnet, Lincoln, NE",1,5.6369033,"Pittsburgh Supercomputer Center | Merit Univ of Michigan, Ann Arbor | NCSA, University of Illinois, Champaign | MIDnet, Lincoln, NE","Pittsburgh Supercomputer Center->Merit Univ of Michigan, Ann Arbor | Merit Univ of Michigan, Ann Arbor->NCSA, University of Illinois, Champaign | NCSA, University of Illinois, Champaign->MIDnet, Lincoln, NE",1
32,nsfnet,7,1.2,uncertainty_aware_lstm_robust_lp,critical_failure_fixed,"NCSA, University of Illinois, Champaign -> Merit Univ of Michigan, Ann Arbor & Merit Univ of Michigan, Ann Arbor -> NCSA, University of Illinois, Champaign",1,"NCSA, University of Illinois, Champaign","Merit Univ of Michigan, Ann Arbor",1,6.1837616,"NCSA, University of Illinois, Champaign | Merit Univ of Michigan, Ann Arbor","NCSA, University of Illinois, Champaign->Merit Univ of Michigan, Ann Arbor",1
32,nsfnet,7,1.2,uncertainty_aware_lstm_robust_lp,critical_failure_fixed,"NCSA, University of Illinois, Champaign -> Merit Univ of Michigan, Ann Arbor & Merit Univ of Michigan, Ann Arbor -> NCSA, University of Illinois, Champaign",2,"MIDnet, Lincoln, NE","Cornell Theory Center, Ithaca NY",1,6.142241,"MIDnet, Lincoln, NE | NCSA, University of Illinois, Champaign | Merit Univ of Michigan, Ann Arbor | Cornell Theory Center, Ithaca NY","MIDnet, Lincoln, NE->NCSA, University of Illinois, Champaign | NCSA, University of Illinois, Champaign->Merit Univ of Michigan, Ann Arbor | Merit Univ of Michigan, Ann Arbor->Cornell Theory Center, Ithaca NY",1
32,nsfnet,7,1.2,uncertainty_aware_lstm_robust_lp,critical_failure_fixed,"NCSA, University of Illinois, Champaign -> Merit Univ of Michigan, Ann Arbor & Merit Univ of Michigan, Ann Arbor -> NCSA, University of Illinois, Champaign",3,"NCSA, University of Illinois, Champaign","BARRnet, Palo Alto",1,6.089541,"NCSA, University of Illinois, Champaign | Merit Univ of Michigan, Ann Arbor | BARRnet, Palo Alto","NCSA, University of Illinois, Champaign->Merit Univ of Michigan, Ann Arbor | Merit Univ of Michigan, Ann Arbor->BARRnet, Palo Alto",1
32,nsfnet,7,1.2,uncertainty_aware_lstm_robust_lp,critical_failure_fixed,"NCSA, University of Illinois, Champaign -> Merit Univ of Michigan, Ann Arbor & Merit Univ of Michigan, Ann Arbor -> NCSA, University of Illinois, Champaign",4,Pittsburgh Supercomputer Center,"MIDnet, Lincoln, NE",1,5.8909855,"Pittsburgh Supercomputer Center | Merit Univ of Michigan, Ann Arbor | NCSA, University of Illinois, Champaign | MIDnet, Lincoln, NE","Pittsburgh Supercomputer Center->Merit Univ of Michigan, Ann Arbor | Merit Univ of Michigan, Ann Arbor->NCSA, University of Illinois, Champaign | NCSA, University of Illinois, Champaign->MIDnet, Lincoln, NE",1
32,nsfnet,7,1.2,uncertainty_aware_lstm_robust_lp,critical_failure_fixed,"NCSA, University of Illinois, Champaign -> Merit Univ of Michigan, Ann Arbor & Merit Univ of Michigan, Ann Arbor -> NCSA, University of Illinois, Champaign",5,"Westnet, Salt Lake City","Merit Univ of Michigan, Ann Arbor",1,5.7571735,"Westnet, Salt Lake City | NCAR, Boulder | NCSA, University of Illinois, Champaign | Merit Univ of Michigan, Ann Arbor","Westnet, Salt Lake City->NCAR, Boulder | NCAR, Boulder->NCSA, University of Illinois, Champaign | NCSA, University of Illinois, Champaign->Merit Univ of Michigan, Ann Arbor",1
32,nsfnet,7,1.2,uncertainty_aware_lstm_robust_lp,random_failure_fixed,"MIDnet, Lincoln, NE -> NCSA, University of Illinois, Champaign & NCSA, University of Illinois, Champaign -> MIDnet, Lincoln, NE",1,"MIDnet, Lincoln, NE","SEQSUINET, Rice University, Houston",1,6.2676716,"MIDnet, Lincoln, NE | NCSA, University of Illinois, Champaign | SEQSUINET, Rice University, Houston","MIDnet, Lincoln, NE->NCSA, University of Illinois, Champaign | NCSA, University of Illinois, Champaign->SEQSUINET, Rice University, Houston",1
32,nsfnet,7,1.2,uncertainty_aware_lstm_robust_lp,random_failure_fixed,"MIDnet, Lincoln, NE -> NCSA, University of Illinois, Champaign & NCSA, University of Illinois, Champaign -> MIDnet, Lincoln, NE",2,"MIDnet, Lincoln, NE","BARRnet, Palo Alto",1,5.6982584,"MIDnet, Lincoln, NE | NCSA, University of Illinois, Champaign | Merit Univ of Michigan, Ann Arbor | BARRnet, Palo Alto","MIDnet, Lincoln, NE->NCSA, University of Illinois, Champaign | NCSA, University of Illinois, Champaign->Merit Univ of Michigan, Ann Arbor | Merit Univ of Michigan, Ann Arbor->BARRnet, Palo Alto",1
32,nsfnet,7,1.2,uncertainty_aware_lstm_robust_lp,random_failure_fixed,"MIDnet, Lincoln, NE -> NCSA, University of Illinois, Champaign & NCSA, University of Illinois, Champaign -> MIDnet, Lincoln, NE",2,"MIDnet, Lincoln, NE","BARRnet, Palo Alto",2,0.5349087999999993,"MIDnet, Lincoln, NE | NCSA, University of Illinois, Champaign | SEQSUINET, Rice University, Houston | San Diego Supercomputer Center | BARRnet, Palo Alto","MIDnet, Lincoln, NE->NCSA, University of Illinois, Champaign | NCSA, University of Illinois, Champaign->SEQSUINET, Rice University, Houston | SEQSUINET, Rice University, Houston->San Diego Supercomputer Center | San Diego Supercomputer Center->BARRnet, Palo Alto",1
32,nsfnet,7,1.2,uncertainty_aware_lstm_robust_lp,random_failure_fixed,"MIDnet, Lincoln, NE -> NCSA, University of Illinois, Champaign & NCSA, University of Illinois, Champaign -> MIDnet, Lincoln, NE",3,"MIDnet, Lincoln, NE","Cornell Theory Center, Ithaca NY",1,6.142241,"MIDnet, Lincoln, NE | NCSA, University of Illinois, Champaign | Merit Univ of Michigan, Ann Arbor | Cornell Theory Center, Ithaca NY","MIDnet, Lincoln, NE->NCSA, University of Illinois, Champaign | NCSA, University of Illinois, Champaign->Merit Univ of Michigan, Ann Arbor | Merit Univ of Michigan, Ann Arbor->Cornell Theory Center, Ithaca NY",1
32,nsfnet,7,1.2,uncertainty_aware_lstm_robust_lp,random_failure_fixed,"MIDnet, Lincoln, NE -> NCSA, University of Illinois, Champaign & NCSA, University of Illinois, Champaign -> MIDnet, Lincoln, NE",4,"MIDnet, Lincoln, NE","NCAR, Boulder",1,5.9914579,"MIDnet, Lincoln, NE | NCSA, University of Illinois, Champaign | NCAR, Boulder","MIDnet, Lincoln, NE->NCSA, University of Illinois, Champaign | NCSA, University of Illinois, Champaign->NCAR, Boulder",1
32,nsfnet,7,1.2,uncertainty_aware_lstm_robust_lp,random_failure_fixed,"MIDnet, Lincoln, NE -> NCSA, University of Illinois, Champaign & NCSA, University of Illinois, Champaign -> MIDnet, Lincoln, NE",5,Pittsburgh Supercomputer Center,"MIDnet, Lincoln, NE",1,5.8909855,"Pittsburgh Supercomputer Center | Merit Univ of Michigan, Ann Arbor | NCSA, University of Illinois, Champaign | MIDnet, Lincoln, NE","Pittsburgh Supercomputer Center->Merit Univ of Michigan, Ann Arbor | Merit Univ of Michigan, Ann Arbor->NCSA, University of Illinois, Champaign | NCSA, University of Illinois, Champaign->MIDnet, Lincoln, NE",1
32,nsfnet,7,1.2,transformer,critical_failure_fixed,"NCSA, University of Illinois, Champaign -> Merit Univ of Michigan, Ann Arbor & Merit Univ of Michigan, Ann Arbor -> NCSA, University of Illinois, Champaign",1,"MIDnet, Lincoln, NE","BARRnet, Palo Alto",1,4.9442258,"MIDnet, Lincoln, NE | NCSA, University of Illinois, Champaign | Merit Univ of Michigan, Ann Arbor | BARRnet, Palo Alto","MIDnet, Lincoln, NE->NCSA, University of Illinois, Champaign | NCSA, University of Illinois, Champaign->Merit Univ of Michigan, Ann Arbor | Merit Univ of Michigan, Ann Arbor->BARRnet, Palo Alto",1
32,nsfnet,7,1.2,transformer,critical_failure_fixed,"NCSA, University of Illinois, Champaign -> Merit Univ of Michigan, Ann Arbor & Merit Univ of Michigan, Ann Arbor -> NCSA, University of Illinois, Champaign",2,"MIDnet, Lincoln, NE","Cornell Theory Center, Ithaca NY",1,4.6961522,"MIDnet, Lincoln, NE | NCSA, University of Illinois, Champaign | Merit Univ of Michigan, Ann Arbor | Cornell Theory Center, Ithaca NY","MIDnet, Lincoln, NE->NCSA, University of Illinois, Champaign | NCSA, University of Illinois, Champaign->Merit Univ of Michigan, Ann Arbor | Merit Univ of Michigan, Ann Arbor->Cornell Theory Center, Ithaca NY",1
32,nsfnet,7,1.2,transformer,critical_failure_fixed,"NCSA, University of Illinois, Champaign -> Merit Univ of Michigan, Ann Arbor & Merit Univ of Michigan, Ann Arbor -> NCSA, University of Illinois, Champaign",3,"NCSA, University of Illinois, Champaign","Merit Univ of Michigan, Ann Arbor",1,4.5616026,"NCSA, University of Illinois, Champaign | Merit Univ of Michigan, Ann Arbor","NCSA, University of Illinois, Champaign->Merit Univ of Michigan, Ann Arbor",1
32,nsfnet,7,1.2,transformer,critical_failure_fixed,"NCSA, University of Illinois, Champaign -> Merit Univ of Michigan, Ann Arbor & Merit Univ of Michigan, Ann Arbor -> NCSA, University of Illinois, Champaign",4,"Westnet, Salt Lake City","Merit Univ of Michigan, Ann Arbor",1,4.5227084,"Westnet, Salt Lake City | NCAR, Boulder | NCSA, University of Illinois, Champaign | Merit Univ of Michigan, Ann Arbor","Westnet, Salt Lake City->NCAR, Boulder | NCAR, Boulder->NCSA, University of Illinois, Champaign | NCSA, University of Illinois, Champaign->Merit Univ of Michigan, Ann Arbor",1
32,nsfnet,7,1.2,transformer,critical_failure_fixed,"NCSA, University of Illinois, Champaign -> Merit Univ of Michigan, Ann Arbor & Merit Univ of Michigan, Ann Arbor -> NCSA, University of Illinois, Champaign",5,"NCSA, University of Illinois, Champaign","BARRnet, Palo Alto",1,4.4714427,"NCSA, University of Illinois, Champaign | Merit Univ of Michigan, Ann Arbor | BARRnet, Palo Alto","NCSA, University of Illinois, Champaign->Merit Univ of Michigan, Ann Arbor | Merit Univ of Michigan, Ann Arbor->BARRnet, Palo Alto",1
32,nsfnet,7,1.2,transformer,random_failure_fixed,"MIDnet, Lincoln, NE -> NCSA, University of Illinois, Champaign & NCSA, University of Illinois, Champaign -> MIDnet, Lincoln, NE",1,"MIDnet, Lincoln, NE","BARRnet, Palo Alto",1,4.9442258,"MIDnet, Lincoln, NE | NCSA, University of Illinois, Champaign | Merit Univ of Michigan, Ann Arbor | BARRnet, Palo Alto","MIDnet, Lincoln, NE->NCSA, University of Illinois, Champaign | NCSA, University of Illinois, Champaign->Merit Univ of Michigan, Ann Arbor | Merit Univ of Michigan, Ann Arbor->BARRnet, Palo Alto",1
32,nsfnet,7,1.2,transformer,random_failure_fixed,"MIDnet, Lincoln, NE -> NCSA, University of Illinois, Champaign & NCSA, University of Illinois, Champaign -> MIDnet, Lincoln, NE",2,"MIDnet, Lincoln, NE","SEQSUINET, Rice University, Houston",1,4.8662257,"MIDnet, Lincoln, NE | NCSA, University of Illinois, Champaign | SEQSUINET, Rice University, Houston","MIDnet, Lincoln, NE->NCSA, University of Illinois, Champaign | NCSA, University of Illinois, Champaign->SEQSUINET, Rice University, Houston",1
32,nsfnet,7,1.2,transformer,random_failure_fixed,"MIDnet, Lincoln, NE -> NCSA, University of Illinois, Champaign & NCSA, University of Illinois, Champaign -> MIDnet, Lincoln, NE",3,"MIDnet, Lincoln, NE","Cornell Theory Center, Ithaca NY",1,4.6961522,"MIDnet, Lincoln, NE | NCSA, University of Illinois, Champaign | Merit Univ of Michigan, Ann Arbor | Cornell Theory Center, Ithaca NY","MIDnet, Lincoln, NE->NCSA, University of Illinois, Champaign | NCSA, University of Illinois, Champaign->Merit Univ of Michigan, Ann Arbor | Merit Univ of Michigan, Ann Arbor->Cornell Theory Center, Ithaca NY",1
32,nsfnet,7,1.2,transformer,random_failure_fixed,"MIDnet, Lincoln, NE -> NCSA, University of Illinois, Champaign & NCSA, University of Illinois, Champaign -> MIDnet, Lincoln, NE",4,"MIDnet, Lincoln, NE","NCAR, Boulder",1,4.6065226,"MIDnet, Lincoln, NE | NCSA, University of Illinois, Champaign | NCAR, Boulder","MIDnet, Lincoln, NE->NCSA, University of Illinois, Champaign | NCSA, University of Illinois, Champaign->NCAR, Boulder",1
32,nsfnet,7,1.2,transformer,random_failure_fixed,"MIDnet, Lincoln, NE -> NCSA, University of Illinois, Champaign & NCSA, University of Illinois, Champaign -> MIDnet, Lincoln, NE",5,"NorthWestNet, Seattle","MIDnet, Lincoln, NE",1,4.4885302,"NorthWestNet, Seattle | NCAR, Boulder | NCSA, University of Illinois, Champaign | MIDnet, Lincoln, NE","NorthWestNet, Seattle->NCAR, Boulder | NCAR, Boulder->NCSA, University of Illinois, Champaign | NCSA, University of Illinois, Champaign->MIDnet, Lincoln, NE",1
33,nsfnet,7,1.2,current_demand_lp,critical_failure_fixed,"NCSA, University of Illinois, Champaign -> Merit Univ of Michigan, Ann Arbor & Merit Univ of Michigan, Ann Arbor -> NCSA, University of Illinois, Champaign",1,"NCSA, University of Illinois, Champaign","Merit Univ of Michigan, Ann Arbor",1,4.7707087,"NCSA, University of Illinois, Champaign | Merit Univ of Michigan, Ann Arbor","NCSA, University of Illinois, Champaign->Merit Univ of Michigan, Ann Arbor",1
33,nsfnet,7,1.2,current_demand_lp,critical_failure_fixed,"NCSA, University of Illinois, Champaign -> Merit Univ of Michigan, Ann Arbor & Merit Univ of Michigan, Ann Arbor -> NCSA, University of Illinois, Champaign",2,"MIDnet, Lincoln, NE","BARRnet, Palo Alto",1,4.7441599,"MIDnet, Lincoln, NE | NCSA, University of Illinois, Champaign | Merit Univ of Michigan, Ann Arbor | BARRnet, Palo Alto","MIDnet, Lincoln, NE->NCSA, University of Illinois, Champaign | NCSA, University of Illinois, Champaign->Merit Univ of Michigan, Ann Arbor | Merit Univ of Michigan, Ann Arbor->BARRnet, Palo Alto",1
33,nsfnet,7,1.2,current_demand_lp,critical_failure_fixed,"NCSA, University of Illinois, Champaign -> Merit Univ of Michigan, Ann Arbor & Merit Univ of Michigan, Ann Arbor -> NCSA, University of Illinois, Champaign",3,"MIDnet, Lincoln, NE","Cornell Theory Center, Ithaca NY",1,4.7385145,"MIDnet, Lincoln, NE | NCSA, University of Illinois, Champaign | Merit Univ of Michigan, Ann Arbor | Cornell Theory Center, Ithaca NY","MIDnet, Lincoln, NE->NCSA, University of Illinois, Champaign | NCSA, University of Illinois, Champaign->Merit Univ of Michigan, Ann Arbor | Merit Univ of Michigan, Ann Arbor->Cornell Theory Center, Ithaca NY",1
33,nsfnet,7,1.2,current_demand_lp,critical_failure_fixed,"NCSA, University of Illinois, Champaign -> Merit Univ of Michigan, Ann Arbor & Merit Univ of Michigan, Ann Arbor -> NCSA, University of Illinois, Champaign",4,"NCSA, University of Illinois, Champaign","BARRnet, Palo Alto",1,4.5683813,"NCSA, University of Illinois, Champaign | Merit Univ of Michigan, Ann Arbor | BARRnet, Palo Alto","NCSA, University of Illinois, Champaign->Merit Univ of Michigan, Ann Arbor | Merit Univ of Michigan, Ann Arbor->BARRnet, Palo Alto",1
33,nsfnet,7,1.2,current_demand_lp,critical_failure_fixed,"NCSA, University of Illinois, Champaign -> Merit Univ of Michigan, Ann Arbor & Merit Univ of Michigan, Ann Arbor -> NCSA, University of Illinois, Champaign",5,"SURANET, Georgia Tech, Atlanta","Merit Univ of Michigan, Ann Arbor",1,4.2235633,"SURANET, Georgia Tech, Atlanta | SEQSUINET, Rice University, Houston | NCSA, University of Illinois, Champaign | Merit Univ of Michigan, Ann Arbor","SURANET, Georgia Tech, Atlanta->SEQSUINET, Rice University, Houston | SEQSUINET, Rice University, Houston->NCSA, University of Illinois, Champaign | NCSA, University of Illinois, Champaign->Merit Univ of Michigan, Ann Arbor",1
33,nsfnet,7,1.2,current_demand_lp,random_failure_fixed,"MIDnet, Lincoln, NE -> NCSA, University of Illinois, Champaign & NCSA, University of Illinois, Champaign -> MIDnet, Lincoln, NE",1,"MIDnet, Lincoln, NE","BARRnet, Palo Alto",1,4.7441599,"MIDnet, Lincoln, NE | NCSA, University of Illinois, Champaign | Merit Univ of Michigan, Ann Arbor | BARRnet, Palo Alto","MIDnet, Lincoln, NE->NCSA, University of Illinois, Champaign | NCSA, University of Illinois, Champaign->Merit Univ of Michigan, Ann Arbor | Merit Univ of Michigan, Ann Arbor->BARRnet, Palo Alto",1
33,nsfnet,7,1.2,current_demand_lp,random_failure_fixed,"MIDnet, Lincoln, NE -> NCSA, University of Illinois, Champaign & NCSA, University of Illinois, Champaign -> MIDnet, Lincoln, NE",2,"MIDnet, Lincoln, NE","Cornell Theory Center, Ithaca NY",1,4.7385145,"MIDnet, Lincoln, NE | NCSA, University of Illinois, Champaign | Merit Univ of Michigan, Ann Arbor | Cornell Theory Center, Ithaca NY","MIDnet, Lincoln, NE->NCSA, University of Illinois, Champaign | NCSA, University of Illinois, Champaign->Merit Univ of Michigan, Ann Arbor | Merit Univ of Michigan, Ann Arbor->Cornell Theory Center, Ithaca NY",1
33,nsfnet,7,1.2,current_demand_lp,random_failure_fixed,"MIDnet, Lincoln, NE -> NCSA, University of Illinois, Champaign & NCSA, University of Illinois, Champaign -> MIDnet, Lincoln, NE",3,"MIDnet, Lincoln, NE","NCAR, Boulder",1,4.5124173,"MIDnet, Lincoln, NE | NCSA, University of Illinois, Champaign | NCAR, Boulder","MIDnet, Lincoln, NE->NCSA, University of Illinois, Champaign | NCSA, University of Illinois, Champaign->NCAR, Boulder",1
33,nsfnet,7,1.2,current_demand_lp,random_failure_fixed,"MIDnet, Lincoln, NE -> NCSA, University of Illinois, Champaign & NCSA, University of Illinois, Champaign -> MIDnet, Lincoln, NE",4,"MIDnet, Lincoln, NE","SEQSUINET, Rice University, Houston",1,4.3911767,"MIDnet, Lincoln, NE | NCSA, University of Illinois, Champaign | SEQSUINET, Rice University, Houston","MIDnet, Lincoln, NE->NCSA, University of Illinois, Champaign | NCSA, University of Illinois, Champaign->SEQSUINET, Rice University, Houston",1
33,nsfnet,7,1.2,current_demand_lp,random_failure_fixed,"MIDnet, Lincoln, NE -> NCSA, University of Illinois, Champaign & NCSA, University of Illinois, Champaign -> MIDnet, Lincoln, NE",5,Pittsburgh Supercomputer Center,"MIDnet, Lincoln, NE",1,4.116607,"Pittsburgh Supercomputer Center | Merit Univ of Michigan, Ann Arbor | NCSA, University of Illinois, Champaign | MIDnet, Lincoln, NE","Pittsburgh Supercomputer Center->Merit Univ of Michigan, Ann Arbor | Merit Univ of Michigan, Ann Arbor->NCSA, University of Illinois, Champaign | NCSA, University of Illinois, Champaign->MIDnet, Lincoln, NE",1
33,nsfnet,7,1.2,robust_current_demand_lp,critical_failure_fixed,"NCSA, University of Illinois, Champaign -> Merit Univ of Michigan, Ann Arbor & Merit Univ of Michigan, Ann Arbor -> NCSA, University of Illinois, Champaign",1,"NCSA, University of Illinois, Champaign","Merit Univ of Michigan, Ann Arbor",1,4.7707087,"NCSA, University of Illinois, Champaign | Merit Univ of Michigan, Ann Arbor","NCSA, University of Illinois, Champaign->Merit Univ of Michigan, Ann Arbor",1
33,nsfnet,7,1.2,robust_current_demand_lp,critical_failure_fixed,"NCSA, University of Illinois, Champaign -> Merit Univ of Michigan, Ann Arbor & Merit Univ of Michigan, Ann Arbor -> NCSA, University of Illinois, Champaign",2,"MIDnet, Lincoln, NE","Cornell Theory Center, Ithaca NY",1,4.7385145,"MIDnet, Lincoln, NE | NCSA, University of Illinois, Champaign | Merit Univ of Michigan, Ann Arbor | Cornell Theory Center, Ithaca NY","MIDnet, Lincoln, NE->NCSA, University of Illinois, Champaign | NCSA, University of Illinois, Champaign->Merit Univ of Michigan, Ann Arbor | Merit Univ of Michigan, Ann Arbor->Cornell Theory Center, Ithaca NY",1
33,nsfnet,7,1.2,robust_current_demand_lp,critical_failure_fixed,"NCSA, University of Illinois, Champaign -> Merit Univ of Michigan, Ann Arbor & Merit Univ of Michigan, Ann Arbor -> NCSA, University of Illinois, Champaign",3,"NCSA, University of Illinois, Champaign","BARRnet, Palo Alto",1,4.5683813,"NCSA, University of Illinois, Champaign | Merit Univ of Michigan, Ann Arbor | BARRnet, Palo Alto","NCSA, University of Illinois, Champaign->Merit Univ of Michigan, Ann Arbor | Merit Univ of Michigan, Ann Arbor->BARRnet, Palo Alto",1
33,nsfnet,7,1.2,robust_current_demand_lp,critical_failure_fixed,"NCSA, University of Illinois, Champaign -> Merit Univ of Michigan, Ann Arbor & Merit Univ of Michigan, Ann Arbor -> NCSA, University of Illinois, Champaign",4,Pittsburgh Supercomputer Center,"MIDnet, Lincoln, NE",1,4.116607,"Pittsburgh Supercomputer Center | Merit Univ of Michigan, Ann Arbor | NCSA, University of Illinois, Champaign | MIDnet, Lincoln, NE","Pittsburgh Supercomputer Center->Merit Univ of Michigan, Ann Arbor | Merit Univ of Michigan, Ann Arbor->NCSA, University of Illinois, Champaign | NCSA, University of Illinois, Champaign->MIDnet, Lincoln, NE",1
33,nsfnet,7,1.2,robust_current_demand_lp,critical_failure_fixed,"NCSA, University of Illinois, Champaign -> Merit Univ of Michigan, Ann Arbor & Merit Univ of Michigan, Ann Arbor -> NCSA, University of Illinois, Champaign",5,"Merit Univ of Michigan, Ann Arbor","NCSA, University of Illinois, Champaign",1,4.0308244,"Merit Univ of Michigan, Ann Arbor | NCSA, University of Illinois, Champaign","Merit Univ of Michigan, Ann Arbor->NCSA, University of Illinois, Champaign",1
33,nsfnet,7,1.2,robust_current_demand_lp,random_failure_fixed,"MIDnet, Lincoln, NE -> NCSA, University of Illinois, Champaign & NCSA, University of Illinois, Champaign -> MIDnet, Lincoln, NE",1,"MIDnet, Lincoln, NE","BARRnet, Palo Alto",1,3.6436937,"MIDnet, Lincoln, NE | NCSA, University of Illinois, Champaign | Merit Univ of Michigan, Ann Arbor | BARRnet, Palo Alto","MIDnet, Lincoln, NE->NCSA, University of Illinois, Champaign | NCSA, University of Illinois, Champaign->Merit Univ of Michigan, Ann Arbor | Merit Univ of Michigan, Ann Arbor->BARRnet, Palo Alto",1
33,nsfnet,7,1.2,robust_current_demand_lp,random_failure_fixed,"MIDnet, Lincoln, NE -> NCSA, University of Illinois, Champaign & NCSA, University of Illinois, Champaign -> MIDnet, Lincoln, NE",1,"MIDnet, Lincoln, NE","BARRnet, Palo Alto",2,1.1004661999999996,"MIDnet, Lincoln, NE | NCSA, University of Illinois, Champaign | SEQSUINET, Rice University, Houston | San Diego Supercomputer Center | BARRnet, Palo Alto","MIDnet, Lincoln, NE->NCSA, University of Illinois, Champaign | NCSA, University of Illinois, Champaign->SEQSUINET, Rice University, Houston | SEQSUINET, Rice University, Houston->San Diego Supercomputer Center | San Diego Supercomputer Center->BARRnet, Palo Alto",1
33,nsfnet,7,1.2,robust_current_demand_lp,random_failure_fixed,"MIDnet, Lincoln, NE -> NCSA, University of Illinois, Champaign & NCSA, University of Illinois, Champaign -> MIDnet, Lincoln, NE",2,"MIDnet, Lincoln, NE","Cornell Theory Center, Ithaca NY",1,4.7385145,"MIDnet, Lincoln, NE | NCSA, University of Illinois, Champaign | Merit Univ of Michigan, Ann Arbor | Cornell Theory Center, Ithaca NY","MIDnet, Lincoln, NE->NCSA, University of Illinois, Champaign | NCSA, University of Illinois, Champaign->Merit Univ of Michigan, Ann Arbor | Merit Univ of Michigan, Ann Arbor->Cornell Theory Center, Ithaca NY",1
33,nsfnet,7,1.2,robust_current_demand_lp,random_failure_fixed,"MIDnet, Lincoln, NE -> NCSA, University of Illinois, Champaign & NCSA, University of Illinois, Champaign -> MIDnet, Lincoln, NE",3,"MIDnet, Lincoln, NE","NCAR, Boulder",1,4.5124173,"MIDnet, Lincoln, NE | NCSA, University of Illinois, Champaign | NCAR, Boulder","MIDnet, Lincoln, NE->NCSA, University of Illinois, Champaign | NCSA, University of Illinois, Champaign->NCAR, Boulder",1
33,nsfnet,7,1.2,robust_current_demand_lp,random_failure_fixed,"MIDnet, Lincoln, NE -> NCSA, University of Illinois, Champaign & NCSA, University of Illinois, Champaign -> MIDnet, Lincoln, NE",4,"MIDnet, Lincoln, NE","SEQSUINET, Rice University, Houston",1,4.3911767,"MIDnet, Lincoln, NE | NCSA, University of Illinois, Champaign | SEQSUINET, Rice University, Houston","MIDnet, Lincoln, NE->NCSA, University of Illinois, Champaign | NCSA, University of Illinois, Champaign->SEQSUINET, Rice University, Houston",1
33,nsfnet,7,1.2,robust_current_demand_lp,random_failure_fixed,"MIDnet, Lincoln, NE -> NCSA, University of Illinois, Champaign & NCSA, University of Illinois, Champaign -> MIDnet, Lincoln, NE",5,Pittsburgh Supercomputer Center,"MIDnet, Lincoln, NE",1,4.116607,"Pittsburgh Supercomputer Center | Merit Univ of Michigan, Ann Arbor | NCSA, University of Illinois, Champaign | MIDnet, Lincoln, NE","Pittsburgh Supercomputer Center->Merit Univ of Michigan, Ann Arbor | Merit Univ of Michigan, Ann Arbor->NCSA, University of Illinois, Champaign | NCSA, University of Illinois, Champaign->MIDnet, Lincoln, NE",1
33,nsfnet,7,1.2,moving_average,critical_failure_fixed,"NCSA, University of Illinois, Champaign -> Merit Univ of Michigan, Ann Arbor & Merit Univ of Michigan, Ann Arbor -> NCSA, University of Illinois, Champaign",1,"NCSA, University of Illinois, Champaign","Merit Univ of Michigan, Ann Arbor",1,7.1940556,"NCSA, University of Illinois, Champaign | Merit Univ of Michigan, Ann Arbor","NCSA, University of Illinois, Champaign->Merit Univ of Michigan, Ann Arbor",1
33,nsfnet,7,1.2,moving_average,critical_failure_fixed,"NCSA, University of Illinois, Champaign -> Merit Univ of Michigan, Ann Arbor & Merit Univ of Michigan, Ann Arbor -> NCSA, University of Illinois, Champaign",2,"MIDnet, Lincoln, NE","BARRnet, Palo Alto",1,7.104287,"MIDnet, Lincoln, NE | NCSA, University of Illinois, Champaign | Merit Univ of Michigan, Ann Arbor | BARRnet, Palo Alto","MIDnet, Lincoln, NE->NCSA, University of Illinois, Champaign | NCSA, University of Illinois, Champaign->Merit Univ of Michigan, Ann Arbor | Merit Univ of Michigan, Ann Arbor->BARRnet, Palo Alto",1
33,nsfnet,7,1.2,moving_average,critical_failure_fixed,"NCSA, University of Illinois, Champaign -> Merit Univ of Michigan, Ann Arbor & Merit Univ of Michigan, Ann Arbor -> NCSA, University of Illinois, Champaign",3,"NCSA, University of Illinois, Champaign","BARRnet, Palo Alto",1,7.0469302,"NCSA, University of Illinois, Champaign | Merit Univ of Michigan, Ann Arbor | BARRnet, Palo Alto","NCSA, University of Illinois, Champaign->Merit Univ of Michigan, Ann Arbor | Merit Univ of Michigan, Ann Arbor->BARRnet, Palo Alto",1
33,nsfnet,7,1.2,moving_average,critical_failure_fixed,"NCSA, University of Illinois, Champaign -> Merit Univ of Michigan, Ann Arbor & Merit Univ of Michigan, Ann Arbor -> NCSA, University of Illinois, Champaign",4,"MIDnet, Lincoln, NE","Cornell Theory Center, Ithaca NY",1,6.9996376,"MIDnet, Lincoln, NE | NCSA, University of Illinois, Champaign | Merit Univ of Michigan, Ann Arbor | Cornell Theory Center, Ithaca NY","MIDnet, Lincoln, NE->NCSA, University of Illinois, Champaign | NCSA, University of Illinois, Champaign->Merit Univ of Michigan, Ann Arbor | Merit Univ of Michigan, Ann Arbor->Cornell Theory Center, Ithaca NY",1
33,nsfnet,7,1.2,moving_average,critical_failure_fixed,"NCSA, University of Illinois, Champaign -> Merit Univ of Michigan, Ann Arbor & Merit Univ of Michigan, Ann Arbor -> NCSA, University of Illinois, Champaign",5,Pittsburgh Supercomputer Center,"MIDnet, Lincoln, NE",1,6.4323895,"Pittsburgh Supercomputer Center | Merit Univ of Michigan, Ann Arbor | NCSA, University of Illinois, Champaign | MIDnet, Lincoln, NE","Pittsburgh Supercomputer Center->Merit Univ of Michigan, Ann Arbor | Merit Univ of Michigan, Ann Arbor->NCSA, University of Illinois, Champaign | NCSA, University of Illinois, Champaign->MIDnet, Lincoln, NE",1
33,nsfnet,7,1.2,moving_average,random_failure_fixed,"MIDnet, Lincoln, NE -> NCSA, University of Illinois, Champaign & NCSA, University of Illinois, Champaign -> MIDnet, Lincoln, NE",1,"MIDnet, Lincoln, NE","BARRnet, Palo Alto",1,7.104287,"MIDnet, Lincoln, NE | NCSA, University of Illinois, Champaign | Merit Univ of Michigan, Ann Arbor | BARRnet, Palo Alto","MIDnet, Lincoln, NE->NCSA, University of Illinois, Champaign | NCSA, University of Illinois, Champaign->Merit Univ of Michigan, Ann Arbor | Merit Univ of Michigan, Ann Arbor->BARRnet, Palo Alto",1
33,nsfnet,7,1.2,moving_average,random_failure_fixed,"MIDnet, Lincoln, NE -> NCSA, University of Illinois, Champaign & NCSA, University of Illinois, Champaign -> MIDnet, Lincoln, NE",2,"MIDnet, Lincoln, NE","Cornell Theory Center, Ithaca NY",1,6.9996376,"MIDnet, Lincoln, NE | NCSA, University of Illinois, Champaign | Merit Univ of Michigan, Ann Arbor | Cornell Theory Center, Ithaca NY","MIDnet, Lincoln, NE->NCSA, University of Illinois, Champaign | NCSA, University of Illinois, Champaign->Merit Univ of Michigan, Ann Arbor | Merit Univ of Michigan, Ann Arbor->Cornell Theory Center, Ithaca NY",1
33,nsfnet,7,1.2,moving_average,random_failure_fixed,"MIDnet, Lincoln, NE -> NCSA, University of Illinois, Champaign & NCSA, University of Illinois, Champaign -> MIDnet, Lincoln, NE",3,"MIDnet, Lincoln, NE","SEQSUINET, Rice University, Houston",1,6.905731,"MIDnet, Lincoln, NE | NCSA, University of Illinois, Champaign | SEQSUINET, Rice University, Houston","MIDnet, Lincoln, NE->NCSA, University of Illinois, Champaign | NCSA, University of Illinois, Champaign->SEQSUINET, Rice University, Houston",1
33,nsfnet,7,1.2,moving_average,random_failure_fixed,"MIDnet, Lincoln, NE -> NCSA, University of Illinois, Champaign & NCSA, University of Illinois, Champaign -> MIDnet, Lincoln, NE",4,"MIDnet, Lincoln, NE","NCAR, Boulder",1,6.7173302,"MIDnet, Lincoln, NE | NCSA, University of Illinois, Champaign | NCAR, Boulder","MIDnet, Lincoln, NE->NCSA, University of Illinois, Champaign | NCSA, University of Illinois, Champaign->NCAR, Boulder",1
33,nsfnet,7,1.2,moving_average,random_failure_fixed,"MIDnet, Lincoln, NE -> NCSA, University of Illinois, Champaign & NCSA, University of Illinois, Champaign -> MIDnet, Lincoln, NE",5,Pittsburgh Supercomputer Center,"MIDnet, Lincoln, NE",1,6.4323895,"Pittsburgh Supercomputer Center | Merit Univ of Michigan, Ann Arbor | NCSA, University of Illinois, Champaign | MIDnet, Lincoln, NE","Pittsburgh Supercomputer Center->Merit Univ of Michigan, Ann Arbor | Merit Univ of Michigan, Ann Arbor->NCSA, University of Illinois, Champaign | NCSA, University of Illinois, Champaign->MIDnet, Lincoln, NE",1
33,nsfnet,7,1.2,linear_autoregressive,critical_failure_fixed,"NCSA, University of Illinois, Champaign -> Merit Univ of Michigan, Ann Arbor & Merit Univ of Michigan, Ann Arbor -> NCSA, University of Illinois, Champaign",1,"MIDnet, Lincoln, NE","Cornell Theory Center, Ithaca NY",1,4.5129846,"MIDnet, Lincoln, NE | NCSA, University of Illinois, Champaign | Merit Univ of Michigan, Ann Arbor | Cornell Theory Center, Ithaca NY","MIDnet, Lincoln, NE->NCSA, University of Illinois, Champaign | NCSA, University of Illinois, Champaign->Merit Univ of Michigan, Ann Arbor | Merit Univ of Michigan, Ann Arbor->Cornell Theory Center, Ithaca NY",1
33,nsfnet,7,1.2,linear_autoregressive,critical_failure_fixed,"NCSA, University of Illinois, Champaign -> Merit Univ of Michigan, Ann Arbor & Merit Univ of Michigan, Ann Arbor -> NCSA, University of Illinois, Champaign",2,"NCSA, University of Illinois, Champaign","BARRnet, Palo Alto",1,4.4151333,"NCSA, University of Illinois, Champaign | Merit Univ of Michigan, Ann Arbor | BARRnet, Palo Alto","NCSA, University of Illinois, Champaign->Merit Univ of Michigan, Ann Arbor | Merit Univ of Michigan, Ann Arbor->BARRnet, Palo Alto",1
33,nsfnet,7,1.2,linear_autoregressive,critical_failure_fixed,"NCSA, University of Illinois, Champaign -> Merit Univ of Michigan, Ann Arbor & Merit Univ of Michigan, Ann Arbor -> NCSA, University of Illinois, Champaign",3,"MIDnet, Lincoln, NE","BARRnet, Palo Alto",1,4.4114994,"MIDnet, Lincoln, NE | NCSA, University of Illinois, Champaign | Merit Univ of Michigan, Ann Arbor | BARRnet, Palo Alto","MIDnet, Lincoln, NE->NCSA, University of Illinois, Champaign | NCSA, University of Illinois, Champaign->Merit Univ of Michigan, Ann Arbor | Merit Univ of Michigan, Ann Arbor->BARRnet, Palo Alto",1
33,nsfnet,7,1.2,linear_autoregressive,critical_failure_fixed,"NCSA, University of Illinois, Champaign -> Merit Univ of Michigan, Ann Arbor & Merit Univ of Michigan, Ann Arbor -> NCSA, University of Illinois, Champaign",4,"NCSA, University of Illinois, Champaign","Merit Univ of Michigan, Ann Arbor",1,4.3663498,"NCSA, University of Illinois, Champaign | Merit Univ of Michigan, Ann Arbor","NCSA, University of Illinois, Champaign->Merit Univ of Michigan, Ann Arbor",1
33,nsfnet,7,1.2,linear_autoregressive,critical_failure_fixed,"NCSA, University of Illinois, Champaign -> Merit Univ of Michigan, Ann Arbor & Merit Univ of Michigan, Ann Arbor -> NCSA, University of Illinois, Champaign",5,Pittsburgh Supercomputer Center,"MIDnet, Lincoln, NE",1,4.2797981,"Pittsburgh Supercomputer Center | Merit Univ of Michigan, Ann Arbor | NCSA, University of Illinois, Champaign | MIDnet, Lincoln, NE","Pittsburgh Supercomputer Center->Merit Univ of Michigan, Ann Arbor | Merit Univ of Michigan, Ann Arbor->NCSA, University of Illinois, Champaign | NCSA, University of Illinois, Champaign->MIDnet, Lincoln, NE",1
33,nsfnet,7,1.2,linear_autoregressive,random_failure_fixed,"MIDnet, Lincoln, NE -> NCSA, University of Illinois, Champaign & NCSA, University of Illinois, Champaign -> MIDnet, Lincoln, NE",1,"MIDnet, Lincoln, NE","SEQSUINET, Rice University, Houston",1,4.5272637,"MIDnet, Lincoln, NE | NCSA, University of Illinois, Champaign | SEQSUINET, Rice University, Houston","MIDnet, Lincoln, NE->NCSA, University of Illinois, Champaign | NCSA, University of Illinois, Champaign->SEQSUINET, Rice University, Houston",1
33,nsfnet,7,1.2,linear_autoregressive,random_failure_fixed,"MIDnet, Lincoln, NE -> NCSA, University of Illinois, Champaign & NCSA, University of Illinois, Champaign -> MIDnet, Lincoln, NE",2,"MIDnet, Lincoln, NE","Cornell Theory Center, Ithaca NY",1,4.5129846,"MIDnet, Lincoln, NE | NCSA, University of Illinois, Champaign | Merit Univ of Michigan, Ann Arbor | Cornell Theory Center, Ithaca NY","MIDnet, Lincoln, NE->NCSA, University of Illinois, Champaign | NCSA, University of Illinois, Champaign->Merit Univ of Michigan, Ann Arbor | Merit Univ of Michigan, Ann Arbor->Cornell Theory Center, Ithaca NY",1
33,nsfnet,7,1.2,linear_autoregressive,random_failure_fixed,"MIDnet, Lincoln, NE -> NCSA, University of Illinois, Champaign & NCSA, University of Illinois, Champaign -> MIDnet, Lincoln, NE",3,"MIDnet, Lincoln, NE","BARRnet, Palo Alto",1,4.4114994,"MIDnet, Lincoln, NE | NCSA, University of Illinois, Champaign | Merit Univ of Michigan, Ann Arbor | BARRnet, Palo Alto","MIDnet, Lincoln, NE->NCSA, University of Illinois, Champaign | NCSA, University of Illinois, Champaign->Merit Univ of Michigan, Ann Arbor | Merit Univ of Michigan, Ann Arbor->BARRnet, Palo Alto",1
33,nsfnet,7,1.2,linear_autoregressive,random_failure_fixed,"MIDnet, Lincoln, NE -> NCSA, University of Illinois, Champaign & NCSA, University of Illinois, Champaign -> MIDnet, Lincoln, NE",4,"NorthWestNet, Seattle","MIDnet, Lincoln, NE",1,4.2910569,"NorthWestNet, Seattle | NCAR, Boulder | NCSA, University of Illinois, Champaign | MIDnet, Lincoln, NE","NorthWestNet, Seattle->NCAR, Boulder | NCAR, Boulder->NCSA, University of Illinois, Champaign | NCSA, University of Illinois, Champaign->MIDnet, Lincoln, NE",1
33,nsfnet,7,1.2,linear_autoregressive,random_failure_fixed,"MIDnet, Lincoln, NE -> NCSA, University of Illinois, Champaign & NCSA, University of Illinois, Champaign -> MIDnet, Lincoln, NE",5,"MIDnet, Lincoln, NE","NCAR, Boulder",1,4.2892191,"MIDnet, Lincoln, NE | NCSA, University of Illinois, Champaign | NCAR, Boulder","MIDnet, Lincoln, NE->NCSA, University of Illinois, Champaign | NCSA, University of Illinois, Champaign->NCAR, Boulder",1
33,nsfnet,7,1.2,lstm,critical_failure_fixed,"NCSA, University of Illinois, Champaign -> Merit Univ of Michigan, Ann Arbor & Merit Univ of Michigan, Ann Arbor -> NCSA, University of Illinois, Champaign",1,"MIDnet, Lincoln, NE","BARRnet, Palo Alto",1,5.9942584,"MIDnet, Lincoln, NE | NCSA, University of Illinois, Champaign | Merit Univ of Michigan, Ann Arbor | BARRnet, Palo Alto","MIDnet, Lincoln, NE->NCSA, University of Illinois, Champaign | NCSA, University of Illinois, Champaign->Merit Univ of Michigan, Ann Arbor | Merit Univ of Michigan, Ann Arbor->BARRnet, Palo Alto",1
33,nsfnet,7,1.2,lstm,critical_failure_fixed,"NCSA, University of Illinois, Champaign -> Merit Univ of Michigan, Ann Arbor & Merit Univ of Michigan, Ann Arbor -> NCSA, University of Illinois, Champaign",2,"NCSA, University of Illinois, Champaign","Merit Univ of Michigan, Ann Arbor",1,5.9017167,"NCSA, University of Illinois, Champaign | Merit Univ of Michigan, Ann Arbor","NCSA, University of Illinois, Champaign->Merit Univ of Michigan, Ann Arbor",1
33,nsfnet,7,1.2,lstm,critical_failure_fixed,"NCSA, University of Illinois, Champaign -> Merit Univ of Michigan, Ann Arbor & Merit Univ of Michigan, Ann Arbor -> NCSA, University of Illinois, Champaign",3,"MIDnet, Lincoln, NE","Cornell Theory Center, Ithaca NY",1,5.8566198,"MIDnet, Lincoln, NE | NCSA, University of Illinois, Champaign | Merit Univ of Michigan, Ann Arbor | Cornell Theory Center, Ithaca NY","MIDnet, Lincoln, NE->NCSA, University of Illinois, Champaign | NCSA, University of Illinois, Champaign->Merit Univ of Michigan, Ann Arbor | Merit Univ of Michigan, Ann Arbor->Cornell Theory Center, Ithaca NY",1
33,nsfnet,7,1.2,lstm,critical_failure_fixed,"NCSA, University of Illinois, Champaign -> Merit Univ of Michigan, Ann Arbor & Merit Univ of Michigan, Ann Arbor -> NCSA, University of Illinois, Champaign",4,"NCSA, University of Illinois, Champaign","BARRnet, Palo Alto",1,5.8198299,"NCSA, University of Illinois, Champaign | Merit Univ of Michigan, Ann Arbor | BARRnet, Palo Alto","NCSA, University of Illinois, Champaign->Merit Univ of Michigan, Ann Arbor | Merit Univ of Michigan, Ann Arbor->BARRnet, Palo Alto",1
33,nsfnet,7,1.2,lstm,critical_failure_fixed,"NCSA, University of Illinois, Champaign -> Merit Univ of Michigan, Ann Arbor & Merit Univ of Michigan, Ann Arbor -> NCSA, University of Illinois, Champaign",5,Pittsburgh Supercomputer Center,"MIDnet, Lincoln, NE",1,5.6369033,"Pittsburgh Supercomputer Center | Merit Univ of Michigan, Ann Arbor | NCSA, University of Illinois, Champaign | MIDnet, Lincoln, NE","Pittsburgh Supercomputer Center->Merit Univ of Michigan, Ann Arbor | Merit Univ of Michigan, Ann Arbor->NCSA, University of Illinois, Champaign | NCSA, University of Illinois, Champaign->MIDnet, Lincoln, NE",1
33,nsfnet,7,1.2,lstm,random_failure_fixed,"MIDnet, Lincoln, NE -> NCSA, University of Illinois, Champaign & NCSA, University of Illinois, Champaign -> MIDnet, Lincoln, NE",1,"MIDnet, Lincoln, NE","SEQSUINET, Rice University, Houston",1,6.0127764,"MIDnet, Lincoln, NE | NCSA, University of Illinois, Champaign | SEQSUINET, Rice University, Houston","MIDnet, Lincoln, NE->NCSA, University of Illinois, Champaign | NCSA, University of Illinois, Champaign->SEQSUINET, Rice University, Houston",1
33,nsfnet,7,1.2,lstm,random_failure_fixed,"MIDnet, Lincoln, NE -> NCSA, University of Illinois, Champaign & NCSA, University of Illinois, Champaign -> MIDnet, Lincoln, NE",2,"MIDnet, Lincoln, NE","BARRnet, Palo Alto",1,5.9942584,"MIDnet, Lincoln, NE | NCSA, University of Illinois, Champaign | Merit Univ of Michigan, Ann Arbor | BARRnet, Palo Alto","MIDnet, Lincoln, NE->NCSA, University of Illinois, Champaign | NCSA, University of Illinois, Champaign->Merit Univ of Michigan, Ann Arbor | Merit Univ of Michigan, Ann Arbor->BARRnet, Palo Alto",1
33,nsfnet,7,1.2,lstm,random_failure_fixed,"MIDnet, Lincoln, NE -> NCSA, University of Illinois, Champaign & NCSA, University of Illinois, Champaign -> MIDnet, Lincoln, NE",3,"MIDnet, Lincoln, NE","Cornell Theory Center, Ithaca NY",1,5.8566198,"MIDnet, Lincoln, NE | NCSA, University of Illinois, Champaign | Merit Univ of Michigan, Ann Arbor | Cornell Theory Center, Ithaca NY","MIDnet, Lincoln, NE->NCSA, University of Illinois, Champaign | NCSA, University of Illinois, Champaign->Merit Univ of Michigan, Ann Arbor | Merit Univ of Michigan, Ann Arbor->Cornell Theory Center, Ithaca NY",1
33,nsfnet,7,1.2,lstm,random_failure_fixed,"MIDnet, Lincoln, NE -> NCSA, University of Illinois, Champaign & NCSA, University of Illinois, Champaign -> MIDnet, Lincoln, NE",4,"MIDnet, Lincoln, NE","NCAR, Boulder",1,5.7112999,"MIDnet, Lincoln, NE | NCSA, University of Illinois, Champaign | NCAR, Boulder","MIDnet, Lincoln, NE->NCSA, University of Illinois, Champaign | NCSA, University of Illinois, Champaign->NCAR, Boulder",1
33,nsfnet,7,1.2,lstm,random_failure_fixed,"MIDnet, Lincoln, NE -> NCSA, University of Illinois, Champaign & NCSA, University of Illinois, Champaign -> MIDnet, Lincoln, NE",5,Pittsburgh Supercomputer Center,"MIDnet, Lincoln, NE",1,5.6369033,"Pittsburgh Supercomputer Center | Merit Univ of Michigan, Ann Arbor | NCSA, University of Illinois, Champaign | MIDnet, Lincoln, NE","Pittsburgh Supercomputer Center->Merit Univ of Michigan, Ann Arbor | Merit Univ of Michigan, Ann Arbor->NCSA, University of Illinois, Champaign | NCSA, University of Illinois, Champaign->MIDnet, Lincoln, NE",1
33,nsfnet,7,1.2,uncertainty_aware_lstm_robust_lp,critical_failure_fixed,"NCSA, University of Illinois, Champaign -> Merit Univ of Michigan, Ann Arbor & Merit Univ of Michigan, Ann Arbor -> NCSA, University of Illinois, Champaign",1,"NCSA, University of Illinois, Champaign","Merit Univ of Michigan, Ann Arbor",1,6.1837616,"NCSA, University of Illinois, Champaign | Merit Univ of Michigan, Ann Arbor","NCSA, University of Illinois, Champaign->Merit Univ of Michigan, Ann Arbor",1
33,nsfnet,7,1.2,uncertainty_aware_lstm_robust_lp,critical_failure_fixed,"NCSA, University of Illinois, Champaign -> Merit Univ of Michigan, Ann Arbor & Merit Univ of Michigan, Ann Arbor -> NCSA, University of Illinois, Champaign",2,"MIDnet, Lincoln, NE","Cornell Theory Center, Ithaca NY",1,6.142241,"MIDnet, Lincoln, NE | NCSA, University of Illinois, Champaign | Merit Univ of Michigan, Ann Arbor | Cornell Theory Center, Ithaca NY","MIDnet, Lincoln, NE->NCSA, University of Illinois, Champaign | NCSA, University of Illinois, Champaign->Merit Univ of Michigan, Ann Arbor | Merit Univ of Michigan, Ann Arbor->Cornell Theory Center, Ithaca NY",1
33,nsfnet,7,1.2,uncertainty_aware_lstm_robust_lp,critical_failure_fixed,"NCSA, University of Illinois, Champaign -> Merit Univ of Michigan, Ann Arbor & Merit Univ of Michigan, Ann Arbor -> NCSA, University of Illinois, Champaign",3,"NCSA, University of Illinois, Champaign","BARRnet, Palo Alto",1,6.089541,"NCSA, University of Illinois, Champaign | Merit Univ of Michigan, Ann Arbor | BARRnet, Palo Alto","NCSA, University of Illinois, Champaign->Merit Univ of Michigan, Ann Arbor | Merit Univ of Michigan, Ann Arbor->BARRnet, Palo Alto",1
33,nsfnet,7,1.2,uncertainty_aware_lstm_robust_lp,critical_failure_fixed,"NCSA, University of Illinois, Champaign -> Merit Univ of Michigan, Ann Arbor & Merit Univ of Michigan, Ann Arbor -> NCSA, University of Illinois, Champaign",4,Pittsburgh Supercomputer Center,"MIDnet, Lincoln, NE",1,5.8909855,"Pittsburgh Supercomputer Center | Merit Univ of Michigan, Ann Arbor | NCSA, University of Illinois, Champaign | MIDnet, Lincoln, NE","Pittsburgh Supercomputer Center->Merit Univ of Michigan, Ann Arbor | Merit Univ of Michigan, Ann Arbor->NCSA, University of Illinois, Champaign | NCSA, University of Illinois, Champaign->MIDnet, Lincoln, NE",1
33,nsfnet,7,1.2,uncertainty_aware_lstm_robust_lp,critical_failure_fixed,"NCSA, University of Illinois, Champaign -> Merit Univ of Michigan, Ann Arbor & Merit Univ of Michigan, Ann Arbor -> NCSA, University of Illinois, Champaign",5,"Westnet, Salt Lake City","Merit Univ of Michigan, Ann Arbor",1,5.7571735,"Westnet, Salt Lake City | NCAR, Boulder | NCSA, University of Illinois, Champaign | Merit Univ of Michigan, Ann Arbor","Westnet, Salt Lake City->NCAR, Boulder | NCAR, Boulder->NCSA, University of Illinois, Champaign | NCSA, University of Illinois, Champaign->Merit Univ of Michigan, Ann Arbor",1
33,nsfnet,7,1.2,uncertainty_aware_lstm_robust_lp,random_failure_fixed,"MIDnet, Lincoln, NE -> NCSA, University of Illinois, Champaign & NCSA, University of Illinois, Champaign -> MIDnet, Lincoln, NE",1,"MIDnet, Lincoln, NE","SEQSUINET, Rice University, Houston",1,6.2676716,"MIDnet, Lincoln, NE | NCSA, University of Illinois, Champaign | SEQSUINET, Rice University, Houston","MIDnet, Lincoln, NE->NCSA, University of Illinois, Champaign | NCSA, University of Illinois, Champaign->SEQSUINET, Rice University, Houston",1
33,nsfnet,7,1.2,uncertainty_aware_lstm_robust_lp,random_failure_fixed,"MIDnet, Lincoln, NE -> NCSA, University of Illinois, Champaign & NCSA, University of Illinois, Champaign -> MIDnet, Lincoln, NE",2,"MIDnet, Lincoln, NE","BARRnet, Palo Alto",1,5.6982584,"MIDnet, Lincoln, NE | NCSA, University of Illinois, Champaign | Merit Univ of Michigan, Ann Arbor | BARRnet, Palo Alto","MIDnet, Lincoln, NE->NCSA, University of Illinois, Champaign | NCSA, University of Illinois, Champaign->Merit Univ of Michigan, Ann Arbor | Merit Univ of Michigan, Ann Arbor->BARRnet, Palo Alto",1
33,nsfnet,7,1.2,uncertainty_aware_lstm_robust_lp,random_failure_fixed,"MIDnet, Lincoln, NE -> NCSA, University of Illinois, Champaign & NCSA, University of Illinois, Champaign -> MIDnet, Lincoln, NE",2,"MIDnet, Lincoln, NE","BARRnet, Palo Alto",2,0.5349087999999993,"MIDnet, Lincoln, NE | NCSA, University of Illinois, Champaign | SEQSUINET, Rice University, Houston | San Diego Supercomputer Center | BARRnet, Palo Alto","MIDnet, Lincoln, NE->NCSA, University of Illinois, Champaign | NCSA, University of Illinois, Champaign->SEQSUINET, Rice University, Houston | SEQSUINET, Rice University, Houston->San Diego Supercomputer Center | San Diego Supercomputer Center->BARRnet, Palo Alto",1
33,nsfnet,7,1.2,uncertainty_aware_lstm_robust_lp,random_failure_fixed,"MIDnet, Lincoln, NE -> NCSA, University of Illinois, Champaign & NCSA, University of Illinois, Champaign -> MIDnet, Lincoln, NE",3,"MIDnet, Lincoln, NE","Cornell Theory Center, Ithaca NY",1,6.142241,"MIDnet, Lincoln, NE | NCSA, University of Illinois, Champaign | Merit Univ of Michigan, Ann Arbor | Cornell Theory Center, Ithaca NY","MIDnet, Lincoln, NE->NCSA, University of Illinois, Champaign | NCSA, University of Illinois, Champaign->Merit Univ of Michigan, Ann Arbor | Merit Univ of Michigan, Ann Arbor->Cornell Theory Center, Ithaca NY",1
33,nsfnet,7,1.2,uncertainty_aware_lstm_robust_lp,random_failure_fixed,"MIDnet, Lincoln, NE -> NCSA, University of Illinois, Champaign & NCSA, University of Illinois, Champaign -> MIDnet, Lincoln, NE",4,"MIDnet, Lincoln, NE","NCAR, Boulder",1,5.9914579,"MIDnet, Lincoln, NE | NCSA, University of Illinois, Champaign | NCAR, Boulder","MIDnet, Lincoln, NE->NCSA, University of Illinois, Champaign | NCSA, University of Illinois, Champaign->NCAR, Boulder",1
33,nsfnet,7,1.2,uncertainty_aware_lstm_robust_lp,random_failure_fixed,"MIDnet, Lincoln, NE -> NCSA, University of Illinois, Champaign & NCSA, University of Illinois, Champaign -> MIDnet, Lincoln, NE",5,Pittsburgh Supercomputer Center,"MIDnet, Lincoln, NE",1,5.8909855,"Pittsburgh Supercomputer Center | Merit Univ of Michigan, Ann Arbor | NCSA, University of Illinois, Champaign | MIDnet, Lincoln, NE","Pittsburgh Supercomputer Center->Merit Univ of Michigan, Ann Arbor | Merit Univ of Michigan, Ann Arbor->NCSA, University of Illinois, Champaign | NCSA, University of Illinois, Champaign->MIDnet, Lincoln, NE",1
33,nsfnet,7,1.2,transformer,critical_failure_fixed,"NCSA, University of Illinois, Champaign -> Merit Univ of Michigan, Ann Arbor & Merit Univ of Michigan, Ann Arbor -> NCSA, University of Illinois, Champaign",1,"MIDnet, Lincoln, NE","BARRnet, Palo Alto",1,5.0320454,"MIDnet, Lincoln, NE | NCSA, University of Illinois, Champaign | Merit Univ of Michigan, Ann Arbor | BARRnet, Palo Alto","MIDnet, Lincoln, NE->NCSA, University of Illinois, Champaign | NCSA, University of Illinois, Champaign->Merit Univ of Michigan, Ann Arbor | Merit Univ of Michigan, Ann Arbor->BARRnet, Palo Alto",1
33,nsfnet,7,1.2,transformer,critical_failure_fixed,"NCSA, University of Illinois, Champaign -> Merit Univ of Michigan, Ann Arbor & Merit Univ of Michigan, Ann Arbor -> NCSA, University of Illinois, Champaign",2,"MIDnet, Lincoln, NE","Cornell Theory Center, Ithaca NY",1,4.7923126,"MIDnet, Lincoln, NE | NCSA, University of Illinois, Champaign | Merit Univ of Michigan, Ann Arbor | Cornell Theory Center, Ithaca NY","MIDnet, Lincoln, NE->NCSA, University of Illinois, Champaign | NCSA, University of Illinois, Champaign->Merit Univ of Michigan, Ann Arbor | Merit Univ of Michigan, Ann Arbor->Cornell Theory Center, Ithaca NY",1
33,nsfnet,7,1.2,transformer,critical_failure_fixed,"NCSA, University of Illinois, Champaign -> Merit Univ of Michigan, Ann Arbor & Merit Univ of Michigan, Ann Arbor -> NCSA, University of Illinois, Champaign",3,"NCSA, University of Illinois, Champaign","Merit Univ of Michigan, Ann Arbor",1,4.6406627,"NCSA, University of Illinois, Champaign | Merit Univ of Michigan, Ann Arbor","NCSA, University of Illinois, Champaign->Merit Univ of Michigan, Ann Arbor",1
33,nsfnet,7,1.2,transformer,critical_failure_fixed,"NCSA, University of Illinois, Champaign -> Merit Univ of Michigan, Ann Arbor & Merit Univ of Michigan, Ann Arbor -> NCSA, University of Illinois, Champaign",4,"Westnet, Salt Lake City","Merit Univ of Michigan, Ann Arbor",1,4.5984354,"Westnet, Salt Lake City | NCAR, Boulder | NCSA, University of Illinois, Champaign | Merit Univ of Michigan, Ann Arbor","Westnet, Salt Lake City->NCAR, Boulder | NCAR, Boulder->NCSA, University of Illinois, Champaign | NCSA, University of Illinois, Champaign->Merit Univ of Michigan, Ann Arbor",1
33,nsfnet,7,1.2,transformer,critical_failure_fixed,"NCSA, University of Illinois, Champaign -> Merit Univ of Michigan, Ann Arbor & Merit Univ of Michigan, Ann Arbor -> NCSA, University of Illinois, Champaign",5,"NCSA, University of Illinois, Champaign","BARRnet, Palo Alto",1,4.5514393,"NCSA, University of Illinois, Champaign | Merit Univ of Michigan, Ann Arbor | BARRnet, Palo Alto","NCSA, University of Illinois, Champaign->Merit Univ of Michigan, Ann Arbor | Merit Univ of Michigan, Ann Arbor->BARRnet, Palo Alto",1
33,nsfnet,7,1.2,transformer,random_failure_fixed,"MIDnet, Lincoln, NE -> NCSA, University of Illinois, Champaign & NCSA, University of Illinois, Champaign -> MIDnet, Lincoln, NE",1,"MIDnet, Lincoln, NE","BARRnet, Palo Alto",1,5.0320454,"MIDnet, Lincoln, NE | NCSA, University of Illinois, Champaign | Merit Univ of Michigan, Ann Arbor | BARRnet, Palo Alto","MIDnet, Lincoln, NE->NCSA, University of Illinois, Champaign | NCSA, University of Illinois, Champaign->Merit Univ of Michigan, Ann Arbor | Merit Univ of Michigan, Ann Arbor->BARRnet, Palo Alto",1
33,nsfnet,7,1.2,transformer,random_failure_fixed,"MIDnet, Lincoln, NE -> NCSA, University of Illinois, Champaign & NCSA, University of Illinois, Champaign -> MIDnet, Lincoln, NE",2,"MIDnet, Lincoln, NE","SEQSUINET, Rice University, Houston",1,4.9603415,"MIDnet, Lincoln, NE | NCSA, University of Illinois, Champaign | SEQSUINET, Rice University, Houston","MIDnet, Lincoln, NE->NCSA, University of Illinois, Champaign | NCSA, University of Illinois, Champaign->SEQSUINET, Rice University, Houston",1
33,nsfnet,7,1.2,transformer,random_failure_fixed,"MIDnet, Lincoln, NE -> NCSA, University of Illinois, Champaign & NCSA, University of Illinois, Champaign -> MIDnet, Lincoln, NE",3,"MIDnet, Lincoln, NE","Cornell Theory Center, Ithaca NY",1,4.7923126,"MIDnet, Lincoln, NE | NCSA, University of Illinois, Champaign | Merit Univ of Michigan, Ann Arbor | Cornell Theory Center, Ithaca NY","MIDnet, Lincoln, NE->NCSA, University of Illinois, Champaign | NCSA, University of Illinois, Champaign->Merit Univ of Michigan, Ann Arbor | Merit Univ of Michigan, Ann Arbor->Cornell Theory Center, Ithaca NY",1
33,nsfnet,7,1.2,transformer,random_failure_fixed,"MIDnet, Lincoln, NE -> NCSA, University of Illinois, Champaign & NCSA, University of Illinois, Champaign -> MIDnet, Lincoln, NE",4,"MIDnet, Lincoln, NE","NCAR, Boulder",1,4.6946821,"MIDnet, Lincoln, NE | NCSA, University of Illinois, Champaign | NCAR, Boulder","MIDnet, Lincoln, NE->NCSA, University of Illinois, Champaign | NCSA, University of Illinois, Champaign->NCAR, Boulder",1
33,nsfnet,7,1.2,transformer,random_failure_fixed,"MIDnet, Lincoln, NE -> NCSA, University of Illinois, Champaign & NCSA, University of Illinois, Champaign -> MIDnet, Lincoln, NE",5,"NorthWestNet, Seattle","MIDnet, Lincoln, NE",1,4.5504889,"NorthWestNet, Seattle | NCAR, Boulder | NCSA, University of Illinois, Champaign | MIDnet, Lincoln, NE","NorthWestNet, Seattle->NCAR, Boulder | NCAR, Boulder->NCSA, University of Illinois, Champaign | NCSA, University of Illinois, Champaign->MIDnet, Lincoln, NE",1
34,nsfnet,7,1.2,current_demand_lp,critical_failure_fixed,"NCSA, University of Illinois, Champaign -> Merit Univ of Michigan, Ann Arbor & Merit Univ of Michigan, Ann Arbor -> NCSA, University of Illinois, Champaign",1,"MIDnet, Lincoln, NE","BARRnet, Palo Alto",1,4.7588976,"MIDnet, Lincoln, NE | NCSA, University of Illinois, Champaign | Merit Univ of Michigan, Ann Arbor | BARRnet, Palo Alto","MIDnet, Lincoln, NE->NCSA, University of Illinois, Champaign | NCSA, University of Illinois, Champaign->Merit Univ of Michigan, Ann Arbor | Merit Univ of Michigan, Ann Arbor->BARRnet, Palo Alto",1
34,nsfnet,7,1.2,current_demand_lp,critical_failure_fixed,"NCSA, University of Illinois, Champaign -> Merit Univ of Michigan, Ann Arbor & Merit Univ of Michigan, Ann Arbor -> NCSA, University of Illinois, Champaign",2,"NCSA, University of Illinois, Champaign","Merit Univ of Michigan, Ann Arbor",1,4.5861864,"NCSA, University of Illinois, Champaign | Merit Univ of Michigan, Ann Arbor","NCSA, University of Illinois, Champaign->Merit Univ of Michigan, Ann Arbor",1
34,nsfnet,7,1.2,current_demand_lp,critical_failure_fixed,"NCSA, University of Illinois, Champaign -> Merit Univ of Michigan, Ann Arbor & Merit Univ of Michigan, Ann Arbor -> NCSA, University of Illinois, Champaign",3,"NCSA, University of Illinois, Champaign","BARRnet, Palo Alto",1,4.2312719,"NCSA, University of Illinois, Champaign | Merit Univ of Michigan, Ann Arbor | BARRnet, Palo Alto","NCSA, University of Illinois, Champaign->Merit Univ of Michigan, Ann Arbor | Merit Univ of Michigan, Ann Arbor->BARRnet, Palo Alto",1
34,nsfnet,7,1.2,current_demand_lp,critical_failure_fixed,"NCSA, University of Illinois, Champaign -> Merit Univ of Michigan, Ann Arbor & Merit Univ of Michigan, Ann Arbor -> NCSA, University of Illinois, Champaign",4,"Westnet, Salt Lake City","Merit Univ of Michigan, Ann Arbor",1,4.2149861,"Westnet, Salt Lake City | NCAR, Boulder | NCSA, University of Illinois, Champaign | Merit Univ of Michigan, Ann Arbor","Westnet, Salt Lake City->NCAR, Boulder | NCAR, Boulder->NCSA, University of Illinois, Champaign | NCSA, University of Illinois, Champaign->Merit Univ of Michigan, Ann Arbor",1
34,nsfnet,7,1.2,current_demand_lp,critical_failure_fixed,"NCSA, University of Illinois, Champaign -> Merit Univ of Michigan, Ann Arbor & Merit Univ of Michigan, Ann Arbor -> NCSA, University of Illinois, Champaign",5,"SURANET, Georgia Tech, Atlanta","Merit Univ of Michigan, Ann Arbor",1,4.188831,"SURANET, Georgia Tech, Atlanta | SEQSUINET, Rice University, Houston | NCSA, University of Illinois, Champaign | Merit Univ of Michigan, Ann Arbor","SURANET, Georgia Tech, Atlanta->SEQSUINET, Rice University, Houston | SEQSUINET, Rice University, Houston->NCSA, University of Illinois, Champaign | NCSA, University of Illinois, Champaign->Merit Univ of Michigan, Ann Arbor",1
34,nsfnet,7,1.2,current_demand_lp,random_failure_fixed,"SEQSUINET, Rice University, Houston -> SURANET, Georgia Tech, Atlanta & SURANET, Georgia Tech, Atlanta -> SEQSUINET, Rice University, Houston",1,"NCSA, University of Illinois, Champaign","SURANET, Georgia Tech, Atlanta",1,4.2955359,"NCSA, University of Illinois, Champaign | SEQSUINET, Rice University, Houston | SURANET, Georgia Tech, Atlanta","NCSA, University of Illinois, Champaign->SEQSUINET, Rice University, Houston | SEQSUINET, Rice University, Houston->SURANET, Georgia Tech, Atlanta",1
34,nsfnet,7,1.2,current_demand_lp,random_failure_fixed,"SEQSUINET, Rice University, Houston -> SURANET, Georgia Tech, Atlanta & SURANET, Georgia Tech, Atlanta -> SEQSUINET, Rice University, Houston",2,"NCAR, Boulder","SURANET, Georgia Tech, Atlanta",1,4.2936748,"NCAR, Boulder | NCSA, University of Illinois, Champaign | SEQSUINET, Rice University, Houston | SURANET, Georgia Tech, Atlanta","NCAR, Boulder->NCSA, University of Illinois, Champaign | NCSA, University of Illinois, Champaign->SEQSUINET, Rice University, Houston | SEQSUINET, Rice University, Houston->SURANET, Georgia Tech, Atlanta",1
34,nsfnet,7,1.2,current_demand_lp,random_failure_fixed,"SEQSUINET, Rice University, Houston -> SURANET, Georgia Tech, Atlanta & SURANET, Georgia Tech, Atlanta -> SEQSUINET, Rice University, Houston",3,"SEQSUINET, Rice University, Houston","Jon Von Neumann Center, Princeton, NJ",1,4.1951032,"SEQSUINET, Rice University, Houston | SURANET, Georgia Tech, Atlanta | Jon Von Neumann Center, Princeton, NJ","SEQSUINET, Rice University, Houston->SURANET, Georgia Tech, Atlanta | SURANET, Georgia Tech, Atlanta->Jon Von Neumann Center, Princeton, NJ",1
34,nsfnet,7,1.2,current_demand_lp,random_failure_fixed,"SEQSUINET, Rice University, Houston -> SURANET, Georgia Tech, Atlanta & SURANET, Georgia Tech, Atlanta -> SEQSUINET, Rice University, Houston",4,"SURANET, Georgia Tech, Atlanta","Merit Univ of Michigan, Ann Arbor",1,4.188831,"SURANET, Georgia Tech, Atlanta | SEQSUINET, Rice University, Houston | NCSA, University of Illinois, Champaign | Merit Univ of Michigan, Ann Arbor","SURANET, Georgia Tech, Atlanta->SEQSUINET, Rice University, Houston | SEQSUINET, Rice University, Houston->NCSA, University of Illinois, Champaign | NCSA, University of Illinois, Champaign->Merit Univ of Michigan, Ann Arbor",1
34,nsfnet,7,1.2,current_demand_lp,random_failure_fixed,"SEQSUINET, Rice University, Houston -> SURANET, Georgia Tech, Atlanta & SURANET, Georgia Tech, Atlanta -> SEQSUINET, Rice University, Houston",5,"MIDnet, Lincoln, NE","Jon Von Neumann Center, Princeton, NJ",1,3.8014799,"MIDnet, Lincoln, NE | NCSA, University of Illinois, Champaign | SEQSUINET, Rice University, Houston | SURANET, Georgia Tech, Atlanta | Jon Von Neumann Center, Princeton, NJ","MIDnet, Lincoln, NE->NCSA, University of Illinois, Champaign | NCSA, University of Illinois, Champaign->SEQSUINET, Rice University, Houston | SEQSUINET, Rice University, Houston->SURANET, Georgia Tech, Atlanta | SURANET, Georgia Tech, Atlanta->Jon Von Neumann Center, Princeton, NJ",1
34,nsfnet,7,1.2,robust_current_demand_lp,critical_failure_fixed,"NCSA, University of Illinois, Champaign -> Merit Univ of Michigan, Ann Arbor & Merit Univ of Michigan, Ann Arbor -> NCSA, University of Illinois, Champaign",1,"MIDnet, Lincoln, NE","BARRnet, Palo Alto",1,4.7557582,"MIDnet, Lincoln, NE | NCSA, University of Illinois, Champaign | Merit Univ of Michigan, Ann Arbor | BARRnet, Palo Alto","MIDnet, Lincoln, NE->NCSA, University of Illinois, Champaign | NCSA, University of Illinois, Champaign->Merit Univ of Michigan, Ann Arbor | Merit Univ of Michigan, Ann Arbor->BARRnet, Palo Alto",1
34,nsfnet,7,1.2,robust_current_demand_lp,critical_failure_fixed,"NCSA, University of Illinois, Champaign -> Merit Univ of Michigan, Ann Arbor & Merit Univ of Michigan, Ann Arbor -> NCSA, University of Illinois, Champaign",1,"MIDnet, Lincoln, NE","BARRnet, Palo Alto",2,0.0031393751,"MIDnet, Lincoln, NE | NCSA, University of Illinois, Champaign | SEQSUINET, Rice University, Houston | San Diego Supercomputer Center | BARRnet, Palo Alto","MIDnet, Lincoln, NE->NCSA, University of Illinois, Champaign | NCSA, University of Illinois, Champaign->SEQSUINET, Rice University, Houston | SEQSUINET, Rice University, Houston->San Diego Supercomputer Center | San Diego Supercomputer Center->BARRnet, Palo Alto",0
34,nsfnet,7,1.2,robust_current_demand_lp,critical_failure_fixed,"NCSA, University of Illinois, Champaign -> Merit Univ of Michigan, Ann Arbor & Merit Univ of Michigan, Ann Arbor -> NCSA, University of Illinois, Champaign",2,"NCSA, University of Illinois, Champaign","Merit Univ of Michigan, Ann Arbor",1,4.5861864,"NCSA, University of Illinois, Champaign | Merit Univ of Michigan, Ann Arbor","NCSA, University of Illinois, Champaign->Merit Univ of Michigan, Ann Arbor",1
34,nsfnet,7,1.2,robust_current_demand_lp,critical_failure_fixed,"NCSA, University of Illinois, Champaign -> Merit Univ of Michigan, Ann Arbor & Merit Univ of Michigan, Ann Arbor -> NCSA, University of Illinois, Champaign",3,"NCSA, University of Illinois, Champaign","BARRnet, Palo Alto",1,4.2312719,"NCSA, University of Illinois, Champaign | Merit Univ of Michigan, Ann Arbor | BARRnet, Palo Alto","NCSA, University of Illinois, Champaign->Merit Univ of Michigan, Ann Arbor | Merit Univ of Michigan, Ann Arbor->BARRnet, Palo Alto",1
34,nsfnet,7,1.2,robust_current_demand_lp,critical_failure_fixed,"NCSA, University of Illinois, Champaign -> Merit Univ of Michigan, Ann Arbor & Merit Univ of Michigan, Ann Arbor -> NCSA, University of Illinois, Champaign",4,"Westnet, Salt Lake City","Merit Univ of Michigan, Ann Arbor",1,4.2149861,"Westnet, Salt Lake City | NCAR, Boulder | NCSA, University of Illinois, Champaign | Merit Univ of Michigan, Ann Arbor","Westnet, Salt Lake City->NCAR, Boulder | NCAR, Boulder->NCSA, University of Illinois, Champaign | NCSA, University of Illinois, Champaign->Merit Univ of Michigan, Ann Arbor",1
34,nsfnet,7,1.2,robust_current_demand_lp,critical_failure_fixed,"NCSA, University of Illinois, Champaign -> Merit Univ of Michigan, Ann Arbor & Merit Univ of Michigan, Ann Arbor -> NCSA, University of Illinois, Champaign",5,"MIDnet, Lincoln, NE","Cornell Theory Center, Ithaca NY",1,4.0545435,"MIDnet, Lincoln, NE | NCSA, University of Illinois, Champaign | Merit Univ of Michigan, Ann Arbor | Cornell Theory Center, Ithaca NY","MIDnet, Lincoln, NE->NCSA, University of Illinois, Champaign | NCSA, University of Illinois, Champaign->Merit Univ of Michigan, Ann Arbor | Merit Univ of Michigan, Ann Arbor->Cornell Theory Center, Ithaca NY",1
34,nsfnet,7,1.2,robust_current_demand_lp,random_failure_fixed,"SEQSUINET, Rice University, Houston -> SURANET, Georgia Tech, Atlanta & SURANET, Georgia Tech, Atlanta -> SEQSUINET, Rice University, Houston",1,"NCSA, University of Illinois, Champaign","SURANET, Georgia Tech, Atlanta",1,4.2955359,"NCSA, University of Illinois, Champaign | SEQSUINET, Rice University, Houston | SURANET, Georgia Tech, Atlanta","NCSA, University of Illinois, Champaign->SEQSUINET, Rice University, Houston | SEQSUINET, Rice University, Houston->SURANET, Georgia Tech, Atlanta",1
34,nsfnet,7,1.2,robust_current_demand_lp,random_failure_fixed,"SEQSUINET, Rice University, Houston -> SURANET, Georgia Tech, Atlanta & SURANET, Georgia Tech, Atlanta -> SEQSUINET, Rice University, Houston",2,"NCAR, Boulder","SURANET, Georgia Tech, Atlanta",1,4.2936748,"NCAR, Boulder | NCSA, University of Illinois, Champaign | SEQSUINET, Rice University, Houston | SURANET, Georgia Tech, Atlanta","NCAR, Boulder->NCSA, University of Illinois, Champaign | NCSA, University of Illinois, Champaign->SEQSUINET, Rice University, Houston | SEQSUINET, Rice University, Houston->SURANET, Georgia Tech, Atlanta",1
34,nsfnet,7,1.2,robust_current_demand_lp,random_failure_fixed,"SEQSUINET, Rice University, Houston -> SURANET, Georgia Tech, Atlanta & SURANET, Georgia Tech, Atlanta -> SEQSUINET, Rice University, Houston",3,"SEQSUINET, Rice University, Houston","Jon Von Neumann Center, Princeton, NJ",1,4.1951032,"SEQSUINET, Rice University, Houston | SURANET, Georgia Tech, Atlanta | Jon Von Neumann Center, Princeton, NJ","SEQSUINET, Rice University, Houston->SURANET, Georgia Tech, Atlanta | SURANET, Georgia Tech, Atlanta->Jon Von Neumann Center, Princeton, NJ",1
34,nsfnet,7,1.2,robust_current_demand_lp,random_failure_fixed,"SEQSUINET, Rice University, Houston -> SURANET, Georgia Tech, Atlanta & SURANET, Georgia Tech, Atlanta -> SEQSUINET, Rice University, Houston",4,"Jon Von Neumann Center, Princeton, NJ","NCAR, Boulder",1,3.8472642,"Jon Von Neumann Center, Princeton, NJ | SURANET, Georgia Tech, Atlanta | SEQSUINET, Rice University, Houston | San Diego Supercomputer Center | BARRnet, Palo Alto | NorthWestNet, Seattle | NCAR, Boulder","Jon Von Neumann Center, Princeton, NJ->SURANET, Georgia Tech, Atlanta | SURANET, Georgia Tech, Atlanta->SEQSUINET, Rice University, Houston | SEQSUINET, Rice University, Houston->San Diego Supercomputer Center | San Diego Supercomputer Center->BARRnet, Palo Alto | BARRnet, Palo Alto->NorthWestNet, Seattle | NorthWestNet, Seattle->NCAR, Boulder",1
34,nsfnet,7,1.2,robust_current_demand_lp,random_failure_fixed,"SEQSUINET, Rice University, Houston -> SURANET, Georgia Tech, Atlanta & SURANET, Georgia Tech, Atlanta -> SEQSUINET, Rice University, Houston",5,"MIDnet, Lincoln, NE","Jon Von Neumann Center, Princeton, NJ",1,3.8014799,"MIDnet, Lincoln, NE | NCSA, University of Illinois, Champaign | SEQSUINET, Rice University, Houston | SURANET, Georgia Tech, Atlanta | Jon Von Neumann Center, Princeton, NJ","MIDnet, Lincoln, NE->NCSA, University of Illinois, Champaign | NCSA, University of Illinois, Champaign->SEQSUINET, Rice University, Houston | SEQSUINET, Rice University, Houston->SURANET, Georgia Tech, Atlanta | SURANET, Georgia Tech, Atlanta->Jon Von Neumann Center, Princeton, NJ",1
34,nsfnet,7,1.2,moving_average,critical_failure_fixed,"NCSA, University of Illinois, Champaign -> Merit Univ of Michigan, Ann Arbor & Merit Univ of Michigan, Ann Arbor -> NCSA, University of Illinois, Champaign",1,"NCSA, University of Illinois, Champaign","Merit Univ of Michigan, Ann Arbor",1,6.6122961,"NCSA, University of Illinois, Champaign | Merit Univ of Michigan, Ann Arbor","NCSA, University of Illinois, Champaign->Merit Univ of Michigan, Ann Arbor",1
34,nsfnet,7,1.2,moving_average,critical_failure_fixed,"NCSA, University of Illinois, Champaign -> Merit Univ of Michigan, Ann Arbor & Merit Univ of Michigan, Ann Arbor -> NCSA, University of Illinois, Champaign",2,"MIDnet, Lincoln, NE","BARRnet, Palo Alto",1,6.5694072,"MIDnet, Lincoln, NE | NCSA, University of Illinois, Champaign | Merit Univ of Michigan, Ann Arbor | BARRnet, Palo Alto","MIDnet, Lincoln, NE->NCSA, University of Illinois, Champaign | NCSA, University of Illinois, Champaign->Merit Univ of Michigan, Ann Arbor | Merit Univ of Michigan, Ann Arbor->BARRnet, Palo Alto",1
34,nsfnet,7,1.2,moving_average,critical_failure_fixed,"NCSA, University of Illinois, Champaign -> Merit Univ of Michigan, Ann Arbor & Merit Univ of Michigan, Ann Arbor -> NCSA, University of Illinois, Champaign",3,"NCSA, University of Illinois, Champaign","BARRnet, Palo Alto",1,6.4625021,"NCSA, University of Illinois, Champaign | Merit Univ of Michigan, Ann Arbor | BARRnet, Palo Alto","NCSA, University of Illinois, Champaign->Merit Univ of Michigan, Ann Arbor | Merit Univ of Michigan, Ann Arbor->BARRnet, Palo Alto",1
34,nsfnet,7,1.2,moving_average,critical_failure_fixed,"NCSA, University of Illinois, Champaign -> Merit Univ of Michigan, Ann Arbor & Merit Univ of Michigan, Ann Arbor -> NCSA, University of Illinois, Champaign",4,"MIDnet, Lincoln, NE","Cornell Theory Center, Ithaca NY",1,6.371427,"MIDnet, Lincoln, NE | NCSA, University of Illinois, Champaign | Merit Univ of Michigan, Ann Arbor | Cornell Theory Center, Ithaca NY","MIDnet, Lincoln, NE->NCSA, University of Illinois, Champaign | NCSA, University of Illinois, Champaign->Merit Univ of Michigan, Ann Arbor | Merit Univ of Michigan, Ann Arbor->Cornell Theory Center, Ithaca NY",1
34,nsfnet,7,1.2,moving_average,critical_failure_fixed,"NCSA, University of Illinois, Champaign -> Merit Univ of Michigan, Ann Arbor & Merit Univ of Michigan, Ann Arbor -> NCSA, University of Illinois, Champaign",5,Pittsburgh Supercomputer Center,"MIDnet, Lincoln, NE",1,5.8526568,"Pittsburgh Supercomputer Center | Merit Univ of Michigan, Ann Arbor | NCSA, University of Illinois, Champaign | MIDnet, Lincoln, NE","Pittsburgh Supercomputer Center->Merit Univ of Michigan, Ann Arbor | Merit Univ of Michigan, Ann Arbor->NCSA, University of Illinois, Champaign | NCSA, University of Illinois, Champaign->MIDnet, Lincoln, NE",1
34,nsfnet,7,1.2,moving_average,random_failure_fixed,"SEQSUINET, Rice University, Houston -> SURANET, Georgia Tech, Atlanta & SURANET, Georgia Tech, Atlanta -> SEQSUINET, Rice University, Houston",1,"NCSA, University of Illinois, Champaign","SURANET, Georgia Tech, Atlanta",1,6.1786205,"NCSA, University of Illinois, Champaign | SEQSUINET, Rice University, Houston | SURANET, Georgia Tech, Atlanta","NCSA, University of Illinois, Champaign->SEQSUINET, Rice University, Houston | SEQSUINET, Rice University, Houston->SURANET, Georgia Tech, Atlanta",1
34,nsfnet,7,1.2,moving_average,random_failure_fixed,"SEQSUINET, Rice University, Houston -> SURANET, Georgia Tech, Atlanta & SURANET, Georgia Tech, Atlanta -> SEQSUINET, Rice University, Houston",2,"SEQSUINET, Rice University, Houston","Jon Von Neumann Center, Princeton, NJ",1,6.1761719,"SEQSUINET, Rice University, Houston | SURANET, Georgia Tech, Atlanta | Jon Von Neumann Center, Princeton, NJ","SEQSUINET, Rice University, Houston->SURANET, Georgia Tech, Atlanta | SURANET, Georgia Tech, Atlanta->Jon Von Neumann Center, Princeton, NJ",1
34,nsfnet,7,1.2,moving_average,random_failure_fixed,"SEQSUINET, Rice University, Houston -> SURANET, Georgia Tech, Atlanta & SURANET, Georgia Tech, Atlanta -> SEQSUINET, Rice University, Houston",3,"NCAR, Boulder","SURANET, Georgia Tech, Atlanta",1,5.9350455,"NCAR, Boulder | NCSA, University of Illinois, Champaign | SEQSUINET, Rice University, Houston | SURANET, Georgia Tech, Atlanta","NCAR, Boulder->NCSA, University of Illinois, Champaign | NCSA, University of Illinois, Champaign->SEQSUINET, Rice University, Houston | SEQSUINET, Rice University, Houston->SURANET, Georgia Tech, Atlanta",1
34,nsfnet,7,1.2,moving_average,random_failure_fixed,"SEQSUINET, Rice University, Houston -> SURANET, Georgia Tech, Atlanta & SURANET, Georgia Tech, Atlanta -> SEQSUINET, Rice University, Houston",4,"SURANET, Georgia Tech, Atlanta","Merit Univ of Michigan, Ann Arbor",1,5.8516797,"SURANET, Georgia Tech, Atlanta | SEQSUINET, Rice University, Houston | NCSA, University of Illinois, Champaign | Merit Univ of Michigan, Ann Arbor","SURANET, Georgia Tech, Atlanta->SEQSUINET, Rice University, Houston | SEQSUINET, Rice University, Houston->NCSA, University of Illinois, Champaign | NCSA, University of Illinois, Champaign->Merit Univ of Michigan, Ann Arbor",1
34,nsfnet,7,1.2,moving_average,random_failure_fixed,"SEQSUINET, Rice University, Houston -> SURANET, Georgia Tech, Atlanta & SURANET, Georgia Tech, Atlanta -> SEQSUINET, Rice University, Houston",5,"SEQSUINET, Rice University, Houston","SURANET, Georgia Tech, Atlanta",1,5.57302,"SEQSUINET, Rice University, Houston | SURANET, Georgia Tech, Atlanta","SEQSUINET, Rice University, Houston->SURANET, Georgia Tech, Atlanta",1
34,nsfnet,7,1.2,linear_autoregressive,critical_failure_fixed,"NCSA, University of Illinois, Champaign -> Merit Univ of Michigan, Ann Arbor & Merit Univ of Michigan, Ann Arbor -> NCSA, University of Illinois, Champaign",1,"MIDnet, Lincoln, NE","BARRnet, Palo Alto",1,4.3742941,"MIDnet, Lincoln, NE | NCSA, University of Illinois, Champaign | Merit Univ of Michigan, Ann Arbor | BARRnet, Palo Alto","MIDnet, Lincoln, NE->NCSA, University of Illinois, Champaign | NCSA, University of Illinois, Champaign->Merit Univ of Michigan, Ann Arbor | Merit Univ of Michigan, Ann Arbor->BARRnet, Palo Alto",1
34,nsfnet,7,1.2,linear_autoregressive,critical_failure_fixed,"NCSA, University of Illinois, Champaign -> Merit Univ of Michigan, Ann Arbor & Merit Univ of Michigan, Ann Arbor -> NCSA, University of Illinois, Champaign",2,"NCSA, University of Illinois, Champaign","BARRnet, Palo Alto",1,4.2012006,"NCSA, University of Illinois, Champaign | Merit Univ of Michigan, Ann Arbor | BARRnet, Palo Alto","NCSA, University of Illinois, Champaign->Merit Univ of Michigan, Ann Arbor | Merit Univ of Michigan, Ann Arbor->BARRnet, Palo Alto",1
34,nsfnet,7,1.2,linear_autoregressive,critical_failure_fixed,"NCSA, University of Illinois, Champaign -> Merit Univ of Michigan, Ann Arbor & Merit Univ of Michigan, Ann Arbor -> NCSA, University of Illinois, Champaign",3,Pittsburgh Supercomputer Center,"MIDnet, Lincoln, NE",1,4.1750816,"Pittsburgh Supercomputer Center | Merit Univ of Michigan, Ann Arbor | NCSA, University of Illinois, Champaign | MIDnet, Lincoln, NE","Pittsburgh Supercomputer Center->Merit Univ of Michigan, Ann Arbor | Merit Univ of Michigan, Ann Arbor->NCSA, University of Illinois, Champaign | NCSA, University of Illinois, Champaign->MIDnet, Lincoln, NE",1
34,nsfnet,7,1.2,linear_autoregressive,critical_failure_fixed,"NCSA, University of Illinois, Champaign -> Merit Univ of Michigan, Ann Arbor & Merit Univ of Michigan, Ann Arbor -> NCSA, University of Illinois, Champaign",4,"NCSA, University of Illinois, Champaign","Merit Univ of Michigan, Ann Arbor",1,4.1610484,"NCSA, University of Illinois, Champaign | Merit Univ of Michigan, Ann Arbor","NCSA, University of Illinois, Champaign->Merit Univ of Michigan, Ann Arbor",1
34,nsfnet,7,1.2,linear_autoregressive,critical_failure_fixed,"NCSA, University of Illinois, Champaign -> Merit Univ of Michigan, Ann Arbor & Merit Univ of Michigan, Ann Arbor -> NCSA, University of Illinois, Champaign",5,"MIDnet, Lincoln, NE","Cornell Theory Center, Ithaca NY",1,4.0877742,"MIDnet, Lincoln, NE | NCSA, University of Illinois, Champaign | Merit Univ of Michigan, Ann Arbor | Cornell Theory Center, Ithaca NY","MIDnet, Lincoln, NE->NCSA, University of Illinois, Champaign | NCSA, University of Illinois, Champaign->Merit Univ of Michigan, Ann Arbor | Merit Univ of Michigan, Ann Arbor->Cornell Theory Center, Ithaca NY",1
34,nsfnet,7,1.2,linear_autoregressive,random_failure_fixed,"SEQSUINET, Rice University, Houston -> SURANET, Georgia Tech, Atlanta & SURANET, Georgia Tech, Atlanta -> SEQSUINET, Rice University, Houston",1,"NCSA, University of Illinois, Champaign","SURANET, Georgia Tech, Atlanta",1,4.2315052,"NCSA, University of Illinois, Champaign | SEQSUINET, Rice University, Houston | SURANET, Georgia Tech, Atlanta","NCSA, University of Illinois, Champaign->SEQSUINET, Rice University, Houston | SEQSUINET, Rice University, Houston->SURANET, Georgia Tech, Atlanta",1
34,nsfnet,7,1.2,linear_autoregressive,random_failure_fixed,"SEQSUINET, Rice University, Houston -> SURANET, Georgia Tech, Atlanta & SURANET, Georgia Tech, Atlanta -> SEQSUINET, Rice University, Houston",2,"SEQSUINET, Rice University, Houston","Jon Von Neumann Center, Princeton, NJ",1,4.0675765,"SEQSUINET, Rice University, Houston | SURANET, Georgia Tech, Atlanta | Jon Von Neumann Center, Princeton, NJ","SEQSUINET, Rice University, Houston->SURANET, Georgia Tech, Atlanta | SURANET, Georgia Tech, Atlanta->Jon Von Neumann Center, Princeton, NJ",1
34,nsfnet,7,1.2,linear_autoregressive,random_failure_fixed,"SEQSUINET, Rice University, Houston -> SURANET, Georgia Tech, Atlanta & SURANET, Georgia Tech, Atlanta -> SEQSUINET, Rice University, Houston",3,"NCAR, Boulder","SURANET, Georgia Tech, Atlanta",1,3.9150084,"NCAR, Boulder | NCSA, University of Illinois, Champaign | SEQSUINET, Rice University, Houston | SURANET, Georgia Tech, Atlanta","NCAR, Boulder->NCSA, University of Illinois, Champaign | NCSA, University of Illinois, Champaign->SEQSUINET, Rice University, Houston | SEQSUINET, Rice University, Houston->SURANET, Georgia Tech, Atlanta",1
34,nsfnet,7,1.2,linear_autoregressive,random_failure_fixed,"SEQSUINET, Rice University, Houston -> SURANET, Georgia Tech, Atlanta & SURANET, Georgia Tech, Atlanta -> SEQSUINET, Rice University, Houston",4,"SURANET, Georgia Tech, Atlanta","Merit Univ of Michigan, Ann Arbor",1,3.8911473,"SURANET, Georgia Tech, Atlanta | SEQSUINET, Rice University, Houston | NCSA, University of Illinois, Champaign | Merit Univ of Michigan, Ann Arbor","SURANET, Georgia Tech, Atlanta->SEQSUINET, Rice University, Houston | SEQSUINET, Rice University, Houston->NCSA, University of Illinois, Champaign | NCSA, University of Illinois, Champaign->Merit Univ of Michigan, Ann Arbor",1
34,nsfnet,7,1.2,linear_autoregressive,random_failure_fixed,"SEQSUINET, Rice University, Houston -> SURANET, Georgia Tech, Atlanta & SURANET, Georgia Tech, Atlanta -> SEQSUINET, Rice University, Houston",5,"SEQSUINET, Rice University, Houston","SURANET, Georgia Tech, Atlanta",1,3.6657716,"SEQSUINET, Rice University, Houston | SURANET, Georgia Tech, Atlanta","SEQSUINET, Rice University, Houston->SURANET, Georgia Tech, Atlanta",1
34,nsfnet,7,1.2,lstm,critical_failure_fixed,"NCSA, University of Illinois, Champaign -> Merit Univ of Michigan, Ann Arbor & Merit Univ of Michigan, Ann Arbor -> NCSA, University of Illinois, Champaign",1,"MIDnet, Lincoln, NE","BARRnet, Palo Alto",1,5.9942584,"MIDnet, Lincoln, NE | NCSA, University of Illinois, Champaign | Merit Univ of Michigan, Ann Arbor | BARRnet, Palo Alto","MIDnet, Lincoln, NE->NCSA, University of Illinois, Champaign | NCSA, University of Illinois, Champaign->Merit Univ of Michigan, Ann Arbor | Merit Univ of Michigan, Ann Arbor->BARRnet, Palo Alto",1
34,nsfnet,7,1.2,lstm,critical_failure_fixed,"NCSA, University of Illinois, Champaign -> Merit Univ of Michigan, Ann Arbor & Merit Univ of Michigan, Ann Arbor -> NCSA, University of Illinois, Champaign",2,"NCSA, University of Illinois, Champaign","Merit Univ of Michigan, Ann Arbor",1,5.9017167,"NCSA, University of Illinois, Champaign | Merit Univ of Michigan, Ann Arbor","NCSA, University of Illinois, Champaign->Merit Univ of Michigan, Ann Arbor",1
34,nsfnet,7,1.2,lstm,critical_failure_fixed,"NCSA, University of Illinois, Champaign -> Merit Univ of Michigan, Ann Arbor & Merit Univ of Michigan, Ann Arbor -> NCSA, University of Illinois, Champaign",3,"MIDnet, Lincoln, NE","Cornell Theory Center, Ithaca NY",1,5.8566198,"MIDnet, Lincoln, NE | NCSA, University of Illinois, Champaign | Merit Univ of Michigan, Ann Arbor | Cornell Theory Center, Ithaca NY","MIDnet, Lincoln, NE->NCSA, University of Illinois, Champaign | NCSA, University of Illinois, Champaign->Merit Univ of Michigan, Ann Arbor | Merit Univ of Michigan, Ann Arbor->Cornell Theory Center, Ithaca NY",1
34,nsfnet,7,1.2,lstm,critical_failure_fixed,"NCSA, University of Illinois, Champaign -> Merit Univ of Michigan, Ann Arbor & Merit Univ of Michigan, Ann Arbor -> NCSA, University of Illinois, Champaign",4,"NCSA, University of Illinois, Champaign","BARRnet, Palo Alto",1,5.8198299,"NCSA, University of Illinois, Champaign | Merit Univ of Michigan, Ann Arbor | BARRnet, Palo Alto","NCSA, University of Illinois, Champaign->Merit Univ of Michigan, Ann Arbor | Merit Univ of Michigan, Ann Arbor->BARRnet, Palo Alto",1
34,nsfnet,7,1.2,lstm,critical_failure_fixed,"NCSA, University of Illinois, Champaign -> Merit Univ of Michigan, Ann Arbor & Merit Univ of Michigan, Ann Arbor -> NCSA, University of Illinois, Champaign",5,Pittsburgh Supercomputer Center,"MIDnet, Lincoln, NE",1,5.6369033,"Pittsburgh Supercomputer Center | Merit Univ of Michigan, Ann Arbor | NCSA, University of Illinois, Champaign | MIDnet, Lincoln, NE","Pittsburgh Supercomputer Center->Merit Univ of Michigan, Ann Arbor | Merit Univ of Michigan, Ann Arbor->NCSA, University of Illinois, Champaign | NCSA, University of Illinois, Champaign->MIDnet, Lincoln, NE",1
34,nsfnet,7,1.2,lstm,random_failure_fixed,"SEQSUINET, Rice University, Houston -> SURANET, Georgia Tech, Atlanta & SURANET, Georgia Tech, Atlanta -> SEQSUINET, Rice University, Houston",1,"NCSA, University of Illinois, Champaign","SURANET, Georgia Tech, Atlanta",1,5.769763,"NCSA, University of Illinois, Champaign | SEQSUINET, Rice University, Houston | SURANET, Georgia Tech, Atlanta","NCSA, University of Illinois, Champaign->SEQSUINET, Rice University, Houston | SEQSUINET, Rice University, Houston->SURANET, Georgia Tech, Atlanta",1
34,nsfnet,7,1.2,lstm,random_failure_fixed,"SEQSUINET, Rice University, Houston -> SURANET, Georgia Tech, Atlanta & SURANET, Georgia Tech, Atlanta -> SEQSUINET, Rice University, Houston",2,"SEQSUINET, Rice University, Houston","Jon Von Neumann Center, Princeton, NJ",1,5.6662488,"SEQSUINET, Rice University, Houston | SURANET, Georgia Tech, Atlanta | Jon Von Neumann Center, Princeton, NJ","SEQSUINET, Rice University, Houston->SURANET, Georgia Tech, Atlanta | SURANET, Georgia Tech, Atlanta->Jon Von Neumann Center, Princeton, NJ",1
34,nsfnet,7,1.2,lstm,random_failure_fixed,"SEQSUINET, Rice University, Houston -> SURANET, Georgia Tech, Atlanta & SURANET, Georgia Tech, Atlanta -> SEQSUINET, Rice University, Houston",3,"SURANET, Georgia Tech, Atlanta","Merit Univ of Michigan, Ann Arbor",1,5.5222492,"SURANET, Georgia Tech, Atlanta | SEQSUINET, Rice University, Houston | NCSA, University of Illinois, Champaign | Merit Univ of Michigan, Ann Arbor","SURANET, Georgia Tech, Atlanta->SEQSUINET, Rice University, Houston | SEQSUINET, Rice University, Houston->NCSA, University of Illinois, Champaign | NCSA, University of Illinois, Champaign->Merit Univ of Michigan, Ann Arbor",1
34,nsfnet,7,1.2,lstm,random_failure_fixed,"SEQSUINET, Rice University, Houston -> SURANET, Georgia Tech, Atlanta & SURANET, Georgia Tech, Atlanta -> SEQSUINET, Rice University, Houston",4,"NCAR, Boulder","SURANET, Georgia Tech, Atlanta",1,5.4058099,"NCAR, Boulder | NCSA, University of Illinois, Champaign | SEQSUINET, Rice University, Houston | SURANET, Georgia Tech, Atlanta","NCAR, Boulder->NCSA, University of Illinois, Champaign | NCSA, University of Illinois, Champaign->SEQSUINET, Rice University, Houston | SEQSUINET, Rice University, Houston->SURANET, Georgia Tech, Atlanta",1
34,nsfnet,7,1.2,lstm,random_failure_fixed,"SEQSUINET, Rice University, Houston -> SURANET, Georgia Tech, Atlanta & SURANET, Georgia Tech, Atlanta -> SEQSUINET, Rice University, Houston",5,"SEQSUINET, Rice University, Houston","SURANET, Georgia Tech, Atlanta",1,5.2621913,"SEQSUINET, Rice University, Houston | SURANET, Georgia Tech, Atlanta","SEQSUINET, Rice University, Houston->SURANET, Georgia Tech, Atlanta",1
34,nsfnet,7,1.2,uncertainty_aware_lstm_robust_lp,critical_failure_fixed,"NCSA, University of Illinois, Champaign -> Merit Univ of Michigan, Ann Arbor & Merit Univ of Michigan, Ann Arbor -> NCSA, University of Illinois, Champaign",1,"NCSA, University of Illinois, Champaign","Merit Univ of Michigan, Ann Arbor",1,6.1837616,"NCSA, University of Illinois, Champaign | Merit Univ of Michigan, Ann Arbor","NCSA, University of Illinois, Champaign->Merit Univ of Michigan, Ann Arbor",1
34,nsfnet,7,1.2,uncertainty_aware_lstm_robust_lp,critical_failure_fixed,"NCSA, University of Illinois, Champaign -> Merit Univ of Michigan, Ann Arbor & Merit Univ of Michigan, Ann Arbor -> NCSA, University of Illinois, Champaign",2,"MIDnet, Lincoln, NE","Cornell Theory Center, Ithaca NY",1,6.142241,"MIDnet, Lincoln, NE | NCSA, University of Illinois, Champaign | Merit Univ of Michigan, Ann Arbor | Cornell Theory Center, Ithaca NY","MIDnet, Lincoln, NE->NCSA, University of Illinois, Champaign | NCSA, University of Illinois, Champaign->Merit Univ of Michigan, Ann Arbor | Merit Univ of Michigan, Ann Arbor->Cornell Theory Center, Ithaca NY",1
34,nsfnet,7,1.2,uncertainty_aware_lstm_robust_lp,critical_failure_fixed,"NCSA, University of Illinois, Champaign -> Merit Univ of Michigan, Ann Arbor & Merit Univ of Michigan, Ann Arbor -> NCSA, University of Illinois, Champaign",3,"NCSA, University of Illinois, Champaign","BARRnet, Palo Alto",1,6.089541,"NCSA, University of Illinois, Champaign | Merit Univ of Michigan, Ann Arbor | BARRnet, Palo Alto","NCSA, University of Illinois, Champaign->Merit Univ of Michigan, Ann Arbor | Merit Univ of Michigan, Ann Arbor->BARRnet, Palo Alto",1
34,nsfnet,7,1.2,uncertainty_aware_lstm_robust_lp,critical_failure_fixed,"NCSA, University of Illinois, Champaign -> Merit Univ of Michigan, Ann Arbor & Merit Univ of Michigan, Ann Arbor -> NCSA, University of Illinois, Champaign",4,Pittsburgh Supercomputer Center,"MIDnet, Lincoln, NE",1,5.8909855,"Pittsburgh Supercomputer Center | Merit Univ of Michigan, Ann Arbor | NCSA, University of Illinois, Champaign | MIDnet, Lincoln, NE","Pittsburgh Supercomputer Center->Merit Univ of Michigan, Ann Arbor | Merit Univ of Michigan, Ann Arbor->NCSA, University of Illinois, Champaign | NCSA, University of Illinois, Champaign->MIDnet, Lincoln, NE",1
34,nsfnet,7,1.2,uncertainty_aware_lstm_robust_lp,critical_failure_fixed,"NCSA, University of Illinois, Champaign -> Merit Univ of Michigan, Ann Arbor & Merit Univ of Michigan, Ann Arbor -> NCSA, University of Illinois, Champaign",5,"Westnet, Salt Lake City","Merit Univ of Michigan, Ann Arbor",1,5.7571735,"Westnet, Salt Lake City | NCAR, Boulder | NCSA, University of Illinois, Champaign | Merit Univ of Michigan, Ann Arbor","Westnet, Salt Lake City->NCAR, Boulder | NCAR, Boulder->NCSA, University of Illinois, Champaign | NCSA, University of Illinois, Champaign->Merit Univ of Michigan, Ann Arbor",1
34,nsfnet,7,1.2,uncertainty_aware_lstm_robust_lp,random_failure_fixed,"SEQSUINET, Rice University, Houston -> SURANET, Georgia Tech, Atlanta & SURANET, Georgia Tech, Atlanta -> SEQSUINET, Rice University, Houston",1,"NCSA, University of Illinois, Champaign","SURANET, Georgia Tech, Atlanta",1,6.0184751,"NCSA, University of Illinois, Champaign | SEQSUINET, Rice University, Houston | SURANET, Georgia Tech, Atlanta","NCSA, University of Illinois, Champaign->SEQSUINET, Rice University, Houston | SEQSUINET, Rice University, Houston->SURANET, Georgia Tech, Atlanta",1
34,nsfnet,7,1.2,uncertainty_aware_lstm_robust_lp,random_failure_fixed,"SEQSUINET, Rice University, Houston -> SURANET, Georgia Tech, Atlanta & SURANET, Georgia Tech, Atlanta -> SEQSUINET, Rice University, Houston",2,"SEQSUINET, Rice University, Houston","Jon Von Neumann Center, Princeton, NJ",1,5.9009705,"SEQSUINET, Rice University, Houston | SURANET, Georgia Tech, Atlanta | Jon Von Neumann Center, Princeton, NJ","SEQSUINET, Rice University, Houston->SURANET, Georgia Tech, Atlanta | SURANET, Georgia Tech, Atlanta->Jon Von Neumann Center, Princeton, NJ",1
34,nsfnet,7,1.2,uncertainty_aware_lstm_robust_lp,random_failure_fixed,"SEQSUINET, Rice University, Houston -> SURANET, Georgia Tech, Atlanta & SURANET, Georgia Tech, Atlanta -> SEQSUINET, Rice University, Houston",3,"NCAR, Boulder","SURANET, Georgia Tech, Atlanta",1,5.6343398,"NCAR, Boulder | NCSA, University of Illinois, Champaign | SEQSUINET, Rice University, Houston | SURANET, Georgia Tech, Atlanta","NCAR, Boulder->NCSA, University of Illinois, Champaign | NCSA, University of Illinois, Champaign->SEQSUINET, Rice University, Houston | SEQSUINET, Rice University, Houston->SURANET, Georgia Tech, Atlanta",1
34,nsfnet,7,1.2,uncertainty_aware_lstm_robust_lp,random_failure_fixed,"SEQSUINET, Rice University, Houston -> SURANET, Georgia Tech, Atlanta & SURANET, Georgia Tech, Atlanta -> SEQSUINET, Rice University, Houston",4,"SEQSUINET, Rice University, Houston","SURANET, Georgia Tech, Atlanta",1,5.503634,"SEQSUINET, Rice University, Houston | SURANET, Georgia Tech, Atlanta","SEQSUINET, Rice University, Houston->SURANET, Georgia Tech, Atlanta",1
34,nsfnet,7,1.2,uncertainty_aware_lstm_robust_lp,random_failure_fixed,"SEQSUINET, Rice University, Houston -> SURANET, Georgia Tech, Atlanta & SURANET, Georgia Tech, Atlanta -> SEQSUINET, Rice University, Houston",5,"SURANET, Georgia Tech, Atlanta","Westnet, Salt Lake City",1,5.1453729,"SURANET, Georgia Tech, Atlanta | SEQSUINET, Rice University, Houston | NCSA, University of Illinois, Champaign | NCAR, Boulder | Westnet, Salt Lake City","SURANET, Georgia Tech, Atlanta->SEQSUINET, Rice University, Houston | SEQSUINET, Rice University, Houston->NCSA, University of Illinois, Champaign | NCSA, University of Illinois, Champaign->NCAR, Boulder | NCAR, Boulder->Westnet, Salt Lake City",1
34,nsfnet,7,1.2,transformer,critical_failure_fixed,"NCSA, University of Illinois, Champaign -> Merit Univ of Michigan, Ann Arbor & Merit Univ of Michigan, Ann Arbor -> NCSA, University of Illinois, Champaign",1,"MIDnet, Lincoln, NE","BARRnet, Palo Alto",1,5.1768508,"MIDnet, Lincoln, NE | NCSA, University of Illinois, Champaign | Merit Univ of Michigan, Ann Arbor | BARRnet, Palo Alto","MIDnet, Lincoln, NE->NCSA, University of Illinois, Champaign | NCSA, University of Illinois, Champaign->Merit Univ of Michigan, Ann Arbor | Merit Univ of Michigan, Ann Arbor->BARRnet, Palo Alto",1
34,nsfnet,7,1.2,transformer,critical_failure_fixed,"NCSA, University of Illinois, Champaign -> Merit Univ of Michigan, Ann Arbor & Merit Univ of Michigan, Ann Arbor -> NCSA, University of Illinois, Champaign",2,"MIDnet, Lincoln, NE","Cornell Theory Center, Ithaca NY",1,4.9523449,"MIDnet, Lincoln, NE | NCSA, University of Illinois, Champaign | Merit Univ of Michigan, Ann Arbor | Cornell Theory Center, Ithaca NY","MIDnet, Lincoln, NE->NCSA, University of Illinois, Champaign | NCSA, University of Illinois, Champaign->Merit Univ of Michigan, Ann Arbor | Merit Univ of Michigan, Ann Arbor->Cornell Theory Center, Ithaca NY",1
34,nsfnet,7,1.2,transformer,critical_failure_fixed,"NCSA, University of Illinois, Champaign -> Merit Univ of Michigan, Ann Arbor & Merit Univ of Michigan, Ann Arbor -> NCSA, University of Illinois, Champaign",3,"NCSA, University of Illinois, Champaign","Merit Univ of Michigan, Ann Arbor",1,4.8239107,"NCSA, University of Illinois, Champaign | Merit Univ of Michigan, Ann Arbor","NCSA, University of Illinois, Champaign->Merit Univ of Michigan, Ann Arbor",1
34,nsfnet,7,1.2,transformer,critical_failure_fixed,"NCSA, University of Illinois, Champaign -> Merit Univ of Michigan, Ann Arbor & Merit Univ of Michigan, Ann Arbor -> NCSA, University of Illinois, Champaign",4,"Westnet, Salt Lake City","Merit Univ of Michigan, Ann Arbor",1,4.7452621,"Westnet, Salt Lake City | NCAR, Boulder | NCSA, University of Illinois, Champaign | Merit Univ of Michigan, Ann Arbor","Westnet, Salt Lake City->NCAR, Boulder | NCAR, Boulder->NCSA, University of Illinois, Champaign | NCSA, University of Illinois, Champaign->Merit Univ of Michigan, Ann Arbor",1
34,nsfnet,7,1.2,transformer,critical_failure_fixed,"NCSA, University of Illinois, Champaign -> Merit Univ of Michigan, Ann Arbor & Merit Univ of Michigan, Ann Arbor -> NCSA, University of Illinois, Champaign",5,Pittsburgh Supercomputer Center,"MIDnet, Lincoln, NE",1,4.718421,"Pittsburgh Supercomputer Center | Merit Univ of Michigan, Ann Arbor | NCSA, University of Illinois, Champaign | MIDnet, Lincoln, NE","Pittsburgh Supercomputer Center->Merit Univ of Michigan, Ann Arbor | Merit Univ of Michigan, Ann Arbor->NCSA, University of Illinois, Champaign | NCSA, University of Illinois, Champaign->MIDnet, Lincoln, NE",1
34,nsfnet,7,1.2,transformer,random_failure_fixed,"SEQSUINET, Rice University, Houston -> SURANET, Georgia Tech, Atlanta & SURANET, Georgia Tech, Atlanta -> SEQSUINET, Rice University, Houston",1,"NCSA, University of Illinois, Champaign","SURANET, Georgia Tech, Atlanta",1,4.8998537,"NCSA, University of Illinois, Champaign | SEQSUINET, Rice University, Houston | SURANET, Georgia Tech, Atlanta","NCSA, University of Illinois, Champaign->SEQSUINET, Rice University, Houston | SEQSUINET, Rice University, Houston->SURANET, Georgia Tech, Atlanta",1
34,nsfnet,7,1.2,transformer,random_failure_fixed,"SEQSUINET, Rice University, Houston -> SURANET, Georgia Tech, Atlanta & SURANET, Georgia Tech, Atlanta -> SEQSUINET, Rice University, Houston",2,"SEQSUINET, Rice University, Houston","Jon Von Neumann Center, Princeton, NJ",1,4.7897315,"SEQSUINET, Rice University, Houston | SURANET, Georgia Tech, Atlanta | Jon Von Neumann Center, Princeton, NJ","SEQSUINET, Rice University, Houston->SURANET, Georgia Tech, Atlanta | SURANET, Georgia Tech, Atlanta->Jon Von Neumann Center, Princeton, NJ",1
34,nsfnet,7,1.2,transformer,random_failure_fixed,"SEQSUINET, Rice University, Houston -> SURANET, Georgia Tech, Atlanta & SURANET, Georgia Tech, Atlanta -> SEQSUINET, Rice University, Houston",3,"SURANET, Georgia Tech, Atlanta","Merit Univ of Michigan, Ann Arbor",1,4.666944,"SURANET, Georgia Tech, Atlanta | SEQSUINET, Rice University, Houston | NCSA, University of Illinois, Champaign | Merit Univ of Michigan, Ann Arbor","SURANET, Georgia Tech, Atlanta->SEQSUINET, Rice University, Houston | SEQSUINET, Rice University, Houston->NCSA, University of Illinois, Champaign | NCSA, University of Illinois, Champaign->Merit Univ of Michigan, Ann Arbor",1
34,nsfnet,7,1.2,transformer,random_failure_fixed,"SEQSUINET, Rice University, Houston -> SURANET, Georgia Tech, Atlanta & SURANET, Georgia Tech, Atlanta -> SEQSUINET, Rice University, Houston",4,"NCAR, Boulder","SURANET, Georgia Tech, Atlanta",1,4.6665797,"NCAR, Boulder | NCSA, University of Illinois, Champaign | SEQSUINET, Rice University, Houston | SURANET, Georgia Tech, Atlanta","NCAR, Boulder->NCSA, University of Illinois, Champaign | NCSA, University of Illinois, Champaign->SEQSUINET, Rice University, Houston | SEQSUINET, Rice University, Houston->SURANET, Georgia Tech, Atlanta",1
34,nsfnet,7,1.2,transformer,random_failure_fixed,"SEQSUINET, Rice University, Houston -> SURANET, Georgia Tech, Atlanta & SURANET, Georgia Tech, Atlanta -> SEQSUINET, Rice University, Houston",5,"SEQSUINET, Rice University, Houston","SURANET, Georgia Tech, Atlanta",1,4.3870387,"SEQSUINET, Rice University, Houston | SURANET, Georgia Tech, Atlanta","SEQSUINET, Rice University, Houston->SURANET, Georgia Tech, Atlanta",1
