time_step,topology,seed,load_scale,method,scenario,failed_link,commodity_rank,source,destination,disrupted_amount,demand_value,commodity_disruption_ratio
22,abilene,11,1.2,current_demand_lp,critical_failure_fixed,Denver -> Kansas City & Kansas City -> Denver,1,Sunnyvale,Indianapolis,6.1673969,6.167396875805212,1.0000000039230146
22,abilene,11,1.2,current_demand_lp,critical_failure_fixed,Denver -> Kansas City & Kansas City -> Denver,2,Washington DC,Denver,5.8162417,5.816241691628649,1.0000000014393058
22,abilene,11,1.2,current_demand_lp,critical_failure_fixed,Denver -> Kansas City & Kansas City -> Denver,3,Houston,Seattle,5.4762679,5.476267851141752,1.0000000089218148
22,abilene,11,1.2,current_demand_lp,critical_failure_fixed,Denver -> Kansas City & Kansas City -> Denver,4,Sunnyvale,Chicago,5.3954892,5.395489247257776,0.9999999912412437
22,abilene,11,1.2,current_demand_lp,critical_failure_fixed,Denver -> Kansas City & Kansas City -> Denver,5,Kansas City,Sunnyvale,5.3699535,5.369953473751213,1.0000000048880846
22,abilene,11,1.2,current_demand_lp,random_failure_fixed,Kansas City -> Houston & Houston -> Kansas City,1,Kansas City,Los Angeles,6.171998,6.171997988527754,1.0000000018587574
22,abilene,11,1.2,current_demand_lp,random_failure_fixed,Kansas City -> Houston & Houston -> Kansas City,2,Washington DC,Denver,5.8162417,5.816241691628649,1.0000000014393058
22,abilene,11,1.2,current_demand_lp,random_failure_fixed,Kansas City -> Houston & Houston -> Kansas City,3,Houston,Seattle,5.4762679,5.476267851141752,1.0000000089218148
22,abilene,11,1.2,current_demand_lp,random_failure_fixed,Kansas City -> Houston & Houston -> Kansas City,4,Denver,Atlanta,5.0678344,5.067834358959515,1.0000000080982294
22,abilene,11,1.2,current_demand_lp,random_failure_fixed,Kansas City -> Houston & Houston -> Kansas City,5,Houston,Denver,5.0104361,5.0104361293973625,0.9999999941327736
22,abilene,11,1.2,robust_current_demand_lp,critical_failure_fixed,Denver -> Kansas City & Kansas City -> Denver,1,Sunnyvale,Indianapolis,6.1673969,6.167396875805212,1.0000000039230146
22,abilene,11,1.2,robust_current_demand_lp,critical_failure_fixed,Denver -> Kansas City & Kansas City -> Denver,2,Washington DC,Denver,5.8162417,5.816241691628649,1.0000000014393058
22,abilene,11,1.2,robust_current_demand_lp,critical_failure_fixed,Denver -> Kansas City & Kansas City -> Denver,3,Houston,Seattle,5.4762679,5.476267851141752,1.0000000089218148
22,abilene,11,1.2,robust_current_demand_lp,critical_failure_fixed,Denver -> Kansas City & Kansas City -> Denver,4,Sunnyvale,Chicago,5.3954892,5.395489247257776,0.9999999912412437
22,abilene,11,1.2,robust_current_demand_lp,critical_failure_fixed,Denver -> Kansas City & Kansas City -> Denver,5,Sunnyvale,New York,5.3801208,5.380120752325831,1.000000008861171
22,abilene,11,1.2,robust_current_demand_lp,random_failure_fixed,Kansas City -> Houston & Houston -> Kansas City,1,Kansas City,Los Angeles,6.171998,6.171997988527754,1.0000000018587574
22,abilene,11,1.2,robust_current_demand_lp,random_failure_fixed,Kansas City -> Houston & Houston -> Kansas City,2,Houston,Seattle,5.4762679,5.476267851141752,1.0000000089218148
22,abilene,11,1.2,robust_current_demand_lp,random_failure_fixed,Kansas City -> Houston & Houston -> Kansas City,3,Denver,Washington DC,5.2993533,5.299353337513044,0.9999999929212035
22,abilene,11,1.2,robust_current_demand_lp,random_failure_fixed,Kansas City -> Houston & Houston -> Kansas City,4,Kansas City,Atlanta,5.1276181,5.127618069067,1.0000000060326257
22,abilene,11,1.2,robust_current_demand_lp,random_failure_fixed,Kansas City -> Houston & Houston -> Kansas City,5,Houston,Denver,5.0104361,5.0104361293973625,0.9999999941327736
22,abilene,11,1.2,moving_average,critical_failure_fixed,Denver -> Kansas City & Kansas City -> Denver,1,Atlanta,Sunnyvale,5.6415381,5.641538106539518,0.999999998840827
22,abilene,11,1.2,moving_average,critical_failure_fixed,Denver -> Kansas City & Kansas City -> Denver,2,Kansas City,Sunnyvale,5.6362296,5.6362296251995545,0.999999995529005
22,abilene,11,1.2,moving_average,critical_failure_fixed,Denver -> Kansas City & Kansas City -> Denver,3,Seattle,New York,5.4931937,5.49319371477495,0.999999997310317
22,abilene,11,1.2,moving_average,critical_failure_fixed,Denver -> Kansas City & Kansas City -> Denver,4,Washington DC,Denver,5.4209007,5.420900666162918,1.0000000062419667
22,abilene,11,1.2,moving_average,critical_failure_fixed,Denver -> Kansas City & Kansas City -> Denver,5,Sunnyvale,Indianapolis,5.4133006,5.413300587067254,1.0000000023890685
22,abilene,11,1.2,moving_average,random_failure_fixed,Kansas City -> Houston & Houston -> Kansas City,1,Kansas City,Los Angeles,5.6033232,5.60332322954817,0.9999999947266704
22,abilene,11,1.2,moving_average,random_failure_fixed,Kansas City -> Houston & Houston -> Kansas City,2,Washington DC,Denver,5.4209007,5.420900666162918,1.0000000062419667
22,abilene,11,1.2,moving_average,random_failure_fixed,Kansas City -> Houston & Houston -> Kansas City,3,Houston,Seattle,5.2886219,5.288621870647924,1.0000000055500424
22,abilene,11,1.2,moving_average,random_failure_fixed,Kansas City -> Houston & Houston -> Kansas City,4,Denver,Atlanta,4.9256737,4.925673675880523,1.000000004896686
22,abilene,11,1.2,moving_average,random_failure_fixed,Kansas City -> Houston & Houston -> Kansas City,5,Indianapolis,Houston,4.839627,4.83962698853467,1.0000000023690525
22,abilene,11,1.2,linear_autoregressive,critical_failure_fixed,Denver -> Kansas City & Kansas City -> Denver,1,Washington DC,Denver,5.3399927,5.339992677876962,1.0000000041428967
22,abilene,11,1.2,linear_autoregressive,critical_failure_fixed,Denver -> Kansas City & Kansas City -> Denver,2,Indianapolis,Seattle,5.2551747,5.25517466889722,1.0000000059185057
22,abilene,11,1.2,linear_autoregressive,critical_failure_fixed,Denver -> Kansas City & Kansas City -> Denver,3,Denver,Washington DC,5.2410609,5.2410608700148575,1.000000005721197
22,abilene,11,1.2,linear_autoregressive,critical_failure_fixed,Denver -> Kansas City & Kansas City -> Denver,4,Kansas City,Sunnyvale,5.2075335,5.2075335172215285,0.9999999966929587
22,abilene,11,1.2,linear_autoregressive,critical_failure_fixed,Denver -> Kansas City & Kansas City -> Denver,5,Atlanta,Sunnyvale,5.2037157,5.203715700529103,0.9999999998983221
22,abilene,11,1.2,linear_autoregressive,random_failure_fixed,Kansas City -> Houston & Houston -> Kansas City,1,Washington DC,Denver,5.3399927,5.339992677876962,1.0000000041428967
22,abilene,11,1.2,linear_autoregressive,random_failure_fixed,Kansas City -> Houston & Houston -> Kansas City,2,Kansas City,Los Angeles,5.1241674,5.124167380880176,1.0000000037313035
22,abilene,11,1.2,linear_autoregressive,random_failure_fixed,Kansas City -> Houston & Houston -> Kansas City,3,Houston,Seattle,4.9060644,4.906064387668984,1.0000000025134232
22,abilene,11,1.2,linear_autoregressive,random_failure_fixed,Kansas City -> Houston & Houston -> Kansas City,4,Denver,Atlanta,4.7769429,4.776942906706504,0.9999999985960678
22,abilene,11,1.2,linear_autoregressive,random_failure_fixed,Kansas City -> Houston & Houston -> Kansas City,5,Houston,Kansas City,4.5515301,4.551530131917318,0.9999999929875631
22,abilene,11,1.2,lstm,critical_failure_fixed,Denver -> Kansas City & Kansas City -> Denver,1,Kansas City,Sunnyvale,6.3898726,6.3898725509643555,1.0000000076739628
22,abilene,11,1.2,lstm,critical_failure_fixed,Denver -> Kansas City & Kansas City -> Denver,2,Atlanta,Sunnyvale,6.2046556,6.204655647277832,0.9999999923802649
22,abilene,11,1.2,lstm,critical_failure_fixed,Denver -> Kansas City & Kansas City -> Denver,3,Seattle,New York,6.1842051,6.184205055236816,1.0000000072383084
22,abilene,11,1.2,lstm,critical_failure_fixed,Denver -> Kansas City & Kansas City -> Denver,4,Denver,Washington DC,6.1540122,6.154012203216553,0.9999999994773243
22,abilene,11,1.2,lstm,critical_failure_fixed,Denver -> Kansas City & Kansas City -> Denver,5,Indianapolis,Seattle,6.0932951,6.093295097351074,1.000000000434728
22,abilene,11,1.2,lstm,random_failure_fixed,Kansas City -> Houston & Houston -> Kansas City,1,Kansas City,Los Angeles,6.2200646,6.220064640045166,0.9999999935619373
22,abilene,11,1.2,lstm,random_failure_fixed,Kansas City -> Houston & Houston -> Kansas City,2,Washington DC,Denver,6.0018845,6.001884460449219,1.0000000065897272
22,abilene,11,1.2,lstm,random_failure_fixed,Kansas City -> Houston & Houston -> Kansas City,3,Houston,Seattle,5.9904399,5.9904398918151855,1.0000000013663128
22,abilene,11,1.2,lstm,random_failure_fixed,Kansas City -> Houston & Houston -> Kansas City,4,Denver,Atlanta,5.4789472,5.478947162628174,1.0000000068209869
22,abilene,11,1.2,lstm,random_failure_fixed,Kansas City -> Houston & Houston -> Kansas City,5,Houston,Kansas City,5.4536467,5.453646659851074,1.0000000073618496
22,abilene,11,1.2,uncertainty_aware_lstm_robust_lp,critical_failure_fixed,Denver -> Kansas City & Kansas City -> Denver,1,Kansas City,Sunnyvale,6.7042594,6.704259395599365,1.0000000006563938
22,abilene,11,1.2,uncertainty_aware_lstm_robust_lp,critical_failure_fixed,Denver -> Kansas City & Kansas City -> Denver,2,Seattle,New York,6.4670558,6.467055797576904,1.000000000374683
22,abilene,11,1.2,uncertainty_aware_lstm_robust_lp,critical_failure_fixed,Denver -> Kansas City & Kansas City -> Denver,3,Chicago,Sunnyvale,6.4499288,6.4499287605285645,1.00000000611967
22,abilene,11,1.2,uncertainty_aware_lstm_robust_lp,critical_failure_fixed,Denver -> Kansas City & Kansas City -> Denver,4,Denver,Washington DC,6.4297066,6.429706573486328,1.0000000041236208
22,abilene,11,1.2,uncertainty_aware_lstm_robust_lp,critical_failure_fixed,Denver -> Kansas City & Kansas City -> Denver,5,Sunnyvale,New York,6.4294634,6.4294633865356445,1.0000000020941648
22,abilene,11,1.2,uncertainty_aware_lstm_robust_lp,random_failure_fixed,Kansas City -> Houston & Houston -> Kansas City,1,Kansas City,Los Angeles,6.5120821,6.512082099914551,1.0000000000131215
22,abilene,11,1.2,uncertainty_aware_lstm_robust_lp,random_failure_fixed,Kansas City -> Houston & Houston -> Kansas City,2,Denver,Washington DC,6.4297066,6.429706573486328,1.0000000041236208
22,abilene,11,1.2,uncertainty_aware_lstm_robust_lp,random_failure_fixed,Kansas City -> Houston & Houston -> Kansas City,3,Houston,Seattle,6.2847691,6.284769058227539,1.0000000066466184
22,abilene,11,1.2,uncertainty_aware_lstm_robust_lp,random_failure_fixed,Kansas City -> Houston & Houston -> Kansas City,4,Kansas City,Atlanta,5.9692354,5.969235420227051,0.9999999966114502
22,abilene,11,1.2,uncertainty_aware_lstm_robust_lp,random_failure_fixed,Kansas City -> Houston & Houston -> Kansas City,5,Houston,Kansas City,5.7324529,5.732452869415283,1.000000005335363
23,abilene,11,1.2,current_demand_lp,critical_failure_fixed,Denver -> Kansas City & Kansas City -> Denver,1,Kansas City,Sunnyvale,6.5661711,6.5661710564203855,1.0000000066369905
23,abilene,11,1.2,current_demand_lp,critical_failure_fixed,Denver -> Kansas City & Kansas City -> Denver,2,Denver,Washington DC,6.5258562,6.525856170987367,1.0000000044457973
23,abilene,11,1.2,current_demand_lp,critical_failure_fixed,Denver -> Kansas City & Kansas City -> Denver,3,Indianapolis,Seattle,6.5107085,6.510708501893303,0.9999999997092016
23,abilene,11,1.2,current_demand_lp,critical_failure_fixed,Denver -> Kansas City & Kansas City -> Denver,4,Chicago,Sunnyvale,6.4755256,6.4755255887179395,1.0000000017422617
23,abilene,11,1.2,current_demand_lp,critical_failure_fixed,Denver -> Kansas City & Kansas City -> Denver,5,Houston,Seattle,6.4222747,6.422274712362107,0.9999999980751202
23,abilene,11,1.2,current_demand_lp,random_failure_fixed,New York -> Chicago & Chicago -> New York,1,Kansas City,New York,6.2085147,6.20851473416102,0.9999999944977146
23,abilene,11,1.2,current_demand_lp,random_failure_fixed,New York -> Chicago & Chicago -> New York,2,Seattle,New York,5.9567434,5.956743418684112,0.999999996863368
23,abilene,11,1.2,current_demand_lp,random_failure_fixed,New York -> Chicago & Chicago -> New York,3,New York,Chicago,4.9514451,4.951445123634798,0.9999999952266868
23,abilene,11,1.2,current_demand_lp,random_failure_fixed,New York -> Chicago & Chicago -> New York,4,Chicago,New York,4.7313212,4.73132117613747,1.0000000050435236
23,abilene,11,1.2,current_demand_lp,random_failure_fixed,New York -> Chicago & Chicago -> New York,5,Washington DC,Chicago,4.3894727,4.389472712165283,0.9999999972285321
23,abilene,11,1.2,robust_current_demand_lp,critical_failure_fixed,Denver -> Kansas City & Kansas City -> Denver,1,Sunnyvale,New York,6.686811,6.686810989190413,1.0000000016165533
23,abilene,11,1.2,robust_current_demand_lp,critical_failure_fixed,Denver -> Kansas City & Kansas City -> Denver,2,Kansas City,Sunnyvale,6.5661711,6.5661710564203855,1.0000000066369905
23,abilene,11,1.2,robust_current_demand_lp,critical_failure_fixed,Denver -> Kansas City & Kansas City -> Denver,3,Denver,Washington DC,6.5258562,6.525856170987367,1.0000000044457973
23,abilene,11,1.2,robust_current_demand_lp,critical_failure_fixed,Denver -> Kansas City & Kansas City -> Denver,4,Indianapolis,Seattle,6.5107085,6.510708501893303,0.9999999997092016
23,abilene,11,1.2,robust_current_demand_lp,critical_failure_fixed,Denver -> Kansas City & Kansas City -> Denver,5,Chicago,Sunnyvale,6.4755256,6.4755255887179395,1.0000000017422617
23,abilene,11,1.2,robust_current_demand_lp,random_failure_fixed,New York -> Chicago & Chicago -> New York,1,Sunnyvale,New York,6.686811,6.686810989190413,1.0000000016165533
23,abilene,11,1.2,robust_current_demand_lp,random_failure_fixed,New York -> Chicago & Chicago -> New York,2,Kansas City,New York,6.2085147,6.20851473416102,0.9999999944977146
23,abilene,11,1.2,robust_current_demand_lp,random_failure_fixed,New York -> Chicago & Chicago -> New York,3,Seattle,New York,5.9567434,5.956743418684112,0.999999996863368
23,abilene,11,1.2,robust_current_demand_lp,random_failure_fixed,New York -> Chicago & Chicago -> New York,4,New York,Chicago,4.9514451,4.951445123634798,0.9999999952266868
23,abilene,11,1.2,robust_current_demand_lp,random_failure_fixed,New York -> Chicago & Chicago -> New York,5,Chicago,New York,4.7313212,4.73132117613747,1.0000000050435236
23,abilene,11,1.2,moving_average,critical_failure_fixed,Denver -> Kansas City & Kansas City -> Denver,1,Atlanta,Sunnyvale,5.7575024,5.757502441542243,0.9999999927846763
23,abilene,11,1.2,moving_average,critical_failure_fixed,Denver -> Kansas City & Kansas City -> Denver,2,Kansas City,Sunnyvale,5.7547627,5.754762731909031,0.999999994455196
23,abilene,11,1.2,moving_average,critical_failure_fixed,Denver -> Kansas City & Kansas City -> Denver,3,Denver,Washington DC,5.6973865,5.697386531498025,0.9999999944714959
23,abilene,11,1.2,moving_average,critical_failure_fixed,Denver -> Kansas City & Kansas City -> Denver,4,Washington DC,Denver,5.5993666,5.599366599351126,1.0000000001158835
23,abilene,11,1.2,moving_average,critical_failure_fixed,Denver -> Kansas City & Kansas City -> Denver,5,Seattle,New York,5.5541449,5.5541449125942135,0.9999999977324657
23,abilene,11,1.2,moving_average,random_failure_fixed,New York -> Chicago & Chicago -> New York,1,Seattle,New York,5.5541449,5.5541449125942135,0.9999999977324657
23,abilene,11,1.2,moving_average,random_failure_fixed,New York -> Chicago & Chicago -> New York,2,Kansas City,New York,5.4905488,5.490548771761443,1.000000005143121
23,abilene,11,1.2,moving_average,random_failure_fixed,New York -> Chicago & Chicago -> New York,3,Chicago,New York,4.3074778,4.307477771812061,1.0000000065439547
23,abilene,11,1.2,moving_average,random_failure_fixed,New York -> Chicago & Chicago -> New York,4,New York,Chicago,4.239231,4.239230959713974,1.000000009503145
23,abilene,11,1.2,moving_average,random_failure_fixed,New York -> Chicago & Chicago -> New York,5,Washington DC,Chicago,4.2388159,4.238815854397849,1.0000000107582288
23,abilene,11,1.2,linear_autoregressive,critical_failure_fixed,Denver -> Kansas City & Kansas City -> Denver,1,Chicago,Sunnyvale,6.9478891,6.947889135151371,0.9999999949407122
23,abilene,11,1.2,linear_autoregressive,critical_failure_fixed,Denver -> Kansas City & Kansas City -> Denver,2,Kansas City,Sunnyvale,6.4748183,6.47481828534621,1.0000000022631972
23,abilene,11,1.2,linear_autoregressive,critical_failure_fixed,Denver -> Kansas City & Kansas City -> Denver,3,Seattle,New York,6.2872905,6.287290481239968,1.0000000029838023
23,abilene,11,1.2,linear_autoregressive,critical_failure_fixed,Denver -> Kansas City & Kansas City -> Denver,4,Atlanta,Sunnyvale,6.2796523,6.279652295709472,1.000000000683243
23,abilene,11,1.2,linear_autoregressive,critical_failure_fixed,Denver -> Kansas City & Kansas City -> Denver,5,Denver,Washington DC,6.1596228,6.159622799817496,1.000000000029629
23,abilene,11,1.2,linear_autoregressive,random_failure_fixed,New York -> Chicago & Chicago -> New York,1,Seattle,New York,6.2872905,6.287290481239968,1.0000000029838023
23,abilene,11,1.2,linear_autoregressive,random_failure_fixed,New York -> Chicago & Chicago -> New York,2,Kansas City,New York,6.0354153,6.035415297683651,1.000000000383793
23,abilene,11,1.2,linear_autoregressive,random_failure_fixed,New York -> Chicago & Chicago -> New York,3,Chicago,New York,4.8716039,4.871603893088116,1.0000000014188108
23,abilene,11,1.2,linear_autoregressive,random_failure_fixed,New York -> Chicago & Chicago -> New York,4,New York,Chicago,4.7038693,4.703869300848462,0.9999999998196247
23,abilene,11,1.2,linear_autoregressive,random_failure_fixed,New York -> Chicago & Chicago -> New York,5,Washington DC,Chicago,4.4305112,4.430511175789451,1.0000000054645046
23,abilene,11,1.2,lstm,critical_failure_fixed,Denver -> Kansas City & Kansas City -> Denver,1,Kansas City,Sunnyvale,6.389873,6.389873027801514,0.9999999956491289
23,abilene,11,1.2,lstm,critical_failure_fixed,Denver -> Kansas City & Kansas City -> Denver,2,Atlanta,Sunnyvale,6.2046556,6.204655647277832,0.9999999923802649
23,abilene,11,1.2,lstm,critical_failure_fixed,Denver -> Kansas City & Kansas City -> Denver,3,Seattle,New York,6.1842041,6.1842041015625,0.9999999997473401
23,abilene,11,1.2,lstm,critical_failure_fixed,Denver -> Kansas City & Kansas City -> Denver,4,Denver,Washington DC,6.1540122,6.154012203216553,0.9999999994773243
23,abilene,11,1.2,lstm,critical_failure_fixed,Denver -> Kansas City & Kansas City -> Denver,5,Indianapolis,Seattle,6.0932956,6.093295574188232,1.0000000042360933
23,abilene,11,1.2,lstm,random_failure_fixed,New York -> Chicago & Chicago -> New York,1,Seattle,New York,6.1842041,6.1842041015625,0.9999999997473401
23,abilene,11,1.2,lstm,random_failure_fixed,New York -> Chicago & Chicago -> New York,2,Kansas City,New York,6.0029812,6.002981185913086,1.000000002346653
23,abilene,11,1.2,lstm,random_failure_fixed,New York -> Chicago & Chicago -> New York,3,Chicago,New York,4.6637716,4.663771629333496,0.9999999937103489
23,abilene,11,1.2,lstm,random_failure_fixed,New York -> Chicago & Chicago -> New York,4,New York,Chicago,4.6511974,4.65119743347168,0.9999999928036425
23,abilene,11,1.2,lstm,random_failure_fixed,New York -> Chicago & Chicago -> New York,5,Washington DC,Chicago,4.6182451,4.6182451248168945,0.9999999946263367
23,abilene,11,1.2,uncertainty_aware_lstm_robust_lp,critical_failure_fixed,Kansas City -> Indianapolis & Indianapolis -> Kansas City,1,Seattle,New York,6.4670548,6.467054843902588,0.9999999932113475
23,abilene,11,1.2,uncertainty_aware_lstm_robust_lp,critical_failure_fixed,Kansas City -> Indianapolis & Indianapolis -> Kansas City,2,Chicago,Sunnyvale,6.4499288,6.4499287605285645,1.00000000611967
23,abilene,11,1.2,uncertainty_aware_lstm_robust_lp,critical_failure_fixed,Kansas City -> Indianapolis & Indianapolis -> Kansas City,3,Sunnyvale,New York,6.4294634,6.4294633865356445,1.0000000020941648
23,abilene,11,1.2,uncertainty_aware_lstm_robust_lp,critical_failure_fixed,Kansas City -> Indianapolis & Indianapolis -> Kansas City,4,Indianapolis,Seattle,6.3831763,6.383176326751709,0.9999999958090287
23,abilene,11,1.2,uncertainty_aware_lstm_robust_lp,critical_failure_fixed,Kansas City -> Indianapolis & Indianapolis -> Kansas City,5,Kansas City,New York,6.2973084,6.297308444976807,0.999999992857773
23,abilene,11,1.2,uncertainty_aware_lstm_robust_lp,random_failure_fixed,New York -> Chicago & Chicago -> New York,1,Seattle,New York,6.4670548,6.467054843902588,0.9999999932113475
23,abilene,11,1.2,uncertainty_aware_lstm_robust_lp,random_failure_fixed,New York -> Chicago & Chicago -> New York,2,Sunnyvale,New York,6.4294634,6.4294633865356445,1.0000000020941648
23,abilene,11,1.2,uncertainty_aware_lstm_robust_lp,random_failure_fixed,New York -> Chicago & Chicago -> New York,3,Kansas City,New York,6.2973084,6.297308444976807,0.999999992857773
23,abilene,11,1.2,uncertainty_aware_lstm_robust_lp,random_failure_fixed,New York -> Chicago & Chicago -> New York,4,Chicago,New York,4.8937707,4.893770694732666,1.0000000010763346
23,abilene,11,1.2,uncertainty_aware_lstm_robust_lp,random_failure_fixed,New York -> Chicago & Chicago -> New York,5,New York,Chicago,4.8856101,4.885610103607178,0.999999999261673
24,abilene,11,1.2,current_demand_lp,critical_failure_fixed,Kansas City -> Indianapolis & Indianapolis -> Kansas City,1,Atlanta,Sunnyvale,7.7470483,7.747048301149585,0.99999999985161
24,abilene,11,1.2,current_demand_lp,critical_failure_fixed,Kansas City -> Indianapolis & Indianapolis -> Kansas City,2,Indianapolis,Seattle,7.662781,7.6627809672886515,1.0000000042688613
24,abilene,11,1.2,current_demand_lp,critical_failure_fixed,Kansas City -> Indianapolis & Indianapolis -> Kansas City,3,Denver,Washington DC,7.5256123,7.525612346106582,0.9999999938733779
24,abilene,11,1.2,current_demand_lp,critical_failure_fixed,Kansas City -> Indianapolis & Indianapolis -> Kansas City,4,Atlanta,Seattle,7.1282671,7.128267080638673,1.0000000027161338
24,abilene,11,1.2,current_demand_lp,critical_failure_fixed,Kansas City -> Indianapolis & Indianapolis -> Kansas City,5,Seattle,New York,7.0864049,7.086404927802196,0.9999999960766853
24,abilene,11,1.2,current_demand_lp,random_failure_fixed,Seattle -> Denver & Denver -> Seattle,1,Indianapolis,Seattle,7.662781,7.6627809672886515,1.0000000042688613
24,abilene,11,1.2,current_demand_lp,random_failure_fixed,Seattle -> Denver & Denver -> Seattle,2,Atlanta,Seattle,7.1282671,7.128267080638673,1.0000000027161338
24,abilene,11,1.2,current_demand_lp,random_failure_fixed,Seattle -> Denver & Denver -> Seattle,3,Seattle,New York,7.0864049,7.086404927802196,0.9999999960766853
24,abilene,11,1.2,current_demand_lp,random_failure_fixed,Seattle -> Denver & Denver -> Seattle,4,Houston,Seattle,6.5904669,6.590466851614729,1.0000000073417061
24,abilene,11,1.2,current_demand_lp,random_failure_fixed,Seattle -> Denver & Denver -> Seattle,5,Seattle,Indianapolis,5.3977433,5.397743268846056,1.000000005771661
24,abilene,11,1.2,robust_current_demand_lp,critical_failure_fixed,Denver -> Kansas City & Kansas City -> Denver,1,Kansas City,Sunnyvale,7.8817976,7.881797622469513,0.9999999971491893
24,abilene,11,1.2,robust_current_demand_lp,critical_failure_fixed,Denver -> Kansas City & Kansas City -> Denver,2,Indianapolis,Seattle,7.662781,7.6627809672886515,1.0000000042688613
24,abilene,11,1.2,robust_current_demand_lp,critical_failure_fixed,Denver -> Kansas City & Kansas City -> Denver,3,Denver,Washington DC,7.5256123,7.525612346106582,0.9999999938733779
24,abilene,11,1.2,robust_current_demand_lp,critical_failure_fixed,Denver -> Kansas City & Kansas City -> Denver,4,Sunnyvale,New York,7.3082764,7.308276363548468,1.0000000049877056
24,abilene,11,1.2,robust_current_demand_lp,critical_failure_fixed,Denver -> Kansas City & Kansas City -> Denver,5,Atlanta,Seattle,7.1282671,7.128267080638673,1.0000000027161338
24,abilene,11,1.2,robust_current_demand_lp,random_failure_fixed,Seattle -> Denver & Denver -> Seattle,1,Indianapolis,Seattle,7.662781,7.6627809672886515,1.0000000042688613
24,abilene,11,1.2,robust_current_demand_lp,random_failure_fixed,Seattle -> Denver & Denver -> Seattle,2,Atlanta,Seattle,7.1282671,7.128267080638673,1.0000000027161338
24,abilene,11,1.2,robust_current_demand_lp,random_failure_fixed,Seattle -> Denver & Denver -> Seattle,3,Seattle,New York,7.0864049,7.086404927802196,0.9999999960766853
24,abilene,11,1.2,robust_current_demand_lp,random_failure_fixed,Seattle -> Denver & Denver -> Seattle,4,Houston,Seattle,6.5904669,6.590466851614729,1.0000000073417061
24,abilene,11,1.2,robust_current_demand_lp,random_failure_fixed,Seattle -> Denver & Denver -> Seattle,5,Washington DC,Seattle,5.9684792,5.968479205240382,0.9999999991219903
24,abilene,11,1.2,moving_average,critical_failure_fixed,Denver -> Kansas City & Kansas City -> Denver,1,Atlanta,Sunnyvale,6.362395,6.3623949850873505,1.0000000023438735
24,abilene,11,1.2,moving_average,critical_failure_fixed,Denver -> Kansas City & Kansas City -> Denver,2,Kansas City,Sunnyvale,6.3257034,6.3257033724942815,1.0000000043482467
24,abilene,11,1.2,moving_average,critical_failure_fixed,Denver -> Kansas City & Kansas City -> Denver,3,Denver,Washington DC,6.200073,6.20007296753286,1.0000000052365738
24,abilene,11,1.2,moving_average,critical_failure_fixed,Denver -> Kansas City & Kansas City -> Denver,4,Indianapolis,Seattle,6.0785407,6.078540699201645,1.0000000001313398
24,abilene,11,1.2,moving_average,critical_failure_fixed,Denver -> Kansas City & Kansas City -> Denver,5,Seattle,New York,6.0193117,6.019311692917411,1.0000000011766443
24,abilene,11,1.2,moving_average,random_failure_fixed,Seattle -> Denver & Denver -> Seattle,1,Indianapolis,Seattle,6.0785407,6.078540699201645,1.0000000001313398
24,abilene,11,1.2,moving_average,random_failure_fixed,Seattle -> Denver & Denver -> Seattle,2,Seattle,New York,6.0193117,6.019311692917411,1.0000000011766443
24,abilene,11,1.2,moving_average,random_failure_fixed,Seattle -> Denver & Denver -> Seattle,3,Houston,Seattle,5.8994273,5.899427257535159,1.0000000071981294
24,abilene,11,1.2,moving_average,random_failure_fixed,Seattle -> Denver & Denver -> Seattle,4,Atlanta,Seattle,5.8547147,5.854714727921838,0.9999999952308798
24,abilene,11,1.2,moving_average,random_failure_fixed,Seattle -> Denver & Denver -> Seattle,5,Seattle,Chicago,4.5044174,4.504417428737915,0.9999999936200598
24,abilene,11,1.2,linear_autoregressive,critical_failure_fixed,Kansas City -> Indianapolis & Indianapolis -> Kansas City,1,Denver,Washington DC,7.1134914,7.113491423514323,0.9999999966944049
24,abilene,11,1.2,linear_autoregressive,critical_failure_fixed,Kansas City -> Indianapolis & Indianapolis -> Kansas City,2,Seattle,New York,7.0651158,7.065115817273748,0.9999999975550652
24,abilene,11,1.2,linear_autoregressive,critical_failure_fixed,Kansas City -> Indianapolis & Indianapolis -> Kansas City,3,Atlanta,Sunnyvale,7.0638612,7.063861191049226,1.000000001267122
24,abilene,11,1.2,linear_autoregressive,critical_failure_fixed,Kansas City -> Indianapolis & Indianapolis -> Kansas City,4,Indianapolis,Seattle,7.0483289,7.048328876032087,1.00000000340051
24,abilene,11,1.2,linear_autoregressive,critical_failure_fixed,Kansas City -> Indianapolis & Indianapolis -> Kansas City,5,Kansas City,New York,6.9975819,6.997581856229055,1.000000006255153
24,abilene,11,1.2,linear_autoregressive,random_failure_fixed,Seattle -> Denver & Denver -> Seattle,1,Seattle,New York,7.0651158,7.065115817273748,0.9999999975550652
24,abilene,11,1.2,linear_autoregressive,random_failure_fixed,Seattle -> Denver & Denver -> Seattle,2,Indianapolis,Seattle,7.0483289,7.048328876032087,1.00000000340051
24,abilene,11,1.2,linear_autoregressive,random_failure_fixed,Seattle -> Denver & Denver -> Seattle,3,Houston,Seattle,7.0178834,7.017883390555746,1.000000001345741
24,abilene,11,1.2,linear_autoregressive,random_failure_fixed,Seattle -> Denver & Denver -> Seattle,4,Atlanta,Seattle,6.575769,6.575769014922493,0.9999999977306848
24,abilene,11,1.2,linear_autoregressive,random_failure_fixed,Seattle -> Denver & Denver -> Seattle,5,Seattle,Indianapolis,5.4107326,5.41073263649957,0.9999999932542278
24,abilene,11,1.2,lstm,critical_failure_fixed,Denver -> Kansas City & Kansas City -> Denver,1,Kansas City,Sunnyvale,6.3898726,6.3898725509643555,1.0000000076739628
24,abilene,11,1.2,lstm,critical_failure_fixed,Denver -> Kansas City & Kansas City -> Denver,2,Atlanta,Sunnyvale,6.2046552,6.204655170440674,1.0000000047640563
24,abilene,11,1.2,lstm,critical_failure_fixed,Denver -> Kansas City & Kansas City -> Denver,3,Seattle,New York,6.1842051,6.184205055236816,1.0000000072383084
24,abilene,11,1.2,lstm,critical_failure_fixed,Denver -> Kansas City & Kansas City -> Denver,4,Denver,Washington DC,6.1540132,6.154013156890869,1.0000000070050437
24,abilene,11,1.2,lstm,critical_failure_fixed,Denver -> Kansas City & Kansas City -> Denver,5,Indianapolis,Seattle,6.0932946,6.093294620513916,0.9999999966333623
24,abilene,11,1.2,lstm,random_failure_fixed,Seattle -> Denver & Denver -> Seattle,1,Seattle,New York,6.1842051,6.184205055236816,1.0000000072383084
24,abilene,11,1.2,lstm,random_failure_fixed,Seattle -> Denver & Denver -> Seattle,2,Indianapolis,Seattle,6.0932946,6.093294620513916,0.9999999966333623
24,abilene,11,1.2,lstm,random_failure_fixed,Seattle -> Denver & Denver -> Seattle,3,Houston,Seattle,5.9904399,5.9904398918151855,1.0000000013663128
24,abilene,11,1.2,lstm,random_failure_fixed,Seattle -> Denver & Denver -> Seattle,4,Atlanta,Seattle,5.706737,5.706737041473389,0.9999999927325566
24,abilene,11,1.2,lstm,random_failure_fixed,Seattle -> Denver & Denver -> Seattle,5,Seattle,Indianapolis,4.5583401,4.558340072631836,1.0000000060039758
24,abilene,11,1.2,uncertainty_aware_lstm_robust_lp,critical_failure_fixed,Denver -> Kansas City & Kansas City -> Denver,1,Kansas City,Sunnyvale,6.7042594,6.704259395599365,1.0000000006563938
24,abilene,11,1.2,uncertainty_aware_lstm_robust_lp,critical_failure_fixed,Denver -> Kansas City & Kansas City -> Denver,2,Seattle,New York,6.4670558,6.467055797576904,1.000000000374683
24,abilene,11,1.2,uncertainty_aware_lstm_robust_lp,critical_failure_fixed,Denver -> Kansas City & Kansas City -> Denver,3,Chicago,Sunnyvale,6.4499288,6.4499287605285645,1.00000000611967
24,abilene,11,1.2,uncertainty_aware_lstm_robust_lp,critical_failure_fixed,Denver -> Kansas City & Kansas City -> Denver,4,Denver,Washington DC,6.4297075,6.4297075271606445,0.9999999957757574
24,abilene,11,1.2,uncertainty_aware_lstm_robust_lp,critical_failure_fixed,Denver -> Kansas City & Kansas City -> Denver,5,Sunnyvale,New York,6.4294634,6.4294633865356445,1.0000000020941648
24,abilene,11,1.2,uncertainty_aware_lstm_robust_lp,random_failure_fixed,Seattle -> Denver & Denver -> Seattle,1,Seattle,New York,6.4670558,6.467055797576904,1.000000000374683
24,abilene,11,1.2,uncertainty_aware_lstm_robust_lp,random_failure_fixed,Seattle -> Denver & Denver -> Seattle,2,Indianapolis,Seattle,6.3831754,6.383175373077393,1.0000000042177453
24,abilene,11,1.2,uncertainty_aware_lstm_robust_lp,random_failure_fixed,Seattle -> Denver & Denver -> Seattle,3,Houston,Seattle,6.2847691,6.284769058227539,1.0000000066466184
24,abilene,11,1.2,uncertainty_aware_lstm_robust_lp,random_failure_fixed,Seattle -> Denver & Denver -> Seattle,4,Atlanta,Seattle,5.9674931,5.967493057250977,1.0000000071636488
24,abilene,11,1.2,uncertainty_aware_lstm_robust_lp,random_failure_fixed,Seattle -> Denver & Denver -> Seattle,5,Washington DC,Seattle,5.3028364,5.3028364181518555,0.9999999965769536
25,abilene,11,1.2,current_demand_lp,critical_failure_fixed,Denver -> Kansas City & Kansas City -> Denver,1,Kansas City,Sunnyvale,8.4534497,8.45344968543929,1.0000000017224577
25,abilene,11,1.2,current_demand_lp,critical_failure_fixed,Denver -> Kansas City & Kansas City -> Denver,2,Indianapolis,Seattle,8.2400253,8.240025289477284,1.0000000012770247
25,abilene,11,1.2,current_demand_lp,critical_failure_fixed,Denver -> Kansas City & Kansas City -> Denver,3,Atlanta,Seattle,8.1677744,8.167774440327907,0.9999999950625588
25,abilene,11,1.2,current_demand_lp,critical_failure_fixed,Denver -> Kansas City & Kansas City -> Denver,4,Sunnyvale,Indianapolis,8.1524103,8.152410300239419,0.999999999970632
25,abilene,11,1.2,current_demand_lp,critical_failure_fixed,Denver -> Kansas City & Kansas City -> Denver,5,Seattle,New York,8.0945442,8.094544158656621,1.000000005107561
25,abilene,11,1.2,current_demand_lp,random_failure_fixed,Sunnyvale -> Denver & Denver -> Sunnyvale,1,Kansas City,Sunnyvale,8.4534497,8.45344968543929,1.0000000017224577
25,abilene,11,1.2,current_demand_lp,random_failure_fixed,Sunnyvale -> Denver & Denver -> Sunnyvale,2,Denver,Sunnyvale,8.1550231,8.155023124858214,0.999999996951791
25,abilene,11,1.2,current_demand_lp,random_failure_fixed,Sunnyvale -> Denver & Denver -> Sunnyvale,3,Sunnyvale,Indianapolis,8.1524103,8.152410300239419,0.999999999970632
25,abilene,11,1.2,current_demand_lp,random_failure_fixed,Sunnyvale -> Denver & Denver -> Sunnyvale,4,Los Angeles,Denver,7.6215611,7.621561115912618,0.9999999979121577
25,abilene,11,1.2,current_demand_lp,random_failure_fixed,Sunnyvale -> Denver & Denver -> Sunnyvale,5,Atlanta,Sunnyvale,7.5726729,7.956718654610733,0.9517331488919508
25,abilene,11,1.2,robust_current_demand_lp,critical_failure_fixed,Denver -> Kansas City & Kansas City -> Denver,1,Kansas City,Sunnyvale,8.4534497,8.45344968543929,1.0000000017224577
25,abilene,11,1.2,robust_current_demand_lp,critical_failure_fixed,Denver -> Kansas City & Kansas City -> Denver,2,Indianapolis,Seattle,8.2400253,8.240025289477284,1.0000000012770247
25,abilene,11,1.2,robust_current_demand_lp,critical_failure_fixed,Denver -> Kansas City & Kansas City -> Denver,3,Sunnyvale,New York,8.2177247,8.217724670096903,1.0000000036388537
25,abilene,11,1.2,robust_current_demand_lp,critical_failure_fixed,Denver -> Kansas City & Kansas City -> Denver,4,Atlanta,Seattle,8.1677744,8.167774440327907,0.9999999950625588
25,abilene,11,1.2,robust_current_demand_lp,critical_failure_fixed,Denver -> Kansas City & Kansas City -> Denver,5,Sunnyvale,Indianapolis,8.1524103,8.152410300239419,0.999999999970632
25,abilene,11,1.2,robust_current_demand_lp,random_failure_fixed,Sunnyvale -> Denver & Denver -> Sunnyvale,1,Kansas City,Sunnyvale,8.4534497,8.45344968543929,1.0000000017224577
25,abilene,11,1.2,robust_current_demand_lp,random_failure_fixed,Sunnyvale -> Denver & Denver -> Sunnyvale,2,Sunnyvale,New York,8.2177247,8.217724670096903,1.0000000036388537
25,abilene,11,1.2,robust_current_demand_lp,random_failure_fixed,Sunnyvale -> Denver & Denver -> Sunnyvale,3,Denver,Sunnyvale,8.1550231,8.155023124858214,0.999999996951791
25,abilene,11,1.2,robust_current_demand_lp,random_failure_fixed,Sunnyvale -> Denver & Denver -> Sunnyvale,4,Sunnyvale,Indianapolis,8.1524103,8.152410300239419,0.999999999970632
25,abilene,11,1.2,robust_current_demand_lp,random_failure_fixed,Sunnyvale -> Denver & Denver -> Sunnyvale,5,Los Angeles,Denver,7.6215611,7.621561115912618,0.9999999979121577
25,abilene,11,1.2,moving_average,critical_failure_fixed,Denver -> Kansas City & Kansas City -> Denver,1,Kansas City,Sunnyvale,7.067843,7.0678429595200996,1.0000000057273344
25,abilene,11,1.2,moving_average,critical_failure_fixed,Denver -> Kansas City & Kansas City -> Denver,2,Indianapolis,Seattle,6.8968333,6.896833308419322,0.9999999987792482
25,abilene,11,1.2,moving_average,critical_failure_fixed,Denver -> Kansas City & Kansas City -> Denver,3,Atlanta,Sunnyvale,6.8659951,6.921299375534108,0.9920095530429444
25,abilene,11,1.2,moving_average,critical_failure_fixed,Denver -> Kansas City & Kansas City -> Denver,4,Denver,Washington DC,6.83518,6.835179989191196,1.0000000015813488
25,abilene,11,1.2,moving_average,critical_failure_fixed,Denver -> Kansas City & Kansas City -> Denver,5,Sunnyvale,Indianapolis,6.8107547,6.81075471293323,0.9999999981010578
25,abilene,11,1.2,moving_average,random_failure_fixed,Sunnyvale -> Denver & Denver -> Sunnyvale,1,Kansas City,Sunnyvale,7.067843,7.0678429595200996,1.0000000057273344
25,abilene,11,1.2,moving_average,random_failure_fixed,Sunnyvale -> Denver & Denver -> Sunnyvale,2,Atlanta,Sunnyvale,6.8659951,6.921299375534108,0.9920095530429444
25,abilene,11,1.2,moving_average,random_failure_fixed,Sunnyvale -> Denver & Denver -> Sunnyvale,3,Sunnyvale,Indianapolis,6.8107547,6.81075471293323,0.9999999981010578
25,abilene,11,1.2,moving_average,random_failure_fixed,Sunnyvale -> Denver & Denver -> Sunnyvale,4,Los Angeles,Denver,6.6868056,6.686805612224196,0.9999999981718929
25,abilene,11,1.2,moving_average,random_failure_fixed,Sunnyvale -> Denver & Denver -> Sunnyvale,5,Denver,Sunnyvale,6.3667208,6.366720822540769,0.9999999964595953
25,abilene,11,1.2,linear_autoregressive,critical_failure_fixed,Denver -> Kansas City & Kansas City -> Denver,1,Kansas City,Sunnyvale,7.904016,7.904016015318408,0.9999999980619463
25,abilene,11,1.2,linear_autoregressive,critical_failure_fixed,Denver -> Kansas City & Kansas City -> Denver,2,Atlanta,Sunnyvale,7.8541404,7.854140378210597,1.0000000027742568
25,abilene,11,1.2,linear_autoregressive,critical_failure_fixed,Denver -> Kansas City & Kansas City -> Denver,3,Seattle,New York,7.8443649,7.844364936553691,0.9999999953401338
25,abilene,11,1.2,linear_autoregressive,critical_failure_fixed,Denver -> Kansas City & Kansas City -> Denver,4,Washington DC,Denver,7.6768976,7.676897577853086,1.0000000028848781
25,abilene,11,1.2,linear_autoregressive,critical_failure_fixed,Denver -> Kansas City & Kansas City -> Denver,5,Denver,Washington DC,7.6543266,7.65432656008902,1.0000000052141726
25,abilene,11,1.2,linear_autoregressive,random_failure_fixed,Sunnyvale -> Denver & Denver -> Sunnyvale,1,Kansas City,Sunnyvale,7.904016,7.904016015318408,0.9999999980619463
25,abilene,11,1.2,linear_autoregressive,random_failure_fixed,Sunnyvale -> Denver & Denver -> Sunnyvale,2,Atlanta,Sunnyvale,7.8541404,7.854140378210597,1.0000000027742568
25,abilene,11,1.2,linear_autoregressive,random_failure_fixed,Sunnyvale -> Denver & Denver -> Sunnyvale,3,Sunnyvale,Indianapolis,7.4887421,7.488742109721177,0.9999999987018945
25,abilene,11,1.2,linear_autoregressive,random_failure_fixed,Sunnyvale -> Denver & Denver -> Sunnyvale,4,Los Angeles,Denver,7.4191827,7.419182675132251,1.000000003351818
25,abilene,11,1.2,linear_autoregressive,random_failure_fixed,Sunnyvale -> Denver & Denver -> Sunnyvale,5,Denver,Sunnyvale,7.155114,7.15511395620798,1.0000000061203804
25,abilene,11,1.2,lstm,critical_failure_fixed,Denver -> Kansas City & Kansas City -> Denver,1,Kansas City,Sunnyvale,6.3898726,6.3898725509643555,1.0000000076739628
25,abilene,11,1.2,lstm,critical_failure_fixed,Denver -> Kansas City & Kansas City -> Denver,2,Atlanta,Sunnyvale,6.2046552,6.204655170440674,1.0000000047640563
25,abilene,11,1.2,lstm,critical_failure_fixed,Denver -> Kansas City & Kansas City -> Denver,3,Seattle,New York,6.184206,6.184206008911133,0.9999999985590498
25,abilene,11,1.2,lstm,critical_failure_fixed,Denver -> Kansas City & Kansas City -> Denver,4,Denver,Washington DC,6.1540136,6.154013633728027,0.9999999945193447
25,abilene,11,1.2,lstm,critical_failure_fixed,Denver -> Kansas City & Kansas City -> Denver,5,Indianapolis,Seattle,6.0932941,6.093294143676758,0.9999999928319958
25,abilene,11,1.2,lstm,random_failure_fixed,Sunnyvale -> Denver & Denver -> Sunnyvale,1,Kansas City,Sunnyvale,6.3898726,6.3898725509643555,1.0000000076739628
25,abilene,11,1.2,lstm,random_failure_fixed,Sunnyvale -> Denver & Denver -> Sunnyvale,2,Atlanta,Sunnyvale,6.2046552,6.204655170440674,1.0000000047640563
25,abilene,11,1.2,lstm,random_failure_fixed,Sunnyvale -> Denver & Denver -> Sunnyvale,3,Chicago,Sunnyvale,6.0542626,6.054262638092041,0.9999999937082279
25,abilene,11,1.2,lstm,random_failure_fixed,Sunnyvale -> Denver & Denver -> Sunnyvale,4,Sunnyvale,Indianapolis,5.9404511,5.940451145172119,0.9999999923958436
25,abilene,11,1.2,lstm,random_failure_fixed,Sunnyvale -> Denver & Denver -> Sunnyvale,5,Los Angeles,Denver,5.844779,5.844779014587402,0.9999999975041995
25,abilene,11,1.2,uncertainty_aware_lstm_robust_lp,critical_failure_fixed,Denver -> Kansas City & Kansas City -> Denver,1,Kansas City,Sunnyvale,6.7042594,6.704259395599365,1.0000000006563938
25,abilene,11,1.2,uncertainty_aware_lstm_robust_lp,critical_failure_fixed,Denver -> Kansas City & Kansas City -> Denver,2,Seattle,New York,6.4670568,6.467056751251221,1.0000000075380162
25,abilene,11,1.2,uncertainty_aware_lstm_robust_lp,critical_failure_fixed,Denver -> Kansas City & Kansas City -> Denver,3,Chicago,Sunnyvale,6.4499288,6.4499287605285645,1.00000000611967
25,abilene,11,1.2,uncertainty_aware_lstm_robust_lp,critical_failure_fixed,Denver -> Kansas City & Kansas City -> Denver,4,Denver,Washington DC,6.4297085,6.429708480834961,1.000000002980701
25,abilene,11,1.2,uncertainty_aware_lstm_robust_lp,critical_failure_fixed,Denver -> Kansas City & Kansas City -> Denver,5,Sunnyvale,New York,6.4294634,6.4294633865356445,1.0000000020941648
25,abilene,11,1.2,uncertainty_aware_lstm_robust_lp,random_failure_fixed,Sunnyvale -> Denver & Denver -> Sunnyvale,1,Kansas City,Sunnyvale,6.7042594,6.704259395599365,1.0000000006563938
25,abilene,11,1.2,uncertainty_aware_lstm_robust_lp,random_failure_fixed,Sunnyvale -> Denver & Denver -> Sunnyvale,2,Chicago,Sunnyvale,6.4499288,6.4499287605285645,1.00000000611967
25,abilene,11,1.2,uncertainty_aware_lstm_robust_lp,random_failure_fixed,Sunnyvale -> Denver & Denver -> Sunnyvale,3,Sunnyvale,New York,6.4294634,6.4294633865356445,1.0000000020941648
25,abilene,11,1.2,uncertainty_aware_lstm_robust_lp,random_failure_fixed,Sunnyvale -> Denver & Denver -> Sunnyvale,4,Sunnyvale,Indianapolis,6.2185063,6.218506336212158,0.9999999941767111
25,abilene,11,1.2,uncertainty_aware_lstm_robust_lp,random_failure_fixed,Sunnyvale -> Denver & Denver -> Sunnyvale,5,Los Angeles,Denver,6.1160398,6.116039752960205,1.000000007691218
26,abilene,11,1.2,current_demand_lp,critical_failure_fixed,Denver -> Kansas City & Kansas City -> Denver,1,Kansas City,Sunnyvale,9.296134,9.296134018285981,0.9999999980329478
26,abilene,11,1.2,current_demand_lp,critical_failure_fixed,Denver -> Kansas City & Kansas City -> Denver,2,Washington DC,Denver,8.8137186,8.813718633130629,0.9999999962410158
26,abilene,11,1.2,current_demand_lp,critical_failure_fixed,Denver -> Kansas City & Kansas City -> Denver,3,Atlanta,Sunnyvale,8.7991139,8.799113933725495,0.9999999961671714
26,abilene,11,1.2,current_demand_lp,critical_failure_fixed,Denver -> Kansas City & Kansas City -> Denver,4,Seattle,New York,8.7049453,8.704945326532023,0.9999999969520748
26,abilene,11,1.2,current_demand_lp,critical_failure_fixed,Denver -> Kansas City & Kansas City -> Denver,5,Denver,Washington DC,8.4956654,8.495665397805206,1.0000000002583427
26,abilene,11,1.2,current_demand_lp,random_failure_fixed,Houston -> Atlanta & Atlanta -> Houston,1,New York,Houston,8.9925205,8.992520548543668,0.9999999946017728
26,abilene,11,1.2,current_demand_lp,random_failure_fixed,Houston -> Atlanta & Atlanta -> Houston,2,Houston,Atlanta,8.9524428,8.95244282866438,0.99999999679815
26,abilene,11,1.2,current_demand_lp,random_failure_fixed,Houston -> Atlanta & Atlanta -> Houston,3,Washington DC,Denver,8.8137186,8.813718633130629,0.9999999962410158
26,abilene,11,1.2,current_demand_lp,random_failure_fixed,Houston -> Atlanta & Atlanta -> Houston,4,Sunnyvale,New York,8.7081762,8.70817616731361,1.0000000037535288
26,abilene,11,1.2,current_demand_lp,random_failure_fixed,Houston -> Atlanta & Atlanta -> Houston,5,New York,Los Angeles,8.6385718,8.63857178724346,1.0000000014766954
26,abilene,11,1.2,robust_current_demand_lp,critical_failure_fixed,Denver -> Kansas City & Kansas City -> Denver,1,Kansas City,Sunnyvale,9.296134,9.296134018285981,0.9999999980329478
26,abilene,11,1.2,robust_current_demand_lp,critical_failure_fixed,Denver -> Kansas City & Kansas City -> Denver,2,Washington DC,Denver,8.8137186,8.813718633130629,0.9999999962410158
26,abilene,11,1.2,robust_current_demand_lp,critical_failure_fixed,Denver -> Kansas City & Kansas City -> Denver,3,Sunnyvale,New York,8.7081762,8.70817616731361,1.0000000037535288
26,abilene,11,1.2,robust_current_demand_lp,critical_failure_fixed,Denver -> Kansas City & Kansas City -> Denver,4,Seattle,New York,8.7049453,8.704945326532023,0.9999999969520748
26,abilene,11,1.2,robust_current_demand_lp,critical_failure_fixed,Denver -> Kansas City & Kansas City -> Denver,5,Denver,Washington DC,8.4956654,8.495665397805206,1.0000000002583427
26,abilene,11,1.2,robust_current_demand_lp,random_failure_fixed,Houston -> Atlanta & Atlanta -> Houston,1,New York,Houston,8.9925205,8.992520548543668,0.9999999946017728
26,abilene,11,1.2,robust_current_demand_lp,random_failure_fixed,Houston -> Atlanta & Atlanta -> Houston,2,Houston,Atlanta,8.9524428,8.95244282866438,0.99999999679815
26,abilene,11,1.2,robust_current_demand_lp,random_failure_fixed,Houston -> Atlanta & Atlanta -> Houston,3,Atlanta,Sunnyvale,8.7991139,8.799113933725495,0.9999999961671714
26,abilene,11,1.2,robust_current_demand_lp,random_failure_fixed,Houston -> Atlanta & Atlanta -> Houston,4,New York,Los Angeles,8.6385718,8.63857178724346,1.0000000014766954
26,abilene,11,1.2,robust_current_demand_lp,random_failure_fixed,Houston -> Atlanta & Atlanta -> Houston,5,Washington DC,Los Angeles,8.5912539,8.591253913682271,0.9999999984074186
26,abilene,11,1.2,moving_average,critical_failure_fixed,Kansas City -> Indianapolis & Indianapolis -> Kansas City,1,Atlanta,Sunnyvale,7.7828996,7.782899598292113,1.000000000219441
26,abilene,11,1.2,moving_average,critical_failure_fixed,Kansas City -> Indianapolis & Indianapolis -> Kansas City,2,Indianapolis,Seattle,7.6605653,7.660565321924375,0.9999999971380212
26,abilene,11,1.2,moving_average,critical_failure_fixed,Kansas City -> Indianapolis & Indianapolis -> Kansas City,3,Denver,Washington DC,7.634258,7.634258004264236,0.9999999994414341
26,abilene,11,1.2,moving_average,critical_failure_fixed,Kansas City -> Indianapolis & Indianapolis -> Kansas City,4,Kansas City,New York,7.4824726,7.482472633364994,0.9999999955409135
26,abilene,11,1.2,moving_average,critical_failure_fixed,Kansas City -> Indianapolis & Indianapolis -> Kansas City,5,Seattle,New York,7.4606595,7.460659457918738,1.0000000056404212
26,abilene,11,1.2,moving_average,random_failure_fixed,Houston -> Atlanta & Atlanta -> Houston,1,New York,Houston,7.8139057,7.813905658054162,1.0000000053681013
26,abilene,11,1.2,moving_average,random_failure_fixed,Houston -> Atlanta & Atlanta -> Houston,2,Houston,Atlanta,7.7743788,7.774378753325516,1.0000000060036287
26,abilene,11,1.2,moving_average,random_failure_fixed,Houston -> Atlanta & Atlanta -> Houston,3,Sunnyvale,New York,7.730247,7.730247047537349,0.9999999938504749
26,abilene,11,1.2,moving_average,random_failure_fixed,Houston -> Atlanta & Atlanta -> Houston,4,New York,Los Angeles,7.634632,7.634631998236225,1.000000000231023
26,abilene,11,1.2,moving_average,random_failure_fixed,Houston -> Atlanta & Atlanta -> Houston,5,Washington DC,Denver,7.4785016,7.478501600906405,0.9999999998787986
26,abilene,11,1.2,linear_autoregressive,critical_failure_fixed,Denver -> Kansas City & Kansas City -> Denver,1,Seattle,New York,8.7148752,8.714875172132881,1.0000000031976497
26,abilene,11,1.2,linear_autoregressive,critical_failure_fixed,Denver -> Kansas City & Kansas City -> Denver,2,Chicago,Sunnyvale,8.6727246,8.672724618495742,0.9999999978673666
26,abilene,11,1.2,linear_autoregressive,critical_failure_fixed,Denver -> Kansas City & Kansas City -> Denver,3,Denver,Washington DC,8.6053222,8.605322161462023,1.0000000044783885
26,abilene,11,1.2,linear_autoregressive,critical_failure_fixed,Denver -> Kansas City & Kansas City -> Denver,4,Kansas City,Sunnyvale,8.5848431,8.584843071763872,1.0000000032890675
26,abilene,11,1.2,linear_autoregressive,critical_failure_fixed,Denver -> Kansas City & Kansas City -> Denver,5,Atlanta,Sunnyvale,8.4169805,8.416980464626668,1.0000000042026154
26,abilene,11,1.2,linear_autoregressive,random_failure_fixed,Houston -> Atlanta & Atlanta -> Houston,1,New York,Houston,8.9585906,8.958590560381207,1.000000004422436
26,abilene,11,1.2,linear_autoregressive,random_failure_fixed,Houston -> Atlanta & Atlanta -> Houston,2,Washington DC,Los Angeles,8.8681459,8.868145896840415,1.0000000003562848
26,abilene,11,1.2,linear_autoregressive,random_failure_fixed,Houston -> Atlanta & Atlanta -> Houston,3,Sunnyvale,New York,8.670214,8.670214000009231,0.9999999999989352
26,abilene,11,1.2,linear_autoregressive,random_failure_fixed,Houston -> Atlanta & Atlanta -> Houston,4,New York,Los Angeles,8.6163299,8.616329878674096,1.0000000024750566
26,abilene,11,1.2,linear_autoregressive,random_failure_fixed,Houston -> Atlanta & Atlanta -> Houston,5,Houston,Atlanta,8.5679621,8.567962113927896,0.9999999983744214
26,abilene,11,1.2,lstm,critical_failure_fixed,Denver -> Kansas City & Kansas City -> Denver,1,Kansas City,Sunnyvale,6.3898726,6.3898725509643555,1.0000000076739628
26,abilene,11,1.2,lstm,critical_failure_fixed,Denver -> Kansas City & Kansas City -> Denver,2,Atlanta,Sunnyvale,6.2046547,6.204654693603516,1.0000000010309171
26,abilene,11,1.2,lstm,critical_failure_fixed,Denver -> Kansas City & Kansas City -> Denver,3,Seattle,New York,6.184206,6.184206008911133,0.9999999985590498
26,abilene,11,1.2,lstm,critical_failure_fixed,Denver -> Kansas City & Kansas City -> Denver,4,Denver,Washington DC,6.1540141,6.1540141105651855,0.9999999982832043
26,abilene,11,1.2,lstm,critical_failure_fixed,Denver -> Kansas City & Kansas City -> Denver,5,Indianapolis,Seattle,6.0932937,6.0932936668396,1.0000000054421143
26,abilene,11,1.2,lstm,random_failure_fixed,Houston -> Atlanta & Atlanta -> Houston,1,New York,Los Angeles,6.3579736,6.357973575592041,1.0000000038389527
26,abilene,11,1.2,lstm,random_failure_fixed,Houston -> Atlanta & Atlanta -> Houston,2,New York,Houston,6.3491197,6.349119663238525,1.0000000057900114
26,abilene,11,1.2,lstm,random_failure_fixed,Houston -> Atlanta & Atlanta -> Houston,3,Houston,Atlanta,6.2576308,6.257630825042725,0.9999999959980502
26,abilene,11,1.2,lstm,random_failure_fixed,Houston -> Atlanta & Atlanta -> Houston,4,Sunnyvale,New York,6.1633711,6.1633710861206055,1.000000002251916
26,abilene,11,1.2,lstm,random_failure_fixed,Houston -> Atlanta & Atlanta -> Houston,5,Washington DC,Los Angeles,6.0157719,6.015771865844727,1.000000005677621
26,abilene,11,1.2,uncertainty_aware_lstm_robust_lp,critical_failure_fixed,Denver -> Kansas City & Kansas City -> Denver,1,Kansas City,Sunnyvale,6.7042594,6.704259395599365,1.0000000006563938
26,abilene,11,1.2,uncertainty_aware_lstm_robust_lp,critical_failure_fixed,Denver -> Kansas City & Kansas City -> Denver,2,Seattle,New York,6.4670568,6.467056751251221,1.0000000075380162
26,abilene,11,1.2,uncertainty_aware_lstm_robust_lp,critical_failure_fixed,Denver -> Kansas City & Kansas City -> Denver,3,Chicago,Sunnyvale,6.4499297,6.449929714202881,0.999999997797979
26,abilene,11,1.2,uncertainty_aware_lstm_robust_lp,critical_failure_fixed,Denver -> Kansas City & Kansas City -> Denver,4,Denver,Washington DC,6.4297085,6.429708480834961,1.000000002980701
26,abilene,11,1.2,uncertainty_aware_lstm_robust_lp,critical_failure_fixed,Denver -> Kansas City & Kansas City -> Denver,5,Sunnyvale,New York,6.4294634,6.4294633865356445,1.0000000020941648
26,abilene,11,1.2,uncertainty_aware_lstm_robust_lp,random_failure_fixed,Houston -> Atlanta & Atlanta -> Houston,1,New York,Los Angeles,6.6739364,6.673936367034912,1.000000004939377
26,abilene,11,1.2,uncertainty_aware_lstm_robust_lp,random_failure_fixed,Houston -> Atlanta & Atlanta -> Houston,2,New York,Houston,6.6538005,6.6538004875183105,1.0000000018758737
26,abilene,11,1.2,uncertainty_aware_lstm_robust_lp,random_failure_fixed,Houston -> Atlanta & Atlanta -> Houston,3,Houston,Atlanta,6.5660191,6.566019058227539,1.0000000063619159
26,abilene,11,1.2,uncertainty_aware_lstm_robust_lp,random_failure_fixed,Houston -> Atlanta & Atlanta -> Houston,4,Atlanta,Sunnyvale,6.4828291,6.4828290939331055,1.0000000009358405
26,abilene,11,1.2,uncertainty_aware_lstm_robust_lp,random_failure_fixed,Houston -> Atlanta & Atlanta -> Houston,5,Denver,Washington DC,6.4297085,6.429708480834961,1.000000002980701
27,abilene,11,1.2,current_demand_lp,critical_failure_fixed,Kansas City -> Indianapolis & Indianapolis -> Kansas City,1,Chicago,Sunnyvale,15.616578,15.61657762662393,1.0000000239089561
27,abilene,11,1.2,current_demand_lp,critical_failure_fixed,Kansas City -> Indianapolis & Indianapolis -> Kansas City,2,Denver,Washington DC,8.8549033,8.854903330280951,0.9999999965803182
27,abilene,11,1.2,current_demand_lp,critical_failure_fixed,Kansas City -> Indianapolis & Indianapolis -> Kansas City,3,Indianapolis,Seattle,8.8332595,8.833259488992447,1.0000000012461485
27,abilene,11,1.2,current_demand_lp,critical_failure_fixed,Kansas City -> Indianapolis & Indianapolis -> Kansas City,4,Sunnyvale,Indianapolis,8.7148365,8.71483654974226,0.9999999942922326
27,abilene,11,1.2,current_demand_lp,critical_failure_fixed,Kansas City -> Indianapolis & Indianapolis -> Kansas City,5,Chicago,Kansas City,8.6685509,8.668550860251623,1.0000000045853543
27,abilene,11,1.2,current_demand_lp,random_failure_fixed,New York -> Chicago & Chicago -> New York,1,Seattle,New York,8.5640529,8.564052866372288,1.000000003926612
27,abilene,11,1.2,current_demand_lp,random_failure_fixed,New York -> Chicago & Chicago -> New York,2,Kansas City,New York,8.3778923,8.377892312986118,0.9999999984499539
27,abilene,11,1.2,current_demand_lp,random_failure_fixed,New York -> Chicago & Chicago -> New York,3,New York,Seattle,7.8438942,7.843894247812767,0.9999999939044605
27,abilene,11,1.2,current_demand_lp,random_failure_fixed,New York -> Chicago & Chicago -> New York,4,Chicago,New York,6.7287712,6.728771173008418,1.0000000040113686
27,abilene,11,1.2,current_demand_lp,random_failure_fixed,New York -> Chicago & Chicago -> New York,5,New York,Chicago,6.4271432,6.427143213871464,0.9999999978417372
27,abilene,11,1.2,robust_current_demand_lp,critical_failure_fixed,Kansas City -> Indianapolis & Indianapolis -> Kansas City,1,Chicago,Sunnyvale,15.616578,15.61657762662393,1.0000000239089561
27,abilene,11,1.2,robust_current_demand_lp,critical_failure_fixed,Kansas City -> Indianapolis & Indianapolis -> Kansas City,2,Denver,Washington DC,8.8549033,8.854903330280951,0.9999999965803182
27,abilene,11,1.2,robust_current_demand_lp,critical_failure_fixed,Kansas City -> Indianapolis & Indianapolis -> Kansas City,3,Indianapolis,Seattle,8.8332595,8.833259488992447,1.0000000012461485
27,abilene,11,1.2,robust_current_demand_lp,critical_failure_fixed,Kansas City -> Indianapolis & Indianapolis -> Kansas City,4,Sunnyvale,New York,8.7523367,8.752336726514827,0.9999999969705432
27,abilene,11,1.2,robust_current_demand_lp,critical_failure_fixed,Kansas City -> Indianapolis & Indianapolis -> Kansas City,5,Sunnyvale,Indianapolis,8.7148365,8.71483654974226,0.9999999942922326
27,abilene,11,1.2,robust_current_demand_lp,random_failure_fixed,New York -> Chicago & Chicago -> New York,1,Sunnyvale,New York,8.7523367,8.752336726514827,0.9999999969705432
27,abilene,11,1.2,robust_current_demand_lp,random_failure_fixed,New York -> Chicago & Chicago -> New York,2,Seattle,New York,8.5640529,8.564052866372288,1.000000003926612
27,abilene,11,1.2,robust_current_demand_lp,random_failure_fixed,New York -> Chicago & Chicago -> New York,3,Kansas City,New York,8.3778923,8.377892312986118,0.9999999984499539
27,abilene,11,1.2,robust_current_demand_lp,random_failure_fixed,New York -> Chicago & Chicago -> New York,4,New York,Seattle,7.8438942,7.843894247812767,0.9999999939044605
27,abilene,11,1.2,robust_current_demand_lp,random_failure_fixed,New York -> Chicago & Chicago -> New York,5,Chicago,New York,6.7287712,6.728771173008418,1.0000000040113686
27,abilene,11,1.2,moving_average,critical_failure_fixed,Denver -> Kansas City & Kansas City -> Denver,1,Chicago,Sunnyvale,9.362646,9.362646013099457,0.9999999986008808
27,abilene,11,1.2,moving_average,critical_failure_fixed,Denver -> Kansas City & Kansas City -> Denver,2,Kansas City,Sunnyvale,8.6808462,8.68084621518569,0.999999998250667
27,abilene,11,1.2,moving_average,critical_failure_fixed,Denver -> Kansas City & Kansas City -> Denver,3,Atlanta,Sunnyvale,8.2812339,8.281233888366685,1.0000000014047803
27,abilene,11,1.2,moving_average,critical_failure_fixed,Denver -> Kansas City & Kansas City -> Denver,4,Indianapolis,Seattle,8.2412031,8.24120306869916,1.000000003798091
27,abilene,11,1.2,moving_average,critical_failure_fixed,Denver -> Kansas City & Kansas City -> Denver,5,Denver,Washington DC,8.2165198,8.216519794087633,1.0000000007195708
27,abilene,11,1.2,moving_average,random_failure_fixed,New York -> Chicago & Chicago -> New York,1,Seattle,New York,8.1124868,8.112486819840782,0.9999999975542908
27,abilene,11,1.2,moving_average,random_failure_fixed,New York -> Chicago & Chicago -> New York,2,Kansas City,New York,8.024817,8.024817028071269,0.9999999965019429
27,abilene,11,1.2,moving_average,random_failure_fixed,New York -> Chicago & Chicago -> New York,3,Chicago,New York,6.1740896,6.174089626971105,0.9999999956315657
27,abilene,11,1.2,moving_average,random_failure_fixed,New York -> Chicago & Chicago -> New York,4,New York,Chicago,6.1319799,6.131979878252284,1.000000003546606
27,abilene,11,1.2,moving_average,random_failure_fixed,New York -> Chicago & Chicago -> New York,5,Washington DC,Chicago,5.9216533,5.9216533259803015,0.9999999956126608
27,abilene,11,1.2,linear_autoregressive,critical_failure_fixed,Kansas City -> Indianapolis & Indianapolis -> Kansas City,1,Indianapolis,Seattle,9.3254687,9.32546866103499,1.0000000041783434
27,abilene,11,1.2,linear_autoregressive,critical_failure_fixed,Kansas City -> Indianapolis & Indianapolis -> Kansas City,2,Sunnyvale,Indianapolis,9.250777,9.250776971253492,1.0000000031074696
27,abilene,11,1.2,linear_autoregressive,critical_failure_fixed,Kansas City -> Indianapolis & Indianapolis -> Kansas City,3,Atlanta,Sunnyvale,9.2199394,9.21993938342013,1.0000000017982624
27,abilene,11,1.2,linear_autoregressive,critical_failure_fixed,Kansas City -> Indianapolis & Indianapolis -> Kansas City,4,Seattle,New York,9.0610341,9.061034106001372,0.9999999993376725
27,abilene,11,1.2,linear_autoregressive,critical_failure_fixed,Kansas City -> Indianapolis & Indianapolis -> Kansas City,5,Chicago,Kansas City,9.0034283,9.003428329951486,0.9999999966733243
27,abilene,11,1.2,linear_autoregressive,random_failure_fixed,New York -> Chicago & Chicago -> New York,1,Seattle,New York,9.0610341,9.061034106001372,0.9999999993376725
27,abilene,11,1.2,linear_autoregressive,random_failure_fixed,New York -> Chicago & Chicago -> New York,2,Kansas City,New York,8.9461994,8.946199449451726,0.9999999944723201
27,abilene,11,1.2,linear_autoregressive,random_failure_fixed,New York -> Chicago & Chicago -> New York,3,Washington DC,Chicago,7.2212847,7.221284691617639,1.0000000011607852
27,abilene,11,1.2,linear_autoregressive,random_failure_fixed,New York -> Chicago & Chicago -> New York,4,Chicago,New York,7.1947376,7.194737554106634,1.0000000063787406
27,abilene,11,1.2,linear_autoregressive,random_failure_fixed,New York -> Chicago & Chicago -> New York,5,New York,Chicago,6.7526358,6.752635845791786,0.9999999932186798
27,abilene,11,1.2,lstm,critical_failure_fixed,Denver -> Kansas City & Kansas City -> Denver,1,Kansas City,Sunnyvale,6.3898726,6.3898725509643555,1.0000000076739628
27,abilene,11,1.2,lstm,critical_failure_fixed,Denver -> Kansas City & Kansas City -> Denver,2,Atlanta,Sunnyvale,6.2046547,6.204654693603516,1.0000000010309171
27,abilene,11,1.2,lstm,critical_failure_fixed,Denver -> Kansas City & Kansas City -> Denver,3,Seattle,New York,6.184206,6.184206008911133,0.9999999985590498
27,abilene,11,1.2,lstm,critical_failure_fixed,Denver -> Kansas City & Kansas City -> Denver,4,Denver,Washington DC,6.1540141,6.1540141105651855,0.9999999982832043
27,abilene,11,1.2,lstm,critical_failure_fixed,Denver -> Kansas City & Kansas City -> Denver,5,Indianapolis,Seattle,6.0932937,6.0932936668396,1.0000000054421143
27,abilene,11,1.2,lstm,random_failure_fixed,New York -> Chicago & Chicago -> New York,1,Seattle,New York,6.184206,6.184206008911133,0.9999999985590498
27,abilene,11,1.2,lstm,random_failure_fixed,New York -> Chicago & Chicago -> New York,2,Kansas City,New York,6.0029826,6.0029826164245605,0.9999999972639334
27,abilene,11,1.2,lstm,random_failure_fixed,New York -> Chicago & Chicago -> New York,3,Chicago,New York,4.6637712,4.663771152496338,1.000000010185676
27,abilene,11,1.2,lstm,random_failure_fixed,New York -> Chicago & Chicago -> New York,4,New York,Chicago,4.6511984,4.651198387145996,1.0000000027635898
27,abilene,11,1.2,lstm,random_failure_fixed,New York -> Chicago & Chicago -> New York,5,Washington DC,Chicago,4.6182442,4.618244171142578,1.00000000624857
27,abilene,11,1.2,uncertainty_aware_lstm_robust_lp,critical_failure_fixed,Kansas City -> Indianapolis & Indianapolis -> Kansas City,1,Seattle,New York,6.4670568,6.467056751251221,1.0000000075380162
27,abilene,11,1.2,uncertainty_aware_lstm_robust_lp,critical_failure_fixed,Kansas City -> Indianapolis & Indianapolis -> Kansas City,2,Chicago,Sunnyvale,6.4499297,6.449929714202881,0.999999997797979
27,abilene,11,1.2,uncertainty_aware_lstm_robust_lp,critical_failure_fixed,Kansas City -> Indianapolis & Indianapolis -> Kansas City,3,Sunnyvale,New York,6.4294634,6.4294633865356445,1.0000000020941648
27,abilene,11,1.2,uncertainty_aware_lstm_robust_lp,critical_failure_fixed,Kansas City -> Indianapolis & Indianapolis -> Kansas City,4,Indianapolis,Seattle,6.3831744,6.383174419403076,0.9999999969602779
27,abilene,11,1.2,uncertainty_aware_lstm_robust_lp,critical_failure_fixed,Kansas City -> Indianapolis & Indianapolis -> Kansas City,5,Kansas City,New York,6.2973099,6.297309875488281,1.000000003892411
27,abilene,11,1.2,uncertainty_aware_lstm_robust_lp,random_failure_fixed,New York -> Chicago & Chicago -> New York,1,Seattle,New York,6.4670568,6.467056751251221,1.0000000075380162
27,abilene,11,1.2,uncertainty_aware_lstm_robust_lp,random_failure_fixed,New York -> Chicago & Chicago -> New York,2,Sunnyvale,New York,6.4294634,6.4294633865356445,1.0000000020941648
27,abilene,11,1.2,uncertainty_aware_lstm_robust_lp,random_failure_fixed,New York -> Chicago & Chicago -> New York,3,Kansas City,New York,6.2973099,6.297309875488281,1.000000003892411
27,abilene,11,1.2,uncertainty_aware_lstm_robust_lp,random_failure_fixed,New York -> Chicago & Chicago -> New York,4,Chicago,New York,4.8937702,4.893770217895508,0.9999999963432062
27,abilene,11,1.2,uncertainty_aware_lstm_robust_lp,random_failure_fixed,New York -> Chicago & Chicago -> New York,5,New York,Chicago,4.8856111,4.885611057281494,1.0000000087437386
28,abilene,11,1.2,current_demand_lp,critical_failure_fixed,Denver -> Kansas City & Kansas City -> Denver,1,Kansas City,Sunnyvale,9.0191747,9.019174680531968,1.000000002158516
28,abilene,11,1.2,current_demand_lp,critical_failure_fixed,Denver -> Kansas City & Kansas City -> Denver,2,Atlanta,Sunnyvale,8.7190238,8.719023842009458,0.9999999951818623
28,abilene,11,1.2,current_demand_lp,critical_failure_fixed,Denver -> Kansas City & Kansas City -> Denver,3,Indianapolis,Seattle,8.5828804,8.582880405711222,0.9999999993345798
28,abilene,11,1.2,current_demand_lp,critical_failure_fixed,Denver -> Kansas City & Kansas City -> Denver,4,Washington DC,Denver,8.2178081,8.217808053746504,1.0000000056284468
28,abilene,11,1.2,current_demand_lp,critical_failure_fixed,Denver -> Kansas City & Kansas City -> Denver,5,Denver,Washington DC,8.0631588,8.063158770075663,1.0000000037112424
28,abilene,11,1.2,current_demand_lp,random_failure_fixed,Denver -> Kansas City & Kansas City -> Denver,1,Kansas City,Sunnyvale,9.0191747,9.019174680531968,1.000000002158516
28,abilene,11,1.2,current_demand_lp,random_failure_fixed,Denver -> Kansas City & Kansas City -> Denver,2,Atlanta,Sunnyvale,8.7190238,8.719023842009458,0.9999999951818623
28,abilene,11,1.2,current_demand_lp,random_failure_fixed,Denver -> Kansas City & Kansas City -> Denver,3,Indianapolis,Seattle,8.5828804,8.582880405711222,0.9999999993345798
28,abilene,11,1.2,current_demand_lp,random_failure_fixed,Denver -> Kansas City & Kansas City -> Denver,4,Washington DC,Denver,8.2178081,8.217808053746504,1.0000000056284468
28,abilene,11,1.2,current_demand_lp,random_failure_fixed,Denver -> Kansas City & Kansas City -> Denver,5,Denver,Washington DC,8.0631588,8.063158770075663,1.0000000037112424
28,abilene,11,1.2,robust_current_demand_lp,critical_failure_fixed,Denver -> Kansas City & Kansas City -> Denver,1,Kansas City,Sunnyvale,9.0191747,9.019174680531968,1.000000002158516
28,abilene,11,1.2,robust_current_demand_lp,critical_failure_fixed,Denver -> Kansas City & Kansas City -> Denver,2,Indianapolis,Seattle,8.5828804,8.582880405711222,0.9999999993345798
28,abilene,11,1.2,robust_current_demand_lp,critical_failure_fixed,Denver -> Kansas City & Kansas City -> Denver,3,Sunnyvale,New York,8.4287374,8.428737444340722,0.9999999947393399
28,abilene,11,1.2,robust_current_demand_lp,critical_failure_fixed,Denver -> Kansas City & Kansas City -> Denver,4,Washington DC,Denver,8.2178081,8.217808053746504,1.0000000056284468
28,abilene,11,1.2,robust_current_demand_lp,critical_failure_fixed,Denver -> Kansas City & Kansas City -> Denver,5,Denver,Washington DC,8.0631588,8.063158770075663,1.0000000037112424
28,abilene,11,1.2,robust_current_demand_lp,random_failure_fixed,Denver -> Kansas City & Kansas City -> Denver,1,Kansas City,Sunnyvale,9.0191747,9.019174680531968,1.000000002158516
28,abilene,11,1.2,robust_current_demand_lp,random_failure_fixed,Denver -> Kansas City & Kansas City -> Denver,2,Indianapolis,Seattle,8.5828804,8.582880405711222,0.9999999993345798
28,abilene,11,1.2,robust_current_demand_lp,random_failure_fixed,Denver -> Kansas City & Kansas City -> Denver,3,Sunnyvale,New York,8.4287374,8.428737444340722,0.9999999947393399
28,abilene,11,1.2,robust_current_demand_lp,random_failure_fixed,Denver -> Kansas City & Kansas City -> Denver,4,Washington DC,Denver,8.2178081,8.217808053746504,1.0000000056284468
28,abilene,11,1.2,robust_current_demand_lp,random_failure_fixed,Denver -> Kansas City & Kansas City -> Denver,5,Denver,Washington DC,8.0631588,8.063158770075663,1.0000000037112424
28,abilene,11,1.2,moving_average,critical_failure_fixed,Denver -> Kansas City & Kansas City -> Denver,1,Chicago,Sunnyvale,9.7053974,9.705397370272514,1.000000003062985
28,abilene,11,1.2,moving_average,critical_failure_fixed,Denver -> Kansas City & Kansas City -> Denver,2,Kansas City,Sunnyvale,8.9651905,8.965190479701304,1.0000000022641677
28,abilene,11,1.2,moving_average,critical_failure_fixed,Denver -> Kansas City & Kansas City -> Denver,3,Atlanta,Sunnyvale,8.5242278,8.524227773581654,1.0000000030992071
28,abilene,11,1.2,moving_average,critical_failure_fixed,Denver -> Kansas City & Kansas City -> Denver,4,Indianapolis,Seattle,8.4712279,8.471227928304804,0.999999996658713
28,abilene,11,1.2,moving_average,critical_failure_fixed,Denver -> Kansas City & Kansas City -> Denver,5,Washington DC,Denver,8.3900781,8.390078136782174,0.9999999956159915
28,abilene,11,1.2,moving_average,random_failure_fixed,Denver -> Kansas City & Kansas City -> Denver,1,Chicago,Sunnyvale,9.7053974,9.705397370272514,1.000000003062985
28,abilene,11,1.2,moving_average,random_failure_fixed,Denver -> Kansas City & Kansas City -> Denver,2,Kansas City,Sunnyvale,8.9651905,8.965190479701304,1.0000000022641677
28,abilene,11,1.2,moving_average,random_failure_fixed,Denver -> Kansas City & Kansas City -> Denver,3,Atlanta,Sunnyvale,8.5242278,8.524227773581654,1.0000000030992071
28,abilene,11,1.2,moving_average,random_failure_fixed,Denver -> Kansas City & Kansas City -> Denver,4,Indianapolis,Seattle,8.4712279,8.471227928304804,0.999999996658713
28,abilene,11,1.2,moving_average,random_failure_fixed,Denver -> Kansas City & Kansas City -> Denver,5,Washington DC,Denver,8.3900781,8.390078136782174,0.9999999956159915
28,abilene,11,1.2,linear_autoregressive,critical_failure_fixed,Denver -> Kansas City & Kansas City -> Denver,1,Kansas City,Sunnyvale,7.9879013,7.987901322439178,0.9999999971908543
28,abilene,11,1.2,linear_autoregressive,critical_failure_fixed,Denver -> Kansas City & Kansas City -> Denver,2,Atlanta,Sunnyvale,7.7318001,7.73180014514218,0.9999999941614917
28,abilene,11,1.2,linear_autoregressive,critical_failure_fixed,Denver -> Kansas City & Kansas City -> Denver,3,Seattle,New York,7.6871677,7.687167748659663,0.9999999936700141
28,abilene,11,1.2,linear_autoregressive,critical_failure_fixed,Denver -> Kansas City & Kansas City -> Denver,4,Denver,Washington DC,7.6041572,7.6041571914794375,1.0000000011205137
28,abilene,11,1.2,linear_autoregressive,critical_failure_fixed,Denver -> Kansas City & Kansas City -> Denver,5,Washington DC,Denver,7.5709304,7.570930396627049,1.0000000004455134
28,abilene,11,1.2,linear_autoregressive,random_failure_fixed,Denver -> Kansas City & Kansas City -> Denver,1,Kansas City,Sunnyvale,7.9879013,7.987901322439178,0.9999999971908543
28,abilene,11,1.2,linear_autoregressive,random_failure_fixed,Denver -> Kansas City & Kansas City -> Denver,2,Atlanta,Sunnyvale,7.7318001,7.73180014514218,0.9999999941614917
28,abilene,11,1.2,linear_autoregressive,random_failure_fixed,Denver -> Kansas City & Kansas City -> Denver,3,Seattle,New York,7.6871677,7.687167748659663,0.9999999936700141
28,abilene,11,1.2,linear_autoregressive,random_failure_fixed,Denver -> Kansas City & Kansas City -> Denver,4,Denver,Washington DC,7.6041572,7.6041571914794375,1.0000000011205137
28,abilene,11,1.2,linear_autoregressive,random_failure_fixed,Denver -> Kansas City & Kansas City -> Denver,5,Washington DC,Denver,7.5709304,7.570930396627049,1.0000000004455134
28,abilene,11,1.2,lstm,critical_failure_fixed,Denver -> Kansas City & Kansas City -> Denver,1,Kansas City,Sunnyvale,6.3898726,6.3898725509643555,1.0000000076739628
28,abilene,11,1.2,lstm,critical_failure_fixed,Denver -> Kansas City & Kansas City -> Denver,2,Atlanta,Sunnyvale,6.2046547,6.204654693603516,1.0000000010309171
28,abilene,11,1.2,lstm,critical_failure_fixed,Denver -> Kansas City & Kansas City -> Denver,3,Seattle,New York,6.184206,6.184206008911133,0.9999999985590498
28,abilene,11,1.2,lstm,critical_failure_fixed,Denver -> Kansas City & Kansas City -> Denver,4,Denver,Washington DC,6.1540141,6.1540141105651855,0.9999999982832043
28,abilene,11,1.2,lstm,critical_failure_fixed,Denver -> Kansas City & Kansas City -> Denver,5,Indianapolis,Seattle,6.0932937,6.0932936668396,1.0000000054421143
28,abilene,11,1.2,lstm,random_failure_fixed,Denver -> Kansas City & Kansas City -> Denver,1,Kansas City,Sunnyvale,6.3898726,6.3898725509643555,1.0000000076739628
28,abilene,11,1.2,lstm,random_failure_fixed,Denver -> Kansas City & Kansas City -> Denver,2,Atlanta,Sunnyvale,6.2046547,6.204654693603516,1.0000000010309171
28,abilene,11,1.2,lstm,random_failure_fixed,Denver -> Kansas City & Kansas City -> Denver,3,Seattle,New York,6.184206,6.184206008911133,0.9999999985590498
28,abilene,11,1.2,lstm,random_failure_fixed,Denver -> Kansas City & Kansas City -> Denver,4,Denver,Washington DC,6.1540141,6.1540141105651855,0.9999999982832043
28,abilene,11,1.2,lstm,random_failure_fixed,Denver -> Kansas City & Kansas City -> Denver,5,Indianapolis,Seattle,6.0932937,6.0932936668396,1.0000000054421143
28,abilene,11,1.2,uncertainty_aware_lstm_robust_lp,critical_failure_fixed,Kansas City -> Indianapolis & Indianapolis -> Kansas City,1,Seattle,New York,6.4670568,6.467056751251221,1.0000000075380162
28,abilene,11,1.2,uncertainty_aware_lstm_robust_lp,critical_failure_fixed,Kansas City -> Indianapolis & Indianapolis -> Kansas City,2,Chicago,Sunnyvale,6.4499297,6.449929714202881,0.999999997797979
28,abilene,11,1.2,uncertainty_aware_lstm_robust_lp,critical_failure_fixed,Kansas City -> Indianapolis & Indianapolis -> Kansas City,3,Sunnyvale,New York,6.4294634,6.4294633865356445,1.0000000020941648
28,abilene,11,1.2,uncertainty_aware_lstm_robust_lp,critical_failure_fixed,Kansas City -> Indianapolis & Indianapolis -> Kansas City,4,Indianapolis,Seattle,6.3831744,6.383174419403076,0.9999999969602779
28,abilene,11,1.2,uncertainty_aware_lstm_robust_lp,critical_failure_fixed,Kansas City -> Indianapolis & Indianapolis -> Kansas City,5,Kansas City,New York,6.2973099,6.297309875488281,1.000000003892411
28,abilene,11,1.2,uncertainty_aware_lstm_robust_lp,random_failure_fixed,Denver -> Kansas City & Kansas City -> Denver,1,Kansas City,Sunnyvale,6.7042594,6.704259395599365,1.0000000006563938
28,abilene,11,1.2,uncertainty_aware_lstm_robust_lp,random_failure_fixed,Denver -> Kansas City & Kansas City -> Denver,2,Seattle,New York,6.4670568,6.467056751251221,1.0000000075380162
28,abilene,11,1.2,uncertainty_aware_lstm_robust_lp,random_failure_fixed,Denver -> Kansas City & Kansas City -> Denver,3,Chicago,Sunnyvale,6.4499297,6.449929714202881,0.999999997797979
28,abilene,11,1.2,uncertainty_aware_lstm_robust_lp,random_failure_fixed,Denver -> Kansas City & Kansas City -> Denver,4,Denver,Washington DC,6.4297085,6.429708480834961,1.000000002980701
28,abilene,11,1.2,uncertainty_aware_lstm_robust_lp,random_failure_fixed,Denver -> Kansas City & Kansas City -> Denver,5,Sunnyvale,New York,6.4294634,6.4294633865356445,1.0000000020941648
29,abilene,11,1.2,current_demand_lp,critical_failure_fixed,Denver -> Kansas City & Kansas City -> Denver,1,Kansas City,Sunnyvale,7.6886372,7.688637200441501,0.9999999999425775
29,abilene,11,1.2,current_demand_lp,critical_failure_fixed,Denver -> Kansas City & Kansas City -> Denver,2,Atlanta,Sunnyvale,7.6031285,7.6031284565520645,1.0000000057144813
29,abilene,11,1.2,current_demand_lp,critical_failure_fixed,Denver -> Kansas City & Kansas City -> Denver,3,Denver,Washington DC,7.3453905,7.345390533772268,0.9999999954022502
29,abilene,11,1.2,current_demand_lp,critical_failure_fixed,Denver -> Kansas City & Kansas City -> Denver,4,Sunnyvale,Indianapolis,7.2878819,7.287881912177024,0.9999999983291409
29,abilene,11,1.2,current_demand_lp,critical_failure_fixed,Denver -> Kansas City & Kansas City -> Denver,5,Houston,Seattle,7.2865147,7.286514661478484,1.0000000052866862
29,abilene,11,1.2,current_demand_lp,random_failure_fixed,Atlanta -> Indianapolis & Indianapolis -> Atlanta,1,Atlanta,Sunnyvale,7.6031285,7.6031284565520645,1.0000000057144813
29,abilene,11,1.2,current_demand_lp,random_failure_fixed,Atlanta -> Indianapolis & Indianapolis -> Atlanta,2,Chicago,Atlanta,7.5475896,7.547589622576377,0.9999999970087964
29,abilene,11,1.2,current_demand_lp,random_failure_fixed,Atlanta -> Indianapolis & Indianapolis -> Atlanta,3,Denver,Washington DC,7.3453905,7.345390533772268,0.9999999954022502
29,abilene,11,1.2,current_demand_lp,random_failure_fixed,Atlanta -> Indianapolis & Indianapolis -> Atlanta,4,Atlanta,Seattle,7.2554785,7.255478534623619,0.9999999952279344
29,abilene,11,1.2,current_demand_lp,random_failure_fixed,Atlanta -> Indianapolis & Indianapolis -> Atlanta,5,Kansas City,Atlanta,6.7954085,6.795408470459356,1.0000000043471475
29,abilene,11,1.2,robust_current_demand_lp,critical_failure_fixed,Denver -> Kansas City & Kansas City -> Denver,1,Kansas City,Sunnyvale,7.6886372,7.688637200441501,0.9999999999425775
29,abilene,11,1.2,robust_current_demand_lp,critical_failure_fixed,Denver -> Kansas City & Kansas City -> Denver,2,Denver,Washington DC,7.3453905,7.345390533772268,0.9999999954022502
29,abilene,11,1.2,robust_current_demand_lp,critical_failure_fixed,Denver -> Kansas City & Kansas City -> Denver,3,Sunnyvale,Indianapolis,7.2878819,7.287881912177024,0.9999999983291409
29,abilene,11,1.2,robust_current_demand_lp,critical_failure_fixed,Denver -> Kansas City & Kansas City -> Denver,4,Houston,Seattle,7.2865147,7.286514661478484,1.0000000052866862
29,abilene,11,1.2,robust_current_demand_lp,critical_failure_fixed,Denver -> Kansas City & Kansas City -> Denver,5,Atlanta,Seattle,7.2554785,7.255478534623619,0.9999999952279344
29,abilene,11,1.2,robust_current_demand_lp,random_failure_fixed,Atlanta -> Indianapolis & Indianapolis -> Atlanta,1,Chicago,Atlanta,7.5475896,7.547589622576377,0.9999999970087964
29,abilene,11,1.2,robust_current_demand_lp,random_failure_fixed,Atlanta -> Indianapolis & Indianapolis -> Atlanta,2,Atlanta,Seattle,7.2554785,7.255478534623619,0.9999999952279344
29,abilene,11,1.2,robust_current_demand_lp,random_failure_fixed,Atlanta -> Indianapolis & Indianapolis -> Atlanta,3,Washington DC,Denver,7.1637303,7.163730261404201,1.0000000053876679
29,abilene,11,1.2,robust_current_demand_lp,random_failure_fixed,Atlanta -> Indianapolis & Indianapolis -> Atlanta,4,Denver,Atlanta,6.3852432,6.385243182915933,1.0000000026755547
29,abilene,11,1.2,robust_current_demand_lp,random_failure_fixed,Atlanta -> Indianapolis & Indianapolis -> Atlanta,5,Indianapolis,Houston,6.3622445,6.362244473788,1.0000000041199297
29,abilene,11,1.2,moving_average,critical_failure_fixed,Denver -> Kansas City & Kansas City -> Denver,1,Chicago,Sunnyvale,9.6091428,9.609142830314257,0.9999999968452695
29,abilene,11,1.2,moving_average,critical_failure_fixed,Denver -> Kansas City & Kansas City -> Denver,2,Kansas City,Sunnyvale,8.7739874,8.773987358451857,1.0000000047353776
29,abilene,11,1.2,moving_average,critical_failure_fixed,Denver -> Kansas City & Kansas City -> Denver,3,Atlanta,Sunnyvale,8.4358302,8.435830224066986,0.9999999971470518
29,abilene,11,1.2,moving_average,critical_failure_fixed,Denver -> Kansas City & Kansas City -> Denver,4,Indianapolis,Seattle,8.2187016,8.218701585930397,1.0000000017119008
29,abilene,11,1.2,moving_average,critical_failure_fixed,Denver -> Kansas City & Kansas City -> Denver,5,Denver,Washington DC,8.1897795,8.189779507983523,0.9999999990251845
29,abilene,11,1.2,moving_average,random_failure_fixed,Atlanta -> Indianapolis & Indianapolis -> Atlanta,1,Chicago,Atlanta,8.6626638,8.662663767061165,1.000000003802391
29,abilene,11,1.2,moving_average,random_failure_fixed,Atlanta -> Indianapolis & Indianapolis -> Atlanta,2,Atlanta,Sunnyvale,8.4358302,8.435830224066986,0.9999999971470518
29,abilene,11,1.2,moving_average,random_failure_fixed,Atlanta -> Indianapolis & Indianapolis -> Atlanta,3,Denver,Washington DC,8.1897795,8.189779507983523,0.9999999990251845
29,abilene,11,1.2,moving_average,random_failure_fixed,Atlanta -> Indianapolis & Indianapolis -> Atlanta,4,Atlanta,Seattle,7.7605916,7.760591583239349,1.000000002159713
29,abilene,11,1.2,moving_average,random_failure_fixed,Atlanta -> Indianapolis & Indianapolis -> Atlanta,5,Kansas City,Atlanta,7.7595306,7.75953062312934,0.9999999970192346
29,abilene,11,1.2,linear_autoregressive,critical_failure_fixed,Denver -> Kansas City & Kansas City -> Denver,1,Kansas City,Sunnyvale,7.8051312,7.80513120334402,0.9999999995715613
29,abilene,11,1.2,linear_autoregressive,critical_failure_fixed,Denver -> Kansas City & Kansas City -> Denver,2,Denver,Washington DC,7.5024027,7.502402710877231,0.9999999985501671
29,abilene,11,1.2,linear_autoregressive,critical_failure_fixed,Denver -> Kansas City & Kansas City -> Denver,3,Atlanta,Sunnyvale,7.4658024,7.465802449508537,0.9999999933686249
29,abilene,11,1.2,linear_autoregressive,critical_failure_fixed,Denver -> Kansas City & Kansas City -> Denver,4,Seattle,New York,7.4098347,7.409834734830164,0.9999999952994683
29,abilene,11,1.2,linear_autoregressive,critical_failure_fixed,Denver -> Kansas City & Kansas City -> Denver,5,Indianapolis,Seattle,7.2913173,7.291317339197691,0.9999999946240592
29,abilene,11,1.2,linear_autoregressive,random_failure_fixed,Atlanta -> Indianapolis & Indianapolis -> Atlanta,1,Chicago,Atlanta,7.8516217,7.851621708830416,0.9999999988753385
29,abilene,11,1.2,linear_autoregressive,random_failure_fixed,Atlanta -> Indianapolis & Indianapolis -> Atlanta,2,Denver,Washington DC,7.5024027,7.502402710877231,0.9999999985501671
29,abilene,11,1.2,linear_autoregressive,random_failure_fixed,Atlanta -> Indianapolis & Indianapolis -> Atlanta,3,Atlanta,Sunnyvale,7.4658024,7.465802449508537,0.9999999933686249
29,abilene,11,1.2,linear_autoregressive,random_failure_fixed,Atlanta -> Indianapolis & Indianapolis -> Atlanta,4,Kansas City,Atlanta,6.8344156,6.834415600100332,0.9999999999853195
29,abilene,11,1.2,linear_autoregressive,random_failure_fixed,Atlanta -> Indianapolis & Indianapolis -> Atlanta,5,Atlanta,Seattle,6.8309882,6.830988158619542,1.0000000060577559
29,abilene,11,1.2,lstm,critical_failure_fixed,Denver -> Kansas City & Kansas City -> Denver,1,Kansas City,Sunnyvale,6.3898726,6.3898725509643555,1.0000000076739628
29,abilene,11,1.2,lstm,critical_failure_fixed,Denver -> Kansas City & Kansas City -> Denver,2,Atlanta,Sunnyvale,6.2046547,6.204654693603516,1.0000000010309171
29,abilene,11,1.2,lstm,critical_failure_fixed,Denver -> Kansas City & Kansas City -> Denver,3,Seattle,New York,6.184206,6.184206008911133,0.9999999985590498
29,abilene,11,1.2,lstm,critical_failure_fixed,Denver -> Kansas City & Kansas City -> Denver,4,Denver,Washington DC,6.1540141,6.1540141105651855,0.9999999982832043
29,abilene,11,1.2,lstm,critical_failure_fixed,Denver -> Kansas City & Kansas City -> Denver,5,Indianapolis,Seattle,6.0932937,6.0932936668396,1.0000000054421143
29,abilene,11,1.2,lstm,random_failure_fixed,Atlanta -> Indianapolis & Indianapolis -> Atlanta,1,Chicago,Atlanta,6.4315414,6.431541442871094,0.9999999933342428
29,abilene,11,1.2,lstm,random_failure_fixed,Atlanta -> Indianapolis & Indianapolis -> Atlanta,2,Atlanta,Sunnyvale,6.2046547,6.204654693603516,1.0000000010309171
29,abilene,11,1.2,lstm,random_failure_fixed,Atlanta -> Indianapolis & Indianapolis -> Atlanta,3,Denver,Washington DC,6.1540141,6.1540141105651855,0.9999999982832043
29,abilene,11,1.2,lstm,random_failure_fixed,Atlanta -> Indianapolis & Indianapolis -> Atlanta,4,Atlanta,Seattle,5.7067385,5.706738471984863,1.0000000049091329
29,abilene,11,1.2,lstm,random_failure_fixed,Atlanta -> Indianapolis & Indianapolis -> Atlanta,5,Kansas City,Atlanta,5.6909108,5.690910816192627,0.9999999971546512
29,abilene,11,1.2,uncertainty_aware_lstm_robust_lp,critical_failure_fixed,Kansas City -> Indianapolis & Indianapolis -> Kansas City,1,Seattle,New York,6.4670568,6.467056751251221,1.0000000075380162
29,abilene,11,1.2,uncertainty_aware_lstm_robust_lp,critical_failure_fixed,Kansas City -> Indianapolis & Indianapolis -> Kansas City,2,Chicago,Sunnyvale,6.4499297,6.449929714202881,0.999999997797979
29,abilene,11,1.2,uncertainty_aware_lstm_robust_lp,critical_failure_fixed,Kansas City -> Indianapolis & Indianapolis -> Kansas City,3,Sunnyvale,New York,6.4294634,6.4294633865356445,1.0000000020941648
29,abilene,11,1.2,uncertainty_aware_lstm_robust_lp,critical_failure_fixed,Kansas City -> Indianapolis & Indianapolis -> Kansas City,4,Indianapolis,Seattle,6.3831744,6.383174419403076,0.9999999969602779
29,abilene,11,1.2,uncertainty_aware_lstm_robust_lp,critical_failure_fixed,Kansas City -> Indianapolis & Indianapolis -> Kansas City,5,Kansas City,New York,6.2973099,6.297309875488281,1.000000003892411
29,abilene,11,1.2,uncertainty_aware_lstm_robust_lp,random_failure_fixed,Atlanta -> Indianapolis & Indianapolis -> Atlanta,1,Chicago,Atlanta,6.7334228,6.733422756195068,1.0000000065055965
29,abilene,11,1.2,uncertainty_aware_lstm_robust_lp,random_failure_fixed,Atlanta -> Indianapolis & Indianapolis -> Atlanta,2,Washington DC,Denver,6.2767076,6.276707649230957,0.9999999921565637
29,abilene,11,1.2,uncertainty_aware_lstm_robust_lp,random_failure_fixed,Atlanta -> Indianapolis & Indianapolis -> Atlanta,3,Atlanta,Seattle,5.9674945,5.967494487762451,1.0000000020507014
29,abilene,11,1.2,uncertainty_aware_lstm_robust_lp,random_failure_fixed,Atlanta -> Indianapolis & Indianapolis -> Atlanta,4,Denver,Atlanta,5.7332115,5.733211517333984,0.9999999969765665
29,abilene,11,1.2,uncertainty_aware_lstm_robust_lp,random_failure_fixed,Atlanta -> Indianapolis & Indianapolis -> Atlanta,5,Atlanta,Kansas City,4.3414273,4.341427326202393,0.9999999939645673
30,abilene,11,1.2,current_demand_lp,critical_failure_fixed,Denver -> Kansas City & Kansas City -> Denver,1,Kansas City,Sunnyvale,6.5701154,6.5701153867626845,1.0000000020147766
30,abilene,11,1.2,current_demand_lp,critical_failure_fixed,Denver -> Kansas City & Kansas City -> Denver,2,Houston,Seattle,6.4601176,6.460117631670094,0.999999995097598
30,abilene,11,1.2,current_demand_lp,critical_failure_fixed,Denver -> Kansas City & Kansas City -> Denver,3,Washington DC,Denver,6.3939249,6.393924880911455,1.000000002985419
30,abilene,11,1.2,current_demand_lp,critical_failure_fixed,Denver -> Kansas City & Kansas City -> Denver,4,Sunnyvale,Indianapolis,6.3272821,6.3272820813595665,1.0000000029460412
30,abilene,11,1.2,current_demand_lp,critical_failure_fixed,Denver -> Kansas City & Kansas City -> Denver,5,Seattle,New York,6.3264994,6.32649939735593,1.000000000417936
30,abilene,11,1.2,current_demand_lp,random_failure_fixed,New York -> Washington DC & Washington DC -> New York,1,Sunnyvale,New York,6.6755376,6.6755376423525306,0.9999999936555627
30,abilene,11,1.2,current_demand_lp,random_failure_fixed,New York -> Washington DC & Washington DC -> New York,2,New York,Houston,6.263727,6.263727005714866,0.9999999990876253
30,abilene,11,1.2,current_demand_lp,random_failure_fixed,New York -> Washington DC & Washington DC -> New York,3,New York,Los Angeles,6.2399114,6.239911438273027,0.9999999938664151
30,abilene,11,1.2,current_demand_lp,random_failure_fixed,New York -> Washington DC & Washington DC -> New York,4,Atlanta,New York,5.3992189,5.399218887079227,1.000000002393082
30,abilene,11,1.2,current_demand_lp,random_failure_fixed,New York -> Washington DC & Washington DC -> New York,5,New York,Washington DC,5.3773372,5.377337224432831,0.9999999954563328
30,abilene,11,1.2,robust_current_demand_lp,critical_failure_fixed,Denver -> Kansas City & Kansas City -> Denver,1,Sunnyvale,New York,6.6755376,6.6755376423525306,0.9999999936555627
30,abilene,11,1.2,robust_current_demand_lp,critical_failure_fixed,Denver -> Kansas City & Kansas City -> Denver,2,Kansas City,Sunnyvale,6.5701154,6.5701153867626845,1.0000000020147766
30,abilene,11,1.2,robust_current_demand_lp,critical_failure_fixed,Denver -> Kansas City & Kansas City -> Denver,3,Houston,Seattle,6.4601176,6.460117631670094,0.999999995097598
30,abilene,11,1.2,robust_current_demand_lp,critical_failure_fixed,Denver -> Kansas City & Kansas City -> Denver,4,Washington DC,Denver,6.3939249,6.393924880911455,1.000000002985419
30,abilene,11,1.2,robust_current_demand_lp,critical_failure_fixed,Denver -> Kansas City & Kansas City -> Denver,5,Sunnyvale,Indianapolis,6.3272821,6.3272820813595665,1.0000000029460412
30,abilene,11,1.2,robust_current_demand_lp,random_failure_fixed,New York -> Washington DC & Washington DC -> New York,1,New York,Houston,6.263727,6.263727005714866,0.9999999990876253
30,abilene,11,1.2,robust_current_demand_lp,random_failure_fixed,New York -> Washington DC & Washington DC -> New York,2,New York,Los Angeles,6.2399114,6.239911438273027,0.9999999938664151
30,abilene,11,1.2,robust_current_demand_lp,random_failure_fixed,New York -> Washington DC & Washington DC -> New York,3,Atlanta,New York,5.3992189,5.399218887079227,1.000000002393082
30,abilene,11,1.2,robust_current_demand_lp,random_failure_fixed,New York -> Washington DC & Washington DC -> New York,4,New York,Washington DC,5.3773372,5.377337224432831,0.9999999954563328
30,abilene,11,1.2,robust_current_demand_lp,random_failure_fixed,New York -> Washington DC & Washington DC -> New York,5,New York,Atlanta,5.3733238,5.373323784239303,1.0000000029331373
30,abilene,11,1.2,moving_average,critical_failure_fixed,Denver -> Kansas City & Kansas City -> Denver,1,Chicago,Sunnyvale,9.0870121,9.087012084333601,1.000000001724043
30,abilene,11,1.2,moving_average,critical_failure_fixed,Denver -> Kansas City & Kansas City -> Denver,2,Kansas City,Sunnyvale,8.0924827,8.092482700571033,0.9999999999294367
30,abilene,11,1.2,moving_average,critical_failure_fixed,Denver -> Kansas City & Kansas City -> Denver,3,Atlanta,Sunnyvale,7.7659137,7.765913706391736,0.9999999991769499
30,abilene,11,1.2,moving_average,critical_failure_fixed,Denver -> Kansas City & Kansas City -> Denver,4,Denver,Washington DC,7.6422579,7.642257893557583,1.000000000842999
30,abilene,11,1.2,moving_average,critical_failure_fixed,Denver -> Kansas City & Kansas City -> Denver,5,Indianapolis,Seattle,7.5869979,7.586997859409717,1.0000000053499796
30,abilene,11,1.2,moving_average,random_failure_fixed,New York -> Washington DC & Washington DC -> New York,1,New York,Los Angeles,7.9348894,7.934889391746898,1.000000001040103
30,abilene,11,1.2,moving_average,random_failure_fixed,New York -> Washington DC & Washington DC -> New York,2,Sunnyvale,New York,7.7303422,7.730342166995328,1.000000004269497
30,abilene,11,1.2,moving_average,random_failure_fixed,New York -> Washington DC & Washington DC -> New York,3,New York,Houston,7.6690824,7.669082393949026,1.0000000007890089
30,abilene,11,1.2,moving_average,random_failure_fixed,New York -> Washington DC & Washington DC -> New York,4,New York,Washington DC,6.405254,6.405254027734862,0.9999999956699825
30,abilene,11,1.2,moving_average,random_failure_fixed,New York -> Washington DC & Washington DC -> New York,5,Atlanta,New York,6.3485734,6.3485733990650886,1.0000000001472633
30,abilene,11,1.2,linear_autoregressive,critical_failure_fixed,Kansas City -> Indianapolis & Indianapolis -> Kansas City,1,Atlanta,Sunnyvale,6.2655044,6.26550439113252,1.0000000014152859
30,abilene,11,1.2,linear_autoregressive,critical_failure_fixed,Kansas City -> Indianapolis & Indianapolis -> Kansas City,2,Denver,Washington DC,6.238069,6.238068952687551,1.0000000075844704
30,abilene,11,1.2,linear_autoregressive,critical_failure_fixed,Kansas City -> Indianapolis & Indianapolis -> Kansas City,3,Seattle,New York,6.2277501,6.227750052702216,1.0000000075946824
30,abilene,11,1.2,linear_autoregressive,critical_failure_fixed,Kansas City -> Indianapolis & Indianapolis -> Kansas City,4,Indianapolis,Seattle,6.1604002,6.160400202784096,0.9999999995480656
30,abilene,11,1.2,linear_autoregressive,critical_failure_fixed,Kansas City -> Indianapolis & Indianapolis -> Kansas City,5,Chicago,Sunnyvale,6.0776808,6.077680808804502,0.9999999985513387
30,abilene,11,1.2,linear_autoregressive,random_failure_fixed,New York -> Washington DC & Washington DC -> New York,1,New York,Los Angeles,6.4328669,6.432866871596819,1.0000000044153223
30,abilene,11,1.2,linear_autoregressive,random_failure_fixed,New York -> Washington DC & Washington DC -> New York,2,Sunnyvale,New York,6.3505731,6.350573068992695,1.0000000048825994
30,abilene,11,1.2,linear_autoregressive,random_failure_fixed,New York -> Washington DC & Washington DC -> New York,3,New York,Houston,6.3251848,6.325184815551525,0.9999999975413326
30,abilene,11,1.2,linear_autoregressive,random_failure_fixed,New York -> Washington DC & Washington DC -> New York,4,Los Angeles,New York,5.2531753,5.2531752667474345,1.0000000063299934
30,abilene,11,1.2,linear_autoregressive,random_failure_fixed,New York -> Washington DC & Washington DC -> New York,5,Atlanta,New York,5.2161873,5.216187298486691,1.0000000002901177
30,abilene,11,1.2,lstm,critical_failure_fixed,Denver -> Kansas City & Kansas City -> Denver,1,Kansas City,Sunnyvale,6.3898726,6.3898725509643555,1.0000000076739628
30,abilene,11,1.2,lstm,critical_failure_fixed,Denver -> Kansas City & Kansas City -> Denver,2,Atlanta,Sunnyvale,6.2046547,6.204654693603516,1.0000000010309171
30,abilene,11,1.2,lstm,critical_failure_fixed,Denver -> Kansas City & Kansas City -> Denver,3,Seattle,New York,6.184206,6.184206008911133,0.9999999985590498
30,abilene,11,1.2,lstm,critical_failure_fixed,Denver -> Kansas City & Kansas City -> Denver,4,Denver,Washington DC,6.1540141,6.1540141105651855,0.9999999982832043
30,abilene,11,1.2,lstm,critical_failure_fixed,Denver -> Kansas City & Kansas City -> Denver,5,Indianapolis,Seattle,6.0932937,6.0932936668396,1.0000000054421143
30,abilene,11,1.2,lstm,random_failure_fixed,New York -> Washington DC & Washington DC -> New York,1,New York,Los Angeles,6.3579736,6.357973575592041,1.0000000038389527
30,abilene,11,1.2,lstm,random_failure_fixed,New York -> Washington DC & Washington DC -> New York,2,New York,Houston,6.3491197,6.349119663238525,1.0000000057900114
30,abilene,11,1.2,lstm,random_failure_fixed,New York -> Washington DC & Washington DC -> New York,3,Sunnyvale,New York,6.1633711,6.1633710861206055,1.000000002251916
30,abilene,11,1.2,lstm,random_failure_fixed,New York -> Washington DC & Washington DC -> New York,4,Atlanta,New York,5.184196,5.1841959953308105,1.0000000009006584
30,abilene,11,1.2,lstm,random_failure_fixed,New York -> Washington DC & Washington DC -> New York,5,New York,Washington DC,5.150444,5.150444030761719,0.9999999940273657
30,abilene,11,1.2,uncertainty_aware_lstm_robust_lp,critical_failure_fixed,Kansas City -> Indianapolis & Indianapolis -> Kansas City,1,Seattle,New York,6.4670568,6.467056751251221,1.0000000075380162
30,abilene,11,1.2,uncertainty_aware_lstm_robust_lp,critical_failure_fixed,Kansas City -> Indianapolis & Indianapolis -> Kansas City,2,Chicago,Sunnyvale,6.4499297,6.449929714202881,0.999999997797979
30,abilene,11,1.2,uncertainty_aware_lstm_robust_lp,critical_failure_fixed,Kansas City -> Indianapolis & Indianapolis -> Kansas City,3,Sunnyvale,New York,6.4294634,6.4294633865356445,1.0000000020941648
30,abilene,11,1.2,uncertainty_aware_lstm_robust_lp,critical_failure_fixed,Kansas City -> Indianapolis & Indianapolis -> Kansas City,4,Indianapolis,Seattle,6.3831744,6.383174419403076,0.9999999969602779
30,abilene,11,1.2,uncertainty_aware_lstm_robust_lp,critical_failure_fixed,Kansas City -> Indianapolis & Indianapolis -> Kansas City,5,Kansas City,New York,6.2973099,6.297309875488281,1.000000003892411
30,abilene,11,1.2,uncertainty_aware_lstm_robust_lp,random_failure_fixed,New York -> Washington DC & Washington DC -> New York,1,New York,Los Angeles,6.6739364,6.673936367034912,1.000000004939377
30,abilene,11,1.2,uncertainty_aware_lstm_robust_lp,random_failure_fixed,New York -> Washington DC & Washington DC -> New York,2,New York,Houston,6.6538005,6.6538004875183105,1.0000000018758737
30,abilene,11,1.2,uncertainty_aware_lstm_robust_lp,random_failure_fixed,New York -> Washington DC & Washington DC -> New York,3,Atlanta,New York,5.4033632,5.403363227844238,0.9999999948468691
30,abilene,11,1.2,uncertainty_aware_lstm_robust_lp,random_failure_fixed,New York -> Washington DC & Washington DC -> New York,4,New York,Washington DC,5.4031477,5.4031476974487305,1.000000000472182
30,abilene,11,1.2,uncertainty_aware_lstm_robust_lp,random_failure_fixed,New York -> Washington DC & Washington DC -> New York,5,New York,Atlanta,5.3581519,5.358151912689209,0.9999999976317938
31,abilene,11,1.2,current_demand_lp,critical_failure_fixed,Denver -> Kansas City & Kansas City -> Denver,1,Kansas City,Sunnyvale,5.7079653,5.707965271867001,1.0000000049287263
31,abilene,11,1.2,current_demand_lp,critical_failure_fixed,Denver -> Kansas City & Kansas City -> Denver,2,Washington DC,Denver,5.6591176,5.659117558187486,1.000000007388522
31,abilene,11,1.2,current_demand_lp,critical_failure_fixed,Denver -> Kansas City & Kansas City -> Denver,3,Seattle,New York,5.298163,5.298163023951582,0.9999999954792667
31,abilene,11,1.2,current_demand_lp,critical_failure_fixed,Denver -> Kansas City & Kansas City -> Denver,4,Denver,Washington DC,5.2652657,5.265265727316198,0.9999999948120001
31,abilene,11,1.2,current_demand_lp,critical_failure_fixed,Denver -> Kansas City & Kansas City -> Denver,5,Houston,Seattle,5.2349419,5.234941938317876,0.9999999926803628
31,abilene,11,1.2,current_demand_lp,random_failure_fixed,Sunnyvale -> Denver & Denver -> Sunnyvale,1,Kansas City,Sunnyvale,5.7079653,5.707965271867001,1.0000000049287263
31,abilene,11,1.2,current_demand_lp,random_failure_fixed,Sunnyvale -> Denver & Denver -> Sunnyvale,2,Sunnyvale,Indianapolis,5.148809,5.148808969029904,1.0000000060150018
31,abilene,11,1.2,current_demand_lp,random_failure_fixed,Sunnyvale -> Denver & Denver -> Sunnyvale,3,Los Angeles,Denver,4.9852771,4.985277055812732,1.0000000088635532
31,abilene,11,1.2,current_demand_lp,random_failure_fixed,Sunnyvale -> Denver & Denver -> Sunnyvale,4,Chicago,Sunnyvale,4.9824125,4.982412497035852,1.0000000005949223
31,abilene,11,1.2,current_demand_lp,random_failure_fixed,Sunnyvale -> Denver & Denver -> Sunnyvale,5,Atlanta,Sunnyvale,4.9684517,4.968451670192687,1.0000000059993164
31,abilene,11,1.2,robust_current_demand_lp,critical_failure_fixed,Denver -> Kansas City & Kansas City -> Denver,1,Kansas City,Sunnyvale,5.7079653,5.707965271867001,1.0000000049287263
31,abilene,11,1.2,robust_current_demand_lp,critical_failure_fixed,Denver -> Kansas City & Kansas City -> Denver,2,Washington DC,Denver,5.6591176,5.659117558187486,1.000000007388522
31,abilene,11,1.2,robust_current_demand_lp,critical_failure_fixed,Denver -> Kansas City & Kansas City -> Denver,3,Sunnyvale,New York,5.4409882,5.440988182362946,1.0000000032415166
31,abilene,11,1.2,robust_current_demand_lp,critical_failure_fixed,Denver -> Kansas City & Kansas City -> Denver,4,Seattle,New York,5.298163,5.298163023951582,0.9999999954792667
31,abilene,11,1.2,robust_current_demand_lp,critical_failure_fixed,Denver -> Kansas City & Kansas City -> Denver,5,Denver,Washington DC,5.2652657,5.265265727316198,0.9999999948120001
31,abilene,11,1.2,robust_current_demand_lp,random_failure_fixed,Sunnyvale -> Denver & Denver -> Sunnyvale,1,Kansas City,Sunnyvale,5.7079653,5.707965271867001,1.0000000049287263
31,abilene,11,1.2,robust_current_demand_lp,random_failure_fixed,Sunnyvale -> Denver & Denver -> Sunnyvale,2,Sunnyvale,New York,5.4409882,5.440988182362946,1.0000000032415166
31,abilene,11,1.2,robust_current_demand_lp,random_failure_fixed,Sunnyvale -> Denver & Denver -> Sunnyvale,3,Sunnyvale,Indianapolis,5.148809,5.148808969029904,1.0000000060150018
31,abilene,11,1.2,robust_current_demand_lp,random_failure_fixed,Sunnyvale -> Denver & Denver -> Sunnyvale,4,Los Angeles,Denver,4.9852771,4.985277055812732,1.0000000088635532
31,abilene,11,1.2,robust_current_demand_lp,random_failure_fixed,Sunnyvale -> Denver & Denver -> Sunnyvale,5,Chicago,Sunnyvale,4.9824125,4.982412497035852,1.0000000005949223
31,abilene,11,1.2,moving_average,critical_failure_fixed,Denver -> Kansas City & Kansas City -> Denver,1,Kansas City,Sunnyvale,7.2464731,7.246473134900788,0.9999999951837553
31,abilene,11,1.2,moving_average,critical_failure_fixed,Denver -> Kansas City & Kansas City -> Denver,2,Washington DC,Denver,6.8586452,6.858645188562411,1.0000000016676163
31,abilene,11,1.2,moving_average,critical_failure_fixed,Denver -> Kansas City & Kansas City -> Denver,3,Atlanta,Sunnyvale,6.852513,6.8525129579446755,1.000000006137212
31,abilene,11,1.2,moving_average,critical_failure_fixed,Denver -> Kansas City & Kansas City -> Denver,4,Denver,Washington DC,6.7448485,6.744848492816395,1.0000000010650505
31,abilene,11,1.2,moving_average,critical_failure_fixed,Denver -> Kansas City & Kansas City -> Denver,5,Seattle,New York,6.6990398,6.699039833394348,0.9999999950150547
31,abilene,11,1.2,moving_average,random_failure_fixed,Sunnyvale -> Denver & Denver -> Sunnyvale,1,Kansas City,Sunnyvale,7.2464731,7.246473134900788,0.9999999951837553
31,abilene,11,1.2,moving_average,random_failure_fixed,Sunnyvale -> Denver & Denver -> Sunnyvale,2,Atlanta,Sunnyvale,6.852513,6.8525129579446755,1.000000006137212
31,abilene,11,1.2,moving_average,random_failure_fixed,Sunnyvale -> Denver & Denver -> Sunnyvale,3,Sunnyvale,Indianapolis,6.6460812,6.646081246259617,0.999999993039565
31,abilene,11,1.2,moving_average,random_failure_fixed,Sunnyvale -> Denver & Denver -> Sunnyvale,4,Chicago,Sunnyvale,6.4284708,6.428470801936582,0.9999999996987493
31,abilene,11,1.2,moving_average,random_failure_fixed,Sunnyvale -> Denver & Denver -> Sunnyvale,5,Los Angeles,Denver,6.3502885,6.350288482644311,1.0000000027330551
31,abilene,11,1.2,linear_autoregressive,critical_failure_fixed,Denver -> Kansas City & Kansas City -> Denver,1,Chicago,Sunnyvale,5.3364338,5.336433847001347,0.9999999911923677
31,abilene,11,1.2,linear_autoregressive,critical_failure_fixed,Denver -> Kansas City & Kansas City -> Denver,2,Seattle,New York,5.0857868,5.085786799857239,1.0000000000280707
31,abilene,11,1.2,linear_autoregressive,critical_failure_fixed,Denver -> Kansas City & Kansas City -> Denver,3,Kansas City,Sunnyvale,5.0205558,5.020555818423235,0.9999999963304392
31,abilene,11,1.2,linear_autoregressive,critical_failure_fixed,Denver -> Kansas City & Kansas City -> Denver,4,Atlanta,Sunnyvale,5.017308,5.017307974678278,1.000000005046874
31,abilene,11,1.2,linear_autoregressive,critical_failure_fixed,Denver -> Kansas City & Kansas City -> Denver,5,Denver,Washington DC,4.8973579,4.897357892714806,1.0000000014875765
31,abilene,11,1.2,linear_autoregressive,random_failure_fixed,Sunnyvale -> Denver & Denver -> Sunnyvale,1,Chicago,Sunnyvale,5.3364338,5.336433847001347,0.9999999911923677
31,abilene,11,1.2,linear_autoregressive,random_failure_fixed,Sunnyvale -> Denver & Denver -> Sunnyvale,2,Kansas City,Sunnyvale,5.0205558,5.020555818423235,0.9999999963304392
31,abilene,11,1.2,linear_autoregressive,random_failure_fixed,Sunnyvale -> Denver & Denver -> Sunnyvale,3,Atlanta,Sunnyvale,5.017308,5.017307974678278,1.000000005046874
31,abilene,11,1.2,linear_autoregressive,random_failure_fixed,Sunnyvale -> Denver & Denver -> Sunnyvale,4,Sunnyvale,Indianapolis,4.7412304,4.741230442287454,0.9999999910809115
31,abilene,11,1.2,linear_autoregressive,random_failure_fixed,Sunnyvale -> Denver & Denver -> Sunnyvale,5,Los Angeles,Denver,4.6324923,4.63249225728064,1.0000000092216796
31,abilene,11,1.2,lstm,critical_failure_fixed,Denver -> Kansas City & Kansas City -> Denver,1,Kansas City,Sunnyvale,6.3898726,6.3898725509643555,1.0000000076739628
31,abilene,11,1.2,lstm,critical_failure_fixed,Denver -> Kansas City & Kansas City -> Denver,2,Atlanta,Sunnyvale,6.2046552,6.204655170440674,1.0000000047640563
31,abilene,11,1.2,lstm,critical_failure_fixed,Denver -> Kansas City & Kansas City -> Denver,3,Seattle,New York,6.184206,6.184206008911133,0.9999999985590498
31,abilene,11,1.2,lstm,critical_failure_fixed,Denver -> Kansas City & Kansas City -> Denver,4,Denver,Washington DC,6.1540132,6.154013156890869,1.0000000070050437
31,abilene,11,1.2,lstm,critical_failure_fixed,Denver -> Kansas City & Kansas City -> Denver,5,Indianapolis,Seattle,6.0932946,6.093294620513916,0.9999999966333623
31,abilene,11,1.2,lstm,random_failure_fixed,Sunnyvale -> Denver & Denver -> Sunnyvale,1,Kansas City,Sunnyvale,6.3898726,6.3898725509643555,1.0000000076739628
31,abilene,11,1.2,lstm,random_failure_fixed,Sunnyvale -> Denver & Denver -> Sunnyvale,2,Atlanta,Sunnyvale,6.2046552,6.204655170440674,1.0000000047640563
31,abilene,11,1.2,lstm,random_failure_fixed,Sunnyvale -> Denver & Denver -> Sunnyvale,3,Chicago,Sunnyvale,6.0542626,6.054262638092041,0.9999999937082279
31,abilene,11,1.2,lstm,random_failure_fixed,Sunnyvale -> Denver & Denver -> Sunnyvale,4,Sunnyvale,Indianapolis,5.9404516,5.940451622009277,0.9999999962950162
31,abilene,11,1.2,lstm,random_failure_fixed,Sunnyvale -> Denver & Denver -> Sunnyvale,5,Los Angeles,Denver,5.844779,5.844779014587402,0.9999999975041995
31,abilene,11,1.2,uncertainty_aware_lstm_robust_lp,critical_failure_fixed,Denver -> Kansas City & Kansas City -> Denver,1,Kansas City,Sunnyvale,6.7042594,6.704259395599365,1.0000000006563938
31,abilene,11,1.2,uncertainty_aware_lstm_robust_lp,critical_failure_fixed,Denver -> Kansas City & Kansas City -> Denver,2,Seattle,New York,6.4670568,6.467056751251221,1.0000000075380162
31,abilene,11,1.2,uncertainty_aware_lstm_robust_lp,critical_failure_fixed,Denver -> Kansas City & Kansas City -> Denver,3,Chicago,Sunnyvale,6.4499288,6.4499287605285645,1.00000000611967
31,abilene,11,1.2,uncertainty_aware_lstm_robust_lp,critical_failure_fixed,Denver -> Kansas City & Kansas City -> Denver,4,Denver,Washington DC,6.4297075,6.4297075271606445,0.9999999957757574
31,abilene,11,1.2,uncertainty_aware_lstm_robust_lp,critical_failure_fixed,Denver -> Kansas City & Kansas City -> Denver,5,Sunnyvale,New York,6.4294634,6.4294633865356445,1.0000000020941648
31,abilene,11,1.2,uncertainty_aware_lstm_robust_lp,random_failure_fixed,Sunnyvale -> Denver & Denver -> Sunnyvale,1,Kansas City,Sunnyvale,6.7042594,6.704259395599365,1.0000000006563938
31,abilene,11,1.2,uncertainty_aware_lstm_robust_lp,random_failure_fixed,Sunnyvale -> Denver & Denver -> Sunnyvale,2,Chicago,Sunnyvale,6.4499288,6.4499287605285645,1.00000000611967
31,abilene,11,1.2,uncertainty_aware_lstm_robust_lp,random_failure_fixed,Sunnyvale -> Denver & Denver -> Sunnyvale,3,Sunnyvale,New York,6.4294634,6.4294633865356445,1.0000000020941648
31,abilene,11,1.2,uncertainty_aware_lstm_robust_lp,random_failure_fixed,Sunnyvale -> Denver & Denver -> Sunnyvale,4,Sunnyvale,Indianapolis,6.2185068,6.218506813049316,0.9999999979015354
31,abilene,11,1.2,uncertainty_aware_lstm_robust_lp,random_failure_fixed,Sunnyvale -> Denver & Denver -> Sunnyvale,5,Los Angeles,Denver,6.1160398,6.116039752960205,1.000000007691218
32,abilene,11,1.2,current_demand_lp,critical_failure_fixed,Denver -> Kansas City & Kansas City -> Denver,1,Denver,Washington DC,5.0161819,5.016181869792275,1.0000000060220555
32,abilene,11,1.2,current_demand_lp,critical_failure_fixed,Denver -> Kansas City & Kansas City -> Denver,2,Kansas City,Sunnyvale,4.8484702,4.848470157485159,1.0000000087687126
32,abilene,11,1.2,current_demand_lp,critical_failure_fixed,Denver -> Kansas City & Kansas City -> Denver,3,Indianapolis,Seattle,4.8383929,4.838392855699513,1.0000000091560335
32,abilene,11,1.2,current_demand_lp,critical_failure_fixed,Denver -> Kansas City & Kansas City -> Denver,4,Seattle,New York,4.737351,4.737350998061643,1.0000000004091647
32,abilene,11,1.2,current_demand_lp,critical_failure_fixed,Denver -> Kansas City & Kansas City -> Denver,5,Atlanta,Seattle,4.5682766,4.568276567777368,1.0000000070535642
32,abilene,11,1.2,current_demand_lp,random_failure_fixed,Houston -> Atlanta & Atlanta -> Houston,1,Houston,Atlanta,5.0844928,5.08449276125686,1.0000000076198632
32,abilene,11,1.2,current_demand_lp,random_failure_fixed,Houston -> Atlanta & Atlanta -> Houston,2,Sunnyvale,New York,4.8762491,4.876249100628794,0.9999999998710497
32,abilene,11,1.2,current_demand_lp,random_failure_fixed,Houston -> Atlanta & Atlanta -> Houston,3,New York,Los Angeles,4.8668979,4.866897860384185,1.0000000081398492
32,abilene,11,1.2,current_demand_lp,random_failure_fixed,Houston -> Atlanta & Atlanta -> Houston,4,Washington DC,Los Angeles,4.6704709,4.670470923072003,0.9999999950600265
32,abilene,11,1.2,current_demand_lp,random_failure_fixed,Houston -> Atlanta & Atlanta -> Houston,5,New York,Houston,4.5302999,4.530299945413333,0.9999999899756455
32,abilene,11,1.2,robust_current_demand_lp,critical_failure_fixed,Denver -> Kansas City & Kansas City -> Denver,1,Denver,Washington DC,5.0161819,5.016181869792275,1.0000000060220555
32,abilene,11,1.2,robust_current_demand_lp,critical_failure_fixed,Denver -> Kansas City & Kansas City -> Denver,2,Sunnyvale,New York,4.8762491,4.876249100628794,0.9999999998710497
32,abilene,11,1.2,robust_current_demand_lp,critical_failure_fixed,Denver -> Kansas City & Kansas City -> Denver,3,Kansas City,Sunnyvale,4.8484702,4.848470157485159,1.0000000087687126
32,abilene,11,1.2,robust_current_demand_lp,critical_failure_fixed,Denver -> Kansas City & Kansas City -> Denver,4,Indianapolis,Seattle,4.8383929,4.838392855699513,1.0000000091560335
32,abilene,11,1.2,robust_current_demand_lp,critical_failure_fixed,Denver -> Kansas City & Kansas City -> Denver,5,Seattle,New York,4.737351,4.737350998061643,1.0000000004091647
32,abilene,11,1.2,robust_current_demand_lp,random_failure_fixed,Houston -> Atlanta & Atlanta -> Houston,1,Houston,Atlanta,5.0844928,5.08449276125686,1.0000000076198632
32,abilene,11,1.2,robust_current_demand_lp,random_failure_fixed,Houston -> Atlanta & Atlanta -> Houston,2,Denver,Washington DC,5.0161819,5.016181869792275,1.0000000060220555
32,abilene,11,1.2,robust_current_demand_lp,random_failure_fixed,Houston -> Atlanta & Atlanta -> Houston,3,New York,Los Angeles,4.8668979,4.866897860384185,1.0000000081398492
32,abilene,11,1.2,robust_current_demand_lp,random_failure_fixed,Houston -> Atlanta & Atlanta -> Houston,4,Washington DC,Los Angeles,4.6704709,4.670470923072003,0.9999999950600265
32,abilene,11,1.2,robust_current_demand_lp,random_failure_fixed,Houston -> Atlanta & Atlanta -> Houston,5,Atlanta,Sunnyvale,4.6550248,4.655024814756838,0.999999996829912
32,abilene,11,1.2,moving_average,critical_failure_fixed,Denver -> Kansas City & Kansas City -> Denver,1,Kansas City,Sunnyvale,6.203797,6.203797004139086,0.999999999332814
32,abilene,11,1.2,moving_average,critical_failure_fixed,Denver -> Kansas City & Kansas City -> Denver,2,Denver,Washington DC,5.9831043,5.983104267745549,1.0000000053909224
32,abilene,11,1.2,moving_average,critical_failure_fixed,Denver -> Kansas City & Kansas City -> Denver,3,Washington DC,Denver,5.8894061,5.889406144809181,0.9999999923915622
32,abilene,11,1.2,moving_average,critical_failure_fixed,Denver -> Kansas City & Kansas City -> Denver,4,Seattle,New York,5.8717811,5.871781093028203,1.0000000011873393
32,abilene,11,1.2,moving_average,critical_failure_fixed,Denver -> Kansas City & Kansas City -> Denver,5,Houston,Seattle,5.835464,5.835464031386035,0.9999999946215014
32,abilene,11,1.2,moving_average,random_failure_fixed,Houston -> Atlanta & Atlanta -> Houston,1,Houston,Atlanta,6.1446919,6.144691867903973,1.0000000052233746
32,abilene,11,1.2,moving_average,random_failure_fixed,Houston -> Atlanta & Atlanta -> Houston,2,Sunnyvale,New York,6.0143829,6.014382945029376,0.9999999925130514
32,abilene,11,1.2,moving_average,random_failure_fixed,Houston -> Atlanta & Atlanta -> Houston,3,New York,Los Angeles,5.9954795,5.995479506867865,0.9999999988544929
32,abilene,11,1.2,moving_average,random_failure_fixed,Houston -> Atlanta & Atlanta -> Houston,4,Washington DC,Denver,5.8894061,5.889406144809181,0.9999999923915622
32,abilene,11,1.2,moving_average,random_failure_fixed,Houston -> Atlanta & Atlanta -> Houston,5,New York,Houston,5.8645862,5.864586203777569,0.9999999993558677
32,abilene,11,1.2,linear_autoregressive,critical_failure_fixed,Denver -> Kansas City & Kansas City -> Denver,1,Chicago,Sunnyvale,5.000526,5.000525968672556,1.0000000062648298
32,abilene,11,1.2,linear_autoregressive,critical_failure_fixed,Denver -> Kansas City & Kansas City -> Denver,2,Kansas City,Sunnyvale,4.6579131,4.657913071629533,1.0000000060908107
32,abilene,11,1.2,linear_autoregressive,critical_failure_fixed,Denver -> Kansas City & Kansas City -> Denver,3,Atlanta,Sunnyvale,4.3734754,4.373475360480804,1.000000009036108
32,abilene,11,1.2,linear_autoregressive,critical_failure_fixed,Denver -> Kansas City & Kansas City -> Denver,4,Indianapolis,Seattle,4.3565482,4.356548214655633,0.999999996635953
32,abilene,11,1.2,linear_autoregressive,critical_failure_fixed,Denver -> Kansas City & Kansas City -> Denver,5,Denver,Washington DC,4.3375801,4.337580132367071,0.999999992537989
32,abilene,11,1.2,linear_autoregressive,random_failure_fixed,Houston -> Atlanta & Atlanta -> Houston,1,Washington DC,Los Angeles,5.0410829,5.041082935841162,0.999999992890186
32,abilene,11,1.2,linear_autoregressive,random_failure_fixed,Houston -> Atlanta & Atlanta -> Houston,2,New York,Houston,4.4822302,4.482230177531595,1.0000000050127735
32,abilene,11,1.2,linear_autoregressive,random_failure_fixed,Houston -> Atlanta & Atlanta -> Houston,3,Houston,Atlanta,4.4612397,4.461239745653794,0.999999989766568
32,abilene,11,1.2,linear_autoregressive,random_failure_fixed,Houston -> Atlanta & Atlanta -> Houston,4,Sunnyvale,New York,4.4179975,4.417997485276445,1.0000000033326308
32,abilene,11,1.2,linear_autoregressive,random_failure_fixed,Houston -> Atlanta & Atlanta -> Houston,5,New York,Los Angeles,4.3935364,4.393536442974094,0.999999990218792
32,abilene,11,1.2,lstm,critical_failure_fixed,Denver -> Kansas City & Kansas City -> Denver,1,Kansas City,Sunnyvale,6.389873,6.389873027801514,0.9999999956491289
32,abilene,11,1.2,lstm,critical_failure_fixed,Denver -> Kansas City & Kansas City -> Denver,2,Atlanta,Sunnyvale,6.2046561,6.20465612411499,0.9999999961134043
32,abilene,11,1.2,lstm,critical_failure_fixed,Denver -> Kansas City & Kansas City -> Denver,3,Seattle,New York,6.1842031,6.184203147888184,0.9999999922563696
32,abilene,11,1.2,lstm,critical_failure_fixed,Denver -> Kansas City & Kansas City -> Denver,4,Denver,Washington DC,6.1540108,6.154010772705078,1.0000000044353061
32,abilene,11,1.2,lstm,critical_failure_fixed,Denver -> Kansas City & Kansas City -> Denver,5,Indianapolis,Seattle,6.0932965,6.093296527862549,0.9999999954273441
32,abilene,11,1.2,lstm,random_failure_fixed,Houston -> Atlanta & Atlanta -> Houston,1,New York,Los Angeles,6.3579721,6.357972145080566,0.9999999929095998
32,abilene,11,1.2,lstm,random_failure_fixed,Houston -> Atlanta & Atlanta -> Houston,2,New York,Houston,6.3491154,6.349115371704102,1.0000000044566677
32,abilene,11,1.2,lstm,random_failure_fixed,Houston -> Atlanta & Atlanta -> Houston,3,Houston,Atlanta,6.2576327,6.257632732391357,0.9999999948237044
32,abilene,11,1.2,lstm,random_failure_fixed,Houston -> Atlanta & Atlanta -> Houston,4,Sunnyvale,New York,6.1633701,6.163370132446289,0.9999999947356254
32,abilene,11,1.2,lstm,random_failure_fixed,Houston -> Atlanta & Atlanta -> Houston,5,Washington DC,Los Angeles,6.0157704,6.015770435333252,0.9999999941265625
32,abilene,11,1.2,uncertainty_aware_lstm_robust_lp,critical_failure_fixed,Denver -> Kansas City & Kansas City -> Denver,1,Kansas City,Sunnyvale,6.7042599,6.704259872436523,1.0000000041113377
32,abilene,11,1.2,uncertainty_aware_lstm_robust_lp,critical_failure_fixed,Denver -> Kansas City & Kansas City -> Denver,2,Seattle,New York,6.4670539,6.4670538902282715,1.0000000015110015
32,abilene,11,1.2,uncertainty_aware_lstm_robust_lp,critical_failure_fixed,Denver -> Kansas City & Kansas City -> Denver,3,Chicago,Sunnyvale,6.4499278,6.449927806854248,0.9999999989373141
32,abilene,11,1.2,uncertainty_aware_lstm_robust_lp,critical_failure_fixed,Denver -> Kansas City & Kansas City -> Denver,4,Denver,Washington DC,6.4297056,6.429705619812012,0.9999999969186751
32,abilene,11,1.2,uncertainty_aware_lstm_robust_lp,critical_failure_fixed,Denver -> Kansas City & Kansas City -> Denver,5,Sunnyvale,New York,6.4294624,6.429462432861328,0.9999999948889463
32,abilene,11,1.2,uncertainty_aware_lstm_robust_lp,random_failure_fixed,Houston -> Atlanta & Atlanta -> Houston,1,New York,Los Angeles,6.6739349,6.6739349365234375,0.9999999945274508
32,abilene,11,1.2,uncertainty_aware_lstm_robust_lp,random_failure_fixed,Houston -> Atlanta & Atlanta -> Houston,2,New York,Houston,6.6537962,6.653796195983887,1.0000000006035823
32,abilene,11,1.2,uncertainty_aware_lstm_robust_lp,random_failure_fixed,Houston -> Atlanta & Atlanta -> Houston,3,Houston,Atlanta,6.566021,6.566020965576172,1.000000005242723
32,abilene,11,1.2,uncertainty_aware_lstm_robust_lp,random_failure_fixed,Houston -> Atlanta & Atlanta -> Houston,4,Atlanta,Sunnyvale,6.4828305,6.48283052444458,0.9999999962293353
32,abilene,11,1.2,uncertainty_aware_lstm_robust_lp,random_failure_fixed,Houston -> Atlanta & Atlanta -> Houston,5,Denver,Washington DC,6.4297056,6.429705619812012,0.9999999969186751
33,abilene,11,1.2,current_demand_lp,critical_failure_fixed,Denver -> Kansas City & Kansas City -> Denver,1,Washington DC,Denver,4.8417421,4.841742126252869,0.9999999945778053
33,abilene,11,1.2,current_demand_lp,critical_failure_fixed,Denver -> Kansas City & Kansas City -> Denver,2,Kansas City,Sunnyvale,4.6925742,4.692574230580304,0.9999999934832563
33,abilene,11,1.2,current_demand_lp,critical_failure_fixed,Denver -> Kansas City & Kansas City -> Denver,3,Sunnyvale,Indianapolis,4.2368303,4.236830317819809,0.9999999957940707
33,abilene,11,1.2,current_demand_lp,critical_failure_fixed,Denver -> Kansas City & Kansas City -> Denver,4,Denver,Washington DC,4.2007925,4.200792546315963,0.9999999889744704
33,abilene,11,1.2,current_demand_lp,critical_failure_fixed,Denver -> Kansas City & Kansas City -> Denver,5,Indianapolis,Seattle,4.1801001,4.180100110694073,0.9999999974416706
33,abilene,11,1.2,current_demand_lp,random_failure_fixed,Houston -> Atlanta & Atlanta -> Houston,1,Washington DC,Denver,4.8417421,4.841742126252869,0.9999999945778053
33,abilene,11,1.2,current_demand_lp,random_failure_fixed,Houston -> Atlanta & Atlanta -> Houston,2,Sunnyvale,New York,4.4206645,4.420664508360233,0.9999999981088288
33,abilene,11,1.2,current_demand_lp,random_failure_fixed,Houston -> Atlanta & Atlanta -> Houston,3,Atlanta,Los Angeles,4.3911596,4.391159590040309,1.0000000022681232
33,abilene,11,1.2,current_demand_lp,random_failure_fixed,Houston -> Atlanta & Atlanta -> Houston,4,New York,Houston,4.3086504,4.308650363354385,1.0000000085051264
33,abilene,11,1.2,current_demand_lp,random_failure_fixed,Houston -> Atlanta & Atlanta -> Houston,5,New York,Los Angeles,4.3004759,4.300475917475347,0.9999999959364156
33,abilene,11,1.2,robust_current_demand_lp,critical_failure_fixed,Denver -> Kansas City & Kansas City -> Denver,1,Washington DC,Denver,4.8417421,4.841742126252869,0.9999999945778053
33,abilene,11,1.2,robust_current_demand_lp,critical_failure_fixed,Denver -> Kansas City & Kansas City -> Denver,2,Kansas City,Sunnyvale,4.6925742,4.692574230580304,0.9999999934832563
33,abilene,11,1.2,robust_current_demand_lp,critical_failure_fixed,Denver -> Kansas City & Kansas City -> Denver,3,Sunnyvale,New York,4.4206645,4.420664508360233,0.9999999981088288
33,abilene,11,1.2,robust_current_demand_lp,critical_failure_fixed,Denver -> Kansas City & Kansas City -> Denver,4,Sunnyvale,Indianapolis,4.2368303,4.236830317819809,0.9999999957940707
33,abilene,11,1.2,robust_current_demand_lp,critical_failure_fixed,Denver -> Kansas City & Kansas City -> Denver,5,Denver,Washington DC,4.2007925,4.200792546315963,0.9999999889744704
33,abilene,11,1.2,robust_current_demand_lp,random_failure_fixed,Houston -> Atlanta & Atlanta -> Houston,1,Atlanta,Los Angeles,4.3911596,4.391159590040309,1.0000000022681232
33,abilene,11,1.2,robust_current_demand_lp,random_failure_fixed,Houston -> Atlanta & Atlanta -> Houston,2,New York,Houston,4.3086504,4.308650363354385,1.0000000085051264
33,abilene,11,1.2,robust_current_demand_lp,random_failure_fixed,Houston -> Atlanta & Atlanta -> Houston,3,New York,Los Angeles,4.3004759,4.300475917475347,0.9999999959364156
33,abilene,11,1.2,robust_current_demand_lp,random_failure_fixed,Houston -> Atlanta & Atlanta -> Houston,4,Denver,Washington DC,4.2007925,4.200792546315963,0.9999999889744704
33,abilene,11,1.2,robust_current_demand_lp,random_failure_fixed,Houston -> Atlanta & Atlanta -> Houston,5,Washington DC,Los Angeles,4.0765924,4.076592420555147,0.9999999949577626
33,abilene,11,1.2,moving_average,critical_failure_fixed,Denver -> Kansas City & Kansas City -> Denver,1,Kansas City,Sunnyvale,5.4547813,5.454781261673787,1.0000000070261685
33,abilene,11,1.2,moving_average,critical_failure_fixed,Denver -> Kansas City & Kansas City -> Denver,2,Washington DC,Denver,5.3089091,5.308909111021348,0.99999999792399
33,abilene,11,1.2,moving_average,critical_failure_fixed,Denver -> Kansas City & Kansas City -> Denver,3,Denver,Washington DC,5.1969548,5.196954770881471,1.0000000056029983
33,abilene,11,1.2,moving_average,critical_failure_fixed,Denver -> Kansas City & Kansas City -> Denver,4,Seattle,New York,5.1113472,5.111347182595933,1.0000000034049863
33,abilene,11,1.2,moving_average,critical_failure_fixed,Denver -> Kansas City & Kansas City -> Denver,5,Sunnyvale,Indianapolis,5.0672977,5.067297653340523,1.0000000092079606
33,abilene,11,1.2,moving_average,random_failure_fixed,Houston -> Atlanta & Atlanta -> Houston,1,Sunnyvale,New York,5.3533599,5.353359858426126,1.0000000077659406
33,abilene,11,1.2,moving_average,random_failure_fixed,Houston -> Atlanta & Atlanta -> Houston,2,Washington DC,Denver,5.3089091,5.308909111021348,0.99999999792399
33,abilene,11,1.2,moving_average,random_failure_fixed,Houston -> Atlanta & Atlanta -> Houston,3,Houston,Atlanta,5.2221188,5.222118802128433,0.9999999995924196
33,abilene,11,1.2,moving_average,random_failure_fixed,Houston -> Atlanta & Atlanta -> Houston,4,New York,Los Angeles,5.1267411,5.126741071149839,1.0000000056273881
33,abilene,11,1.2,moving_average,random_failure_fixed,Houston -> Atlanta & Atlanta -> Houston,5,New York,Houston,5.091524,5.091524032615024,0.9999999935942511
33,abilene,11,1.2,linear_autoregressive,critical_failure_fixed,Denver -> Kansas City & Kansas City -> Denver,1,Chicago,Sunnyvale,3.9741326,3.9741326364991543,0.9999999908158188
33,abilene,11,1.2,linear_autoregressive,critical_failure_fixed,Denver -> Kansas City & Kansas City -> Denver,2,Denver,Washington DC,3.8080902,3.80809022623976,0.9999999931094701
33,abilene,11,1.2,linear_autoregressive,critical_failure_fixed,Denver -> Kansas City & Kansas City -> Denver,3,Houston,Seattle,3.7915483,3.791548268875657,1.0000000082088742
33,abilene,11,1.2,linear_autoregressive,critical_failure_fixed,Denver -> Kansas City & Kansas City -> Denver,4,Atlanta,Sunnyvale,3.7659719,3.7659719101533162,0.999999997303932
33,abilene,11,1.2,linear_autoregressive,critical_failure_fixed,Denver -> Kansas City & Kansas City -> Denver,5,Indianapolis,Seattle,3.7648208,3.7648207825653124,1.0000000046309476
33,abilene,11,1.2,linear_autoregressive,random_failure_fixed,Houston -> Atlanta & Atlanta -> Houston,1,Washington DC,Los Angeles,3.979038,3.9790379929282436,1.0000000017772528
33,abilene,11,1.2,linear_autoregressive,random_failure_fixed,Houston -> Atlanta & Atlanta -> Houston,2,Houston,Atlanta,3.8938818,3.893881769952672,1.0000000077165485
33,abilene,11,1.2,linear_autoregressive,random_failure_fixed,Houston -> Atlanta & Atlanta -> Houston,3,New York,Houston,3.8472879,3.847287891667618,1.0000000021657807
33,abilene,11,1.2,linear_autoregressive,random_failure_fixed,Houston -> Atlanta & Atlanta -> Houston,4,Sunnyvale,New York,3.8253575,3.8253575496499725,0.9999999870208283
33,abilene,11,1.2,linear_autoregressive,random_failure_fixed,Houston -> Atlanta & Atlanta -> Houston,5,New York,Los Angeles,3.7850168,3.7850167627184566,1.0000000098497697
33,abilene,11,1.2,lstm,critical_failure_fixed,Denver -> Kansas City & Kansas City -> Denver,1,Kansas City,Sunnyvale,6.3898735,6.389873504638672,0.9999999992740589
33,abilene,11,1.2,lstm,critical_failure_fixed,Denver -> Kansas City & Kansas City -> Denver,2,Atlanta,Sunnyvale,6.2046585,6.204658508300781,0.9999999986621695
33,abilene,11,1.2,lstm,critical_failure_fixed,Denver -> Kansas City & Kansas City -> Denver,3,Seattle,New York,6.1841984,6.184198379516602,1.0000000033122156
33,abilene,11,1.2,lstm,critical_failure_fixed,Denver -> Kansas City & Kansas City -> Denver,4,Denver,Washington DC,6.154006,6.154006004333496,0.9999999992958252
33,abilene,11,1.2,lstm,critical_failure_fixed,Denver -> Kansas City & Kansas City -> Denver,5,Indianapolis,Seattle,6.0933008,6.093300819396973,0.9999999968166724
33,abilene,11,1.2,lstm,random_failure_fixed,Houston -> Atlanta & Atlanta -> Houston,1,New York,Los Angeles,6.3579702,6.357970237731934,0.999999994065412
33,abilene,11,1.2,lstm,random_failure_fixed,Houston -> Atlanta & Atlanta -> Houston,2,New York,Houston,6.3491096,6.349109649658203,0.9999999921787139
33,abilene,11,1.2,lstm,random_failure_fixed,Houston -> Atlanta & Atlanta -> Houston,3,Houston,Atlanta,6.2576356,6.257635593414307,1.0000000010524253
33,abilene,11,1.2,lstm,random_failure_fixed,Houston -> Atlanta & Atlanta -> Houston,4,Sunnyvale,New York,6.1633692,6.163369178771973,1.0000000034442245
33,abilene,11,1.2,lstm,random_failure_fixed,Houston -> Atlanta & Atlanta -> Houston,5,Washington DC,Los Angeles,6.0157681,6.015768051147461,1.0000000081207485
33,abilene,11,1.2,uncertainty_aware_lstm_robust_lp,critical_failure_fixed,Kansas City -> Indianapolis & Indianapolis -> Kansas City,1,Seattle,New York,6.4670491,6.4670491218566895,0.9999999966202994
33,abilene,11,1.2,uncertainty_aware_lstm_robust_lp,critical_failure_fixed,Kansas City -> Indianapolis & Indianapolis -> Kansas City,2,Chicago,Sunnyvale,6.4499259,6.449925899505615,1.0000000000766498
33,abilene,11,1.2,uncertainty_aware_lstm_robust_lp,critical_failure_fixed,Kansas City -> Indianapolis & Indianapolis -> Kansas City,3,Sunnyvale,New York,6.4294615,6.429461479187012,1.000000003237128
33,abilene,11,1.2,uncertainty_aware_lstm_robust_lp,critical_failure_fixed,Kansas City -> Indianapolis & Indianapolis -> Kansas City,4,Indianapolis,Seattle,6.3831816,6.383181571960449,1.0000000043927235
33,abilene,11,1.2,uncertainty_aware_lstm_robust_lp,critical_failure_fixed,Kansas City -> Indianapolis & Indianapolis -> Kansas City,5,Kansas City,New York,6.2973032,6.297303199768066,1.0000000000368305
33,abilene,11,1.2,uncertainty_aware_lstm_robust_lp,random_failure_fixed,Houston -> Atlanta & Atlanta -> Houston,1,New York,Los Angeles,6.673933,6.673933029174805,0.9999999956285439
33,abilene,11,1.2,uncertainty_aware_lstm_robust_lp,random_failure_fixed,Houston -> Atlanta & Atlanta -> Houston,2,New York,Houston,6.6537905,6.653790473937988,1.000000003916867
33,abilene,11,1.2,uncertainty_aware_lstm_robust_lp,random_failure_fixed,Houston -> Atlanta & Atlanta -> Houston,3,Houston,Atlanta,6.5660238,6.566023826599121,0.9999999959489758
33,abilene,11,1.2,uncertainty_aware_lstm_robust_lp,random_failure_fixed,Houston -> Atlanta & Atlanta -> Houston,4,Atlanta,Sunnyvale,6.4828329,6.482832908630371,0.9999999986687346
33,abilene,11,1.2,uncertainty_aware_lstm_robust_lp,random_failure_fixed,Houston -> Atlanta & Atlanta -> Houston,5,Denver,Washington DC,6.4297009,6.42970085144043,1.000000007552384
34,abilene,11,1.2,current_demand_lp,critical_failure_fixed,Denver -> Kansas City & Kansas City -> Denver,1,Kansas City,Sunnyvale,4.5543408,4.554340819424877,0.9999999957348653
34,abilene,11,1.2,current_demand_lp,critical_failure_fixed,Denver -> Kansas City & Kansas City -> Denver,2,Chicago,Sunnyvale,4.3380105,4.338010509188373,0.9999999978818924
34,abilene,11,1.2,current_demand_lp,critical_failure_fixed,Denver -> Kansas City & Kansas City -> Denver,3,Sunnyvale,Kansas City,4.3378195,4.337819528232585,0.9999999934915261
34,abilene,11,1.2,current_demand_lp,critical_failure_fixed,Denver -> Kansas City & Kansas City -> Denver,4,Atlanta,Sunnyvale,4.2265624,4.226562426708162,0.9999999936808784
34,abilene,11,1.2,current_demand_lp,critical_failure_fixed,Denver -> Kansas City & Kansas City -> Denver,5,Denver,Washington DC,4.1901713,4.190171255977985,1.0000000105060183
34,abilene,11,1.2,current_demand_lp,random_failure_fixed,New York -> Chicago & Chicago -> New York,1,Kansas City,New York,4.3862943,4.386294349487459,0.9999999887177069
34,abilene,11,1.2,current_demand_lp,random_failure_fixed,New York -> Chicago & Chicago -> New York,2,Seattle,New York,3.9138905,3.9138904716973295,1.0000000072313393
34,abilene,11,1.2,current_demand_lp,random_failure_fixed,New York -> Chicago & Chicago -> New York,3,Washington DC,Chicago,3.2764705,3.2764704653474452,1.000000010576184
34,abilene,11,1.2,current_demand_lp,random_failure_fixed,New York -> Chicago & Chicago -> New York,4,Chicago,New York,3.2645056,3.264505587730546,1.0000000037584418
34,abilene,11,1.2,current_demand_lp,random_failure_fixed,New York -> Chicago & Chicago -> New York,5,New York,Chicago,3.105997,3.10599698958742,1.0000000033524115
34,abilene,11,1.2,robust_current_demand_lp,critical_failure_fixed,Denver -> Kansas City & Kansas City -> Denver,1,Kansas City,Sunnyvale,4.5543408,4.554340819424877,0.9999999957348653
34,abilene,11,1.2,robust_current_demand_lp,critical_failure_fixed,Denver -> Kansas City & Kansas City -> Denver,2,Sunnyvale,New York,4.512718,4.512718041724634,0.9999999907539904
34,abilene,11,1.2,robust_current_demand_lp,critical_failure_fixed,Denver -> Kansas City & Kansas City -> Denver,3,Chicago,Sunnyvale,4.3380105,4.338010509188373,0.9999999978818924
34,abilene,11,1.2,robust_current_demand_lp,critical_failure_fixed,Denver -> Kansas City & Kansas City -> Denver,4,Sunnyvale,Kansas City,4.3378195,4.337819528232585,0.9999999934915261
34,abilene,11,1.2,robust_current_demand_lp,critical_failure_fixed,Denver -> Kansas City & Kansas City -> Denver,5,Denver,Washington DC,4.1901713,4.190171255977985,1.0000000105060183
34,abilene,11,1.2,robust_current_demand_lp,random_failure_fixed,New York -> Chicago & Chicago -> New York,1,Sunnyvale,New York,4.512718,4.512718041724634,0.9999999907539904
34,abilene,11,1.2,robust_current_demand_lp,random_failure_fixed,New York -> Chicago & Chicago -> New York,2,Kansas City,New York,4.3862943,4.386294349487459,0.9999999887177069
34,abilene,11,1.2,robust_current_demand_lp,random_failure_fixed,New York -> Chicago & Chicago -> New York,3,Seattle,New York,3.9138905,3.9138904716973295,1.0000000072313393
34,abilene,11,1.2,robust_current_demand_lp,random_failure_fixed,New York -> Chicago & Chicago -> New York,4,Washington DC,Chicago,3.2764705,3.2764704653474452,1.000000010576184
34,abilene,11,1.2,robust_current_demand_lp,random_failure_fixed,New York -> Chicago & Chicago -> New York,5,Chicago,New York,3.2645056,3.264505587730546,1.0000000037584418
34,abilene,11,1.2,moving_average,critical_failure_fixed,Denver -> Kansas City & Kansas City -> Denver,1,Kansas City,Sunnyvale,4.9508376,4.950837619839335,0.9999999959927315
34,abilene,11,1.2,moving_average,critical_failure_fixed,Denver -> Kansas City & Kansas City -> Denver,2,Denver,Washington DC,4.6681028,4.668102849850605,0.9999999893210139
34,abilene,11,1.2,moving_average,critical_failure_fixed,Denver -> Kansas City & Kansas City -> Denver,3,Washington DC,Denver,4.6596119,4.659611923615172,0.9999999949319445
34,abilene,11,1.2,moving_average,critical_failure_fixed,Denver -> Kansas City & Kansas City -> Denver,4,Seattle,New York,4.508195,4.508194951181283,1.0000000108288833
34,abilene,11,1.2,moving_average,critical_failure_fixed,Denver -> Kansas City & Kansas City -> Denver,5,Atlanta,Sunnyvale,4.4607516,4.460751556854271,1.0000000096723003
34,abilene,11,1.2,moving_average,random_failure_fixed,New York -> Chicago & Chicago -> New York,1,Kansas City,New York,4.6989429,4.698942875868424,1.0000000051355329
34,abilene,11,1.2,moving_average,random_failure_fixed,New York -> Chicago & Chicago -> New York,2,Seattle,New York,4.508195,4.508194951181283,1.0000000108288833
34,abilene,11,1.2,moving_average,random_failure_fixed,New York -> Chicago & Chicago -> New York,3,Washington DC,Chicago,3.6172956,3.6172956189777463,0.9999999947536092
34,abilene,11,1.2,moving_average,random_failure_fixed,New York -> Chicago & Chicago -> New York,4,Chicago,New York,3.5795204,3.5795203655008554,1.0000000096379238
34,abilene,11,1.2,moving_average,random_failure_fixed,New York -> Chicago & Chicago -> New York,5,New York,Chicago,3.4305476,3.4305475777027796,1.0000000064996097
34,abilene,11,1.2,linear_autoregressive,critical_failure_fixed,Denver -> Kansas City & Kansas City -> Denver,1,Kansas City,Sunnyvale,4.3037298,4.303729781064559,1.0000000043997745
34,abilene,11,1.2,linear_autoregressive,critical_failure_fixed,Denver -> Kansas City & Kansas City -> Denver,2,Seattle,New York,4.2881782,4.288178150528295,1.0000000115367653
34,abilene,11,1.2,linear_autoregressive,critical_failure_fixed,Denver -> Kansas City & Kansas City -> Denver,3,Washington DC,Denver,4.2764716,4.2764716456227925,0.9999999893316742
34,abilene,11,1.2,linear_autoregressive,critical_failure_fixed,Denver -> Kansas City & Kansas City -> Denver,4,Houston,Seattle,4.2614263,4.2614262846234,1.0000000036083225
34,abilene,11,1.2,linear_autoregressive,critical_failure_fixed,Denver -> Kansas City & Kansas City -> Denver,5,Indianapolis,Seattle,4.2597269,4.259726878056675,1.0000000051513456
34,abilene,11,1.2,linear_autoregressive,random_failure_fixed,New York -> Chicago & Chicago -> New York,1,Seattle,New York,4.2881782,4.288178150528295,1.0000000115367653
34,abilene,11,1.2,linear_autoregressive,random_failure_fixed,New York -> Chicago & Chicago -> New York,2,Kansas City,New York,4.2869499,4.286949920271123,0.9999999952714345
34,abilene,11,1.2,linear_autoregressive,random_failure_fixed,New York -> Chicago & Chicago -> New York,3,Washington DC,Chicago,3.1538828,3.1538828208666128,0.9999999933838338
34,abilene,11,1.2,linear_autoregressive,random_failure_fixed,New York -> Chicago & Chicago -> New York,4,Chicago,New York,3.1309219,3.1309218865193125,1.0000000043056607
34,abilene,11,1.2,linear_autoregressive,random_failure_fixed,New York -> Chicago & Chicago -> New York,5,New York,Chicago,2.9650068,2.9650068145559834,0.999999995090742
34,abilene,11,1.2,lstm,critical_failure_fixed,Denver -> Kansas City & Kansas City -> Denver,1,Kansas City,Sunnyvale,6.3898745,6.389874458312988,1.0000000065239172
34,abilene,11,1.2,lstm,critical_failure_fixed,Denver -> Kansas City & Kansas City -> Denver,2,Atlanta,Sunnyvale,6.2046609,6.204660892486572,1.000000001210933
34,abilene,11,1.2,lstm,critical_failure_fixed,Denver -> Kansas City & Kansas City -> Denver,3,Seattle,New York,6.1841927,6.184192657470703,1.0000000068770976
34,abilene,11,1.2,lstm,critical_failure_fixed,Denver -> Kansas City & Kansas City -> Denver,4,Denver,Washington DC,6.1540008,6.154000759124756,1.0000000066420605
34,abilene,11,1.2,lstm,critical_failure_fixed,Denver -> Kansas City & Kansas City -> Denver,5,Indianapolis,Seattle,6.0933056,6.093305587768555,1.0000000020073578
34,abilene,11,1.2,lstm,random_failure_fixed,New York -> Chicago & Chicago -> New York,1,Seattle,New York,6.1841927,6.184192657470703,1.0000000068770976
34,abilene,11,1.2,lstm,random_failure_fixed,New York -> Chicago & Chicago -> New York,2,Kansas City,New York,6.0029716,6.002971649169922,0.9999999918090698
34,abilene,11,1.2,lstm,random_failure_fixed,New York -> Chicago & Chicago -> New York,3,Chicago,New York,4.663774,4.663774013519287,0.9999999971012131
34,abilene,11,1.2,lstm,random_failure_fixed,New York -> Chicago & Chicago -> New York,4,New York,Chicago,4.6511898,4.651189804077148,0.9999999991234182
34,abilene,11,1.2,lstm,random_failure_fixed,New York -> Chicago & Chicago -> New York,5,Washington DC,Chicago,4.6182547,4.618254661560059,1.000000008323478
34,abilene,11,1.2,uncertainty_aware_lstm_robust_lp,critical_failure_fixed,Denver -> Kansas City & Kansas City -> Denver,1,Kansas City,Sunnyvale,6.7042613,6.704261302947998,0.99999999956028
34,abilene,11,1.2,uncertainty_aware_lstm_robust_lp,critical_failure_fixed,Denver -> Kansas City & Kansas City -> Denver,2,Seattle,New York,6.4670434,6.467043399810791,1.0000000000292573
34,abilene,11,1.2,uncertainty_aware_lstm_robust_lp,critical_failure_fixed,Denver -> Kansas City & Kansas City -> Denver,3,Chicago,Sunnyvale,6.449924,6.449923992156982,1.000000001215986
34,abilene,11,1.2,uncertainty_aware_lstm_robust_lp,critical_failure_fixed,Denver -> Kansas City & Kansas City -> Denver,4,Denver,Washington DC,6.4296951,6.429695129394531,0.9999999954283165
34,abilene,11,1.2,uncertainty_aware_lstm_robust_lp,critical_failure_fixed,Denver -> Kansas City & Kansas City -> Denver,5,Sunnyvale,New York,6.4294605,6.429460525512695,0.9999999960319074
34,abilene,11,1.2,uncertainty_aware_lstm_robust_lp,random_failure_fixed,New York -> Chicago & Chicago -> New York,1,Seattle,New York,6.4670434,6.467043399810791,1.0000000000292573
34,abilene,11,1.2,uncertainty_aware_lstm_robust_lp,random_failure_fixed,New York -> Chicago & Chicago -> New York,2,Sunnyvale,New York,6.4294605,6.429460525512695,0.9999999960319074
34,abilene,11,1.2,uncertainty_aware_lstm_robust_lp,random_failure_fixed,New York -> Chicago & Chicago -> New York,3,Kansas City,New York,6.2972989,6.297298908233643,0.9999999986925121
34,abilene,11,1.2,uncertainty_aware_lstm_robust_lp,random_failure_fixed,New York -> Chicago & Chicago -> New York,4,Chicago,New York,4.8937731,4.893773078918457,1.00000000430783
34,abilene,11,1.2,uncertainty_aware_lstm_robust_lp,random_failure_fixed,New York -> Chicago & Chicago -> New York,5,New York,Chicago,4.8856025,4.8856024742126465,1.000000005278234
