time_step,topology,seed,load_scale,method,scenario,failed_link,commodity_rank,source,destination,disrupted_amount,demand_value,commodity_disruption_ratio
22,nsfnet,11,0.8,current_demand_lp,critical_failure_fixed,"NCSA, University of Illinois, Champaign -> Merit Univ of Michigan, Ann Arbor & Merit Univ of Michigan, Ann Arbor -> NCSA, University of Illinois, Champaign",1,"MIDnet, Lincoln, NE","Cornell Theory Center, Ithaca NY",4.2337961,4.233796074451316,1.0000000060344627
22,nsfnet,11,0.8,current_demand_lp,critical_failure_fixed,"NCSA, University of Illinois, Champaign -> Merit Univ of Michigan, Ann Arbor & Merit Univ of Michigan, Ann Arbor -> NCSA, University of Illinois, Champaign",2,Pittsburgh Supercomputer Center,"MIDnet, Lincoln, NE",4.0572732,4.057273182997315,1.000000004190668
22,nsfnet,11,0.8,current_demand_lp,critical_failure_fixed,"NCSA, University of Illinois, Champaign -> Merit Univ of Michigan, Ann Arbor & Merit Univ of Michigan, Ann Arbor -> NCSA, University of Illinois, Champaign",3,"Merit Univ of Michigan, Ann Arbor","NCSA, University of Illinois, Champaign",3.8518835,3.851883509717421,0.9999999974772287
22,nsfnet,11,0.8,current_demand_lp,critical_failure_fixed,"NCSA, University of Illinois, Champaign -> Merit Univ of Michigan, Ann Arbor & Merit Univ of Michigan, Ann Arbor -> NCSA, University of Illinois, Champaign",4,"Westnet, Salt Lake City","Cornell Theory Center, Ithaca NY",3.520662,4.32489872740679,0.8140449573280505
22,nsfnet,11,0.8,current_demand_lp,critical_failure_fixed,"NCSA, University of Illinois, Champaign -> Merit Univ of Michigan, Ann Arbor & Merit Univ of Michigan, Ann Arbor -> NCSA, University of Illinois, Champaign",5,"MIDnet, Lincoln, NE","BARRnet, Palo Alto",3.4417748,3.4417747768371507,1.0000000067299144
22,nsfnet,11,0.8,current_demand_lp,random_failure_fixed,"Westnet, Salt Lake City -> NCAR, Boulder & NCAR, Boulder -> Westnet, Salt Lake City",1,"Westnet, Salt Lake City","Cornell Theory Center, Ithaca NY",4.3248987,4.32489872740679,0.9999999936630216
22,nsfnet,11,0.8,current_demand_lp,random_failure_fixed,"Westnet, Salt Lake City -> NCAR, Boulder & NCAR, Boulder -> Westnet, Salt Lake City",2,"SEQSUINET, Rice University, Houston","Westnet, Salt Lake City",3.6391494,3.639149366212583,1.000000009284427
22,nsfnet,11,0.8,current_demand_lp,random_failure_fixed,"Westnet, Salt Lake City -> NCAR, Boulder & NCAR, Boulder -> Westnet, Salt Lake City",3,"MIDnet, Lincoln, NE","Westnet, Salt Lake City",3.6041034,3.604103393421562,1.0000000018252635
22,nsfnet,11,0.8,current_demand_lp,random_failure_fixed,"Westnet, Salt Lake City -> NCAR, Boulder & NCAR, Boulder -> Westnet, Salt Lake City",4,"BARRnet, Palo Alto","Westnet, Salt Lake City",3.5346497,3.534649723405663,0.9999999933782229
22,nsfnet,11,0.8,current_demand_lp,random_failure_fixed,"Westnet, Salt Lake City -> NCAR, Boulder & NCAR, Boulder -> Westnet, Salt Lake City",5,"Westnet, Salt Lake City","NCAR, Boulder",3.2965106,3.296510631619371,0.9999999904082302
22,nsfnet,11,0.8,robust_current_demand_lp,critical_failure_fixed,"NCSA, University of Illinois, Champaign -> Merit Univ of Michigan, Ann Arbor & Merit Univ of Michigan, Ann Arbor -> NCSA, University of Illinois, Champaign",1,"Westnet, Salt Lake City","Cornell Theory Center, Ithaca NY",4.3248987,4.32489872740679,0.9999999936630216
22,nsfnet,11,0.8,robust_current_demand_lp,critical_failure_fixed,"NCSA, University of Illinois, Champaign -> Merit Univ of Michigan, Ann Arbor & Merit Univ of Michigan, Ann Arbor -> NCSA, University of Illinois, Champaign",2,"MIDnet, Lincoln, NE","Cornell Theory Center, Ithaca NY",4.2337961,4.233796074451316,1.0000000060344627
22,nsfnet,11,0.8,robust_current_demand_lp,critical_failure_fixed,"NCSA, University of Illinois, Champaign -> Merit Univ of Michigan, Ann Arbor & Merit Univ of Michigan, Ann Arbor -> NCSA, University of Illinois, Champaign",3,Pittsburgh Supercomputer Center,"MIDnet, Lincoln, NE",4.0572732,4.057273182997315,1.000000004190668
22,nsfnet,11,0.8,robust_current_demand_lp,critical_failure_fixed,"NCSA, University of Illinois, Champaign -> Merit Univ of Michigan, Ann Arbor & Merit Univ of Michigan, Ann Arbor -> NCSA, University of Illinois, Champaign",4,"Merit Univ of Michigan, Ann Arbor","NCSA, University of Illinois, Champaign",3.8518835,3.851883509717421,0.9999999974772287
22,nsfnet,11,0.8,robust_current_demand_lp,critical_failure_fixed,"NCSA, University of Illinois, Champaign -> Merit Univ of Michigan, Ann Arbor & Merit Univ of Michigan, Ann Arbor -> NCSA, University of Illinois, Champaign",5,"MIDnet, Lincoln, NE","BARRnet, Palo Alto",3.4417748,3.4417747768371507,1.0000000067299144
22,nsfnet,11,0.8,robust_current_demand_lp,random_failure_fixed,"Westnet, Salt Lake City -> NCAR, Boulder & NCAR, Boulder -> Westnet, Salt Lake City",1,"Westnet, Salt Lake City","Cornell Theory Center, Ithaca NY",4.3248987,4.32489872740679,0.9999999936630216
22,nsfnet,11,0.8,robust_current_demand_lp,random_failure_fixed,"Westnet, Salt Lake City -> NCAR, Boulder & NCAR, Boulder -> Westnet, Salt Lake City",2,"SEQSUINET, Rice University, Houston","Westnet, Salt Lake City",3.6391494,3.639149366212583,1.000000009284427
22,nsfnet,11,0.8,robust_current_demand_lp,random_failure_fixed,"Westnet, Salt Lake City -> NCAR, Boulder & NCAR, Boulder -> Westnet, Salt Lake City",3,"MIDnet, Lincoln, NE","Westnet, Salt Lake City",3.6041034,3.604103393421562,1.0000000018252635
22,nsfnet,11,0.8,robust_current_demand_lp,random_failure_fixed,"Westnet, Salt Lake City -> NCAR, Boulder & NCAR, Boulder -> Westnet, Salt Lake City",4,"BARRnet, Palo Alto","Westnet, Salt Lake City",3.5346497,3.534649723405663,0.9999999933782229
22,nsfnet,11,0.8,robust_current_demand_lp,random_failure_fixed,"Westnet, Salt Lake City -> NCAR, Boulder & NCAR, Boulder -> Westnet, Salt Lake City",5,"Westnet, Salt Lake City","NCAR, Boulder",3.2965106,3.296510631619371,0.9999999904082302
22,nsfnet,11,0.8,moving_average,critical_failure_fixed,"NCSA, University of Illinois, Champaign -> Merit Univ of Michigan, Ann Arbor & Merit Univ of Michigan, Ann Arbor -> NCSA, University of Illinois, Champaign",1,"MIDnet, Lincoln, NE","Cornell Theory Center, Ithaca NY",3.8605031,3.8605031481965124,0.9999999875154842
22,nsfnet,11,0.8,moving_average,critical_failure_fixed,"NCSA, University of Illinois, Champaign -> Merit Univ of Michigan, Ann Arbor & Merit Univ of Michigan, Ann Arbor -> NCSA, University of Illinois, Champaign",2,Pittsburgh Supercomputer Center,"MIDnet, Lincoln, NE",3.8429713,3.8429712779153955,1.0000000057467524
22,nsfnet,11,0.8,moving_average,critical_failure_fixed,"NCSA, University of Illinois, Champaign -> Merit Univ of Michigan, Ann Arbor & Merit Univ of Michigan, Ann Arbor -> NCSA, University of Illinois, Champaign",3,"Merit Univ of Michigan, Ann Arbor","NCSA, University of Illinois, Champaign",3.8016158,3.801615780976934,1.0000000050039421
22,nsfnet,11,0.8,moving_average,critical_failure_fixed,"NCSA, University of Illinois, Champaign -> Merit Univ of Michigan, Ann Arbor & Merit Univ of Michigan, Ann Arbor -> NCSA, University of Illinois, Champaign",4,"SURANET, Georgia Tech, Atlanta","Merit Univ of Michigan, Ann Arbor",3.5255137,3.525513719104169,0.9999999945811672
22,nsfnet,11,0.8,moving_average,critical_failure_fixed,"NCSA, University of Illinois, Champaign -> Merit Univ of Michigan, Ann Arbor & Merit Univ of Michigan, Ann Arbor -> NCSA, University of Illinois, Champaign",5,San Diego Supercomputer Center,"Merit Univ of Michigan, Ann Arbor",3.3570445,3.440408809766162,0.9757690686265195
22,nsfnet,11,0.8,moving_average,random_failure_fixed,"Westnet, Salt Lake City -> NCAR, Boulder & NCAR, Boulder -> Westnet, Salt Lake City",1,"Westnet, Salt Lake City","Cornell Theory Center, Ithaca NY",4.1010873,4.101087333494656,0.9999999918327377
22,nsfnet,11,0.8,moving_average,random_failure_fixed,"Westnet, Salt Lake City -> NCAR, Boulder & NCAR, Boulder -> Westnet, Salt Lake City",2,"SEQSUINET, Rice University, Houston","Westnet, Salt Lake City",3.621408,3.6214079756056257,1.0000000067361574
22,nsfnet,11,0.8,moving_average,random_failure_fixed,"Westnet, Salt Lake City -> NCAR, Boulder & NCAR, Boulder -> Westnet, Salt Lake City",3,"Westnet, Salt Lake City","NCAR, Boulder",3.440503,3.440503042023981,0.9999999877855127
22,nsfnet,11,0.8,moving_average,random_failure_fixed,"Westnet, Salt Lake City -> NCAR, Boulder & NCAR, Boulder -> Westnet, Salt Lake City",4,"BARRnet, Palo Alto","Westnet, Salt Lake City",3.4080907,3.4080906680317073,1.000000009380118
22,nsfnet,11,0.8,moving_average,random_failure_fixed,"Westnet, Salt Lake City -> NCAR, Boulder & NCAR, Boulder -> Westnet, Salt Lake City",5,"Westnet, Salt Lake City","SEQSUINET, Rice University, Houston",3.36026,3.360260007268562,0.9999999978369049
22,nsfnet,11,0.8,linear_autoregressive,critical_failure_fixed,"NCSA, University of Illinois, Champaign -> Merit Univ of Michigan, Ann Arbor & Merit Univ of Michigan, Ann Arbor -> NCSA, University of Illinois, Champaign",1,Pittsburgh Supercomputer Center,"MIDnet, Lincoln, NE",3.9730204,3.9730203743926884,1.0000000064453007
22,nsfnet,11,0.8,linear_autoregressive,critical_failure_fixed,"NCSA, University of Illinois, Champaign -> Merit Univ of Michigan, Ann Arbor & Merit Univ of Michigan, Ann Arbor -> NCSA, University of Illinois, Champaign",2,"MIDnet, Lincoln, NE","Cornell Theory Center, Ithaca NY",3.9564322,3.9564321574800267,1.0000000107470497
22,nsfnet,11,0.8,linear_autoregressive,critical_failure_fixed,"NCSA, University of Illinois, Champaign -> Merit Univ of Michigan, Ann Arbor & Merit Univ of Michigan, Ann Arbor -> NCSA, University of Illinois, Champaign",3,"Merit Univ of Michigan, Ann Arbor","NCSA, University of Illinois, Champaign",3.9175852,3.91758516568716,1.0000000087586711
22,nsfnet,11,0.8,linear_autoregressive,critical_failure_fixed,"NCSA, University of Illinois, Champaign -> Merit Univ of Michigan, Ann Arbor & Merit Univ of Michigan, Ann Arbor -> NCSA, University of Illinois, Champaign",4,"SURANET, Georgia Tech, Atlanta","Merit Univ of Michigan, Ann Arbor",3.7569906,3.756990574792123,1.0000000067095929
22,nsfnet,11,0.8,linear_autoregressive,critical_failure_fixed,"NCSA, University of Illinois, Champaign -> Merit Univ of Michigan, Ann Arbor & Merit Univ of Michigan, Ann Arbor -> NCSA, University of Illinois, Champaign",5,"NCSA, University of Illinois, Champaign",Pittsburgh Supercomputer Center,3.5580018,3.5580018478173048,0.9999999865606296
22,nsfnet,11,0.8,linear_autoregressive,random_failure_fixed,"Westnet, Salt Lake City -> NCAR, Boulder & NCAR, Boulder -> Westnet, Salt Lake City",1,"Westnet, Salt Lake City","Cornell Theory Center, Ithaca NY",4.1681302,4.168130220707274,0.9999999950319992
22,nsfnet,11,0.8,linear_autoregressive,random_failure_fixed,"Westnet, Salt Lake City -> NCAR, Boulder & NCAR, Boulder -> Westnet, Salt Lake City",2,"SEQSUINET, Rice University, Houston","Westnet, Salt Lake City",3.909028,3.909027977928203,1.0000000056463647
22,nsfnet,11,0.8,linear_autoregressive,random_failure_fixed,"Westnet, Salt Lake City -> NCAR, Boulder & NCAR, Boulder -> Westnet, Salt Lake City",3,"Westnet, Salt Lake City","NCAR, Boulder",3.7903376,3.790337550823793,1.000000012974097
22,nsfnet,11,0.8,linear_autoregressive,random_failure_fixed,"Westnet, Salt Lake City -> NCAR, Boulder & NCAR, Boulder -> Westnet, Salt Lake City",4,"Westnet, Salt Lake City","SEQSUINET, Rice University, Houston",3.6272927,3.627292713366379,0.9999999963150537
22,nsfnet,11,0.8,linear_autoregressive,random_failure_fixed,"Westnet, Salt Lake City -> NCAR, Boulder & NCAR, Boulder -> Westnet, Salt Lake City",5,"MIDnet, Lincoln, NE","Westnet, Salt Lake City",3.6196779,3.6196779443412144,0.9999999877499559
22,nsfnet,11,0.8,lstm,critical_failure_fixed,"NCSA, University of Illinois, Champaign -> Merit Univ of Michigan, Ann Arbor & Merit Univ of Michigan, Ann Arbor -> NCSA, University of Illinois, Champaign",1,"MIDnet, Lincoln, NE","Cornell Theory Center, Ithaca NY",4.3126502,4.312650203704834,0.9999999991409381
22,nsfnet,11,0.8,lstm,critical_failure_fixed,"NCSA, University of Illinois, Champaign -> Merit Univ of Michigan, Ann Arbor & Merit Univ of Michigan, Ann Arbor -> NCSA, University of Illinois, Champaign",2,"Merit Univ of Michigan, Ann Arbor","NCSA, University of Illinois, Champaign",4.3047462,4.304746150970459,1.0000000113896474
22,nsfnet,11,0.8,lstm,critical_failure_fixed,"NCSA, University of Illinois, Champaign -> Merit Univ of Michigan, Ann Arbor & Merit Univ of Michigan, Ann Arbor -> NCSA, University of Illinois, Champaign",3,Pittsburgh Supercomputer Center,"MIDnet, Lincoln, NE",4.2568717,4.256871700286865,0.9999999999326111
22,nsfnet,11,0.8,lstm,critical_failure_fixed,"NCSA, University of Illinois, Champaign -> Merit Univ of Michigan, Ann Arbor & Merit Univ of Michigan, Ann Arbor -> NCSA, University of Illinois, Champaign",4,"SURANET, Georgia Tech, Atlanta","Merit Univ of Michigan, Ann Arbor",4.0819569,4.08195686340332,1.0000000089654744
22,nsfnet,11,0.8,lstm,critical_failure_fixed,"NCSA, University of Illinois, Champaign -> Merit Univ of Michigan, Ann Arbor & Merit Univ of Michigan, Ann Arbor -> NCSA, University of Illinois, Champaign",5,San Diego Supercomputer Center,"Merit Univ of Michigan, Ann Arbor",3.9990675,3.999067544937134,0.9999999887630971
22,nsfnet,11,0.8,lstm,random_failure_fixed,"Westnet, Salt Lake City -> NCAR, Boulder & NCAR, Boulder -> Westnet, Salt Lake City",1,"Westnet, Salt Lake City","Cornell Theory Center, Ithaca NY",4.4530616,4.453061580657959,1.0000000043435378
22,nsfnet,11,0.8,lstm,random_failure_fixed,"Westnet, Salt Lake City -> NCAR, Boulder & NCAR, Boulder -> Westnet, Salt Lake City",2,"SEQSUINET, Rice University, Houston","Westnet, Salt Lake City",4.0434332,4.04343318939209,1.000000002623491
22,nsfnet,11,0.8,lstm,random_failure_fixed,"Westnet, Salt Lake City -> NCAR, Boulder & NCAR, Boulder -> Westnet, Salt Lake City",3,"Westnet, Salt Lake City","NCAR, Boulder",3.9677985,3.9677984714508057,1.0000000071952229
22,nsfnet,11,0.8,lstm,random_failure_fixed,"Westnet, Salt Lake City -> NCAR, Boulder & NCAR, Boulder -> Westnet, Salt Lake City",4,"Westnet, Salt Lake City","SEQSUINET, Rice University, Houston",3.7870319,3.787031888961792,1.0000000029147387
22,nsfnet,11,0.8,lstm,random_failure_fixed,"Westnet, Salt Lake City -> NCAR, Boulder & NCAR, Boulder -> Westnet, Salt Lake City",5,"MIDnet, Lincoln, NE","Westnet, Salt Lake City",3.7681737,3.7681736946105957,1.000000001430243
22,nsfnet,11,0.8,uncertainty_aware_lstm_robust_lp,critical_failure_fixed,"NCSA, University of Illinois, Champaign -> Merit Univ of Michigan, Ann Arbor & Merit Univ of Michigan, Ann Arbor -> NCSA, University of Illinois, Champaign",1,"Westnet, Salt Lake City","Cornell Theory Center, Ithaca NY",4.6718936,4.67189359664917,1.0000000007172316
22,nsfnet,11,0.8,uncertainty_aware_lstm_robust_lp,critical_failure_fixed,"NCSA, University of Illinois, Champaign -> Merit Univ of Michigan, Ann Arbor & Merit Univ of Michigan, Ann Arbor -> NCSA, University of Illinois, Champaign",2,"Merit Univ of Michigan, Ann Arbor","NCSA, University of Illinois, Champaign",4.5193624,4.519362449645996,0.9999999890148231
22,nsfnet,11,0.8,uncertainty_aware_lstm_robust_lp,critical_failure_fixed,"NCSA, University of Illinois, Champaign -> Merit Univ of Michigan, Ann Arbor & Merit Univ of Michigan, Ann Arbor -> NCSA, University of Illinois, Champaign",3,"MIDnet, Lincoln, NE","Cornell Theory Center, Ithaca NY",4.5185852,4.518585205078125,0.9999999988761693
22,nsfnet,11,0.8,uncertainty_aware_lstm_robust_lp,critical_failure_fixed,"NCSA, University of Illinois, Champaign -> Merit Univ of Michigan, Ann Arbor & Merit Univ of Michigan, Ann Arbor -> NCSA, University of Illinois, Champaign",4,Pittsburgh Supercomputer Center,"MIDnet, Lincoln, NE",4.4433961,4.443396091461182,1.0000000019216875
22,nsfnet,11,0.8,uncertainty_aware_lstm_robust_lp,critical_failure_fixed,"NCSA, University of Illinois, Champaign -> Merit Univ of Michigan, Ann Arbor & Merit Univ of Michigan, Ann Arbor -> NCSA, University of Illinois, Champaign",5,"Cornell Theory Center, Ithaca NY","NCAR, Boulder",4.0155287,4.015528678894043,1.0000000052560842
22,nsfnet,11,0.8,uncertainty_aware_lstm_robust_lp,random_failure_fixed,"Westnet, Salt Lake City -> NCAR, Boulder & NCAR, Boulder -> Westnet, Salt Lake City",1,"Westnet, Salt Lake City","Cornell Theory Center, Ithaca NY",4.6718936,4.67189359664917,1.0000000007172316
22,nsfnet,11,0.8,uncertainty_aware_lstm_robust_lp,random_failure_fixed,"Westnet, Salt Lake City -> NCAR, Boulder & NCAR, Boulder -> Westnet, Salt Lake City",2,"SEQSUINET, Rice University, Houston","Westnet, Salt Lake City",4.2287307,4.22873067855835,1.0000000050704696
22,nsfnet,11,0.8,uncertainty_aware_lstm_robust_lp,random_failure_fixed,"Westnet, Salt Lake City -> NCAR, Boulder & NCAR, Boulder -> Westnet, Salt Lake City",3,"Westnet, Salt Lake City","NCAR, Boulder",4.1515379,4.151537895202637,1.000000001155563
22,nsfnet,11,0.8,uncertainty_aware_lstm_robust_lp,random_failure_fixed,"Westnet, Salt Lake City -> NCAR, Boulder & NCAR, Boulder -> Westnet, Salt Lake City",4,"Westnet, Salt Lake City","SEQSUINET, Rice University, Houston",3.9800613,3.9800612926483154,1.0000000018471285
22,nsfnet,11,0.8,uncertainty_aware_lstm_robust_lp,random_failure_fixed,"Westnet, Salt Lake City -> NCAR, Boulder & NCAR, Boulder -> Westnet, Salt Lake City",5,"MIDnet, Lincoln, NE","Westnet, Salt Lake City",3.9468186,3.9468185901641846,1.000000002492087
23,nsfnet,11,0.8,current_demand_lp,critical_failure_fixed,"NCSA, University of Illinois, Champaign -> Merit Univ of Michigan, Ann Arbor & Merit Univ of Michigan, Ann Arbor -> NCSA, University of Illinois, Champaign",1,"Merit Univ of Michigan, Ann Arbor","NCSA, University of Illinois, Champaign",4.407749,4.407749012434166,0.9999999971790214
23,nsfnet,11,0.8,current_demand_lp,critical_failure_fixed,"NCSA, University of Illinois, Champaign -> Merit Univ of Michigan, Ann Arbor & Merit Univ of Michigan, Ann Arbor -> NCSA, University of Illinois, Champaign",2,San Diego Supercomputer Center,"Merit Univ of Michigan, Ann Arbor",4.3748087,4.3748086824460755,1.000000004012501
23,nsfnet,11,0.8,current_demand_lp,critical_failure_fixed,"NCSA, University of Illinois, Champaign -> Merit Univ of Michigan, Ann Arbor & Merit Univ of Michigan, Ann Arbor -> NCSA, University of Illinois, Champaign",3,Pittsburgh Supercomputer Center,"MIDnet, Lincoln, NE",4.245793,4.245793004969716,0.9999999988294963
23,nsfnet,11,0.8,current_demand_lp,critical_failure_fixed,"NCSA, University of Illinois, Champaign -> Merit Univ of Michigan, Ann Arbor & Merit Univ of Michigan, Ann Arbor -> NCSA, University of Illinois, Champaign",4,"MIDnet, Lincoln, NE","BARRnet, Palo Alto",4.220813,4.22081300562751,0.9999999986667237
23,nsfnet,11,0.8,current_demand_lp,critical_failure_fixed,"NCSA, University of Illinois, Champaign -> Merit Univ of Michigan, Ann Arbor & Merit Univ of Michigan, Ann Arbor -> NCSA, University of Illinois, Champaign",5,"MIDnet, Lincoln, NE","Cornell Theory Center, Ithaca NY",4.1942364,4.194236353545024,1.000000011075908
23,nsfnet,11,0.8,current_demand_lp,random_failure_fixed,"SEQSUINET, Rice University, Houston -> SURANET, Georgia Tech, Atlanta & SURANET, Georgia Tech, Atlanta -> SEQSUINET, Rice University, Houston",1,"Jon Von Neumann Center, Princeton, NJ",San Diego Supercomputer Center,4.6214907,4.621490726374788,0.9999999942930128
23,nsfnet,11,0.8,current_demand_lp,random_failure_fixed,"SEQSUINET, Rice University, Houston -> SURANET, Georgia Tech, Atlanta & SURANET, Georgia Tech, Atlanta -> SEQSUINET, Rice University, Houston",2,"Jon Von Neumann Center, Princeton, NJ","NorthWestNet, Seattle",4.1377026,4.137702649942574,0.9999999879298783
23,nsfnet,11,0.8,current_demand_lp,random_failure_fixed,"SEQSUINET, Rice University, Houston -> SURANET, Georgia Tech, Atlanta & SURANET, Georgia Tech, Atlanta -> SEQSUINET, Rice University, Houston",3,"NCSA, University of Illinois, Champaign","SURANET, Georgia Tech, Atlanta",3.971877,3.9718770226474707,0.9999999942980433
23,nsfnet,11,0.8,current_demand_lp,random_failure_fixed,"SEQSUINET, Rice University, Houston -> SURANET, Georgia Tech, Atlanta & SURANET, Georgia Tech, Atlanta -> SEQSUINET, Rice University, Houston",4,"SURANET, Georgia Tech, Atlanta",San Diego Supercomputer Center,3.9531405,3.9531405185087456,0.9999999953179641
23,nsfnet,11,0.8,current_demand_lp,random_failure_fixed,"SEQSUINET, Rice University, Houston -> SURANET, Georgia Tech, Atlanta & SURANET, Georgia Tech, Atlanta -> SEQSUINET, Rice University, Houston",5,"SURANET, Georgia Tech, Atlanta","MIDnet, Lincoln, NE",3.7493378,3.7493378048424058,0.9999999987084638
23,nsfnet,11,0.8,robust_current_demand_lp,critical_failure_fixed,"NCSA, University of Illinois, Champaign -> Merit Univ of Michigan, Ann Arbor & Merit Univ of Michigan, Ann Arbor -> NCSA, University of Illinois, Champaign",1,"Westnet, Salt Lake City","Cornell Theory Center, Ithaca NY",5.0425163,5.042516250506989,1.0000000098151416
23,nsfnet,11,0.8,robust_current_demand_lp,critical_failure_fixed,"NCSA, University of Illinois, Champaign -> Merit Univ of Michigan, Ann Arbor & Merit Univ of Michigan, Ann Arbor -> NCSA, University of Illinois, Champaign",2,"Merit Univ of Michigan, Ann Arbor","NCSA, University of Illinois, Champaign",4.407749,4.407749012434166,0.9999999971790214
23,nsfnet,11,0.8,robust_current_demand_lp,critical_failure_fixed,"NCSA, University of Illinois, Champaign -> Merit Univ of Michigan, Ann Arbor & Merit Univ of Michigan, Ann Arbor -> NCSA, University of Illinois, Champaign",3,Pittsburgh Supercomputer Center,"MIDnet, Lincoln, NE",4.245793,4.245793004969716,0.9999999988294963
23,nsfnet,11,0.8,robust_current_demand_lp,critical_failure_fixed,"NCSA, University of Illinois, Champaign -> Merit Univ of Michigan, Ann Arbor & Merit Univ of Michigan, Ann Arbor -> NCSA, University of Illinois, Champaign",4,"MIDnet, Lincoln, NE","BARRnet, Palo Alto",4.220813,4.22081300562751,0.9999999986667237
23,nsfnet,11,0.8,robust_current_demand_lp,critical_failure_fixed,"NCSA, University of Illinois, Champaign -> Merit Univ of Michigan, Ann Arbor & Merit Univ of Michigan, Ann Arbor -> NCSA, University of Illinois, Champaign",5,"MIDnet, Lincoln, NE","Cornell Theory Center, Ithaca NY",4.1942364,4.194236353545024,1.000000011075908
23,nsfnet,11,0.8,robust_current_demand_lp,random_failure_fixed,"SEQSUINET, Rice University, Houston -> SURANET, Georgia Tech, Atlanta & SURANET, Georgia Tech, Atlanta -> SEQSUINET, Rice University, Houston",1,"Jon Von Neumann Center, Princeton, NJ",San Diego Supercomputer Center,4.6214907,4.621490726374788,0.9999999942930128
23,nsfnet,11,0.8,robust_current_demand_lp,random_failure_fixed,"SEQSUINET, Rice University, Houston -> SURANET, Georgia Tech, Atlanta & SURANET, Georgia Tech, Atlanta -> SEQSUINET, Rice University, Houston",2,"Jon Von Neumann Center, Princeton, NJ","NorthWestNet, Seattle",4.1377026,4.137702649942574,0.9999999879298783
23,nsfnet,11,0.8,robust_current_demand_lp,random_failure_fixed,"SEQSUINET, Rice University, Houston -> SURANET, Georgia Tech, Atlanta & SURANET, Georgia Tech, Atlanta -> SEQSUINET, Rice University, Houston",3,"NCSA, University of Illinois, Champaign","SURANET, Georgia Tech, Atlanta",3.971877,3.9718770226474707,0.9999999942980433
23,nsfnet,11,0.8,robust_current_demand_lp,random_failure_fixed,"SEQSUINET, Rice University, Houston -> SURANET, Georgia Tech, Atlanta & SURANET, Georgia Tech, Atlanta -> SEQSUINET, Rice University, Houston",4,"SURANET, Georgia Tech, Atlanta",San Diego Supercomputer Center,3.9531405,3.9531405185087456,0.9999999953179641
23,nsfnet,11,0.8,robust_current_demand_lp,random_failure_fixed,"SEQSUINET, Rice University, Houston -> SURANET, Georgia Tech, Atlanta & SURANET, Georgia Tech, Atlanta -> SEQSUINET, Rice University, Houston",5,"SURANET, Georgia Tech, Atlanta","MIDnet, Lincoln, NE",3.7493378,3.7493378048424058,0.9999999987084638
23,nsfnet,11,0.8,moving_average,critical_failure_fixed,"NCSA, University of Illinois, Champaign -> Merit Univ of Michigan, Ann Arbor & Merit Univ of Michigan, Ann Arbor -> NCSA, University of Illinois, Champaign",1,"Merit Univ of Michigan, Ann Arbor","NCSA, University of Illinois, Champaign",3.9869483,3.98694826442967,1.0000000089216934
23,nsfnet,11,0.8,moving_average,critical_failure_fixed,"NCSA, University of Illinois, Champaign -> Merit Univ of Michigan, Ann Arbor & Merit Univ of Michigan, Ann Arbor -> NCSA, University of Illinois, Champaign",2,"MIDnet, Lincoln, NE","Cornell Theory Center, Ithaca NY",3.9016681,3.901668110811115,0.9999999972291045
23,nsfnet,11,0.8,moving_average,critical_failure_fixed,"NCSA, University of Illinois, Champaign -> Merit Univ of Michigan, Ann Arbor & Merit Univ of Michigan, Ann Arbor -> NCSA, University of Illinois, Champaign",3,Pittsburgh Supercomputer Center,"MIDnet, Lincoln, NE",3.896123,3.8961230436088656,0.9999999888071128
23,nsfnet,11,0.8,moving_average,critical_failure_fixed,"NCSA, University of Illinois, Champaign -> Merit Univ of Michigan, Ann Arbor & Merit Univ of Michigan, Ann Arbor -> NCSA, University of Illinois, Champaign",4,San Diego Supercomputer Center,"Merit Univ of Michigan, Ann Arbor",3.6374735,3.637473516472377,0.9999999954714786
23,nsfnet,11,0.8,moving_average,critical_failure_fixed,"NCSA, University of Illinois, Champaign -> Merit Univ of Michigan, Ann Arbor & Merit Univ of Michigan, Ann Arbor -> NCSA, University of Illinois, Champaign",5,"SURANET, Georgia Tech, Atlanta","Merit Univ of Michigan, Ann Arbor",3.6320573,3.632057288099497,1.0000000032765186
23,nsfnet,11,0.8,moving_average,random_failure_fixed,"SEQSUINET, Rice University, Houston -> SURANET, Georgia Tech, Atlanta & SURANET, Georgia Tech, Atlanta -> SEQSUINET, Rice University, Houston",1,"Jon Von Neumann Center, Princeton, NJ",San Diego Supercomputer Center,4.1095465,4.109546455969259,1.0000000107142581
23,nsfnet,11,0.8,moving_average,random_failure_fixed,"SEQSUINET, Rice University, Houston -> SURANET, Georgia Tech, Atlanta & SURANET, Georgia Tech, Atlanta -> SEQSUINET, Rice University, Houston",2,"SURANET, Georgia Tech, Atlanta",San Diego Supercomputer Center,3.7115565,3.711556478729179,1.0000000057309706
23,nsfnet,11,0.8,moving_average,random_failure_fixed,"SEQSUINET, Rice University, Houston -> SURANET, Georgia Tech, Atlanta & SURANET, Georgia Tech, Atlanta -> SEQSUINET, Rice University, Houston",3,"SURANET, Georgia Tech, Atlanta","Merit Univ of Michigan, Ann Arbor",3.6320573,3.632057288099497,1.0000000032765186
23,nsfnet,11,0.8,moving_average,random_failure_fixed,"SEQSUINET, Rice University, Houston -> SURANET, Georgia Tech, Atlanta & SURANET, Georgia Tech, Atlanta -> SEQSUINET, Rice University, Houston",4,"Jon Von Neumann Center, Princeton, NJ","NorthWestNet, Seattle",3.6282154,3.62821536236513,1.0000000103728326
23,nsfnet,11,0.8,moving_average,random_failure_fixed,"SEQSUINET, Rice University, Houston -> SURANET, Georgia Tech, Atlanta & SURANET, Georgia Tech, Atlanta -> SEQSUINET, Rice University, Houston",5,"NCSA, University of Illinois, Champaign","SURANET, Georgia Tech, Atlanta",3.4220421,3.4220421040378537,0.9999999988200456
23,nsfnet,11,0.8,linear_autoregressive,critical_failure_fixed,"NCSA, University of Illinois, Champaign -> Merit Univ of Michigan, Ann Arbor & Merit Univ of Michigan, Ann Arbor -> NCSA, University of Illinois, Champaign",1,Pittsburgh Supercomputer Center,"MIDnet, Lincoln, NE",4.3369669,4.336966921540674,0.9999999950332399
23,nsfnet,11,0.8,linear_autoregressive,critical_failure_fixed,"NCSA, University of Illinois, Champaign -> Merit Univ of Michigan, Ann Arbor & Merit Univ of Michigan, Ann Arbor -> NCSA, University of Illinois, Champaign",2,"Merit Univ of Michigan, Ann Arbor","NCSA, University of Illinois, Champaign",4.2727575,4.272757547242615,0.9999999889432961
23,nsfnet,11,0.8,linear_autoregressive,critical_failure_fixed,"NCSA, University of Illinois, Champaign -> Merit Univ of Michigan, Ann Arbor & Merit Univ of Michigan, Ann Arbor -> NCSA, University of Illinois, Champaign",3,"SURANET, Georgia Tech, Atlanta","Merit Univ of Michigan, Ann Arbor",4.1936409,4.19364092569931,0.9999999938718381
23,nsfnet,11,0.8,linear_autoregressive,critical_failure_fixed,"NCSA, University of Illinois, Champaign -> Merit Univ of Michigan, Ann Arbor & Merit Univ of Michigan, Ann Arbor -> NCSA, University of Illinois, Champaign",4,"MIDnet, Lincoln, NE","Cornell Theory Center, Ithaca NY",4.1223615,4.1223614644529585,1.0000000086229803
23,nsfnet,11,0.8,linear_autoregressive,critical_failure_fixed,"NCSA, University of Illinois, Champaign -> Merit Univ of Michigan, Ann Arbor & Merit Univ of Michigan, Ann Arbor -> NCSA, University of Illinois, Champaign",5,San Diego Supercomputer Center,"Merit Univ of Michigan, Ann Arbor",3.8190713,3.8190712931102477,1.0000000018040387
23,nsfnet,11,0.8,linear_autoregressive,random_failure_fixed,"SEQSUINET, Rice University, Houston -> SURANET, Georgia Tech, Atlanta & SURANET, Georgia Tech, Atlanta -> SEQSUINET, Rice University, Houston",1,"Jon Von Neumann Center, Princeton, NJ",San Diego Supercomputer Center,4.4043775,4.404377461947201,1.000000008639768
23,nsfnet,11,0.8,linear_autoregressive,random_failure_fixed,"SEQSUINET, Rice University, Houston -> SURANET, Georgia Tech, Atlanta & SURANET, Georgia Tech, Atlanta -> SEQSUINET, Rice University, Houston",2,"SURANET, Georgia Tech, Atlanta","Merit Univ of Michigan, Ann Arbor",4.1936409,4.19364092569931,0.9999999938718381
23,nsfnet,11,0.8,linear_autoregressive,random_failure_fixed,"SEQSUINET, Rice University, Houston -> SURANET, Georgia Tech, Atlanta & SURANET, Georgia Tech, Atlanta -> SEQSUINET, Rice University, Houston",3,"SURANET, Georgia Tech, Atlanta",San Diego Supercomputer Center,3.9819048,3.9819048394762904,0.999999990086079
23,nsfnet,11,0.8,linear_autoregressive,random_failure_fixed,"SEQSUINET, Rice University, Houston -> SURANET, Georgia Tech, Atlanta & SURANET, Georgia Tech, Atlanta -> SEQSUINET, Rice University, Houston",4,"Jon Von Neumann Center, Princeton, NJ","NorthWestNet, Seattle",3.7776045,3.777604472119075,1.0000000073805833
23,nsfnet,11,0.8,linear_autoregressive,random_failure_fixed,"SEQSUINET, Rice University, Houston -> SURANET, Georgia Tech, Atlanta & SURANET, Georgia Tech, Atlanta -> SEQSUINET, Rice University, Houston",5,San Diego Supercomputer Center,"Jon Von Neumann Center, Princeton, NJ",3.7356347,3.7356347389561635,0.9999999895717417
23,nsfnet,11,0.8,lstm,critical_failure_fixed,"NCSA, University of Illinois, Champaign -> Merit Univ of Michigan, Ann Arbor & Merit Univ of Michigan, Ann Arbor -> NCSA, University of Illinois, Champaign",1,"MIDnet, Lincoln, NE","Cornell Theory Center, Ithaca NY",4.3126502,4.312650203704834,0.9999999991409381
23,nsfnet,11,0.8,lstm,critical_failure_fixed,"NCSA, University of Illinois, Champaign -> Merit Univ of Michigan, Ann Arbor & Merit Univ of Michigan, Ann Arbor -> NCSA, University of Illinois, Champaign",2,"Merit Univ of Michigan, Ann Arbor","NCSA, University of Illinois, Champaign",4.3047462,4.304746150970459,1.0000000113896474
23,nsfnet,11,0.8,lstm,critical_failure_fixed,"NCSA, University of Illinois, Champaign -> Merit Univ of Michigan, Ann Arbor & Merit Univ of Michigan, Ann Arbor -> NCSA, University of Illinois, Champaign",3,Pittsburgh Supercomputer Center,"MIDnet, Lincoln, NE",4.2568717,4.256871700286865,0.9999999999326111
23,nsfnet,11,0.8,lstm,critical_failure_fixed,"NCSA, University of Illinois, Champaign -> Merit Univ of Michigan, Ann Arbor & Merit Univ of Michigan, Ann Arbor -> NCSA, University of Illinois, Champaign",4,"SURANET, Georgia Tech, Atlanta","Merit Univ of Michigan, Ann Arbor",4.0819569,4.08195686340332,1.0000000089654744
23,nsfnet,11,0.8,lstm,critical_failure_fixed,"NCSA, University of Illinois, Champaign -> Merit Univ of Michigan, Ann Arbor & Merit Univ of Michigan, Ann Arbor -> NCSA, University of Illinois, Champaign",5,San Diego Supercomputer Center,"Merit Univ of Michigan, Ann Arbor",3.9990675,3.999067544937134,0.9999999887630971
23,nsfnet,11,0.8,lstm,random_failure_fixed,"SEQSUINET, Rice University, Houston -> SURANET, Georgia Tech, Atlanta & SURANET, Georgia Tech, Atlanta -> SEQSUINET, Rice University, Houston",1,"Jon Von Neumann Center, Princeton, NJ",San Diego Supercomputer Center,4.2722907,4.2722907066345215,0.999999998447081
23,nsfnet,11,0.8,lstm,random_failure_fixed,"SEQSUINET, Rice University, Houston -> SURANET, Georgia Tech, Atlanta & SURANET, Georgia Tech, Atlanta -> SEQSUINET, Rice University, Houston",2,"SURANET, Georgia Tech, Atlanta","Merit Univ of Michigan, Ann Arbor",4.0819569,4.08195686340332,1.0000000089654744
23,nsfnet,11,0.8,lstm,random_failure_fixed,"SEQSUINET, Rice University, Houston -> SURANET, Georgia Tech, Atlanta & SURANET, Georgia Tech, Atlanta -> SEQSUINET, Rice University, Houston",3,"SURANET, Georgia Tech, Atlanta",San Diego Supercomputer Center,4.019825,4.019824981689453,1.0000000045550608
23,nsfnet,11,0.8,lstm,random_failure_fixed,"SEQSUINET, Rice University, Houston -> SURANET, Georgia Tech, Atlanta & SURANET, Georgia Tech, Atlanta -> SEQSUINET, Rice University, Houston",4,"Jon Von Neumann Center, Princeton, NJ","NorthWestNet, Seattle",3.8354225,3.8354225158691406,0.9999999958624791
23,nsfnet,11,0.8,lstm,random_failure_fixed,"SEQSUINET, Rice University, Houston -> SURANET, Georgia Tech, Atlanta & SURANET, Georgia Tech, Atlanta -> SEQSUINET, Rice University, Houston",5,"NCSA, University of Illinois, Champaign","SURANET, Georgia Tech, Atlanta",3.7612598,3.7612597942352295,1.0000000015326702
23,nsfnet,11,0.8,uncertainty_aware_lstm_robust_lp,critical_failure_fixed,"NCSA, University of Illinois, Champaign -> Merit Univ of Michigan, Ann Arbor & Merit Univ of Michigan, Ann Arbor -> NCSA, University of Illinois, Champaign",1,"Westnet, Salt Lake City","Cornell Theory Center, Ithaca NY",4.6718936,4.67189359664917,1.0000000007172316
23,nsfnet,11,0.8,uncertainty_aware_lstm_robust_lp,critical_failure_fixed,"NCSA, University of Illinois, Champaign -> Merit Univ of Michigan, Ann Arbor & Merit Univ of Michigan, Ann Arbor -> NCSA, University of Illinois, Champaign",2,"Merit Univ of Michigan, Ann Arbor","NCSA, University of Illinois, Champaign",4.5193624,4.519362449645996,0.9999999890148231
23,nsfnet,11,0.8,uncertainty_aware_lstm_robust_lp,critical_failure_fixed,"NCSA, University of Illinois, Champaign -> Merit Univ of Michigan, Ann Arbor & Merit Univ of Michigan, Ann Arbor -> NCSA, University of Illinois, Champaign",3,"MIDnet, Lincoln, NE","Cornell Theory Center, Ithaca NY",4.5185852,4.518585205078125,0.9999999988761693
23,nsfnet,11,0.8,uncertainty_aware_lstm_robust_lp,critical_failure_fixed,"NCSA, University of Illinois, Champaign -> Merit Univ of Michigan, Ann Arbor & Merit Univ of Michigan, Ann Arbor -> NCSA, University of Illinois, Champaign",4,Pittsburgh Supercomputer Center,"MIDnet, Lincoln, NE",4.4433961,4.443396091461182,1.0000000019216875
23,nsfnet,11,0.8,uncertainty_aware_lstm_robust_lp,critical_failure_fixed,"NCSA, University of Illinois, Champaign -> Merit Univ of Michigan, Ann Arbor & Merit Univ of Michigan, Ann Arbor -> NCSA, University of Illinois, Champaign",5,"Cornell Theory Center, Ithaca NY","NCAR, Boulder",4.0155287,4.015528678894043,1.0000000052560842
23,nsfnet,11,0.8,uncertainty_aware_lstm_robust_lp,random_failure_fixed,"SEQSUINET, Rice University, Houston -> SURANET, Georgia Tech, Atlanta & SURANET, Georgia Tech, Atlanta -> SEQSUINET, Rice University, Houston",1,"Jon Von Neumann Center, Princeton, NJ",San Diego Supercomputer Center,4.4875336,4.4875335693359375,1.000000006833166
23,nsfnet,11,0.8,uncertainty_aware_lstm_robust_lp,random_failure_fixed,"SEQSUINET, Rice University, Houston -> SURANET, Georgia Tech, Atlanta & SURANET, Georgia Tech, Atlanta -> SEQSUINET, Rice University, Houston",2,"SURANET, Georgia Tech, Atlanta",San Diego Supercomputer Center,4.2335224,4.233522415161133,0.99999999641879
23,nsfnet,11,0.8,uncertainty_aware_lstm_robust_lp,random_failure_fixed,"SEQSUINET, Rice University, Houston -> SURANET, Georgia Tech, Atlanta & SURANET, Georgia Tech, Atlanta -> SEQSUINET, Rice University, Houston",3,"Jon Von Neumann Center, Princeton, NJ","NorthWestNet, Seattle",4.0222363,4.022236347198486,0.999999988265611
23,nsfnet,11,0.8,uncertainty_aware_lstm_robust_lp,random_failure_fixed,"SEQSUINET, Rice University, Houston -> SURANET, Georgia Tech, Atlanta & SURANET, Georgia Tech, Atlanta -> SEQSUINET, Rice University, Houston",4,"NCSA, University of Illinois, Champaign","SURANET, Georgia Tech, Atlanta",3.9757073,3.9757072925567627,1.0000000018721793
23,nsfnet,11,0.8,uncertainty_aware_lstm_robust_lp,random_failure_fixed,"SEQSUINET, Rice University, Houston -> SURANET, Georgia Tech, Atlanta & SURANET, Georgia Tech, Atlanta -> SEQSUINET, Rice University, Houston",5,San Diego Supercomputer Center,"Jon Von Neumann Center, Princeton, NJ",3.8281965,3.8281965255737305,0.9999999933196401
24,nsfnet,11,0.8,current_demand_lp,critical_failure_fixed,"NCSA, University of Illinois, Champaign -> Merit Univ of Michigan, Ann Arbor & Merit Univ of Michigan, Ann Arbor -> NCSA, University of Illinois, Champaign",1,"MIDnet, Lincoln, NE","Cornell Theory Center, Ithaca NY",5.3060271,5.3060270742074085,1.0000000048609987
24,nsfnet,11,0.8,current_demand_lp,critical_failure_fixed,"NCSA, University of Illinois, Champaign -> Merit Univ of Michigan, Ann Arbor & Merit Univ of Michigan, Ann Arbor -> NCSA, University of Illinois, Champaign",2,"Merit Univ of Michigan, Ann Arbor","NCSA, University of Illinois, Champaign",5.1772611,5.1772610909422125,1.0000000017495327
24,nsfnet,11,0.8,current_demand_lp,critical_failure_fixed,"NCSA, University of Illinois, Champaign -> Merit Univ of Michigan, Ann Arbor & Merit Univ of Michigan, Ann Arbor -> NCSA, University of Illinois, Champaign",3,Pittsburgh Supercomputer Center,"MIDnet, Lincoln, NE",5.0040371,5.00403707336113,1.0000000053234757
24,nsfnet,11,0.8,current_demand_lp,critical_failure_fixed,"NCSA, University of Illinois, Champaign -> Merit Univ of Michigan, Ann Arbor & Merit Univ of Michigan, Ann Arbor -> NCSA, University of Illinois, Champaign",4,"Westnet, Salt Lake City","Cornell Theory Center, Ithaca NY",4.7622925,5.242903879291047,0.9083310717960299
24,nsfnet,11,0.8,current_demand_lp,critical_failure_fixed,"NCSA, University of Illinois, Champaign -> Merit Univ of Michigan, Ann Arbor & Merit Univ of Michigan, Ann Arbor -> NCSA, University of Illinois, Champaign",5,San Diego Supercomputer Center,"Merit Univ of Michigan, Ann Arbor",4.6713137,5.1013376207103525,0.9157036932892765
24,nsfnet,11,0.8,current_demand_lp,random_failure_fixed,"Pittsburgh Supercomputer Center -> Merit Univ of Michigan, Ann Arbor & Merit Univ of Michigan, Ann Arbor -> Pittsburgh Supercomputer Center",1,"BARRnet, Palo Alto",Pittsburgh Supercomputer Center,5.3511274,5.351127358923595,1.0000000076762152
24,nsfnet,11,0.8,current_demand_lp,random_failure_fixed,"Pittsburgh Supercomputer Center -> Merit Univ of Michigan, Ann Arbor & Merit Univ of Michigan, Ann Arbor -> Pittsburgh Supercomputer Center",2,"NorthWestNet, Seattle",Pittsburgh Supercomputer Center,5.1359654,5.1359654354782,0.9999999930922043
24,nsfnet,11,0.8,current_demand_lp,random_failure_fixed,"Pittsburgh Supercomputer Center -> Merit Univ of Michigan, Ann Arbor & Merit Univ of Michigan, Ann Arbor -> Pittsburgh Supercomputer Center",3,Pittsburgh Supercomputer Center,"MIDnet, Lincoln, NE",5.0040371,5.00403707336113,1.0000000053234757
24,nsfnet,11,0.8,current_demand_lp,random_failure_fixed,"Pittsburgh Supercomputer Center -> Merit Univ of Michigan, Ann Arbor & Merit Univ of Michigan, Ann Arbor -> Pittsburgh Supercomputer Center",4,Pittsburgh Supercomputer Center,"NorthWestNet, Seattle",4.4808217,4.480821677701973,1.0000000049763254
24,nsfnet,11,0.8,current_demand_lp,random_failure_fixed,"Pittsburgh Supercomputer Center -> Merit Univ of Michigan, Ann Arbor & Merit Univ of Michigan, Ann Arbor -> Pittsburgh Supercomputer Center",5,"Jon Von Neumann Center, Princeton, NJ",Pittsburgh Supercomputer Center,4.4208239,4.42082390517326,0.9999999988297973
24,nsfnet,11,0.8,robust_current_demand_lp,critical_failure_fixed,"NCSA, University of Illinois, Champaign -> Merit Univ of Michigan, Ann Arbor & Merit Univ of Michigan, Ann Arbor -> NCSA, University of Illinois, Champaign",1,"MIDnet, Lincoln, NE","Cornell Theory Center, Ithaca NY",5.3060271,5.3060270742074085,1.0000000048609987
24,nsfnet,11,0.8,robust_current_demand_lp,critical_failure_fixed,"NCSA, University of Illinois, Champaign -> Merit Univ of Michigan, Ann Arbor & Merit Univ of Michigan, Ann Arbor -> NCSA, University of Illinois, Champaign",2,"Westnet, Salt Lake City","Cornell Theory Center, Ithaca NY",5.2429039,5.242903879291047,1.0000000039499013
24,nsfnet,11,0.8,robust_current_demand_lp,critical_failure_fixed,"NCSA, University of Illinois, Champaign -> Merit Univ of Michigan, Ann Arbor & Merit Univ of Michigan, Ann Arbor -> NCSA, University of Illinois, Champaign",3,"Merit Univ of Michigan, Ann Arbor","NCSA, University of Illinois, Champaign",5.1772611,5.1772610909422125,1.0000000017495327
24,nsfnet,11,0.8,robust_current_demand_lp,critical_failure_fixed,"NCSA, University of Illinois, Champaign -> Merit Univ of Michigan, Ann Arbor & Merit Univ of Michigan, Ann Arbor -> NCSA, University of Illinois, Champaign",4,Pittsburgh Supercomputer Center,"MIDnet, Lincoln, NE",5.0040371,5.00403707336113,1.0000000053234757
24,nsfnet,11,0.8,robust_current_demand_lp,critical_failure_fixed,"NCSA, University of Illinois, Champaign -> Merit Univ of Michigan, Ann Arbor & Merit Univ of Michigan, Ann Arbor -> NCSA, University of Illinois, Champaign",5,"NCSA, University of Illinois, Champaign","Jon Von Neumann Center, Princeton, NJ",4.1856054,4.185605413449319,0.9999999967867685
24,nsfnet,11,0.8,robust_current_demand_lp,random_failure_fixed,"Pittsburgh Supercomputer Center -> Merit Univ of Michigan, Ann Arbor & Merit Univ of Michigan, Ann Arbor -> Pittsburgh Supercomputer Center",1,"BARRnet, Palo Alto",Pittsburgh Supercomputer Center,5.3511274,5.351127358923595,1.0000000076762152
24,nsfnet,11,0.8,robust_current_demand_lp,random_failure_fixed,"Pittsburgh Supercomputer Center -> Merit Univ of Michigan, Ann Arbor & Merit Univ of Michigan, Ann Arbor -> Pittsburgh Supercomputer Center",2,"NorthWestNet, Seattle",Pittsburgh Supercomputer Center,5.1359654,5.1359654354782,0.9999999930922043
24,nsfnet,11,0.8,robust_current_demand_lp,random_failure_fixed,"Pittsburgh Supercomputer Center -> Merit Univ of Michigan, Ann Arbor & Merit Univ of Michigan, Ann Arbor -> Pittsburgh Supercomputer Center",3,Pittsburgh Supercomputer Center,"MIDnet, Lincoln, NE",5.0040371,5.00403707336113,1.0000000053234757
24,nsfnet,11,0.8,robust_current_demand_lp,random_failure_fixed,"Pittsburgh Supercomputer Center -> Merit Univ of Michigan, Ann Arbor & Merit Univ of Michigan, Ann Arbor -> Pittsburgh Supercomputer Center",4,Pittsburgh Supercomputer Center,"NorthWestNet, Seattle",4.4808217,4.480821677701973,1.0000000049763254
24,nsfnet,11,0.8,robust_current_demand_lp,random_failure_fixed,"Pittsburgh Supercomputer Center -> Merit Univ of Michigan, Ann Arbor & Merit Univ of Michigan, Ann Arbor -> Pittsburgh Supercomputer Center",5,"Jon Von Neumann Center, Princeton, NJ",Pittsburgh Supercomputer Center,4.4208239,4.42082390517326,0.9999999988297973
24,nsfnet,11,0.8,moving_average,critical_failure_fixed,"NCSA, University of Illinois, Champaign -> Merit Univ of Michigan, Ann Arbor & Merit Univ of Michigan, Ann Arbor -> NCSA, University of Illinois, Champaign",1,"Merit Univ of Michigan, Ann Arbor","NCSA, University of Illinois, Champaign",4.3662558,4.366255848273511,0.9999999889439575
24,nsfnet,11,0.8,moving_average,critical_failure_fixed,"NCSA, University of Illinois, Champaign -> Merit Univ of Michigan, Ann Arbor & Merit Univ of Michigan, Ann Arbor -> NCSA, University of Illinois, Champaign",2,"MIDnet, Lincoln, NE","Cornell Theory Center, Ithaca NY",4.356203,4.356202962288624,1.0000000086569374
24,nsfnet,11,0.8,moving_average,critical_failure_fixed,"NCSA, University of Illinois, Champaign -> Merit Univ of Michigan, Ann Arbor & Merit Univ of Michigan, Ann Arbor -> NCSA, University of Illinois, Champaign",3,Pittsburgh Supercomputer Center,"MIDnet, Lincoln, NE",4.2118944,4.211894376794467,1.0000000055095242
24,nsfnet,11,0.8,moving_average,critical_failure_fixed,"NCSA, University of Illinois, Champaign -> Merit Univ of Michigan, Ann Arbor & Merit Univ of Michigan, Ann Arbor -> NCSA, University of Illinois, Champaign",4,San Diego Supercomputer Center,"Merit Univ of Michigan, Ann Arbor",3.8522155,4.161997582645651,0.9255688941441593
24,nsfnet,11,0.8,moving_average,critical_failure_fixed,"NCSA, University of Illinois, Champaign -> Merit Univ of Michigan, Ann Arbor & Merit Univ of Michigan, Ann Arbor -> NCSA, University of Illinois, Champaign",5,"MIDnet, Lincoln, NE","BARRnet, Palo Alto",3.7989412,3.7989411525747894,1.000000012483797
24,nsfnet,11,0.8,moving_average,random_failure_fixed,"Pittsburgh Supercomputer Center -> Merit Univ of Michigan, Ann Arbor & Merit Univ of Michigan, Ann Arbor -> Pittsburgh Supercomputer Center",1,"BARRnet, Palo Alto",Pittsburgh Supercomputer Center,4.4507693,4.45076927500319,1.0000000056162899
24,nsfnet,11,0.8,moving_average,random_failure_fixed,"Pittsburgh Supercomputer Center -> Merit Univ of Michigan, Ann Arbor & Merit Univ of Michigan, Ann Arbor -> Pittsburgh Supercomputer Center",2,Pittsburgh Supercomputer Center,"MIDnet, Lincoln, NE",4.2118944,4.211894376794467,1.0000000055095242
24,nsfnet,11,0.8,moving_average,random_failure_fixed,"Pittsburgh Supercomputer Center -> Merit Univ of Michigan, Ann Arbor & Merit Univ of Michigan, Ann Arbor -> Pittsburgh Supercomputer Center",3,"NorthWestNet, Seattle",Pittsburgh Supercomputer Center,4.0516262,4.051626230947907,0.9999999923616087
24,nsfnet,11,0.8,moving_average,random_failure_fixed,"Pittsburgh Supercomputer Center -> Merit Univ of Michigan, Ann Arbor & Merit Univ of Michigan, Ann Arbor -> Pittsburgh Supercomputer Center",4,Pittsburgh Supercomputer Center,"NorthWestNet, Seattle",3.9508668,3.950866790761405,1.0000000023383717
24,nsfnet,11,0.8,moving_average,random_failure_fixed,"Pittsburgh Supercomputer Center -> Merit Univ of Michigan, Ann Arbor & Merit Univ of Michigan, Ann Arbor -> Pittsburgh Supercomputer Center",5,"Jon Von Neumann Center, Princeton, NJ",Pittsburgh Supercomputer Center,3.6524237,3.6524237022255734,0.9999999993906584
24,nsfnet,11,0.8,linear_autoregressive,critical_failure_fixed,"NCSA, University of Illinois, Champaign -> Merit Univ of Michigan, Ann Arbor & Merit Univ of Michigan, Ann Arbor -> NCSA, University of Illinois, Champaign",1,"MIDnet, Lincoln, NE","Cornell Theory Center, Ithaca NY",5.2331584,5.233158377804896,1.0000000042412445
24,nsfnet,11,0.8,linear_autoregressive,critical_failure_fixed,"NCSA, University of Illinois, Champaign -> Merit Univ of Michigan, Ann Arbor & Merit Univ of Michigan, Ann Arbor -> NCSA, University of Illinois, Champaign",2,Pittsburgh Supercomputer Center,"MIDnet, Lincoln, NE",5.1285237,5.128523744931702,0.9999999912388624
24,nsfnet,11,0.8,linear_autoregressive,critical_failure_fixed,"NCSA, University of Illinois, Champaign -> Merit Univ of Michigan, Ann Arbor & Merit Univ of Michigan, Ann Arbor -> NCSA, University of Illinois, Champaign",3,"Merit Univ of Michigan, Ann Arbor","NCSA, University of Illinois, Champaign",5.1278013,5.127801269404707,1.000000005966552
24,nsfnet,11,0.8,linear_autoregressive,critical_failure_fixed,"NCSA, University of Illinois, Champaign -> Merit Univ of Michigan, Ann Arbor & Merit Univ of Michigan, Ann Arbor -> NCSA, University of Illinois, Champaign",4,"SURANET, Georgia Tech, Atlanta","Merit Univ of Michigan, Ann Arbor",4.7578286,4.757828614530413,0.9999999969459991
24,nsfnet,11,0.8,linear_autoregressive,critical_failure_fixed,"NCSA, University of Illinois, Champaign -> Merit Univ of Michigan, Ann Arbor & Merit Univ of Michigan, Ann Arbor -> NCSA, University of Illinois, Champaign",5,"Westnet, Salt Lake City","Cornell Theory Center, Ithaca NY",4.6919321,5.4172905414720605,0.8661030941724318
24,nsfnet,11,0.8,linear_autoregressive,random_failure_fixed,"Pittsburgh Supercomputer Center -> Merit Univ of Michigan, Ann Arbor & Merit Univ of Michigan, Ann Arbor -> Pittsburgh Supercomputer Center",1,"BARRnet, Palo Alto",Pittsburgh Supercomputer Center,5.2176025,5.217602542826265,0.9999999917919649
24,nsfnet,11,0.8,linear_autoregressive,random_failure_fixed,"Pittsburgh Supercomputer Center -> Merit Univ of Michigan, Ann Arbor & Merit Univ of Michigan, Ann Arbor -> Pittsburgh Supercomputer Center",2,Pittsburgh Supercomputer Center,"NorthWestNet, Seattle",5.1379078,5.1379078037119275,0.999999999277541
24,nsfnet,11,0.8,linear_autoregressive,random_failure_fixed,"Pittsburgh Supercomputer Center -> Merit Univ of Michigan, Ann Arbor & Merit Univ of Michigan, Ann Arbor -> Pittsburgh Supercomputer Center",3,Pittsburgh Supercomputer Center,"MIDnet, Lincoln, NE",5.1285237,5.128523744931702,0.9999999912388624
24,nsfnet,11,0.8,linear_autoregressive,random_failure_fixed,"Pittsburgh Supercomputer Center -> Merit Univ of Michigan, Ann Arbor & Merit Univ of Michigan, Ann Arbor -> Pittsburgh Supercomputer Center",4,"NorthWestNet, Seattle",Pittsburgh Supercomputer Center,4.8145445,4.814544477432075,1.0000000046874478
24,nsfnet,11,0.8,linear_autoregressive,random_failure_fixed,"Pittsburgh Supercomputer Center -> Merit Univ of Michigan, Ann Arbor & Merit Univ of Michigan, Ann Arbor -> Pittsburgh Supercomputer Center",5,"NCSA, University of Illinois, Champaign",Pittsburgh Supercomputer Center,4.5610762,4.5610762251272385,0.9999999944909408
24,nsfnet,11,0.8,lstm,critical_failure_fixed,"NCSA, University of Illinois, Champaign -> Merit Univ of Michigan, Ann Arbor & Merit Univ of Michigan, Ann Arbor -> NCSA, University of Illinois, Champaign",1,"MIDnet, Lincoln, NE","Cornell Theory Center, Ithaca NY",4.3126502,4.312650203704834,0.9999999991409381
24,nsfnet,11,0.8,lstm,critical_failure_fixed,"NCSA, University of Illinois, Champaign -> Merit Univ of Michigan, Ann Arbor & Merit Univ of Michigan, Ann Arbor -> NCSA, University of Illinois, Champaign",2,"Merit Univ of Michigan, Ann Arbor","NCSA, University of Illinois, Champaign",4.3047462,4.304746150970459,1.0000000113896474
24,nsfnet,11,0.8,lstm,critical_failure_fixed,"NCSA, University of Illinois, Champaign -> Merit Univ of Michigan, Ann Arbor & Merit Univ of Michigan, Ann Arbor -> NCSA, University of Illinois, Champaign",3,Pittsburgh Supercomputer Center,"MIDnet, Lincoln, NE",4.2568717,4.256871700286865,0.9999999999326111
24,nsfnet,11,0.8,lstm,critical_failure_fixed,"NCSA, University of Illinois, Champaign -> Merit Univ of Michigan, Ann Arbor & Merit Univ of Michigan, Ann Arbor -> NCSA, University of Illinois, Champaign",4,"SURANET, Georgia Tech, Atlanta","Merit Univ of Michigan, Ann Arbor",4.0819569,4.08195686340332,1.0000000089654744
24,nsfnet,11,0.8,lstm,critical_failure_fixed,"NCSA, University of Illinois, Champaign -> Merit Univ of Michigan, Ann Arbor & Merit Univ of Michigan, Ann Arbor -> NCSA, University of Illinois, Champaign",5,San Diego Supercomputer Center,"Merit Univ of Michigan, Ann Arbor",3.9990675,3.999067544937134,0.9999999887630971
24,nsfnet,11,0.8,lstm,random_failure_fixed,"Pittsburgh Supercomputer Center -> Merit Univ of Michigan, Ann Arbor & Merit Univ of Michigan, Ann Arbor -> Pittsburgh Supercomputer Center",1,"BARRnet, Palo Alto",Pittsburgh Supercomputer Center,4.3505149,4.350514888763428,1.0000000025828144
24,nsfnet,11,0.8,lstm,random_failure_fixed,"Pittsburgh Supercomputer Center -> Merit Univ of Michigan, Ann Arbor & Merit Univ of Michigan, Ann Arbor -> Pittsburgh Supercomputer Center",2,Pittsburgh Supercomputer Center,"MIDnet, Lincoln, NE",4.2568717,4.256871700286865,0.9999999999326111
24,nsfnet,11,0.8,lstm,random_failure_fixed,"Pittsburgh Supercomputer Center -> Merit Univ of Michigan, Ann Arbor & Merit Univ of Michigan, Ann Arbor -> Pittsburgh Supercomputer Center",3,Pittsburgh Supercomputer Center,"NorthWestNet, Seattle",4.1252341,4.125234127044678,0.9999999934440866
24,nsfnet,11,0.8,lstm,random_failure_fixed,"Pittsburgh Supercomputer Center -> Merit Univ of Michigan, Ann Arbor & Merit Univ of Michigan, Ann Arbor -> Pittsburgh Supercomputer Center",4,"NorthWestNet, Seattle",Pittsburgh Supercomputer Center,3.9921775,3.9921774864196777,1.0000000034017331
24,nsfnet,11,0.8,lstm,random_failure_fixed,"Pittsburgh Supercomputer Center -> Merit Univ of Michigan, Ann Arbor & Merit Univ of Michigan, Ann Arbor -> Pittsburgh Supercomputer Center",5,"Merit Univ of Michigan, Ann Arbor",Pittsburgh Supercomputer Center,3.6805153,3.6805152893066406,1.0000000029053975
24,nsfnet,11,0.8,uncertainty_aware_lstm_robust_lp,critical_failure_fixed,"NCSA, University of Illinois, Champaign -> Merit Univ of Michigan, Ann Arbor & Merit Univ of Michigan, Ann Arbor -> NCSA, University of Illinois, Champaign",1,"Westnet, Salt Lake City","Cornell Theory Center, Ithaca NY",4.6718936,4.67189359664917,1.0000000007172316
24,nsfnet,11,0.8,uncertainty_aware_lstm_robust_lp,critical_failure_fixed,"NCSA, University of Illinois, Champaign -> Merit Univ of Michigan, Ann Arbor & Merit Univ of Michigan, Ann Arbor -> NCSA, University of Illinois, Champaign",2,"Merit Univ of Michigan, Ann Arbor","NCSA, University of Illinois, Champaign",4.5193624,4.519362449645996,0.9999999890148231
24,nsfnet,11,0.8,uncertainty_aware_lstm_robust_lp,critical_failure_fixed,"NCSA, University of Illinois, Champaign -> Merit Univ of Michigan, Ann Arbor & Merit Univ of Michigan, Ann Arbor -> NCSA, University of Illinois, Champaign",3,"MIDnet, Lincoln, NE","Cornell Theory Center, Ithaca NY",4.5185852,4.518585205078125,0.9999999988761693
24,nsfnet,11,0.8,uncertainty_aware_lstm_robust_lp,critical_failure_fixed,"NCSA, University of Illinois, Champaign -> Merit Univ of Michigan, Ann Arbor & Merit Univ of Michigan, Ann Arbor -> NCSA, University of Illinois, Champaign",4,Pittsburgh Supercomputer Center,"MIDnet, Lincoln, NE",4.4433961,4.443396091461182,1.0000000019216875
24,nsfnet,11,0.8,uncertainty_aware_lstm_robust_lp,critical_failure_fixed,"NCSA, University of Illinois, Champaign -> Merit Univ of Michigan, Ann Arbor & Merit Univ of Michigan, Ann Arbor -> NCSA, University of Illinois, Champaign",5,"Cornell Theory Center, Ithaca NY","NCAR, Boulder",4.0155287,4.015528678894043,1.0000000052560842
24,nsfnet,11,0.8,uncertainty_aware_lstm_robust_lp,random_failure_fixed,"Pittsburgh Supercomputer Center -> Merit Univ of Michigan, Ann Arbor & Merit Univ of Michigan, Ann Arbor -> Pittsburgh Supercomputer Center",1,"BARRnet, Palo Alto",Pittsburgh Supercomputer Center,4.5328355,4.532835483551025,1.0000000036288488
24,nsfnet,11,0.8,uncertainty_aware_lstm_robust_lp,random_failure_fixed,"Pittsburgh Supercomputer Center -> Merit Univ of Michigan, Ann Arbor & Merit Univ of Michigan, Ann Arbor -> Pittsburgh Supercomputer Center",2,Pittsburgh Supercomputer Center,"MIDnet, Lincoln, NE",4.4433961,4.443396091461182,1.0000000019216875
24,nsfnet,11,0.8,uncertainty_aware_lstm_robust_lp,random_failure_fixed,"Pittsburgh Supercomputer Center -> Merit Univ of Michigan, Ann Arbor & Merit Univ of Michigan, Ann Arbor -> Pittsburgh Supercomputer Center",3,Pittsburgh Supercomputer Center,"NorthWestNet, Seattle",4.3173699,4.3173699378967285,0.9999999912222651
24,nsfnet,11,0.8,uncertainty_aware_lstm_robust_lp,random_failure_fixed,"Pittsburgh Supercomputer Center -> Merit Univ of Michigan, Ann Arbor & Merit Univ of Michigan, Ann Arbor -> Pittsburgh Supercomputer Center",4,"NorthWestNet, Seattle",Pittsburgh Supercomputer Center,4.185811,4.1858110427856445,0.99999998977841
24,nsfnet,11,0.8,uncertainty_aware_lstm_robust_lp,random_failure_fixed,"Pittsburgh Supercomputer Center -> Merit Univ of Michigan, Ann Arbor & Merit Univ of Michigan, Ann Arbor -> Pittsburgh Supercomputer Center",5,"Merit Univ of Michigan, Ann Arbor",Pittsburgh Supercomputer Center,3.8521791,3.8521790504455566,1.0000000128640032
25,nsfnet,11,0.8,current_demand_lp,critical_failure_fixed,"NCSA, University of Illinois, Champaign -> Merit Univ of Michigan, Ann Arbor & Merit Univ of Michigan, Ann Arbor -> NCSA, University of Illinois, Champaign",1,Pittsburgh Supercomputer Center,"MIDnet, Lincoln, NE",6.1074708,6.107470763760352,1.000000005933659
25,nsfnet,11,0.8,current_demand_lp,critical_failure_fixed,"NCSA, University of Illinois, Champaign -> Merit Univ of Michigan, Ann Arbor & Merit Univ of Michigan, Ann Arbor -> NCSA, University of Illinois, Champaign",2,"SURANET, Georgia Tech, Atlanta","Merit Univ of Michigan, Ann Arbor",5.5899888,5.589988817267439,0.9999999969110067
25,nsfnet,11,0.8,current_demand_lp,critical_failure_fixed,"NCSA, University of Illinois, Champaign -> Merit Univ of Michigan, Ann Arbor & Merit Univ of Michigan, Ann Arbor -> NCSA, University of Illinois, Champaign",3,"MIDnet, Lincoln, NE","Cornell Theory Center, Ithaca NY",5.5824726,5.58247257630202,1.0000000042450687
25,nsfnet,11,0.8,current_demand_lp,critical_failure_fixed,"NCSA, University of Illinois, Champaign -> Merit Univ of Michigan, Ann Arbor & Merit Univ of Michigan, Ann Arbor -> NCSA, University of Illinois, Champaign",4,"Merit Univ of Michigan, Ann Arbor","NCSA, University of Illinois, Champaign",5.448978,5.448977958342062,1.0000000076450921
25,nsfnet,11,0.8,current_demand_lp,critical_failure_fixed,"NCSA, University of Illinois, Champaign -> Merit Univ of Michigan, Ann Arbor & Merit Univ of Michigan, Ann Arbor -> NCSA, University of Illinois, Champaign",5,"NCSA, University of Illinois, Champaign","Jon Von Neumann Center, Princeton, NJ",5.3142741,5.314274113736914,0.999999997415091
25,nsfnet,11,0.8,current_demand_lp,random_failure_fixed,"NorthWestNet, Seattle -> NCAR, Boulder & NCAR, Boulder -> NorthWestNet, Seattle",1,"MIDnet, Lincoln, NE","NorthWestNet, Seattle",5.3724432,5.372443176177503,1.0000000044342017
25,nsfnet,11,0.8,current_demand_lp,random_failure_fixed,"NorthWestNet, Seattle -> NCAR, Boulder & NCAR, Boulder -> NorthWestNet, Seattle",2,"NCSA, University of Illinois, Champaign","NorthWestNet, Seattle",5.1866564,5.186656414462835,0.9999999972115302
25,nsfnet,11,0.8,current_demand_lp,random_failure_fixed,"NorthWestNet, Seattle -> NCAR, Boulder & NCAR, Boulder -> NorthWestNet, Seattle",3,"Cornell Theory Center, Ithaca NY","NCAR, Boulder",5.1163939,5.116393873607021,1.000000005158512
25,nsfnet,11,0.8,current_demand_lp,random_failure_fixed,"NorthWestNet, Seattle -> NCAR, Boulder & NCAR, Boulder -> NorthWestNet, Seattle",4,"NorthWestNet, Seattle","MIDnet, Lincoln, NE",4.838012,4.838012002639219,0.9999999994544828
25,nsfnet,11,0.8,current_demand_lp,random_failure_fixed,"NorthWestNet, Seattle -> NCAR, Boulder & NCAR, Boulder -> NorthWestNet, Seattle",5,"BARRnet, Palo Alto","Westnet, Salt Lake City",4.722373,4.722372989225902,1.0000000022815008
25,nsfnet,11,0.8,robust_current_demand_lp,critical_failure_fixed,"NCSA, University of Illinois, Champaign -> Merit Univ of Michigan, Ann Arbor & Merit Univ of Michigan, Ann Arbor -> NCSA, University of Illinois, Champaign",1,Pittsburgh Supercomputer Center,"MIDnet, Lincoln, NE",6.1074708,6.107470763760352,1.000000005933659
25,nsfnet,11,0.8,robust_current_demand_lp,critical_failure_fixed,"NCSA, University of Illinois, Champaign -> Merit Univ of Michigan, Ann Arbor & Merit Univ of Michigan, Ann Arbor -> NCSA, University of Illinois, Champaign",2,"MIDnet, Lincoln, NE","Cornell Theory Center, Ithaca NY",5.5824726,5.58247257630202,1.0000000042450687
25,nsfnet,11,0.8,robust_current_demand_lp,critical_failure_fixed,"NCSA, University of Illinois, Champaign -> Merit Univ of Michigan, Ann Arbor & Merit Univ of Michigan, Ann Arbor -> NCSA, University of Illinois, Champaign",3,"Merit Univ of Michigan, Ann Arbor","NCSA, University of Illinois, Champaign",5.448978,5.448977958342062,1.0000000076450921
25,nsfnet,11,0.8,robust_current_demand_lp,critical_failure_fixed,"NCSA, University of Illinois, Champaign -> Merit Univ of Michigan, Ann Arbor & Merit Univ of Michigan, Ann Arbor -> NCSA, University of Illinois, Champaign",4,"Westnet, Salt Lake City","Cornell Theory Center, Ithaca NY",5.3597595,5.359759477118206,1.000000004269183
25,nsfnet,11,0.8,robust_current_demand_lp,critical_failure_fixed,"NCSA, University of Illinois, Champaign -> Merit Univ of Michigan, Ann Arbor & Merit Univ of Michigan, Ann Arbor -> NCSA, University of Illinois, Champaign",5,"NCSA, University of Illinois, Champaign","Jon Von Neumann Center, Princeton, NJ",5.3142741,5.314274113736914,0.999999997415091
25,nsfnet,11,0.8,robust_current_demand_lp,random_failure_fixed,"NorthWestNet, Seattle -> NCAR, Boulder & NCAR, Boulder -> NorthWestNet, Seattle",1,"NCSA, University of Illinois, Champaign","NorthWestNet, Seattle",5.1866564,5.186656414462835,0.9999999972115302
25,nsfnet,11,0.8,robust_current_demand_lp,random_failure_fixed,"NorthWestNet, Seattle -> NCAR, Boulder & NCAR, Boulder -> NorthWestNet, Seattle",2,"NorthWestNet, Seattle","MIDnet, Lincoln, NE",4.838012,4.838012002639219,0.9999999994544828
25,nsfnet,11,0.8,robust_current_demand_lp,random_failure_fixed,"NorthWestNet, Seattle -> NCAR, Boulder & NCAR, Boulder -> NorthWestNet, Seattle",3,"MIDnet, Lincoln, NE","NorthWestNet, Seattle",4.7745641,5.372443176177503,0.8887137459492136
25,nsfnet,11,0.8,robust_current_demand_lp,random_failure_fixed,"NorthWestNet, Seattle -> NCAR, Boulder & NCAR, Boulder -> NorthWestNet, Seattle",4,"BARRnet, Palo Alto","Westnet, Salt Lake City",4.722373,4.722372989225902,1.0000000022815008
25,nsfnet,11,0.8,robust_current_demand_lp,random_failure_fixed,"NorthWestNet, Seattle -> NCAR, Boulder & NCAR, Boulder -> NorthWestNet, Seattle",5,San Diego Supercomputer Center,"Westnet, Salt Lake City",4.7053335,4.705333451198021,1.0000000103716304
25,nsfnet,11,0.8,moving_average,critical_failure_fixed,"NCSA, University of Illinois, Champaign -> Merit Univ of Michigan, Ann Arbor & Merit Univ of Michigan, Ann Arbor -> NCSA, University of Illinois, Champaign",1,Pittsburgh Supercomputer Center,"MIDnet, Lincoln, NE",4.8536435,4.853643506272128,0.9999999987077486
25,nsfnet,11,0.8,moving_average,critical_failure_fixed,"NCSA, University of Illinois, Champaign -> Merit Univ of Michigan, Ann Arbor & Merit Univ of Michigan, Ann Arbor -> NCSA, University of Illinois, Champaign",2,"MIDnet, Lincoln, NE","Cornell Theory Center, Ithaca NY",4.829133,4.829133019626442,0.9999999959358248
25,nsfnet,11,0.8,moving_average,critical_failure_fixed,"NCSA, University of Illinois, Champaign -> Merit Univ of Michigan, Ann Arbor & Merit Univ of Michigan, Ann Arbor -> NCSA, University of Illinois, Champaign",3,"Merit Univ of Michigan, Ann Arbor","NCSA, University of Illinois, Champaign",4.7214679,4.721467892858966,1.0000000015124606
25,nsfnet,11,0.8,moving_average,critical_failure_fixed,"NCSA, University of Illinois, Champaign -> Merit Univ of Michigan, Ann Arbor & Merit Univ of Michigan, Ann Arbor -> NCSA, University of Illinois, Champaign",4,San Diego Supercomputer Center,"Merit Univ of Michigan, Ann Arbor",4.6377391,4.63773907444757,1.000000005509674
25,nsfnet,11,0.8,moving_average,critical_failure_fixed,"NCSA, University of Illinois, Champaign -> Merit Univ of Michigan, Ann Arbor & Merit Univ of Michigan, Ann Arbor -> NCSA, University of Illinois, Champaign",5,"SURANET, Georgia Tech, Atlanta","Merit Univ of Michigan, Ann Arbor",4.2989657,4.298965693404102,1.000000001534299
25,nsfnet,11,0.8,moving_average,random_failure_fixed,"NorthWestNet, Seattle -> NCAR, Boulder & NCAR, Boulder -> NorthWestNet, Seattle",1,"MIDnet, Lincoln, NE","NorthWestNet, Seattle",4.5581905,4.558190478309865,1.000000004758497
25,nsfnet,11,0.8,moving_average,random_failure_fixed,"NorthWestNet, Seattle -> NCAR, Boulder & NCAR, Boulder -> NorthWestNet, Seattle",2,"Cornell Theory Center, Ithaca NY","NCAR, Boulder",4.2433598,4.243359777469917,1.0000000053094917
25,nsfnet,11,0.8,moving_average,random_failure_fixed,"NorthWestNet, Seattle -> NCAR, Boulder & NCAR, Boulder -> NorthWestNet, Seattle",3,"BARRnet, Palo Alto","Westnet, Salt Lake City",4.2158853,4.215885337520954,0.9999999911001008
25,nsfnet,11,0.8,moving_average,random_failure_fixed,"NorthWestNet, Seattle -> NCAR, Boulder & NCAR, Boulder -> NorthWestNet, Seattle",4,"NCSA, University of Illinois, Champaign","NorthWestNet, Seattle",4.1998144,4.199814431596114,0.9999999924767833
25,nsfnet,11,0.8,moving_average,random_failure_fixed,"NorthWestNet, Seattle -> NCAR, Boulder & NCAR, Boulder -> NorthWestNet, Seattle",5,"NorthWestNet, Seattle","MIDnet, Lincoln, NE",4.0927064,4.09270639020924,1.000000002392246
25,nsfnet,11,0.8,linear_autoregressive,critical_failure_fixed,"NCSA, University of Illinois, Champaign -> Merit Univ of Michigan, Ann Arbor & Merit Univ of Michigan, Ann Arbor -> NCSA, University of Illinois, Champaign",1,"MIDnet, Lincoln, NE","Cornell Theory Center, Ithaca NY",5.8989552,5.898955232783908,0.9999999944424213
25,nsfnet,11,0.8,linear_autoregressive,critical_failure_fixed,"NCSA, University of Illinois, Champaign -> Merit Univ of Michigan, Ann Arbor & Merit Univ of Michigan, Ann Arbor -> NCSA, University of Illinois, Champaign",2,"Merit Univ of Michigan, Ann Arbor","NCSA, University of Illinois, Champaign",5.8283699,5.82836986021081,1.000000006826813
25,nsfnet,11,0.8,linear_autoregressive,critical_failure_fixed,"NCSA, University of Illinois, Champaign -> Merit Univ of Michigan, Ann Arbor & Merit Univ of Michigan, Ann Arbor -> NCSA, University of Illinois, Champaign",3,Pittsburgh Supercomputer Center,"MIDnet, Lincoln, NE",5.7084642,5.708464215880719,0.99999999721804
25,nsfnet,11,0.8,linear_autoregressive,critical_failure_fixed,"NCSA, University of Illinois, Champaign -> Merit Univ of Michigan, Ann Arbor & Merit Univ of Michigan, Ann Arbor -> NCSA, University of Illinois, Champaign",4,"Westnet, Salt Lake City","Cornell Theory Center, Ithaca NY",5.5701568,6.090005342840965,0.9146390662116468
25,nsfnet,11,0.8,linear_autoregressive,critical_failure_fixed,"NCSA, University of Illinois, Champaign -> Merit Univ of Michigan, Ann Arbor & Merit Univ of Michigan, Ann Arbor -> NCSA, University of Illinois, Champaign",5,"SURANET, Georgia Tech, Atlanta","Merit Univ of Michigan, Ann Arbor",5.3723157,5.372315654106787,1.0000000085425385
25,nsfnet,11,0.8,linear_autoregressive,random_failure_fixed,"NorthWestNet, Seattle -> NCAR, Boulder & NCAR, Boulder -> NorthWestNet, Seattle",1,"MIDnet, Lincoln, NE","NorthWestNet, Seattle",5.7802325,5.780232467793307,1.000000005571868
25,nsfnet,11,0.8,linear_autoregressive,random_failure_fixed,"NorthWestNet, Seattle -> NCAR, Boulder & NCAR, Boulder -> NorthWestNet, Seattle",2,"NCSA, University of Illinois, Champaign","NorthWestNet, Seattle",5.2841001,5.284100096085443,1.000000000740818
25,nsfnet,11,0.8,linear_autoregressive,random_failure_fixed,"NorthWestNet, Seattle -> NCAR, Boulder & NCAR, Boulder -> NorthWestNet, Seattle",3,"BARRnet, Palo Alto","Westnet, Salt Lake City",5.1583385,5.158338535022882,0.9999999932104336
25,nsfnet,11,0.8,linear_autoregressive,random_failure_fixed,"NorthWestNet, Seattle -> NCAR, Boulder & NCAR, Boulder -> NorthWestNet, Seattle",4,"Cornell Theory Center, Ithaca NY","NCAR, Boulder",4.9892664,4.98926639838604,1.0000000003234863
25,nsfnet,11,0.8,linear_autoregressive,random_failure_fixed,"NorthWestNet, Seattle -> NCAR, Boulder & NCAR, Boulder -> NorthWestNet, Seattle",5,"NorthWestNet, Seattle","MIDnet, Lincoln, NE",4.9868551,4.986855119974873,0.999999995994495
25,nsfnet,11,0.8,lstm,critical_failure_fixed,"NCSA, University of Illinois, Champaign -> Merit Univ of Michigan, Ann Arbor & Merit Univ of Michigan, Ann Arbor -> NCSA, University of Illinois, Champaign",1,"MIDnet, Lincoln, NE","Cornell Theory Center, Ithaca NY",4.3126502,4.312650203704834,0.9999999991409381
25,nsfnet,11,0.8,lstm,critical_failure_fixed,"NCSA, University of Illinois, Champaign -> Merit Univ of Michigan, Ann Arbor & Merit Univ of Michigan, Ann Arbor -> NCSA, University of Illinois, Champaign",2,"Merit Univ of Michigan, Ann Arbor","NCSA, University of Illinois, Champaign",4.3047462,4.304746150970459,1.0000000113896474
25,nsfnet,11,0.8,lstm,critical_failure_fixed,"NCSA, University of Illinois, Champaign -> Merit Univ of Michigan, Ann Arbor & Merit Univ of Michigan, Ann Arbor -> NCSA, University of Illinois, Champaign",3,Pittsburgh Supercomputer Center,"MIDnet, Lincoln, NE",4.2568717,4.256871700286865,0.9999999999326111
25,nsfnet,11,0.8,lstm,critical_failure_fixed,"NCSA, University of Illinois, Champaign -> Merit Univ of Michigan, Ann Arbor & Merit Univ of Michigan, Ann Arbor -> NCSA, University of Illinois, Champaign",4,"SURANET, Georgia Tech, Atlanta","Merit Univ of Michigan, Ann Arbor",4.0819569,4.08195686340332,1.0000000089654744
25,nsfnet,11,0.8,lstm,critical_failure_fixed,"NCSA, University of Illinois, Champaign -> Merit Univ of Michigan, Ann Arbor & Merit Univ of Michigan, Ann Arbor -> NCSA, University of Illinois, Champaign",5,San Diego Supercomputer Center,"Merit Univ of Michigan, Ann Arbor",3.9990675,3.999067544937134,0.9999999887630971
25,nsfnet,11,0.8,lstm,random_failure_fixed,"NorthWestNet, Seattle -> NCAR, Boulder & NCAR, Boulder -> NorthWestNet, Seattle",1,"MIDnet, Lincoln, NE","NorthWestNet, Seattle",4.1590433,4.159043312072754,0.9999999970972282
25,nsfnet,11,0.8,lstm,random_failure_fixed,"NorthWestNet, Seattle -> NCAR, Boulder & NCAR, Boulder -> NorthWestNet, Seattle",2,"Cornell Theory Center, Ithaca NY","NCAR, Boulder",3.8187385,3.8187384605407715,1.0000000103330533
25,nsfnet,11,0.8,lstm,random_failure_fixed,"NorthWestNet, Seattle -> NCAR, Boulder & NCAR, Boulder -> NorthWestNet, Seattle",3,"NCSA, University of Illinois, Champaign","NorthWestNet, Seattle",3.8014383,3.801438331604004,0.9999999916863037
25,nsfnet,11,0.8,lstm,random_failure_fixed,"NorthWestNet, Seattle -> NCAR, Boulder & NCAR, Boulder -> NorthWestNet, Seattle",4,"BARRnet, Palo Alto","Westnet, Salt Lake City",3.695406,3.695405960083008,1.0000000108017881
25,nsfnet,11,0.8,lstm,random_failure_fixed,"NorthWestNet, Seattle -> NCAR, Boulder & NCAR, Boulder -> NorthWestNet, Seattle",5,"NorthWestNet, Seattle","MIDnet, Lincoln, NE",3.5667977,3.5667977333068848,0.9999999906619642
25,nsfnet,11,0.8,uncertainty_aware_lstm_robust_lp,critical_failure_fixed,"NCSA, University of Illinois, Champaign -> Merit Univ of Michigan, Ann Arbor & Merit Univ of Michigan, Ann Arbor -> NCSA, University of Illinois, Champaign",1,"Westnet, Salt Lake City","Cornell Theory Center, Ithaca NY",4.6718936,4.67189359664917,1.0000000007172316
25,nsfnet,11,0.8,uncertainty_aware_lstm_robust_lp,critical_failure_fixed,"NCSA, University of Illinois, Champaign -> Merit Univ of Michigan, Ann Arbor & Merit Univ of Michigan, Ann Arbor -> NCSA, University of Illinois, Champaign",2,"Merit Univ of Michigan, Ann Arbor","NCSA, University of Illinois, Champaign",4.5193624,4.519362449645996,0.9999999890148231
25,nsfnet,11,0.8,uncertainty_aware_lstm_robust_lp,critical_failure_fixed,"NCSA, University of Illinois, Champaign -> Merit Univ of Michigan, Ann Arbor & Merit Univ of Michigan, Ann Arbor -> NCSA, University of Illinois, Champaign",3,"MIDnet, Lincoln, NE","Cornell Theory Center, Ithaca NY",4.5185852,4.518585205078125,0.9999999988761693
25,nsfnet,11,0.8,uncertainty_aware_lstm_robust_lp,critical_failure_fixed,"NCSA, University of Illinois, Champaign -> Merit Univ of Michigan, Ann Arbor & Merit Univ of Michigan, Ann Arbor -> NCSA, University of Illinois, Champaign",4,Pittsburgh Supercomputer Center,"MIDnet, Lincoln, NE",4.4433961,4.443396091461182,1.0000000019216875
25,nsfnet,11,0.8,uncertainty_aware_lstm_robust_lp,critical_failure_fixed,"NCSA, University of Illinois, Champaign -> Merit Univ of Michigan, Ann Arbor & Merit Univ of Michigan, Ann Arbor -> NCSA, University of Illinois, Champaign",5,"Cornell Theory Center, Ithaca NY","NCAR, Boulder",4.0155287,4.015528678894043,1.0000000052560842
25,nsfnet,11,0.8,uncertainty_aware_lstm_robust_lp,random_failure_fixed,"NorthWestNet, Seattle -> NCAR, Boulder & NCAR, Boulder -> NorthWestNet, Seattle",1,"MIDnet, Lincoln, NE","NorthWestNet, Seattle",4.364234,4.36423397064209,1.000000006726933
25,nsfnet,11,0.8,uncertainty_aware_lstm_robust_lp,random_failure_fixed,"NorthWestNet, Seattle -> NCAR, Boulder & NCAR, Boulder -> NorthWestNet, Seattle",2,"NCSA, University of Illinois, Champaign","NorthWestNet, Seattle",3.9811456,3.9811456203460693,0.9999999948893934
25,nsfnet,11,0.8,uncertainty_aware_lstm_robust_lp,random_failure_fixed,"NorthWestNet, Seattle -> NCAR, Boulder & NCAR, Boulder -> NorthWestNet, Seattle",3,"BARRnet, Palo Alto","Westnet, Salt Lake City",3.8913221,3.891322135925293,0.999999990767844
25,nsfnet,11,0.8,uncertainty_aware_lstm_robust_lp,random_failure_fixed,"NorthWestNet, Seattle -> NCAR, Boulder & NCAR, Boulder -> NorthWestNet, Seattle",4,"NorthWestNet, Seattle","MIDnet, Lincoln, NE",3.7545552,3.7545552253723145,0.9999999932422583
25,nsfnet,11,0.8,uncertainty_aware_lstm_robust_lp,random_failure_fixed,"NorthWestNet, Seattle -> NCAR, Boulder & NCAR, Boulder -> NorthWestNet, Seattle",5,San Diego Supercomputer Center,"Westnet, Salt Lake City",3.5893972,3.5893971920013428,1.0000000022284123
26,nsfnet,11,0.8,current_demand_lp,critical_failure_fixed,"NCSA, University of Illinois, Champaign -> Merit Univ of Michigan, Ann Arbor & Merit Univ of Michigan, Ann Arbor -> NCSA, University of Illinois, Champaign",1,Pittsburgh Supercomputer Center,"MIDnet, Lincoln, NE",6.2954928,6.295492801354344,0.9999999997848709
26,nsfnet,11,0.8,current_demand_lp,critical_failure_fixed,"NCSA, University of Illinois, Champaign -> Merit Univ of Michigan, Ann Arbor & Merit Univ of Michigan, Ann Arbor -> NCSA, University of Illinois, Champaign",2,"Merit Univ of Michigan, Ann Arbor","NCSA, University of Illinois, Champaign",6.0600926,6.0600925665871275,1.0000000055135911
26,nsfnet,11,0.8,current_demand_lp,critical_failure_fixed,"NCSA, University of Illinois, Champaign -> Merit Univ of Michigan, Ann Arbor & Merit Univ of Michigan, Ann Arbor -> NCSA, University of Illinois, Champaign",3,"MIDnet, Lincoln, NE","Cornell Theory Center, Ithaca NY",5.8341754,5.834175364508467,1.0000000060833847
26,nsfnet,11,0.8,current_demand_lp,critical_failure_fixed,"NCSA, University of Illinois, Champaign -> Merit Univ of Michigan, Ann Arbor & Merit Univ of Michigan, Ann Arbor -> NCSA, University of Illinois, Champaign",4,"SURANET, Georgia Tech, Atlanta","Merit Univ of Michigan, Ann Arbor",5.8048908,5.804890751012879,1.0000000084389393
26,nsfnet,11,0.8,current_demand_lp,critical_failure_fixed,"NCSA, University of Illinois, Champaign -> Merit Univ of Michigan, Ann Arbor & Merit Univ of Michigan, Ann Arbor -> NCSA, University of Illinois, Champaign",5,"NCSA, University of Illinois, Champaign",Pittsburgh Supercomputer Center,5.3900486,5.390048641805918,0.99999999224387
26,nsfnet,11,0.8,current_demand_lp,random_failure_fixed,"NCAR, Boulder -> NCSA, University of Illinois, Champaign & NCSA, University of Illinois, Champaign -> NCAR, Boulder",1,"SEQSUINET, Rice University, Houston","Westnet, Salt Lake City",5.9184677,5.91846773473794,0.9999999941305855
26,nsfnet,11,0.8,current_demand_lp,random_failure_fixed,"NCAR, Boulder -> NCSA, University of Illinois, Champaign & NCSA, University of Illinois, Champaign -> NCAR, Boulder",2,"MIDnet, Lincoln, NE","NorthWestNet, Seattle",5.7643275,5.764327543992162,0.9999999923682057
26,nsfnet,11,0.8,current_demand_lp,random_failure_fixed,"NCAR, Boulder -> NCSA, University of Illinois, Champaign & NCSA, University of Illinois, Champaign -> NCAR, Boulder",3,"MIDnet, Lincoln, NE","Westnet, Salt Lake City",5.6545782,5.654578238281351,0.9999999932300255
26,nsfnet,11,0.8,current_demand_lp,random_failure_fixed,"NCAR, Boulder -> NCSA, University of Illinois, Champaign & NCSA, University of Illinois, Champaign -> NCAR, Boulder",4,"Westnet, Salt Lake City","MIDnet, Lincoln, NE",5.2141189,5.21411889833506,1.000000000319314
26,nsfnet,11,0.8,current_demand_lp,random_failure_fixed,"NCAR, Boulder -> NCSA, University of Illinois, Champaign & NCSA, University of Illinois, Champaign -> NCAR, Boulder",5,"MIDnet, Lincoln, NE","NCAR, Boulder",5.1735438,5.173543825800736,0.9999999950129473
26,nsfnet,11,0.8,robust_current_demand_lp,critical_failure_fixed,"NCSA, University of Illinois, Champaign -> Merit Univ of Michigan, Ann Arbor & Merit Univ of Michigan, Ann Arbor -> NCSA, University of Illinois, Champaign",1,Pittsburgh Supercomputer Center,"MIDnet, Lincoln, NE",6.2954928,6.295492801354344,0.9999999997848709
26,nsfnet,11,0.8,robust_current_demand_lp,critical_failure_fixed,"NCSA, University of Illinois, Champaign -> Merit Univ of Michigan, Ann Arbor & Merit Univ of Michigan, Ann Arbor -> NCSA, University of Illinois, Champaign",2,"Westnet, Salt Lake City","Cornell Theory Center, Ithaca NY",6.1970246,6.197024624819947,0.9999999959948607
26,nsfnet,11,0.8,robust_current_demand_lp,critical_failure_fixed,"NCSA, University of Illinois, Champaign -> Merit Univ of Michigan, Ann Arbor & Merit Univ of Michigan, Ann Arbor -> NCSA, University of Illinois, Champaign",3,"Merit Univ of Michigan, Ann Arbor","NCSA, University of Illinois, Champaign",6.0600926,6.0600925665871275,1.0000000055135911
26,nsfnet,11,0.8,robust_current_demand_lp,critical_failure_fixed,"NCSA, University of Illinois, Champaign -> Merit Univ of Michigan, Ann Arbor & Merit Univ of Michigan, Ann Arbor -> NCSA, University of Illinois, Champaign",4,"MIDnet, Lincoln, NE","Cornell Theory Center, Ithaca NY",5.8341754,5.834175364508467,1.0000000060833847
26,nsfnet,11,0.8,robust_current_demand_lp,critical_failure_fixed,"NCSA, University of Illinois, Champaign -> Merit Univ of Michigan, Ann Arbor & Merit Univ of Michigan, Ann Arbor -> NCSA, University of Illinois, Champaign",5,"NCSA, University of Illinois, Champaign",Pittsburgh Supercomputer Center,5.3900486,5.390048641805918,0.99999999224387
26,nsfnet,11,0.8,robust_current_demand_lp,random_failure_fixed,"NCAR, Boulder -> NCSA, University of Illinois, Champaign & NCSA, University of Illinois, Champaign -> NCAR, Boulder",1,"Westnet, Salt Lake City","Cornell Theory Center, Ithaca NY",6.1970246,6.197024624819947,0.9999999959948607
26,nsfnet,11,0.8,robust_current_demand_lp,random_failure_fixed,"NCAR, Boulder -> NCSA, University of Illinois, Champaign & NCSA, University of Illinois, Champaign -> NCAR, Boulder",2,"SEQSUINET, Rice University, Houston","Westnet, Salt Lake City",5.9184677,5.91846773473794,0.9999999941305855
26,nsfnet,11,0.8,robust_current_demand_lp,random_failure_fixed,"NCAR, Boulder -> NCSA, University of Illinois, Champaign & NCSA, University of Illinois, Champaign -> NCAR, Boulder",3,"MIDnet, Lincoln, NE","NorthWestNet, Seattle",5.7643275,5.764327543992162,0.9999999923682057
26,nsfnet,11,0.8,robust_current_demand_lp,random_failure_fixed,"NCAR, Boulder -> NCSA, University of Illinois, Champaign & NCSA, University of Illinois, Champaign -> NCAR, Boulder",4,"MIDnet, Lincoln, NE","Westnet, Salt Lake City",5.6545782,5.654578238281351,0.9999999932300255
26,nsfnet,11,0.8,robust_current_demand_lp,random_failure_fixed,"NCAR, Boulder -> NCSA, University of Illinois, Champaign & NCSA, University of Illinois, Champaign -> NCAR, Boulder",5,"Cornell Theory Center, Ithaca NY","NCAR, Boulder",5.3568914,5.385504135860213,0.994687083114524
26,nsfnet,11,0.8,moving_average,critical_failure_fixed,"NCSA, University of Illinois, Champaign -> Merit Univ of Michigan, Ann Arbor & Merit Univ of Michigan, Ann Arbor -> NCSA, University of Illinois, Champaign",1,Pittsburgh Supercomputer Center,"MIDnet, Lincoln, NE",5.4131984,5.413198410861385,0.9999999979935364
26,nsfnet,11,0.8,moving_average,critical_failure_fixed,"NCSA, University of Illinois, Champaign -> Merit Univ of Michigan, Ann Arbor & Merit Univ of Michigan, Ann Arbor -> NCSA, University of Illinois, Champaign",2,"Merit Univ of Michigan, Ann Arbor","NCSA, University of Illinois, Champaign",5.2735202,5.273520157076391,1.0000000081394604
26,nsfnet,11,0.8,moving_average,critical_failure_fixed,"NCSA, University of Illinois, Champaign -> Merit Univ of Michigan, Ann Arbor & Merit Univ of Michigan, Ann Arbor -> NCSA, University of Illinois, Champaign",3,"MIDnet, Lincoln, NE","Cornell Theory Center, Ithaca NY",5.2292278,5.22922784214073,0.9999999919413093
26,nsfnet,11,0.8,moving_average,critical_failure_fixed,"NCSA, University of Illinois, Champaign -> Merit Univ of Michigan, Ann Arbor & Merit Univ of Michigan, Ann Arbor -> NCSA, University of Illinois, Champaign",4,San Diego Supercomputer Center,"Merit Univ of Michigan, Ann Arbor",5.0526623,5.052662263600733,1.0000000072039779
26,nsfnet,11,0.8,moving_average,critical_failure_fixed,"NCSA, University of Illinois, Champaign -> Merit Univ of Michigan, Ann Arbor & Merit Univ of Michigan, Ann Arbor -> NCSA, University of Illinois, Champaign",5,"SURANET, Georgia Tech, Atlanta","Merit Univ of Michigan, Ann Arbor",4.8959013,4.895901290029137,1.0000000020365736
26,nsfnet,11,0.8,moving_average,random_failure_fixed,"NCAR, Boulder -> NCSA, University of Illinois, Champaign & NCSA, University of Illinois, Champaign -> NCAR, Boulder",1,"SEQSUINET, Rice University, Houston","Westnet, Salt Lake City",5.3658955,5.365895492902773,1.0000000013226547
26,nsfnet,11,0.8,moving_average,random_failure_fixed,"NCAR, Boulder -> NCSA, University of Illinois, Champaign & NCSA, University of Illinois, Champaign -> NCAR, Boulder",2,"MIDnet, Lincoln, NE","NorthWestNet, Seattle",5.1003486,5.100348571493798,1.0000000055890694
26,nsfnet,11,0.8,moving_average,random_failure_fixed,"NCAR, Boulder -> NCSA, University of Illinois, Champaign & NCSA, University of Illinois, Champaign -> NCAR, Boulder",3,"MIDnet, Lincoln, NE","Westnet, Salt Lake City",4.8211515,4.821151538010687,0.9999999921158489
26,nsfnet,11,0.8,moving_average,random_failure_fixed,"NCAR, Boulder -> NCSA, University of Illinois, Champaign & NCSA, University of Illinois, Champaign -> NCAR, Boulder",4,"NCSA, University of Illinois, Champaign","NorthWestNet, Seattle",4.6358738,4.635873797212788,1.0000000006012268
26,nsfnet,11,0.8,moving_average,random_failure_fixed,"NCAR, Boulder -> NCSA, University of Illinois, Champaign & NCSA, University of Illinois, Champaign -> NCAR, Boulder",5,"NorthWestNet, Seattle","MIDnet, Lincoln, NE",4.5219389,4.52193893470182,0.9999999923258981
26,nsfnet,11,0.8,linear_autoregressive,critical_failure_fixed,"NCSA, University of Illinois, Champaign -> Merit Univ of Michigan, Ann Arbor & Merit Univ of Michigan, Ann Arbor -> NCSA, University of Illinois, Champaign",1,"Merit Univ of Michigan, Ann Arbor","NCSA, University of Illinois, Champaign",6.171323,6.171323011976926,0.9999999980592612
26,nsfnet,11,0.8,linear_autoregressive,critical_failure_fixed,"NCSA, University of Illinois, Champaign -> Merit Univ of Michigan, Ann Arbor & Merit Univ of Michigan, Ann Arbor -> NCSA, University of Illinois, Champaign",2,Pittsburgh Supercomputer Center,"MIDnet, Lincoln, NE",6.1345868,6.134586843561081,0.9999999928991011
26,nsfnet,11,0.8,linear_autoregressive,critical_failure_fixed,"NCSA, University of Illinois, Champaign -> Merit Univ of Michigan, Ann Arbor & Merit Univ of Michigan, Ann Arbor -> NCSA, University of Illinois, Champaign",3,"MIDnet, Lincoln, NE","Cornell Theory Center, Ithaca NY",6.0421722,6.042172241565203,0.999999993120818
26,nsfnet,11,0.8,linear_autoregressive,critical_failure_fixed,"NCSA, University of Illinois, Champaign -> Merit Univ of Michigan, Ann Arbor & Merit Univ of Michigan, Ann Arbor -> NCSA, University of Illinois, Champaign",4,"SURANET, Georgia Tech, Atlanta","Merit Univ of Michigan, Ann Arbor",5.8606525,5.860652462181445,1.0000000064529597
26,nsfnet,11,0.8,linear_autoregressive,critical_failure_fixed,"NCSA, University of Illinois, Champaign -> Merit Univ of Michigan, Ann Arbor & Merit Univ of Michigan, Ann Arbor -> NCSA, University of Illinois, Champaign",5,"NCSA, University of Illinois, Champaign",Pittsburgh Supercomputer Center,5.4714864,5.4714864199669355,0.9999999963507292
26,nsfnet,11,0.8,linear_autoregressive,random_failure_fixed,"NCAR, Boulder -> NCSA, University of Illinois, Champaign & NCSA, University of Illinois, Champaign -> NCAR, Boulder",1,"SEQSUINET, Rice University, Houston","Westnet, Salt Lake City",5.9252375,5.925237497592777,1.0000000004062661
26,nsfnet,11,0.8,linear_autoregressive,random_failure_fixed,"NCAR, Boulder -> NCSA, University of Illinois, Champaign & NCSA, University of Illinois, Champaign -> NCAR, Boulder",2,"MIDnet, Lincoln, NE","NorthWestNet, Seattle",5.8071955,5.807195492045236,1.0000000013698116
26,nsfnet,11,0.8,linear_autoregressive,random_failure_fixed,"NCAR, Boulder -> NCSA, University of Illinois, Champaign & NCSA, University of Illinois, Champaign -> NCAR, Boulder",3,"MIDnet, Lincoln, NE","Westnet, Salt Lake City",5.7833219,5.783321887641591,1.0000000021369049
26,nsfnet,11,0.8,linear_autoregressive,random_failure_fixed,"NCAR, Boulder -> NCSA, University of Illinois, Champaign & NCSA, University of Illinois, Champaign -> NCAR, Boulder",4,"NCSA, University of Illinois, Champaign","NorthWestNet, Seattle",5.6370944,5.637094437684608,0.9999999933148879
26,nsfnet,11,0.8,linear_autoregressive,random_failure_fixed,"NCAR, Boulder -> NCSA, University of Illinois, Champaign & NCSA, University of Illinois, Champaign -> NCAR, Boulder",5,"Westnet, Salt Lake City","SEQSUINET, Rice University, Houston",5.4565758,5.45657580807591,0.9999999985199675
26,nsfnet,11,0.8,lstm,critical_failure_fixed,"NCSA, University of Illinois, Champaign -> Merit Univ of Michigan, Ann Arbor & Merit Univ of Michigan, Ann Arbor -> NCSA, University of Illinois, Champaign",1,"MIDnet, Lincoln, NE","Cornell Theory Center, Ithaca NY",4.3126502,4.312650203704834,0.9999999991409381
26,nsfnet,11,0.8,lstm,critical_failure_fixed,"NCSA, University of Illinois, Champaign -> Merit Univ of Michigan, Ann Arbor & Merit Univ of Michigan, Ann Arbor -> NCSA, University of Illinois, Champaign",2,"Merit Univ of Michigan, Ann Arbor","NCSA, University of Illinois, Champaign",4.3047462,4.304746150970459,1.0000000113896474
26,nsfnet,11,0.8,lstm,critical_failure_fixed,"NCSA, University of Illinois, Champaign -> Merit Univ of Michigan, Ann Arbor & Merit Univ of Michigan, Ann Arbor -> NCSA, University of Illinois, Champaign",3,Pittsburgh Supercomputer Center,"MIDnet, Lincoln, NE",4.2568717,4.256871700286865,0.9999999999326111
26,nsfnet,11,0.8,lstm,critical_failure_fixed,"NCSA, University of Illinois, Champaign -> Merit Univ of Michigan, Ann Arbor & Merit Univ of Michigan, Ann Arbor -> NCSA, University of Illinois, Champaign",4,"SURANET, Georgia Tech, Atlanta","Merit Univ of Michigan, Ann Arbor",4.0819569,4.08195686340332,1.0000000089654744
26,nsfnet,11,0.8,lstm,critical_failure_fixed,"NCSA, University of Illinois, Champaign -> Merit Univ of Michigan, Ann Arbor & Merit Univ of Michigan, Ann Arbor -> NCSA, University of Illinois, Champaign",5,San Diego Supercomputer Center,"Merit Univ of Michigan, Ann Arbor",3.9990675,3.999067544937134,0.9999999887630971
26,nsfnet,11,0.8,lstm,random_failure_fixed,"NCAR, Boulder -> NCSA, University of Illinois, Champaign & NCSA, University of Illinois, Champaign -> NCAR, Boulder",1,"MIDnet, Lincoln, NE","NorthWestNet, Seattle",4.1590433,4.159043312072754,0.9999999970972282
26,nsfnet,11,0.8,lstm,random_failure_fixed,"NCAR, Boulder -> NCSA, University of Illinois, Champaign & NCSA, University of Illinois, Champaign -> NCAR, Boulder",2,"SEQSUINET, Rice University, Houston","Westnet, Salt Lake City",4.0434332,4.04343318939209,1.000000002623491
26,nsfnet,11,0.8,lstm,random_failure_fixed,"NCAR, Boulder -> NCSA, University of Illinois, Champaign & NCSA, University of Illinois, Champaign -> NCAR, Boulder",3,"NCSA, University of Illinois, Champaign","NorthWestNet, Seattle",3.8014383,3.801438331604004,0.9999999916863037
26,nsfnet,11,0.8,lstm,random_failure_fixed,"NCAR, Boulder -> NCSA, University of Illinois, Champaign & NCSA, University of Illinois, Champaign -> NCAR, Boulder",4,"Westnet, Salt Lake City","SEQSUINET, Rice University, Houston",3.7870319,3.787031888961792,1.0000000029147387
26,nsfnet,11,0.8,lstm,random_failure_fixed,"NCAR, Boulder -> NCSA, University of Illinois, Champaign & NCSA, University of Illinois, Champaign -> NCAR, Boulder",5,"MIDnet, Lincoln, NE","Westnet, Salt Lake City",3.7681737,3.7681736946105957,1.000000001430243
26,nsfnet,11,0.8,uncertainty_aware_lstm_robust_lp,critical_failure_fixed,"NCSA, University of Illinois, Champaign -> Merit Univ of Michigan, Ann Arbor & Merit Univ of Michigan, Ann Arbor -> NCSA, University of Illinois, Champaign",1,"Westnet, Salt Lake City","Cornell Theory Center, Ithaca NY",4.6718936,4.67189359664917,1.0000000007172316
26,nsfnet,11,0.8,uncertainty_aware_lstm_robust_lp,critical_failure_fixed,"NCSA, University of Illinois, Champaign -> Merit Univ of Michigan, Ann Arbor & Merit Univ of Michigan, Ann Arbor -> NCSA, University of Illinois, Champaign",2,"Merit Univ of Michigan, Ann Arbor","NCSA, University of Illinois, Champaign",4.5193624,4.519362449645996,0.9999999890148231
26,nsfnet,11,0.8,uncertainty_aware_lstm_robust_lp,critical_failure_fixed,"NCSA, University of Illinois, Champaign -> Merit Univ of Michigan, Ann Arbor & Merit Univ of Michigan, Ann Arbor -> NCSA, University of Illinois, Champaign",3,"MIDnet, Lincoln, NE","Cornell Theory Center, Ithaca NY",4.5185852,4.518585205078125,0.9999999988761693
26,nsfnet,11,0.8,uncertainty_aware_lstm_robust_lp,critical_failure_fixed,"NCSA, University of Illinois, Champaign -> Merit Univ of Michigan, Ann Arbor & Merit Univ of Michigan, Ann Arbor -> NCSA, University of Illinois, Champaign",4,Pittsburgh Supercomputer Center,"MIDnet, Lincoln, NE",4.4433961,4.443396091461182,1.0000000019216875
26,nsfnet,11,0.8,uncertainty_aware_lstm_robust_lp,critical_failure_fixed,"NCSA, University of Illinois, Champaign -> Merit Univ of Michigan, Ann Arbor & Merit Univ of Michigan, Ann Arbor -> NCSA, University of Illinois, Champaign",5,"Cornell Theory Center, Ithaca NY","NCAR, Boulder",4.0155287,4.015528678894043,1.0000000052560842
26,nsfnet,11,0.8,uncertainty_aware_lstm_robust_lp,random_failure_fixed,"NCAR, Boulder -> NCSA, University of Illinois, Champaign & NCSA, University of Illinois, Champaign -> NCAR, Boulder",1,"Westnet, Salt Lake City","Cornell Theory Center, Ithaca NY",4.6718936,4.67189359664917,1.0000000007172316
26,nsfnet,11,0.8,uncertainty_aware_lstm_robust_lp,random_failure_fixed,"NCAR, Boulder -> NCSA, University of Illinois, Champaign & NCSA, University of Illinois, Champaign -> NCAR, Boulder",2,"MIDnet, Lincoln, NE","NorthWestNet, Seattle",4.364234,4.36423397064209,1.000000006726933
26,nsfnet,11,0.8,uncertainty_aware_lstm_robust_lp,random_failure_fixed,"NCAR, Boulder -> NCSA, University of Illinois, Champaign & NCSA, University of Illinois, Champaign -> NCAR, Boulder",3,"SEQSUINET, Rice University, Houston","Westnet, Salt Lake City",4.2287307,4.22873067855835,1.0000000050704696
26,nsfnet,11,0.8,uncertainty_aware_lstm_robust_lp,random_failure_fixed,"NCAR, Boulder -> NCSA, University of Illinois, Champaign & NCSA, University of Illinois, Champaign -> NCAR, Boulder",4,"Cornell Theory Center, Ithaca NY","NCAR, Boulder",4.0155287,4.015528678894043,1.0000000052560842
26,nsfnet,11,0.8,uncertainty_aware_lstm_robust_lp,random_failure_fixed,"NCAR, Boulder -> NCSA, University of Illinois, Champaign & NCSA, University of Illinois, Champaign -> NCAR, Boulder",5,"NCSA, University of Illinois, Champaign","NorthWestNet, Seattle",3.9811456,3.9811456203460693,0.9999999948893934
27,nsfnet,11,0.8,current_demand_lp,critical_failure_fixed,"NCSA, University of Illinois, Champaign -> Merit Univ of Michigan, Ann Arbor & Merit Univ of Michigan, Ann Arbor -> NCSA, University of Illinois, Champaign",1,"Merit Univ of Michigan, Ann Arbor","NCSA, University of Illinois, Champaign",6.6912633,6.691263285964119,1.000000002097643
27,nsfnet,11,0.8,current_demand_lp,critical_failure_fixed,"NCSA, University of Illinois, Champaign -> Merit Univ of Michigan, Ann Arbor & Merit Univ of Michigan, Ann Arbor -> NCSA, University of Illinois, Champaign",2,Pittsburgh Supercomputer Center,"MIDnet, Lincoln, NE",6.1877603,6.187760330568056,0.9999999950599159
27,nsfnet,11,0.8,current_demand_lp,critical_failure_fixed,"NCSA, University of Illinois, Champaign -> Merit Univ of Michigan, Ann Arbor & Merit Univ of Michigan, Ann Arbor -> NCSA, University of Illinois, Champaign",3,"SEQSUINET, Rice University, Houston",Pittsburgh Supercomputer Center,6.1140393,6.114039291031509,1.0000000014668684
27,nsfnet,11,0.8,current_demand_lp,critical_failure_fixed,"NCSA, University of Illinois, Champaign -> Merit Univ of Michigan, Ann Arbor & Merit Univ of Michigan, Ann Arbor -> NCSA, University of Illinois, Champaign",4,"MIDnet, Lincoln, NE","Cornell Theory Center, Ithaca NY",5.8871349,5.887134919977794,0.9999999966065337
27,nsfnet,11,0.8,current_demand_lp,critical_failure_fixed,"NCSA, University of Illinois, Champaign -> Merit Univ of Michigan, Ann Arbor & Merit Univ of Michigan, Ann Arbor -> NCSA, University of Illinois, Champaign",5,San Diego Supercomputer Center,"Merit Univ of Michigan, Ann Arbor",5.6230018,5.623001791762234,1.0000000014650121
27,nsfnet,11,0.8,current_demand_lp,random_failure_fixed,"SEQSUINET, Rice University, Houston -> SURANET, Georgia Tech, Atlanta & SURANET, Georgia Tech, Atlanta -> SEQSUINET, Rice University, Houston",1,"Jon Von Neumann Center, Princeton, NJ",San Diego Supercomputer Center,6.3764826,6.376482578884976,1.0000000033113905
27,nsfnet,11,0.8,current_demand_lp,random_failure_fixed,"SEQSUINET, Rice University, Houston -> SURANET, Georgia Tech, Atlanta & SURANET, Georgia Tech, Atlanta -> SEQSUINET, Rice University, Houston",2,"NCSA, University of Illinois, Champaign","SURANET, Georgia Tech, Atlanta",6.2093918,6.2093918009931635,0.9999999998400546
27,nsfnet,11,0.8,current_demand_lp,random_failure_fixed,"SEQSUINET, Rice University, Houston -> SURANET, Georgia Tech, Atlanta & SURANET, Georgia Tech, Atlanta -> SEQSUINET, Rice University, Houston",3,"SURANET, Georgia Tech, Atlanta","NorthWestNet, Seattle",6.1368227,6.136822737185099,0.9999999939406593
27,nsfnet,11,0.8,current_demand_lp,random_failure_fixed,"SEQSUINET, Rice University, Houston -> SURANET, Georgia Tech, Atlanta & SURANET, Georgia Tech, Atlanta -> SEQSUINET, Rice University, Houston",4,"SURANET, Georgia Tech, Atlanta",San Diego Supercomputer Center,5.9845045,5.984504514870263,0.9999999975152056
27,nsfnet,11,0.8,current_demand_lp,random_failure_fixed,"SEQSUINET, Rice University, Houston -> SURANET, Georgia Tech, Atlanta & SURANET, Georgia Tech, Atlanta -> SEQSUINET, Rice University, Houston",5,"Jon Von Neumann Center, Princeton, NJ","NorthWestNet, Seattle",5.2634905,5.263490494228422,1.0000000010965304
27,nsfnet,11,0.8,robust_current_demand_lp,critical_failure_fixed,"NCSA, University of Illinois, Champaign -> Merit Univ of Michigan, Ann Arbor & Merit Univ of Michigan, Ann Arbor -> NCSA, University of Illinois, Champaign",1,"Merit Univ of Michigan, Ann Arbor","NCSA, University of Illinois, Champaign",6.6912633,6.691263285964119,1.000000002097643
27,nsfnet,11,0.8,robust_current_demand_lp,critical_failure_fixed,"NCSA, University of Illinois, Champaign -> Merit Univ of Michigan, Ann Arbor & Merit Univ of Michigan, Ann Arbor -> NCSA, University of Illinois, Champaign",2,"Westnet, Salt Lake City","Cornell Theory Center, Ithaca NY",6.678678,6.6786779690663876,1.0000000046316968
27,nsfnet,11,0.8,robust_current_demand_lp,critical_failure_fixed,"NCSA, University of Illinois, Champaign -> Merit Univ of Michigan, Ann Arbor & Merit Univ of Michigan, Ann Arbor -> NCSA, University of Illinois, Champaign",3,Pittsburgh Supercomputer Center,"MIDnet, Lincoln, NE",6.1877603,6.187760330568056,0.9999999950599159
27,nsfnet,11,0.8,robust_current_demand_lp,critical_failure_fixed,"NCSA, University of Illinois, Champaign -> Merit Univ of Michigan, Ann Arbor & Merit Univ of Michigan, Ann Arbor -> NCSA, University of Illinois, Champaign",4,"SEQSUINET, Rice University, Houston",Pittsburgh Supercomputer Center,6.1140393,6.114039291031509,1.0000000014668684
27,nsfnet,11,0.8,robust_current_demand_lp,critical_failure_fixed,"NCSA, University of Illinois, Champaign -> Merit Univ of Michigan, Ann Arbor & Merit Univ of Michigan, Ann Arbor -> NCSA, University of Illinois, Champaign",5,"MIDnet, Lincoln, NE","Cornell Theory Center, Ithaca NY",5.8871349,5.887134919977794,0.9999999966065337
27,nsfnet,11,0.8,robust_current_demand_lp,random_failure_fixed,"SEQSUINET, Rice University, Houston -> SURANET, Georgia Tech, Atlanta & SURANET, Georgia Tech, Atlanta -> SEQSUINET, Rice University, Houston",1,"Jon Von Neumann Center, Princeton, NJ",San Diego Supercomputer Center,6.3764826,6.376482578884976,1.0000000033113905
27,nsfnet,11,0.8,robust_current_demand_lp,random_failure_fixed,"SEQSUINET, Rice University, Houston -> SURANET, Georgia Tech, Atlanta & SURANET, Georgia Tech, Atlanta -> SEQSUINET, Rice University, Houston",2,"NCSA, University of Illinois, Champaign","SURANET, Georgia Tech, Atlanta",6.2093918,6.2093918009931635,0.9999999998400546
27,nsfnet,11,0.8,robust_current_demand_lp,random_failure_fixed,"SEQSUINET, Rice University, Houston -> SURANET, Georgia Tech, Atlanta & SURANET, Georgia Tech, Atlanta -> SEQSUINET, Rice University, Houston",3,"SURANET, Georgia Tech, Atlanta","NorthWestNet, Seattle",6.1368227,6.136822737185099,0.9999999939406593
27,nsfnet,11,0.8,robust_current_demand_lp,random_failure_fixed,"SEQSUINET, Rice University, Houston -> SURANET, Georgia Tech, Atlanta & SURANET, Georgia Tech, Atlanta -> SEQSUINET, Rice University, Houston",4,"SURANET, Georgia Tech, Atlanta",San Diego Supercomputer Center,5.9845045,5.984504514870263,0.9999999975152056
27,nsfnet,11,0.8,robust_current_demand_lp,random_failure_fixed,"SEQSUINET, Rice University, Houston -> SURANET, Georgia Tech, Atlanta & SURANET, Georgia Tech, Atlanta -> SEQSUINET, Rice University, Houston",5,"Jon Von Neumann Center, Princeton, NJ","NorthWestNet, Seattle",5.2634905,5.263490494228422,1.0000000010965304
27,nsfnet,11,0.8,moving_average,critical_failure_fixed,"NCSA, University of Illinois, Champaign -> Merit Univ of Michigan, Ann Arbor & Merit Univ of Michigan, Ann Arbor -> NCSA, University of Illinois, Champaign",1,Pittsburgh Supercomputer Center,"MIDnet, Lincoln, NE",5.8986902,5.8986902422609715,0.999999992835533
27,nsfnet,11,0.8,moving_average,critical_failure_fixed,"NCSA, University of Illinois, Champaign -> Merit Univ of Michigan, Ann Arbor & Merit Univ of Michigan, Ann Arbor -> NCSA, University of Illinois, Champaign",2,"Merit Univ of Michigan, Ann Arbor","NCSA, University of Illinois, Champaign",5.8443987,5.8443987254588805,0.9999999956438838
27,nsfnet,11,0.8,moving_average,critical_failure_fixed,"NCSA, University of Illinois, Champaign -> Merit Univ of Michigan, Ann Arbor & Merit Univ of Michigan, Ann Arbor -> NCSA, University of Illinois, Champaign",3,"MIDnet, Lincoln, NE","Cornell Theory Center, Ithaca NY",5.6524525,5.652452483748922,1.000000002875049
27,nsfnet,11,0.8,moving_average,critical_failure_fixed,"NCSA, University of Illinois, Champaign -> Merit Univ of Michigan, Ann Arbor & Merit Univ of Michigan, Ann Arbor -> NCSA, University of Illinois, Champaign",4,"SURANET, Georgia Tech, Atlanta","Merit Univ of Michigan, Ann Arbor",5.3859991,5.3859991484694145,0.99999999100085
27,nsfnet,11,0.8,moving_average,critical_failure_fixed,"NCSA, University of Illinois, Champaign -> Merit Univ of Michigan, Ann Arbor & Merit Univ of Michigan, Ann Arbor -> NCSA, University of Illinois, Champaign",5,San Diego Supercomputer Center,"Merit Univ of Michigan, Ann Arbor",5.2624377,5.364710540929773,0.9809360001533192
27,nsfnet,11,0.8,moving_average,random_failure_fixed,"SEQSUINET, Rice University, Houston -> SURANET, Georgia Tech, Atlanta & SURANET, Georgia Tech, Atlanta -> SEQSUINET, Rice University, Houston",1,"Jon Von Neumann Center, Princeton, NJ",San Diego Supercomputer Center,5.8487405,5.848740455838328,1.0000000075506295
27,nsfnet,11,0.8,moving_average,random_failure_fixed,"SEQSUINET, Rice University, Houston -> SURANET, Georgia Tech, Atlanta & SURANET, Georgia Tech, Atlanta -> SEQSUINET, Rice University, Houston",2,"SURANET, Georgia Tech, Atlanta",San Diego Supercomputer Center,5.3975551,5.397555132128712,0.9999999940475435
27,nsfnet,11,0.8,moving_average,random_failure_fixed,"SEQSUINET, Rice University, Houston -> SURANET, Georgia Tech, Atlanta & SURANET, Georgia Tech, Atlanta -> SEQSUINET, Rice University, Houston",3,"NCSA, University of Illinois, Champaign","SURANET, Georgia Tech, Atlanta",5.3889664,5.388966355382145,1.0000000082794829
27,nsfnet,11,0.8,moving_average,random_failure_fixed,"SEQSUINET, Rice University, Houston -> SURANET, Georgia Tech, Atlanta & SURANET, Georgia Tech, Atlanta -> SEQSUINET, Rice University, Houston",4,"SURANET, Georgia Tech, Atlanta","Merit Univ of Michigan, Ann Arbor",5.3859991,5.3859991484694145,0.99999999100085
27,nsfnet,11,0.8,moving_average,random_failure_fixed,"SEQSUINET, Rice University, Houston -> SURANET, Georgia Tech, Atlanta & SURANET, Georgia Tech, Atlanta -> SEQSUINET, Rice University, Houston",5,"Jon Von Neumann Center, Princeton, NJ","NorthWestNet, Seattle",5.1556633,5.155663255485129,1.0000000086341696
27,nsfnet,11,0.8,linear_autoregressive,critical_failure_fixed,"NCSA, University of Illinois, Champaign -> Merit Univ of Michigan, Ann Arbor & Merit Univ of Michigan, Ann Arbor -> NCSA, University of Illinois, Champaign",1,"MIDnet, Lincoln, NE","Cornell Theory Center, Ithaca NY",6.370524,6.370523964844909,1.0000000055183986
27,nsfnet,11,0.8,linear_autoregressive,critical_failure_fixed,"NCSA, University of Illinois, Champaign -> Merit Univ of Michigan, Ann Arbor & Merit Univ of Michigan, Ann Arbor -> NCSA, University of Illinois, Champaign",2,Pittsburgh Supercomputer Center,"MIDnet, Lincoln, NE",6.1847767,6.18477665850492,1.0000000067092285
27,nsfnet,11,0.8,linear_autoregressive,critical_failure_fixed,"NCSA, University of Illinois, Champaign -> Merit Univ of Michigan, Ann Arbor & Merit Univ of Michigan, Ann Arbor -> NCSA, University of Illinois, Champaign",3,"Merit Univ of Michigan, Ann Arbor","NCSA, University of Illinois, Champaign",5.6940847,5.694084653320169,1.0000000081979519
27,nsfnet,11,0.8,linear_autoregressive,critical_failure_fixed,"NCSA, University of Illinois, Champaign -> Merit Univ of Michigan, Ann Arbor & Merit Univ of Michigan, Ann Arbor -> NCSA, University of Illinois, Champaign",4,"SURANET, Georgia Tech, Atlanta","Merit Univ of Michigan, Ann Arbor",5.6861686,5.686168642869521,0.9999999924607371
27,nsfnet,11,0.8,linear_autoregressive,critical_failure_fixed,"NCSA, University of Illinois, Champaign -> Merit Univ of Michigan, Ann Arbor & Merit Univ of Michigan, Ann Arbor -> NCSA, University of Illinois, Champaign",5,"Westnet, Salt Lake City","Cornell Theory Center, Ithaca NY",5.6693461,6.317048371451659,0.8974675776777664
27,nsfnet,11,0.8,linear_autoregressive,random_failure_fixed,"SEQSUINET, Rice University, Houston -> SURANET, Georgia Tech, Atlanta & SURANET, Georgia Tech, Atlanta -> SEQSUINET, Rice University, Houston",1,"Jon Von Neumann Center, Princeton, NJ",San Diego Supercomputer Center,6.4768322,6.4768321895732734,1.0000000016098496
27,nsfnet,11,0.8,linear_autoregressive,random_failure_fixed,"SEQSUINET, Rice University, Houston -> SURANET, Georgia Tech, Atlanta & SURANET, Georgia Tech, Atlanta -> SEQSUINET, Rice University, Houston",2,"NCSA, University of Illinois, Champaign","SURANET, Georgia Tech, Atlanta",5.8789878,5.878987757783525,1.0000000071809088
27,nsfnet,11,0.8,linear_autoregressive,random_failure_fixed,"SEQSUINET, Rice University, Houston -> SURANET, Georgia Tech, Atlanta & SURANET, Georgia Tech, Atlanta -> SEQSUINET, Rice University, Houston",3,"SURANET, Georgia Tech, Atlanta",San Diego Supercomputer Center,5.8715939,5.871593853794072,1.0000000078694014
27,nsfnet,11,0.8,linear_autoregressive,random_failure_fixed,"SEQSUINET, Rice University, Houston -> SURANET, Georgia Tech, Atlanta & SURANET, Georgia Tech, Atlanta -> SEQSUINET, Rice University, Houston",4,"SURANET, Georgia Tech, Atlanta","Merit Univ of Michigan, Ann Arbor",5.6861686,5.686168642869521,0.9999999924607371
27,nsfnet,11,0.8,linear_autoregressive,random_failure_fixed,"SEQSUINET, Rice University, Houston -> SURANET, Georgia Tech, Atlanta & SURANET, Georgia Tech, Atlanta -> SEQSUINET, Rice University, Houston",5,"SURANET, Georgia Tech, Atlanta","MIDnet, Lincoln, NE",5.4290487,5.4290486991740465,1.0000000001521359
27,nsfnet,11,0.8,lstm,critical_failure_fixed,"NCSA, University of Illinois, Champaign -> Merit Univ of Michigan, Ann Arbor & Merit Univ of Michigan, Ann Arbor -> NCSA, University of Illinois, Champaign",1,"MIDnet, Lincoln, NE","Cornell Theory Center, Ithaca NY",4.3126502,4.312650203704834,0.9999999991409381
27,nsfnet,11,0.8,lstm,critical_failure_fixed,"NCSA, University of Illinois, Champaign -> Merit Univ of Michigan, Ann Arbor & Merit Univ of Michigan, Ann Arbor -> NCSA, University of Illinois, Champaign",2,"Merit Univ of Michigan, Ann Arbor","NCSA, University of Illinois, Champaign",4.3047462,4.304746150970459,1.0000000113896474
27,nsfnet,11,0.8,lstm,critical_failure_fixed,"NCSA, University of Illinois, Champaign -> Merit Univ of Michigan, Ann Arbor & Merit Univ of Michigan, Ann Arbor -> NCSA, University of Illinois, Champaign",3,Pittsburgh Supercomputer Center,"MIDnet, Lincoln, NE",4.2568717,4.256871700286865,0.9999999999326111
27,nsfnet,11,0.8,lstm,critical_failure_fixed,"NCSA, University of Illinois, Champaign -> Merit Univ of Michigan, Ann Arbor & Merit Univ of Michigan, Ann Arbor -> NCSA, University of Illinois, Champaign",4,"SURANET, Georgia Tech, Atlanta","Merit Univ of Michigan, Ann Arbor",4.0819569,4.08195686340332,1.0000000089654744
27,nsfnet,11,0.8,lstm,critical_failure_fixed,"NCSA, University of Illinois, Champaign -> Merit Univ of Michigan, Ann Arbor & Merit Univ of Michigan, Ann Arbor -> NCSA, University of Illinois, Champaign",5,San Diego Supercomputer Center,"Merit Univ of Michigan, Ann Arbor",3.9990675,3.999067544937134,0.9999999887630971
27,nsfnet,11,0.8,lstm,random_failure_fixed,"SEQSUINET, Rice University, Houston -> SURANET, Georgia Tech, Atlanta & SURANET, Georgia Tech, Atlanta -> SEQSUINET, Rice University, Houston",1,"Jon Von Neumann Center, Princeton, NJ",San Diego Supercomputer Center,4.2722907,4.2722907066345215,0.999999998447081
27,nsfnet,11,0.8,lstm,random_failure_fixed,"SEQSUINET, Rice University, Houston -> SURANET, Georgia Tech, Atlanta & SURANET, Georgia Tech, Atlanta -> SEQSUINET, Rice University, Houston",2,"SURANET, Georgia Tech, Atlanta","Merit Univ of Michigan, Ann Arbor",4.0819569,4.08195686340332,1.0000000089654744
27,nsfnet,11,0.8,lstm,random_failure_fixed,"SEQSUINET, Rice University, Houston -> SURANET, Georgia Tech, Atlanta & SURANET, Georgia Tech, Atlanta -> SEQSUINET, Rice University, Houston",3,"SURANET, Georgia Tech, Atlanta",San Diego Supercomputer Center,4.019825,4.019824981689453,1.0000000045550608
27,nsfnet,11,0.8,lstm,random_failure_fixed,"SEQSUINET, Rice University, Houston -> SURANET, Georgia Tech, Atlanta & SURANET, Georgia Tech, Atlanta -> SEQSUINET, Rice University, Houston",4,"Jon Von Neumann Center, Princeton, NJ","NorthWestNet, Seattle",3.8354225,3.8354225158691406,0.9999999958624791
27,nsfnet,11,0.8,lstm,random_failure_fixed,"SEQSUINET, Rice University, Houston -> SURANET, Georgia Tech, Atlanta & SURANET, Georgia Tech, Atlanta -> SEQSUINET, Rice University, Houston",5,"NCSA, University of Illinois, Champaign","SURANET, Georgia Tech, Atlanta",3.7612598,3.7612597942352295,1.0000000015326702
27,nsfnet,11,0.8,uncertainty_aware_lstm_robust_lp,critical_failure_fixed,"NCSA, University of Illinois, Champaign -> Merit Univ of Michigan, Ann Arbor & Merit Univ of Michigan, Ann Arbor -> NCSA, University of Illinois, Champaign",1,"Westnet, Salt Lake City","Cornell Theory Center, Ithaca NY",4.6718936,4.67189359664917,1.0000000007172316
27,nsfnet,11,0.8,uncertainty_aware_lstm_robust_lp,critical_failure_fixed,"NCSA, University of Illinois, Champaign -> Merit Univ of Michigan, Ann Arbor & Merit Univ of Michigan, Ann Arbor -> NCSA, University of Illinois, Champaign",2,"Merit Univ of Michigan, Ann Arbor","NCSA, University of Illinois, Champaign",4.5193624,4.519362449645996,0.9999999890148231
27,nsfnet,11,0.8,uncertainty_aware_lstm_robust_lp,critical_failure_fixed,"NCSA, University of Illinois, Champaign -> Merit Univ of Michigan, Ann Arbor & Merit Univ of Michigan, Ann Arbor -> NCSA, University of Illinois, Champaign",3,"MIDnet, Lincoln, NE","Cornell Theory Center, Ithaca NY",4.5185852,4.518585205078125,0.9999999988761693
27,nsfnet,11,0.8,uncertainty_aware_lstm_robust_lp,critical_failure_fixed,"NCSA, University of Illinois, Champaign -> Merit Univ of Michigan, Ann Arbor & Merit Univ of Michigan, Ann Arbor -> NCSA, University of Illinois, Champaign",4,Pittsburgh Supercomputer Center,"MIDnet, Lincoln, NE",4.4433961,4.443396091461182,1.0000000019216875
27,nsfnet,11,0.8,uncertainty_aware_lstm_robust_lp,critical_failure_fixed,"NCSA, University of Illinois, Champaign -> Merit Univ of Michigan, Ann Arbor & Merit Univ of Michigan, Ann Arbor -> NCSA, University of Illinois, Champaign",5,"Cornell Theory Center, Ithaca NY","NCAR, Boulder",4.0155287,4.015528678894043,1.0000000052560842
27,nsfnet,11,0.8,uncertainty_aware_lstm_robust_lp,random_failure_fixed,"SEQSUINET, Rice University, Houston -> SURANET, Georgia Tech, Atlanta & SURANET, Georgia Tech, Atlanta -> SEQSUINET, Rice University, Houston",1,"Jon Von Neumann Center, Princeton, NJ",San Diego Supercomputer Center,4.4875336,4.4875335693359375,1.000000006833166
27,nsfnet,11,0.8,uncertainty_aware_lstm_robust_lp,random_failure_fixed,"SEQSUINET, Rice University, Houston -> SURANET, Georgia Tech, Atlanta & SURANET, Georgia Tech, Atlanta -> SEQSUINET, Rice University, Houston",2,"SURANET, Georgia Tech, Atlanta",San Diego Supercomputer Center,4.2335224,4.233522415161133,0.99999999641879
27,nsfnet,11,0.8,uncertainty_aware_lstm_robust_lp,random_failure_fixed,"SEQSUINET, Rice University, Houston -> SURANET, Georgia Tech, Atlanta & SURANET, Georgia Tech, Atlanta -> SEQSUINET, Rice University, Houston",3,"Jon Von Neumann Center, Princeton, NJ","NorthWestNet, Seattle",4.0222363,4.022236347198486,0.999999988265611
27,nsfnet,11,0.8,uncertainty_aware_lstm_robust_lp,random_failure_fixed,"SEQSUINET, Rice University, Houston -> SURANET, Georgia Tech, Atlanta & SURANET, Georgia Tech, Atlanta -> SEQSUINET, Rice University, Houston",4,"NCSA, University of Illinois, Champaign","SURANET, Georgia Tech, Atlanta",3.9757073,3.9757072925567627,1.0000000018721793
27,nsfnet,11,0.8,uncertainty_aware_lstm_robust_lp,random_failure_fixed,"SEQSUINET, Rice University, Houston -> SURANET, Georgia Tech, Atlanta & SURANET, Georgia Tech, Atlanta -> SEQSUINET, Rice University, Houston",5,San Diego Supercomputer Center,"Jon Von Neumann Center, Princeton, NJ",3.8281965,3.8281965255737305,0.9999999933196401
28,nsfnet,11,0.8,current_demand_lp,critical_failure_fixed,"NCSA, University of Illinois, Champaign -> Merit Univ of Michigan, Ann Arbor & Merit Univ of Michigan, Ann Arbor -> NCSA, University of Illinois, Champaign",1,"MIDnet, Lincoln, NE","Cornell Theory Center, Ithaca NY",5.7842682,5.78426822127339,0.9999999963221985
28,nsfnet,11,0.8,current_demand_lp,critical_failure_fixed,"NCSA, University of Illinois, Champaign -> Merit Univ of Michigan, Ann Arbor & Merit Univ of Michigan, Ann Arbor -> NCSA, University of Illinois, Champaign",2,"Merit Univ of Michigan, Ann Arbor","NCSA, University of Illinois, Champaign",5.7733658,5.7733658147986375,0.99999999743674
28,nsfnet,11,0.8,current_demand_lp,critical_failure_fixed,"NCSA, University of Illinois, Champaign -> Merit Univ of Michigan, Ann Arbor & Merit Univ of Michigan, Ann Arbor -> NCSA, University of Illinois, Champaign",3,Pittsburgh Supercomputer Center,"MIDnet, Lincoln, NE",5.5065541,5.506554068297317,1.0000000057572636
28,nsfnet,11,0.8,current_demand_lp,critical_failure_fixed,"NCSA, University of Illinois, Champaign -> Merit Univ of Michigan, Ann Arbor & Merit Univ of Michigan, Ann Arbor -> NCSA, University of Illinois, Champaign",4,San Diego Supercomputer Center,"Merit Univ of Michigan, Ann Arbor",5.4924099,5.492409875068012,1.0000000045393531
28,nsfnet,11,0.8,current_demand_lp,critical_failure_fixed,"NCSA, University of Illinois, Champaign -> Merit Univ of Michigan, Ann Arbor & Merit Univ of Michigan, Ann Arbor -> NCSA, University of Illinois, Champaign",5,"NCSA, University of Illinois, Champaign",Pittsburgh Supercomputer Center,5.368636,5.3686359689713745,1.0000000057796108
28,nsfnet,11,0.8,current_demand_lp,random_failure_fixed,"BARRnet, Palo Alto -> Merit Univ of Michigan, Ann Arbor & Merit Univ of Michigan, Ann Arbor -> BARRnet, Palo Alto",1,Pittsburgh Supercomputer Center,"NorthWestNet, Seattle",5.8184867,5.818486661491814,1.0000000066182477
28,nsfnet,11,0.8,current_demand_lp,random_failure_fixed,"BARRnet, Palo Alto -> Merit Univ of Michigan, Ann Arbor & Merit Univ of Michigan, Ann Arbor -> BARRnet, Palo Alto",2,"BARRnet, Palo Alto",Pittsburgh Supercomputer Center,5.4265967,5.426596704162374,0.999999999232968
28,nsfnet,11,0.8,current_demand_lp,random_failure_fixed,"BARRnet, Palo Alto -> Merit Univ of Michigan, Ann Arbor & Merit Univ of Michigan, Ann Arbor -> BARRnet, Palo Alto",3,"NorthWestNet, Seattle",Pittsburgh Supercomputer Center,5.3279658,5.327965777179396,1.0000000042831738
28,nsfnet,11,0.8,current_demand_lp,random_failure_fixed,"BARRnet, Palo Alto -> Merit Univ of Michigan, Ann Arbor & Merit Univ of Michigan, Ann Arbor -> BARRnet, Palo Alto",4,"BARRnet, Palo Alto","Cornell Theory Center, Ithaca NY",5.314227,5.3142269751327005,1.0000000046793822
28,nsfnet,11,0.8,current_demand_lp,random_failure_fixed,"BARRnet, Palo Alto -> Merit Univ of Michigan, Ann Arbor & Merit Univ of Michigan, Ann Arbor -> BARRnet, Palo Alto",5,"Merit Univ of Michigan, Ann Arbor","NorthWestNet, Seattle",5.2507461,5.250746086715448,1.0000000025300313
28,nsfnet,11,0.8,robust_current_demand_lp,critical_failure_fixed,"NCSA, University of Illinois, Champaign -> Merit Univ of Michigan, Ann Arbor & Merit Univ of Michigan, Ann Arbor -> NCSA, University of Illinois, Champaign",1,"MIDnet, Lincoln, NE","Cornell Theory Center, Ithaca NY",5.7842682,5.78426822127339,0.9999999963221985
28,nsfnet,11,0.8,robust_current_demand_lp,critical_failure_fixed,"NCSA, University of Illinois, Champaign -> Merit Univ of Michigan, Ann Arbor & Merit Univ of Michigan, Ann Arbor -> NCSA, University of Illinois, Champaign",2,"Merit Univ of Michigan, Ann Arbor","NCSA, University of Illinois, Champaign",5.7733658,5.7733658147986375,0.99999999743674
28,nsfnet,11,0.8,robust_current_demand_lp,critical_failure_fixed,"NCSA, University of Illinois, Champaign -> Merit Univ of Michigan, Ann Arbor & Merit Univ of Michigan, Ann Arbor -> NCSA, University of Illinois, Champaign",3,"Westnet, Salt Lake City","Cornell Theory Center, Ithaca NY",5.770752,5.770751986658154,1.000000002311977
28,nsfnet,11,0.8,robust_current_demand_lp,critical_failure_fixed,"NCSA, University of Illinois, Champaign -> Merit Univ of Michigan, Ann Arbor & Merit Univ of Michigan, Ann Arbor -> NCSA, University of Illinois, Champaign",4,Pittsburgh Supercomputer Center,"MIDnet, Lincoln, NE",5.5065541,5.506554068297317,1.0000000057572636
28,nsfnet,11,0.8,robust_current_demand_lp,critical_failure_fixed,"NCSA, University of Illinois, Champaign -> Merit Univ of Michigan, Ann Arbor & Merit Univ of Michigan, Ann Arbor -> NCSA, University of Illinois, Champaign",5,"NCSA, University of Illinois, Champaign",Pittsburgh Supercomputer Center,5.368636,5.3686359689713745,1.0000000057796108
28,nsfnet,11,0.8,robust_current_demand_lp,random_failure_fixed,"BARRnet, Palo Alto -> Merit Univ of Michigan, Ann Arbor & Merit Univ of Michigan, Ann Arbor -> BARRnet, Palo Alto",1,Pittsburgh Supercomputer Center,"NorthWestNet, Seattle",5.8184867,5.818486661491814,1.0000000066182477
28,nsfnet,11,0.8,robust_current_demand_lp,random_failure_fixed,"BARRnet, Palo Alto -> Merit Univ of Michigan, Ann Arbor & Merit Univ of Michigan, Ann Arbor -> BARRnet, Palo Alto",2,San Diego Supercomputer Center,"Merit Univ of Michigan, Ann Arbor",5.4924099,5.492409875068012,1.0000000045393531
28,nsfnet,11,0.8,robust_current_demand_lp,random_failure_fixed,"BARRnet, Palo Alto -> Merit Univ of Michigan, Ann Arbor & Merit Univ of Michigan, Ann Arbor -> BARRnet, Palo Alto",3,"BARRnet, Palo Alto",Pittsburgh Supercomputer Center,5.4265967,5.426596704162374,0.999999999232968
28,nsfnet,11,0.8,robust_current_demand_lp,random_failure_fixed,"BARRnet, Palo Alto -> Merit Univ of Michigan, Ann Arbor & Merit Univ of Michigan, Ann Arbor -> BARRnet, Palo Alto",4,"NorthWestNet, Seattle",Pittsburgh Supercomputer Center,5.3279658,5.327965777179396,1.0000000042831738
28,nsfnet,11,0.8,robust_current_demand_lp,random_failure_fixed,"BARRnet, Palo Alto -> Merit Univ of Michigan, Ann Arbor & Merit Univ of Michigan, Ann Arbor -> BARRnet, Palo Alto",5,"BARRnet, Palo Alto","Cornell Theory Center, Ithaca NY",5.314227,5.3142269751327005,1.0000000046793822
28,nsfnet,11,0.8,moving_average,critical_failure_fixed,"NCSA, University of Illinois, Champaign -> Merit Univ of Michigan, Ann Arbor & Merit Univ of Michigan, Ann Arbor -> NCSA, University of Illinois, Champaign",1,Pittsburgh Supercomputer Center,"MIDnet, Lincoln, NE",6.0243195,6.024319490995017,1.0000000014947716
28,nsfnet,11,0.8,moving_average,critical_failure_fixed,"NCSA, University of Illinois, Champaign -> Merit Univ of Michigan, Ann Arbor & Merit Univ of Michigan, Ann Arbor -> NCSA, University of Illinois, Champaign",2,"Merit Univ of Michigan, Ann Arbor","NCSA, University of Illinois, Champaign",5.9934249,5.9934249064229865,0.9999999989283278
28,nsfnet,11,0.8,moving_average,critical_failure_fixed,"NCSA, University of Illinois, Champaign -> Merit Univ of Michigan, Ann Arbor & Merit Univ of Michigan, Ann Arbor -> NCSA, University of Illinois, Champaign",3,"MIDnet, Lincoln, NE","Cornell Theory Center, Ithaca NY",5.7720128,5.772012770515418,1.0000000051081976
28,nsfnet,11,0.8,moving_average,critical_failure_fixed,"NCSA, University of Illinois, Champaign -> Merit Univ of Michigan, Ann Arbor & Merit Univ of Michigan, Ann Arbor -> NCSA, University of Illinois, Champaign",4,"SURANET, Georgia Tech, Atlanta","Merit Univ of Michigan, Ann Arbor",5.6695915,5.669591464838038,1.000000006201851
28,nsfnet,11,0.8,moving_average,critical_failure_fixed,"NCSA, University of Illinois, Champaign -> Merit Univ of Michigan, Ann Arbor & Merit Univ of Michigan, Ann Arbor -> NCSA, University of Illinois, Champaign",5,San Diego Supercomputer Center,"Merit Univ of Michigan, Ann Arbor",5.4624786,5.462478604519188,0.9999999991726853
28,nsfnet,11,0.8,moving_average,random_failure_fixed,"BARRnet, Palo Alto -> Merit Univ of Michigan, Ann Arbor & Merit Univ of Michigan, Ann Arbor -> BARRnet, Palo Alto",1,"BARRnet, Palo Alto","Cornell Theory Center, Ithaca NY",5.9051276,5.905127603241284,0.999999999451107
28,nsfnet,11,0.8,moving_average,random_failure_fixed,"BARRnet, Palo Alto -> Merit Univ of Michigan, Ann Arbor & Merit Univ of Michigan, Ann Arbor -> BARRnet, Palo Alto",2,Pittsburgh Supercomputer Center,"NorthWestNet, Seattle",5.7753928,5.775392755414697,1.0000000077198736
28,nsfnet,11,0.8,moving_average,random_failure_fixed,"BARRnet, Palo Alto -> Merit Univ of Michigan, Ann Arbor & Merit Univ of Michigan, Ann Arbor -> BARRnet, Palo Alto",3,"BARRnet, Palo Alto",Pittsburgh Supercomputer Center,5.6938649,5.693864865980672,1.000000005974734
28,nsfnet,11,0.8,moving_average,random_failure_fixed,"BARRnet, Palo Alto -> Merit Univ of Michigan, Ann Arbor & Merit Univ of Michigan, Ann Arbor -> BARRnet, Palo Alto",4,"NorthWestNet, Seattle",Pittsburgh Supercomputer Center,5.5255863,5.525586304339538,0.9999999992146466
28,nsfnet,11,0.8,moving_average,random_failure_fixed,"BARRnet, Palo Alto -> Merit Univ of Michigan, Ann Arbor & Merit Univ of Michigan, Ann Arbor -> BARRnet, Palo Alto",5,"NorthWestNet, Seattle","Merit Univ of Michigan, Ann Arbor",5.3086679,5.308667895201121,1.0000000009039705
28,nsfnet,11,0.8,linear_autoregressive,critical_failure_fixed,"NCSA, University of Illinois, Champaign -> Merit Univ of Michigan, Ann Arbor & Merit Univ of Michigan, Ann Arbor -> NCSA, University of Illinois, Champaign",1,"Merit Univ of Michigan, Ann Arbor","NCSA, University of Illinois, Champaign",5.5315603,5.531560329828182,0.9999999946076368
28,nsfnet,11,0.8,linear_autoregressive,critical_failure_fixed,"NCSA, University of Illinois, Champaign -> Merit Univ of Michigan, Ann Arbor & Merit Univ of Michigan, Ann Arbor -> NCSA, University of Illinois, Champaign",2,Pittsburgh Supercomputer Center,"MIDnet, Lincoln, NE",5.3854459,5.3854459140076685,0.9999999973989769
28,nsfnet,11,0.8,linear_autoregressive,critical_failure_fixed,"NCSA, University of Illinois, Champaign -> Merit Univ of Michigan, Ann Arbor & Merit Univ of Michigan, Ann Arbor -> NCSA, University of Illinois, Champaign",3,"Westnet, Salt Lake City","Cornell Theory Center, Ithaca NY",5.2908626,5.4501120485317065,0.9707805184345504
28,nsfnet,11,0.8,linear_autoregressive,critical_failure_fixed,"NCSA, University of Illinois, Champaign -> Merit Univ of Michigan, Ann Arbor & Merit Univ of Michigan, Ann Arbor -> NCSA, University of Illinois, Champaign",4,"MIDnet, Lincoln, NE","Cornell Theory Center, Ithaca NY",5.2351235,5.235123526764687,0.9999999948874776
28,nsfnet,11,0.8,linear_autoregressive,critical_failure_fixed,"NCSA, University of Illinois, Champaign -> Merit Univ of Michigan, Ann Arbor & Merit Univ of Michigan, Ann Arbor -> NCSA, University of Illinois, Champaign",5,"SURANET, Georgia Tech, Atlanta","Merit Univ of Michigan, Ann Arbor",5.104432,5.1044320178127816,0.9999999965103303
28,nsfnet,11,0.8,linear_autoregressive,random_failure_fixed,"BARRnet, Palo Alto -> Merit Univ of Michigan, Ann Arbor & Merit Univ of Michigan, Ann Arbor -> BARRnet, Palo Alto",1,"BARRnet, Palo Alto",Pittsburgh Supercomputer Center,5.5478914,5.547891402598752,0.9999999995315786
28,nsfnet,11,0.8,linear_autoregressive,random_failure_fixed,"BARRnet, Palo Alto -> Merit Univ of Michigan, Ann Arbor & Merit Univ of Michigan, Ann Arbor -> BARRnet, Palo Alto",2,Pittsburgh Supercomputer Center,"NorthWestNet, Seattle",5.2799626,5.279962568797411,1.0000000059096232
28,nsfnet,11,0.8,linear_autoregressive,random_failure_fixed,"BARRnet, Palo Alto -> Merit Univ of Michigan, Ann Arbor & Merit Univ of Michigan, Ann Arbor -> BARRnet, Palo Alto",3,"BARRnet, Palo Alto","Cornell Theory Center, Ithaca NY",5.2728911,5.272891108534811,0.9999999983813792
28,nsfnet,11,0.8,linear_autoregressive,random_failure_fixed,"BARRnet, Palo Alto -> Merit Univ of Michigan, Ann Arbor & Merit Univ of Michigan, Ann Arbor -> BARRnet, Palo Alto",4,"NorthWestNet, Seattle",Pittsburgh Supercomputer Center,4.9438892,4.943889198281907,1.0000000003475185
28,nsfnet,11,0.8,linear_autoregressive,random_failure_fixed,"BARRnet, Palo Alto -> Merit Univ of Michigan, Ann Arbor & Merit Univ of Michigan, Ann Arbor -> BARRnet, Palo Alto",5,"Merit Univ of Michigan, Ann Arbor","NorthWestNet, Seattle",4.9033023,4.903302305142721,0.999999998951172
28,nsfnet,11,0.8,lstm,critical_failure_fixed,"NCSA, University of Illinois, Champaign -> Merit Univ of Michigan, Ann Arbor & Merit Univ of Michigan, Ann Arbor -> NCSA, University of Illinois, Champaign",1,"MIDnet, Lincoln, NE","Cornell Theory Center, Ithaca NY",4.3126502,4.312650203704834,0.9999999991409381
28,nsfnet,11,0.8,lstm,critical_failure_fixed,"NCSA, University of Illinois, Champaign -> Merit Univ of Michigan, Ann Arbor & Merit Univ of Michigan, Ann Arbor -> NCSA, University of Illinois, Champaign",2,"Merit Univ of Michigan, Ann Arbor","NCSA, University of Illinois, Champaign",4.3047462,4.304746150970459,1.0000000113896474
28,nsfnet,11,0.8,lstm,critical_failure_fixed,"NCSA, University of Illinois, Champaign -> Merit Univ of Michigan, Ann Arbor & Merit Univ of Michigan, Ann Arbor -> NCSA, University of Illinois, Champaign",3,Pittsburgh Supercomputer Center,"MIDnet, Lincoln, NE",4.2568717,4.256871700286865,0.9999999999326111
28,nsfnet,11,0.8,lstm,critical_failure_fixed,"NCSA, University of Illinois, Champaign -> Merit Univ of Michigan, Ann Arbor & Merit Univ of Michigan, Ann Arbor -> NCSA, University of Illinois, Champaign",4,"SURANET, Georgia Tech, Atlanta","Merit Univ of Michigan, Ann Arbor",4.0819569,4.08195686340332,1.0000000089654744
28,nsfnet,11,0.8,lstm,critical_failure_fixed,"NCSA, University of Illinois, Champaign -> Merit Univ of Michigan, Ann Arbor & Merit Univ of Michigan, Ann Arbor -> NCSA, University of Illinois, Champaign",5,San Diego Supercomputer Center,"Merit Univ of Michigan, Ann Arbor",3.9990675,3.999067544937134,0.9999999887630971
28,nsfnet,11,0.8,lstm,random_failure_fixed,"BARRnet, Palo Alto -> Merit Univ of Michigan, Ann Arbor & Merit Univ of Michigan, Ann Arbor -> BARRnet, Palo Alto",1,"BARRnet, Palo Alto",Pittsburgh Supercomputer Center,4.3505149,4.350514888763428,1.0000000025828144
28,nsfnet,11,0.8,lstm,random_failure_fixed,"BARRnet, Palo Alto -> Merit Univ of Michigan, Ann Arbor & Merit Univ of Michigan, Ann Arbor -> BARRnet, Palo Alto",2,Pittsburgh Supercomputer Center,"NorthWestNet, Seattle",4.1252341,4.125234127044678,0.9999999934440866
28,nsfnet,11,0.8,lstm,random_failure_fixed,"BARRnet, Palo Alto -> Merit Univ of Michigan, Ann Arbor & Merit Univ of Michigan, Ann Arbor -> BARRnet, Palo Alto",3,"BARRnet, Palo Alto","Cornell Theory Center, Ithaca NY",4.0849676,4.084967613220215,0.9999999967636916
28,nsfnet,11,0.8,lstm,random_failure_fixed,"BARRnet, Palo Alto -> Merit Univ of Michigan, Ann Arbor & Merit Univ of Michigan, Ann Arbor -> BARRnet, Palo Alto",4,"NorthWestNet, Seattle",Pittsburgh Supercomputer Center,3.9921775,3.9921774864196777,1.0000000034017331
28,nsfnet,11,0.8,lstm,random_failure_fixed,"BARRnet, Palo Alto -> Merit Univ of Michigan, Ann Arbor & Merit Univ of Michigan, Ann Arbor -> BARRnet, Palo Alto",5,"NorthWestNet, Seattle","Merit Univ of Michigan, Ann Arbor",3.8948963,3.8948962688446045,1.000000007999031
28,nsfnet,11,0.8,uncertainty_aware_lstm_robust_lp,critical_failure_fixed,"NCSA, University of Illinois, Champaign -> Merit Univ of Michigan, Ann Arbor & Merit Univ of Michigan, Ann Arbor -> NCSA, University of Illinois, Champaign",1,"Westnet, Salt Lake City","Cornell Theory Center, Ithaca NY",4.6718936,4.67189359664917,1.0000000007172316
28,nsfnet,11,0.8,uncertainty_aware_lstm_robust_lp,critical_failure_fixed,"NCSA, University of Illinois, Champaign -> Merit Univ of Michigan, Ann Arbor & Merit Univ of Michigan, Ann Arbor -> NCSA, University of Illinois, Champaign",2,"Merit Univ of Michigan, Ann Arbor","NCSA, University of Illinois, Champaign",4.5193624,4.519362449645996,0.9999999890148231
28,nsfnet,11,0.8,uncertainty_aware_lstm_robust_lp,critical_failure_fixed,"NCSA, University of Illinois, Champaign -> Merit Univ of Michigan, Ann Arbor & Merit Univ of Michigan, Ann Arbor -> NCSA, University of Illinois, Champaign",3,"MIDnet, Lincoln, NE","Cornell Theory Center, Ithaca NY",4.5185852,4.518585205078125,0.9999999988761693
28,nsfnet,11,0.8,uncertainty_aware_lstm_robust_lp,critical_failure_fixed,"NCSA, University of Illinois, Champaign -> Merit Univ of Michigan, Ann Arbor & Merit Univ of Michigan, Ann Arbor -> NCSA, University of Illinois, Champaign",4,Pittsburgh Supercomputer Center,"MIDnet, Lincoln, NE",4.4433961,4.443396091461182,1.0000000019216875
28,nsfnet,11,0.8,uncertainty_aware_lstm_robust_lp,critical_failure_fixed,"NCSA, University of Illinois, Champaign -> Merit Univ of Michigan, Ann Arbor & Merit Univ of Michigan, Ann Arbor -> NCSA, University of Illinois, Champaign",5,"Cornell Theory Center, Ithaca NY","NCAR, Boulder",4.0155287,4.015528678894043,1.0000000052560842
28,nsfnet,11,0.8,uncertainty_aware_lstm_robust_lp,random_failure_fixed,"BARRnet, Palo Alto -> Merit Univ of Michigan, Ann Arbor & Merit Univ of Michigan, Ann Arbor -> BARRnet, Palo Alto",1,"BARRnet, Palo Alto",Pittsburgh Supercomputer Center,4.5328355,4.532835483551025,1.0000000036288488
28,nsfnet,11,0.8,uncertainty_aware_lstm_robust_lp,random_failure_fixed,"BARRnet, Palo Alto -> Merit Univ of Michigan, Ann Arbor & Merit Univ of Michigan, Ann Arbor -> BARRnet, Palo Alto",2,Pittsburgh Supercomputer Center,"NorthWestNet, Seattle",4.3173699,4.3173699378967285,0.9999999912222651
28,nsfnet,11,0.8,uncertainty_aware_lstm_robust_lp,random_failure_fixed,"BARRnet, Palo Alto -> Merit Univ of Michigan, Ann Arbor & Merit Univ of Michigan, Ann Arbor -> BARRnet, Palo Alto",3,"BARRnet, Palo Alto","Cornell Theory Center, Ithaca NY",4.2836528,4.2836527824401855,1.0000000040992618
28,nsfnet,11,0.8,uncertainty_aware_lstm_robust_lp,random_failure_fixed,"BARRnet, Palo Alto -> Merit Univ of Michigan, Ann Arbor & Merit Univ of Michigan, Ann Arbor -> BARRnet, Palo Alto",4,San Diego Supercomputer Center,"Merit Univ of Michigan, Ann Arbor",4.2002945,4.200294494628906,1.0000000012787422
28,nsfnet,11,0.8,uncertainty_aware_lstm_robust_lp,random_failure_fixed,"BARRnet, Palo Alto -> Merit Univ of Michigan, Ann Arbor & Merit Univ of Michigan, Ann Arbor -> BARRnet, Palo Alto",5,"NorthWestNet, Seattle",Pittsburgh Supercomputer Center,4.185811,4.1858110427856445,0.99999998977841
29,nsfnet,11,0.8,current_demand_lp,critical_failure_fixed,"NCSA, University of Illinois, Champaign -> Merit Univ of Michigan, Ann Arbor & Merit Univ of Michigan, Ann Arbor -> NCSA, University of Illinois, Champaign",1,Pittsburgh Supercomputer Center,"MIDnet, Lincoln, NE",5.5904124,5.590412392489489,1.000000001343463
29,nsfnet,11,0.8,current_demand_lp,critical_failure_fixed,"NCSA, University of Illinois, Champaign -> Merit Univ of Michigan, Ann Arbor & Merit Univ of Michigan, Ann Arbor -> NCSA, University of Illinois, Champaign",2,"SURANET, Georgia Tech, Atlanta","Merit Univ of Michigan, Ann Arbor",5.2589388,5.2589388456438275,0.9999999913207153
29,nsfnet,11,0.8,current_demand_lp,critical_failure_fixed,"NCSA, University of Illinois, Champaign -> Merit Univ of Michigan, Ann Arbor & Merit Univ of Michigan, Ann Arbor -> NCSA, University of Illinois, Champaign",3,"MIDnet, Lincoln, NE","Cornell Theory Center, Ithaca NY",5.0759492,5.075949214210325,0.9999999972004597
29,nsfnet,11,0.8,current_demand_lp,critical_failure_fixed,"NCSA, University of Illinois, Champaign -> Merit Univ of Michigan, Ann Arbor & Merit Univ of Michigan, Ann Arbor -> NCSA, University of Illinois, Champaign",4,"Merit Univ of Michigan, Ann Arbor","NCSA, University of Illinois, Champaign",4.8714367,4.871436723193061,0.9999999952389691
29,nsfnet,11,0.8,current_demand_lp,critical_failure_fixed,"NCSA, University of Illinois, Champaign -> Merit Univ of Michigan, Ann Arbor & Merit Univ of Michigan, Ann Arbor -> NCSA, University of Illinois, Champaign",5,"Merit Univ of Michigan, Ann Arbor","Westnet, Salt Lake City",4.7794625,4.7794624929552985,1.0000000014739527
29,nsfnet,11,0.8,current_demand_lp,random_failure_fixed,"NCSA, University of Illinois, Champaign -> Merit Univ of Michigan, Ann Arbor & Merit Univ of Michigan, Ann Arbor -> NCSA, University of Illinois, Champaign",1,Pittsburgh Supercomputer Center,"MIDnet, Lincoln, NE",5.5904124,5.590412392489489,1.000000001343463
29,nsfnet,11,0.8,current_demand_lp,random_failure_fixed,"NCSA, University of Illinois, Champaign -> Merit Univ of Michigan, Ann Arbor & Merit Univ of Michigan, Ann Arbor -> NCSA, University of Illinois, Champaign",2,"SURANET, Georgia Tech, Atlanta","Merit Univ of Michigan, Ann Arbor",5.2589388,5.2589388456438275,0.9999999913207153
29,nsfnet,11,0.8,current_demand_lp,random_failure_fixed,"NCSA, University of Illinois, Champaign -> Merit Univ of Michigan, Ann Arbor & Merit Univ of Michigan, Ann Arbor -> NCSA, University of Illinois, Champaign",3,"MIDnet, Lincoln, NE","Cornell Theory Center, Ithaca NY",5.0759492,5.075949214210325,0.9999999972004597
29,nsfnet,11,0.8,current_demand_lp,random_failure_fixed,"NCSA, University of Illinois, Champaign -> Merit Univ of Michigan, Ann Arbor & Merit Univ of Michigan, Ann Arbor -> NCSA, University of Illinois, Champaign",4,"Merit Univ of Michigan, Ann Arbor","NCSA, University of Illinois, Champaign",4.8714367,4.871436723193061,0.9999999952389691
29,nsfnet,11,0.8,current_demand_lp,random_failure_fixed,"NCSA, University of Illinois, Champaign -> Merit Univ of Michigan, Ann Arbor & Merit Univ of Michigan, Ann Arbor -> NCSA, University of Illinois, Champaign",5,"Merit Univ of Michigan, Ann Arbor","Westnet, Salt Lake City",4.7794625,4.7794624929552985,1.0000000014739527
29,nsfnet,11,0.8,robust_current_demand_lp,critical_failure_fixed,"NCSA, University of Illinois, Champaign -> Merit Univ of Michigan, Ann Arbor & Merit Univ of Michigan, Ann Arbor -> NCSA, University of Illinois, Champaign",1,Pittsburgh Supercomputer Center,"MIDnet, Lincoln, NE",5.5904124,5.590412392489489,1.000000001343463
29,nsfnet,11,0.8,robust_current_demand_lp,critical_failure_fixed,"NCSA, University of Illinois, Champaign -> Merit Univ of Michigan, Ann Arbor & Merit Univ of Michigan, Ann Arbor -> NCSA, University of Illinois, Champaign",2,"Westnet, Salt Lake City","Cornell Theory Center, Ithaca NY",5.1854237,5.185423730808828,0.9999999940585709
29,nsfnet,11,0.8,robust_current_demand_lp,critical_failure_fixed,"NCSA, University of Illinois, Champaign -> Merit Univ of Michigan, Ann Arbor & Merit Univ of Michigan, Ann Arbor -> NCSA, University of Illinois, Champaign",3,"MIDnet, Lincoln, NE","Cornell Theory Center, Ithaca NY",5.0759492,5.075949214210325,0.9999999972004597
29,nsfnet,11,0.8,robust_current_demand_lp,critical_failure_fixed,"NCSA, University of Illinois, Champaign -> Merit Univ of Michigan, Ann Arbor & Merit Univ of Michigan, Ann Arbor -> NCSA, University of Illinois, Champaign",4,"Merit Univ of Michigan, Ann Arbor","NCSA, University of Illinois, Champaign",4.8714367,4.871436723193061,0.9999999952389691
29,nsfnet,11,0.8,robust_current_demand_lp,critical_failure_fixed,"NCSA, University of Illinois, Champaign -> Merit Univ of Michigan, Ann Arbor & Merit Univ of Michigan, Ann Arbor -> NCSA, University of Illinois, Champaign",5,"Merit Univ of Michigan, Ann Arbor","Westnet, Salt Lake City",4.7794625,4.7794624929552985,1.0000000014739527
29,nsfnet,11,0.8,robust_current_demand_lp,random_failure_fixed,"NCSA, University of Illinois, Champaign -> Merit Univ of Michigan, Ann Arbor & Merit Univ of Michigan, Ann Arbor -> NCSA, University of Illinois, Champaign",1,Pittsburgh Supercomputer Center,"MIDnet, Lincoln, NE",5.5904124,5.590412392489489,1.000000001343463
29,nsfnet,11,0.8,robust_current_demand_lp,random_failure_fixed,"NCSA, University of Illinois, Champaign -> Merit Univ of Michigan, Ann Arbor & Merit Univ of Michigan, Ann Arbor -> NCSA, University of Illinois, Champaign",2,"Westnet, Salt Lake City","Cornell Theory Center, Ithaca NY",5.1854237,5.185423730808828,0.9999999940585709
29,nsfnet,11,0.8,robust_current_demand_lp,random_failure_fixed,"NCSA, University of Illinois, Champaign -> Merit Univ of Michigan, Ann Arbor & Merit Univ of Michigan, Ann Arbor -> NCSA, University of Illinois, Champaign",3,"MIDnet, Lincoln, NE","Cornell Theory Center, Ithaca NY",5.0759492,5.075949214210325,0.9999999972004597
29,nsfnet,11,0.8,robust_current_demand_lp,random_failure_fixed,"NCSA, University of Illinois, Champaign -> Merit Univ of Michigan, Ann Arbor & Merit Univ of Michigan, Ann Arbor -> NCSA, University of Illinois, Champaign",4,"Merit Univ of Michigan, Ann Arbor","NCSA, University of Illinois, Champaign",4.8714367,4.871436723193061,0.9999999952389691
29,nsfnet,11,0.8,robust_current_demand_lp,random_failure_fixed,"NCSA, University of Illinois, Champaign -> Merit Univ of Michigan, Ann Arbor & Merit Univ of Michigan, Ann Arbor -> NCSA, University of Illinois, Champaign",5,"Merit Univ of Michigan, Ann Arbor","Westnet, Salt Lake City",4.7794625,4.7794624929552985,1.0000000014739527
29,nsfnet,11,0.8,moving_average,critical_failure_fixed,"NCSA, University of Illinois, Champaign -> Merit Univ of Michigan, Ann Arbor & Merit Univ of Michigan, Ann Arbor -> NCSA, University of Illinois, Champaign",1,Pittsburgh Supercomputer Center,"MIDnet, Lincoln, NE",5.8950549,5.895054898177301,1.0000000003091911
29,nsfnet,11,0.8,moving_average,critical_failure_fixed,"NCSA, University of Illinois, Champaign -> Merit Univ of Michigan, Ann Arbor & Merit Univ of Michigan, Ann Arbor -> NCSA, University of Illinois, Champaign",2,"Merit Univ of Michigan, Ann Arbor","NCSA, University of Illinois, Champaign",5.8490396,5.849039597635736,1.0000000004042142
29,nsfnet,11,0.8,moving_average,critical_failure_fixed,"NCSA, University of Illinois, Champaign -> Merit Univ of Michigan, Ann Arbor & Merit Univ of Michigan, Ann Arbor -> NCSA, University of Illinois, Champaign",3,"MIDnet, Lincoln, NE","Cornell Theory Center, Ithaca NY",5.6453819,5.645381929992494,0.9999999946872516
29,nsfnet,11,0.8,moving_average,critical_failure_fixed,"NCSA, University of Illinois, Champaign -> Merit Univ of Michigan, Ann Arbor & Merit Univ of Michigan, Ann Arbor -> NCSA, University of Illinois, Champaign",4,"SURANET, Georgia Tech, Atlanta","Merit Univ of Michigan, Ann Arbor",5.586829,5.586828971932135,1.0000000050239348
29,nsfnet,11,0.8,moving_average,critical_failure_fixed,"NCSA, University of Illinois, Champaign -> Merit Univ of Michigan, Ann Arbor & Merit Univ of Michigan, Ann Arbor -> NCSA, University of Illinois, Champaign",5,San Diego Supercomputer Center,"Merit Univ of Michigan, Ann Arbor",5.3666396,5.366639586272659,1.0000000025579026
29,nsfnet,11,0.8,moving_average,random_failure_fixed,"NCSA, University of Illinois, Champaign -> Merit Univ of Michigan, Ann Arbor & Merit Univ of Michigan, Ann Arbor -> NCSA, University of Illinois, Champaign",1,Pittsburgh Supercomputer Center,"MIDnet, Lincoln, NE",5.8950549,5.895054898177301,1.0000000003091911
29,nsfnet,11,0.8,moving_average,random_failure_fixed,"NCSA, University of Illinois, Champaign -> Merit Univ of Michigan, Ann Arbor & Merit Univ of Michigan, Ann Arbor -> NCSA, University of Illinois, Champaign",2,"Merit Univ of Michigan, Ann Arbor","NCSA, University of Illinois, Champaign",5.8490396,5.849039597635736,1.0000000004042142
29,nsfnet,11,0.8,moving_average,random_failure_fixed,"NCSA, University of Illinois, Champaign -> Merit Univ of Michigan, Ann Arbor & Merit Univ of Michigan, Ann Arbor -> NCSA, University of Illinois, Champaign",3,"MIDnet, Lincoln, NE","Cornell Theory Center, Ithaca NY",5.6453819,5.645381929992494,0.9999999946872516
29,nsfnet,11,0.8,moving_average,random_failure_fixed,"NCSA, University of Illinois, Champaign -> Merit Univ of Michigan, Ann Arbor & Merit Univ of Michigan, Ann Arbor -> NCSA, University of Illinois, Champaign",4,"SURANET, Georgia Tech, Atlanta","Merit Univ of Michigan, Ann Arbor",5.586829,5.586828971932135,1.0000000050239348
29,nsfnet,11,0.8,moving_average,random_failure_fixed,"NCSA, University of Illinois, Champaign -> Merit Univ of Michigan, Ann Arbor & Merit Univ of Michigan, Ann Arbor -> NCSA, University of Illinois, Champaign",5,San Diego Supercomputer Center,"Merit Univ of Michigan, Ann Arbor",5.3666396,5.366639586272659,1.0000000025579026
29,nsfnet,11,0.8,linear_autoregressive,critical_failure_fixed,"NCSA, University of Illinois, Champaign -> Merit Univ of Michigan, Ann Arbor & Merit Univ of Michigan, Ann Arbor -> NCSA, University of Illinois, Champaign",1,"MIDnet, Lincoln, NE","Cornell Theory Center, Ithaca NY",5.1567307,5.15673074502079,0.9999999912695091
29,nsfnet,11,0.8,linear_autoregressive,critical_failure_fixed,"NCSA, University of Illinois, Champaign -> Merit Univ of Michigan, Ann Arbor & Merit Univ of Michigan, Ann Arbor -> NCSA, University of Illinois, Champaign",2,"Merit Univ of Michigan, Ann Arbor","NCSA, University of Illinois, Champaign",5.1308283,5.13082826760036,1.0000000063146999
29,nsfnet,11,0.8,linear_autoregressive,critical_failure_fixed,"NCSA, University of Illinois, Champaign -> Merit Univ of Michigan, Ann Arbor & Merit Univ of Michigan, Ann Arbor -> NCSA, University of Illinois, Champaign",3,Pittsburgh Supercomputer Center,"MIDnet, Lincoln, NE",5.1178637,5.11786365703689,1.0000000083947354
29,nsfnet,11,0.8,linear_autoregressive,critical_failure_fixed,"NCSA, University of Illinois, Champaign -> Merit Univ of Michigan, Ann Arbor & Merit Univ of Michigan, Ann Arbor -> NCSA, University of Illinois, Champaign",4,San Diego Supercomputer Center,"Merit Univ of Michigan, Ann Arbor",4.9508443,4.950844260907998,1.0000000078960274
29,nsfnet,11,0.8,linear_autoregressive,critical_failure_fixed,"NCSA, University of Illinois, Champaign -> Merit Univ of Michigan, Ann Arbor & Merit Univ of Michigan, Ann Arbor -> NCSA, University of Illinois, Champaign",5,"SURANET, Georgia Tech, Atlanta","Merit Univ of Michigan, Ann Arbor",4.9026376,4.902637578901095,1.0000000043035824
29,nsfnet,11,0.8,linear_autoregressive,random_failure_fixed,"NCSA, University of Illinois, Champaign -> Merit Univ of Michigan, Ann Arbor & Merit Univ of Michigan, Ann Arbor -> NCSA, University of Illinois, Champaign",1,"MIDnet, Lincoln, NE","Cornell Theory Center, Ithaca NY",5.1567307,5.15673074502079,0.9999999912695091
29,nsfnet,11,0.8,linear_autoregressive,random_failure_fixed,"NCSA, University of Illinois, Champaign -> Merit Univ of Michigan, Ann Arbor & Merit Univ of Michigan, Ann Arbor -> NCSA, University of Illinois, Champaign",2,"Merit Univ of Michigan, Ann Arbor","NCSA, University of Illinois, Champaign",5.1308283,5.13082826760036,1.0000000063146999
29,nsfnet,11,0.8,linear_autoregressive,random_failure_fixed,"NCSA, University of Illinois, Champaign -> Merit Univ of Michigan, Ann Arbor & Merit Univ of Michigan, Ann Arbor -> NCSA, University of Illinois, Champaign",3,Pittsburgh Supercomputer Center,"MIDnet, Lincoln, NE",5.1178637,5.11786365703689,1.0000000083947354
29,nsfnet,11,0.8,linear_autoregressive,random_failure_fixed,"NCSA, University of Illinois, Champaign -> Merit Univ of Michigan, Ann Arbor & Merit Univ of Michigan, Ann Arbor -> NCSA, University of Illinois, Champaign",4,San Diego Supercomputer Center,"Merit Univ of Michigan, Ann Arbor",4.9508443,4.950844260907998,1.0000000078960274
29,nsfnet,11,0.8,linear_autoregressive,random_failure_fixed,"NCSA, University of Illinois, Champaign -> Merit Univ of Michigan, Ann Arbor & Merit Univ of Michigan, Ann Arbor -> NCSA, University of Illinois, Champaign",5,"SURANET, Georgia Tech, Atlanta","Merit Univ of Michigan, Ann Arbor",4.9026376,4.902637578901095,1.0000000043035824
29,nsfnet,11,0.8,lstm,critical_failure_fixed,"NCSA, University of Illinois, Champaign -> Merit Univ of Michigan, Ann Arbor & Merit Univ of Michigan, Ann Arbor -> NCSA, University of Illinois, Champaign",1,"MIDnet, Lincoln, NE","Cornell Theory Center, Ithaca NY",4.3126502,4.312650203704834,0.9999999991409381
29,nsfnet,11,0.8,lstm,critical_failure_fixed,"NCSA, University of Illinois, Champaign -> Merit Univ of Michigan, Ann Arbor & Merit Univ of Michigan, Ann Arbor -> NCSA, University of Illinois, Champaign",2,"Merit Univ of Michigan, Ann Arbor","NCSA, University of Illinois, Champaign",4.3047462,4.304746150970459,1.0000000113896474
29,nsfnet,11,0.8,lstm,critical_failure_fixed,"NCSA, University of Illinois, Champaign -> Merit Univ of Michigan, Ann Arbor & Merit Univ of Michigan, Ann Arbor -> NCSA, University of Illinois, Champaign",3,Pittsburgh Supercomputer Center,"MIDnet, Lincoln, NE",4.2568717,4.256871700286865,0.9999999999326111
29,nsfnet,11,0.8,lstm,critical_failure_fixed,"NCSA, University of Illinois, Champaign -> Merit Univ of Michigan, Ann Arbor & Merit Univ of Michigan, Ann Arbor -> NCSA, University of Illinois, Champaign",4,"SURANET, Georgia Tech, Atlanta","Merit Univ of Michigan, Ann Arbor",4.0819569,4.08195686340332,1.0000000089654744
29,nsfnet,11,0.8,lstm,critical_failure_fixed,"NCSA, University of Illinois, Champaign -> Merit Univ of Michigan, Ann Arbor & Merit Univ of Michigan, Ann Arbor -> NCSA, University of Illinois, Champaign",5,San Diego Supercomputer Center,"Merit Univ of Michigan, Ann Arbor",3.9990675,3.999067544937134,0.9999999887630971
29,nsfnet,11,0.8,lstm,random_failure_fixed,"NCSA, University of Illinois, Champaign -> Merit Univ of Michigan, Ann Arbor & Merit Univ of Michigan, Ann Arbor -> NCSA, University of Illinois, Champaign",1,"MIDnet, Lincoln, NE","Cornell Theory Center, Ithaca NY",4.3126502,4.312650203704834,0.9999999991409381
29,nsfnet,11,0.8,lstm,random_failure_fixed,"NCSA, University of Illinois, Champaign -> Merit Univ of Michigan, Ann Arbor & Merit Univ of Michigan, Ann Arbor -> NCSA, University of Illinois, Champaign",2,"Merit Univ of Michigan, Ann Arbor","NCSA, University of Illinois, Champaign",4.3047462,4.304746150970459,1.0000000113896474
29,nsfnet,11,0.8,lstm,random_failure_fixed,"NCSA, University of Illinois, Champaign -> Merit Univ of Michigan, Ann Arbor & Merit Univ of Michigan, Ann Arbor -> NCSA, University of Illinois, Champaign",3,Pittsburgh Supercomputer Center,"MIDnet, Lincoln, NE",4.2568717,4.256871700286865,0.9999999999326111
29,nsfnet,11,0.8,lstm,random_failure_fixed,"NCSA, University of Illinois, Champaign -> Merit Univ of Michigan, Ann Arbor & Merit Univ of Michigan, Ann Arbor -> NCSA, University of Illinois, Champaign",4,"SURANET, Georgia Tech, Atlanta","Merit Univ of Michigan, Ann Arbor",4.0819569,4.08195686340332,1.0000000089654744
29,nsfnet,11,0.8,lstm,random_failure_fixed,"NCSA, University of Illinois, Champaign -> Merit Univ of Michigan, Ann Arbor & Merit Univ of Michigan, Ann Arbor -> NCSA, University of Illinois, Champaign",5,San Diego Supercomputer Center,"Merit Univ of Michigan, Ann Arbor",3.9990675,3.999067544937134,0.9999999887630971
29,nsfnet,11,0.8,uncertainty_aware_lstm_robust_lp,critical_failure_fixed,"NCSA, University of Illinois, Champaign -> Merit Univ of Michigan, Ann Arbor & Merit Univ of Michigan, Ann Arbor -> NCSA, University of Illinois, Champaign",1,"Westnet, Salt Lake City","Cornell Theory Center, Ithaca NY",4.6718936,4.67189359664917,1.0000000007172316
29,nsfnet,11,0.8,uncertainty_aware_lstm_robust_lp,critical_failure_fixed,"NCSA, University of Illinois, Champaign -> Merit Univ of Michigan, Ann Arbor & Merit Univ of Michigan, Ann Arbor -> NCSA, University of Illinois, Champaign",2,"Merit Univ of Michigan, Ann Arbor","NCSA, University of Illinois, Champaign",4.5193624,4.519362449645996,0.9999999890148231
29,nsfnet,11,0.8,uncertainty_aware_lstm_robust_lp,critical_failure_fixed,"NCSA, University of Illinois, Champaign -> Merit Univ of Michigan, Ann Arbor & Merit Univ of Michigan, Ann Arbor -> NCSA, University of Illinois, Champaign",3,"MIDnet, Lincoln, NE","Cornell Theory Center, Ithaca NY",4.5185852,4.518585205078125,0.9999999988761693
29,nsfnet,11,0.8,uncertainty_aware_lstm_robust_lp,critical_failure_fixed,"NCSA, University of Illinois, Champaign -> Merit Univ of Michigan, Ann Arbor & Merit Univ of Michigan, Ann Arbor -> NCSA, University of Illinois, Champaign",4,Pittsburgh Supercomputer Center,"MIDnet, Lincoln, NE",4.4433961,4.443396091461182,1.0000000019216875
29,nsfnet,11,0.8,uncertainty_aware_lstm_robust_lp,critical_failure_fixed,"NCSA, University of Illinois, Champaign -> Merit Univ of Michigan, Ann Arbor & Merit Univ of Michigan, Ann Arbor -> NCSA, University of Illinois, Champaign",5,"Cornell Theory Center, Ithaca NY","NCAR, Boulder",4.0155287,4.015528678894043,1.0000000052560842
29,nsfnet,11,0.8,uncertainty_aware_lstm_robust_lp,random_failure_fixed,"NCSA, University of Illinois, Champaign -> Merit Univ of Michigan, Ann Arbor & Merit Univ of Michigan, Ann Arbor -> NCSA, University of Illinois, Champaign",1,"Westnet, Salt Lake City","Cornell Theory Center, Ithaca NY",4.6718936,4.67189359664917,1.0000000007172316
29,nsfnet,11,0.8,uncertainty_aware_lstm_robust_lp,random_failure_fixed,"NCSA, University of Illinois, Champaign -> Merit Univ of Michigan, Ann Arbor & Merit Univ of Michigan, Ann Arbor -> NCSA, University of Illinois, Champaign",2,"Merit Univ of Michigan, Ann Arbor","NCSA, University of Illinois, Champaign",4.5193624,4.519362449645996,0.9999999890148231
29,nsfnet,11,0.8,uncertainty_aware_lstm_robust_lp,random_failure_fixed,"NCSA, University of Illinois, Champaign -> Merit Univ of Michigan, Ann Arbor & Merit Univ of Michigan, Ann Arbor -> NCSA, University of Illinois, Champaign",3,"MIDnet, Lincoln, NE","Cornell Theory Center, Ithaca NY",4.5185852,4.518585205078125,0.9999999988761693
29,nsfnet,11,0.8,uncertainty_aware_lstm_robust_lp,random_failure_fixed,"NCSA, University of Illinois, Champaign -> Merit Univ of Michigan, Ann Arbor & Merit Univ of Michigan, Ann Arbor -> NCSA, University of Illinois, Champaign",4,Pittsburgh Supercomputer Center,"MIDnet, Lincoln, NE",4.4433961,4.443396091461182,1.0000000019216875
29,nsfnet,11,0.8,uncertainty_aware_lstm_robust_lp,random_failure_fixed,"NCSA, University of Illinois, Champaign -> Merit Univ of Michigan, Ann Arbor & Merit Univ of Michigan, Ann Arbor -> NCSA, University of Illinois, Champaign",5,"Cornell Theory Center, Ithaca NY","NCAR, Boulder",4.0155287,4.015528678894043,1.0000000052560842
30,nsfnet,11,0.8,current_demand_lp,critical_failure_fixed,"NCSA, University of Illinois, Champaign -> Merit Univ of Michigan, Ann Arbor & Merit Univ of Michigan, Ann Arbor -> NCSA, University of Illinois, Champaign",1,Pittsburgh Supercomputer Center,"MIDnet, Lincoln, NE",4.7659763,4.765976312650785,0.9999999973456049
30,nsfnet,11,0.8,current_demand_lp,critical_failure_fixed,"NCSA, University of Illinois, Champaign -> Merit Univ of Michigan, Ann Arbor & Merit Univ of Michigan, Ann Arbor -> NCSA, University of Illinois, Champaign",2,"MIDnet, Lincoln, NE","Cornell Theory Center, Ithaca NY",4.5756505,4.575650453586827,1.0000000101435136
30,nsfnet,11,0.8,current_demand_lp,critical_failure_fixed,"NCSA, University of Illinois, Champaign -> Merit Univ of Michigan, Ann Arbor & Merit Univ of Michigan, Ann Arbor -> NCSA, University of Illinois, Champaign",3,"Merit Univ of Michigan, Ann Arbor","NCSA, University of Illinois, Champaign",4.5120697,4.512069661585017,1.0000000085138274
30,nsfnet,11,0.8,current_demand_lp,critical_failure_fixed,"NCSA, University of Illinois, Champaign -> Merit Univ of Michigan, Ann Arbor & Merit Univ of Michigan, Ann Arbor -> NCSA, University of Illinois, Champaign",4,"SURANET, Georgia Tech, Atlanta","Merit Univ of Michigan, Ann Arbor",4.4050602,4.405060209942845,0.9999999977428584
30,nsfnet,11,0.8,current_demand_lp,critical_failure_fixed,"NCSA, University of Illinois, Champaign -> Merit Univ of Michigan, Ann Arbor & Merit Univ of Michigan, Ann Arbor -> NCSA, University of Illinois, Champaign",5,San Diego Supercomputer Center,"Merit Univ of Michigan, Ann Arbor",4.197165,4.197165010390566,0.9999999975243847
30,nsfnet,11,0.8,current_demand_lp,random_failure_fixed,"SEQSUINET, Rice University, Houston -> NCSA, University of Illinois, Champaign & NCSA, University of Illinois, Champaign -> SEQSUINET, Rice University, Houston",1,"SURANET, Georgia Tech, Atlanta","Merit Univ of Michigan, Ann Arbor",4.4050602,4.405060209942845,0.9999999977428584
30,nsfnet,11,0.8,current_demand_lp,random_failure_fixed,"SEQSUINET, Rice University, Houston -> NCSA, University of Illinois, Champaign & NCSA, University of Illinois, Champaign -> SEQSUINET, Rice University, Houston",2,"NCSA, University of Illinois, Champaign","SURANET, Georgia Tech, Atlanta",4.3510126,4.351012587063854,1.0000000029731344
30,nsfnet,11,0.8,current_demand_lp,random_failure_fixed,"SEQSUINET, Rice University, Houston -> NCSA, University of Illinois, Champaign & NCSA, University of Illinois, Champaign -> SEQSUINET, Rice University, Houston",3,San Diego Supercomputer Center,"NCSA, University of Illinois, Champaign",4.2196181,4.219618059187681,1.000000009672041
30,nsfnet,11,0.8,current_demand_lp,random_failure_fixed,"SEQSUINET, Rice University, Houston -> NCSA, University of Illinois, Champaign & NCSA, University of Illinois, Champaign -> SEQSUINET, Rice University, Houston",4,"SEQSUINET, Rice University, Houston","Westnet, Salt Lake City",4.2114955,4.2114955052380285,0.9999999987562544
30,nsfnet,11,0.8,current_demand_lp,random_failure_fixed,"SEQSUINET, Rice University, Houston -> NCSA, University of Illinois, Champaign & NCSA, University of Illinois, Champaign -> SEQSUINET, Rice University, Houston",5,San Diego Supercomputer Center,"Merit Univ of Michigan, Ann Arbor",4.197165,4.197165010390566,0.9999999975243847
30,nsfnet,11,0.8,robust_current_demand_lp,critical_failure_fixed,"NCSA, University of Illinois, Champaign -> Merit Univ of Michigan, Ann Arbor & Merit Univ of Michigan, Ann Arbor -> NCSA, University of Illinois, Champaign",1,Pittsburgh Supercomputer Center,"MIDnet, Lincoln, NE",4.7659763,4.765976312650785,0.9999999973456049
30,nsfnet,11,0.8,robust_current_demand_lp,critical_failure_fixed,"NCSA, University of Illinois, Champaign -> Merit Univ of Michigan, Ann Arbor & Merit Univ of Michigan, Ann Arbor -> NCSA, University of Illinois, Champaign",2,"MIDnet, Lincoln, NE","Cornell Theory Center, Ithaca NY",4.5756505,4.575650453586827,1.0000000101435136
30,nsfnet,11,0.8,robust_current_demand_lp,critical_failure_fixed,"NCSA, University of Illinois, Champaign -> Merit Univ of Michigan, Ann Arbor & Merit Univ of Michigan, Ann Arbor -> NCSA, University of Illinois, Champaign",3,"Merit Univ of Michigan, Ann Arbor","NCSA, University of Illinois, Champaign",4.5120697,4.512069661585017,1.0000000085138274
30,nsfnet,11,0.8,robust_current_demand_lp,critical_failure_fixed,"NCSA, University of Illinois, Champaign -> Merit Univ of Michigan, Ann Arbor & Merit Univ of Michigan, Ann Arbor -> NCSA, University of Illinois, Champaign",4,"Westnet, Salt Lake City","Cornell Theory Center, Ithaca NY",4.2506233,4.250623251745328,1.0000000113523757
30,nsfnet,11,0.8,robust_current_demand_lp,critical_failure_fixed,"NCSA, University of Illinois, Champaign -> Merit Univ of Michigan, Ann Arbor & Merit Univ of Michigan, Ann Arbor -> NCSA, University of Illinois, Champaign",5,"NCSA, University of Illinois, Champaign","Merit Univ of Michigan, Ann Arbor",3.8953729,3.895372855033181,1.0000000115436494
30,nsfnet,11,0.8,robust_current_demand_lp,random_failure_fixed,"SEQSUINET, Rice University, Houston -> NCSA, University of Illinois, Champaign & NCSA, University of Illinois, Champaign -> SEQSUINET, Rice University, Houston",1,"NCSA, University of Illinois, Champaign","SURANET, Georgia Tech, Atlanta",4.3510126,4.351012587063854,1.0000000029731344
30,nsfnet,11,0.8,robust_current_demand_lp,random_failure_fixed,"SEQSUINET, Rice University, Houston -> NCSA, University of Illinois, Champaign & NCSA, University of Illinois, Champaign -> SEQSUINET, Rice University, Houston",2,San Diego Supercomputer Center,"NCSA, University of Illinois, Champaign",4.2196181,4.219618059187681,1.000000009672041
30,nsfnet,11,0.8,robust_current_demand_lp,random_failure_fixed,"SEQSUINET, Rice University, Houston -> NCSA, University of Illinois, Champaign & NCSA, University of Illinois, Champaign -> SEQSUINET, Rice University, Houston",3,"SEQSUINET, Rice University, Houston","Westnet, Salt Lake City",4.2114955,4.2114955052380285,0.9999999987562544
30,nsfnet,11,0.8,robust_current_demand_lp,random_failure_fixed,"SEQSUINET, Rice University, Houston -> NCSA, University of Illinois, Champaign & NCSA, University of Illinois, Champaign -> SEQSUINET, Rice University, Houston",4,"SURANET, Georgia Tech, Atlanta","MIDnet, Lincoln, NE",4.1693959,4.169395896225523,1.0000000009052814
30,nsfnet,11,0.8,robust_current_demand_lp,random_failure_fixed,"SEQSUINET, Rice University, Houston -> NCSA, University of Illinois, Champaign & NCSA, University of Illinois, Champaign -> SEQSUINET, Rice University, Houston",5,"MIDnet, Lincoln, NE","SEQSUINET, Rice University, Houston",3.8586661,3.858666147335681,0.9999999877326312
30,nsfnet,11,0.8,moving_average,critical_failure_fixed,"NCSA, University of Illinois, Champaign -> Merit Univ of Michigan, Ann Arbor & Merit Univ of Michigan, Ann Arbor -> NCSA, University of Illinois, Champaign",1,Pittsburgh Supercomputer Center,"MIDnet, Lincoln, NE",5.5126758,5.512675776001412,1.0000000043533466
30,nsfnet,11,0.8,moving_average,critical_failure_fixed,"NCSA, University of Illinois, Champaign -> Merit Univ of Michigan, Ann Arbor & Merit Univ of Michigan, Ann Arbor -> NCSA, University of Illinois, Champaign",2,"Merit Univ of Michigan, Ann Arbor","NCSA, University of Illinois, Champaign",5.4620339,5.462033871385208,1.000000005238853
30,nsfnet,11,0.8,moving_average,critical_failure_fixed,"NCSA, University of Illinois, Champaign -> Merit Univ of Michigan, Ann Arbor & Merit Univ of Michigan, Ann Arbor -> NCSA, University of Illinois, Champaign",3,"MIDnet, Lincoln, NE","Cornell Theory Center, Ithaca NY",5.3307507,5.330750702262084,0.9999999995756538
30,nsfnet,11,0.8,moving_average,critical_failure_fixed,"NCSA, University of Illinois, Champaign -> Merit Univ of Michigan, Ann Arbor & Merit Univ of Michigan, Ann Arbor -> NCSA, University of Illinois, Champaign",4,"SURANET, Georgia Tech, Atlanta","Merit Univ of Michigan, Ann Arbor",5.2368713,5.236871336664626,0.9999999929987538
30,nsfnet,11,0.8,moving_average,critical_failure_fixed,"NCSA, University of Illinois, Champaign -> Merit Univ of Michigan, Ann Arbor & Merit Univ of Michigan, Ann Arbor -> NCSA, University of Illinois, Champaign",5,San Diego Supercomputer Center,"Merit Univ of Michigan, Ann Arbor",5.009527,5.009526990887449,1.0000000018190442
30,nsfnet,11,0.8,moving_average,random_failure_fixed,"SEQSUINET, Rice University, Houston -> NCSA, University of Illinois, Champaign & NCSA, University of Illinois, Champaign -> SEQSUINET, Rice University, Houston",1,"NCSA, University of Illinois, Champaign","SURANET, Georgia Tech, Atlanta",5.2944999,5.294499888756082,1.0000000021236979
30,nsfnet,11,0.8,moving_average,random_failure_fixed,"SEQSUINET, Rice University, Houston -> NCSA, University of Illinois, Champaign & NCSA, University of Illinois, Champaign -> SEQSUINET, Rice University, Houston",2,"SEQSUINET, Rice University, Houston","Westnet, Salt Lake City",5.2528873,5.252887343262158,0.9999999917641186
30,nsfnet,11,0.8,moving_average,random_failure_fixed,"SEQSUINET, Rice University, Houston -> NCSA, University of Illinois, Champaign & NCSA, University of Illinois, Champaign -> SEQSUINET, Rice University, Houston",3,"SURANET, Georgia Tech, Atlanta","Merit Univ of Michigan, Ann Arbor",5.2368713,5.236871336664626,0.9999999929987538
30,nsfnet,11,0.8,moving_average,random_failure_fixed,"SEQSUINET, Rice University, Houston -> NCSA, University of Illinois, Champaign & NCSA, University of Illinois, Champaign -> SEQSUINET, Rice University, Houston",4,"MIDnet, Lincoln, NE","SEQSUINET, Rice University, Houston",5.0940718,5.09407176857597,1.000000006168745
30,nsfnet,11,0.8,moving_average,random_failure_fixed,"SEQSUINET, Rice University, Houston -> NCSA, University of Illinois, Champaign & NCSA, University of Illinois, Champaign -> SEQSUINET, Rice University, Houston",5,San Diego Supercomputer Center,"Merit Univ of Michigan, Ann Arbor",5.009527,5.009526990887449,1.0000000018190442
30,nsfnet,11,0.8,linear_autoregressive,critical_failure_fixed,"NCSA, University of Illinois, Champaign -> Merit Univ of Michigan, Ann Arbor & Merit Univ of Michigan, Ann Arbor -> NCSA, University of Illinois, Champaign",1,"Merit Univ of Michigan, Ann Arbor","NCSA, University of Illinois, Champaign",4.2809896,4.280989611482749,0.9999999973177349
30,nsfnet,11,0.8,linear_autoregressive,critical_failure_fixed,"NCSA, University of Illinois, Champaign -> Merit Univ of Michigan, Ann Arbor & Merit Univ of Michigan, Ann Arbor -> NCSA, University of Illinois, Champaign",2,Pittsburgh Supercomputer Center,"MIDnet, Lincoln, NE",4.2742739,4.274273878181762,1.0000000051045483
30,nsfnet,11,0.8,linear_autoregressive,critical_failure_fixed,"NCSA, University of Illinois, Champaign -> Merit Univ of Michigan, Ann Arbor & Merit Univ of Michigan, Ann Arbor -> NCSA, University of Illinois, Champaign",3,"MIDnet, Lincoln, NE","Cornell Theory Center, Ithaca NY",4.1838952,4.183895228336224,0.9999999932273104
30,nsfnet,11,0.8,linear_autoregressive,critical_failure_fixed,"NCSA, University of Illinois, Champaign -> Merit Univ of Michigan, Ann Arbor & Merit Univ of Michigan, Ann Arbor -> NCSA, University of Illinois, Champaign",4,San Diego Supercomputer Center,"Merit Univ of Michigan, Ann Arbor",4.1108874,4.110887394234186,1.0000000014025718
30,nsfnet,11,0.8,linear_autoregressive,critical_failure_fixed,"NCSA, University of Illinois, Champaign -> Merit Univ of Michigan, Ann Arbor & Merit Univ of Michigan, Ann Arbor -> NCSA, University of Illinois, Champaign",5,"SURANET, Georgia Tech, Atlanta","Merit Univ of Michigan, Ann Arbor",3.9634255,3.9634254650976355,1.000000008806111
30,nsfnet,11,0.8,linear_autoregressive,random_failure_fixed,"SEQSUINET, Rice University, Houston -> NCSA, University of Illinois, Champaign & NCSA, University of Illinois, Champaign -> SEQSUINET, Rice University, Houston",1,"SEQSUINET, Rice University, Houston","Westnet, Salt Lake City",4.2084078,4.208407848400572,0.9999999884990776
30,nsfnet,11,0.8,linear_autoregressive,random_failure_fixed,"SEQSUINET, Rice University, Houston -> NCSA, University of Illinois, Champaign & NCSA, University of Illinois, Champaign -> SEQSUINET, Rice University, Houston",2,San Diego Supercomputer Center,"Merit Univ of Michigan, Ann Arbor",4.1108874,4.110887394234186,1.0000000014025718
30,nsfnet,11,0.8,linear_autoregressive,random_failure_fixed,"SEQSUINET, Rice University, Houston -> NCSA, University of Illinois, Champaign & NCSA, University of Illinois, Champaign -> SEQSUINET, Rice University, Houston",3,"MIDnet, Lincoln, NE","SEQSUINET, Rice University, Houston",4.0853229,4.085322894416952,1.0000000013666113
30,nsfnet,11,0.8,linear_autoregressive,random_failure_fixed,"SEQSUINET, Rice University, Houston -> NCSA, University of Illinois, Champaign & NCSA, University of Illinois, Champaign -> SEQSUINET, Rice University, Houston",4,"SURANET, Georgia Tech, Atlanta","Merit Univ of Michigan, Ann Arbor",3.9634255,3.9634254650976355,1.000000008806111
30,nsfnet,11,0.8,linear_autoregressive,random_failure_fixed,"SEQSUINET, Rice University, Houston -> NCSA, University of Illinois, Champaign & NCSA, University of Illinois, Champaign -> SEQSUINET, Rice University, Houston",5,San Diego Supercomputer Center,"NCSA, University of Illinois, Champaign",3.8067362,3.806736232592978,0.9999999914380782
30,nsfnet,11,0.8,lstm,critical_failure_fixed,"NCSA, University of Illinois, Champaign -> Merit Univ of Michigan, Ann Arbor & Merit Univ of Michigan, Ann Arbor -> NCSA, University of Illinois, Champaign",1,"MIDnet, Lincoln, NE","Cornell Theory Center, Ithaca NY",4.3126502,4.312650203704834,0.9999999991409381
30,nsfnet,11,0.8,lstm,critical_failure_fixed,"NCSA, University of Illinois, Champaign -> Merit Univ of Michigan, Ann Arbor & Merit Univ of Michigan, Ann Arbor -> NCSA, University of Illinois, Champaign",2,"Merit Univ of Michigan, Ann Arbor","NCSA, University of Illinois, Champaign",4.3047462,4.304746150970459,1.0000000113896474
30,nsfnet,11,0.8,lstm,critical_failure_fixed,"NCSA, University of Illinois, Champaign -> Merit Univ of Michigan, Ann Arbor & Merit Univ of Michigan, Ann Arbor -> NCSA, University of Illinois, Champaign",3,Pittsburgh Supercomputer Center,"MIDnet, Lincoln, NE",4.2568717,4.256871700286865,0.9999999999326111
30,nsfnet,11,0.8,lstm,critical_failure_fixed,"NCSA, University of Illinois, Champaign -> Merit Univ of Michigan, Ann Arbor & Merit Univ of Michigan, Ann Arbor -> NCSA, University of Illinois, Champaign",4,"SURANET, Georgia Tech, Atlanta","Merit Univ of Michigan, Ann Arbor",4.0819569,4.08195686340332,1.0000000089654744
30,nsfnet,11,0.8,lstm,critical_failure_fixed,"NCSA, University of Illinois, Champaign -> Merit Univ of Michigan, Ann Arbor & Merit Univ of Michigan, Ann Arbor -> NCSA, University of Illinois, Champaign",5,San Diego Supercomputer Center,"Merit Univ of Michigan, Ann Arbor",3.9990675,3.999067544937134,0.9999999887630971
30,nsfnet,11,0.8,lstm,random_failure_fixed,"SEQSUINET, Rice University, Houston -> NCSA, University of Illinois, Champaign & NCSA, University of Illinois, Champaign -> SEQSUINET, Rice University, Houston",1,"MIDnet, Lincoln, NE","SEQSUINET, Rice University, Houston",4.1346197,4.13461971282959,0.9999999968970327
30,nsfnet,11,0.8,lstm,random_failure_fixed,"SEQSUINET, Rice University, Houston -> NCSA, University of Illinois, Champaign & NCSA, University of Illinois, Champaign -> SEQSUINET, Rice University, Houston",2,"SURANET, Georgia Tech, Atlanta","Merit Univ of Michigan, Ann Arbor",4.0819569,4.08195686340332,1.0000000089654744
30,nsfnet,11,0.8,lstm,random_failure_fixed,"SEQSUINET, Rice University, Houston -> NCSA, University of Illinois, Champaign & NCSA, University of Illinois, Champaign -> SEQSUINET, Rice University, Houston",3,"SEQSUINET, Rice University, Houston","Westnet, Salt Lake City",4.0434332,4.04343318939209,1.000000002623491
30,nsfnet,11,0.8,lstm,random_failure_fixed,"SEQSUINET, Rice University, Houston -> NCSA, University of Illinois, Champaign & NCSA, University of Illinois, Champaign -> SEQSUINET, Rice University, Houston",4,San Diego Supercomputer Center,"Merit Univ of Michigan, Ann Arbor",3.9990675,3.999067544937134,0.9999999887630971
30,nsfnet,11,0.8,lstm,random_failure_fixed,"SEQSUINET, Rice University, Houston -> NCSA, University of Illinois, Champaign & NCSA, University of Illinois, Champaign -> SEQSUINET, Rice University, Houston",5,San Diego Supercomputer Center,"NCSA, University of Illinois, Champaign",3.8775704,3.877570390701294,1.0000000023980755
30,nsfnet,11,0.8,uncertainty_aware_lstm_robust_lp,critical_failure_fixed,"NCSA, University of Illinois, Champaign -> Merit Univ of Michigan, Ann Arbor & Merit Univ of Michigan, Ann Arbor -> NCSA, University of Illinois, Champaign",1,"Westnet, Salt Lake City","Cornell Theory Center, Ithaca NY",4.6718936,4.67189359664917,1.0000000007172316
30,nsfnet,11,0.8,uncertainty_aware_lstm_robust_lp,critical_failure_fixed,"NCSA, University of Illinois, Champaign -> Merit Univ of Michigan, Ann Arbor & Merit Univ of Michigan, Ann Arbor -> NCSA, University of Illinois, Champaign",2,"Merit Univ of Michigan, Ann Arbor","NCSA, University of Illinois, Champaign",4.5193624,4.519362449645996,0.9999999890148231
30,nsfnet,11,0.8,uncertainty_aware_lstm_robust_lp,critical_failure_fixed,"NCSA, University of Illinois, Champaign -> Merit Univ of Michigan, Ann Arbor & Merit Univ of Michigan, Ann Arbor -> NCSA, University of Illinois, Champaign",3,"MIDnet, Lincoln, NE","Cornell Theory Center, Ithaca NY",4.5185852,4.518585205078125,0.9999999988761693
30,nsfnet,11,0.8,uncertainty_aware_lstm_robust_lp,critical_failure_fixed,"NCSA, University of Illinois, Champaign -> Merit Univ of Michigan, Ann Arbor & Merit Univ of Michigan, Ann Arbor -> NCSA, University of Illinois, Champaign",4,Pittsburgh Supercomputer Center,"MIDnet, Lincoln, NE",4.4433961,4.443396091461182,1.0000000019216875
30,nsfnet,11,0.8,uncertainty_aware_lstm_robust_lp,critical_failure_fixed,"NCSA, University of Illinois, Champaign -> Merit Univ of Michigan, Ann Arbor & Merit Univ of Michigan, Ann Arbor -> NCSA, University of Illinois, Champaign",5,"Cornell Theory Center, Ithaca NY","NCAR, Boulder",4.0155287,4.015528678894043,1.0000000052560842
30,nsfnet,11,0.8,uncertainty_aware_lstm_robust_lp,random_failure_fixed,"SEQSUINET, Rice University, Houston -> NCSA, University of Illinois, Champaign & NCSA, University of Illinois, Champaign -> SEQSUINET, Rice University, Houston",1,"MIDnet, Lincoln, NE","SEQSUINET, Rice University, Houston",4.3445168,4.344516754150391,1.0000000105534428
30,nsfnet,11,0.8,uncertainty_aware_lstm_robust_lp,random_failure_fixed,"SEQSUINET, Rice University, Houston -> NCSA, University of Illinois, Champaign & NCSA, University of Illinois, Champaign -> SEQSUINET, Rice University, Houston",2,"SEQSUINET, Rice University, Houston","Westnet, Salt Lake City",4.2287307,4.22873067855835,1.0000000050704696
30,nsfnet,11,0.8,uncertainty_aware_lstm_robust_lp,random_failure_fixed,"SEQSUINET, Rice University, Houston -> NCSA, University of Illinois, Champaign & NCSA, University of Illinois, Champaign -> SEQSUINET, Rice University, Houston",3,"NCSA, University of Illinois, Champaign","SEQSUINET, Rice University, Houston",4.0506401,4.050640106201172,0.9999999984690884
30,nsfnet,11,0.8,uncertainty_aware_lstm_robust_lp,random_failure_fixed,"SEQSUINET, Rice University, Houston -> NCSA, University of Illinois, Champaign & NCSA, University of Illinois, Champaign -> SEQSUINET, Rice University, Houston",4,San Diego Supercomputer Center,"NCSA, University of Illinois, Champaign",4.0260859,4.02608585357666,1.0000000115306382
30,nsfnet,11,0.8,uncertainty_aware_lstm_robust_lp,random_failure_fixed,"SEQSUINET, Rice University, Houston -> NCSA, University of Illinois, Champaign & NCSA, University of Illinois, Champaign -> SEQSUINET, Rice University, Houston",5,"Westnet, Salt Lake City","SEQSUINET, Rice University, Houston",3.9800613,3.9800612926483154,1.0000000018471285
31,nsfnet,11,0.8,current_demand_lp,critical_failure_fixed,"NCSA, University of Illinois, Champaign -> Merit Univ of Michigan, Ann Arbor & Merit Univ of Michigan, Ann Arbor -> NCSA, University of Illinois, Champaign",1,"Merit Univ of Michigan, Ann Arbor","NCSA, University of Illinois, Champaign",3.8166025,3.816602470558215,1.0000000077141347
31,nsfnet,11,0.8,current_demand_lp,critical_failure_fixed,"NCSA, University of Illinois, Champaign -> Merit Univ of Michigan, Ann Arbor & Merit Univ of Michigan, Ann Arbor -> NCSA, University of Illinois, Champaign",2,"SURANET, Georgia Tech, Atlanta","Merit Univ of Michigan, Ann Arbor",3.7399904,3.7399903505395837,1.0000000132247444
31,nsfnet,11,0.8,current_demand_lp,critical_failure_fixed,"NCSA, University of Illinois, Champaign -> Merit Univ of Michigan, Ann Arbor & Merit Univ of Michigan, Ann Arbor -> NCSA, University of Illinois, Champaign",3,San Diego Supercomputer Center,"Merit Univ of Michigan, Ann Arbor",3.6675659,3.66756587042518,1.0000000080638825
31,nsfnet,11,0.8,current_demand_lp,critical_failure_fixed,"NCSA, University of Illinois, Champaign -> Merit Univ of Michigan, Ann Arbor & Merit Univ of Michigan, Ann Arbor -> NCSA, University of Illinois, Champaign",4,"Merit Univ of Michigan, Ann Arbor","Westnet, Salt Lake City",3.633606,3.633606006417482,0.9999999982338531
31,nsfnet,11,0.8,current_demand_lp,critical_failure_fixed,"NCSA, University of Illinois, Champaign -> Merit Univ of Michigan, Ann Arbor & Merit Univ of Michigan, Ann Arbor -> NCSA, University of Illinois, Champaign",5,"NCSA, University of Illinois, Champaign",Pittsburgh Supercomputer Center,3.5072111,3.50721109532641,1.0000000013325658
31,nsfnet,11,0.8,current_demand_lp,random_failure_fixed,"NorthWestNet, Seattle -> BARRnet, Palo Alto & BARRnet, Palo Alto -> NorthWestNet, Seattle",1,"Westnet, Salt Lake City","Cornell Theory Center, Ithaca NY",3.841473,3.8414730180033936,0.9999999953134141
31,nsfnet,11,0.8,current_demand_lp,random_failure_fixed,"NorthWestNet, Seattle -> BARRnet, Palo Alto & BARRnet, Palo Alto -> NorthWestNet, Seattle",2,"SEQSUINET, Rice University, Houston","NorthWestNet, Seattle",3.8273974,3.8273974492062175,0.9999999871436875
31,nsfnet,11,0.8,current_demand_lp,random_failure_fixed,"NorthWestNet, Seattle -> BARRnet, Palo Alto & BARRnet, Palo Alto -> NorthWestNet, Seattle",3,"BARRnet, Palo Alto","Westnet, Salt Lake City",3.79618,3.796179976414184,1.0000000062130394
31,nsfnet,11,0.8,current_demand_lp,random_failure_fixed,"NorthWestNet, Seattle -> BARRnet, Palo Alto & BARRnet, Palo Alto -> NorthWestNet, Seattle",4,"NorthWestNet, Seattle",Pittsburgh Supercomputer Center,3.3444772,3.344477239661749,0.9999999881411216
31,nsfnet,11,0.8,current_demand_lp,random_failure_fixed,"NorthWestNet, Seattle -> BARRnet, Palo Alto & BARRnet, Palo Alto -> NorthWestNet, Seattle",5,Pittsburgh Supercomputer Center,"NorthWestNet, Seattle",3.3422694,3.342269436254634,0.9999999891526896
31,nsfnet,11,0.8,robust_current_demand_lp,critical_failure_fixed,"NCSA, University of Illinois, Champaign -> Merit Univ of Michigan, Ann Arbor & Merit Univ of Michigan, Ann Arbor -> NCSA, University of Illinois, Champaign",1,"Westnet, Salt Lake City","Cornell Theory Center, Ithaca NY",3.841473,3.8414730180033936,0.9999999953134141
31,nsfnet,11,0.8,robust_current_demand_lp,critical_failure_fixed,"NCSA, University of Illinois, Champaign -> Merit Univ of Michigan, Ann Arbor & Merit Univ of Michigan, Ann Arbor -> NCSA, University of Illinois, Champaign",2,"Merit Univ of Michigan, Ann Arbor","NCSA, University of Illinois, Champaign",3.8166025,3.816602470558215,1.0000000077141347
31,nsfnet,11,0.8,robust_current_demand_lp,critical_failure_fixed,"NCSA, University of Illinois, Champaign -> Merit Univ of Michigan, Ann Arbor & Merit Univ of Michigan, Ann Arbor -> NCSA, University of Illinois, Champaign",3,"Merit Univ of Michigan, Ann Arbor","Westnet, Salt Lake City",3.633606,3.633606006417482,0.9999999982338531
31,nsfnet,11,0.8,robust_current_demand_lp,critical_failure_fixed,"NCSA, University of Illinois, Champaign -> Merit Univ of Michigan, Ann Arbor & Merit Univ of Michigan, Ann Arbor -> NCSA, University of Illinois, Champaign",4,"NCSA, University of Illinois, Champaign",Pittsburgh Supercomputer Center,3.5072111,3.50721109532641,1.0000000013325658
31,nsfnet,11,0.8,robust_current_demand_lp,critical_failure_fixed,"NCSA, University of Illinois, Champaign -> Merit Univ of Michigan, Ann Arbor & Merit Univ of Michigan, Ann Arbor -> NCSA, University of Illinois, Champaign",5,Pittsburgh Supercomputer Center,"MIDnet, Lincoln, NE",3.5039081,3.5039080898311292,1.0000000029021512
31,nsfnet,11,0.8,robust_current_demand_lp,random_failure_fixed,"NorthWestNet, Seattle -> BARRnet, Palo Alto & BARRnet, Palo Alto -> NorthWestNet, Seattle",1,"SEQSUINET, Rice University, Houston","NorthWestNet, Seattle",3.8273974,3.8273974492062175,0.9999999871436875
31,nsfnet,11,0.8,robust_current_demand_lp,random_failure_fixed,"NorthWestNet, Seattle -> BARRnet, Palo Alto & BARRnet, Palo Alto -> NorthWestNet, Seattle",2,"BARRnet, Palo Alto","Westnet, Salt Lake City",3.79618,3.796179976414184,1.0000000062130394
31,nsfnet,11,0.8,robust_current_demand_lp,random_failure_fixed,"NorthWestNet, Seattle -> BARRnet, Palo Alto & BARRnet, Palo Alto -> NorthWestNet, Seattle",3,"NorthWestNet, Seattle",Pittsburgh Supercomputer Center,3.3444772,3.344477239661749,0.9999999881411216
31,nsfnet,11,0.8,robust_current_demand_lp,random_failure_fixed,"NorthWestNet, Seattle -> BARRnet, Palo Alto & BARRnet, Palo Alto -> NorthWestNet, Seattle",4,Pittsburgh Supercomputer Center,"NorthWestNet, Seattle",3.3422694,3.342269436254634,0.9999999891526896
31,nsfnet,11,0.8,robust_current_demand_lp,random_failure_fixed,"NorthWestNet, Seattle -> BARRnet, Palo Alto & BARRnet, Palo Alto -> NorthWestNet, Seattle",5,"Merit Univ of Michigan, Ann Arbor","NorthWestNet, Seattle",3.2402701,3.2402701443347874,0.9999999863175645
31,nsfnet,11,0.8,moving_average,critical_failure_fixed,"NCSA, University of Illinois, Champaign -> Merit Univ of Michigan, Ann Arbor & Merit Univ of Michigan, Ann Arbor -> NCSA, University of Illinois, Champaign",1,Pittsburgh Supercomputer Center,"MIDnet, Lincoln, NE",4.8417127,4.84171271581718,0.9999999967331438
31,nsfnet,11,0.8,moving_average,critical_failure_fixed,"NCSA, University of Illinois, Champaign -> Merit Univ of Michigan, Ann Arbor & Merit Univ of Michigan, Ann Arbor -> NCSA, University of Illinois, Champaign",2,"SURANET, Georgia Tech, Atlanta","Merit Univ of Michigan, Ann Arbor",4.7552784,4.755278386215759,1.0000000028987244
31,nsfnet,11,0.8,moving_average,critical_failure_fixed,"NCSA, University of Illinois, Champaign -> Merit Univ of Michigan, Ann Arbor & Merit Univ of Michigan, Ann Arbor -> NCSA, University of Illinois, Champaign",3,"Merit Univ of Michigan, Ann Arbor","NCSA, University of Illinois, Champaign",4.7433687,4.7433686675337325,1.0000000068445591
31,nsfnet,11,0.8,moving_average,critical_failure_fixed,"NCSA, University of Illinois, Champaign -> Merit Univ of Michigan, Ann Arbor & Merit Univ of Michigan, Ann Arbor -> NCSA, University of Illinois, Champaign",4,"MIDnet, Lincoln, NE","Cornell Theory Center, Ithaca NY",4.6911223,4.691122281934363,1.0000000038510266
31,nsfnet,11,0.8,moving_average,critical_failure_fixed,"NCSA, University of Illinois, Champaign -> Merit Univ of Michigan, Ann Arbor & Merit Univ of Michigan, Ann Arbor -> NCSA, University of Illinois, Champaign",5,San Diego Supercomputer Center,"Merit Univ of Michigan, Ann Arbor",4.520668,4.520668010553185,0.9999999976655696
31,nsfnet,11,0.8,moving_average,random_failure_fixed,"NorthWestNet, Seattle -> BARRnet, Palo Alto & BARRnet, Palo Alto -> NorthWestNet, Seattle",1,"SEQSUINET, Rice University, Houston","NorthWestNet, Seattle",4.6268567,4.62685665296816,1.000000010164966
31,nsfnet,11,0.8,moving_average,random_failure_fixed,"NorthWestNet, Seattle -> BARRnet, Palo Alto & BARRnet, Palo Alto -> NorthWestNet, Seattle",2,Pittsburgh Supercomputer Center,"NorthWestNet, Seattle",4.6062684,4.6062684435979815,0.9999999905350759
31,nsfnet,11,0.8,moving_average,random_failure_fixed,"NorthWestNet, Seattle -> BARRnet, Palo Alto & BARRnet, Palo Alto -> NorthWestNet, Seattle",3,"NorthWestNet, Seattle",Pittsburgh Supercomputer Center,4.4881587,4.488158660272424,1.0000000088516425
31,nsfnet,11,0.8,moving_average,random_failure_fixed,"NorthWestNet, Seattle -> BARRnet, Palo Alto & BARRnet, Palo Alto -> NorthWestNet, Seattle",4,"BARRnet, Palo Alto","Westnet, Salt Lake City",4.3547794,4.354779438837267,0.9999999910816915
31,nsfnet,11,0.8,moving_average,random_failure_fixed,"NorthWestNet, Seattle -> BARRnet, Palo Alto & BARRnet, Palo Alto -> NorthWestNet, Seattle",5,"Jon Von Neumann Center, Princeton, NJ","NorthWestNet, Seattle",4.3390536,4.339053594069676,1.000000001366732
31,nsfnet,11,0.8,linear_autoregressive,critical_failure_fixed,"NCSA, University of Illinois, Champaign -> Merit Univ of Michigan, Ann Arbor & Merit Univ of Michigan, Ann Arbor -> NCSA, University of Illinois, Champaign",1,"Merit Univ of Michigan, Ann Arbor","NCSA, University of Illinois, Champaign",4.0523272,4.052327239032232,0.9999999903679465
31,nsfnet,11,0.8,linear_autoregressive,critical_failure_fixed,"NCSA, University of Illinois, Champaign -> Merit Univ of Michigan, Ann Arbor & Merit Univ of Michigan, Ann Arbor -> NCSA, University of Illinois, Champaign",2,"MIDnet, Lincoln, NE","Cornell Theory Center, Ithaca NY",4.0003521,4.00035209449514,1.0000000013760937
31,nsfnet,11,0.8,linear_autoregressive,critical_failure_fixed,"NCSA, University of Illinois, Champaign -> Merit Univ of Michigan, Ann Arbor & Merit Univ of Michigan, Ann Arbor -> NCSA, University of Illinois, Champaign",3,Pittsburgh Supercomputer Center,"MIDnet, Lincoln, NE",3.9552126,3.9552125700185923,1.0000000075802267
31,nsfnet,11,0.8,linear_autoregressive,critical_failure_fixed,"NCSA, University of Illinois, Champaign -> Merit Univ of Michigan, Ann Arbor & Merit Univ of Michigan, Ann Arbor -> NCSA, University of Illinois, Champaign",4,"SURANET, Georgia Tech, Atlanta","Merit Univ of Michigan, Ann Arbor",3.7393423,3.7393422701263113,1.0000000079890223
31,nsfnet,11,0.8,linear_autoregressive,critical_failure_fixed,"NCSA, University of Illinois, Champaign -> Merit Univ of Michigan, Ann Arbor & Merit Univ of Michigan, Ann Arbor -> NCSA, University of Illinois, Champaign",5,San Diego Supercomputer Center,"Merit Univ of Michigan, Ann Arbor",3.6977562,3.9860104441372037,0.9276835201068827
31,nsfnet,11,0.8,linear_autoregressive,random_failure_fixed,"NorthWestNet, Seattle -> BARRnet, Palo Alto & BARRnet, Palo Alto -> NorthWestNet, Seattle",1,"NorthWestNet, Seattle",Pittsburgh Supercomputer Center,4.0527646,4.052764609951163,0.9999999975445987
31,nsfnet,11,0.8,linear_autoregressive,random_failure_fixed,"NorthWestNet, Seattle -> BARRnet, Palo Alto & BARRnet, Palo Alto -> NorthWestNet, Seattle",2,"SEQSUINET, Rice University, Houston","NorthWestNet, Seattle",3.9665904,3.96659043072355,0.9999999922544183
31,nsfnet,11,0.8,linear_autoregressive,random_failure_fixed,"NorthWestNet, Seattle -> BARRnet, Palo Alto & BARRnet, Palo Alto -> NorthWestNet, Seattle",3,"Merit Univ of Michigan, Ann Arbor","NorthWestNet, Seattle",3.9175642,3.9175642393135823,0.9999999899647894
31,nsfnet,11,0.8,linear_autoregressive,random_failure_fixed,"NorthWestNet, Seattle -> BARRnet, Palo Alto & BARRnet, Palo Alto -> NorthWestNet, Seattle",4,"Jon Von Neumann Center, Princeton, NJ","NorthWestNet, Seattle",3.8495696,3.849569624630916,0.9999999936016443
31,nsfnet,11,0.8,linear_autoregressive,random_failure_fixed,"NorthWestNet, Seattle -> BARRnet, Palo Alto & BARRnet, Palo Alto -> NorthWestNet, Seattle",5,"NorthWestNet, Seattle","Merit Univ of Michigan, Ann Arbor",3.7211747,3.7211746570006303,1.0000000115553216
31,nsfnet,11,0.8,lstm,critical_failure_fixed,"NCSA, University of Illinois, Champaign -> Merit Univ of Michigan, Ann Arbor & Merit Univ of Michigan, Ann Arbor -> NCSA, University of Illinois, Champaign",1,"MIDnet, Lincoln, NE","Cornell Theory Center, Ithaca NY",4.3126502,4.312650203704834,0.9999999991409381
31,nsfnet,11,0.8,lstm,critical_failure_fixed,"NCSA, University of Illinois, Champaign -> Merit Univ of Michigan, Ann Arbor & Merit Univ of Michigan, Ann Arbor -> NCSA, University of Illinois, Champaign",2,"Merit Univ of Michigan, Ann Arbor","NCSA, University of Illinois, Champaign",4.3047462,4.304746150970459,1.0000000113896474
31,nsfnet,11,0.8,lstm,critical_failure_fixed,"NCSA, University of Illinois, Champaign -> Merit Univ of Michigan, Ann Arbor & Merit Univ of Michigan, Ann Arbor -> NCSA, University of Illinois, Champaign",3,Pittsburgh Supercomputer Center,"MIDnet, Lincoln, NE",4.2568717,4.256871700286865,0.9999999999326111
31,nsfnet,11,0.8,lstm,critical_failure_fixed,"NCSA, University of Illinois, Champaign -> Merit Univ of Michigan, Ann Arbor & Merit Univ of Michigan, Ann Arbor -> NCSA, University of Illinois, Champaign",4,"SURANET, Georgia Tech, Atlanta","Merit Univ of Michigan, Ann Arbor",4.0819569,4.08195686340332,1.0000000089654744
31,nsfnet,11,0.8,lstm,critical_failure_fixed,"NCSA, University of Illinois, Champaign -> Merit Univ of Michigan, Ann Arbor & Merit Univ of Michigan, Ann Arbor -> NCSA, University of Illinois, Champaign",5,San Diego Supercomputer Center,"Merit Univ of Michigan, Ann Arbor",3.9990675,3.999067544937134,0.9999999887630971
31,nsfnet,11,0.8,lstm,random_failure_fixed,"NorthWestNet, Seattle -> BARRnet, Palo Alto & BARRnet, Palo Alto -> NorthWestNet, Seattle",1,Pittsburgh Supercomputer Center,"NorthWestNet, Seattle",4.1252341,4.125234127044678,0.9999999934440866
31,nsfnet,11,0.8,lstm,random_failure_fixed,"NorthWestNet, Seattle -> BARRnet, Palo Alto & BARRnet, Palo Alto -> NorthWestNet, Seattle",2,"SEQSUINET, Rice University, Houston","NorthWestNet, Seattle",4.0907588,4.090758800506592,0.9999999998761618
31,nsfnet,11,0.8,lstm,random_failure_fixed,"NorthWestNet, Seattle -> BARRnet, Palo Alto & BARRnet, Palo Alto -> NorthWestNet, Seattle",3,"NorthWestNet, Seattle",Pittsburgh Supercomputer Center,3.9921775,3.9921774864196777,1.0000000034017331
31,nsfnet,11,0.8,lstm,random_failure_fixed,"NorthWestNet, Seattle -> BARRnet, Palo Alto & BARRnet, Palo Alto -> NorthWestNet, Seattle",4,"NorthWestNet, Seattle","Merit Univ of Michigan, Ann Arbor",3.8948963,3.8948962688446045,1.000000007999031
31,nsfnet,11,0.8,lstm,random_failure_fixed,"NorthWestNet, Seattle -> BARRnet, Palo Alto & BARRnet, Palo Alto -> NorthWestNet, Seattle",5,"Merit Univ of Michigan, Ann Arbor","NorthWestNet, Seattle",3.847914,3.847913980484009,1.0000000050718367
31,nsfnet,11,0.8,uncertainty_aware_lstm_robust_lp,critical_failure_fixed,"NCSA, University of Illinois, Champaign -> Merit Univ of Michigan, Ann Arbor & Merit Univ of Michigan, Ann Arbor -> NCSA, University of Illinois, Champaign",1,"Westnet, Salt Lake City","Cornell Theory Center, Ithaca NY",4.6718936,4.67189359664917,1.0000000007172316
31,nsfnet,11,0.8,uncertainty_aware_lstm_robust_lp,critical_failure_fixed,"NCSA, University of Illinois, Champaign -> Merit Univ of Michigan, Ann Arbor & Merit Univ of Michigan, Ann Arbor -> NCSA, University of Illinois, Champaign",2,"Merit Univ of Michigan, Ann Arbor","NCSA, University of Illinois, Champaign",4.5193624,4.519362449645996,0.9999999890148231
31,nsfnet,11,0.8,uncertainty_aware_lstm_robust_lp,critical_failure_fixed,"NCSA, University of Illinois, Champaign -> Merit Univ of Michigan, Ann Arbor & Merit Univ of Michigan, Ann Arbor -> NCSA, University of Illinois, Champaign",3,"MIDnet, Lincoln, NE","Cornell Theory Center, Ithaca NY",4.5185852,4.518585205078125,0.9999999988761693
31,nsfnet,11,0.8,uncertainty_aware_lstm_robust_lp,critical_failure_fixed,"NCSA, University of Illinois, Champaign -> Merit Univ of Michigan, Ann Arbor & Merit Univ of Michigan, Ann Arbor -> NCSA, University of Illinois, Champaign",4,Pittsburgh Supercomputer Center,"MIDnet, Lincoln, NE",4.4433961,4.443396091461182,1.0000000019216875
31,nsfnet,11,0.8,uncertainty_aware_lstm_robust_lp,critical_failure_fixed,"NCSA, University of Illinois, Champaign -> Merit Univ of Michigan, Ann Arbor & Merit Univ of Michigan, Ann Arbor -> NCSA, University of Illinois, Champaign",5,"Cornell Theory Center, Ithaca NY","NCAR, Boulder",4.0155287,4.015528678894043,1.0000000052560842
31,nsfnet,11,0.8,uncertainty_aware_lstm_robust_lp,random_failure_fixed,"NorthWestNet, Seattle -> BARRnet, Palo Alto & BARRnet, Palo Alto -> NorthWestNet, Seattle",1,Pittsburgh Supercomputer Center,"NorthWestNet, Seattle",4.3173699,4.3173699378967285,0.9999999912222651
31,nsfnet,11,0.8,uncertainty_aware_lstm_robust_lp,random_failure_fixed,"NorthWestNet, Seattle -> BARRnet, Palo Alto & BARRnet, Palo Alto -> NorthWestNet, Seattle",2,"SEQSUINET, Rice University, Houston","NorthWestNet, Seattle",4.2800174,4.280017375946045,1.0000000056200602
31,nsfnet,11,0.8,uncertainty_aware_lstm_robust_lp,random_failure_fixed,"NorthWestNet, Seattle -> BARRnet, Palo Alto & BARRnet, Palo Alto -> NorthWestNet, Seattle",3,"NorthWestNet, Seattle",Pittsburgh Supercomputer Center,4.185811,4.1858110427856445,0.99999998977841
31,nsfnet,11,0.8,uncertainty_aware_lstm_robust_lp,random_failure_fixed,"NorthWestNet, Seattle -> BARRnet, Palo Alto & BARRnet, Palo Alto -> NorthWestNet, Seattle",4,"NorthWestNet, Seattle","Merit Univ of Michigan, Ann Arbor",4.0791183,4.079118251800537,1.0000000118161476
31,nsfnet,11,0.8,uncertainty_aware_lstm_robust_lp,random_failure_fixed,"NorthWestNet, Seattle -> BARRnet, Palo Alto & BARRnet, Palo Alto -> NorthWestNet, Seattle",5,"Merit Univ of Michigan, Ann Arbor","NorthWestNet, Seattle",4.0325007,4.032500743865967,0.9999999891218949
32,nsfnet,11,0.8,current_demand_lp,critical_failure_fixed,"NCSA, University of Illinois, Champaign -> Merit Univ of Michigan, Ann Arbor & Merit Univ of Michigan, Ann Arbor -> NCSA, University of Illinois, Champaign",1,"Westnet, Salt Lake City","Cornell Theory Center, Ithaca NY",3.232052,3.232052003422289,0.9999999989411404
32,nsfnet,11,0.8,current_demand_lp,critical_failure_fixed,"NCSA, University of Illinois, Champaign -> Merit Univ of Michigan, Ann Arbor & Merit Univ of Michigan, Ann Arbor -> NCSA, University of Illinois, Champaign",2,Pittsburgh Supercomputer Center,"MIDnet, Lincoln, NE",3.0839358,3.08393580689986,0.9999999977626447
32,nsfnet,11,0.8,current_demand_lp,critical_failure_fixed,"NCSA, University of Illinois, Champaign -> Merit Univ of Michigan, Ann Arbor & Merit Univ of Michigan, Ann Arbor -> NCSA, University of Illinois, Champaign",3,"Merit Univ of Michigan, Ann Arbor","NCSA, University of Illinois, Champaign",3.065025,3.0650250263903054,0.9999999913898564
32,nsfnet,11,0.8,current_demand_lp,critical_failure_fixed,"NCSA, University of Illinois, Champaign -> Merit Univ of Michigan, Ann Arbor & Merit Univ of Michigan, Ann Arbor -> NCSA, University of Illinois, Champaign",4,"NCSA, University of Illinois, Champaign","Jon Von Neumann Center, Princeton, NJ",2.9976634,2.997663421644708,0.9999999927794736
32,nsfnet,11,0.8,current_demand_lp,critical_failure_fixed,"NCSA, University of Illinois, Champaign -> Merit Univ of Michigan, Ann Arbor & Merit Univ of Michigan, Ann Arbor -> NCSA, University of Illinois, Champaign",5,"Merit Univ of Michigan, Ann Arbor","NCAR, Boulder",2.9013791,2.901379089590061,1.000000003587928
32,nsfnet,11,0.8,current_demand_lp,random_failure_fixed,"MIDnet, Lincoln, NE -> NCSA, University of Illinois, Champaign & NCSA, University of Illinois, Champaign -> MIDnet, Lincoln, NE",1,"MIDnet, Lincoln, NE","SEQSUINET, Rice University, Houston",3.1248049,3.1248048867333904,1.00000000424558
32,nsfnet,11,0.8,current_demand_lp,random_failure_fixed,"MIDnet, Lincoln, NE -> NCSA, University of Illinois, Champaign & NCSA, University of Illinois, Champaign -> MIDnet, Lincoln, NE",2,Pittsburgh Supercomputer Center,"MIDnet, Lincoln, NE",3.0839358,3.08393580689986,0.9999999977626447
32,nsfnet,11,0.8,current_demand_lp,random_failure_fixed,"MIDnet, Lincoln, NE -> NCSA, University of Illinois, Champaign & NCSA, University of Illinois, Champaign -> MIDnet, Lincoln, NE",3,"SURANET, Georgia Tech, Atlanta","MIDnet, Lincoln, NE",3.0585631,3.0585631117111607,0.9999999961710254
32,nsfnet,11,0.8,current_demand_lp,random_failure_fixed,"MIDnet, Lincoln, NE -> NCSA, University of Illinois, Champaign & NCSA, University of Illinois, Champaign -> MIDnet, Lincoln, NE",4,"MIDnet, Lincoln, NE","NorthWestNet, Seattle",2.8673839,2.867383920302961,0.9999999929193433
32,nsfnet,11,0.8,current_demand_lp,random_failure_fixed,"MIDnet, Lincoln, NE -> NCSA, University of Illinois, Champaign & NCSA, University of Illinois, Champaign -> MIDnet, Lincoln, NE",5,"NorthWestNet, Seattle","MIDnet, Lincoln, NE",2.851114,2.8511140378551154,0.9999999867226933
32,nsfnet,11,0.8,robust_current_demand_lp,critical_failure_fixed,"NCSA, University of Illinois, Champaign -> Merit Univ of Michigan, Ann Arbor & Merit Univ of Michigan, Ann Arbor -> NCSA, University of Illinois, Champaign",1,"Westnet, Salt Lake City","Cornell Theory Center, Ithaca NY",3.232052,3.232052003422289,0.9999999989411404
32,nsfnet,11,0.8,robust_current_demand_lp,critical_failure_fixed,"NCSA, University of Illinois, Champaign -> Merit Univ of Michigan, Ann Arbor & Merit Univ of Michigan, Ann Arbor -> NCSA, University of Illinois, Champaign",2,Pittsburgh Supercomputer Center,"MIDnet, Lincoln, NE",3.0839358,3.08393580689986,0.9999999977626447
32,nsfnet,11,0.8,robust_current_demand_lp,critical_failure_fixed,"NCSA, University of Illinois, Champaign -> Merit Univ of Michigan, Ann Arbor & Merit Univ of Michigan, Ann Arbor -> NCSA, University of Illinois, Champaign",3,"Merit Univ of Michigan, Ann Arbor","NCSA, University of Illinois, Champaign",3.065025,3.0650250263903054,0.9999999913898564
32,nsfnet,11,0.8,robust_current_demand_lp,critical_failure_fixed,"NCSA, University of Illinois, Champaign -> Merit Univ of Michigan, Ann Arbor & Merit Univ of Michigan, Ann Arbor -> NCSA, University of Illinois, Champaign",4,"NCSA, University of Illinois, Champaign","Jon Von Neumann Center, Princeton, NJ",2.9976634,2.997663421644708,0.9999999927794736
32,nsfnet,11,0.8,robust_current_demand_lp,critical_failure_fixed,"NCSA, University of Illinois, Champaign -> Merit Univ of Michigan, Ann Arbor & Merit Univ of Michigan, Ann Arbor -> NCSA, University of Illinois, Champaign",5,"Cornell Theory Center, Ithaca NY","NCAR, Boulder",2.9153315,2.915331509993851,0.9999999965719677
32,nsfnet,11,0.8,robust_current_demand_lp,random_failure_fixed,"MIDnet, Lincoln, NE -> NCSA, University of Illinois, Champaign & NCSA, University of Illinois, Champaign -> MIDnet, Lincoln, NE",1,"MIDnet, Lincoln, NE","SEQSUINET, Rice University, Houston",3.1248049,3.1248048867333904,1.00000000424558
32,nsfnet,11,0.8,robust_current_demand_lp,random_failure_fixed,"MIDnet, Lincoln, NE -> NCSA, University of Illinois, Champaign & NCSA, University of Illinois, Champaign -> MIDnet, Lincoln, NE",2,Pittsburgh Supercomputer Center,"MIDnet, Lincoln, NE",3.0839358,3.08393580689986,0.9999999977626447
32,nsfnet,11,0.8,robust_current_demand_lp,random_failure_fixed,"MIDnet, Lincoln, NE -> NCSA, University of Illinois, Champaign & NCSA, University of Illinois, Champaign -> MIDnet, Lincoln, NE",3,"SURANET, Georgia Tech, Atlanta","MIDnet, Lincoln, NE",3.0585631,3.0585631117111607,0.9999999961710254
32,nsfnet,11,0.8,robust_current_demand_lp,random_failure_fixed,"MIDnet, Lincoln, NE -> NCSA, University of Illinois, Champaign & NCSA, University of Illinois, Champaign -> MIDnet, Lincoln, NE",4,"MIDnet, Lincoln, NE","NorthWestNet, Seattle",2.8673839,2.867383920302961,0.9999999929193433
32,nsfnet,11,0.8,robust_current_demand_lp,random_failure_fixed,"MIDnet, Lincoln, NE -> NCSA, University of Illinois, Champaign & NCSA, University of Illinois, Champaign -> MIDnet, Lincoln, NE",5,"NorthWestNet, Seattle","MIDnet, Lincoln, NE",2.851114,2.8511140378551154,0.9999999867226933
32,nsfnet,11,0.8,moving_average,critical_failure_fixed,"NCSA, University of Illinois, Champaign -> Merit Univ of Michigan, Ann Arbor & Merit Univ of Michigan, Ann Arbor -> NCSA, University of Illinois, Champaign",1,Pittsburgh Supercomputer Center,"MIDnet, Lincoln, NE",4.2360582,4.236058150467815,1.00000001169299
32,nsfnet,11,0.8,moving_average,critical_failure_fixed,"NCSA, University of Illinois, Champaign -> Merit Univ of Michigan, Ann Arbor & Merit Univ of Michigan, Ann Arbor -> NCSA, University of Illinois, Champaign",2,"Merit Univ of Michigan, Ann Arbor","NCSA, University of Illinois, Champaign",4.0662835,4.0662834704316495,1.000000007271591
32,nsfnet,11,0.8,moving_average,critical_failure_fixed,"NCSA, University of Illinois, Champaign -> Merit Univ of Michigan, Ann Arbor & Merit Univ of Michigan, Ann Arbor -> NCSA, University of Illinois, Champaign",3,"SURANET, Georgia Tech, Atlanta","Merit Univ of Michigan, Ann Arbor",4.0345997,4.034599667714889,1.0000000080020608
32,nsfnet,11,0.8,moving_average,critical_failure_fixed,"NCSA, University of Illinois, Champaign -> Merit Univ of Michigan, Ann Arbor & Merit Univ of Michigan, Ann Arbor -> NCSA, University of Illinois, Champaign",4,"MIDnet, Lincoln, NE","Cornell Theory Center, Ithaca NY",3.9535521,3.953552137436674,0.9999999905308763
32,nsfnet,11,0.8,moving_average,critical_failure_fixed,"NCSA, University of Illinois, Champaign -> Merit Univ of Michigan, Ann Arbor & Merit Univ of Michigan, Ann Arbor -> NCSA, University of Illinois, Champaign",5,"Merit Univ of Michigan, Ann Arbor","Westnet, Salt Lake City",3.6451499,3.6451499481406646,0.9999999867932279
32,nsfnet,11,0.8,moving_average,random_failure_fixed,"MIDnet, Lincoln, NE -> NCSA, University of Illinois, Champaign & NCSA, University of Illinois, Champaign -> MIDnet, Lincoln, NE",1,Pittsburgh Supercomputer Center,"MIDnet, Lincoln, NE",4.2360582,4.236058150467815,1.00000001169299
32,nsfnet,11,0.8,moving_average,random_failure_fixed,"MIDnet, Lincoln, NE -> NCSA, University of Illinois, Champaign & NCSA, University of Illinois, Champaign -> MIDnet, Lincoln, NE",2,"MIDnet, Lincoln, NE","SEQSUINET, Rice University, Houston",4.0107514,4.010751449689875,0.9999999876108318
32,nsfnet,11,0.8,moving_average,random_failure_fixed,"MIDnet, Lincoln, NE -> NCSA, University of Illinois, Champaign & NCSA, University of Illinois, Champaign -> MIDnet, Lincoln, NE",3,"MIDnet, Lincoln, NE","Cornell Theory Center, Ithaca NY",3.9535521,3.953552137436674,0.9999999905308763
32,nsfnet,11,0.8,moving_average,random_failure_fixed,"MIDnet, Lincoln, NE -> NCSA, University of Illinois, Champaign & NCSA, University of Illinois, Champaign -> MIDnet, Lincoln, NE",4,"MIDnet, Lincoln, NE","NorthWestNet, Seattle",3.8769288,3.8769288471619547,0.9999999878352281
32,nsfnet,11,0.8,moving_average,random_failure_fixed,"MIDnet, Lincoln, NE -> NCSA, University of Illinois, Champaign & NCSA, University of Illinois, Champaign -> MIDnet, Lincoln, NE",5,"SURANET, Georgia Tech, Atlanta","MIDnet, Lincoln, NE",3.631887,3.631886965407067,1.0000000095247823
32,nsfnet,11,0.8,linear_autoregressive,critical_failure_fixed,"NCSA, University of Illinois, Champaign -> Merit Univ of Michigan, Ann Arbor & Merit Univ of Michigan, Ann Arbor -> NCSA, University of Illinois, Champaign",1,"Merit Univ of Michigan, Ann Arbor","NCSA, University of Illinois, Champaign",3.257314,3.257314021985809,0.9999999932503255
32,nsfnet,11,0.8,linear_autoregressive,critical_failure_fixed,"NCSA, University of Illinois, Champaign -> Merit Univ of Michigan, Ann Arbor & Merit Univ of Michigan, Ann Arbor -> NCSA, University of Illinois, Champaign",2,Pittsburgh Supercomputer Center,"MIDnet, Lincoln, NE",3.1988444,3.1988444197693204,0.9999999938198556
32,nsfnet,11,0.8,linear_autoregressive,critical_failure_fixed,"NCSA, University of Illinois, Champaign -> Merit Univ of Michigan, Ann Arbor & Merit Univ of Michigan, Ann Arbor -> NCSA, University of Illinois, Champaign",3,"Westnet, Salt Lake City","Cornell Theory Center, Ithaca NY",3.1981565,3.1981564538121963,1.000000014442009
32,nsfnet,11,0.8,linear_autoregressive,critical_failure_fixed,"NCSA, University of Illinois, Champaign -> Merit Univ of Michigan, Ann Arbor & Merit Univ of Michigan, Ann Arbor -> NCSA, University of Illinois, Champaign",4,"MIDnet, Lincoln, NE","Cornell Theory Center, Ithaca NY",3.1589755,3.1589755469537346,0.9999999851364045
32,nsfnet,11,0.8,linear_autoregressive,critical_failure_fixed,"NCSA, University of Illinois, Champaign -> Merit Univ of Michigan, Ann Arbor & Merit Univ of Michigan, Ann Arbor -> NCSA, University of Illinois, Champaign",5,"SURANET, Georgia Tech, Atlanta","Merit Univ of Michigan, Ann Arbor",3.1108162,3.1108161768226656,1.0000000074505637
32,nsfnet,11,0.8,linear_autoregressive,random_failure_fixed,"MIDnet, Lincoln, NE -> NCSA, University of Illinois, Champaign & NCSA, University of Illinois, Champaign -> MIDnet, Lincoln, NE",1,"MIDnet, Lincoln, NE","SEQSUINET, Rice University, Houston",3.333111,3.333110989001474,1.000000003299778
32,nsfnet,11,0.8,linear_autoregressive,random_failure_fixed,"MIDnet, Lincoln, NE -> NCSA, University of Illinois, Champaign & NCSA, University of Illinois, Champaign -> MIDnet, Lincoln, NE",2,Pittsburgh Supercomputer Center,"MIDnet, Lincoln, NE",3.1988444,3.1988444197693204,0.9999999938198556
32,nsfnet,11,0.8,linear_autoregressive,random_failure_fixed,"MIDnet, Lincoln, NE -> NCSA, University of Illinois, Champaign & NCSA, University of Illinois, Champaign -> MIDnet, Lincoln, NE",3,"MIDnet, Lincoln, NE","Cornell Theory Center, Ithaca NY",3.1589755,3.1589755469537346,0.9999999851364045
32,nsfnet,11,0.8,linear_autoregressive,random_failure_fixed,"MIDnet, Lincoln, NE -> NCSA, University of Illinois, Champaign & NCSA, University of Illinois, Champaign -> MIDnet, Lincoln, NE",4,"MIDnet, Lincoln, NE","NorthWestNet, Seattle",3.08352,3.08351996418597,1.0000000116146581
32,nsfnet,11,0.8,linear_autoregressive,random_failure_fixed,"MIDnet, Lincoln, NE -> NCSA, University of Illinois, Champaign & NCSA, University of Illinois, Champaign -> MIDnet, Lincoln, NE",5,"MIDnet, Lincoln, NE","Westnet, Salt Lake City",2.9166282,2.9166281923748922,1.0000000026143572
32,nsfnet,11,0.8,lstm,critical_failure_fixed,"NCSA, University of Illinois, Champaign -> Merit Univ of Michigan, Ann Arbor & Merit Univ of Michigan, Ann Arbor -> NCSA, University of Illinois, Champaign",1,"MIDnet, Lincoln, NE","Cornell Theory Center, Ithaca NY",4.3126502,4.312650203704834,0.9999999991409381
32,nsfnet,11,0.8,lstm,critical_failure_fixed,"NCSA, University of Illinois, Champaign -> Merit Univ of Michigan, Ann Arbor & Merit Univ of Michigan, Ann Arbor -> NCSA, University of Illinois, Champaign",2,"Merit Univ of Michigan, Ann Arbor","NCSA, University of Illinois, Champaign",4.3047462,4.304746150970459,1.0000000113896474
32,nsfnet,11,0.8,lstm,critical_failure_fixed,"NCSA, University of Illinois, Champaign -> Merit Univ of Michigan, Ann Arbor & Merit Univ of Michigan, Ann Arbor -> NCSA, University of Illinois, Champaign",3,Pittsburgh Supercomputer Center,"MIDnet, Lincoln, NE",4.2568717,4.256871700286865,0.9999999999326111
32,nsfnet,11,0.8,lstm,critical_failure_fixed,"NCSA, University of Illinois, Champaign -> Merit Univ of Michigan, Ann Arbor & Merit Univ of Michigan, Ann Arbor -> NCSA, University of Illinois, Champaign",4,"SURANET, Georgia Tech, Atlanta","Merit Univ of Michigan, Ann Arbor",4.0819569,4.08195686340332,1.0000000089654744
32,nsfnet,11,0.8,lstm,critical_failure_fixed,"NCSA, University of Illinois, Champaign -> Merit Univ of Michigan, Ann Arbor & Merit Univ of Michigan, Ann Arbor -> NCSA, University of Illinois, Champaign",5,San Diego Supercomputer Center,"Merit Univ of Michigan, Ann Arbor",3.9990675,3.999067544937134,0.9999999887630971
32,nsfnet,11,0.8,lstm,random_failure_fixed,"MIDnet, Lincoln, NE -> NCSA, University of Illinois, Champaign & NCSA, University of Illinois, Champaign -> MIDnet, Lincoln, NE",1,"MIDnet, Lincoln, NE","Cornell Theory Center, Ithaca NY",4.3126502,4.312650203704834,0.9999999991409381
32,nsfnet,11,0.8,lstm,random_failure_fixed,"MIDnet, Lincoln, NE -> NCSA, University of Illinois, Champaign & NCSA, University of Illinois, Champaign -> MIDnet, Lincoln, NE",2,Pittsburgh Supercomputer Center,"MIDnet, Lincoln, NE",4.2568717,4.256871700286865,0.9999999999326111
32,nsfnet,11,0.8,lstm,random_failure_fixed,"MIDnet, Lincoln, NE -> NCSA, University of Illinois, Champaign & NCSA, University of Illinois, Champaign -> MIDnet, Lincoln, NE",3,"MIDnet, Lincoln, NE","NorthWestNet, Seattle",4.1590433,4.159043312072754,0.9999999970972282
32,nsfnet,11,0.8,lstm,random_failure_fixed,"MIDnet, Lincoln, NE -> NCSA, University of Illinois, Champaign & NCSA, University of Illinois, Champaign -> MIDnet, Lincoln, NE",4,"MIDnet, Lincoln, NE","SEQSUINET, Rice University, Houston",4.1346197,4.13461971282959,0.9999999968970327
32,nsfnet,11,0.8,lstm,random_failure_fixed,"MIDnet, Lincoln, NE -> NCSA, University of Illinois, Champaign & NCSA, University of Illinois, Champaign -> MIDnet, Lincoln, NE",5,"MIDnet, Lincoln, NE","Westnet, Salt Lake City",3.7681737,3.7681736946105957,1.000000001430243
32,nsfnet,11,0.8,uncertainty_aware_lstm_robust_lp,critical_failure_fixed,"NCSA, University of Illinois, Champaign -> Merit Univ of Michigan, Ann Arbor & Merit Univ of Michigan, Ann Arbor -> NCSA, University of Illinois, Champaign",1,"Westnet, Salt Lake City","Cornell Theory Center, Ithaca NY",4.6718936,4.67189359664917,1.0000000007172316
32,nsfnet,11,0.8,uncertainty_aware_lstm_robust_lp,critical_failure_fixed,"NCSA, University of Illinois, Champaign -> Merit Univ of Michigan, Ann Arbor & Merit Univ of Michigan, Ann Arbor -> NCSA, University of Illinois, Champaign",2,"Merit Univ of Michigan, Ann Arbor","NCSA, University of Illinois, Champaign",4.5193624,4.519362449645996,0.9999999890148231
32,nsfnet,11,0.8,uncertainty_aware_lstm_robust_lp,critical_failure_fixed,"NCSA, University of Illinois, Champaign -> Merit Univ of Michigan, Ann Arbor & Merit Univ of Michigan, Ann Arbor -> NCSA, University of Illinois, Champaign",3,"MIDnet, Lincoln, NE","Cornell Theory Center, Ithaca NY",4.5185852,4.518585205078125,0.9999999988761693
32,nsfnet,11,0.8,uncertainty_aware_lstm_robust_lp,critical_failure_fixed,"NCSA, University of Illinois, Champaign -> Merit Univ of Michigan, Ann Arbor & Merit Univ of Michigan, Ann Arbor -> NCSA, University of Illinois, Champaign",4,Pittsburgh Supercomputer Center,"MIDnet, Lincoln, NE",4.4433961,4.443396091461182,1.0000000019216875
32,nsfnet,11,0.8,uncertainty_aware_lstm_robust_lp,critical_failure_fixed,"NCSA, University of Illinois, Champaign -> Merit Univ of Michigan, Ann Arbor & Merit Univ of Michigan, Ann Arbor -> NCSA, University of Illinois, Champaign",5,"Cornell Theory Center, Ithaca NY","NCAR, Boulder",4.0155287,4.015528678894043,1.0000000052560842
32,nsfnet,11,0.8,uncertainty_aware_lstm_robust_lp,random_failure_fixed,"MIDnet, Lincoln, NE -> NCSA, University of Illinois, Champaign & NCSA, University of Illinois, Champaign -> MIDnet, Lincoln, NE",1,"MIDnet, Lincoln, NE","Cornell Theory Center, Ithaca NY",4.5185852,4.518585205078125,0.9999999988761693
32,nsfnet,11,0.8,uncertainty_aware_lstm_robust_lp,random_failure_fixed,"MIDnet, Lincoln, NE -> NCSA, University of Illinois, Champaign & NCSA, University of Illinois, Champaign -> MIDnet, Lincoln, NE",2,Pittsburgh Supercomputer Center,"MIDnet, Lincoln, NE",4.4433961,4.443396091461182,1.0000000019216875
32,nsfnet,11,0.8,uncertainty_aware_lstm_robust_lp,random_failure_fixed,"MIDnet, Lincoln, NE -> NCSA, University of Illinois, Champaign & NCSA, University of Illinois, Champaign -> MIDnet, Lincoln, NE",3,"MIDnet, Lincoln, NE","NorthWestNet, Seattle",4.364234,4.36423397064209,1.000000006726933
32,nsfnet,11,0.8,uncertainty_aware_lstm_robust_lp,random_failure_fixed,"MIDnet, Lincoln, NE -> NCSA, University of Illinois, Champaign & NCSA, University of Illinois, Champaign -> MIDnet, Lincoln, NE",4,"MIDnet, Lincoln, NE","SEQSUINET, Rice University, Houston",4.3445168,4.344516754150391,1.0000000105534428
32,nsfnet,11,0.8,uncertainty_aware_lstm_robust_lp,random_failure_fixed,"MIDnet, Lincoln, NE -> NCSA, University of Illinois, Champaign & NCSA, University of Illinois, Champaign -> MIDnet, Lincoln, NE",5,"MIDnet, Lincoln, NE","Westnet, Salt Lake City",3.9468186,3.9468185901641846,1.000000002492087
33,nsfnet,11,0.8,current_demand_lp,critical_failure_fixed,"NCSA, University of Illinois, Champaign -> Merit Univ of Michigan, Ann Arbor & Merit Univ of Michigan, Ann Arbor -> NCSA, University of Illinois, Champaign",1,"MIDnet, Lincoln, NE","Cornell Theory Center, Ithaca NY",3.223213,3.223213015954255,0.9999999950502014
33,nsfnet,11,0.8,current_demand_lp,critical_failure_fixed,"NCSA, University of Illinois, Champaign -> Merit Univ of Michigan, Ann Arbor & Merit Univ of Michigan, Ann Arbor -> NCSA, University of Illinois, Champaign",2,"NCSA, University of Illinois, Champaign",Pittsburgh Supercomputer Center,2.8919123,2.8919123041717483,0.999999998557443
33,nsfnet,11,0.8,current_demand_lp,critical_failure_fixed,"NCSA, University of Illinois, Champaign -> Merit Univ of Michigan, Ann Arbor & Merit Univ of Michigan, Ann Arbor -> NCSA, University of Illinois, Champaign",3,"Merit Univ of Michigan, Ann Arbor","NCSA, University of Illinois, Champaign",2.8619171,2.8619171489033053,0.9999999829123966
33,nsfnet,11,0.8,current_demand_lp,critical_failure_fixed,"NCSA, University of Illinois, Champaign -> Merit Univ of Michigan, Ann Arbor & Merit Univ of Michigan, Ann Arbor -> NCSA, University of Illinois, Champaign",4,Pittsburgh Supercomputer Center,"MIDnet, Lincoln, NE",2.7079613,2.707961255262956,1.0000000165205627
33,nsfnet,11,0.8,current_demand_lp,critical_failure_fixed,"NCSA, University of Illinois, Champaign -> Merit Univ of Michigan, Ann Arbor & Merit Univ of Michigan, Ann Arbor -> NCSA, University of Illinois, Champaign",5,"Merit Univ of Michigan, Ann Arbor","Westnet, Salt Lake City",2.6664258,2.6664258221798938,0.9999999916817885
33,nsfnet,11,0.8,current_demand_lp,random_failure_fixed,"MIDnet, Lincoln, NE -> NCSA, University of Illinois, Champaign & NCSA, University of Illinois, Champaign -> MIDnet, Lincoln, NE",1,"MIDnet, Lincoln, NE","Cornell Theory Center, Ithaca NY",3.223213,3.223213015954255,0.9999999950502014
33,nsfnet,11,0.8,current_demand_lp,random_failure_fixed,"MIDnet, Lincoln, NE -> NCSA, University of Illinois, Champaign & NCSA, University of Illinois, Champaign -> MIDnet, Lincoln, NE",2,"MIDnet, Lincoln, NE","SEQSUINET, Rice University, Houston",2.8933434,2.8933433786912275,1.0000000073647575
33,nsfnet,11,0.8,current_demand_lp,random_failure_fixed,"MIDnet, Lincoln, NE -> NCSA, University of Illinois, Champaign & NCSA, University of Illinois, Champaign -> MIDnet, Lincoln, NE",3,Pittsburgh Supercomputer Center,"MIDnet, Lincoln, NE",2.7079613,2.707961255262956,1.0000000165205627
33,nsfnet,11,0.8,current_demand_lp,random_failure_fixed,"MIDnet, Lincoln, NE -> NCSA, University of Illinois, Champaign & NCSA, University of Illinois, Champaign -> MIDnet, Lincoln, NE",4,"MIDnet, Lincoln, NE","NCSA, University of Illinois, Champaign",2.6847331,2.6847330868392807,1.0000000049020588
33,nsfnet,11,0.8,current_demand_lp,random_failure_fixed,"MIDnet, Lincoln, NE -> NCSA, University of Illinois, Champaign & NCSA, University of Illinois, Champaign -> MIDnet, Lincoln, NE",5,"MIDnet, Lincoln, NE","Westnet, Salt Lake City",2.5386371,2.538637101641024,0.9999999993535806
33,nsfnet,11,0.8,robust_current_demand_lp,critical_failure_fixed,"NCSA, University of Illinois, Champaign -> Merit Univ of Michigan, Ann Arbor & Merit Univ of Michigan, Ann Arbor -> NCSA, University of Illinois, Champaign",1,"MIDnet, Lincoln, NE","Cornell Theory Center, Ithaca NY",3.223213,3.223213015954255,0.9999999950502014
33,nsfnet,11,0.8,robust_current_demand_lp,critical_failure_fixed,"NCSA, University of Illinois, Champaign -> Merit Univ of Michigan, Ann Arbor & Merit Univ of Michigan, Ann Arbor -> NCSA, University of Illinois, Champaign",2,"Westnet, Salt Lake City","Cornell Theory Center, Ithaca NY",3.2054329,3.205432869215577,1.000000009603827
33,nsfnet,11,0.8,robust_current_demand_lp,critical_failure_fixed,"NCSA, University of Illinois, Champaign -> Merit Univ of Michigan, Ann Arbor & Merit Univ of Michigan, Ann Arbor -> NCSA, University of Illinois, Champaign",3,"NCSA, University of Illinois, Champaign",Pittsburgh Supercomputer Center,2.8919123,2.8919123041717483,0.999999998557443
33,nsfnet,11,0.8,robust_current_demand_lp,critical_failure_fixed,"NCSA, University of Illinois, Champaign -> Merit Univ of Michigan, Ann Arbor & Merit Univ of Michigan, Ann Arbor -> NCSA, University of Illinois, Champaign",4,"Cornell Theory Center, Ithaca NY","NCAR, Boulder",2.8686665,2.8686664703619114,1.0000000103316606
33,nsfnet,11,0.8,robust_current_demand_lp,critical_failure_fixed,"NCSA, University of Illinois, Champaign -> Merit Univ of Michigan, Ann Arbor & Merit Univ of Michigan, Ann Arbor -> NCSA, University of Illinois, Champaign",5,"Merit Univ of Michigan, Ann Arbor","NCSA, University of Illinois, Champaign",2.8619171,2.8619171489033053,0.9999999829123966
33,nsfnet,11,0.8,robust_current_demand_lp,random_failure_fixed,"MIDnet, Lincoln, NE -> NCSA, University of Illinois, Champaign & NCSA, University of Illinois, Champaign -> MIDnet, Lincoln, NE",1,"MIDnet, Lincoln, NE","Cornell Theory Center, Ithaca NY",3.223213,3.223213015954255,0.9999999950502014
33,nsfnet,11,0.8,robust_current_demand_lp,random_failure_fixed,"MIDnet, Lincoln, NE -> NCSA, University of Illinois, Champaign & NCSA, University of Illinois, Champaign -> MIDnet, Lincoln, NE",2,"MIDnet, Lincoln, NE","SEQSUINET, Rice University, Houston",2.8933434,2.8933433786912275,1.0000000073647575
33,nsfnet,11,0.8,robust_current_demand_lp,random_failure_fixed,"MIDnet, Lincoln, NE -> NCSA, University of Illinois, Champaign & NCSA, University of Illinois, Champaign -> MIDnet, Lincoln, NE",3,Pittsburgh Supercomputer Center,"MIDnet, Lincoln, NE",2.7079613,2.707961255262956,1.0000000165205627
33,nsfnet,11,0.8,robust_current_demand_lp,random_failure_fixed,"MIDnet, Lincoln, NE -> NCSA, University of Illinois, Champaign & NCSA, University of Illinois, Champaign -> MIDnet, Lincoln, NE",4,"MIDnet, Lincoln, NE","NCSA, University of Illinois, Champaign",2.6847331,2.6847330868392807,1.0000000049020588
33,nsfnet,11,0.8,robust_current_demand_lp,random_failure_fixed,"MIDnet, Lincoln, NE -> NCSA, University of Illinois, Champaign & NCSA, University of Illinois, Champaign -> MIDnet, Lincoln, NE",5,"MIDnet, Lincoln, NE","Westnet, Salt Lake City",2.5386371,2.538637101641024,0.9999999993535806
33,nsfnet,11,0.8,moving_average,critical_failure_fixed,"NCSA, University of Illinois, Champaign -> Merit Univ of Michigan, Ann Arbor & Merit Univ of Michigan, Ann Arbor -> NCSA, University of Illinois, Champaign",1,"Merit Univ of Michigan, Ann Arbor","NCSA, University of Illinois, Champaign",3.5639036,3.563903576859211,1.000000006493102
33,nsfnet,11,0.8,moving_average,critical_failure_fixed,"NCSA, University of Illinois, Champaign -> Merit Univ of Michigan, Ann Arbor & Merit Univ of Michigan, Ann Arbor -> NCSA, University of Illinois, Champaign",2,Pittsburgh Supercomputer Center,"MIDnet, Lincoln, NE",3.5154454,3.5154453661611824,1.0000000096257555
33,nsfnet,11,0.8,moving_average,critical_failure_fixed,"NCSA, University of Illinois, Champaign -> Merit Univ of Michigan, Ann Arbor & Merit Univ of Michigan, Ann Arbor -> NCSA, University of Illinois, Champaign",3,"SURANET, Georgia Tech, Atlanta","Merit Univ of Michigan, Ann Arbor",3.5038173,3.5038173074720875,0.9999999978674438
33,nsfnet,11,0.8,moving_average,critical_failure_fixed,"NCSA, University of Illinois, Champaign -> Merit Univ of Michigan, Ann Arbor & Merit Univ of Michigan, Ann Arbor -> NCSA, University of Illinois, Champaign",4,"MIDnet, Lincoln, NE","Cornell Theory Center, Ithaca NY",3.4903681,3.490368087872657,1.000000003474517
33,nsfnet,11,0.8,moving_average,critical_failure_fixed,"NCSA, University of Illinois, Champaign -> Merit Univ of Michigan, Ann Arbor & Merit Univ of Michigan, Ann Arbor -> NCSA, University of Illinois, Champaign",5,San Diego Supercomputer Center,"Merit Univ of Michigan, Ann Arbor",3.4279716,3.4279715730557063,1.0000000078601274
33,nsfnet,11,0.8,moving_average,random_failure_fixed,"MIDnet, Lincoln, NE -> NCSA, University of Illinois, Champaign & NCSA, University of Illinois, Champaign -> MIDnet, Lincoln, NE",1,Pittsburgh Supercomputer Center,"MIDnet, Lincoln, NE",3.5154454,3.5154453661611824,1.0000000096257555
33,nsfnet,11,0.8,moving_average,random_failure_fixed,"MIDnet, Lincoln, NE -> NCSA, University of Illinois, Champaign & NCSA, University of Illinois, Champaign -> MIDnet, Lincoln, NE",2,"MIDnet, Lincoln, NE","Cornell Theory Center, Ithaca NY",3.4903681,3.490368087872657,1.000000003474517
33,nsfnet,11,0.8,moving_average,random_failure_fixed,"MIDnet, Lincoln, NE -> NCSA, University of Illinois, Champaign & NCSA, University of Illinois, Champaign -> MIDnet, Lincoln, NE",3,"MIDnet, Lincoln, NE","SEQSUINET, Rice University, Houston",3.3857298,3.385729836306717,0.9999999892765463
33,nsfnet,11,0.8,moving_average,random_failure_fixed,"MIDnet, Lincoln, NE -> NCSA, University of Illinois, Champaign & NCSA, University of Illinois, Champaign -> MIDnet, Lincoln, NE",4,"MIDnet, Lincoln, NE","NorthWestNet, Seattle",3.3583376,3.3583376081379215,0.9999999975768007
33,nsfnet,11,0.8,moving_average,random_failure_fixed,"MIDnet, Lincoln, NE -> NCSA, University of Illinois, Champaign & NCSA, University of Illinois, Champaign -> MIDnet, Lincoln, NE",5,"SURANET, Georgia Tech, Atlanta","MIDnet, Lincoln, NE",3.2273328,3.227332823821589,0.9999999926188001
33,nsfnet,11,0.8,linear_autoregressive,critical_failure_fixed,"NCSA, University of Illinois, Champaign -> Merit Univ of Michigan, Ann Arbor & Merit Univ of Michigan, Ann Arbor -> NCSA, University of Illinois, Champaign",1,Pittsburgh Supercomputer Center,"MIDnet, Lincoln, NE",2.9544054,2.9544054424521056,0.9999999856309142
33,nsfnet,11,0.8,linear_autoregressive,critical_failure_fixed,"NCSA, University of Illinois, Champaign -> Merit Univ of Michigan, Ann Arbor & Merit Univ of Michigan, Ann Arbor -> NCSA, University of Illinois, Champaign",2,"Merit Univ of Michigan, Ann Arbor","NCSA, University of Illinois, Champaign",2.9294249,2.9294248903807256,1.0000000032836733
33,nsfnet,11,0.8,linear_autoregressive,critical_failure_fixed,"NCSA, University of Illinois, Champaign -> Merit Univ of Michigan, Ann Arbor & Merit Univ of Michigan, Ann Arbor -> NCSA, University of Illinois, Champaign",3,"MIDnet, Lincoln, NE","Cornell Theory Center, Ithaca NY",2.8729554,2.872955362539562,1.0000000130389906
33,nsfnet,11,0.8,linear_autoregressive,critical_failure_fixed,"NCSA, University of Illinois, Champaign -> Merit Univ of Michigan, Ann Arbor & Merit Univ of Michigan, Ann Arbor -> NCSA, University of Illinois, Champaign",4,"SURANET, Georgia Tech, Atlanta","Merit Univ of Michigan, Ann Arbor",2.6538157,2.653815679905138,1.000000007572064
33,nsfnet,11,0.8,linear_autoregressive,critical_failure_fixed,"NCSA, University of Illinois, Champaign -> Merit Univ of Michigan, Ann Arbor & Merit Univ of Michigan, Ann Arbor -> NCSA, University of Illinois, Champaign",5,San Diego Supercomputer Center,"Merit Univ of Michigan, Ann Arbor",2.542441,2.625726822750036,0.9682808500760918
33,nsfnet,11,0.8,linear_autoregressive,random_failure_fixed,"MIDnet, Lincoln, NE -> NCSA, University of Illinois, Champaign & NCSA, University of Illinois, Champaign -> MIDnet, Lincoln, NE",1,Pittsburgh Supercomputer Center,"MIDnet, Lincoln, NE",2.9544054,2.9544054424521056,0.9999999856309142
33,nsfnet,11,0.8,linear_autoregressive,random_failure_fixed,"MIDnet, Lincoln, NE -> NCSA, University of Illinois, Champaign & NCSA, University of Illinois, Champaign -> MIDnet, Lincoln, NE",2,"MIDnet, Lincoln, NE","Cornell Theory Center, Ithaca NY",2.8729554,2.872955362539562,1.0000000130389906
33,nsfnet,11,0.8,linear_autoregressive,random_failure_fixed,"MIDnet, Lincoln, NE -> NCSA, University of Illinois, Champaign & NCSA, University of Illinois, Champaign -> MIDnet, Lincoln, NE",3,"MIDnet, Lincoln, NE","NorthWestNet, Seattle",2.7691222,2.769122239980148,0.9999999855621585
33,nsfnet,11,0.8,linear_autoregressive,random_failure_fixed,"MIDnet, Lincoln, NE -> NCSA, University of Illinois, Champaign & NCSA, University of Illinois, Champaign -> MIDnet, Lincoln, NE",4,"MIDnet, Lincoln, NE","SEQSUINET, Rice University, Houston",2.730285,2.7302849835344354,1.0000000060307128
33,nsfnet,11,0.8,linear_autoregressive,random_failure_fixed,"MIDnet, Lincoln, NE -> NCSA, University of Illinois, Champaign & NCSA, University of Illinois, Champaign -> MIDnet, Lincoln, NE",5,"MIDnet, Lincoln, NE","BARRnet, Palo Alto",2.5032433,2.50324325044352,1.0000000197969094
33,nsfnet,11,0.8,lstm,critical_failure_fixed,"NCSA, University of Illinois, Champaign -> Merit Univ of Michigan, Ann Arbor & Merit Univ of Michigan, Ann Arbor -> NCSA, University of Illinois, Champaign",1,"MIDnet, Lincoln, NE","Cornell Theory Center, Ithaca NY",4.3126502,4.312650203704834,0.9999999991409381
33,nsfnet,11,0.8,lstm,critical_failure_fixed,"NCSA, University of Illinois, Champaign -> Merit Univ of Michigan, Ann Arbor & Merit Univ of Michigan, Ann Arbor -> NCSA, University of Illinois, Champaign",2,"Merit Univ of Michigan, Ann Arbor","NCSA, University of Illinois, Champaign",4.3047462,4.304746150970459,1.0000000113896474
33,nsfnet,11,0.8,lstm,critical_failure_fixed,"NCSA, University of Illinois, Champaign -> Merit Univ of Michigan, Ann Arbor & Merit Univ of Michigan, Ann Arbor -> NCSA, University of Illinois, Champaign",3,Pittsburgh Supercomputer Center,"MIDnet, Lincoln, NE",4.2568712,4.256871223449707,0.999999994491328
33,nsfnet,11,0.8,lstm,critical_failure_fixed,"NCSA, University of Illinois, Champaign -> Merit Univ of Michigan, Ann Arbor & Merit Univ of Michigan, Ann Arbor -> NCSA, University of Illinois, Champaign",4,"SURANET, Georgia Tech, Atlanta","Merit Univ of Michigan, Ann Arbor",4.0819569,4.08195686340332,1.0000000089654744
33,nsfnet,11,0.8,lstm,critical_failure_fixed,"NCSA, University of Illinois, Champaign -> Merit Univ of Michigan, Ann Arbor & Merit Univ of Michigan, Ann Arbor -> NCSA, University of Illinois, Champaign",5,San Diego Supercomputer Center,"Merit Univ of Michigan, Ann Arbor",3.9990675,3.999067544937134,0.9999999887630971
33,nsfnet,11,0.8,lstm,random_failure_fixed,"MIDnet, Lincoln, NE -> NCSA, University of Illinois, Champaign & NCSA, University of Illinois, Champaign -> MIDnet, Lincoln, NE",1,"MIDnet, Lincoln, NE","Cornell Theory Center, Ithaca NY",4.3126502,4.312650203704834,0.9999999991409381
33,nsfnet,11,0.8,lstm,random_failure_fixed,"MIDnet, Lincoln, NE -> NCSA, University of Illinois, Champaign & NCSA, University of Illinois, Champaign -> MIDnet, Lincoln, NE",2,Pittsburgh Supercomputer Center,"MIDnet, Lincoln, NE",4.2568712,4.256871223449707,0.999999994491328
33,nsfnet,11,0.8,lstm,random_failure_fixed,"MIDnet, Lincoln, NE -> NCSA, University of Illinois, Champaign & NCSA, University of Illinois, Champaign -> MIDnet, Lincoln, NE",3,"MIDnet, Lincoln, NE","NorthWestNet, Seattle",4.1590433,4.159043312072754,0.9999999970972282
33,nsfnet,11,0.8,lstm,random_failure_fixed,"MIDnet, Lincoln, NE -> NCSA, University of Illinois, Champaign & NCSA, University of Illinois, Champaign -> MIDnet, Lincoln, NE",4,"MIDnet, Lincoln, NE","SEQSUINET, Rice University, Houston",4.1346197,4.13461971282959,0.9999999968970327
33,nsfnet,11,0.8,lstm,random_failure_fixed,"MIDnet, Lincoln, NE -> NCSA, University of Illinois, Champaign & NCSA, University of Illinois, Champaign -> MIDnet, Lincoln, NE",5,"MIDnet, Lincoln, NE","Westnet, Salt Lake City",3.7681737,3.7681736946105957,1.000000001430243
33,nsfnet,11,0.8,uncertainty_aware_lstm_robust_lp,critical_failure_fixed,"NCSA, University of Illinois, Champaign -> Merit Univ of Michigan, Ann Arbor & Merit Univ of Michigan, Ann Arbor -> NCSA, University of Illinois, Champaign",1,"Westnet, Salt Lake City","Cornell Theory Center, Ithaca NY",4.6718936,4.67189359664917,1.0000000007172316
33,nsfnet,11,0.8,uncertainty_aware_lstm_robust_lp,critical_failure_fixed,"NCSA, University of Illinois, Champaign -> Merit Univ of Michigan, Ann Arbor & Merit Univ of Michigan, Ann Arbor -> NCSA, University of Illinois, Champaign",2,"Merit Univ of Michigan, Ann Arbor","NCSA, University of Illinois, Champaign",4.5193624,4.519362449645996,0.9999999890148231
33,nsfnet,11,0.8,uncertainty_aware_lstm_robust_lp,critical_failure_fixed,"NCSA, University of Illinois, Champaign -> Merit Univ of Michigan, Ann Arbor & Merit Univ of Michigan, Ann Arbor -> NCSA, University of Illinois, Champaign",3,"MIDnet, Lincoln, NE","Cornell Theory Center, Ithaca NY",4.5185852,4.518585205078125,0.9999999988761693
33,nsfnet,11,0.8,uncertainty_aware_lstm_robust_lp,critical_failure_fixed,"NCSA, University of Illinois, Champaign -> Merit Univ of Michigan, Ann Arbor & Merit Univ of Michigan, Ann Arbor -> NCSA, University of Illinois, Champaign",4,Pittsburgh Supercomputer Center,"MIDnet, Lincoln, NE",4.4433956,4.443395614624023,0.999999996708818
33,nsfnet,11,0.8,uncertainty_aware_lstm_robust_lp,critical_failure_fixed,"NCSA, University of Illinois, Champaign -> Merit Univ of Michigan, Ann Arbor & Merit Univ of Michigan, Ann Arbor -> NCSA, University of Illinois, Champaign",5,"Cornell Theory Center, Ithaca NY","NCAR, Boulder",4.0155287,4.015528678894043,1.0000000052560842
33,nsfnet,11,0.8,uncertainty_aware_lstm_robust_lp,random_failure_fixed,"MIDnet, Lincoln, NE -> NCSA, University of Illinois, Champaign & NCSA, University of Illinois, Champaign -> MIDnet, Lincoln, NE",1,"MIDnet, Lincoln, NE","Cornell Theory Center, Ithaca NY",4.5185852,4.518585205078125,0.9999999988761693
33,nsfnet,11,0.8,uncertainty_aware_lstm_robust_lp,random_failure_fixed,"MIDnet, Lincoln, NE -> NCSA, University of Illinois, Champaign & NCSA, University of Illinois, Champaign -> MIDnet, Lincoln, NE",2,Pittsburgh Supercomputer Center,"MIDnet, Lincoln, NE",4.4433956,4.443395614624023,0.999999996708818
33,nsfnet,11,0.8,uncertainty_aware_lstm_robust_lp,random_failure_fixed,"MIDnet, Lincoln, NE -> NCSA, University of Illinois, Champaign & NCSA, University of Illinois, Champaign -> MIDnet, Lincoln, NE",3,"MIDnet, Lincoln, NE","NorthWestNet, Seattle",4.364234,4.36423397064209,1.000000006726933
33,nsfnet,11,0.8,uncertainty_aware_lstm_robust_lp,random_failure_fixed,"MIDnet, Lincoln, NE -> NCSA, University of Illinois, Champaign & NCSA, University of Illinois, Champaign -> MIDnet, Lincoln, NE",4,"MIDnet, Lincoln, NE","SEQSUINET, Rice University, Houston",4.3445168,4.344516754150391,1.0000000105534428
33,nsfnet,11,0.8,uncertainty_aware_lstm_robust_lp,random_failure_fixed,"MIDnet, Lincoln, NE -> NCSA, University of Illinois, Champaign & NCSA, University of Illinois, Champaign -> MIDnet, Lincoln, NE",5,"MIDnet, Lincoln, NE","Westnet, Salt Lake City",3.9468186,3.9468185901641846,1.000000002492087
34,nsfnet,11,0.8,current_demand_lp,critical_failure_fixed,"NCSA, University of Illinois, Champaign -> Merit Univ of Michigan, Ann Arbor & Merit Univ of Michigan, Ann Arbor -> NCSA, University of Illinois, Champaign",1,Pittsburgh Supercomputer Center,"MIDnet, Lincoln, NE",3.6637205,3.6637205297635944,0.9999999918761286
34,nsfnet,11,0.8,current_demand_lp,critical_failure_fixed,"NCSA, University of Illinois, Champaign -> Merit Univ of Michigan, Ann Arbor & Merit Univ of Michigan, Ann Arbor -> NCSA, University of Illinois, Champaign",2,San Diego Supercomputer Center,"Merit Univ of Michigan, Ann Arbor",3.0109263,3.0109263386870793,0.999999987151104
34,nsfnet,11,0.8,current_demand_lp,critical_failure_fixed,"NCSA, University of Illinois, Champaign -> Merit Univ of Michigan, Ann Arbor & Merit Univ of Michigan, Ann Arbor -> NCSA, University of Illinois, Champaign",3,"MIDnet, Lincoln, NE","BARRnet, Palo Alto",2.7944995,2.7944995171995135,0.9999999938452259
34,nsfnet,11,0.8,current_demand_lp,critical_failure_fixed,"NCSA, University of Illinois, Champaign -> Merit Univ of Michigan, Ann Arbor & Merit Univ of Michigan, Ann Arbor -> NCSA, University of Illinois, Champaign",4,"NCSA, University of Illinois, Champaign",Pittsburgh Supercomputer Center,2.7669433,2.7669432836087657,1.0000000059239502
34,nsfnet,11,0.8,current_demand_lp,critical_failure_fixed,"NCSA, University of Illinois, Champaign -> Merit Univ of Michigan, Ann Arbor & Merit Univ of Michigan, Ann Arbor -> NCSA, University of Illinois, Champaign",5,"Merit Univ of Michigan, Ann Arbor","NCSA, University of Illinois, Champaign",2.7573378,2.757337771101845,1.0000000104804552
34,nsfnet,11,0.8,current_demand_lp,random_failure_fixed,"SEQSUINET, Rice University, Houston -> SURANET, Georgia Tech, Atlanta & SURANET, Georgia Tech, Atlanta -> SEQSUINET, Rice University, Houston",1,"Jon Von Neumann Center, Princeton, NJ","NorthWestNet, Seattle",2.9862459,2.9862458833402186,1.0000000055788378
34,nsfnet,11,0.8,current_demand_lp,random_failure_fixed,"SEQSUINET, Rice University, Houston -> SURANET, Georgia Tech, Atlanta & SURANET, Georgia Tech, Atlanta -> SEQSUINET, Rice University, Houston",2,"NCSA, University of Illinois, Champaign","SURANET, Georgia Tech, Atlanta",2.7691233,2.7691232994113806,1.0000000002125653
34,nsfnet,11,0.8,current_demand_lp,random_failure_fixed,"SEQSUINET, Rice University, Houston -> SURANET, Georgia Tech, Atlanta & SURANET, Georgia Tech, Atlanta -> SEQSUINET, Rice University, Houston",3,"SURANET, Georgia Tech, Atlanta","Merit Univ of Michigan, Ann Arbor",2.6683392,2.668339221180369,0.9999999920623401
34,nsfnet,11,0.8,current_demand_lp,random_failure_fixed,"SEQSUINET, Rice University, Houston -> SURANET, Georgia Tech, Atlanta & SURANET, Georgia Tech, Atlanta -> SEQSUINET, Rice University, Houston",4,"Jon Von Neumann Center, Princeton, NJ",San Diego Supercomputer Center,2.6632631,2.663263120907819,0.999999992149548
34,nsfnet,11,0.8,current_demand_lp,random_failure_fixed,"SEQSUINET, Rice University, Houston -> SURANET, Georgia Tech, Atlanta & SURANET, Georgia Tech, Atlanta -> SEQSUINET, Rice University, Houston",5,"SURANET, Georgia Tech, Atlanta","MIDnet, Lincoln, NE",2.6271678,2.6271677935637534,1.0000000024498803
34,nsfnet,11,0.8,robust_current_demand_lp,critical_failure_fixed,"NCSA, University of Illinois, Champaign -> Merit Univ of Michigan, Ann Arbor & Merit Univ of Michigan, Ann Arbor -> NCSA, University of Illinois, Champaign",1,Pittsburgh Supercomputer Center,"MIDnet, Lincoln, NE",3.6637205,3.6637205297635944,0.9999999918761286
34,nsfnet,11,0.8,robust_current_demand_lp,critical_failure_fixed,"NCSA, University of Illinois, Champaign -> Merit Univ of Michigan, Ann Arbor & Merit Univ of Michigan, Ann Arbor -> NCSA, University of Illinois, Champaign",2,"Westnet, Salt Lake City","Cornell Theory Center, Ithaca NY",2.934804,2.934803972782996,1.0000000092738746
34,nsfnet,11,0.8,robust_current_demand_lp,critical_failure_fixed,"NCSA, University of Illinois, Champaign -> Merit Univ of Michigan, Ann Arbor & Merit Univ of Michigan, Ann Arbor -> NCSA, University of Illinois, Champaign",3,"MIDnet, Lincoln, NE","BARRnet, Palo Alto",2.7944995,2.7944995171995135,0.9999999938452259
34,nsfnet,11,0.8,robust_current_demand_lp,critical_failure_fixed,"NCSA, University of Illinois, Champaign -> Merit Univ of Michigan, Ann Arbor & Merit Univ of Michigan, Ann Arbor -> NCSA, University of Illinois, Champaign",4,"NCSA, University of Illinois, Champaign",Pittsburgh Supercomputer Center,2.7669433,2.7669432836087657,1.0000000059239502
34,nsfnet,11,0.8,robust_current_demand_lp,critical_failure_fixed,"NCSA, University of Illinois, Champaign -> Merit Univ of Michigan, Ann Arbor & Merit Univ of Michigan, Ann Arbor -> NCSA, University of Illinois, Champaign",5,"Merit Univ of Michigan, Ann Arbor","NCSA, University of Illinois, Champaign",2.7573378,2.757337771101845,1.0000000104804552
34,nsfnet,11,0.8,robust_current_demand_lp,random_failure_fixed,"SEQSUINET, Rice University, Houston -> SURANET, Georgia Tech, Atlanta & SURANET, Georgia Tech, Atlanta -> SEQSUINET, Rice University, Houston",1,"Jon Von Neumann Center, Princeton, NJ","NorthWestNet, Seattle",2.9862459,2.9862458833402186,1.0000000055788378
34,nsfnet,11,0.8,robust_current_demand_lp,random_failure_fixed,"SEQSUINET, Rice University, Houston -> SURANET, Georgia Tech, Atlanta & SURANET, Georgia Tech, Atlanta -> SEQSUINET, Rice University, Houston",2,"NCSA, University of Illinois, Champaign","SURANET, Georgia Tech, Atlanta",2.7691233,2.7691232994113806,1.0000000002125653
34,nsfnet,11,0.8,robust_current_demand_lp,random_failure_fixed,"SEQSUINET, Rice University, Houston -> SURANET, Georgia Tech, Atlanta & SURANET, Georgia Tech, Atlanta -> SEQSUINET, Rice University, Houston",3,"Jon Von Neumann Center, Princeton, NJ",San Diego Supercomputer Center,2.6632631,2.663263120907819,0.999999992149548
34,nsfnet,11,0.8,robust_current_demand_lp,random_failure_fixed,"SEQSUINET, Rice University, Houston -> SURANET, Georgia Tech, Atlanta & SURANET, Georgia Tech, Atlanta -> SEQSUINET, Rice University, Houston",4,"SURANET, Georgia Tech, Atlanta","MIDnet, Lincoln, NE",2.6271678,2.6271677935637534,1.0000000024498803
34,nsfnet,11,0.8,robust_current_demand_lp,random_failure_fixed,"SEQSUINET, Rice University, Houston -> SURANET, Georgia Tech, Atlanta & SURANET, Georgia Tech, Atlanta -> SEQSUINET, Rice University, Houston",5,"SURANET, Georgia Tech, Atlanta",San Diego Supercomputer Center,2.5715449,2.5715449438604905,0.9999999829439146
34,nsfnet,11,0.8,moving_average,critical_failure_fixed,"NCSA, University of Illinois, Champaign -> Merit Univ of Michigan, Ann Arbor & Merit Univ of Michigan, Ann Arbor -> NCSA, University of Illinois, Champaign",1,Pittsburgh Supercomputer Center,"MIDnet, Lincoln, NE",3.2398814,3.239881420439385,0.9999999936913169
34,nsfnet,11,0.8,moving_average,critical_failure_fixed,"NCSA, University of Illinois, Champaign -> Merit Univ of Michigan, Ann Arbor & Merit Univ of Michigan, Ann Arbor -> NCSA, University of Illinois, Champaign",2,San Diego Supercomputer Center,"Merit Univ of Michigan, Ann Arbor",3.1314119,3.131411905129835,0.999999998361814
34,nsfnet,11,0.8,moving_average,critical_failure_fixed,"NCSA, University of Illinois, Champaign -> Merit Univ of Michigan, Ann Arbor & Merit Univ of Michigan, Ann Arbor -> NCSA, University of Illinois, Champaign",3,"Merit Univ of Michigan, Ann Arbor","NCSA, University of Illinois, Champaign",3.1252206,3.1252206042384176,0.9999999986438021
34,nsfnet,11,0.8,moving_average,critical_failure_fixed,"NCSA, University of Illinois, Champaign -> Merit Univ of Michigan, Ann Arbor & Merit Univ of Michigan, Ann Arbor -> NCSA, University of Illinois, Champaign",4,"SURANET, Georgia Tech, Atlanta","Merit Univ of Michigan, Ann Arbor",3.0696371,3.069637060281469,1.000000012939162
34,nsfnet,11,0.8,moving_average,critical_failure_fixed,"NCSA, University of Illinois, Champaign -> Merit Univ of Michigan, Ann Arbor & Merit Univ of Michigan, Ann Arbor -> NCSA, University of Illinois, Champaign",5,"MIDnet, Lincoln, NE","Cornell Theory Center, Ithaca NY",2.9918388,2.991838843182203,0.999999985566668
34,nsfnet,11,0.8,moving_average,random_failure_fixed,"SEQSUINET, Rice University, Houston -> SURANET, Georgia Tech, Atlanta & SURANET, Georgia Tech, Atlanta -> SEQSUINET, Rice University, Houston",1,"SURANET, Georgia Tech, Atlanta","Merit Univ of Michigan, Ann Arbor",3.0696371,3.069637060281469,1.000000012939162
34,nsfnet,11,0.8,moving_average,random_failure_fixed,"SEQSUINET, Rice University, Houston -> SURANET, Georgia Tech, Atlanta & SURANET, Georgia Tech, Atlanta -> SEQSUINET, Rice University, Houston",2,"Jon Von Neumann Center, Princeton, NJ",San Diego Supercomputer Center,3.0618244,3.061824359059878,1.000000013371153
34,nsfnet,11,0.8,moving_average,random_failure_fixed,"SEQSUINET, Rice University, Houston -> SURANET, Georgia Tech, Atlanta & SURANET, Georgia Tech, Atlanta -> SEQSUINET, Rice University, Houston",3,"Jon Von Neumann Center, Princeton, NJ","NorthWestNet, Seattle",3.0495202,3.049520241131638,0.9999999865120954
34,nsfnet,11,0.8,moving_average,random_failure_fixed,"SEQSUINET, Rice University, Houston -> SURANET, Georgia Tech, Atlanta & SURANET, Georgia Tech, Atlanta -> SEQSUINET, Rice University, Houston",4,"NCSA, University of Illinois, Champaign","SURANET, Georgia Tech, Atlanta",2.8654424,2.865442388350041,1.0000000040656756
34,nsfnet,11,0.8,moving_average,random_failure_fixed,"SEQSUINET, Rice University, Houston -> SURANET, Georgia Tech, Atlanta & SURANET, Georgia Tech, Atlanta -> SEQSUINET, Rice University, Houston",5,"SURANET, Georgia Tech, Atlanta","MIDnet, Lincoln, NE",2.8417758,2.8417757981561467,1.0000000006488385
34,nsfnet,11,0.8,linear_autoregressive,critical_failure_fixed,"NCSA, University of Illinois, Champaign -> Merit Univ of Michigan, Ann Arbor & Merit Univ of Michigan, Ann Arbor -> NCSA, University of Illinois, Champaign",1,"Merit Univ of Michigan, Ann Arbor","NCSA, University of Illinois, Champaign",2.9298878,2.9298877729864357,1.0000000092199997
34,nsfnet,11,0.8,linear_autoregressive,critical_failure_fixed,"NCSA, University of Illinois, Champaign -> Merit Univ of Michigan, Ann Arbor & Merit Univ of Michigan, Ann Arbor -> NCSA, University of Illinois, Champaign",2,Pittsburgh Supercomputer Center,"MIDnet, Lincoln, NE",2.9092503,2.9092502936238813,1.0000000021916708
34,nsfnet,11,0.8,linear_autoregressive,critical_failure_fixed,"NCSA, University of Illinois, Champaign -> Merit Univ of Michigan, Ann Arbor & Merit Univ of Michigan, Ann Arbor -> NCSA, University of Illinois, Champaign",3,"SURANET, Georgia Tech, Atlanta","Merit Univ of Michigan, Ann Arbor",2.8549773,2.8549773172719313,0.9999999939502386
34,nsfnet,11,0.8,linear_autoregressive,critical_failure_fixed,"NCSA, University of Illinois, Champaign -> Merit Univ of Michigan, Ann Arbor & Merit Univ of Michigan, Ann Arbor -> NCSA, University of Illinois, Champaign",4,"MIDnet, Lincoln, NE","Cornell Theory Center, Ithaca NY",2.5886204,2.5886203732004467,1.0000000103528326
34,nsfnet,11,0.8,linear_autoregressive,critical_failure_fixed,"NCSA, University of Illinois, Champaign -> Merit Univ of Michigan, Ann Arbor & Merit Univ of Michigan, Ann Arbor -> NCSA, University of Illinois, Champaign",5,"MIDnet, Lincoln, NE","BARRnet, Palo Alto",2.5321167,2.5321167224560126,0.9999999911315255
34,nsfnet,11,0.8,linear_autoregressive,random_failure_fixed,"SEQSUINET, Rice University, Houston -> SURANET, Georgia Tech, Atlanta & SURANET, Georgia Tech, Atlanta -> SEQSUINET, Rice University, Houston",1,"Jon Von Neumann Center, Princeton, NJ",San Diego Supercomputer Center,2.8802882,2.880288167828222,1.0000000111696385
34,nsfnet,11,0.8,linear_autoregressive,random_failure_fixed,"SEQSUINET, Rice University, Houston -> SURANET, Georgia Tech, Atlanta & SURANET, Georgia Tech, Atlanta -> SEQSUINET, Rice University, Houston",2,"SURANET, Georgia Tech, Atlanta","Merit Univ of Michigan, Ann Arbor",2.8549773,2.8549773172719313,0.9999999939502386
34,nsfnet,11,0.8,linear_autoregressive,random_failure_fixed,"SEQSUINET, Rice University, Houston -> SURANET, Georgia Tech, Atlanta & SURANET, Georgia Tech, Atlanta -> SEQSUINET, Rice University, Houston",3,"Jon Von Neumann Center, Princeton, NJ","NorthWestNet, Seattle",2.5414194,2.5414194130725245,0.9999999948562113
34,nsfnet,11,0.8,linear_autoregressive,random_failure_fixed,"SEQSUINET, Rice University, Houston -> SURANET, Georgia Tech, Atlanta & SURANET, Georgia Tech, Atlanta -> SEQSUINET, Rice University, Houston",4,"SURANET, Georgia Tech, Atlanta",San Diego Supercomputer Center,2.5360397,2.5360397264347756,0.9999999895763558
34,nsfnet,11,0.8,linear_autoregressive,random_failure_fixed,"SEQSUINET, Rice University, Houston -> SURANET, Georgia Tech, Atlanta & SURANET, Georgia Tech, Atlanta -> SEQSUINET, Rice University, Houston",5,San Diego Supercomputer Center,"Jon Von Neumann Center, Princeton, NJ",2.4386124,2.4386123894060048,1.0000000043442718
34,nsfnet,11,0.8,lstm,critical_failure_fixed,"NCSA, University of Illinois, Champaign -> Merit Univ of Michigan, Ann Arbor & Merit Univ of Michigan, Ann Arbor -> NCSA, University of Illinois, Champaign",1,"MIDnet, Lincoln, NE","Cornell Theory Center, Ithaca NY",4.3126502,4.312650203704834,0.9999999991409381
34,nsfnet,11,0.8,lstm,critical_failure_fixed,"NCSA, University of Illinois, Champaign -> Merit Univ of Michigan, Ann Arbor & Merit Univ of Michigan, Ann Arbor -> NCSA, University of Illinois, Champaign",2,"Merit Univ of Michigan, Ann Arbor","NCSA, University of Illinois, Champaign",4.3047462,4.304746150970459,1.0000000113896474
34,nsfnet,11,0.8,lstm,critical_failure_fixed,"NCSA, University of Illinois, Champaign -> Merit Univ of Michigan, Ann Arbor & Merit Univ of Michigan, Ann Arbor -> NCSA, University of Illinois, Champaign",3,Pittsburgh Supercomputer Center,"MIDnet, Lincoln, NE",4.2568717,4.256871700286865,0.9999999999326111
34,nsfnet,11,0.8,lstm,critical_failure_fixed,"NCSA, University of Illinois, Champaign -> Merit Univ of Michigan, Ann Arbor & Merit Univ of Michigan, Ann Arbor -> NCSA, University of Illinois, Champaign",4,"SURANET, Georgia Tech, Atlanta","Merit Univ of Michigan, Ann Arbor",4.0819569,4.08195686340332,1.0000000089654744
34,nsfnet,11,0.8,lstm,critical_failure_fixed,"NCSA, University of Illinois, Champaign -> Merit Univ of Michigan, Ann Arbor & Merit Univ of Michigan, Ann Arbor -> NCSA, University of Illinois, Champaign",5,San Diego Supercomputer Center,"Merit Univ of Michigan, Ann Arbor",3.9990675,3.999067544937134,0.9999999887630971
34,nsfnet,11,0.8,lstm,random_failure_fixed,"SEQSUINET, Rice University, Houston -> SURANET, Georgia Tech, Atlanta & SURANET, Georgia Tech, Atlanta -> SEQSUINET, Rice University, Houston",1,"Jon Von Neumann Center, Princeton, NJ",San Diego Supercomputer Center,4.2722907,4.2722907066345215,0.999999998447081
34,nsfnet,11,0.8,lstm,random_failure_fixed,"SEQSUINET, Rice University, Houston -> SURANET, Georgia Tech, Atlanta & SURANET, Georgia Tech, Atlanta -> SEQSUINET, Rice University, Houston",2,"SURANET, Georgia Tech, Atlanta","Merit Univ of Michigan, Ann Arbor",4.0819569,4.08195686340332,1.0000000089654744
34,nsfnet,11,0.8,lstm,random_failure_fixed,"SEQSUINET, Rice University, Houston -> SURANET, Georgia Tech, Atlanta & SURANET, Georgia Tech, Atlanta -> SEQSUINET, Rice University, Houston",3,"SURANET, Georgia Tech, Atlanta",San Diego Supercomputer Center,4.019825,4.019824981689453,1.0000000045550608
34,nsfnet,11,0.8,lstm,random_failure_fixed,"SEQSUINET, Rice University, Houston -> SURANET, Georgia Tech, Atlanta & SURANET, Georgia Tech, Atlanta -> SEQSUINET, Rice University, Houston",4,"Jon Von Neumann Center, Princeton, NJ","NorthWestNet, Seattle",3.8354225,3.8354225158691406,0.9999999958624791
34,nsfnet,11,0.8,lstm,random_failure_fixed,"SEQSUINET, Rice University, Houston -> SURANET, Georgia Tech, Atlanta & SURANET, Georgia Tech, Atlanta -> SEQSUINET, Rice University, Houston",5,"NCSA, University of Illinois, Champaign","SURANET, Georgia Tech, Atlanta",3.7612598,3.7612597942352295,1.0000000015326702
34,nsfnet,11,0.8,uncertainty_aware_lstm_robust_lp,critical_failure_fixed,"NCSA, University of Illinois, Champaign -> Merit Univ of Michigan, Ann Arbor & Merit Univ of Michigan, Ann Arbor -> NCSA, University of Illinois, Champaign",1,"Westnet, Salt Lake City","Cornell Theory Center, Ithaca NY",4.6718936,4.67189359664917,1.0000000007172316
34,nsfnet,11,0.8,uncertainty_aware_lstm_robust_lp,critical_failure_fixed,"NCSA, University of Illinois, Champaign -> Merit Univ of Michigan, Ann Arbor & Merit Univ of Michigan, Ann Arbor -> NCSA, University of Illinois, Champaign",2,"Merit Univ of Michigan, Ann Arbor","NCSA, University of Illinois, Champaign",4.5193624,4.519362449645996,0.9999999890148231
34,nsfnet,11,0.8,uncertainty_aware_lstm_robust_lp,critical_failure_fixed,"NCSA, University of Illinois, Champaign -> Merit Univ of Michigan, Ann Arbor & Merit Univ of Michigan, Ann Arbor -> NCSA, University of Illinois, Champaign",3,"MIDnet, Lincoln, NE","Cornell Theory Center, Ithaca NY",4.5185852,4.518585205078125,0.9999999988761693
34,nsfnet,11,0.8,uncertainty_aware_lstm_robust_lp,critical_failure_fixed,"NCSA, University of Illinois, Champaign -> Merit Univ of Michigan, Ann Arbor & Merit Univ of Michigan, Ann Arbor -> NCSA, University of Illinois, Champaign",4,Pittsburgh Supercomputer Center,"MIDnet, Lincoln, NE",4.4433961,4.443396091461182,1.0000000019216875
34,nsfnet,11,0.8,uncertainty_aware_lstm_robust_lp,critical_failure_fixed,"NCSA, University of Illinois, Champaign -> Merit Univ of Michigan, Ann Arbor & Merit Univ of Michigan, Ann Arbor -> NCSA, University of Illinois, Champaign",5,"Cornell Theory Center, Ithaca NY","NCAR, Boulder",4.0155287,4.015528678894043,1.0000000052560842
34,nsfnet,11,0.8,uncertainty_aware_lstm_robust_lp,random_failure_fixed,"SEQSUINET, Rice University, Houston -> SURANET, Georgia Tech, Atlanta & SURANET, Georgia Tech, Atlanta -> SEQSUINET, Rice University, Houston",1,"Jon Von Neumann Center, Princeton, NJ",San Diego Supercomputer Center,4.4875336,4.4875335693359375,1.000000006833166
34,nsfnet,11,0.8,uncertainty_aware_lstm_robust_lp,random_failure_fixed,"SEQSUINET, Rice University, Houston -> SURANET, Georgia Tech, Atlanta & SURANET, Georgia Tech, Atlanta -> SEQSUINET, Rice University, Houston",2,"SURANET, Georgia Tech, Atlanta",San Diego Supercomputer Center,4.2335224,4.233522415161133,0.99999999641879
34,nsfnet,11,0.8,uncertainty_aware_lstm_robust_lp,random_failure_fixed,"SEQSUINET, Rice University, Houston -> SURANET, Georgia Tech, Atlanta & SURANET, Georgia Tech, Atlanta -> SEQSUINET, Rice University, Houston",3,"Jon Von Neumann Center, Princeton, NJ","NorthWestNet, Seattle",4.0222363,4.022236347198486,0.999999988265611
34,nsfnet,11,0.8,uncertainty_aware_lstm_robust_lp,random_failure_fixed,"SEQSUINET, Rice University, Houston -> SURANET, Georgia Tech, Atlanta & SURANET, Georgia Tech, Atlanta -> SEQSUINET, Rice University, Houston",4,"NCSA, University of Illinois, Champaign","SURANET, Georgia Tech, Atlanta",3.9757073,3.9757072925567627,1.0000000018721793
34,nsfnet,11,0.8,uncertainty_aware_lstm_robust_lp,random_failure_fixed,"SEQSUINET, Rice University, Houston -> SURANET, Georgia Tech, Atlanta & SURANET, Georgia Tech, Atlanta -> SEQSUINET, Rice University, Houston",5,San Diego Supercomputer Center,"Jon Von Neumann Center, Princeton, NJ",3.8281965,3.8281965255737305,0.9999999933196401
