time_step,topology,seed,load_scale,method,scenario,failed_link,commodity_rank,source,destination,path_rank,path_flow,path_nodes,path_edges,contains_failed_link
22,nsfnet,11,0.8,current_demand_lp,critical_failure_fixed,"NCSA, University of Illinois, Champaign -> Merit Univ of Michigan, Ann Arbor & Merit Univ of Michigan, Ann Arbor -> NCSA, University of Illinois, Champaign",1,"MIDnet, Lincoln, NE","Cornell Theory Center, Ithaca NY",1,4.2337961,"MIDnet, Lincoln, NE | NCSA, University of Illinois, Champaign | Merit Univ of Michigan, Ann Arbor | Cornell Theory Center, Ithaca NY","MIDnet, Lincoln, NE->NCSA, University of Illinois, Champaign | NCSA, University of Illinois, Champaign->Merit Univ of Michigan, Ann Arbor | Merit Univ of Michigan, Ann Arbor->Cornell Theory Center, Ithaca NY",1
22,nsfnet,11,0.8,current_demand_lp,critical_failure_fixed,"NCSA, University of Illinois, Champaign -> Merit Univ of Michigan, Ann Arbor & Merit Univ of Michigan, Ann Arbor -> NCSA, University of Illinois, Champaign",2,Pittsburgh Supercomputer Center,"MIDnet, Lincoln, NE",1,4.0572732,"Pittsburgh Supercomputer Center | Merit Univ of Michigan, Ann Arbor | NCSA, University of Illinois, Champaign | MIDnet, Lincoln, NE","Pittsburgh Supercomputer Center->Merit Univ of Michigan, Ann Arbor | Merit Univ of Michigan, Ann Arbor->NCSA, University of Illinois, Champaign | NCSA, University of Illinois, Champaign->MIDnet, Lincoln, NE",1
22,nsfnet,11,0.8,current_demand_lp,critical_failure_fixed,"NCSA, University of Illinois, Champaign -> Merit Univ of Michigan, Ann Arbor & Merit Univ of Michigan, Ann Arbor -> NCSA, University of Illinois, Champaign",3,"Merit Univ of Michigan, Ann Arbor","NCSA, University of Illinois, Champaign",1,3.8518835,"Merit Univ of Michigan, Ann Arbor | NCSA, University of Illinois, Champaign","Merit Univ of Michigan, Ann Arbor->NCSA, University of Illinois, Champaign",1
22,nsfnet,11,0.8,current_demand_lp,critical_failure_fixed,"NCSA, University of Illinois, Champaign -> Merit Univ of Michigan, Ann Arbor & Merit Univ of Michigan, Ann Arbor -> NCSA, University of Illinois, Champaign",4,"Westnet, Salt Lake City","Cornell Theory Center, Ithaca NY",1,3.520662,"Westnet, Salt Lake City | NCAR, Boulder | NCSA, University of Illinois, Champaign | Merit Univ of Michigan, Ann Arbor | Cornell Theory Center, Ithaca NY","Westnet, Salt Lake City->NCAR, Boulder | NCAR, Boulder->NCSA, University of Illinois, Champaign | NCSA, University of Illinois, Champaign->Merit Univ of Michigan, Ann Arbor | Merit Univ of Michigan, Ann Arbor->Cornell Theory Center, Ithaca NY",1
22,nsfnet,11,0.8,current_demand_lp,critical_failure_fixed,"NCSA, University of Illinois, Champaign -> Merit Univ of Michigan, Ann Arbor & Merit Univ of Michigan, Ann Arbor -> NCSA, University of Illinois, Champaign",4,"Westnet, Salt Lake City","Cornell Theory Center, Ithaca NY",2,0.8042367000000001,"Westnet, Salt Lake City | NCAR, Boulder | NorthWestNet, Seattle | BARRnet, Palo Alto | Merit Univ of Michigan, Ann Arbor | Cornell Theory Center, Ithaca NY","Westnet, Salt Lake City->NCAR, Boulder | NCAR, Boulder->NorthWestNet, Seattle | NorthWestNet, Seattle->BARRnet, Palo Alto | BARRnet, Palo Alto->Merit Univ of Michigan, Ann Arbor | Merit Univ of Michigan, Ann Arbor->Cornell Theory Center, Ithaca NY",0
22,nsfnet,11,0.8,current_demand_lp,critical_failure_fixed,"NCSA, University of Illinois, Champaign -> Merit Univ of Michigan, Ann Arbor & Merit Univ of Michigan, Ann Arbor -> NCSA, University of Illinois, Champaign",5,"MIDnet, Lincoln, NE","BARRnet, Palo Alto",1,3.4417748,"MIDnet, Lincoln, NE | NCSA, University of Illinois, Champaign | Merit Univ of Michigan, Ann Arbor | BARRnet, Palo Alto","MIDnet, Lincoln, NE->NCSA, University of Illinois, Champaign | NCSA, University of Illinois, Champaign->Merit Univ of Michigan, Ann Arbor | Merit Univ of Michigan, Ann Arbor->BARRnet, Palo Alto",1
22,nsfnet,11,0.8,current_demand_lp,random_failure_fixed,"Westnet, Salt Lake City -> NCAR, Boulder & NCAR, Boulder -> Westnet, Salt Lake City",1,"Westnet, Salt Lake City","Cornell Theory Center, Ithaca NY",1,3.520662,"Westnet, Salt Lake City | NCAR, Boulder | NCSA, University of Illinois, Champaign | Merit Univ of Michigan, Ann Arbor | Cornell Theory Center, Ithaca NY","Westnet, Salt Lake City->NCAR, Boulder | NCAR, Boulder->NCSA, University of Illinois, Champaign | NCSA, University of Illinois, Champaign->Merit Univ of Michigan, Ann Arbor | Merit Univ of Michigan, Ann Arbor->Cornell Theory Center, Ithaca NY",1
22,nsfnet,11,0.8,current_demand_lp,random_failure_fixed,"Westnet, Salt Lake City -> NCAR, Boulder & NCAR, Boulder -> Westnet, Salt Lake City",1,"Westnet, Salt Lake City","Cornell Theory Center, Ithaca NY",2,0.8042367000000001,"Westnet, Salt Lake City | NCAR, Boulder | NorthWestNet, Seattle | BARRnet, Palo Alto | Merit Univ of Michigan, Ann Arbor | Cornell Theory Center, Ithaca NY","Westnet, Salt Lake City->NCAR, Boulder | NCAR, Boulder->NorthWestNet, Seattle | NorthWestNet, Seattle->BARRnet, Palo Alto | BARRnet, Palo Alto->Merit Univ of Michigan, Ann Arbor | Merit Univ of Michigan, Ann Arbor->Cornell Theory Center, Ithaca NY",1
22,nsfnet,11,0.8,current_demand_lp,random_failure_fixed,"Westnet, Salt Lake City -> NCAR, Boulder & NCAR, Boulder -> Westnet, Salt Lake City",2,"SEQSUINET, Rice University, Houston","Westnet, Salt Lake City",1,3.6391494,"SEQSUINET, Rice University, Houston | NCSA, University of Illinois, Champaign | NCAR, Boulder | Westnet, Salt Lake City","SEQSUINET, Rice University, Houston->NCSA, University of Illinois, Champaign | NCSA, University of Illinois, Champaign->NCAR, Boulder | NCAR, Boulder->Westnet, Salt Lake City",1
22,nsfnet,11,0.8,current_demand_lp,random_failure_fixed,"Westnet, Salt Lake City -> NCAR, Boulder & NCAR, Boulder -> Westnet, Salt Lake City",3,"MIDnet, Lincoln, NE","Westnet, Salt Lake City",1,3.6041034,"MIDnet, Lincoln, NE | NCSA, University of Illinois, Champaign | NCAR, Boulder | Westnet, Salt Lake City","MIDnet, Lincoln, NE->NCSA, University of Illinois, Champaign | NCSA, University of Illinois, Champaign->NCAR, Boulder | NCAR, Boulder->Westnet, Salt Lake City",1
22,nsfnet,11,0.8,current_demand_lp,random_failure_fixed,"Westnet, Salt Lake City -> NCAR, Boulder & NCAR, Boulder -> Westnet, Salt Lake City",4,"BARRnet, Palo Alto","Westnet, Salt Lake City",1,3.5346497,"BARRnet, Palo Alto | NorthWestNet, Seattle | NCAR, Boulder | Westnet, Salt Lake City","BARRnet, Palo Alto->NorthWestNet, Seattle | NorthWestNet, Seattle->NCAR, Boulder | NCAR, Boulder->Westnet, Salt Lake City",1
22,nsfnet,11,0.8,current_demand_lp,random_failure_fixed,"Westnet, Salt Lake City -> NCAR, Boulder & NCAR, Boulder -> Westnet, Salt Lake City",5,"Westnet, Salt Lake City","NCAR, Boulder",1,3.2965106,"Westnet, Salt Lake City | NCAR, Boulder","Westnet, Salt Lake City->NCAR, Boulder",1
22,nsfnet,11,0.8,robust_current_demand_lp,critical_failure_fixed,"NCSA, University of Illinois, Champaign -> Merit Univ of Michigan, Ann Arbor & Merit Univ of Michigan, Ann Arbor -> NCSA, University of Illinois, Champaign",1,"Westnet, Salt Lake City","Cornell Theory Center, Ithaca NY",1,4.3248987,"Westnet, Salt Lake City | NCAR, Boulder | NCSA, University of Illinois, Champaign | Merit Univ of Michigan, Ann Arbor | Cornell Theory Center, Ithaca NY","Westnet, Salt Lake City->NCAR, Boulder | NCAR, Boulder->NCSA, University of Illinois, Champaign | NCSA, University of Illinois, Champaign->Merit Univ of Michigan, Ann Arbor | Merit Univ of Michigan, Ann Arbor->Cornell Theory Center, Ithaca NY",1
22,nsfnet,11,0.8,robust_current_demand_lp,critical_failure_fixed,"NCSA, University of Illinois, Champaign -> Merit Univ of Michigan, Ann Arbor & Merit Univ of Michigan, Ann Arbor -> NCSA, University of Illinois, Champaign",2,"MIDnet, Lincoln, NE","Cornell Theory Center, Ithaca NY",1,4.2337961,"MIDnet, Lincoln, NE | NCSA, University of Illinois, Champaign | Merit Univ of Michigan, Ann Arbor | Cornell Theory Center, Ithaca NY","MIDnet, Lincoln, NE->NCSA, University of Illinois, Champaign | NCSA, University of Illinois, Champaign->Merit Univ of Michigan, Ann Arbor | Merit Univ of Michigan, Ann Arbor->Cornell Theory Center, Ithaca NY",1
22,nsfnet,11,0.8,robust_current_demand_lp,critical_failure_fixed,"NCSA, University of Illinois, Champaign -> Merit Univ of Michigan, Ann Arbor & Merit Univ of Michigan, Ann Arbor -> NCSA, University of Illinois, Champaign",3,Pittsburgh Supercomputer Center,"MIDnet, Lincoln, NE",1,4.0572732,"Pittsburgh Supercomputer Center | Merit Univ of Michigan, Ann Arbor | NCSA, University of Illinois, Champaign | MIDnet, Lincoln, NE","Pittsburgh Supercomputer Center->Merit Univ of Michigan, Ann Arbor | Merit Univ of Michigan, Ann Arbor->NCSA, University of Illinois, Champaign | NCSA, University of Illinois, Champaign->MIDnet, Lincoln, NE",1
22,nsfnet,11,0.8,robust_current_demand_lp,critical_failure_fixed,"NCSA, University of Illinois, Champaign -> Merit Univ of Michigan, Ann Arbor & Merit Univ of Michigan, Ann Arbor -> NCSA, University of Illinois, Champaign",4,"Merit Univ of Michigan, Ann Arbor","NCSA, University of Illinois, Champaign",1,3.8518835,"Merit Univ of Michigan, Ann Arbor | NCSA, University of Illinois, Champaign","Merit Univ of Michigan, Ann Arbor->NCSA, University of Illinois, Champaign",1
22,nsfnet,11,0.8,robust_current_demand_lp,critical_failure_fixed,"NCSA, University of Illinois, Champaign -> Merit Univ of Michigan, Ann Arbor & Merit Univ of Michigan, Ann Arbor -> NCSA, University of Illinois, Champaign",5,"MIDnet, Lincoln, NE","BARRnet, Palo Alto",1,3.4417748,"MIDnet, Lincoln, NE | NCSA, University of Illinois, Champaign | Merit Univ of Michigan, Ann Arbor | BARRnet, Palo Alto","MIDnet, Lincoln, NE->NCSA, University of Illinois, Champaign | NCSA, University of Illinois, Champaign->Merit Univ of Michigan, Ann Arbor | Merit Univ of Michigan, Ann Arbor->BARRnet, Palo Alto",1
22,nsfnet,11,0.8,robust_current_demand_lp,random_failure_fixed,"Westnet, Salt Lake City -> NCAR, Boulder & NCAR, Boulder -> Westnet, Salt Lake City",1,"Westnet, Salt Lake City","Cornell Theory Center, Ithaca NY",1,4.3248987,"Westnet, Salt Lake City | NCAR, Boulder | NCSA, University of Illinois, Champaign | Merit Univ of Michigan, Ann Arbor | Cornell Theory Center, Ithaca NY","Westnet, Salt Lake City->NCAR, Boulder | NCAR, Boulder->NCSA, University of Illinois, Champaign | NCSA, University of Illinois, Champaign->Merit Univ of Michigan, Ann Arbor | Merit Univ of Michigan, Ann Arbor->Cornell Theory Center, Ithaca NY",1
22,nsfnet,11,0.8,robust_current_demand_lp,random_failure_fixed,"Westnet, Salt Lake City -> NCAR, Boulder & NCAR, Boulder -> Westnet, Salt Lake City",2,"SEQSUINET, Rice University, Houston","Westnet, Salt Lake City",1,3.6391494,"SEQSUINET, Rice University, Houston | NCSA, University of Illinois, Champaign | NCAR, Boulder | Westnet, Salt Lake City","SEQSUINET, Rice University, Houston->NCSA, University of Illinois, Champaign | NCSA, University of Illinois, Champaign->NCAR, Boulder | NCAR, Boulder->Westnet, Salt Lake City",1
22,nsfnet,11,0.8,robust_current_demand_lp,random_failure_fixed,"Westnet, Salt Lake City -> NCAR, Boulder & NCAR, Boulder -> Westnet, Salt Lake City",3,"MIDnet, Lincoln, NE","Westnet, Salt Lake City",1,3.6041034,"MIDnet, Lincoln, NE | NCSA, University of Illinois, Champaign | NCAR, Boulder | Westnet, Salt Lake City","MIDnet, Lincoln, NE->NCSA, University of Illinois, Champaign | NCSA, University of Illinois, Champaign->NCAR, Boulder | NCAR, Boulder->Westnet, Salt Lake City",1
22,nsfnet,11,0.8,robust_current_demand_lp,random_failure_fixed,"Westnet, Salt Lake City -> NCAR, Boulder & NCAR, Boulder -> Westnet, Salt Lake City",4,"BARRnet, Palo Alto","Westnet, Salt Lake City",1,3.5346497,"BARRnet, Palo Alto | NorthWestNet, Seattle | NCAR, Boulder | Westnet, Salt Lake City","BARRnet, Palo Alto->NorthWestNet, Seattle | NorthWestNet, Seattle->NCAR, Boulder | NCAR, Boulder->Westnet, Salt Lake City",1
22,nsfnet,11,0.8,robust_current_demand_lp,random_failure_fixed,"Westnet, Salt Lake City -> NCAR, Boulder & NCAR, Boulder -> Westnet, Salt Lake City",5,"Westnet, Salt Lake City","NCAR, Boulder",1,3.2965106,"Westnet, Salt Lake City | NCAR, Boulder","Westnet, Salt Lake City->NCAR, Boulder",1
22,nsfnet,11,0.8,moving_average,critical_failure_fixed,"NCSA, University of Illinois, Champaign -> Merit Univ of Michigan, Ann Arbor & Merit Univ of Michigan, Ann Arbor -> NCSA, University of Illinois, Champaign",1,"MIDnet, Lincoln, NE","Cornell Theory Center, Ithaca NY",1,3.8605031,"MIDnet, Lincoln, NE | NCSA, University of Illinois, Champaign | Merit Univ of Michigan, Ann Arbor | Cornell Theory Center, Ithaca NY","MIDnet, Lincoln, NE->NCSA, University of Illinois, Champaign | NCSA, University of Illinois, Champaign->Merit Univ of Michigan, Ann Arbor | Merit Univ of Michigan, Ann Arbor->Cornell Theory Center, Ithaca NY",1
22,nsfnet,11,0.8,moving_average,critical_failure_fixed,"NCSA, University of Illinois, Champaign -> Merit Univ of Michigan, Ann Arbor & Merit Univ of Michigan, Ann Arbor -> NCSA, University of Illinois, Champaign",2,Pittsburgh Supercomputer Center,"MIDnet, Lincoln, NE",1,3.8429713,"Pittsburgh Supercomputer Center | Merit Univ of Michigan, Ann Arbor | NCSA, University of Illinois, Champaign | MIDnet, Lincoln, NE","Pittsburgh Supercomputer Center->Merit Univ of Michigan, Ann Arbor | Merit Univ of Michigan, Ann Arbor->NCSA, University of Illinois, Champaign | NCSA, University of Illinois, Champaign->MIDnet, Lincoln, NE",1
22,nsfnet,11,0.8,moving_average,critical_failure_fixed,"NCSA, University of Illinois, Champaign -> Merit Univ of Michigan, Ann Arbor & Merit Univ of Michigan, Ann Arbor -> NCSA, University of Illinois, Champaign",3,"Merit Univ of Michigan, Ann Arbor","NCSA, University of Illinois, Champaign",1,3.8016158,"Merit Univ of Michigan, Ann Arbor | NCSA, University of Illinois, Champaign","Merit Univ of Michigan, Ann Arbor->NCSA, University of Illinois, Champaign",1
22,nsfnet,11,0.8,moving_average,critical_failure_fixed,"NCSA, University of Illinois, Champaign -> Merit Univ of Michigan, Ann Arbor & Merit Univ of Michigan, Ann Arbor -> NCSA, University of Illinois, Champaign",4,"SURANET, Georgia Tech, Atlanta","Merit Univ of Michigan, Ann Arbor",1,3.5255137,"SURANET, Georgia Tech, Atlanta | SEQSUINET, Rice University, Houston | NCSA, University of Illinois, Champaign | Merit Univ of Michigan, Ann Arbor","SURANET, Georgia Tech, Atlanta->SEQSUINET, Rice University, Houston | SEQSUINET, Rice University, Houston->NCSA, University of Illinois, Champaign | NCSA, University of Illinois, Champaign->Merit Univ of Michigan, Ann Arbor",1
22,nsfnet,11,0.8,moving_average,critical_failure_fixed,"NCSA, University of Illinois, Champaign -> Merit Univ of Michigan, Ann Arbor & Merit Univ of Michigan, Ann Arbor -> NCSA, University of Illinois, Champaign",5,San Diego Supercomputer Center,"Merit Univ of Michigan, Ann Arbor",1,0.083364348,"San Diego Supercomputer Center | BARRnet, Palo Alto | Merit Univ of Michigan, Ann Arbor","San Diego Supercomputer Center->BARRnet, Palo Alto | BARRnet, Palo Alto->Merit Univ of Michigan, Ann Arbor",0
22,nsfnet,11,0.8,moving_average,critical_failure_fixed,"NCSA, University of Illinois, Champaign -> Merit Univ of Michigan, Ann Arbor & Merit Univ of Michigan, Ann Arbor -> NCSA, University of Illinois, Champaign",5,San Diego Supercomputer Center,"Merit Univ of Michigan, Ann Arbor",2,3.3570445,"San Diego Supercomputer Center | SEQSUINET, Rice University, Houston | NCSA, University of Illinois, Champaign | Merit Univ of Michigan, Ann Arbor","San Diego Supercomputer Center->SEQSUINET, Rice University, Houston | SEQSUINET, Rice University, Houston->NCSA, University of Illinois, Champaign | NCSA, University of Illinois, Champaign->Merit Univ of Michigan, Ann Arbor",1
22,nsfnet,11,0.8,moving_average,random_failure_fixed,"Westnet, Salt Lake City -> NCAR, Boulder & NCAR, Boulder -> Westnet, Salt Lake City",1,"Westnet, Salt Lake City","Cornell Theory Center, Ithaca NY",1,2.7119466,"Westnet, Salt Lake City | NCAR, Boulder | NCSA, University of Illinois, Champaign | Merit Univ of Michigan, Ann Arbor | Cornell Theory Center, Ithaca NY","Westnet, Salt Lake City->NCAR, Boulder | NCAR, Boulder->NCSA, University of Illinois, Champaign | NCSA, University of Illinois, Champaign->Merit Univ of Michigan, Ann Arbor | Merit Univ of Michigan, Ann Arbor->Cornell Theory Center, Ithaca NY",1
22,nsfnet,11,0.8,moving_average,random_failure_fixed,"Westnet, Salt Lake City -> NCAR, Boulder & NCAR, Boulder -> Westnet, Salt Lake City",1,"Westnet, Salt Lake City","Cornell Theory Center, Ithaca NY",2,1.3891406999999996,"Westnet, Salt Lake City | NCAR, Boulder | NorthWestNet, Seattle | BARRnet, Palo Alto | Merit Univ of Michigan, Ann Arbor | Cornell Theory Center, Ithaca NY","Westnet, Salt Lake City->NCAR, Boulder | NCAR, Boulder->NorthWestNet, Seattle | NorthWestNet, Seattle->BARRnet, Palo Alto | BARRnet, Palo Alto->Merit Univ of Michigan, Ann Arbor | Merit Univ of Michigan, Ann Arbor->Cornell Theory Center, Ithaca NY",1
22,nsfnet,11,0.8,moving_average,random_failure_fixed,"Westnet, Salt Lake City -> NCAR, Boulder & NCAR, Boulder -> Westnet, Salt Lake City",2,"SEQSUINET, Rice University, Houston","Westnet, Salt Lake City",1,3.621408,"SEQSUINET, Rice University, Houston | NCSA, University of Illinois, Champaign | NCAR, Boulder | Westnet, Salt Lake City","SEQSUINET, Rice University, Houston->NCSA, University of Illinois, Champaign | NCSA, University of Illinois, Champaign->NCAR, Boulder | NCAR, Boulder->Westnet, Salt Lake City",1
22,nsfnet,11,0.8,moving_average,random_failure_fixed,"Westnet, Salt Lake City -> NCAR, Boulder & NCAR, Boulder -> Westnet, Salt Lake City",3,"Westnet, Salt Lake City","NCAR, Boulder",1,3.440503,"Westnet, Salt Lake City | NCAR, Boulder","Westnet, Salt Lake City->NCAR, Boulder",1
22,nsfnet,11,0.8,moving_average,random_failure_fixed,"Westnet, Salt Lake City -> NCAR, Boulder & NCAR, Boulder -> Westnet, Salt Lake City",4,"BARRnet, Palo Alto","Westnet, Salt Lake City",1,3.4080907,"BARRnet, Palo Alto | NorthWestNet, Seattle | NCAR, Boulder | Westnet, Salt Lake City","BARRnet, Palo Alto->NorthWestNet, Seattle | NorthWestNet, Seattle->NCAR, Boulder | NCAR, Boulder->Westnet, Salt Lake City",1
22,nsfnet,11,0.8,moving_average,random_failure_fixed,"Westnet, Salt Lake City -> NCAR, Boulder & NCAR, Boulder -> Westnet, Salt Lake City",5,"Westnet, Salt Lake City","SEQSUINET, Rice University, Houston",1,3.36026,"Westnet, Salt Lake City | NCAR, Boulder | NCSA, University of Illinois, Champaign | SEQSUINET, Rice University, Houston","Westnet, Salt Lake City->NCAR, Boulder | NCAR, Boulder->NCSA, University of Illinois, Champaign | NCSA, University of Illinois, Champaign->SEQSUINET, Rice University, Houston",1
22,nsfnet,11,0.8,linear_autoregressive,critical_failure_fixed,"NCSA, University of Illinois, Champaign -> Merit Univ of Michigan, Ann Arbor & Merit Univ of Michigan, Ann Arbor -> NCSA, University of Illinois, Champaign",1,Pittsburgh Supercomputer Center,"MIDnet, Lincoln, NE",1,3.9730204,"Pittsburgh Supercomputer Center | Merit Univ of Michigan, Ann Arbor | NCSA, University of Illinois, Champaign | MIDnet, Lincoln, NE","Pittsburgh Supercomputer Center->Merit Univ of Michigan, Ann Arbor | Merit Univ of Michigan, Ann Arbor->NCSA, University of Illinois, Champaign | NCSA, University of Illinois, Champaign->MIDnet, Lincoln, NE",1
22,nsfnet,11,0.8,linear_autoregressive,critical_failure_fixed,"NCSA, University of Illinois, Champaign -> Merit Univ of Michigan, Ann Arbor & Merit Univ of Michigan, Ann Arbor -> NCSA, University of Illinois, Champaign",2,"MIDnet, Lincoln, NE","Cornell Theory Center, Ithaca NY",1,3.9564322,"MIDnet, Lincoln, NE | NCSA, University of Illinois, Champaign | Merit Univ of Michigan, Ann Arbor | Cornell Theory Center, Ithaca NY","MIDnet, Lincoln, NE->NCSA, University of Illinois, Champaign | NCSA, University of Illinois, Champaign->Merit Univ of Michigan, Ann Arbor | Merit Univ of Michigan, Ann Arbor->Cornell Theory Center, Ithaca NY",1
22,nsfnet,11,0.8,linear_autoregressive,critical_failure_fixed,"NCSA, University of Illinois, Champaign -> Merit Univ of Michigan, Ann Arbor & Merit Univ of Michigan, Ann Arbor -> NCSA, University of Illinois, Champaign",3,"Merit Univ of Michigan, Ann Arbor","NCSA, University of Illinois, Champaign",1,3.9175852,"Merit Univ of Michigan, Ann Arbor | NCSA, University of Illinois, Champaign","Merit Univ of Michigan, Ann Arbor->NCSA, University of Illinois, Champaign",1
22,nsfnet,11,0.8,linear_autoregressive,critical_failure_fixed,"NCSA, University of Illinois, Champaign -> Merit Univ of Michigan, Ann Arbor & Merit Univ of Michigan, Ann Arbor -> NCSA, University of Illinois, Champaign",4,"SURANET, Georgia Tech, Atlanta","Merit Univ of Michigan, Ann Arbor",1,3.7569906,"SURANET, Georgia Tech, Atlanta | SEQSUINET, Rice University, Houston | NCSA, University of Illinois, Champaign | Merit Univ of Michigan, Ann Arbor","SURANET, Georgia Tech, Atlanta->SEQSUINET, Rice University, Houston | SEQSUINET, Rice University, Houston->NCSA, University of Illinois, Champaign | NCSA, University of Illinois, Champaign->Merit Univ of Michigan, Ann Arbor",1
22,nsfnet,11,0.8,linear_autoregressive,critical_failure_fixed,"NCSA, University of Illinois, Champaign -> Merit Univ of Michigan, Ann Arbor & Merit Univ of Michigan, Ann Arbor -> NCSA, University of Illinois, Champaign",5,"NCSA, University of Illinois, Champaign",Pittsburgh Supercomputer Center,1,3.5580018,"NCSA, University of Illinois, Champaign | Merit Univ of Michigan, Ann Arbor | Pittsburgh Supercomputer Center","NCSA, University of Illinois, Champaign->Merit Univ of Michigan, Ann Arbor | Merit Univ of Michigan, Ann Arbor->Pittsburgh Supercomputer Center",1
22,nsfnet,11,0.8,linear_autoregressive,random_failure_fixed,"Westnet, Salt Lake City -> NCAR, Boulder & NCAR, Boulder -> Westnet, Salt Lake City",1,"Westnet, Salt Lake City","Cornell Theory Center, Ithaca NY",1,3.3896033,"Westnet, Salt Lake City | NCAR, Boulder | NCSA, University of Illinois, Champaign | Merit Univ of Michigan, Ann Arbor | Cornell Theory Center, Ithaca NY","Westnet, Salt Lake City->NCAR, Boulder | NCAR, Boulder->NCSA, University of Illinois, Champaign | NCSA, University of Illinois, Champaign->Merit Univ of Michigan, Ann Arbor | Merit Univ of Michigan, Ann Arbor->Cornell Theory Center, Ithaca NY",1
22,nsfnet,11,0.8,linear_autoregressive,random_failure_fixed,"Westnet, Salt Lake City -> NCAR, Boulder & NCAR, Boulder -> Westnet, Salt Lake City",1,"Westnet, Salt Lake City","Cornell Theory Center, Ithaca NY",2,0.7785269000000001,"Westnet, Salt Lake City | NCAR, Boulder | NorthWestNet, Seattle | BARRnet, Palo Alto | Merit Univ of Michigan, Ann Arbor | Cornell Theory Center, Ithaca NY","Westnet, Salt Lake City->NCAR, Boulder | NCAR, Boulder->NorthWestNet, Seattle | NorthWestNet, Seattle->BARRnet, Palo Alto | BARRnet, Palo Alto->Merit Univ of Michigan, Ann Arbor | Merit Univ of Michigan, Ann Arbor->Cornell Theory Center, Ithaca NY",1
22,nsfnet,11,0.8,linear_autoregressive,random_failure_fixed,"Westnet, Salt Lake City -> NCAR, Boulder & NCAR, Boulder -> Westnet, Salt Lake City",2,"SEQSUINET, Rice University, Houston","Westnet, Salt Lake City",1,3.909028,"SEQSUINET, Rice University, Houston | NCSA, University of Illinois, Champaign | NCAR, Boulder | Westnet, Salt Lake City","SEQSUINET, Rice University, Houston->NCSA, University of Illinois, Champaign | NCSA, University of Illinois, Champaign->NCAR, Boulder | NCAR, Boulder->Westnet, Salt Lake City",1
22,nsfnet,11,0.8,linear_autoregressive,random_failure_fixed,"Westnet, Salt Lake City -> NCAR, Boulder & NCAR, Boulder -> Westnet, Salt Lake City",3,"Westnet, Salt Lake City","NCAR, Boulder",1,3.7903376,"Westnet, Salt Lake City | NCAR, Boulder","Westnet, Salt Lake City->NCAR, Boulder",1
22,nsfnet,11,0.8,linear_autoregressive,random_failure_fixed,"Westnet, Salt Lake City -> NCAR, Boulder & NCAR, Boulder -> Westnet, Salt Lake City",4,"Westnet, Salt Lake City","SEQSUINET, Rice University, Houston",1,3.6272927,"Westnet, Salt Lake City | NCAR, Boulder | NCSA, University of Illinois, Champaign | SEQSUINET, Rice University, Houston","Westnet, Salt Lake City->NCAR, Boulder | NCAR, Boulder->NCSA, University of Illinois, Champaign | NCSA, University of Illinois, Champaign->SEQSUINET, Rice University, Houston",1
22,nsfnet,11,0.8,linear_autoregressive,random_failure_fixed,"Westnet, Salt Lake City -> NCAR, Boulder & NCAR, Boulder -> Westnet, Salt Lake City",5,"MIDnet, Lincoln, NE","Westnet, Salt Lake City",1,3.6196779,"MIDnet, Lincoln, NE | NCSA, University of Illinois, Champaign | NCAR, Boulder | Westnet, Salt Lake City","MIDnet, Lincoln, NE->NCSA, University of Illinois, Champaign | NCSA, University of Illinois, Champaign->NCAR, Boulder | NCAR, Boulder->Westnet, Salt Lake City",1
22,nsfnet,11,0.8,lstm,critical_failure_fixed,"NCSA, University of Illinois, Champaign -> Merit Univ of Michigan, Ann Arbor & Merit Univ of Michigan, Ann Arbor -> NCSA, University of Illinois, Champaign",1,"MIDnet, Lincoln, NE","Cornell Theory Center, Ithaca NY",1,4.3126502,"MIDnet, Lincoln, NE | NCSA, University of Illinois, Champaign | Merit Univ of Michigan, Ann Arbor | Cornell Theory Center, Ithaca NY","MIDnet, Lincoln, NE->NCSA, University of Illinois, Champaign | NCSA, University of Illinois, Champaign->Merit Univ of Michigan, Ann Arbor | Merit Univ of Michigan, Ann Arbor->Cornell Theory Center, Ithaca NY",1
22,nsfnet,11,0.8,lstm,critical_failure_fixed,"NCSA, University of Illinois, Champaign -> Merit Univ of Michigan, Ann Arbor & Merit Univ of Michigan, Ann Arbor -> NCSA, University of Illinois, Champaign",2,"Merit Univ of Michigan, Ann Arbor","NCSA, University of Illinois, Champaign",1,4.3047462,"Merit Univ of Michigan, Ann Arbor | NCSA, University of Illinois, Champaign","Merit Univ of Michigan, Ann Arbor->NCSA, University of Illinois, Champaign",1
22,nsfnet,11,0.8,lstm,critical_failure_fixed,"NCSA, University of Illinois, Champaign -> Merit Univ of Michigan, Ann Arbor & Merit Univ of Michigan, Ann Arbor -> NCSA, University of Illinois, Champaign",3,Pittsburgh Supercomputer Center,"MIDnet, Lincoln, NE",1,4.2568717,"Pittsburgh Supercomputer Center | Merit Univ of Michigan, Ann Arbor | NCSA, University of Illinois, Champaign | MIDnet, Lincoln, NE","Pittsburgh Supercomputer Center->Merit Univ of Michigan, Ann Arbor | Merit Univ of Michigan, Ann Arbor->NCSA, University of Illinois, Champaign | NCSA, University of Illinois, Champaign->MIDnet, Lincoln, NE",1
22,nsfnet,11,0.8,lstm,critical_failure_fixed,"NCSA, University of Illinois, Champaign -> Merit Univ of Michigan, Ann Arbor & Merit Univ of Michigan, Ann Arbor -> NCSA, University of Illinois, Champaign",4,"SURANET, Georgia Tech, Atlanta","Merit Univ of Michigan, Ann Arbor",1,4.0819569,"SURANET, Georgia Tech, Atlanta | SEQSUINET, Rice University, Houston | NCSA, University of Illinois, Champaign | Merit Univ of Michigan, Ann Arbor","SURANET, Georgia Tech, Atlanta->SEQSUINET, Rice University, Houston | SEQSUINET, Rice University, Houston->NCSA, University of Illinois, Champaign | NCSA, University of Illinois, Champaign->Merit Univ of Michigan, Ann Arbor",1
22,nsfnet,11,0.8,lstm,critical_failure_fixed,"NCSA, University of Illinois, Champaign -> Merit Univ of Michigan, Ann Arbor & Merit Univ of Michigan, Ann Arbor -> NCSA, University of Illinois, Champaign",5,San Diego Supercomputer Center,"Merit Univ of Michigan, Ann Arbor",1,3.9990675,"San Diego Supercomputer Center | SEQSUINET, Rice University, Houston | NCSA, University of Illinois, Champaign | Merit Univ of Michigan, Ann Arbor","San Diego Supercomputer Center->SEQSUINET, Rice University, Houston | SEQSUINET, Rice University, Houston->NCSA, University of Illinois, Champaign | NCSA, University of Illinois, Champaign->Merit Univ of Michigan, Ann Arbor",1
22,nsfnet,11,0.8,lstm,random_failure_fixed,"Westnet, Salt Lake City -> NCAR, Boulder & NCAR, Boulder -> Westnet, Salt Lake City",1,"Westnet, Salt Lake City","Cornell Theory Center, Ithaca NY",1,2.9188333,"Westnet, Salt Lake City | NCAR, Boulder | NCSA, University of Illinois, Champaign | Merit Univ of Michigan, Ann Arbor | Cornell Theory Center, Ithaca NY","Westnet, Salt Lake City->NCAR, Boulder | NCAR, Boulder->NCSA, University of Illinois, Champaign | NCSA, University of Illinois, Champaign->Merit Univ of Michigan, Ann Arbor | Merit Univ of Michigan, Ann Arbor->Cornell Theory Center, Ithaca NY",1
22,nsfnet,11,0.8,lstm,random_failure_fixed,"Westnet, Salt Lake City -> NCAR, Boulder & NCAR, Boulder -> Westnet, Salt Lake City",1,"Westnet, Salt Lake City","Cornell Theory Center, Ithaca NY",2,1.5342282999999997,"Westnet, Salt Lake City | NCAR, Boulder | NorthWestNet, Seattle | BARRnet, Palo Alto | Merit Univ of Michigan, Ann Arbor | Cornell Theory Center, Ithaca NY","Westnet, Salt Lake City->NCAR, Boulder | NCAR, Boulder->NorthWestNet, Seattle | NorthWestNet, Seattle->BARRnet, Palo Alto | BARRnet, Palo Alto->Merit Univ of Michigan, Ann Arbor | Merit Univ of Michigan, Ann Arbor->Cornell Theory Center, Ithaca NY",1
22,nsfnet,11,0.8,lstm,random_failure_fixed,"Westnet, Salt Lake City -> NCAR, Boulder & NCAR, Boulder -> Westnet, Salt Lake City",2,"SEQSUINET, Rice University, Houston","Westnet, Salt Lake City",1,4.0434332,"SEQSUINET, Rice University, Houston | NCSA, University of Illinois, Champaign | NCAR, Boulder | Westnet, Salt Lake City","SEQSUINET, Rice University, Houston->NCSA, University of Illinois, Champaign | NCSA, University of Illinois, Champaign->NCAR, Boulder | NCAR, Boulder->Westnet, Salt Lake City",1
22,nsfnet,11,0.8,lstm,random_failure_fixed,"Westnet, Salt Lake City -> NCAR, Boulder & NCAR, Boulder -> Westnet, Salt Lake City",3,"Westnet, Salt Lake City","NCAR, Boulder",1,3.9677985,"Westnet, Salt Lake City | NCAR, Boulder","Westnet, Salt Lake City->NCAR, Boulder",1
22,nsfnet,11,0.8,lstm,random_failure_fixed,"Westnet, Salt Lake City -> NCAR, Boulder & NCAR, Boulder -> Westnet, Salt Lake City",4,"Westnet, Salt Lake City","SEQSUINET, Rice University, Houston",1,3.7870319,"Westnet, Salt Lake City | NCAR, Boulder | NCSA, University of Illinois, Champaign | SEQSUINET, Rice University, Houston","Westnet, Salt Lake City->NCAR, Boulder | NCAR, Boulder->NCSA, University of Illinois, Champaign | NCSA, University of Illinois, Champaign->SEQSUINET, Rice University, Houston",1
22,nsfnet,11,0.8,lstm,random_failure_fixed,"Westnet, Salt Lake City -> NCAR, Boulder & NCAR, Boulder -> Westnet, Salt Lake City",5,"MIDnet, Lincoln, NE","Westnet, Salt Lake City",1,3.7681737,"MIDnet, Lincoln, NE | NCSA, University of Illinois, Champaign | NCAR, Boulder | Westnet, Salt Lake City","MIDnet, Lincoln, NE->NCSA, University of Illinois, Champaign | NCSA, University of Illinois, Champaign->NCAR, Boulder | NCAR, Boulder->Westnet, Salt Lake City",1
22,nsfnet,11,0.8,uncertainty_aware_lstm_robust_lp,critical_failure_fixed,"NCSA, University of Illinois, Champaign -> Merit Univ of Michigan, Ann Arbor & Merit Univ of Michigan, Ann Arbor -> NCSA, University of Illinois, Champaign",1,"Westnet, Salt Lake City","Cornell Theory Center, Ithaca NY",1,4.6718936,"Westnet, Salt Lake City | NCAR, Boulder | NCSA, University of Illinois, Champaign | Merit Univ of Michigan, Ann Arbor | Cornell Theory Center, Ithaca NY","Westnet, Salt Lake City->NCAR, Boulder | NCAR, Boulder->NCSA, University of Illinois, Champaign | NCSA, University of Illinois, Champaign->Merit Univ of Michigan, Ann Arbor | Merit Univ of Michigan, Ann Arbor->Cornell Theory Center, Ithaca NY",1
22,nsfnet,11,0.8,uncertainty_aware_lstm_robust_lp,critical_failure_fixed,"NCSA, University of Illinois, Champaign -> Merit Univ of Michigan, Ann Arbor & Merit Univ of Michigan, Ann Arbor -> NCSA, University of Illinois, Champaign",2,"Merit Univ of Michigan, Ann Arbor","NCSA, University of Illinois, Champaign",1,4.5193624,"Merit Univ of Michigan, Ann Arbor | NCSA, University of Illinois, Champaign","Merit Univ of Michigan, Ann Arbor->NCSA, University of Illinois, Champaign",1
22,nsfnet,11,0.8,uncertainty_aware_lstm_robust_lp,critical_failure_fixed,"NCSA, University of Illinois, Champaign -> Merit Univ of Michigan, Ann Arbor & Merit Univ of Michigan, Ann Arbor -> NCSA, University of Illinois, Champaign",3,"MIDnet, Lincoln, NE","Cornell Theory Center, Ithaca NY",1,4.5185852,"MIDnet, Lincoln, NE | NCSA, University of Illinois, Champaign | Merit Univ of Michigan, Ann Arbor | Cornell Theory Center, Ithaca NY","MIDnet, Lincoln, NE->NCSA, University of Illinois, Champaign | NCSA, University of Illinois, Champaign->Merit Univ of Michigan, Ann Arbor | Merit Univ of Michigan, Ann Arbor->Cornell Theory Center, Ithaca NY",1
22,nsfnet,11,0.8,uncertainty_aware_lstm_robust_lp,critical_failure_fixed,"NCSA, University of Illinois, Champaign -> Merit Univ of Michigan, Ann Arbor & Merit Univ of Michigan, Ann Arbor -> NCSA, University of Illinois, Champaign",4,Pittsburgh Supercomputer Center,"MIDnet, Lincoln, NE",1,4.4433961,"Pittsburgh Supercomputer Center | Merit Univ of Michigan, Ann Arbor | NCSA, University of Illinois, Champaign | MIDnet, Lincoln, NE","Pittsburgh Supercomputer Center->Merit Univ of Michigan, Ann Arbor | Merit Univ of Michigan, Ann Arbor->NCSA, University of Illinois, Champaign | NCSA, University of Illinois, Champaign->MIDnet, Lincoln, NE",1
22,nsfnet,11,0.8,uncertainty_aware_lstm_robust_lp,critical_failure_fixed,"NCSA, University of Illinois, Champaign -> Merit Univ of Michigan, Ann Arbor & Merit Univ of Michigan, Ann Arbor -> NCSA, University of Illinois, Champaign",5,"Cornell Theory Center, Ithaca NY","NCAR, Boulder",1,4.0155287,"Cornell Theory Center, Ithaca NY | Merit Univ of Michigan, Ann Arbor | NCSA, University of Illinois, Champaign | NCAR, Boulder","Cornell Theory Center, Ithaca NY->Merit Univ of Michigan, Ann Arbor | Merit Univ of Michigan, Ann Arbor->NCSA, University of Illinois, Champaign | NCSA, University of Illinois, Champaign->NCAR, Boulder",1
22,nsfnet,11,0.8,uncertainty_aware_lstm_robust_lp,random_failure_fixed,"Westnet, Salt Lake City -> NCAR, Boulder & NCAR, Boulder -> Westnet, Salt Lake City",1,"Westnet, Salt Lake City","Cornell Theory Center, Ithaca NY",1,4.6718936,"Westnet, Salt Lake City | NCAR, Boulder | NCSA, University of Illinois, Champaign | Merit Univ of Michigan, Ann Arbor | Cornell Theory Center, Ithaca NY","Westnet, Salt Lake City->NCAR, Boulder | NCAR, Boulder->NCSA, University of Illinois, Champaign | NCSA, University of Illinois, Champaign->Merit Univ of Michigan, Ann Arbor | Merit Univ of Michigan, Ann Arbor->Cornell Theory Center, Ithaca NY",1
22,nsfnet,11,0.8,uncertainty_aware_lstm_robust_lp,random_failure_fixed,"Westnet, Salt Lake City -> NCAR, Boulder & NCAR, Boulder -> Westnet, Salt Lake City",2,"SEQSUINET, Rice University, Houston","Westnet, Salt Lake City",1,4.2287307,"SEQSUINET, Rice University, Houston | NCSA, University of Illinois, Champaign | NCAR, Boulder | Westnet, Salt Lake City","SEQSUINET, Rice University, Houston->NCSA, University of Illinois, Champaign | NCSA, University of Illinois, Champaign->NCAR, Boulder | NCAR, Boulder->Westnet, Salt Lake City",1
22,nsfnet,11,0.8,uncertainty_aware_lstm_robust_lp,random_failure_fixed,"Westnet, Salt Lake City -> NCAR, Boulder & NCAR, Boulder -> Westnet, Salt Lake City",3,"Westnet, Salt Lake City","NCAR, Boulder",1,4.1515379,"Westnet, Salt Lake City | NCAR, Boulder","Westnet, Salt Lake City->NCAR, Boulder",1
22,nsfnet,11,0.8,uncertainty_aware_lstm_robust_lp,random_failure_fixed,"Westnet, Salt Lake City -> NCAR, Boulder & NCAR, Boulder -> Westnet, Salt Lake City",4,"Westnet, Salt Lake City","SEQSUINET, Rice University, Houston",1,3.9800613,"Westnet, Salt Lake City | NCAR, Boulder | NCSA, University of Illinois, Champaign | SEQSUINET, Rice University, Houston","Westnet, Salt Lake City->NCAR, Boulder | NCAR, Boulder->NCSA, University of Illinois, Champaign | NCSA, University of Illinois, Champaign->SEQSUINET, Rice University, Houston",1
22,nsfnet,11,0.8,uncertainty_aware_lstm_robust_lp,random_failure_fixed,"Westnet, Salt Lake City -> NCAR, Boulder & NCAR, Boulder -> Westnet, Salt Lake City",5,"MIDnet, Lincoln, NE","Westnet, Salt Lake City",1,3.9468186,"MIDnet, Lincoln, NE | NCSA, University of Illinois, Champaign | NCAR, Boulder | Westnet, Salt Lake City","MIDnet, Lincoln, NE->NCSA, University of Illinois, Champaign | NCSA, University of Illinois, Champaign->NCAR, Boulder | NCAR, Boulder->Westnet, Salt Lake City",1
23,nsfnet,11,0.8,current_demand_lp,critical_failure_fixed,"NCSA, University of Illinois, Champaign -> Merit Univ of Michigan, Ann Arbor & Merit Univ of Michigan, Ann Arbor -> NCSA, University of Illinois, Champaign",1,"Merit Univ of Michigan, Ann Arbor","NCSA, University of Illinois, Champaign",1,4.407749,"Merit Univ of Michigan, Ann Arbor | NCSA, University of Illinois, Champaign","Merit Univ of Michigan, Ann Arbor->NCSA, University of Illinois, Champaign",1
23,nsfnet,11,0.8,current_demand_lp,critical_failure_fixed,"NCSA, University of Illinois, Champaign -> Merit Univ of Michigan, Ann Arbor & Merit Univ of Michigan, Ann Arbor -> NCSA, University of Illinois, Champaign",2,San Diego Supercomputer Center,"Merit Univ of Michigan, Ann Arbor",1,4.3748087,"San Diego Supercomputer Center | SEQSUINET, Rice University, Houston | NCSA, University of Illinois, Champaign | Merit Univ of Michigan, Ann Arbor","San Diego Supercomputer Center->SEQSUINET, Rice University, Houston | SEQSUINET, Rice University, Houston->NCSA, University of Illinois, Champaign | NCSA, University of Illinois, Champaign->Merit Univ of Michigan, Ann Arbor",1
23,nsfnet,11,0.8,current_demand_lp,critical_failure_fixed,"NCSA, University of Illinois, Champaign -> Merit Univ of Michigan, Ann Arbor & Merit Univ of Michigan, Ann Arbor -> NCSA, University of Illinois, Champaign",3,Pittsburgh Supercomputer Center,"MIDnet, Lincoln, NE",1,4.245793,"Pittsburgh Supercomputer Center | Merit Univ of Michigan, Ann Arbor | NCSA, University of Illinois, Champaign | MIDnet, Lincoln, NE","Pittsburgh Supercomputer Center->Merit Univ of Michigan, Ann Arbor | Merit Univ of Michigan, Ann Arbor->NCSA, University of Illinois, Champaign | NCSA, University of Illinois, Champaign->MIDnet, Lincoln, NE",1
23,nsfnet,11,0.8,current_demand_lp,critical_failure_fixed,"NCSA, University of Illinois, Champaign -> Merit Univ of Michigan, Ann Arbor & Merit Univ of Michigan, Ann Arbor -> NCSA, University of Illinois, Champaign",4,"MIDnet, Lincoln, NE","BARRnet, Palo Alto",1,4.220813,"MIDnet, Lincoln, NE | NCSA, University of Illinois, Champaign | Merit Univ of Michigan, Ann Arbor | BARRnet, Palo Alto","MIDnet, Lincoln, NE->NCSA, University of Illinois, Champaign | NCSA, University of Illinois, Champaign->Merit Univ of Michigan, Ann Arbor | Merit Univ of Michigan, Ann Arbor->BARRnet, Palo Alto",1
23,nsfnet,11,0.8,current_demand_lp,critical_failure_fixed,"NCSA, University of Illinois, Champaign -> Merit Univ of Michigan, Ann Arbor & Merit Univ of Michigan, Ann Arbor -> NCSA, University of Illinois, Champaign",5,"MIDnet, Lincoln, NE","Cornell Theory Center, Ithaca NY",1,4.1942364,"MIDnet, Lincoln, NE | NCSA, University of Illinois, Champaign | Merit Univ of Michigan, Ann Arbor | Cornell Theory Center, Ithaca NY","MIDnet, Lincoln, NE->NCSA, University of Illinois, Champaign | NCSA, University of Illinois, Champaign->Merit Univ of Michigan, Ann Arbor | Merit Univ of Michigan, Ann Arbor->Cornell Theory Center, Ithaca NY",1
23,nsfnet,11,0.8,current_demand_lp,random_failure_fixed,"SEQSUINET, Rice University, Houston -> SURANET, Georgia Tech, Atlanta & SURANET, Georgia Tech, Atlanta -> SEQSUINET, Rice University, Houston",1,"Jon Von Neumann Center, Princeton, NJ",San Diego Supercomputer Center,1,4.6214907,"Jon Von Neumann Center, Princeton, NJ | SURANET, Georgia Tech, Atlanta | SEQSUINET, Rice University, Houston | San Diego Supercomputer Center","Jon Von Neumann Center, Princeton, NJ->SURANET, Georgia Tech, Atlanta | SURANET, Georgia Tech, Atlanta->SEQSUINET, Rice University, Houston | SEQSUINET, Rice University, Houston->San Diego Supercomputer Center",1
23,nsfnet,11,0.8,current_demand_lp,random_failure_fixed,"SEQSUINET, Rice University, Houston -> SURANET, Georgia Tech, Atlanta & SURANET, Georgia Tech, Atlanta -> SEQSUINET, Rice University, Houston",2,"Jon Von Neumann Center, Princeton, NJ","NorthWestNet, Seattle",1,4.1377026,"Jon Von Neumann Center, Princeton, NJ | SURANET, Georgia Tech, Atlanta | SEQSUINET, Rice University, Houston | San Diego Supercomputer Center | BARRnet, Palo Alto | NorthWestNet, Seattle","Jon Von Neumann Center, Princeton, NJ->SURANET, Georgia Tech, Atlanta | SURANET, Georgia Tech, Atlanta->SEQSUINET, Rice University, Houston | SEQSUINET, Rice University, Houston->San Diego Supercomputer Center | San Diego Supercomputer Center->BARRnet, Palo Alto | BARRnet, Palo Alto->NorthWestNet, Seattle",1
23,nsfnet,11,0.8,current_demand_lp,random_failure_fixed,"SEQSUINET, Rice University, Houston -> SURANET, Georgia Tech, Atlanta & SURANET, Georgia Tech, Atlanta -> SEQSUINET, Rice University, Houston",3,"NCSA, University of Illinois, Champaign","SURANET, Georgia Tech, Atlanta",1,3.971877,"NCSA, University of Illinois, Champaign | SEQSUINET, Rice University, Houston | SURANET, Georgia Tech, Atlanta","NCSA, University of Illinois, Champaign->SEQSUINET, Rice University, Houston | SEQSUINET, Rice University, Houston->SURANET, Georgia Tech, Atlanta",1
23,nsfnet,11,0.8,current_demand_lp,random_failure_fixed,"SEQSUINET, Rice University, Houston -> SURANET, Georgia Tech, Atlanta & SURANET, Georgia Tech, Atlanta -> SEQSUINET, Rice University, Houston",4,"SURANET, Georgia Tech, Atlanta",San Diego Supercomputer Center,1,3.9531405,"SURANET, Georgia Tech, Atlanta | SEQSUINET, Rice University, Houston | San Diego Supercomputer Center","SURANET, Georgia Tech, Atlanta->SEQSUINET, Rice University, Houston | SEQSUINET, Rice University, Houston->San Diego Supercomputer Center",1
23,nsfnet,11,0.8,current_demand_lp,random_failure_fixed,"SEQSUINET, Rice University, Houston -> SURANET, Georgia Tech, Atlanta & SURANET, Georgia Tech, Atlanta -> SEQSUINET, Rice University, Houston",5,"SURANET, Georgia Tech, Atlanta","MIDnet, Lincoln, NE",1,3.7493378,"SURANET, Georgia Tech, Atlanta | SEQSUINET, Rice University, Houston | NCSA, University of Illinois, Champaign | MIDnet, Lincoln, NE","SURANET, Georgia Tech, Atlanta->SEQSUINET, Rice University, Houston | SEQSUINET, Rice University, Houston->NCSA, University of Illinois, Champaign | NCSA, University of Illinois, Champaign->MIDnet, Lincoln, NE",1
23,nsfnet,11,0.8,robust_current_demand_lp,critical_failure_fixed,"NCSA, University of Illinois, Champaign -> Merit Univ of Michigan, Ann Arbor & Merit Univ of Michigan, Ann Arbor -> NCSA, University of Illinois, Champaign",1,"Westnet, Salt Lake City","Cornell Theory Center, Ithaca NY",1,5.0425163,"Westnet, Salt Lake City | NCAR, Boulder | NCSA, University of Illinois, Champaign | Merit Univ of Michigan, Ann Arbor | Cornell Theory Center, Ithaca NY","Westnet, Salt Lake City->NCAR, Boulder | NCAR, Boulder->NCSA, University of Illinois, Champaign | NCSA, University of Illinois, Champaign->Merit Univ of Michigan, Ann Arbor | Merit Univ of Michigan, Ann Arbor->Cornell Theory Center, Ithaca NY",1
23,nsfnet,11,0.8,robust_current_demand_lp,critical_failure_fixed,"NCSA, University of Illinois, Champaign -> Merit Univ of Michigan, Ann Arbor & Merit Univ of Michigan, Ann Arbor -> NCSA, University of Illinois, Champaign",2,"Merit Univ of Michigan, Ann Arbor","NCSA, University of Illinois, Champaign",1,4.407749,"Merit Univ of Michigan, Ann Arbor | NCSA, University of Illinois, Champaign","Merit Univ of Michigan, Ann Arbor->NCSA, University of Illinois, Champaign",1
23,nsfnet,11,0.8,robust_current_demand_lp,critical_failure_fixed,"NCSA, University of Illinois, Champaign -> Merit Univ of Michigan, Ann Arbor & Merit Univ of Michigan, Ann Arbor -> NCSA, University of Illinois, Champaign",3,Pittsburgh Supercomputer Center,"MIDnet, Lincoln, NE",1,4.245793,"Pittsburgh Supercomputer Center | Merit Univ of Michigan, Ann Arbor | NCSA, University of Illinois, Champaign | MIDnet, Lincoln, NE","Pittsburgh Supercomputer Center->Merit Univ of Michigan, Ann Arbor | Merit Univ of Michigan, Ann Arbor->NCSA, University of Illinois, Champaign | NCSA, University of Illinois, Champaign->MIDnet, Lincoln, NE",1
23,nsfnet,11,0.8,robust_current_demand_lp,critical_failure_fixed,"NCSA, University of Illinois, Champaign -> Merit Univ of Michigan, Ann Arbor & Merit Univ of Michigan, Ann Arbor -> NCSA, University of Illinois, Champaign",4,"MIDnet, Lincoln, NE","BARRnet, Palo Alto",1,4.220813,"MIDnet, Lincoln, NE | NCSA, University of Illinois, Champaign | Merit Univ of Michigan, Ann Arbor | BARRnet, Palo Alto","MIDnet, Lincoln, NE->NCSA, University of Illinois, Champaign | NCSA, University of Illinois, Champaign->Merit Univ of Michigan, Ann Arbor | Merit Univ of Michigan, Ann Arbor->BARRnet, Palo Alto",1
23,nsfnet,11,0.8,robust_current_demand_lp,critical_failure_fixed,"NCSA, University of Illinois, Champaign -> Merit Univ of Michigan, Ann Arbor & Merit Univ of Michigan, Ann Arbor -> NCSA, University of Illinois, Champaign",5,"MIDnet, Lincoln, NE","Cornell Theory Center, Ithaca NY",1,4.1942364,"MIDnet, Lincoln, NE | NCSA, University of Illinois, Champaign | Merit Univ of Michigan, Ann Arbor | Cornell Theory Center, Ithaca NY","MIDnet, Lincoln, NE->NCSA, University of Illinois, Champaign | NCSA, University of Illinois, Champaign->Merit Univ of Michigan, Ann Arbor | Merit Univ of Michigan, Ann Arbor->Cornell Theory Center, Ithaca NY",1
23,nsfnet,11,0.8,robust_current_demand_lp,random_failure_fixed,"SEQSUINET, Rice University, Houston -> SURANET, Georgia Tech, Atlanta & SURANET, Georgia Tech, Atlanta -> SEQSUINET, Rice University, Houston",1,"Jon Von Neumann Center, Princeton, NJ",San Diego Supercomputer Center,1,4.6214907,"Jon Von Neumann Center, Princeton, NJ | SURANET, Georgia Tech, Atlanta | SEQSUINET, Rice University, Houston | San Diego Supercomputer Center","Jon Von Neumann Center, Princeton, NJ->SURANET, Georgia Tech, Atlanta | SURANET, Georgia Tech, Atlanta->SEQSUINET, Rice University, Houston | SEQSUINET, Rice University, Houston->San Diego Supercomputer Center",1
23,nsfnet,11,0.8,robust_current_demand_lp,random_failure_fixed,"SEQSUINET, Rice University, Houston -> SURANET, Georgia Tech, Atlanta & SURANET, Georgia Tech, Atlanta -> SEQSUINET, Rice University, Houston",2,"Jon Von Neumann Center, Princeton, NJ","NorthWestNet, Seattle",1,4.1377026,"Jon Von Neumann Center, Princeton, NJ | SURANET, Georgia Tech, Atlanta | SEQSUINET, Rice University, Houston | San Diego Supercomputer Center | BARRnet, Palo Alto | NorthWestNet, Seattle","Jon Von Neumann Center, Princeton, NJ->SURANET, Georgia Tech, Atlanta | SURANET, Georgia Tech, Atlanta->SEQSUINET, Rice University, Houston | SEQSUINET, Rice University, Houston->San Diego Supercomputer Center | San Diego Supercomputer Center->BARRnet, Palo Alto | BARRnet, Palo Alto->NorthWestNet, Seattle",1
23,nsfnet,11,0.8,robust_current_demand_lp,random_failure_fixed,"SEQSUINET, Rice University, Houston -> SURANET, Georgia Tech, Atlanta & SURANET, Georgia Tech, Atlanta -> SEQSUINET, Rice University, Houston",3,"NCSA, University of Illinois, Champaign","SURANET, Georgia Tech, Atlanta",1,3.971877,"NCSA, University of Illinois, Champaign | SEQSUINET, Rice University, Houston | SURANET, Georgia Tech, Atlanta","NCSA, University of Illinois, Champaign->SEQSUINET, Rice University, Houston | SEQSUINET, Rice University, Houston->SURANET, Georgia Tech, Atlanta",1
23,nsfnet,11,0.8,robust_current_demand_lp,random_failure_fixed,"SEQSUINET, Rice University, Houston -> SURANET, Georgia Tech, Atlanta & SURANET, Georgia Tech, Atlanta -> SEQSUINET, Rice University, Houston",4,"SURANET, Georgia Tech, Atlanta",San Diego Supercomputer Center,1,3.9531405,"SURANET, Georgia Tech, Atlanta | SEQSUINET, Rice University, Houston | San Diego Supercomputer Center","SURANET, Georgia Tech, Atlanta->SEQSUINET, Rice University, Houston | SEQSUINET, Rice University, Houston->San Diego Supercomputer Center",1
23,nsfnet,11,0.8,robust_current_demand_lp,random_failure_fixed,"SEQSUINET, Rice University, Houston -> SURANET, Georgia Tech, Atlanta & SURANET, Georgia Tech, Atlanta -> SEQSUINET, Rice University, Houston",5,"SURANET, Georgia Tech, Atlanta","MIDnet, Lincoln, NE",1,3.7493378,"SURANET, Georgia Tech, Atlanta | SEQSUINET, Rice University, Houston | NCSA, University of Illinois, Champaign | MIDnet, Lincoln, NE","SURANET, Georgia Tech, Atlanta->SEQSUINET, Rice University, Houston | SEQSUINET, Rice University, Houston->NCSA, University of Illinois, Champaign | NCSA, University of Illinois, Champaign->MIDnet, Lincoln, NE",1
23,nsfnet,11,0.8,moving_average,critical_failure_fixed,"NCSA, University of Illinois, Champaign -> Merit Univ of Michigan, Ann Arbor & Merit Univ of Michigan, Ann Arbor -> NCSA, University of Illinois, Champaign",1,"Merit Univ of Michigan, Ann Arbor","NCSA, University of Illinois, Champaign",1,3.9869483,"Merit Univ of Michigan, Ann Arbor | NCSA, University of Illinois, Champaign","Merit Univ of Michigan, Ann Arbor->NCSA, University of Illinois, Champaign",1
23,nsfnet,11,0.8,moving_average,critical_failure_fixed,"NCSA, University of Illinois, Champaign -> Merit Univ of Michigan, Ann Arbor & Merit Univ of Michigan, Ann Arbor -> NCSA, University of Illinois, Champaign",2,"MIDnet, Lincoln, NE","Cornell Theory Center, Ithaca NY",1,3.9016681,"MIDnet, Lincoln, NE | NCSA, University of Illinois, Champaign | Merit Univ of Michigan, Ann Arbor | Cornell Theory Center, Ithaca NY","MIDnet, Lincoln, NE->NCSA, University of Illinois, Champaign | NCSA, University of Illinois, Champaign->Merit Univ of Michigan, Ann Arbor | Merit Univ of Michigan, Ann Arbor->Cornell Theory Center, Ithaca NY",1
23,nsfnet,11,0.8,moving_average,critical_failure_fixed,"NCSA, University of Illinois, Champaign -> Merit Univ of Michigan, Ann Arbor & Merit Univ of Michigan, Ann Arbor -> NCSA, University of Illinois, Champaign",3,Pittsburgh Supercomputer Center,"MIDnet, Lincoln, NE",1,3.896123,"Pittsburgh Supercomputer Center | Merit Univ of Michigan, Ann Arbor | NCSA, University of Illinois, Champaign | MIDnet, Lincoln, NE","Pittsburgh Supercomputer Center->Merit Univ of Michigan, Ann Arbor | Merit Univ of Michigan, Ann Arbor->NCSA, University of Illinois, Champaign | NCSA, University of Illinois, Champaign->MIDnet, Lincoln, NE",1
23,nsfnet,11,0.8,moving_average,critical_failure_fixed,"NCSA, University of Illinois, Champaign -> Merit Univ of Michigan, Ann Arbor & Merit Univ of Michigan, Ann Arbor -> NCSA, University of Illinois, Champaign",4,San Diego Supercomputer Center,"Merit Univ of Michigan, Ann Arbor",1,3.6374735,"San Diego Supercomputer Center | SEQSUINET, Rice University, Houston | NCSA, University of Illinois, Champaign | Merit Univ of Michigan, Ann Arbor","San Diego Supercomputer Center->SEQSUINET, Rice University, Houston | SEQSUINET, Rice University, Houston->NCSA, University of Illinois, Champaign | NCSA, University of Illinois, Champaign->Merit Univ of Michigan, Ann Arbor",1
23,nsfnet,11,0.8,moving_average,critical_failure_fixed,"NCSA, University of Illinois, Champaign -> Merit Univ of Michigan, Ann Arbor & Merit Univ of Michigan, Ann Arbor -> NCSA, University of Illinois, Champaign",5,"SURANET, Georgia Tech, Atlanta","Merit Univ of Michigan, Ann Arbor",1,3.6320573,"SURANET, Georgia Tech, Atlanta | SEQSUINET, Rice University, Houston | NCSA, University of Illinois, Champaign | Merit Univ of Michigan, Ann Arbor","SURANET, Georgia Tech, Atlanta->SEQSUINET, Rice University, Houston | SEQSUINET, Rice University, Houston->NCSA, University of Illinois, Champaign | NCSA, University of Illinois, Champaign->Merit Univ of Michigan, Ann Arbor",1
23,nsfnet,11,0.8,moving_average,random_failure_fixed,"SEQSUINET, Rice University, Houston -> SURANET, Georgia Tech, Atlanta & SURANET, Georgia Tech, Atlanta -> SEQSUINET, Rice University, Houston",1,"Jon Von Neumann Center, Princeton, NJ",San Diego Supercomputer Center,1,4.1095465,"Jon Von Neumann Center, Princeton, NJ | SURANET, Georgia Tech, Atlanta | SEQSUINET, Rice University, Houston | San Diego Supercomputer Center","Jon Von Neumann Center, Princeton, NJ->SURANET, Georgia Tech, Atlanta | SURANET, Georgia Tech, Atlanta->SEQSUINET, Rice University, Houston | SEQSUINET, Rice University, Houston->San Diego Supercomputer Center",1
23,nsfnet,11,0.8,moving_average,random_failure_fixed,"SEQSUINET, Rice University, Houston -> SURANET, Georgia Tech, Atlanta & SURANET, Georgia Tech, Atlanta -> SEQSUINET, Rice University, Houston",2,"SURANET, Georgia Tech, Atlanta",San Diego Supercomputer Center,1,3.7115565,"SURANET, Georgia Tech, Atlanta | SEQSUINET, Rice University, Houston | San Diego Supercomputer Center","SURANET, Georgia Tech, Atlanta->SEQSUINET, Rice University, Houston | SEQSUINET, Rice University, Houston->San Diego Supercomputer Center",1
23,nsfnet,11,0.8,moving_average,random_failure_fixed,"SEQSUINET, Rice University, Houston -> SURANET, Georgia Tech, Atlanta & SURANET, Georgia Tech, Atlanta -> SEQSUINET, Rice University, Houston",3,"SURANET, Georgia Tech, Atlanta","Merit Univ of Michigan, Ann Arbor",1,3.6320573,"SURANET, Georgia Tech, Atlanta | SEQSUINET, Rice University, Houston | NCSA, University of Illinois, Champaign | Merit Univ of Michigan, Ann Arbor","SURANET, Georgia Tech, Atlanta->SEQSUINET, Rice University, Houston | SEQSUINET, Rice University, Houston->NCSA, University of Illinois, Champaign | NCSA, University of Illinois, Champaign->Merit Univ of Michigan, Ann Arbor",1
23,nsfnet,11,0.8,moving_average,random_failure_fixed,"SEQSUINET, Rice University, Houston -> SURANET, Georgia Tech, Atlanta & SURANET, Georgia Tech, Atlanta -> SEQSUINET, Rice University, Houston",4,"Jon Von Neumann Center, Princeton, NJ","NorthWestNet, Seattle",1,3.6282154,"Jon Von Neumann Center, Princeton, NJ | SURANET, Georgia Tech, Atlanta | SEQSUINET, Rice University, Houston | San Diego Supercomputer Center | BARRnet, Palo Alto | NorthWestNet, Seattle","Jon Von Neumann Center, Princeton, NJ->SURANET, Georgia Tech, Atlanta | SURANET, Georgia Tech, Atlanta->SEQSUINET, Rice University, Houston | SEQSUINET, Rice University, Houston->San Diego Supercomputer Center | San Diego Supercomputer Center->BARRnet, Palo Alto | BARRnet, Palo Alto->NorthWestNet, Seattle",1
23,nsfnet,11,0.8,moving_average,random_failure_fixed,"SEQSUINET, Rice University, Houston -> SURANET, Georgia Tech, Atlanta & SURANET, Georgia Tech, Atlanta -> SEQSUINET, Rice University, Houston",5,"NCSA, University of Illinois, Champaign","SURANET, Georgia Tech, Atlanta",1,3.4220421,"NCSA, University of Illinois, Champaign | SEQSUINET, Rice University, Houston | SURANET, Georgia Tech, Atlanta","NCSA, University of Illinois, Champaign->SEQSUINET, Rice University, Houston | SEQSUINET, Rice University, Houston->SURANET, Georgia Tech, Atlanta",1
23,nsfnet,11,0.8,linear_autoregressive,critical_failure_fixed,"NCSA, University of Illinois, Champaign -> Merit Univ of Michigan, Ann Arbor & Merit Univ of Michigan, Ann Arbor -> NCSA, University of Illinois, Champaign",1,Pittsburgh Supercomputer Center,"MIDnet, Lincoln, NE",1,4.3369669,"Pittsburgh Supercomputer Center | Merit Univ of Michigan, Ann Arbor | NCSA, University of Illinois, Champaign | MIDnet, Lincoln, NE","Pittsburgh Supercomputer Center->Merit Univ of Michigan, Ann Arbor | Merit Univ of Michigan, Ann Arbor->NCSA, University of Illinois, Champaign | NCSA, University of Illinois, Champaign->MIDnet, Lincoln, NE",1
23,nsfnet,11,0.8,linear_autoregressive,critical_failure_fixed,"NCSA, University of Illinois, Champaign -> Merit Univ of Michigan, Ann Arbor & Merit Univ of Michigan, Ann Arbor -> NCSA, University of Illinois, Champaign",2,"Merit Univ of Michigan, Ann Arbor","NCSA, University of Illinois, Champaign",1,4.2727575,"Merit Univ of Michigan, Ann Arbor | NCSA, University of Illinois, Champaign","Merit Univ of Michigan, Ann Arbor->NCSA, University of Illinois, Champaign",1
23,nsfnet,11,0.8,linear_autoregressive,critical_failure_fixed,"NCSA, University of Illinois, Champaign -> Merit Univ of Michigan, Ann Arbor & Merit Univ of Michigan, Ann Arbor -> NCSA, University of Illinois, Champaign",3,"SURANET, Georgia Tech, Atlanta","Merit Univ of Michigan, Ann Arbor",1,4.1936409,"SURANET, Georgia Tech, Atlanta | SEQSUINET, Rice University, Houston | NCSA, University of Illinois, Champaign | Merit Univ of Michigan, Ann Arbor","SURANET, Georgia Tech, Atlanta->SEQSUINET, Rice University, Houston | SEQSUINET, Rice University, Houston->NCSA, University of Illinois, Champaign | NCSA, University of Illinois, Champaign->Merit Univ of Michigan, Ann Arbor",1
23,nsfnet,11,0.8,linear_autoregressive,critical_failure_fixed,"NCSA, University of Illinois, Champaign -> Merit Univ of Michigan, Ann Arbor & Merit Univ of Michigan, Ann Arbor -> NCSA, University of Illinois, Champaign",4,"MIDnet, Lincoln, NE","Cornell Theory Center, Ithaca NY",1,4.1223615,"MIDnet, Lincoln, NE | NCSA, University of Illinois, Champaign | Merit Univ of Michigan, Ann Arbor | Cornell Theory Center, Ithaca NY","MIDnet, Lincoln, NE->NCSA, University of Illinois, Champaign | NCSA, University of Illinois, Champaign->Merit Univ of Michigan, Ann Arbor | Merit Univ of Michigan, Ann Arbor->Cornell Theory Center, Ithaca NY",1
23,nsfnet,11,0.8,linear_autoregressive,critical_failure_fixed,"NCSA, University of Illinois, Champaign -> Merit Univ of Michigan, Ann Arbor & Merit Univ of Michigan, Ann Arbor -> NCSA, University of Illinois, Champaign",5,San Diego Supercomputer Center,"Merit Univ of Michigan, Ann Arbor",1,3.8190713,"San Diego Supercomputer Center | SEQSUINET, Rice University, Houston | NCSA, University of Illinois, Champaign | Merit Univ of Michigan, Ann Arbor","San Diego Supercomputer Center->SEQSUINET, Rice University, Houston | SEQSUINET, Rice University, Houston->NCSA, University of Illinois, Champaign | NCSA, University of Illinois, Champaign->Merit Univ of Michigan, Ann Arbor",1
23,nsfnet,11,0.8,linear_autoregressive,random_failure_fixed,"SEQSUINET, Rice University, Houston -> SURANET, Georgia Tech, Atlanta & SURANET, Georgia Tech, Atlanta -> SEQSUINET, Rice University, Houston",1,"Jon Von Neumann Center, Princeton, NJ",San Diego Supercomputer Center,1,4.4043775,"Jon Von Neumann Center, Princeton, NJ | SURANET, Georgia Tech, Atlanta | SEQSUINET, Rice University, Houston | San Diego Supercomputer Center","Jon Von Neumann Center, Princeton, NJ->SURANET, Georgia Tech, Atlanta | SURANET, Georgia Tech, Atlanta->SEQSUINET, Rice University, Houston | SEQSUINET, Rice University, Houston->San Diego Supercomputer Center",1
23,nsfnet,11,0.8,linear_autoregressive,random_failure_fixed,"SEQSUINET, Rice University, Houston -> SURANET, Georgia Tech, Atlanta & SURANET, Georgia Tech, Atlanta -> SEQSUINET, Rice University, Houston",2,"SURANET, Georgia Tech, Atlanta","Merit Univ of Michigan, Ann Arbor",1,4.1936409,"SURANET, Georgia Tech, Atlanta | SEQSUINET, Rice University, Houston | NCSA, University of Illinois, Champaign | Merit Univ of Michigan, Ann Arbor","SURANET, Georgia Tech, Atlanta->SEQSUINET, Rice University, Houston | SEQSUINET, Rice University, Houston->NCSA, University of Illinois, Champaign | NCSA, University of Illinois, Champaign->Merit Univ of Michigan, Ann Arbor",1
23,nsfnet,11,0.8,linear_autoregressive,random_failure_fixed,"SEQSUINET, Rice University, Houston -> SURANET, Georgia Tech, Atlanta & SURANET, Georgia Tech, Atlanta -> SEQSUINET, Rice University, Houston",3,"SURANET, Georgia Tech, Atlanta",San Diego Supercomputer Center,1,3.9819048,"SURANET, Georgia Tech, Atlanta | SEQSUINET, Rice University, Houston | San Diego Supercomputer Center","SURANET, Georgia Tech, Atlanta->SEQSUINET, Rice University, Houston | SEQSUINET, Rice University, Houston->San Diego Supercomputer Center",1
23,nsfnet,11,0.8,linear_autoregressive,random_failure_fixed,"SEQSUINET, Rice University, Houston -> SURANET, Georgia Tech, Atlanta & SURANET, Georgia Tech, Atlanta -> SEQSUINET, Rice University, Houston",4,"Jon Von Neumann Center, Princeton, NJ","NorthWestNet, Seattle",1,3.7776045,"Jon Von Neumann Center, Princeton, NJ | SURANET, Georgia Tech, Atlanta | SEQSUINET, Rice University, Houston | San Diego Supercomputer Center | BARRnet, Palo Alto | NorthWestNet, Seattle","Jon Von Neumann Center, Princeton, NJ->SURANET, Georgia Tech, Atlanta | SURANET, Georgia Tech, Atlanta->SEQSUINET, Rice University, Houston | SEQSUINET, Rice University, Houston->San Diego Supercomputer Center | San Diego Supercomputer Center->BARRnet, Palo Alto | BARRnet, Palo Alto->NorthWestNet, Seattle",1
23,nsfnet,11,0.8,linear_autoregressive,random_failure_fixed,"SEQSUINET, Rice University, Houston -> SURANET, Georgia Tech, Atlanta & SURANET, Georgia Tech, Atlanta -> SEQSUINET, Rice University, Houston",5,San Diego Supercomputer Center,"Jon Von Neumann Center, Princeton, NJ",1,3.7356347,"San Diego Supercomputer Center | SEQSUINET, Rice University, Houston | SURANET, Georgia Tech, Atlanta | Jon Von Neumann Center, Princeton, NJ","San Diego Supercomputer Center->SEQSUINET, Rice University, Houston | SEQSUINET, Rice University, Houston->SURANET, Georgia Tech, Atlanta | SURANET, Georgia Tech, Atlanta->Jon Von Neumann Center, Princeton, NJ",1
23,nsfnet,11,0.8,lstm,critical_failure_fixed,"NCSA, University of Illinois, Champaign -> Merit Univ of Michigan, Ann Arbor & Merit Univ of Michigan, Ann Arbor -> NCSA, University of Illinois, Champaign",1,"MIDnet, Lincoln, NE","Cornell Theory Center, Ithaca NY",1,4.3126502,"MIDnet, Lincoln, NE | NCSA, University of Illinois, Champaign | Merit Univ of Michigan, Ann Arbor | Cornell Theory Center, Ithaca NY","MIDnet, Lincoln, NE->NCSA, University of Illinois, Champaign | NCSA, University of Illinois, Champaign->Merit Univ of Michigan, Ann Arbor | Merit Univ of Michigan, Ann Arbor->Cornell Theory Center, Ithaca NY",1
23,nsfnet,11,0.8,lstm,critical_failure_fixed,"NCSA, University of Illinois, Champaign -> Merit Univ of Michigan, Ann Arbor & Merit Univ of Michigan, Ann Arbor -> NCSA, University of Illinois, Champaign",2,"Merit Univ of Michigan, Ann Arbor","NCSA, University of Illinois, Champaign",1,4.3047462,"Merit Univ of Michigan, Ann Arbor | NCSA, University of Illinois, Champaign","Merit Univ of Michigan, Ann Arbor->NCSA, University of Illinois, Champaign",1
23,nsfnet,11,0.8,lstm,critical_failure_fixed,"NCSA, University of Illinois, Champaign -> Merit Univ of Michigan, Ann Arbor & Merit Univ of Michigan, Ann Arbor -> NCSA, University of Illinois, Champaign",3,Pittsburgh Supercomputer Center,"MIDnet, Lincoln, NE",1,4.2568717,"Pittsburgh Supercomputer Center | Merit Univ of Michigan, Ann Arbor | NCSA, University of Illinois, Champaign | MIDnet, Lincoln, NE","Pittsburgh Supercomputer Center->Merit Univ of Michigan, Ann Arbor | Merit Univ of Michigan, Ann Arbor->NCSA, University of Illinois, Champaign | NCSA, University of Illinois, Champaign->MIDnet, Lincoln, NE",1
23,nsfnet,11,0.8,lstm,critical_failure_fixed,"NCSA, University of Illinois, Champaign -> Merit Univ of Michigan, Ann Arbor & Merit Univ of Michigan, Ann Arbor -> NCSA, University of Illinois, Champaign",4,"SURANET, Georgia Tech, Atlanta","Merit Univ of Michigan, Ann Arbor",1,4.0819569,"SURANET, Georgia Tech, Atlanta | SEQSUINET, Rice University, Houston | NCSA, University of Illinois, Champaign | Merit Univ of Michigan, Ann Arbor","SURANET, Georgia Tech, Atlanta->SEQSUINET, Rice University, Houston | SEQSUINET, Rice University, Houston->NCSA, University of Illinois, Champaign | NCSA, University of Illinois, Champaign->Merit Univ of Michigan, Ann Arbor",1
23,nsfnet,11,0.8,lstm,critical_failure_fixed,"NCSA, University of Illinois, Champaign -> Merit Univ of Michigan, Ann Arbor & Merit Univ of Michigan, Ann Arbor -> NCSA, University of Illinois, Champaign",5,San Diego Supercomputer Center,"Merit Univ of Michigan, Ann Arbor",1,3.9990675,"San Diego Supercomputer Center | SEQSUINET, Rice University, Houston | NCSA, University of Illinois, Champaign | Merit Univ of Michigan, Ann Arbor","San Diego Supercomputer Center->SEQSUINET, Rice University, Houston | SEQSUINET, Rice University, Houston->NCSA, University of Illinois, Champaign | NCSA, University of Illinois, Champaign->Merit Univ of Michigan, Ann Arbor",1
23,nsfnet,11,0.8,lstm,random_failure_fixed,"SEQSUINET, Rice University, Houston -> SURANET, Georgia Tech, Atlanta & SURANET, Georgia Tech, Atlanta -> SEQSUINET, Rice University, Houston",1,"Jon Von Neumann Center, Princeton, NJ",San Diego Supercomputer Center,1,4.2722907,"Jon Von Neumann Center, Princeton, NJ | SURANET, Georgia Tech, Atlanta | SEQSUINET, Rice University, Houston | San Diego Supercomputer Center","Jon Von Neumann Center, Princeton, NJ->SURANET, Georgia Tech, Atlanta | SURANET, Georgia Tech, Atlanta->SEQSUINET, Rice University, Houston | SEQSUINET, Rice University, Houston->San Diego Supercomputer Center",1
23,nsfnet,11,0.8,lstm,random_failure_fixed,"SEQSUINET, Rice University, Houston -> SURANET, Georgia Tech, Atlanta & SURANET, Georgia Tech, Atlanta -> SEQSUINET, Rice University, Houston",2,"SURANET, Georgia Tech, Atlanta","Merit Univ of Michigan, Ann Arbor",1,4.0819569,"SURANET, Georgia Tech, Atlanta | SEQSUINET, Rice University, Houston | NCSA, University of Illinois, Champaign | Merit Univ of Michigan, Ann Arbor","SURANET, Georgia Tech, Atlanta->SEQSUINET, Rice University, Houston | SEQSUINET, Rice University, Houston->NCSA, University of Illinois, Champaign | NCSA, University of Illinois, Champaign->Merit Univ of Michigan, Ann Arbor",1
23,nsfnet,11,0.8,lstm,random_failure_fixed,"SEQSUINET, Rice University, Houston -> SURANET, Georgia Tech, Atlanta & SURANET, Georgia Tech, Atlanta -> SEQSUINET, Rice University, Houston",3,"SURANET, Georgia Tech, Atlanta",San Diego Supercomputer Center,1,4.019825,"SURANET, Georgia Tech, Atlanta | SEQSUINET, Rice University, Houston | San Diego Supercomputer Center","SURANET, Georgia Tech, Atlanta->SEQSUINET, Rice University, Houston | SEQSUINET, Rice University, Houston->San Diego Supercomputer Center",1
23,nsfnet,11,0.8,lstm,random_failure_fixed,"SEQSUINET, Rice University, Houston -> SURANET, Georgia Tech, Atlanta & SURANET, Georgia Tech, Atlanta -> SEQSUINET, Rice University, Houston",4,"Jon Von Neumann Center, Princeton, NJ","NorthWestNet, Seattle",1,3.8354225,"Jon Von Neumann Center, Princeton, NJ | SURANET, Georgia Tech, Atlanta | SEQSUINET, Rice University, Houston | San Diego Supercomputer Center | BARRnet, Palo Alto | NorthWestNet, Seattle","Jon Von Neumann Center, Princeton, NJ->SURANET, Georgia Tech, Atlanta | SURANET, Georgia Tech, Atlanta->SEQSUINET, Rice University, Houston | SEQSUINET, Rice University, Houston->San Diego Supercomputer Center | San Diego Supercomputer Center->BARRnet, Palo Alto | BARRnet, Palo Alto->NorthWestNet, Seattle",1
23,nsfnet,11,0.8,lstm,random_failure_fixed,"SEQSUINET, Rice University, Houston -> SURANET, Georgia Tech, Atlanta & SURANET, Georgia Tech, Atlanta -> SEQSUINET, Rice University, Houston",5,"NCSA, University of Illinois, Champaign","SURANET, Georgia Tech, Atlanta",1,3.7612598,"NCSA, University of Illinois, Champaign | SEQSUINET, Rice University, Houston | SURANET, Georgia Tech, Atlanta","NCSA, University of Illinois, Champaign->SEQSUINET, Rice University, Houston | SEQSUINET, Rice University, Houston->SURANET, Georgia Tech, Atlanta",1
23,nsfnet,11,0.8,uncertainty_aware_lstm_robust_lp,critical_failure_fixed,"NCSA, University of Illinois, Champaign -> Merit Univ of Michigan, Ann Arbor & Merit Univ of Michigan, Ann Arbor -> NCSA, University of Illinois, Champaign",1,"Westnet, Salt Lake City","Cornell Theory Center, Ithaca NY",1,4.6718936,"Westnet, Salt Lake City | NCAR, Boulder | NCSA, University of Illinois, Champaign | Merit Univ of Michigan, Ann Arbor | Cornell Theory Center, Ithaca NY","Westnet, Salt Lake City->NCAR, Boulder | NCAR, Boulder->NCSA, University of Illinois, Champaign | NCSA, University of Illinois, Champaign->Merit Univ of Michigan, Ann Arbor | Merit Univ of Michigan, Ann Arbor->Cornell Theory Center, Ithaca NY",1
23,nsfnet,11,0.8,uncertainty_aware_lstm_robust_lp,critical_failure_fixed,"NCSA, University of Illinois, Champaign -> Merit Univ of Michigan, Ann Arbor & Merit Univ of Michigan, Ann Arbor -> NCSA, University of Illinois, Champaign",2,"Merit Univ of Michigan, Ann Arbor","NCSA, University of Illinois, Champaign",1,4.5193624,"Merit Univ of Michigan, Ann Arbor | NCSA, University of Illinois, Champaign","Merit Univ of Michigan, Ann Arbor->NCSA, University of Illinois, Champaign",1
23,nsfnet,11,0.8,uncertainty_aware_lstm_robust_lp,critical_failure_fixed,"NCSA, University of Illinois, Champaign -> Merit Univ of Michigan, Ann Arbor & Merit Univ of Michigan, Ann Arbor -> NCSA, University of Illinois, Champaign",3,"MIDnet, Lincoln, NE","Cornell Theory Center, Ithaca NY",1,4.5185852,"MIDnet, Lincoln, NE | NCSA, University of Illinois, Champaign | Merit Univ of Michigan, Ann Arbor | Cornell Theory Center, Ithaca NY","MIDnet, Lincoln, NE->NCSA, University of Illinois, Champaign | NCSA, University of Illinois, Champaign->Merit Univ of Michigan, Ann Arbor | Merit Univ of Michigan, Ann Arbor->Cornell Theory Center, Ithaca NY",1
23,nsfnet,11,0.8,uncertainty_aware_lstm_robust_lp,critical_failure_fixed,"NCSA, University of Illinois, Champaign -> Merit Univ of Michigan, Ann Arbor & Merit Univ of Michigan, Ann Arbor -> NCSA, University of Illinois, Champaign",4,Pittsburgh Supercomputer Center,"MIDnet, Lincoln, NE",1,4.4433961,"Pittsburgh Supercomputer Center | Merit Univ of Michigan, Ann Arbor | NCSA, University of Illinois, Champaign | MIDnet, Lincoln, NE","Pittsburgh Supercomputer Center->Merit Univ of Michigan, Ann Arbor | Merit Univ of Michigan, Ann Arbor->NCSA, University of Illinois, Champaign | NCSA, University of Illinois, Champaign->MIDnet, Lincoln, NE",1
23,nsfnet,11,0.8,uncertainty_aware_lstm_robust_lp,critical_failure_fixed,"NCSA, University of Illinois, Champaign -> Merit Univ of Michigan, Ann Arbor & Merit Univ of Michigan, Ann Arbor -> NCSA, University of Illinois, Champaign",5,"Cornell Theory Center, Ithaca NY","NCAR, Boulder",1,4.0155287,"Cornell Theory Center, Ithaca NY | Merit Univ of Michigan, Ann Arbor | NCSA, University of Illinois, Champaign | NCAR, Boulder","Cornell Theory Center, Ithaca NY->Merit Univ of Michigan, Ann Arbor | Merit Univ of Michigan, Ann Arbor->NCSA, University of Illinois, Champaign | NCSA, University of Illinois, Champaign->NCAR, Boulder",1
23,nsfnet,11,0.8,uncertainty_aware_lstm_robust_lp,random_failure_fixed,"SEQSUINET, Rice University, Houston -> SURANET, Georgia Tech, Atlanta & SURANET, Georgia Tech, Atlanta -> SEQSUINET, Rice University, Houston",1,"Jon Von Neumann Center, Princeton, NJ",San Diego Supercomputer Center,1,4.4875336,"Jon Von Neumann Center, Princeton, NJ | SURANET, Georgia Tech, Atlanta | SEQSUINET, Rice University, Houston | San Diego Supercomputer Center","Jon Von Neumann Center, Princeton, NJ->SURANET, Georgia Tech, Atlanta | SURANET, Georgia Tech, Atlanta->SEQSUINET, Rice University, Houston | SEQSUINET, Rice University, Houston->San Diego Supercomputer Center",1
23,nsfnet,11,0.8,uncertainty_aware_lstm_robust_lp,random_failure_fixed,"SEQSUINET, Rice University, Houston -> SURANET, Georgia Tech, Atlanta & SURANET, Georgia Tech, Atlanta -> SEQSUINET, Rice University, Houston",2,"SURANET, Georgia Tech, Atlanta",San Diego Supercomputer Center,1,4.2335224,"SURANET, Georgia Tech, Atlanta | SEQSUINET, Rice University, Houston | San Diego Supercomputer Center","SURANET, Georgia Tech, Atlanta->SEQSUINET, Rice University, Houston | SEQSUINET, Rice University, Houston->San Diego Supercomputer Center",1
23,nsfnet,11,0.8,uncertainty_aware_lstm_robust_lp,random_failure_fixed,"SEQSUINET, Rice University, Houston -> SURANET, Georgia Tech, Atlanta & SURANET, Georgia Tech, Atlanta -> SEQSUINET, Rice University, Houston",3,"Jon Von Neumann Center, Princeton, NJ","NorthWestNet, Seattle",1,4.0222363,"Jon Von Neumann Center, Princeton, NJ | SURANET, Georgia Tech, Atlanta | SEQSUINET, Rice University, Houston | San Diego Supercomputer Center | BARRnet, Palo Alto | NorthWestNet, Seattle","Jon Von Neumann Center, Princeton, NJ->SURANET, Georgia Tech, Atlanta | SURANET, Georgia Tech, Atlanta->SEQSUINET, Rice University, Houston | SEQSUINET, Rice University, Houston->San Diego Supercomputer Center | San Diego Supercomputer Center->BARRnet, Palo Alto | BARRnet, Palo Alto->NorthWestNet, Seattle",1
23,nsfnet,11,0.8,uncertainty_aware_lstm_robust_lp,random_failure_fixed,"SEQSUINET, Rice University, Houston -> SURANET, Georgia Tech, Atlanta & SURANET, Georgia Tech, Atlanta -> SEQSUINET, Rice University, Houston",4,"NCSA, University of Illinois, Champaign","SURANET, Georgia Tech, Atlanta",1,3.9757073,"NCSA, University of Illinois, Champaign | SEQSUINET, Rice University, Houston | SURANET, Georgia Tech, Atlanta","NCSA, University of Illinois, Champaign->SEQSUINET, Rice University, Houston | SEQSUINET, Rice University, Houston->SURANET, Georgia Tech, Atlanta",1
23,nsfnet,11,0.8,uncertainty_aware_lstm_robust_lp,random_failure_fixed,"SEQSUINET, Rice University, Houston -> SURANET, Georgia Tech, Atlanta & SURANET, Georgia Tech, Atlanta -> SEQSUINET, Rice University, Houston",5,San Diego Supercomputer Center,"Jon Von Neumann Center, Princeton, NJ",1,3.8281965,"San Diego Supercomputer Center | SEQSUINET, Rice University, Houston | SURANET, Georgia Tech, Atlanta | Jon Von Neumann Center, Princeton, NJ","San Diego Supercomputer Center->SEQSUINET, Rice University, Houston | SEQSUINET, Rice University, Houston->SURANET, Georgia Tech, Atlanta | SURANET, Georgia Tech, Atlanta->Jon Von Neumann Center, Princeton, NJ",1
24,nsfnet,11,0.8,current_demand_lp,critical_failure_fixed,"NCSA, University of Illinois, Champaign -> Merit Univ of Michigan, Ann Arbor & Merit Univ of Michigan, Ann Arbor -> NCSA, University of Illinois, Champaign",1,"MIDnet, Lincoln, NE","Cornell Theory Center, Ithaca NY",1,5.3060271,"MIDnet, Lincoln, NE | NCSA, University of Illinois, Champaign | Merit Univ of Michigan, Ann Arbor | Cornell Theory Center, Ithaca NY","MIDnet, Lincoln, NE->NCSA, University of Illinois, Champaign | NCSA, University of Illinois, Champaign->Merit Univ of Michigan, Ann Arbor | Merit Univ of Michigan, Ann Arbor->Cornell Theory Center, Ithaca NY",1
24,nsfnet,11,0.8,current_demand_lp,critical_failure_fixed,"NCSA, University of Illinois, Champaign -> Merit Univ of Michigan, Ann Arbor & Merit Univ of Michigan, Ann Arbor -> NCSA, University of Illinois, Champaign",2,"Merit Univ of Michigan, Ann Arbor","NCSA, University of Illinois, Champaign",1,5.1772611,"Merit Univ of Michigan, Ann Arbor | NCSA, University of Illinois, Champaign","Merit Univ of Michigan, Ann Arbor->NCSA, University of Illinois, Champaign",1
24,nsfnet,11,0.8,current_demand_lp,critical_failure_fixed,"NCSA, University of Illinois, Champaign -> Merit Univ of Michigan, Ann Arbor & Merit Univ of Michigan, Ann Arbor -> NCSA, University of Illinois, Champaign",3,Pittsburgh Supercomputer Center,"MIDnet, Lincoln, NE",1,5.0040371,"Pittsburgh Supercomputer Center | Merit Univ of Michigan, Ann Arbor | NCSA, University of Illinois, Champaign | MIDnet, Lincoln, NE","Pittsburgh Supercomputer Center->Merit Univ of Michigan, Ann Arbor | Merit Univ of Michigan, Ann Arbor->NCSA, University of Illinois, Champaign | NCSA, University of Illinois, Champaign->MIDnet, Lincoln, NE",1
24,nsfnet,11,0.8,current_demand_lp,critical_failure_fixed,"NCSA, University of Illinois, Champaign -> Merit Univ of Michigan, Ann Arbor & Merit Univ of Michigan, Ann Arbor -> NCSA, University of Illinois, Champaign",4,"Westnet, Salt Lake City","Cornell Theory Center, Ithaca NY",1,4.7622925,"Westnet, Salt Lake City | NCAR, Boulder | NCSA, University of Illinois, Champaign | Merit Univ of Michigan, Ann Arbor | Cornell Theory Center, Ithaca NY","Westnet, Salt Lake City->NCAR, Boulder | NCAR, Boulder->NCSA, University of Illinois, Champaign | NCSA, University of Illinois, Champaign->Merit Univ of Michigan, Ann Arbor | Merit Univ of Michigan, Ann Arbor->Cornell Theory Center, Ithaca NY",1
24,nsfnet,11,0.8,current_demand_lp,critical_failure_fixed,"NCSA, University of Illinois, Champaign -> Merit Univ of Michigan, Ann Arbor & Merit Univ of Michigan, Ann Arbor -> NCSA, University of Illinois, Champaign",4,"Westnet, Salt Lake City","Cornell Theory Center, Ithaca NY",2,0.4806113999999999,"Westnet, Salt Lake City | NCAR, Boulder | NorthWestNet, Seattle | BARRnet, Palo Alto | Merit Univ of Michigan, Ann Arbor | Cornell Theory Center, Ithaca NY","Westnet, Salt Lake City->NCAR, Boulder | NCAR, Boulder->NorthWestNet, Seattle | NorthWestNet, Seattle->BARRnet, Palo Alto | BARRnet, Palo Alto->Merit Univ of Michigan, Ann Arbor | Merit Univ of Michigan, Ann Arbor->Cornell Theory Center, Ithaca NY",0
24,nsfnet,11,0.8,current_demand_lp,critical_failure_fixed,"NCSA, University of Illinois, Champaign -> Merit Univ of Michigan, Ann Arbor & Merit Univ of Michigan, Ann Arbor -> NCSA, University of Illinois, Champaign",5,San Diego Supercomputer Center,"Merit Univ of Michigan, Ann Arbor",1,0.43002388,"San Diego Supercomputer Center | BARRnet, Palo Alto | Merit Univ of Michigan, Ann Arbor","San Diego Supercomputer Center->BARRnet, Palo Alto | BARRnet, Palo Alto->Merit Univ of Michigan, Ann Arbor",0
24,nsfnet,11,0.8,current_demand_lp,critical_failure_fixed,"NCSA, University of Illinois, Champaign -> Merit Univ of Michigan, Ann Arbor & Merit Univ of Michigan, Ann Arbor -> NCSA, University of Illinois, Champaign",5,San Diego Supercomputer Center,"Merit Univ of Michigan, Ann Arbor",2,4.6713137,"San Diego Supercomputer Center | SEQSUINET, Rice University, Houston | NCSA, University of Illinois, Champaign | Merit Univ of Michigan, Ann Arbor","San Diego Supercomputer Center->SEQSUINET, Rice University, Houston | SEQSUINET, Rice University, Houston->NCSA, University of Illinois, Champaign | NCSA, University of Illinois, Champaign->Merit Univ of Michigan, Ann Arbor",1
24,nsfnet,11,0.8,current_demand_lp,random_failure_fixed,"Pittsburgh Supercomputer Center -> Merit Univ of Michigan, Ann Arbor & Merit Univ of Michigan, Ann Arbor -> Pittsburgh Supercomputer Center",1,"BARRnet, Palo Alto",Pittsburgh Supercomputer Center,1,5.3511274,"BARRnet, Palo Alto | Merit Univ of Michigan, Ann Arbor | Pittsburgh Supercomputer Center","BARRnet, Palo Alto->Merit Univ of Michigan, Ann Arbor | Merit Univ of Michigan, Ann Arbor->Pittsburgh Supercomputer Center",1
24,nsfnet,11,0.8,current_demand_lp,random_failure_fixed,"Pittsburgh Supercomputer Center -> Merit Univ of Michigan, Ann Arbor & Merit Univ of Michigan, Ann Arbor -> Pittsburgh Supercomputer Center",2,"NorthWestNet, Seattle",Pittsburgh Supercomputer Center,1,5.1359654,"NorthWestNet, Seattle | BARRnet, Palo Alto | Merit Univ of Michigan, Ann Arbor | Pittsburgh Supercomputer Center","NorthWestNet, Seattle->BARRnet, Palo Alto | BARRnet, Palo Alto->Merit Univ of Michigan, Ann Arbor | Merit Univ of Michigan, Ann Arbor->Pittsburgh Supercomputer Center",1
24,nsfnet,11,0.8,current_demand_lp,random_failure_fixed,"Pittsburgh Supercomputer Center -> Merit Univ of Michigan, Ann Arbor & Merit Univ of Michigan, Ann Arbor -> Pittsburgh Supercomputer Center",3,Pittsburgh Supercomputer Center,"MIDnet, Lincoln, NE",1,5.0040371,"Pittsburgh Supercomputer Center | Merit Univ of Michigan, Ann Arbor | NCSA, University of Illinois, Champaign | MIDnet, Lincoln, NE","Pittsburgh Supercomputer Center->Merit Univ of Michigan, Ann Arbor | Merit Univ of Michigan, Ann Arbor->NCSA, University of Illinois, Champaign | NCSA, University of Illinois, Champaign->MIDnet, Lincoln, NE",1
24,nsfnet,11,0.8,current_demand_lp,random_failure_fixed,"Pittsburgh Supercomputer Center -> Merit Univ of Michigan, Ann Arbor & Merit Univ of Michigan, Ann Arbor -> Pittsburgh Supercomputer Center",4,Pittsburgh Supercomputer Center,"NorthWestNet, Seattle",1,4.4808217,"Pittsburgh Supercomputer Center | Merit Univ of Michigan, Ann Arbor | BARRnet, Palo Alto | NorthWestNet, Seattle","Pittsburgh Supercomputer Center->Merit Univ of Michigan, Ann Arbor | Merit Univ of Michigan, Ann Arbor->BARRnet, Palo Alto | BARRnet, Palo Alto->NorthWestNet, Seattle",1
24,nsfnet,11,0.8,current_demand_lp,random_failure_fixed,"Pittsburgh Supercomputer Center -> Merit Univ of Michigan, Ann Arbor & Merit Univ of Michigan, Ann Arbor -> Pittsburgh Supercomputer Center",5,"Jon Von Neumann Center, Princeton, NJ",Pittsburgh Supercomputer Center,1,4.4208239,"Jon Von Neumann Center, Princeton, NJ | Cornell Theory Center, Ithaca NY | Merit Univ of Michigan, Ann Arbor | Pittsburgh Supercomputer Center","Jon Von Neumann Center, Princeton, NJ->Cornell Theory Center, Ithaca NY | Cornell Theory Center, Ithaca NY->Merit Univ of Michigan, Ann Arbor | Merit Univ of Michigan, Ann Arbor->Pittsburgh Supercomputer Center",1
24,nsfnet,11,0.8,robust_current_demand_lp,critical_failure_fixed,"NCSA, University of Illinois, Champaign -> Merit Univ of Michigan, Ann Arbor & Merit Univ of Michigan, Ann Arbor -> NCSA, University of Illinois, Champaign",1,"MIDnet, Lincoln, NE","Cornell Theory Center, Ithaca NY",1,5.3060271,"MIDnet, Lincoln, NE | NCSA, University of Illinois, Champaign | Merit Univ of Michigan, Ann Arbor | Cornell Theory Center, Ithaca NY","MIDnet, Lincoln, NE->NCSA, University of Illinois, Champaign | NCSA, University of Illinois, Champaign->Merit Univ of Michigan, Ann Arbor | Merit Univ of Michigan, Ann Arbor->Cornell Theory Center, Ithaca NY",1
24,nsfnet,11,0.8,robust_current_demand_lp,critical_failure_fixed,"NCSA, University of Illinois, Champaign -> Merit Univ of Michigan, Ann Arbor & Merit Univ of Michigan, Ann Arbor -> NCSA, University of Illinois, Champaign",2,"Westnet, Salt Lake City","Cornell Theory Center, Ithaca NY",1,5.2429039,"Westnet, Salt Lake City | NCAR, Boulder | NCSA, University of Illinois, Champaign | Merit Univ of Michigan, Ann Arbor | Cornell Theory Center, Ithaca NY","Westnet, Salt Lake City->NCAR, Boulder | NCAR, Boulder->NCSA, University of Illinois, Champaign | NCSA, University of Illinois, Champaign->Merit Univ of Michigan, Ann Arbor | Merit Univ of Michigan, Ann Arbor->Cornell Theory Center, Ithaca NY",1
24,nsfnet,11,0.8,robust_current_demand_lp,critical_failure_fixed,"NCSA, University of Illinois, Champaign -> Merit Univ of Michigan, Ann Arbor & Merit Univ of Michigan, Ann Arbor -> NCSA, University of Illinois, Champaign",3,"Merit Univ of Michigan, Ann Arbor","NCSA, University of Illinois, Champaign",1,5.1772611,"Merit Univ of Michigan, Ann Arbor | NCSA, University of Illinois, Champaign","Merit Univ of Michigan, Ann Arbor->NCSA, University of Illinois, Champaign",1
24,nsfnet,11,0.8,robust_current_demand_lp,critical_failure_fixed,"NCSA, University of Illinois, Champaign -> Merit Univ of Michigan, Ann Arbor & Merit Univ of Michigan, Ann Arbor -> NCSA, University of Illinois, Champaign",4,Pittsburgh Supercomputer Center,"MIDnet, Lincoln, NE",1,5.0040371,"Pittsburgh Supercomputer Center | Merit Univ of Michigan, Ann Arbor | NCSA, University of Illinois, Champaign | MIDnet, Lincoln, NE","Pittsburgh Supercomputer Center->Merit Univ of Michigan, Ann Arbor | Merit Univ of Michigan, Ann Arbor->NCSA, University of Illinois, Champaign | NCSA, University of Illinois, Champaign->MIDnet, Lincoln, NE",1
24,nsfnet,11,0.8,robust_current_demand_lp,critical_failure_fixed,"NCSA, University of Illinois, Champaign -> Merit Univ of Michigan, Ann Arbor & Merit Univ of Michigan, Ann Arbor -> NCSA, University of Illinois, Champaign",5,"NCSA, University of Illinois, Champaign","Jon Von Neumann Center, Princeton, NJ",1,4.1856054,"NCSA, University of Illinois, Champaign | Merit Univ of Michigan, Ann Arbor | Cornell Theory Center, Ithaca NY | Jon Von Neumann Center, Princeton, NJ","NCSA, University of Illinois, Champaign->Merit Univ of Michigan, Ann Arbor | Merit Univ of Michigan, Ann Arbor->Cornell Theory Center, Ithaca NY | Cornell Theory Center, Ithaca NY->Jon Von Neumann Center, Princeton, NJ",1
24,nsfnet,11,0.8,robust_current_demand_lp,random_failure_fixed,"Pittsburgh Supercomputer Center -> Merit Univ of Michigan, Ann Arbor & Merit Univ of Michigan, Ann Arbor -> Pittsburgh Supercomputer Center",1,"BARRnet, Palo Alto",Pittsburgh Supercomputer Center,1,5.3511274,"BARRnet, Palo Alto | Merit Univ of Michigan, Ann Arbor | Pittsburgh Supercomputer Center","BARRnet, Palo Alto->Merit Univ of Michigan, Ann Arbor | Merit Univ of Michigan, Ann Arbor->Pittsburgh Supercomputer Center",1
24,nsfnet,11,0.8,robust_current_demand_lp,random_failure_fixed,"Pittsburgh Supercomputer Center -> Merit Univ of Michigan, Ann Arbor & Merit Univ of Michigan, Ann Arbor -> Pittsburgh Supercomputer Center",2,"NorthWestNet, Seattle",Pittsburgh Supercomputer Center,1,5.1359654,"NorthWestNet, Seattle | BARRnet, Palo Alto | Merit Univ of Michigan, Ann Arbor | Pittsburgh Supercomputer Center","NorthWestNet, Seattle->BARRnet, Palo Alto | BARRnet, Palo Alto->Merit Univ of Michigan, Ann Arbor | Merit Univ of Michigan, Ann Arbor->Pittsburgh Supercomputer Center",1
24,nsfnet,11,0.8,robust_current_demand_lp,random_failure_fixed,"Pittsburgh Supercomputer Center -> Merit Univ of Michigan, Ann Arbor & Merit Univ of Michigan, Ann Arbor -> Pittsburgh Supercomputer Center",3,Pittsburgh Supercomputer Center,"MIDnet, Lincoln, NE",1,5.0040371,"Pittsburgh Supercomputer Center | Merit Univ of Michigan, Ann Arbor | NCSA, University of Illinois, Champaign | MIDnet, Lincoln, NE","Pittsburgh Supercomputer Center->Merit Univ of Michigan, Ann Arbor | Merit Univ of Michigan, Ann Arbor->NCSA, University of Illinois, Champaign | NCSA, University of Illinois, Champaign->MIDnet, Lincoln, NE",1
24,nsfnet,11,0.8,robust_current_demand_lp,random_failure_fixed,"Pittsburgh Supercomputer Center -> Merit Univ of Michigan, Ann Arbor & Merit Univ of Michigan, Ann Arbor -> Pittsburgh Supercomputer Center",4,Pittsburgh Supercomputer Center,"NorthWestNet, Seattle",1,4.4808217,"Pittsburgh Supercomputer Center | Merit Univ of Michigan, Ann Arbor | BARRnet, Palo Alto | NorthWestNet, Seattle","Pittsburgh Supercomputer Center->Merit Univ of Michigan, Ann Arbor | Merit Univ of Michigan, Ann Arbor->BARRnet, Palo Alto | BARRnet, Palo Alto->NorthWestNet, Seattle",1
24,nsfnet,11,0.8,robust_current_demand_lp,random_failure_fixed,"Pittsburgh Supercomputer Center -> Merit Univ of Michigan, Ann Arbor & Merit Univ of Michigan, Ann Arbor -> Pittsburgh Supercomputer Center",5,"Jon Von Neumann Center, Princeton, NJ",Pittsburgh Supercomputer Center,1,4.4208239,"Jon Von Neumann Center, Princeton, NJ | Cornell Theory Center, Ithaca NY | Merit Univ of Michigan, Ann Arbor | Pittsburgh Supercomputer Center","Jon Von Neumann Center, Princeton, NJ->Cornell Theory Center, Ithaca NY | Cornell Theory Center, Ithaca NY->Merit Univ of Michigan, Ann Arbor | Merit Univ of Michigan, Ann Arbor->Pittsburgh Supercomputer Center",1
24,nsfnet,11,0.8,moving_average,critical_failure_fixed,"NCSA, University of Illinois, Champaign -> Merit Univ of Michigan, Ann Arbor & Merit Univ of Michigan, Ann Arbor -> NCSA, University of Illinois, Champaign",1,"Merit Univ of Michigan, Ann Arbor","NCSA, University of Illinois, Champaign",1,4.3662558,"Merit Univ of Michigan, Ann Arbor | NCSA, University of Illinois, Champaign","Merit Univ of Michigan, Ann Arbor->NCSA, University of Illinois, Champaign",1
24,nsfnet,11,0.8,moving_average,critical_failure_fixed,"NCSA, University of Illinois, Champaign -> Merit Univ of Michigan, Ann Arbor & Merit Univ of Michigan, Ann Arbor -> NCSA, University of Illinois, Champaign",2,"MIDnet, Lincoln, NE","Cornell Theory Center, Ithaca NY",1,4.356203,"MIDnet, Lincoln, NE | NCSA, University of Illinois, Champaign | Merit Univ of Michigan, Ann Arbor | Cornell Theory Center, Ithaca NY","MIDnet, Lincoln, NE->NCSA, University of Illinois, Champaign | NCSA, University of Illinois, Champaign->Merit Univ of Michigan, Ann Arbor | Merit Univ of Michigan, Ann Arbor->Cornell Theory Center, Ithaca NY",1
24,nsfnet,11,0.8,moving_average,critical_failure_fixed,"NCSA, University of Illinois, Champaign -> Merit Univ of Michigan, Ann Arbor & Merit Univ of Michigan, Ann Arbor -> NCSA, University of Illinois, Champaign",3,Pittsburgh Supercomputer Center,"MIDnet, Lincoln, NE",1,4.2118944,"Pittsburgh Supercomputer Center | Merit Univ of Michigan, Ann Arbor | NCSA, University of Illinois, Champaign | MIDnet, Lincoln, NE","Pittsburgh Supercomputer Center->Merit Univ of Michigan, Ann Arbor | Merit Univ of Michigan, Ann Arbor->NCSA, University of Illinois, Champaign | NCSA, University of Illinois, Champaign->MIDnet, Lincoln, NE",1
24,nsfnet,11,0.8,moving_average,critical_failure_fixed,"NCSA, University of Illinois, Champaign -> Merit Univ of Michigan, Ann Arbor & Merit Univ of Michigan, Ann Arbor -> NCSA, University of Illinois, Champaign",4,San Diego Supercomputer Center,"Merit Univ of Michigan, Ann Arbor",1,0.3097821,"San Diego Supercomputer Center | BARRnet, Palo Alto | Merit Univ of Michigan, Ann Arbor","San Diego Supercomputer Center->BARRnet, Palo Alto | BARRnet, Palo Alto->Merit Univ of Michigan, Ann Arbor",0
24,nsfnet,11,0.8,moving_average,critical_failure_fixed,"NCSA, University of Illinois, Champaign -> Merit Univ of Michigan, Ann Arbor & Merit Univ of Michigan, Ann Arbor -> NCSA, University of Illinois, Champaign",4,San Diego Supercomputer Center,"Merit Univ of Michigan, Ann Arbor",2,3.8522155,"San Diego Supercomputer Center | SEQSUINET, Rice University, Houston | NCSA, University of Illinois, Champaign | Merit Univ of Michigan, Ann Arbor","San Diego Supercomputer Center->SEQSUINET, Rice University, Houston | SEQSUINET, Rice University, Houston->NCSA, University of Illinois, Champaign | NCSA, University of Illinois, Champaign->Merit Univ of Michigan, Ann Arbor",1
24,nsfnet,11,0.8,moving_average,critical_failure_fixed,"NCSA, University of Illinois, Champaign -> Merit Univ of Michigan, Ann Arbor & Merit Univ of Michigan, Ann Arbor -> NCSA, University of Illinois, Champaign",5,"MIDnet, Lincoln, NE","BARRnet, Palo Alto",1,3.7989412,"MIDnet, Lincoln, NE | NCSA, University of Illinois, Champaign | Merit Univ of Michigan, Ann Arbor | BARRnet, Palo Alto","MIDnet, Lincoln, NE->NCSA, University of Illinois, Champaign | NCSA, University of Illinois, Champaign->Merit Univ of Michigan, Ann Arbor | Merit Univ of Michigan, Ann Arbor->BARRnet, Palo Alto",1
24,nsfnet,11,0.8,moving_average,random_failure_fixed,"Pittsburgh Supercomputer Center -> Merit Univ of Michigan, Ann Arbor & Merit Univ of Michigan, Ann Arbor -> Pittsburgh Supercomputer Center",1,"BARRnet, Palo Alto",Pittsburgh Supercomputer Center,1,4.4507693,"BARRnet, Palo Alto | Merit Univ of Michigan, Ann Arbor | Pittsburgh Supercomputer Center","BARRnet, Palo Alto->Merit Univ of Michigan, Ann Arbor | Merit Univ of Michigan, Ann Arbor->Pittsburgh Supercomputer Center",1
24,nsfnet,11,0.8,moving_average,random_failure_fixed,"Pittsburgh Supercomputer Center -> Merit Univ of Michigan, Ann Arbor & Merit Univ of Michigan, Ann Arbor -> Pittsburgh Supercomputer Center",2,Pittsburgh Supercomputer Center,"MIDnet, Lincoln, NE",1,4.2118944,"Pittsburgh Supercomputer Center | Merit Univ of Michigan, Ann Arbor | NCSA, University of Illinois, Champaign | MIDnet, Lincoln, NE","Pittsburgh Supercomputer Center->Merit Univ of Michigan, Ann Arbor | Merit Univ of Michigan, Ann Arbor->NCSA, University of Illinois, Champaign | NCSA, University of Illinois, Champaign->MIDnet, Lincoln, NE",1
24,nsfnet,11,0.8,moving_average,random_failure_fixed,"Pittsburgh Supercomputer Center -> Merit Univ of Michigan, Ann Arbor & Merit Univ of Michigan, Ann Arbor -> Pittsburgh Supercomputer Center",3,"NorthWestNet, Seattle",Pittsburgh Supercomputer Center,1,4.0516262,"NorthWestNet, Seattle | BARRnet, Palo Alto | Merit Univ of Michigan, Ann Arbor | Pittsburgh Supercomputer Center","NorthWestNet, Seattle->BARRnet, Palo Alto | BARRnet, Palo Alto->Merit Univ of Michigan, Ann Arbor | Merit Univ of Michigan, Ann Arbor->Pittsburgh Supercomputer Center",1
24,nsfnet,11,0.8,moving_average,random_failure_fixed,"Pittsburgh Supercomputer Center -> Merit Univ of Michigan, Ann Arbor & Merit Univ of Michigan, Ann Arbor -> Pittsburgh Supercomputer Center",4,Pittsburgh Supercomputer Center,"NorthWestNet, Seattle",1,3.9508668,"Pittsburgh Supercomputer Center | Merit Univ of Michigan, Ann Arbor | BARRnet, Palo Alto | NorthWestNet, Seattle","Pittsburgh Supercomputer Center->Merit Univ of Michigan, Ann Arbor | Merit Univ of Michigan, Ann Arbor->BARRnet, Palo Alto | BARRnet, Palo Alto->NorthWestNet, Seattle",1
24,nsfnet,11,0.8,moving_average,random_failure_fixed,"Pittsburgh Supercomputer Center -> Merit Univ of Michigan, Ann Arbor & Merit Univ of Michigan, Ann Arbor -> Pittsburgh Supercomputer Center",5,"Jon Von Neumann Center, Princeton, NJ",Pittsburgh Supercomputer Center,1,3.6524237,"Jon Von Neumann Center, Princeton, NJ | Cornell Theory Center, Ithaca NY | Merit Univ of Michigan, Ann Arbor | Pittsburgh Supercomputer Center","Jon Von Neumann Center, Princeton, NJ->Cornell Theory Center, Ithaca NY | Cornell Theory Center, Ithaca NY->Merit Univ of Michigan, Ann Arbor | Merit Univ of Michigan, Ann Arbor->Pittsburgh Supercomputer Center",1
24,nsfnet,11,0.8,linear_autoregressive,critical_failure_fixed,"NCSA, University of Illinois, Champaign -> Merit Univ of Michigan, Ann Arbor & Merit Univ of Michigan, Ann Arbor -> NCSA, University of Illinois, Champaign",1,"MIDnet, Lincoln, NE","Cornell Theory Center, Ithaca NY",1,5.2331584,"MIDnet, Lincoln, NE | NCSA, University of Illinois, Champaign | Merit Univ of Michigan, Ann Arbor | Cornell Theory Center, Ithaca NY","MIDnet, Lincoln, NE->NCSA, University of Illinois, Champaign | NCSA, University of Illinois, Champaign->Merit Univ of Michigan, Ann Arbor | Merit Univ of Michigan, Ann Arbor->Cornell Theory Center, Ithaca NY",1
24,nsfnet,11,0.8,linear_autoregressive,critical_failure_fixed,"NCSA, University of Illinois, Champaign -> Merit Univ of Michigan, Ann Arbor & Merit Univ of Michigan, Ann Arbor -> NCSA, University of Illinois, Champaign",2,Pittsburgh Supercomputer Center,"MIDnet, Lincoln, NE",1,5.1285237,"Pittsburgh Supercomputer Center | Merit Univ of Michigan, Ann Arbor | NCSA, University of Illinois, Champaign | MIDnet, Lincoln, NE","Pittsburgh Supercomputer Center->Merit Univ of Michigan, Ann Arbor | Merit Univ of Michigan, Ann Arbor->NCSA, University of Illinois, Champaign | NCSA, University of Illinois, Champaign->MIDnet, Lincoln, NE",1
24,nsfnet,11,0.8,linear_autoregressive,critical_failure_fixed,"NCSA, University of Illinois, Champaign -> Merit Univ of Michigan, Ann Arbor & Merit Univ of Michigan, Ann Arbor -> NCSA, University of Illinois, Champaign",3,"Merit Univ of Michigan, Ann Arbor","NCSA, University of Illinois, Champaign",1,5.1278013,"Merit Univ of Michigan, Ann Arbor | NCSA, University of Illinois, Champaign","Merit Univ of Michigan, Ann Arbor->NCSA, University of Illinois, Champaign",1
24,nsfnet,11,0.8,linear_autoregressive,critical_failure_fixed,"NCSA, University of Illinois, Champaign -> Merit Univ of Michigan, Ann Arbor & Merit Univ of Michigan, Ann Arbor -> NCSA, University of Illinois, Champaign",4,"SURANET, Georgia Tech, Atlanta","Merit Univ of Michigan, Ann Arbor",1,4.7578286,"SURANET, Georgia Tech, Atlanta | SEQSUINET, Rice University, Houston | NCSA, University of Illinois, Champaign | Merit Univ of Michigan, Ann Arbor","SURANET, Georgia Tech, Atlanta->SEQSUINET, Rice University, Houston | SEQSUINET, Rice University, Houston->NCSA, University of Illinois, Champaign | NCSA, University of Illinois, Champaign->Merit Univ of Michigan, Ann Arbor",1
24,nsfnet,11,0.8,linear_autoregressive,critical_failure_fixed,"NCSA, University of Illinois, Champaign -> Merit Univ of Michigan, Ann Arbor & Merit Univ of Michigan, Ann Arbor -> NCSA, University of Illinois, Champaign",5,"Westnet, Salt Lake City","Cornell Theory Center, Ithaca NY",1,4.6919321,"Westnet, Salt Lake City | NCAR, Boulder | NCSA, University of Illinois, Champaign | Merit Univ of Michigan, Ann Arbor | Cornell Theory Center, Ithaca NY","Westnet, Salt Lake City->NCAR, Boulder | NCAR, Boulder->NCSA, University of Illinois, Champaign | NCSA, University of Illinois, Champaign->Merit Univ of Michigan, Ann Arbor | Merit Univ of Michigan, Ann Arbor->Cornell Theory Center, Ithaca NY",1
24,nsfnet,11,0.8,linear_autoregressive,critical_failure_fixed,"NCSA, University of Illinois, Champaign -> Merit Univ of Michigan, Ann Arbor & Merit Univ of Michigan, Ann Arbor -> NCSA, University of Illinois, Champaign",5,"Westnet, Salt Lake City","Cornell Theory Center, Ithaca NY",2,0.7253584000000002,"Westnet, Salt Lake City | NCAR, Boulder | NorthWestNet, Seattle | BARRnet, Palo Alto | Merit Univ of Michigan, Ann Arbor | Cornell Theory Center, Ithaca NY","Westnet, Salt Lake City->NCAR, Boulder | NCAR, Boulder->NorthWestNet, Seattle | NorthWestNet, Seattle->BARRnet, Palo Alto | BARRnet, Palo Alto->Merit Univ of Michigan, Ann Arbor | Merit Univ of Michigan, Ann Arbor->Cornell Theory Center, Ithaca NY",0
24,nsfnet,11,0.8,linear_autoregressive,random_failure_fixed,"Pittsburgh Supercomputer Center -> Merit Univ of Michigan, Ann Arbor & Merit Univ of Michigan, Ann Arbor -> Pittsburgh Supercomputer Center",1,"BARRnet, Palo Alto",Pittsburgh Supercomputer Center,1,5.2176025,"BARRnet, Palo Alto | Merit Univ of Michigan, Ann Arbor | Pittsburgh Supercomputer Center","BARRnet, Palo Alto->Merit Univ of Michigan, Ann Arbor | Merit Univ of Michigan, Ann Arbor->Pittsburgh Supercomputer Center",1
24,nsfnet,11,0.8,linear_autoregressive,random_failure_fixed,"Pittsburgh Supercomputer Center -> Merit Univ of Michigan, Ann Arbor & Merit Univ of Michigan, Ann Arbor -> Pittsburgh Supercomputer Center",2,Pittsburgh Supercomputer Center,"NorthWestNet, Seattle",1,5.1379078,"Pittsburgh Supercomputer Center | Merit Univ of Michigan, Ann Arbor | BARRnet, Palo Alto | NorthWestNet, Seattle","Pittsburgh Supercomputer Center->Merit Univ of Michigan, Ann Arbor | Merit Univ of Michigan, Ann Arbor->BARRnet, Palo Alto | BARRnet, Palo Alto->NorthWestNet, Seattle",1
24,nsfnet,11,0.8,linear_autoregressive,random_failure_fixed,"Pittsburgh Supercomputer Center -> Merit Univ of Michigan, Ann Arbor & Merit Univ of Michigan, Ann Arbor -> Pittsburgh Supercomputer Center",3,Pittsburgh Supercomputer Center,"MIDnet, Lincoln, NE",1,5.1285237,"Pittsburgh Supercomputer Center | Merit Univ of Michigan, Ann Arbor | NCSA, University of Illinois, Champaign | MIDnet, Lincoln, NE","Pittsburgh Supercomputer Center->Merit Univ of Michigan, Ann Arbor | Merit Univ of Michigan, Ann Arbor->NCSA, University of Illinois, Champaign | NCSA, University of Illinois, Champaign->MIDnet, Lincoln, NE",1
24,nsfnet,11,0.8,linear_autoregressive,random_failure_fixed,"Pittsburgh Supercomputer Center -> Merit Univ of Michigan, Ann Arbor & Merit Univ of Michigan, Ann Arbor -> Pittsburgh Supercomputer Center",4,"NorthWestNet, Seattle",Pittsburgh Supercomputer Center,1,4.8145445,"NorthWestNet, Seattle | BARRnet, Palo Alto | Merit Univ of Michigan, Ann Arbor | Pittsburgh Supercomputer Center","NorthWestNet, Seattle->BARRnet, Palo Alto | BARRnet, Palo Alto->Merit Univ of Michigan, Ann Arbor | Merit Univ of Michigan, Ann Arbor->Pittsburgh Supercomputer Center",1
24,nsfnet,11,0.8,linear_autoregressive,random_failure_fixed,"Pittsburgh Supercomputer Center -> Merit Univ of Michigan, Ann Arbor & Merit Univ of Michigan, Ann Arbor -> Pittsburgh Supercomputer Center",5,"NCSA, University of Illinois, Champaign",Pittsburgh Supercomputer Center,1,4.5610762,"NCSA, University of Illinois, Champaign | Merit Univ of Michigan, Ann Arbor | Pittsburgh Supercomputer Center","NCSA, University of Illinois, Champaign->Merit Univ of Michigan, Ann Arbor | Merit Univ of Michigan, Ann Arbor->Pittsburgh Supercomputer Center",1
24,nsfnet,11,0.8,lstm,critical_failure_fixed,"NCSA, University of Illinois, Champaign -> Merit Univ of Michigan, Ann Arbor & Merit Univ of Michigan, Ann Arbor -> NCSA, University of Illinois, Champaign",1,"MIDnet, Lincoln, NE","Cornell Theory Center, Ithaca NY",1,4.3126502,"MIDnet, Lincoln, NE | NCSA, University of Illinois, Champaign | Merit Univ of Michigan, Ann Arbor | Cornell Theory Center, Ithaca NY","MIDnet, Lincoln, NE->NCSA, University of Illinois, Champaign | NCSA, University of Illinois, Champaign->Merit Univ of Michigan, Ann Arbor | Merit Univ of Michigan, Ann Arbor->Cornell Theory Center, Ithaca NY",1
24,nsfnet,11,0.8,lstm,critical_failure_fixed,"NCSA, University of Illinois, Champaign -> Merit Univ of Michigan, Ann Arbor & Merit Univ of Michigan, Ann Arbor -> NCSA, University of Illinois, Champaign",2,"Merit Univ of Michigan, Ann Arbor","NCSA, University of Illinois, Champaign",1,4.3047462,"Merit Univ of Michigan, Ann Arbor | NCSA, University of Illinois, Champaign","Merit Univ of Michigan, Ann Arbor->NCSA, University of Illinois, Champaign",1
24,nsfnet,11,0.8,lstm,critical_failure_fixed,"NCSA, University of Illinois, Champaign -> Merit Univ of Michigan, Ann Arbor & Merit Univ of Michigan, Ann Arbor -> NCSA, University of Illinois, Champaign",3,Pittsburgh Supercomputer Center,"MIDnet, Lincoln, NE",1,4.2568717,"Pittsburgh Supercomputer Center | Merit Univ of Michigan, Ann Arbor | NCSA, University of Illinois, Champaign | MIDnet, Lincoln, NE","Pittsburgh Supercomputer Center->Merit Univ of Michigan, Ann Arbor | Merit Univ of Michigan, Ann Arbor->NCSA, University of Illinois, Champaign | NCSA, University of Illinois, Champaign->MIDnet, Lincoln, NE",1
24,nsfnet,11,0.8,lstm,critical_failure_fixed,"NCSA, University of Illinois, Champaign -> Merit Univ of Michigan, Ann Arbor & Merit Univ of Michigan, Ann Arbor -> NCSA, University of Illinois, Champaign",4,"SURANET, Georgia Tech, Atlanta","Merit Univ of Michigan, Ann Arbor",1,4.0819569,"SURANET, Georgia Tech, Atlanta | SEQSUINET, Rice University, Houston | NCSA, University of Illinois, Champaign | Merit Univ of Michigan, Ann Arbor","SURANET, Georgia Tech, Atlanta->SEQSUINET, Rice University, Houston | SEQSUINET, Rice University, Houston->NCSA, University of Illinois, Champaign | NCSA, University of Illinois, Champaign->Merit Univ of Michigan, Ann Arbor",1
24,nsfnet,11,0.8,lstm,critical_failure_fixed,"NCSA, University of Illinois, Champaign -> Merit Univ of Michigan, Ann Arbor & Merit Univ of Michigan, Ann Arbor -> NCSA, University of Illinois, Champaign",5,San Diego Supercomputer Center,"Merit Univ of Michigan, Ann Arbor",1,3.9990675,"San Diego Supercomputer Center | SEQSUINET, Rice University, Houston | NCSA, University of Illinois, Champaign | Merit Univ of Michigan, Ann Arbor","San Diego Supercomputer Center->SEQSUINET, Rice University, Houston | SEQSUINET, Rice University, Houston->NCSA, University of Illinois, Champaign | NCSA, University of Illinois, Champaign->Merit Univ of Michigan, Ann Arbor",1
24,nsfnet,11,0.8,lstm,random_failure_fixed,"Pittsburgh Supercomputer Center -> Merit Univ of Michigan, Ann Arbor & Merit Univ of Michigan, Ann Arbor -> Pittsburgh Supercomputer Center",1,"BARRnet, Palo Alto",Pittsburgh Supercomputer Center,1,4.3505149,"BARRnet, Palo Alto | Merit Univ of Michigan, Ann Arbor | Pittsburgh Supercomputer Center","BARRnet, Palo Alto->Merit Univ of Michigan, Ann Arbor | Merit Univ of Michigan, Ann Arbor->Pittsburgh Supercomputer Center",1
24,nsfnet,11,0.8,lstm,random_failure_fixed,"Pittsburgh Supercomputer Center -> Merit Univ of Michigan, Ann Arbor & Merit Univ of Michigan, Ann Arbor -> Pittsburgh Supercomputer Center",2,Pittsburgh Supercomputer Center,"MIDnet, Lincoln, NE",1,4.2568717,"Pittsburgh Supercomputer Center | Merit Univ of Michigan, Ann Arbor | NCSA, University of Illinois, Champaign | MIDnet, Lincoln, NE","Pittsburgh Supercomputer Center->Merit Univ of Michigan, Ann Arbor | Merit Univ of Michigan, Ann Arbor->NCSA, University of Illinois, Champaign | NCSA, University of Illinois, Champaign->MIDnet, Lincoln, NE",1
24,nsfnet,11,0.8,lstm,random_failure_fixed,"Pittsburgh Supercomputer Center -> Merit Univ of Michigan, Ann Arbor & Merit Univ of Michigan, Ann Arbor -> Pittsburgh Supercomputer Center",3,Pittsburgh Supercomputer Center,"NorthWestNet, Seattle",1,4.1252341,"Pittsburgh Supercomputer Center | Merit Univ of Michigan, Ann Arbor | BARRnet, Palo Alto | NorthWestNet, Seattle","Pittsburgh Supercomputer Center->Merit Univ of Michigan, Ann Arbor | Merit Univ of Michigan, Ann Arbor->BARRnet, Palo Alto | BARRnet, Palo Alto->NorthWestNet, Seattle",1
24,nsfnet,11,0.8,lstm,random_failure_fixed,"Pittsburgh Supercomputer Center -> Merit Univ of Michigan, Ann Arbor & Merit Univ of Michigan, Ann Arbor -> Pittsburgh Supercomputer Center",4,"NorthWestNet, Seattle",Pittsburgh Supercomputer Center,1,3.9921775,"NorthWestNet, Seattle | BARRnet, Palo Alto | Merit Univ of Michigan, Ann Arbor | Pittsburgh Supercomputer Center","NorthWestNet, Seattle->BARRnet, Palo Alto | BARRnet, Palo Alto->Merit Univ of Michigan, Ann Arbor | Merit Univ of Michigan, Ann Arbor->Pittsburgh Supercomputer Center",1
24,nsfnet,11,0.8,lstm,random_failure_fixed,"Pittsburgh Supercomputer Center -> Merit Univ of Michigan, Ann Arbor & Merit Univ of Michigan, Ann Arbor -> Pittsburgh Supercomputer Center",5,"Merit Univ of Michigan, Ann Arbor",Pittsburgh Supercomputer Center,1,3.6805153,"Merit Univ of Michigan, Ann Arbor | Pittsburgh Supercomputer Center","Merit Univ of Michigan, Ann Arbor->Pittsburgh Supercomputer Center",1
24,nsfnet,11,0.8,uncertainty_aware_lstm_robust_lp,critical_failure_fixed,"NCSA, University of Illinois, Champaign -> Merit Univ of Michigan, Ann Arbor & Merit Univ of Michigan, Ann Arbor -> NCSA, University of Illinois, Champaign",1,"Westnet, Salt Lake City","Cornell Theory Center, Ithaca NY",1,4.6718936,"Westnet, Salt Lake City | NCAR, Boulder | NCSA, University of Illinois, Champaign | Merit Univ of Michigan, Ann Arbor | Cornell Theory Center, Ithaca NY","Westnet, Salt Lake City->NCAR, Boulder | NCAR, Boulder->NCSA, University of Illinois, Champaign | NCSA, University of Illinois, Champaign->Merit Univ of Michigan, Ann Arbor | Merit Univ of Michigan, Ann Arbor->Cornell Theory Center, Ithaca NY",1
24,nsfnet,11,0.8,uncertainty_aware_lstm_robust_lp,critical_failure_fixed,"NCSA, University of Illinois, Champaign -> Merit Univ of Michigan, Ann Arbor & Merit Univ of Michigan, Ann Arbor -> NCSA, University of Illinois, Champaign",2,"Merit Univ of Michigan, Ann Arbor","NCSA, University of Illinois, Champaign",1,4.5193624,"Merit Univ of Michigan, Ann Arbor | NCSA, University of Illinois, Champaign","Merit Univ of Michigan, Ann Arbor->NCSA, University of Illinois, Champaign",1
24,nsfnet,11,0.8,uncertainty_aware_lstm_robust_lp,critical_failure_fixed,"NCSA, University of Illinois, Champaign -> Merit Univ of Michigan, Ann Arbor & Merit Univ of Michigan, Ann Arbor -> NCSA, University of Illinois, Champaign",3,"MIDnet, Lincoln, NE","Cornell Theory Center, Ithaca NY",1,4.5185852,"MIDnet, Lincoln, NE | NCSA, University of Illinois, Champaign | Merit Univ of Michigan, Ann Arbor | Cornell Theory Center, Ithaca NY","MIDnet, Lincoln, NE->NCSA, University of Illinois, Champaign | NCSA, University of Illinois, Champaign->Merit Univ of Michigan, Ann Arbor | Merit Univ of Michigan, Ann Arbor->Cornell Theory Center, Ithaca NY",1
24,nsfnet,11,0.8,uncertainty_aware_lstm_robust_lp,critical_failure_fixed,"NCSA, University of Illinois, Champaign -> Merit Univ of Michigan, Ann Arbor & Merit Univ of Michigan, Ann Arbor -> NCSA, University of Illinois, Champaign",4,Pittsburgh Supercomputer Center,"MIDnet, Lincoln, NE",1,4.4433961,"Pittsburgh Supercomputer Center | Merit Univ of Michigan, Ann Arbor | NCSA, University of Illinois, Champaign | MIDnet, Lincoln, NE","Pittsburgh Supercomputer Center->Merit Univ of Michigan, Ann Arbor | Merit Univ of Michigan, Ann Arbor->NCSA, University of Illinois, Champaign | NCSA, University of Illinois, Champaign->MIDnet, Lincoln, NE",1
24,nsfnet,11,0.8,uncertainty_aware_lstm_robust_lp,critical_failure_fixed,"NCSA, University of Illinois, Champaign -> Merit Univ of Michigan, Ann Arbor & Merit Univ of Michigan, Ann Arbor -> NCSA, University of Illinois, Champaign",5,"Cornell Theory Center, Ithaca NY","NCAR, Boulder",1,4.0155287,"Cornell Theory Center, Ithaca NY | Merit Univ of Michigan, Ann Arbor | NCSA, University of Illinois, Champaign | NCAR, Boulder","Cornell Theory Center, Ithaca NY->Merit Univ of Michigan, Ann Arbor | Merit Univ of Michigan, Ann Arbor->NCSA, University of Illinois, Champaign | NCSA, University of Illinois, Champaign->NCAR, Boulder",1
24,nsfnet,11,0.8,uncertainty_aware_lstm_robust_lp,random_failure_fixed,"Pittsburgh Supercomputer Center -> Merit Univ of Michigan, Ann Arbor & Merit Univ of Michigan, Ann Arbor -> Pittsburgh Supercomputer Center",1,"BARRnet, Palo Alto",Pittsburgh Supercomputer Center,1,4.5328355,"BARRnet, Palo Alto | Merit Univ of Michigan, Ann Arbor | Pittsburgh Supercomputer Center","BARRnet, Palo Alto->Merit Univ of Michigan, Ann Arbor | Merit Univ of Michigan, Ann Arbor->Pittsburgh Supercomputer Center",1
24,nsfnet,11,0.8,uncertainty_aware_lstm_robust_lp,random_failure_fixed,"Pittsburgh Supercomputer Center -> Merit Univ of Michigan, Ann Arbor & Merit Univ of Michigan, Ann Arbor -> Pittsburgh Supercomputer Center",2,Pittsburgh Supercomputer Center,"MIDnet, Lincoln, NE",1,4.4433961,"Pittsburgh Supercomputer Center | Merit Univ of Michigan, Ann Arbor | NCSA, University of Illinois, Champaign | MIDnet, Lincoln, NE","Pittsburgh Supercomputer Center->Merit Univ of Michigan, Ann Arbor | Merit Univ of Michigan, Ann Arbor->NCSA, University of Illinois, Champaign | NCSA, University of Illinois, Champaign->MIDnet, Lincoln, NE",1
24,nsfnet,11,0.8,uncertainty_aware_lstm_robust_lp,random_failure_fixed,"Pittsburgh Supercomputer Center -> Merit Univ of Michigan, Ann Arbor & Merit Univ of Michigan, Ann Arbor -> Pittsburgh Supercomputer Center",3,Pittsburgh Supercomputer Center,"NorthWestNet, Seattle",1,4.3173699,"Pittsburgh Supercomputer Center | Merit Univ of Michigan, Ann Arbor | BARRnet, Palo Alto | NorthWestNet, Seattle","Pittsburgh Supercomputer Center->Merit Univ of Michigan, Ann Arbor | Merit Univ of Michigan, Ann Arbor->BARRnet, Palo Alto | BARRnet, Palo Alto->NorthWestNet, Seattle",1
24,nsfnet,11,0.8,uncertainty_aware_lstm_robust_lp,random_failure_fixed,"Pittsburgh Supercomputer Center -> Merit Univ of Michigan, Ann Arbor & Merit Univ of Michigan, Ann Arbor -> Pittsburgh Supercomputer Center",4,"NorthWestNet, Seattle",Pittsburgh Supercomputer Center,1,4.185811,"NorthWestNet, Seattle | BARRnet, Palo Alto | Merit Univ of Michigan, Ann Arbor | Pittsburgh Supercomputer Center","NorthWestNet, Seattle->BARRnet, Palo Alto | BARRnet, Palo Alto->Merit Univ of Michigan, Ann Arbor | Merit Univ of Michigan, Ann Arbor->Pittsburgh Supercomputer Center",1
24,nsfnet,11,0.8,uncertainty_aware_lstm_robust_lp,random_failure_fixed,"Pittsburgh Supercomputer Center -> Merit Univ of Michigan, Ann Arbor & Merit Univ of Michigan, Ann Arbor -> Pittsburgh Supercomputer Center",5,"Merit Univ of Michigan, Ann Arbor",Pittsburgh Supercomputer Center,1,3.8521791,"Merit Univ of Michigan, Ann Arbor | Pittsburgh Supercomputer Center","Merit Univ of Michigan, Ann Arbor->Pittsburgh Supercomputer Center",1
25,nsfnet,11,0.8,current_demand_lp,critical_failure_fixed,"NCSA, University of Illinois, Champaign -> Merit Univ of Michigan, Ann Arbor & Merit Univ of Michigan, Ann Arbor -> NCSA, University of Illinois, Champaign",1,Pittsburgh Supercomputer Center,"MIDnet, Lincoln, NE",1,6.1074708,"Pittsburgh Supercomputer Center | Merit Univ of Michigan, Ann Arbor | NCSA, University of Illinois, Champaign | MIDnet, Lincoln, NE","Pittsburgh Supercomputer Center->Merit Univ of Michigan, Ann Arbor | Merit Univ of Michigan, Ann Arbor->NCSA, University of Illinois, Champaign | NCSA, University of Illinois, Champaign->MIDnet, Lincoln, NE",1
25,nsfnet,11,0.8,current_demand_lp,critical_failure_fixed,"NCSA, University of Illinois, Champaign -> Merit Univ of Michigan, Ann Arbor & Merit Univ of Michigan, Ann Arbor -> NCSA, University of Illinois, Champaign",2,"SURANET, Georgia Tech, Atlanta","Merit Univ of Michigan, Ann Arbor",1,5.5899888,"SURANET, Georgia Tech, Atlanta | SEQSUINET, Rice University, Houston | NCSA, University of Illinois, Champaign | Merit Univ of Michigan, Ann Arbor","SURANET, Georgia Tech, Atlanta->SEQSUINET, Rice University, Houston | SEQSUINET, Rice University, Houston->NCSA, University of Illinois, Champaign | NCSA, University of Illinois, Champaign->Merit Univ of Michigan, Ann Arbor",1
25,nsfnet,11,0.8,current_demand_lp,critical_failure_fixed,"NCSA, University of Illinois, Champaign -> Merit Univ of Michigan, Ann Arbor & Merit Univ of Michigan, Ann Arbor -> NCSA, University of Illinois, Champaign",3,"MIDnet, Lincoln, NE","Cornell Theory Center, Ithaca NY",1,5.5824726,"MIDnet, Lincoln, NE | NCSA, University of Illinois, Champaign | Merit Univ of Michigan, Ann Arbor | Cornell Theory Center, Ithaca NY","MIDnet, Lincoln, NE->NCSA, University of Illinois, Champaign | NCSA, University of Illinois, Champaign->Merit Univ of Michigan, Ann Arbor | Merit Univ of Michigan, Ann Arbor->Cornell Theory Center, Ithaca NY",1
25,nsfnet,11,0.8,current_demand_lp,critical_failure_fixed,"NCSA, University of Illinois, Champaign -> Merit Univ of Michigan, Ann Arbor & Merit Univ of Michigan, Ann Arbor -> NCSA, University of Illinois, Champaign",4,"Merit Univ of Michigan, Ann Arbor","NCSA, University of Illinois, Champaign",1,5.448978,"Merit Univ of Michigan, Ann Arbor | NCSA, University of Illinois, Champaign","Merit Univ of Michigan, Ann Arbor->NCSA, University of Illinois, Champaign",1
25,nsfnet,11,0.8,current_demand_lp,critical_failure_fixed,"NCSA, University of Illinois, Champaign -> Merit Univ of Michigan, Ann Arbor & Merit Univ of Michigan, Ann Arbor -> NCSA, University of Illinois, Champaign",5,"NCSA, University of Illinois, Champaign","Jon Von Neumann Center, Princeton, NJ",1,5.3142741,"NCSA, University of Illinois, Champaign | Merit Univ of Michigan, Ann Arbor | Cornell Theory Center, Ithaca NY | Jon Von Neumann Center, Princeton, NJ","NCSA, University of Illinois, Champaign->Merit Univ of Michigan, Ann Arbor | Merit Univ of Michigan, Ann Arbor->Cornell Theory Center, Ithaca NY | Cornell Theory Center, Ithaca NY->Jon Von Neumann Center, Princeton, NJ",1
25,nsfnet,11,0.8,current_demand_lp,random_failure_fixed,"NorthWestNet, Seattle -> NCAR, Boulder & NCAR, Boulder -> NorthWestNet, Seattle",1,"MIDnet, Lincoln, NE","NorthWestNet, Seattle",1,5.3724432,"MIDnet, Lincoln, NE | NCSA, University of Illinois, Champaign | NCAR, Boulder | NorthWestNet, Seattle","MIDnet, Lincoln, NE->NCSA, University of Illinois, Champaign | NCSA, University of Illinois, Champaign->NCAR, Boulder | NCAR, Boulder->NorthWestNet, Seattle",1
25,nsfnet,11,0.8,current_demand_lp,random_failure_fixed,"NorthWestNet, Seattle -> NCAR, Boulder & NCAR, Boulder -> NorthWestNet, Seattle",2,"NCSA, University of Illinois, Champaign","NorthWestNet, Seattle",1,5.1866564,"NCSA, University of Illinois, Champaign | NCAR, Boulder | NorthWestNet, Seattle","NCSA, University of Illinois, Champaign->NCAR, Boulder | NCAR, Boulder->NorthWestNet, Seattle",1
25,nsfnet,11,0.8,current_demand_lp,random_failure_fixed,"NorthWestNet, Seattle -> NCAR, Boulder & NCAR, Boulder -> NorthWestNet, Seattle",3,"Cornell Theory Center, Ithaca NY","NCAR, Boulder",1,5.1163939,"Cornell Theory Center, Ithaca NY | Merit Univ of Michigan, Ann Arbor | BARRnet, Palo Alto | NorthWestNet, Seattle | NCAR, Boulder","Cornell Theory Center, Ithaca NY->Merit Univ of Michigan, Ann Arbor | Merit Univ of Michigan, Ann Arbor->BARRnet, Palo Alto | BARRnet, Palo Alto->NorthWestNet, Seattle | NorthWestNet, Seattle->NCAR, Boulder",1
25,nsfnet,11,0.8,current_demand_lp,random_failure_fixed,"NorthWestNet, Seattle -> NCAR, Boulder & NCAR, Boulder -> NorthWestNet, Seattle",4,"NorthWestNet, Seattle","MIDnet, Lincoln, NE",1,4.838012,"NorthWestNet, Seattle | NCAR, Boulder | NCSA, University of Illinois, Champaign | MIDnet, Lincoln, NE","NorthWestNet, Seattle->NCAR, Boulder | NCAR, Boulder->NCSA, University of Illinois, Champaign | NCSA, University of Illinois, Champaign->MIDnet, Lincoln, NE",1
25,nsfnet,11,0.8,current_demand_lp,random_failure_fixed,"NorthWestNet, Seattle -> NCAR, Boulder & NCAR, Boulder -> NorthWestNet, Seattle",5,"BARRnet, Palo Alto","Westnet, Salt Lake City",1,4.722373,"BARRnet, Palo Alto | NorthWestNet, Seattle | NCAR, Boulder | Westnet, Salt Lake City","BARRnet, Palo Alto->NorthWestNet, Seattle | NorthWestNet, Seattle->NCAR, Boulder | NCAR, Boulder->Westnet, Salt Lake City",1
25,nsfnet,11,0.8,robust_current_demand_lp,critical_failure_fixed,"NCSA, University of Illinois, Champaign -> Merit Univ of Michigan, Ann Arbor & Merit Univ of Michigan, Ann Arbor -> NCSA, University of Illinois, Champaign",1,Pittsburgh Supercomputer Center,"MIDnet, Lincoln, NE",1,6.1074708,"Pittsburgh Supercomputer Center | Merit Univ of Michigan, Ann Arbor | NCSA, University of Illinois, Champaign | MIDnet, Lincoln, NE","Pittsburgh Supercomputer Center->Merit Univ of Michigan, Ann Arbor | Merit Univ of Michigan, Ann Arbor->NCSA, University of Illinois, Champaign | NCSA, University of Illinois, Champaign->MIDnet, Lincoln, NE",1
25,nsfnet,11,0.8,robust_current_demand_lp,critical_failure_fixed,"NCSA, University of Illinois, Champaign -> Merit Univ of Michigan, Ann Arbor & Merit Univ of Michigan, Ann Arbor -> NCSA, University of Illinois, Champaign",2,"MIDnet, Lincoln, NE","Cornell Theory Center, Ithaca NY",1,5.5824726,"MIDnet, Lincoln, NE | NCSA, University of Illinois, Champaign | Merit Univ of Michigan, Ann Arbor | Cornell Theory Center, Ithaca NY","MIDnet, Lincoln, NE->NCSA, University of Illinois, Champaign | NCSA, University of Illinois, Champaign->Merit Univ of Michigan, Ann Arbor | Merit Univ of Michigan, Ann Arbor->Cornell Theory Center, Ithaca NY",1
25,nsfnet,11,0.8,robust_current_demand_lp,critical_failure_fixed,"NCSA, University of Illinois, Champaign -> Merit Univ of Michigan, Ann Arbor & Merit Univ of Michigan, Ann Arbor -> NCSA, University of Illinois, Champaign",3,"Merit Univ of Michigan, Ann Arbor","NCSA, University of Illinois, Champaign",1,5.448978,"Merit Univ of Michigan, Ann Arbor | NCSA, University of Illinois, Champaign","Merit Univ of Michigan, Ann Arbor->NCSA, University of Illinois, Champaign",1
25,nsfnet,11,0.8,robust_current_demand_lp,critical_failure_fixed,"NCSA, University of Illinois, Champaign -> Merit Univ of Michigan, Ann Arbor & Merit Univ of Michigan, Ann Arbor -> NCSA, University of Illinois, Champaign",4,"Westnet, Salt Lake City","Cornell Theory Center, Ithaca NY",1,5.3597595,"Westnet, Salt Lake City | NCAR, Boulder | NCSA, University of Illinois, Champaign | Merit Univ of Michigan, Ann Arbor | Cornell Theory Center, Ithaca NY","Westnet, Salt Lake City->NCAR, Boulder | NCAR, Boulder->NCSA, University of Illinois, Champaign | NCSA, University of Illinois, Champaign->Merit Univ of Michigan, Ann Arbor | Merit Univ of Michigan, Ann Arbor->Cornell Theory Center, Ithaca NY",1
25,nsfnet,11,0.8,robust_current_demand_lp,critical_failure_fixed,"NCSA, University of Illinois, Champaign -> Merit Univ of Michigan, Ann Arbor & Merit Univ of Michigan, Ann Arbor -> NCSA, University of Illinois, Champaign",5,"NCSA, University of Illinois, Champaign","Jon Von Neumann Center, Princeton, NJ",1,5.3142741,"NCSA, University of Illinois, Champaign | Merit Univ of Michigan, Ann Arbor | Cornell Theory Center, Ithaca NY | Jon Von Neumann Center, Princeton, NJ","NCSA, University of Illinois, Champaign->Merit Univ of Michigan, Ann Arbor | Merit Univ of Michigan, Ann Arbor->Cornell Theory Center, Ithaca NY | Cornell Theory Center, Ithaca NY->Jon Von Neumann Center, Princeton, NJ",1
25,nsfnet,11,0.8,robust_current_demand_lp,random_failure_fixed,"NorthWestNet, Seattle -> NCAR, Boulder & NCAR, Boulder -> NorthWestNet, Seattle",1,"NCSA, University of Illinois, Champaign","NorthWestNet, Seattle",1,5.1866564,"NCSA, University of Illinois, Champaign | NCAR, Boulder | NorthWestNet, Seattle","NCSA, University of Illinois, Champaign->NCAR, Boulder | NCAR, Boulder->NorthWestNet, Seattle",1
25,nsfnet,11,0.8,robust_current_demand_lp,random_failure_fixed,"NorthWestNet, Seattle -> NCAR, Boulder & NCAR, Boulder -> NorthWestNet, Seattle",2,"NorthWestNet, Seattle","MIDnet, Lincoln, NE",1,4.838012,"NorthWestNet, Seattle | NCAR, Boulder | NCSA, University of Illinois, Champaign | MIDnet, Lincoln, NE","NorthWestNet, Seattle->NCAR, Boulder | NCAR, Boulder->NCSA, University of Illinois, Champaign | NCSA, University of Illinois, Champaign->MIDnet, Lincoln, NE",1
25,nsfnet,11,0.8,robust_current_demand_lp,random_failure_fixed,"NorthWestNet, Seattle -> NCAR, Boulder & NCAR, Boulder -> NorthWestNet, Seattle",3,"MIDnet, Lincoln, NE","NorthWestNet, Seattle",1,4.7745641,"MIDnet, Lincoln, NE | NCSA, University of Illinois, Champaign | NCAR, Boulder | NorthWestNet, Seattle","MIDnet, Lincoln, NE->NCSA, University of Illinois, Champaign | NCSA, University of Illinois, Champaign->NCAR, Boulder | NCAR, Boulder->NorthWestNet, Seattle",1
25,nsfnet,11,0.8,robust_current_demand_lp,random_failure_fixed,"NorthWestNet, Seattle -> NCAR, Boulder & NCAR, Boulder -> NorthWestNet, Seattle",3,"MIDnet, Lincoln, NE","NorthWestNet, Seattle",2,0.59787909,"MIDnet, Lincoln, NE | NCSA, University of Illinois, Champaign | SEQSUINET, Rice University, Houston | San Diego Supercomputer Center | BARRnet, Palo Alto | NorthWestNet, Seattle","MIDnet, Lincoln, NE->NCSA, University of Illinois, Champaign | NCSA, University of Illinois, Champaign->SEQSUINET, Rice University, Houston | SEQSUINET, Rice University, Houston->San Diego Supercomputer Center | San Diego Supercomputer Center->BARRnet, Palo Alto | BARRnet, Palo Alto->NorthWestNet, Seattle",0
25,nsfnet,11,0.8,robust_current_demand_lp,random_failure_fixed,"NorthWestNet, Seattle -> NCAR, Boulder & NCAR, Boulder -> NorthWestNet, Seattle",4,"BARRnet, Palo Alto","Westnet, Salt Lake City",1,4.722373,"BARRnet, Palo Alto | NorthWestNet, Seattle | NCAR, Boulder | Westnet, Salt Lake City","BARRnet, Palo Alto->NorthWestNet, Seattle | NorthWestNet, Seattle->NCAR, Boulder | NCAR, Boulder->Westnet, Salt Lake City",1
25,nsfnet,11,0.8,robust_current_demand_lp,random_failure_fixed,"NorthWestNet, Seattle -> NCAR, Boulder & NCAR, Boulder -> NorthWestNet, Seattle",5,San Diego Supercomputer Center,"Westnet, Salt Lake City",1,4.7053335,"San Diego Supercomputer Center | BARRnet, Palo Alto | NorthWestNet, Seattle | NCAR, Boulder | Westnet, Salt Lake City","San Diego Supercomputer Center->BARRnet, Palo Alto | BARRnet, Palo Alto->NorthWestNet, Seattle | NorthWestNet, Seattle->NCAR, Boulder | NCAR, Boulder->Westnet, Salt Lake City",1
25,nsfnet,11,0.8,moving_average,critical_failure_fixed,"NCSA, University of Illinois, Champaign -> Merit Univ of Michigan, Ann Arbor & Merit Univ of Michigan, Ann Arbor -> NCSA, University of Illinois, Champaign",1,Pittsburgh Supercomputer Center,"MIDnet, Lincoln, NE",1,4.8536435,"Pittsburgh Supercomputer Center | Merit Univ of Michigan, Ann Arbor | NCSA, University of Illinois, Champaign | MIDnet, Lincoln, NE","Pittsburgh Supercomputer Center->Merit Univ of Michigan, Ann Arbor | Merit Univ of Michigan, Ann Arbor->NCSA, University of Illinois, Champaign | NCSA, University of Illinois, Champaign->MIDnet, Lincoln, NE",1
25,nsfnet,11,0.8,moving_average,critical_failure_fixed,"NCSA, University of Illinois, Champaign -> Merit Univ of Michigan, Ann Arbor & Merit Univ of Michigan, Ann Arbor -> NCSA, University of Illinois, Champaign",2,"MIDnet, Lincoln, NE","Cornell Theory Center, Ithaca NY",1,4.829133,"MIDnet, Lincoln, NE | NCSA, University of Illinois, Champaign | Merit Univ of Michigan, Ann Arbor | Cornell Theory Center, Ithaca NY","MIDnet, Lincoln, NE->NCSA, University of Illinois, Champaign | NCSA, University of Illinois, Champaign->Merit Univ of Michigan, Ann Arbor | Merit Univ of Michigan, Ann Arbor->Cornell Theory Center, Ithaca NY",1
25,nsfnet,11,0.8,moving_average,critical_failure_fixed,"NCSA, University of Illinois, Champaign -> Merit Univ of Michigan, Ann Arbor & Merit Univ of Michigan, Ann Arbor -> NCSA, University of Illinois, Champaign",3,"Merit Univ of Michigan, Ann Arbor","NCSA, University of Illinois, Champaign",1,4.7214679,"Merit Univ of Michigan, Ann Arbor | NCSA, University of Illinois, Champaign","Merit Univ of Michigan, Ann Arbor->NCSA, University of Illinois, Champaign",1
25,nsfnet,11,0.8,moving_average,critical_failure_fixed,"NCSA, University of Illinois, Champaign -> Merit Univ of Michigan, Ann Arbor & Merit Univ of Michigan, Ann Arbor -> NCSA, University of Illinois, Champaign",4,San Diego Supercomputer Center,"Merit Univ of Michigan, Ann Arbor",1,4.6377391,"San Diego Supercomputer Center | SEQSUINET, Rice University, Houston | NCSA, University of Illinois, Champaign | Merit Univ of Michigan, Ann Arbor","San Diego Supercomputer Center->SEQSUINET, Rice University, Houston | SEQSUINET, Rice University, Houston->NCSA, University of Illinois, Champaign | NCSA, University of Illinois, Champaign->Merit Univ of Michigan, Ann Arbor",1
25,nsfnet,11,0.8,moving_average,critical_failure_fixed,"NCSA, University of Illinois, Champaign -> Merit Univ of Michigan, Ann Arbor & Merit Univ of Michigan, Ann Arbor -> NCSA, University of Illinois, Champaign",5,"SURANET, Georgia Tech, Atlanta","Merit Univ of Michigan, Ann Arbor",1,4.2989657,"SURANET, Georgia Tech, Atlanta | SEQSUINET, Rice University, Houston | NCSA, University of Illinois, Champaign | Merit Univ of Michigan, Ann Arbor","SURANET, Georgia Tech, Atlanta->SEQSUINET, Rice University, Houston | SEQSUINET, Rice University, Houston->NCSA, University of Illinois, Champaign | NCSA, University of Illinois, Champaign->Merit Univ of Michigan, Ann Arbor",1
25,nsfnet,11,0.8,moving_average,random_failure_fixed,"NorthWestNet, Seattle -> NCAR, Boulder & NCAR, Boulder -> NorthWestNet, Seattle",1,"MIDnet, Lincoln, NE","NorthWestNet, Seattle",1,4.5581905,"MIDnet, Lincoln, NE | NCSA, University of Illinois, Champaign | NCAR, Boulder | NorthWestNet, Seattle","MIDnet, Lincoln, NE->NCSA, University of Illinois, Champaign | NCSA, University of Illinois, Champaign->NCAR, Boulder | NCAR, Boulder->NorthWestNet, Seattle",1
25,nsfnet,11,0.8,moving_average,random_failure_fixed,"NorthWestNet, Seattle -> NCAR, Boulder & NCAR, Boulder -> NorthWestNet, Seattle",2,"Cornell Theory Center, Ithaca NY","NCAR, Boulder",1,4.2433598,"Cornell Theory Center, Ithaca NY | Merit Univ of Michigan, Ann Arbor | BARRnet, Palo Alto | NorthWestNet, Seattle | NCAR, Boulder","Cornell Theory Center, Ithaca NY->Merit Univ of Michigan, Ann Arbor | Merit Univ of Michigan, Ann Arbor->BARRnet, Palo Alto | BARRnet, Palo Alto->NorthWestNet, Seattle | NorthWestNet, Seattle->NCAR, Boulder",1
25,nsfnet,11,0.8,moving_average,random_failure_fixed,"NorthWestNet, Seattle -> NCAR, Boulder & NCAR, Boulder -> NorthWestNet, Seattle",3,"BARRnet, Palo Alto","Westnet, Salt Lake City",1,4.2158853,"BARRnet, Palo Alto | NorthWestNet, Seattle | NCAR, Boulder | Westnet, Salt Lake City","BARRnet, Palo Alto->NorthWestNet, Seattle | NorthWestNet, Seattle->NCAR, Boulder | NCAR, Boulder->Westnet, Salt Lake City",1
25,nsfnet,11,0.8,moving_average,random_failure_fixed,"NorthWestNet, Seattle -> NCAR, Boulder & NCAR, Boulder -> NorthWestNet, Seattle",4,"NCSA, University of Illinois, Champaign","NorthWestNet, Seattle",1,4.1998144,"NCSA, University of Illinois, Champaign | NCAR, Boulder | NorthWestNet, Seattle","NCSA, University of Illinois, Champaign->NCAR, Boulder | NCAR, Boulder->NorthWestNet, Seattle",1
25,nsfnet,11,0.8,moving_average,random_failure_fixed,"NorthWestNet, Seattle -> NCAR, Boulder & NCAR, Boulder -> NorthWestNet, Seattle",5,"NorthWestNet, Seattle","MIDnet, Lincoln, NE",1,4.0927064,"NorthWestNet, Seattle | NCAR, Boulder | NCSA, University of Illinois, Champaign | MIDnet, Lincoln, NE","NorthWestNet, Seattle->NCAR, Boulder | NCAR, Boulder->NCSA, University of Illinois, Champaign | NCSA, University of Illinois, Champaign->MIDnet, Lincoln, NE",1
25,nsfnet,11,0.8,linear_autoregressive,critical_failure_fixed,"NCSA, University of Illinois, Champaign -> Merit Univ of Michigan, Ann Arbor & Merit Univ of Michigan, Ann Arbor -> NCSA, University of Illinois, Champaign",1,"MIDnet, Lincoln, NE","Cornell Theory Center, Ithaca NY",1,5.8989552,"MIDnet, Lincoln, NE | NCSA, University of Illinois, Champaign | Merit Univ of Michigan, Ann Arbor | Cornell Theory Center, Ithaca NY","MIDnet, Lincoln, NE->NCSA, University of Illinois, Champaign | NCSA, University of Illinois, Champaign->Merit Univ of Michigan, Ann Arbor | Merit Univ of Michigan, Ann Arbor->Cornell Theory Center, Ithaca NY",1
25,nsfnet,11,0.8,linear_autoregressive,critical_failure_fixed,"NCSA, University of Illinois, Champaign -> Merit Univ of Michigan, Ann Arbor & Merit Univ of Michigan, Ann Arbor -> NCSA, University of Illinois, Champaign",2,"Merit Univ of Michigan, Ann Arbor","NCSA, University of Illinois, Champaign",1,5.8283699,"Merit Univ of Michigan, Ann Arbor | NCSA, University of Illinois, Champaign","Merit Univ of Michigan, Ann Arbor->NCSA, University of Illinois, Champaign",1
25,nsfnet,11,0.8,linear_autoregressive,critical_failure_fixed,"NCSA, University of Illinois, Champaign -> Merit Univ of Michigan, Ann Arbor & Merit Univ of Michigan, Ann Arbor -> NCSA, University of Illinois, Champaign",3,Pittsburgh Supercomputer Center,"MIDnet, Lincoln, NE",1,5.7084642,"Pittsburgh Supercomputer Center | Merit Univ of Michigan, Ann Arbor | NCSA, University of Illinois, Champaign | MIDnet, Lincoln, NE","Pittsburgh Supercomputer Center->Merit Univ of Michigan, Ann Arbor | Merit Univ of Michigan, Ann Arbor->NCSA, University of Illinois, Champaign | NCSA, University of Illinois, Champaign->MIDnet, Lincoln, NE",1
25,nsfnet,11,0.8,linear_autoregressive,critical_failure_fixed,"NCSA, University of Illinois, Champaign -> Merit Univ of Michigan, Ann Arbor & Merit Univ of Michigan, Ann Arbor -> NCSA, University of Illinois, Champaign",4,"Westnet, Salt Lake City","Cornell Theory Center, Ithaca NY",1,5.5701568,"Westnet, Salt Lake City | NCAR, Boulder | NCSA, University of Illinois, Champaign | Merit Univ of Michigan, Ann Arbor | Cornell Theory Center, Ithaca NY","Westnet, Salt Lake City->NCAR, Boulder | NCAR, Boulder->NCSA, University of Illinois, Champaign | NCSA, University of Illinois, Champaign->Merit Univ of Michigan, Ann Arbor | Merit Univ of Michigan, Ann Arbor->Cornell Theory Center, Ithaca NY",1
25,nsfnet,11,0.8,linear_autoregressive,critical_failure_fixed,"NCSA, University of Illinois, Champaign -> Merit Univ of Michigan, Ann Arbor & Merit Univ of Michigan, Ann Arbor -> NCSA, University of Illinois, Champaign",4,"Westnet, Salt Lake City","Cornell Theory Center, Ithaca NY",2,0.5198484999999993,"Westnet, Salt Lake City | NCAR, Boulder | NorthWestNet, Seattle | BARRnet, Palo Alto | Merit Univ of Michigan, Ann Arbor | Cornell Theory Center, Ithaca NY","Westnet, Salt Lake City->NCAR, Boulder | NCAR, Boulder->NorthWestNet, Seattle | NorthWestNet, Seattle->BARRnet, Palo Alto | BARRnet, Palo Alto->Merit Univ of Michigan, Ann Arbor | Merit Univ of Michigan, Ann Arbor->Cornell Theory Center, Ithaca NY",0
25,nsfnet,11,0.8,linear_autoregressive,critical_failure_fixed,"NCSA, University of Illinois, Champaign -> Merit Univ of Michigan, Ann Arbor & Merit Univ of Michigan, Ann Arbor -> NCSA, University of Illinois, Champaign",5,"SURANET, Georgia Tech, Atlanta","Merit Univ of Michigan, Ann Arbor",1,5.3723157,"SURANET, Georgia Tech, Atlanta | SEQSUINET, Rice University, Houston | NCSA, University of Illinois, Champaign | Merit Univ of Michigan, Ann Arbor","SURANET, Georgia Tech, Atlanta->SEQSUINET, Rice University, Houston | SEQSUINET, Rice University, Houston->NCSA, University of Illinois, Champaign | NCSA, University of Illinois, Champaign->Merit Univ of Michigan, Ann Arbor",1
25,nsfnet,11,0.8,linear_autoregressive,random_failure_fixed,"NorthWestNet, Seattle -> NCAR, Boulder & NCAR, Boulder -> NorthWestNet, Seattle",1,"MIDnet, Lincoln, NE","NorthWestNet, Seattle",1,5.7802325,"MIDnet, Lincoln, NE | NCSA, University of Illinois, Champaign | NCAR, Boulder | NorthWestNet, Seattle","MIDnet, Lincoln, NE->NCSA, University of Illinois, Champaign | NCSA, University of Illinois, Champaign->NCAR, Boulder | NCAR, Boulder->NorthWestNet, Seattle",1
25,nsfnet,11,0.8,linear_autoregressive,random_failure_fixed,"NorthWestNet, Seattle -> NCAR, Boulder & NCAR, Boulder -> NorthWestNet, Seattle",2,"NCSA, University of Illinois, Champaign","NorthWestNet, Seattle",1,5.2841001,"NCSA, University of Illinois, Champaign | NCAR, Boulder | NorthWestNet, Seattle","NCSA, University of Illinois, Champaign->NCAR, Boulder | NCAR, Boulder->NorthWestNet, Seattle",1
25,nsfnet,11,0.8,linear_autoregressive,random_failure_fixed,"NorthWestNet, Seattle -> NCAR, Boulder & NCAR, Boulder -> NorthWestNet, Seattle",3,"BARRnet, Palo Alto","Westnet, Salt Lake City",1,5.1583385,"BARRnet, Palo Alto | NorthWestNet, Seattle | NCAR, Boulder | Westnet, Salt Lake City","BARRnet, Palo Alto->NorthWestNet, Seattle | NorthWestNet, Seattle->NCAR, Boulder | NCAR, Boulder->Westnet, Salt Lake City",1
25,nsfnet,11,0.8,linear_autoregressive,random_failure_fixed,"NorthWestNet, Seattle -> NCAR, Boulder & NCAR, Boulder -> NorthWestNet, Seattle",4,"Cornell Theory Center, Ithaca NY","NCAR, Boulder",1,4.9892664,"Cornell Theory Center, Ithaca NY | Merit Univ of Michigan, Ann Arbor | BARRnet, Palo Alto | NorthWestNet, Seattle | NCAR, Boulder","Cornell Theory Center, Ithaca NY->Merit Univ of Michigan, Ann Arbor | Merit Univ of Michigan, Ann Arbor->BARRnet, Palo Alto | BARRnet, Palo Alto->NorthWestNet, Seattle | NorthWestNet, Seattle->NCAR, Boulder",1
25,nsfnet,11,0.8,linear_autoregressive,random_failure_fixed,"NorthWestNet, Seattle -> NCAR, Boulder & NCAR, Boulder -> NorthWestNet, Seattle",5,"NorthWestNet, Seattle","MIDnet, Lincoln, NE",1,4.9868551,"NorthWestNet, Seattle | NCAR, Boulder | NCSA, University of Illinois, Champaign | MIDnet, Lincoln, NE","NorthWestNet, Seattle->NCAR, Boulder | NCAR, Boulder->NCSA, University of Illinois, Champaign | NCSA, University of Illinois, Champaign->MIDnet, Lincoln, NE",1
25,nsfnet,11,0.8,lstm,critical_failure_fixed,"NCSA, University of Illinois, Champaign -> Merit Univ of Michigan, Ann Arbor & Merit Univ of Michigan, Ann Arbor -> NCSA, University of Illinois, Champaign",1,"MIDnet, Lincoln, NE","Cornell Theory Center, Ithaca NY",1,4.3126502,"MIDnet, Lincoln, NE | NCSA, University of Illinois, Champaign | Merit Univ of Michigan, Ann Arbor | Cornell Theory Center, Ithaca NY","MIDnet, Lincoln, NE->NCSA, University of Illinois, Champaign | NCSA, University of Illinois, Champaign->Merit Univ of Michigan, Ann Arbor | Merit Univ of Michigan, Ann Arbor->Cornell Theory Center, Ithaca NY",1
25,nsfnet,11,0.8,lstm,critical_failure_fixed,"NCSA, University of Illinois, Champaign -> Merit Univ of Michigan, Ann Arbor & Merit Univ of Michigan, Ann Arbor -> NCSA, University of Illinois, Champaign",2,"Merit Univ of Michigan, Ann Arbor","NCSA, University of Illinois, Champaign",1,4.3047462,"Merit Univ of Michigan, Ann Arbor | NCSA, University of Illinois, Champaign","Merit Univ of Michigan, Ann Arbor->NCSA, University of Illinois, Champaign",1
25,nsfnet,11,0.8,lstm,critical_failure_fixed,"NCSA, University of Illinois, Champaign -> Merit Univ of Michigan, Ann Arbor & Merit Univ of Michigan, Ann Arbor -> NCSA, University of Illinois, Champaign",3,Pittsburgh Supercomputer Center,"MIDnet, Lincoln, NE",1,4.2568717,"Pittsburgh Supercomputer Center | Merit Univ of Michigan, Ann Arbor | NCSA, University of Illinois, Champaign | MIDnet, Lincoln, NE","Pittsburgh Supercomputer Center->Merit Univ of Michigan, Ann Arbor | Merit Univ of Michigan, Ann Arbor->NCSA, University of Illinois, Champaign | NCSA, University of Illinois, Champaign->MIDnet, Lincoln, NE",1
25,nsfnet,11,0.8,lstm,critical_failure_fixed,"NCSA, University of Illinois, Champaign -> Merit Univ of Michigan, Ann Arbor & Merit Univ of Michigan, Ann Arbor -> NCSA, University of Illinois, Champaign",4,"SURANET, Georgia Tech, Atlanta","Merit Univ of Michigan, Ann Arbor",1,4.0819569,"SURANET, Georgia Tech, Atlanta | SEQSUINET, Rice University, Houston | NCSA, University of Illinois, Champaign | Merit Univ of Michigan, Ann Arbor","SURANET, Georgia Tech, Atlanta->SEQSUINET, Rice University, Houston | SEQSUINET, Rice University, Houston->NCSA, University of Illinois, Champaign | NCSA, University of Illinois, Champaign->Merit Univ of Michigan, Ann Arbor",1
25,nsfnet,11,0.8,lstm,critical_failure_fixed,"NCSA, University of Illinois, Champaign -> Merit Univ of Michigan, Ann Arbor & Merit Univ of Michigan, Ann Arbor -> NCSA, University of Illinois, Champaign",5,San Diego Supercomputer Center,"Merit Univ of Michigan, Ann Arbor",1,3.9990675,"San Diego Supercomputer Center | SEQSUINET, Rice University, Houston | NCSA, University of Illinois, Champaign | Merit Univ of Michigan, Ann Arbor","San Diego Supercomputer Center->SEQSUINET, Rice University, Houston | SEQSUINET, Rice University, Houston->NCSA, University of Illinois, Champaign | NCSA, University of Illinois, Champaign->Merit Univ of Michigan, Ann Arbor",1
25,nsfnet,11,0.8,lstm,random_failure_fixed,"NorthWestNet, Seattle -> NCAR, Boulder & NCAR, Boulder -> NorthWestNet, Seattle",1,"MIDnet, Lincoln, NE","NorthWestNet, Seattle",1,4.1590433,"MIDnet, Lincoln, NE | NCSA, University of Illinois, Champaign | NCAR, Boulder | NorthWestNet, Seattle","MIDnet, Lincoln, NE->NCSA, University of Illinois, Champaign | NCSA, University of Illinois, Champaign->NCAR, Boulder | NCAR, Boulder->NorthWestNet, Seattle",1
25,nsfnet,11,0.8,lstm,random_failure_fixed,"NorthWestNet, Seattle -> NCAR, Boulder & NCAR, Boulder -> NorthWestNet, Seattle",2,"Cornell Theory Center, Ithaca NY","NCAR, Boulder",1,3.8187385,"Cornell Theory Center, Ithaca NY | Merit Univ of Michigan, Ann Arbor | BARRnet, Palo Alto | NorthWestNet, Seattle | NCAR, Boulder","Cornell Theory Center, Ithaca NY->Merit Univ of Michigan, Ann Arbor | Merit Univ of Michigan, Ann Arbor->BARRnet, Palo Alto | BARRnet, Palo Alto->NorthWestNet, Seattle | NorthWestNet, Seattle->NCAR, Boulder",1
25,nsfnet,11,0.8,lstm,random_failure_fixed,"NorthWestNet, Seattle -> NCAR, Boulder & NCAR, Boulder -> NorthWestNet, Seattle",3,"NCSA, University of Illinois, Champaign","NorthWestNet, Seattle",1,3.8014383,"NCSA, University of Illinois, Champaign | NCAR, Boulder | NorthWestNet, Seattle","NCSA, University of Illinois, Champaign->NCAR, Boulder | NCAR, Boulder->NorthWestNet, Seattle",1
25,nsfnet,11,0.8,lstm,random_failure_fixed,"NorthWestNet, Seattle -> NCAR, Boulder & NCAR, Boulder -> NorthWestNet, Seattle",4,"BARRnet, Palo Alto","Westnet, Salt Lake City",1,3.695406,"BARRnet, Palo Alto | NorthWestNet, Seattle | NCAR, Boulder | Westnet, Salt Lake City","BARRnet, Palo Alto->NorthWestNet, Seattle | NorthWestNet, Seattle->NCAR, Boulder | NCAR, Boulder->Westnet, Salt Lake City",1
25,nsfnet,11,0.8,lstm,random_failure_fixed,"NorthWestNet, Seattle -> NCAR, Boulder & NCAR, Boulder -> NorthWestNet, Seattle",5,"NorthWestNet, Seattle","MIDnet, Lincoln, NE",1,3.5667977,"NorthWestNet, Seattle | NCAR, Boulder | NCSA, University of Illinois, Champaign | MIDnet, Lincoln, NE","NorthWestNet, Seattle->NCAR, Boulder | NCAR, Boulder->NCSA, University of Illinois, Champaign | NCSA, University of Illinois, Champaign->MIDnet, Lincoln, NE",1
25,nsfnet,11,0.8,uncertainty_aware_lstm_robust_lp,critical_failure_fixed,"NCSA, University of Illinois, Champaign -> Merit Univ of Michigan, Ann Arbor & Merit Univ of Michigan, Ann Arbor -> NCSA, University of Illinois, Champaign",1,"Westnet, Salt Lake City","Cornell Theory Center, Ithaca NY",1,4.6718936,"Westnet, Salt Lake City | NCAR, Boulder | NCSA, University of Illinois, Champaign | Merit Univ of Michigan, Ann Arbor | Cornell Theory Center, Ithaca NY","Westnet, Salt Lake City->NCAR, Boulder | NCAR, Boulder->NCSA, University of Illinois, Champaign | NCSA, University of Illinois, Champaign->Merit Univ of Michigan, Ann Arbor | Merit Univ of Michigan, Ann Arbor->Cornell Theory Center, Ithaca NY",1
25,nsfnet,11,0.8,uncertainty_aware_lstm_robust_lp,critical_failure_fixed,"NCSA, University of Illinois, Champaign -> Merit Univ of Michigan, Ann Arbor & Merit Univ of Michigan, Ann Arbor -> NCSA, University of Illinois, Champaign",2,"Merit Univ of Michigan, Ann Arbor","NCSA, University of Illinois, Champaign",1,4.5193624,"Merit Univ of Michigan, Ann Arbor | NCSA, University of Illinois, Champaign","Merit Univ of Michigan, Ann Arbor->NCSA, University of Illinois, Champaign",1
25,nsfnet,11,0.8,uncertainty_aware_lstm_robust_lp,critical_failure_fixed,"NCSA, University of Illinois, Champaign -> Merit Univ of Michigan, Ann Arbor & Merit Univ of Michigan, Ann Arbor -> NCSA, University of Illinois, Champaign",3,"MIDnet, Lincoln, NE","Cornell Theory Center, Ithaca NY",1,4.5185852,"MIDnet, Lincoln, NE | NCSA, University of Illinois, Champaign | Merit Univ of Michigan, Ann Arbor | Cornell Theory Center, Ithaca NY","MIDnet, Lincoln, NE->NCSA, University of Illinois, Champaign | NCSA, University of Illinois, Champaign->Merit Univ of Michigan, Ann Arbor | Merit Univ of Michigan, Ann Arbor->Cornell Theory Center, Ithaca NY",1
25,nsfnet,11,0.8,uncertainty_aware_lstm_robust_lp,critical_failure_fixed,"NCSA, University of Illinois, Champaign -> Merit Univ of Michigan, Ann Arbor & Merit Univ of Michigan, Ann Arbor -> NCSA, University of Illinois, Champaign",4,Pittsburgh Supercomputer Center,"MIDnet, Lincoln, NE",1,4.4433961,"Pittsburgh Supercomputer Center | Merit Univ of Michigan, Ann Arbor | NCSA, University of Illinois, Champaign | MIDnet, Lincoln, NE","Pittsburgh Supercomputer Center->Merit Univ of Michigan, Ann Arbor | Merit Univ of Michigan, Ann Arbor->NCSA, University of Illinois, Champaign | NCSA, University of Illinois, Champaign->MIDnet, Lincoln, NE",1
25,nsfnet,11,0.8,uncertainty_aware_lstm_robust_lp,critical_failure_fixed,"NCSA, University of Illinois, Champaign -> Merit Univ of Michigan, Ann Arbor & Merit Univ of Michigan, Ann Arbor -> NCSA, University of Illinois, Champaign",5,"Cornell Theory Center, Ithaca NY","NCAR, Boulder",1,4.0155287,"Cornell Theory Center, Ithaca NY | Merit Univ of Michigan, Ann Arbor | NCSA, University of Illinois, Champaign | NCAR, Boulder","Cornell Theory Center, Ithaca NY->Merit Univ of Michigan, Ann Arbor | Merit Univ of Michigan, Ann Arbor->NCSA, University of Illinois, Champaign | NCSA, University of Illinois, Champaign->NCAR, Boulder",1
25,nsfnet,11,0.8,uncertainty_aware_lstm_robust_lp,random_failure_fixed,"NorthWestNet, Seattle -> NCAR, Boulder & NCAR, Boulder -> NorthWestNet, Seattle",1,"MIDnet, Lincoln, NE","NorthWestNet, Seattle",1,4.364234,"MIDnet, Lincoln, NE | NCSA, University of Illinois, Champaign | NCAR, Boulder | NorthWestNet, Seattle","MIDnet, Lincoln, NE->NCSA, University of Illinois, Champaign | NCSA, University of Illinois, Champaign->NCAR, Boulder | NCAR, Boulder->NorthWestNet, Seattle",1
25,nsfnet,11,0.8,uncertainty_aware_lstm_robust_lp,random_failure_fixed,"NorthWestNet, Seattle -> NCAR, Boulder & NCAR, Boulder -> NorthWestNet, Seattle",2,"NCSA, University of Illinois, Champaign","NorthWestNet, Seattle",1,3.9811456,"NCSA, University of Illinois, Champaign | NCAR, Boulder | NorthWestNet, Seattle","NCSA, University of Illinois, Champaign->NCAR, Boulder | NCAR, Boulder->NorthWestNet, Seattle",1
25,nsfnet,11,0.8,uncertainty_aware_lstm_robust_lp,random_failure_fixed,"NorthWestNet, Seattle -> NCAR, Boulder & NCAR, Boulder -> NorthWestNet, Seattle",3,"BARRnet, Palo Alto","Westnet, Salt Lake City",1,3.8913221,"BARRnet, Palo Alto | NorthWestNet, Seattle | NCAR, Boulder | Westnet, Salt Lake City","BARRnet, Palo Alto->NorthWestNet, Seattle | NorthWestNet, Seattle->NCAR, Boulder | NCAR, Boulder->Westnet, Salt Lake City",1
25,nsfnet,11,0.8,uncertainty_aware_lstm_robust_lp,random_failure_fixed,"NorthWestNet, Seattle -> NCAR, Boulder & NCAR, Boulder -> NorthWestNet, Seattle",4,"NorthWestNet, Seattle","MIDnet, Lincoln, NE",1,3.7545552,"NorthWestNet, Seattle | NCAR, Boulder | NCSA, University of Illinois, Champaign | MIDnet, Lincoln, NE","NorthWestNet, Seattle->NCAR, Boulder | NCAR, Boulder->NCSA, University of Illinois, Champaign | NCSA, University of Illinois, Champaign->MIDnet, Lincoln, NE",1
25,nsfnet,11,0.8,uncertainty_aware_lstm_robust_lp,random_failure_fixed,"NorthWestNet, Seattle -> NCAR, Boulder & NCAR, Boulder -> NorthWestNet, Seattle",5,San Diego Supercomputer Center,"Westnet, Salt Lake City",1,3.5893972,"San Diego Supercomputer Center | BARRnet, Palo Alto | NorthWestNet, Seattle | NCAR, Boulder | Westnet, Salt Lake City","San Diego Supercomputer Center->BARRnet, Palo Alto | BARRnet, Palo Alto->NorthWestNet, Seattle | NorthWestNet, Seattle->NCAR, Boulder | NCAR, Boulder->Westnet, Salt Lake City",1
26,nsfnet,11,0.8,current_demand_lp,critical_failure_fixed,"NCSA, University of Illinois, Champaign -> Merit Univ of Michigan, Ann Arbor & Merit Univ of Michigan, Ann Arbor -> NCSA, University of Illinois, Champaign",1,Pittsburgh Supercomputer Center,"MIDnet, Lincoln, NE",1,6.2954928,"Pittsburgh Supercomputer Center | Merit Univ of Michigan, Ann Arbor | NCSA, University of Illinois, Champaign | MIDnet, Lincoln, NE","Pittsburgh Supercomputer Center->Merit Univ of Michigan, Ann Arbor | Merit Univ of Michigan, Ann Arbor->NCSA, University of Illinois, Champaign | NCSA, University of Illinois, Champaign->MIDnet, Lincoln, NE",1
26,nsfnet,11,0.8,current_demand_lp,critical_failure_fixed,"NCSA, University of Illinois, Champaign -> Merit Univ of Michigan, Ann Arbor & Merit Univ of Michigan, Ann Arbor -> NCSA, University of Illinois, Champaign",2,"Merit Univ of Michigan, Ann Arbor","NCSA, University of Illinois, Champaign",1,6.0600926,"Merit Univ of Michigan, Ann Arbor | NCSA, University of Illinois, Champaign","Merit Univ of Michigan, Ann Arbor->NCSA, University of Illinois, Champaign",1
26,nsfnet,11,0.8,current_demand_lp,critical_failure_fixed,"NCSA, University of Illinois, Champaign -> Merit Univ of Michigan, Ann Arbor & Merit Univ of Michigan, Ann Arbor -> NCSA, University of Illinois, Champaign",3,"MIDnet, Lincoln, NE","Cornell Theory Center, Ithaca NY",1,5.8341754,"MIDnet, Lincoln, NE | NCSA, University of Illinois, Champaign | Merit Univ of Michigan, Ann Arbor | Cornell Theory Center, Ithaca NY","MIDnet, Lincoln, NE->NCSA, University of Illinois, Champaign | NCSA, University of Illinois, Champaign->Merit Univ of Michigan, Ann Arbor | Merit Univ of Michigan, Ann Arbor->Cornell Theory Center, Ithaca NY",1
26,nsfnet,11,0.8,current_demand_lp,critical_failure_fixed,"NCSA, University of Illinois, Champaign -> Merit Univ of Michigan, Ann Arbor & Merit Univ of Michigan, Ann Arbor -> NCSA, University of Illinois, Champaign",4,"SURANET, Georgia Tech, Atlanta","Merit Univ of Michigan, Ann Arbor",1,5.8048908,"SURANET, Georgia Tech, Atlanta | SEQSUINET, Rice University, Houston | NCSA, University of Illinois, Champaign | Merit Univ of Michigan, Ann Arbor","SURANET, Georgia Tech, Atlanta->SEQSUINET, Rice University, Houston | SEQSUINET, Rice University, Houston->NCSA, University of Illinois, Champaign | NCSA, University of Illinois, Champaign->Merit Univ of Michigan, Ann Arbor",1
26,nsfnet,11,0.8,current_demand_lp,critical_failure_fixed,"NCSA, University of Illinois, Champaign -> Merit Univ of Michigan, Ann Arbor & Merit Univ of Michigan, Ann Arbor -> NCSA, University of Illinois, Champaign",5,"NCSA, University of Illinois, Champaign",Pittsburgh Supercomputer Center,1,5.3900486,"NCSA, University of Illinois, Champaign | Merit Univ of Michigan, Ann Arbor | Pittsburgh Supercomputer Center","NCSA, University of Illinois, Champaign->Merit Univ of Michigan, Ann Arbor | Merit Univ of Michigan, Ann Arbor->Pittsburgh Supercomputer Center",1
26,nsfnet,11,0.8,current_demand_lp,random_failure_fixed,"NCAR, Boulder -> NCSA, University of Illinois, Champaign & NCSA, University of Illinois, Champaign -> NCAR, Boulder",1,"SEQSUINET, Rice University, Houston","Westnet, Salt Lake City",1,5.9184677,"SEQSUINET, Rice University, Houston | NCSA, University of Illinois, Champaign | NCAR, Boulder | Westnet, Salt Lake City","SEQSUINET, Rice University, Houston->NCSA, University of Illinois, Champaign | NCSA, University of Illinois, Champaign->NCAR, Boulder | NCAR, Boulder->Westnet, Salt Lake City",1
26,nsfnet,11,0.8,current_demand_lp,random_failure_fixed,"NCAR, Boulder -> NCSA, University of Illinois, Champaign & NCSA, University of Illinois, Champaign -> NCAR, Boulder",2,"MIDnet, Lincoln, NE","NorthWestNet, Seattle",1,5.7643275,"MIDnet, Lincoln, NE | NCSA, University of Illinois, Champaign | NCAR, Boulder | NorthWestNet, Seattle","MIDnet, Lincoln, NE->NCSA, University of Illinois, Champaign | NCSA, University of Illinois, Champaign->NCAR, Boulder | NCAR, Boulder->NorthWestNet, Seattle",1
26,nsfnet,11,0.8,current_demand_lp,random_failure_fixed,"NCAR, Boulder -> NCSA, University of Illinois, Champaign & NCSA, University of Illinois, Champaign -> NCAR, Boulder",3,"MIDnet, Lincoln, NE","Westnet, Salt Lake City",1,5.6545782,"MIDnet, Lincoln, NE | NCSA, University of Illinois, Champaign | NCAR, Boulder | Westnet, Salt Lake City","MIDnet, Lincoln, NE->NCSA, University of Illinois, Champaign | NCSA, University of Illinois, Champaign->NCAR, Boulder | NCAR, Boulder->Westnet, Salt Lake City",1
26,nsfnet,11,0.8,current_demand_lp,random_failure_fixed,"NCAR, Boulder -> NCSA, University of Illinois, Champaign & NCSA, University of Illinois, Champaign -> NCAR, Boulder",4,"Westnet, Salt Lake City","MIDnet, Lincoln, NE",1,5.2141189,"Westnet, Salt Lake City | NCAR, Boulder | NCSA, University of Illinois, Champaign | MIDnet, Lincoln, NE","Westnet, Salt Lake City->NCAR, Boulder | NCAR, Boulder->NCSA, University of Illinois, Champaign | NCSA, University of Illinois, Champaign->MIDnet, Lincoln, NE",1
26,nsfnet,11,0.8,current_demand_lp,random_failure_fixed,"NCAR, Boulder -> NCSA, University of Illinois, Champaign & NCSA, University of Illinois, Champaign -> NCAR, Boulder",5,"MIDnet, Lincoln, NE","NCAR, Boulder",1,5.1735438,"MIDnet, Lincoln, NE | NCSA, University of Illinois, Champaign | NCAR, Boulder","MIDnet, Lincoln, NE->NCSA, University of Illinois, Champaign | NCSA, University of Illinois, Champaign->NCAR, Boulder",1
26,nsfnet,11,0.8,robust_current_demand_lp,critical_failure_fixed,"NCSA, University of Illinois, Champaign -> Merit Univ of Michigan, Ann Arbor & Merit Univ of Michigan, Ann Arbor -> NCSA, University of Illinois, Champaign",1,Pittsburgh Supercomputer Center,"MIDnet, Lincoln, NE",1,6.2954928,"Pittsburgh Supercomputer Center | Merit Univ of Michigan, Ann Arbor | NCSA, University of Illinois, Champaign | MIDnet, Lincoln, NE","Pittsburgh Supercomputer Center->Merit Univ of Michigan, Ann Arbor | Merit Univ of Michigan, Ann Arbor->NCSA, University of Illinois, Champaign | NCSA, University of Illinois, Champaign->MIDnet, Lincoln, NE",1
26,nsfnet,11,0.8,robust_current_demand_lp,critical_failure_fixed,"NCSA, University of Illinois, Champaign -> Merit Univ of Michigan, Ann Arbor & Merit Univ of Michigan, Ann Arbor -> NCSA, University of Illinois, Champaign",2,"Westnet, Salt Lake City","Cornell Theory Center, Ithaca NY",1,6.1970246,"Westnet, Salt Lake City | NCAR, Boulder | NCSA, University of Illinois, Champaign | Merit Univ of Michigan, Ann Arbor | Cornell Theory Center, Ithaca NY","Westnet, Salt Lake City->NCAR, Boulder | NCAR, Boulder->NCSA, University of Illinois, Champaign | NCSA, University of Illinois, Champaign->Merit Univ of Michigan, Ann Arbor | Merit Univ of Michigan, Ann Arbor->Cornell Theory Center, Ithaca NY",1
26,nsfnet,11,0.8,robust_current_demand_lp,critical_failure_fixed,"NCSA, University of Illinois, Champaign -> Merit Univ of Michigan, Ann Arbor & Merit Univ of Michigan, Ann Arbor -> NCSA, University of Illinois, Champaign",3,"Merit Univ of Michigan, Ann Arbor","NCSA, University of Illinois, Champaign",1,6.0600926,"Merit Univ of Michigan, Ann Arbor | NCSA, University of Illinois, Champaign","Merit Univ of Michigan, Ann Arbor->NCSA, University of Illinois, Champaign",1
26,nsfnet,11,0.8,robust_current_demand_lp,critical_failure_fixed,"NCSA, University of Illinois, Champaign -> Merit Univ of Michigan, Ann Arbor & Merit Univ of Michigan, Ann Arbor -> NCSA, University of Illinois, Champaign",4,"MIDnet, Lincoln, NE","Cornell Theory Center, Ithaca NY",1,5.8341754,"MIDnet, Lincoln, NE | NCSA, University of Illinois, Champaign | Merit Univ of Michigan, Ann Arbor | Cornell Theory Center, Ithaca NY","MIDnet, Lincoln, NE->NCSA, University of Illinois, Champaign | NCSA, University of Illinois, Champaign->Merit Univ of Michigan, Ann Arbor | Merit Univ of Michigan, Ann Arbor->Cornell Theory Center, Ithaca NY",1
26,nsfnet,11,0.8,robust_current_demand_lp,critical_failure_fixed,"NCSA, University of Illinois, Champaign -> Merit Univ of Michigan, Ann Arbor & Merit Univ of Michigan, Ann Arbor -> NCSA, University of Illinois, Champaign",5,"NCSA, University of Illinois, Champaign",Pittsburgh Supercomputer Center,1,5.3900486,"NCSA, University of Illinois, Champaign | Merit Univ of Michigan, Ann Arbor | Pittsburgh Supercomputer Center","NCSA, University of Illinois, Champaign->Merit Univ of Michigan, Ann Arbor | Merit Univ of Michigan, Ann Arbor->Pittsburgh Supercomputer Center",1
26,nsfnet,11,0.8,robust_current_demand_lp,random_failure_fixed,"NCAR, Boulder -> NCSA, University of Illinois, Champaign & NCSA, University of Illinois, Champaign -> NCAR, Boulder",1,"Westnet, Salt Lake City","Cornell Theory Center, Ithaca NY",1,6.1970246,"Westnet, Salt Lake City | NCAR, Boulder | NCSA, University of Illinois, Champaign | Merit Univ of Michigan, Ann Arbor | Cornell Theory Center, Ithaca NY","Westnet, Salt Lake City->NCAR, Boulder | NCAR, Boulder->NCSA, University of Illinois, Champaign | NCSA, University of Illinois, Champaign->Merit Univ of Michigan, Ann Arbor | Merit Univ of Michigan, Ann Arbor->Cornell Theory Center, Ithaca NY",1
26,nsfnet,11,0.8,robust_current_demand_lp,random_failure_fixed,"NCAR, Boulder -> NCSA, University of Illinois, Champaign & NCSA, University of Illinois, Champaign -> NCAR, Boulder",2,"SEQSUINET, Rice University, Houston","Westnet, Salt Lake City",1,5.9184677,"SEQSUINET, Rice University, Houston | NCSA, University of Illinois, Champaign | NCAR, Boulder | Westnet, Salt Lake City","SEQSUINET, Rice University, Houston->NCSA, University of Illinois, Champaign | NCSA, University of Illinois, Champaign->NCAR, Boulder | NCAR, Boulder->Westnet, Salt Lake City",1
26,nsfnet,11,0.8,robust_current_demand_lp,random_failure_fixed,"NCAR, Boulder -> NCSA, University of Illinois, Champaign & NCSA, University of Illinois, Champaign -> NCAR, Boulder",3,"MIDnet, Lincoln, NE","NorthWestNet, Seattle",1,5.7643275,"MIDnet, Lincoln, NE | NCSA, University of Illinois, Champaign | NCAR, Boulder | NorthWestNet, Seattle","MIDnet, Lincoln, NE->NCSA, University of Illinois, Champaign | NCSA, University of Illinois, Champaign->NCAR, Boulder | NCAR, Boulder->NorthWestNet, Seattle",1
26,nsfnet,11,0.8,robust_current_demand_lp,random_failure_fixed,"NCAR, Boulder -> NCSA, University of Illinois, Champaign & NCSA, University of Illinois, Champaign -> NCAR, Boulder",4,"MIDnet, Lincoln, NE","Westnet, Salt Lake City",1,5.6545782,"MIDnet, Lincoln, NE | NCSA, University of Illinois, Champaign | NCAR, Boulder | Westnet, Salt Lake City","MIDnet, Lincoln, NE->NCSA, University of Illinois, Champaign | NCSA, University of Illinois, Champaign->NCAR, Boulder | NCAR, Boulder->Westnet, Salt Lake City",1
26,nsfnet,11,0.8,robust_current_demand_lp,random_failure_fixed,"NCAR, Boulder -> NCSA, University of Illinois, Champaign & NCSA, University of Illinois, Champaign -> NCAR, Boulder",5,"Cornell Theory Center, Ithaca NY","NCAR, Boulder",1,5.3568914,"Cornell Theory Center, Ithaca NY | Merit Univ of Michigan, Ann Arbor | NCSA, University of Illinois, Champaign | NCAR, Boulder","Cornell Theory Center, Ithaca NY->Merit Univ of Michigan, Ann Arbor | Merit Univ of Michigan, Ann Arbor->NCSA, University of Illinois, Champaign | NCSA, University of Illinois, Champaign->NCAR, Boulder",1
26,nsfnet,11,0.8,robust_current_demand_lp,random_failure_fixed,"NCAR, Boulder -> NCSA, University of Illinois, Champaign & NCSA, University of Illinois, Champaign -> NCAR, Boulder",5,"Cornell Theory Center, Ithaca NY","NCAR, Boulder",2,0.028612695,"Cornell Theory Center, Ithaca NY | Merit Univ of Michigan, Ann Arbor | BARRnet, Palo Alto | NorthWestNet, Seattle | NCAR, Boulder","Cornell Theory Center, Ithaca NY->Merit Univ of Michigan, Ann Arbor | Merit Univ of Michigan, Ann Arbor->BARRnet, Palo Alto | BARRnet, Palo Alto->NorthWestNet, Seattle | NorthWestNet, Seattle->NCAR, Boulder",0
26,nsfnet,11,0.8,moving_average,critical_failure_fixed,"NCSA, University of Illinois, Champaign -> Merit Univ of Michigan, Ann Arbor & Merit Univ of Michigan, Ann Arbor -> NCSA, University of Illinois, Champaign",1,Pittsburgh Supercomputer Center,"MIDnet, Lincoln, NE",1,5.4131984,"Pittsburgh Supercomputer Center | Merit Univ of Michigan, Ann Arbor | NCSA, University of Illinois, Champaign | MIDnet, Lincoln, NE","Pittsburgh Supercomputer Center->Merit Univ of Michigan, Ann Arbor | Merit Univ of Michigan, Ann Arbor->NCSA, University of Illinois, Champaign | NCSA, University of Illinois, Champaign->MIDnet, Lincoln, NE",1
26,nsfnet,11,0.8,moving_average,critical_failure_fixed,"NCSA, University of Illinois, Champaign -> Merit Univ of Michigan, Ann Arbor & Merit Univ of Michigan, Ann Arbor -> NCSA, University of Illinois, Champaign",2,"Merit Univ of Michigan, Ann Arbor","NCSA, University of Illinois, Champaign",1,5.2735202,"Merit Univ of Michigan, Ann Arbor | NCSA, University of Illinois, Champaign","Merit Univ of Michigan, Ann Arbor->NCSA, University of Illinois, Champaign",1
26,nsfnet,11,0.8,moving_average,critical_failure_fixed,"NCSA, University of Illinois, Champaign -> Merit Univ of Michigan, Ann Arbor & Merit Univ of Michigan, Ann Arbor -> NCSA, University of Illinois, Champaign",3,"MIDnet, Lincoln, NE","Cornell Theory Center, Ithaca NY",1,5.2292278,"MIDnet, Lincoln, NE | NCSA, University of Illinois, Champaign | Merit Univ of Michigan, Ann Arbor | Cornell Theory Center, Ithaca NY","MIDnet, Lincoln, NE->NCSA, University of Illinois, Champaign | NCSA, University of Illinois, Champaign->Merit Univ of Michigan, Ann Arbor | Merit Univ of Michigan, Ann Arbor->Cornell Theory Center, Ithaca NY",1
26,nsfnet,11,0.8,moving_average,critical_failure_fixed,"NCSA, University of Illinois, Champaign -> Merit Univ of Michigan, Ann Arbor & Merit Univ of Michigan, Ann Arbor -> NCSA, University of Illinois, Champaign",4,San Diego Supercomputer Center,"Merit Univ of Michigan, Ann Arbor",1,5.0526623,"San Diego Supercomputer Center | SEQSUINET, Rice University, Houston | NCSA, University of Illinois, Champaign | Merit Univ of Michigan, Ann Arbor","San Diego Supercomputer Center->SEQSUINET, Rice University, Houston | SEQSUINET, Rice University, Houston->NCSA, University of Illinois, Champaign | NCSA, University of Illinois, Champaign->Merit Univ of Michigan, Ann Arbor",1
26,nsfnet,11,0.8,moving_average,critical_failure_fixed,"NCSA, University of Illinois, Champaign -> Merit Univ of Michigan, Ann Arbor & Merit Univ of Michigan, Ann Arbor -> NCSA, University of Illinois, Champaign",5,"SURANET, Georgia Tech, Atlanta","Merit Univ of Michigan, Ann Arbor",1,4.8959013,"SURANET, Georgia Tech, Atlanta | SEQSUINET, Rice University, Houston | NCSA, University of Illinois, Champaign | Merit Univ of Michigan, Ann Arbor","SURANET, Georgia Tech, Atlanta->SEQSUINET, Rice University, Houston | SEQSUINET, Rice University, Houston->NCSA, University of Illinois, Champaign | NCSA, University of Illinois, Champaign->Merit Univ of Michigan, Ann Arbor",1
26,nsfnet,11,0.8,moving_average,random_failure_fixed,"NCAR, Boulder -> NCSA, University of Illinois, Champaign & NCSA, University of Illinois, Champaign -> NCAR, Boulder",1,"SEQSUINET, Rice University, Houston","Westnet, Salt Lake City",1,5.3658955,"SEQSUINET, Rice University, Houston | NCSA, University of Illinois, Champaign | NCAR, Boulder | Westnet, Salt Lake City","SEQSUINET, Rice University, Houston->NCSA, University of Illinois, Champaign | NCSA, University of Illinois, Champaign->NCAR, Boulder | NCAR, Boulder->Westnet, Salt Lake City",1
26,nsfnet,11,0.8,moving_average,random_failure_fixed,"NCAR, Boulder -> NCSA, University of Illinois, Champaign & NCSA, University of Illinois, Champaign -> NCAR, Boulder",2,"MIDnet, Lincoln, NE","NorthWestNet, Seattle",1,5.1003486,"MIDnet, Lincoln, NE | NCSA, University of Illinois, Champaign | NCAR, Boulder | NorthWestNet, Seattle","MIDnet, Lincoln, NE->NCSA, University of Illinois, Champaign | NCSA, University of Illinois, Champaign->NCAR, Boulder | NCAR, Boulder->NorthWestNet, Seattle",1
26,nsfnet,11,0.8,moving_average,random_failure_fixed,"NCAR, Boulder -> NCSA, University of Illinois, Champaign & NCSA, University of Illinois, Champaign -> NCAR, Boulder",3,"MIDnet, Lincoln, NE","Westnet, Salt Lake City",1,4.8211515,"MIDnet, Lincoln, NE | NCSA, University of Illinois, Champaign | NCAR, Boulder | Westnet, Salt Lake City","MIDnet, Lincoln, NE->NCSA, University of Illinois, Champaign | NCSA, University of Illinois, Champaign->NCAR, Boulder | NCAR, Boulder->Westnet, Salt Lake City",1
26,nsfnet,11,0.8,moving_average,random_failure_fixed,"NCAR, Boulder -> NCSA, University of Illinois, Champaign & NCSA, University of Illinois, Champaign -> NCAR, Boulder",4,"NCSA, University of Illinois, Champaign","NorthWestNet, Seattle",1,4.6358738,"NCSA, University of Illinois, Champaign | NCAR, Boulder | NorthWestNet, Seattle","NCSA, University of Illinois, Champaign->NCAR, Boulder | NCAR, Boulder->NorthWestNet, Seattle",1
26,nsfnet,11,0.8,moving_average,random_failure_fixed,"NCAR, Boulder -> NCSA, University of Illinois, Champaign & NCSA, University of Illinois, Champaign -> NCAR, Boulder",5,"NorthWestNet, Seattle","MIDnet, Lincoln, NE",1,4.5219389,"NorthWestNet, Seattle | NCAR, Boulder | NCSA, University of Illinois, Champaign | MIDnet, Lincoln, NE","NorthWestNet, Seattle->NCAR, Boulder | NCAR, Boulder->NCSA, University of Illinois, Champaign | NCSA, University of Illinois, Champaign->MIDnet, Lincoln, NE",1
26,nsfnet,11,0.8,linear_autoregressive,critical_failure_fixed,"NCSA, University of Illinois, Champaign -> Merit Univ of Michigan, Ann Arbor & Merit Univ of Michigan, Ann Arbor -> NCSA, University of Illinois, Champaign",1,"Merit Univ of Michigan, Ann Arbor","NCSA, University of Illinois, Champaign",1,6.171323,"Merit Univ of Michigan, Ann Arbor | NCSA, University of Illinois, Champaign","Merit Univ of Michigan, Ann Arbor->NCSA, University of Illinois, Champaign",1
26,nsfnet,11,0.8,linear_autoregressive,critical_failure_fixed,"NCSA, University of Illinois, Champaign -> Merit Univ of Michigan, Ann Arbor & Merit Univ of Michigan, Ann Arbor -> NCSA, University of Illinois, Champaign",2,Pittsburgh Supercomputer Center,"MIDnet, Lincoln, NE",1,6.1345868,"Pittsburgh Supercomputer Center | Merit Univ of Michigan, Ann Arbor | NCSA, University of Illinois, Champaign | MIDnet, Lincoln, NE","Pittsburgh Supercomputer Center->Merit Univ of Michigan, Ann Arbor | Merit Univ of Michigan, Ann Arbor->NCSA, University of Illinois, Champaign | NCSA, University of Illinois, Champaign->MIDnet, Lincoln, NE",1
26,nsfnet,11,0.8,linear_autoregressive,critical_failure_fixed,"NCSA, University of Illinois, Champaign -> Merit Univ of Michigan, Ann Arbor & Merit Univ of Michigan, Ann Arbor -> NCSA, University of Illinois, Champaign",3,"MIDnet, Lincoln, NE","Cornell Theory Center, Ithaca NY",1,6.0421722,"MIDnet, Lincoln, NE | NCSA, University of Illinois, Champaign | Merit Univ of Michigan, Ann Arbor | Cornell Theory Center, Ithaca NY","MIDnet, Lincoln, NE->NCSA, University of Illinois, Champaign | NCSA, University of Illinois, Champaign->Merit Univ of Michigan, Ann Arbor | Merit Univ of Michigan, Ann Arbor->Cornell Theory Center, Ithaca NY",1
26,nsfnet,11,0.8,linear_autoregressive,critical_failure_fixed,"NCSA, University of Illinois, Champaign -> Merit Univ of Michigan, Ann Arbor & Merit Univ of Michigan, Ann Arbor -> NCSA, University of Illinois, Champaign",4,"SURANET, Georgia Tech, Atlanta","Merit Univ of Michigan, Ann Arbor",1,5.8606525,"SURANET, Georgia Tech, Atlanta | SEQSUINET, Rice University, Houston | NCSA, University of Illinois, Champaign | Merit Univ of Michigan, Ann Arbor","SURANET, Georgia Tech, Atlanta->SEQSUINET, Rice University, Houston | SEQSUINET, Rice University, Houston->NCSA, University of Illinois, Champaign | NCSA, University of Illinois, Champaign->Merit Univ of Michigan, Ann Arbor",1
26,nsfnet,11,0.8,linear_autoregressive,critical_failure_fixed,"NCSA, University of Illinois, Champaign -> Merit Univ of Michigan, Ann Arbor & Merit Univ of Michigan, Ann Arbor -> NCSA, University of Illinois, Champaign",5,"NCSA, University of Illinois, Champaign",Pittsburgh Supercomputer Center,1,5.4714864,"NCSA, University of Illinois, Champaign | Merit Univ of Michigan, Ann Arbor | Pittsburgh Supercomputer Center","NCSA, University of Illinois, Champaign->Merit Univ of Michigan, Ann Arbor | Merit Univ of Michigan, Ann Arbor->Pittsburgh Supercomputer Center",1
26,nsfnet,11,0.8,linear_autoregressive,random_failure_fixed,"NCAR, Boulder -> NCSA, University of Illinois, Champaign & NCSA, University of Illinois, Champaign -> NCAR, Boulder",1,"SEQSUINET, Rice University, Houston","Westnet, Salt Lake City",1,5.9252375,"SEQSUINET, Rice University, Houston | NCSA, University of Illinois, Champaign | NCAR, Boulder | Westnet, Salt Lake City","SEQSUINET, Rice University, Houston->NCSA, University of Illinois, Champaign | NCSA, University of Illinois, Champaign->NCAR, Boulder | NCAR, Boulder->Westnet, Salt Lake City",1
26,nsfnet,11,0.8,linear_autoregressive,random_failure_fixed,"NCAR, Boulder -> NCSA, University of Illinois, Champaign & NCSA, University of Illinois, Champaign -> NCAR, Boulder",2,"MIDnet, Lincoln, NE","NorthWestNet, Seattle",1,5.8071955,"MIDnet, Lincoln, NE | NCSA, University of Illinois, Champaign | NCAR, Boulder | NorthWestNet, Seattle","MIDnet, Lincoln, NE->NCSA, University of Illinois, Champaign | NCSA, University of Illinois, Champaign->NCAR, Boulder | NCAR, Boulder->NorthWestNet, Seattle",1
26,nsfnet,11,0.8,linear_autoregressive,random_failure_fixed,"NCAR, Boulder -> NCSA, University of Illinois, Champaign & NCSA, University of Illinois, Champaign -> NCAR, Boulder",3,"MIDnet, Lincoln, NE","Westnet, Salt Lake City",1,5.7833219,"MIDnet, Lincoln, NE | NCSA, University of Illinois, Champaign | NCAR, Boulder | Westnet, Salt Lake City","MIDnet, Lincoln, NE->NCSA, University of Illinois, Champaign | NCSA, University of Illinois, Champaign->NCAR, Boulder | NCAR, Boulder->Westnet, Salt Lake City",1
26,nsfnet,11,0.8,linear_autoregressive,random_failure_fixed,"NCAR, Boulder -> NCSA, University of Illinois, Champaign & NCSA, University of Illinois, Champaign -> NCAR, Boulder",4,"NCSA, University of Illinois, Champaign","NorthWestNet, Seattle",1,5.6370944,"NCSA, University of Illinois, Champaign | NCAR, Boulder | NorthWestNet, Seattle","NCSA, University of Illinois, Champaign->NCAR, Boulder | NCAR, Boulder->NorthWestNet, Seattle",1
26,nsfnet,11,0.8,linear_autoregressive,random_failure_fixed,"NCAR, Boulder -> NCSA, University of Illinois, Champaign & NCSA, University of Illinois, Champaign -> NCAR, Boulder",5,"Westnet, Salt Lake City","SEQSUINET, Rice University, Houston",1,5.4565758,"Westnet, Salt Lake City | NCAR, Boulder | NCSA, University of Illinois, Champaign | SEQSUINET, Rice University, Houston","Westnet, Salt Lake City->NCAR, Boulder | NCAR, Boulder->NCSA, University of Illinois, Champaign | NCSA, University of Illinois, Champaign->SEQSUINET, Rice University, Houston",1
26,nsfnet,11,0.8,lstm,critical_failure_fixed,"NCSA, University of Illinois, Champaign -> Merit Univ of Michigan, Ann Arbor & Merit Univ of Michigan, Ann Arbor -> NCSA, University of Illinois, Champaign",1,"MIDnet, Lincoln, NE","Cornell Theory Center, Ithaca NY",1,4.3126502,"MIDnet, Lincoln, NE | NCSA, University of Illinois, Champaign | Merit Univ of Michigan, Ann Arbor | Cornell Theory Center, Ithaca NY","MIDnet, Lincoln, NE->NCSA, University of Illinois, Champaign | NCSA, University of Illinois, Champaign->Merit Univ of Michigan, Ann Arbor | Merit Univ of Michigan, Ann Arbor->Cornell Theory Center, Ithaca NY",1
26,nsfnet,11,0.8,lstm,critical_failure_fixed,"NCSA, University of Illinois, Champaign -> Merit Univ of Michigan, Ann Arbor & Merit Univ of Michigan, Ann Arbor -> NCSA, University of Illinois, Champaign",2,"Merit Univ of Michigan, Ann Arbor","NCSA, University of Illinois, Champaign",1,4.3047462,"Merit Univ of Michigan, Ann Arbor | NCSA, University of Illinois, Champaign","Merit Univ of Michigan, Ann Arbor->NCSA, University of Illinois, Champaign",1
26,nsfnet,11,0.8,lstm,critical_failure_fixed,"NCSA, University of Illinois, Champaign -> Merit Univ of Michigan, Ann Arbor & Merit Univ of Michigan, Ann Arbor -> NCSA, University of Illinois, Champaign",3,Pittsburgh Supercomputer Center,"MIDnet, Lincoln, NE",1,4.2568717,"Pittsburgh Supercomputer Center | Merit Univ of Michigan, Ann Arbor | NCSA, University of Illinois, Champaign | MIDnet, Lincoln, NE","Pittsburgh Supercomputer Center->Merit Univ of Michigan, Ann Arbor | Merit Univ of Michigan, Ann Arbor->NCSA, University of Illinois, Champaign | NCSA, University of Illinois, Champaign->MIDnet, Lincoln, NE",1
26,nsfnet,11,0.8,lstm,critical_failure_fixed,"NCSA, University of Illinois, Champaign -> Merit Univ of Michigan, Ann Arbor & Merit Univ of Michigan, Ann Arbor -> NCSA, University of Illinois, Champaign",4,"SURANET, Georgia Tech, Atlanta","Merit Univ of Michigan, Ann Arbor",1,4.0819569,"SURANET, Georgia Tech, Atlanta | SEQSUINET, Rice University, Houston | NCSA, University of Illinois, Champaign | Merit Univ of Michigan, Ann Arbor","SURANET, Georgia Tech, Atlanta->SEQSUINET, Rice University, Houston | SEQSUINET, Rice University, Houston->NCSA, University of Illinois, Champaign | NCSA, University of Illinois, Champaign->Merit Univ of Michigan, Ann Arbor",1
26,nsfnet,11,0.8,lstm,critical_failure_fixed,"NCSA, University of Illinois, Champaign -> Merit Univ of Michigan, Ann Arbor & Merit Univ of Michigan, Ann Arbor -> NCSA, University of Illinois, Champaign",5,San Diego Supercomputer Center,"Merit Univ of Michigan, Ann Arbor",1,3.9990675,"San Diego Supercomputer Center | SEQSUINET, Rice University, Houston | NCSA, University of Illinois, Champaign | Merit Univ of Michigan, Ann Arbor","San Diego Supercomputer Center->SEQSUINET, Rice University, Houston | SEQSUINET, Rice University, Houston->NCSA, University of Illinois, Champaign | NCSA, University of Illinois, Champaign->Merit Univ of Michigan, Ann Arbor",1
26,nsfnet,11,0.8,lstm,random_failure_fixed,"NCAR, Boulder -> NCSA, University of Illinois, Champaign & NCSA, University of Illinois, Champaign -> NCAR, Boulder",1,"MIDnet, Lincoln, NE","NorthWestNet, Seattle",1,4.1590433,"MIDnet, Lincoln, NE | NCSA, University of Illinois, Champaign | NCAR, Boulder | NorthWestNet, Seattle","MIDnet, Lincoln, NE->NCSA, University of Illinois, Champaign | NCSA, University of Illinois, Champaign->NCAR, Boulder | NCAR, Boulder->NorthWestNet, Seattle",1
26,nsfnet,11,0.8,lstm,random_failure_fixed,"NCAR, Boulder -> NCSA, University of Illinois, Champaign & NCSA, University of Illinois, Champaign -> NCAR, Boulder",2,"SEQSUINET, Rice University, Houston","Westnet, Salt Lake City",1,4.0434332,"SEQSUINET, Rice University, Houston | NCSA, University of Illinois, Champaign | NCAR, Boulder | Westnet, Salt Lake City","SEQSUINET, Rice University, Houston->NCSA, University of Illinois, Champaign | NCSA, University of Illinois, Champaign->NCAR, Boulder | NCAR, Boulder->Westnet, Salt Lake City",1
26,nsfnet,11,0.8,lstm,random_failure_fixed,"NCAR, Boulder -> NCSA, University of Illinois, Champaign & NCSA, University of Illinois, Champaign -> NCAR, Boulder",3,"NCSA, University of Illinois, Champaign","NorthWestNet, Seattle",1,3.8014383,"NCSA, University of Illinois, Champaign | NCAR, Boulder | NorthWestNet, Seattle","NCSA, University of Illinois, Champaign->NCAR, Boulder | NCAR, Boulder->NorthWestNet, Seattle",1
26,nsfnet,11,0.8,lstm,random_failure_fixed,"NCAR, Boulder -> NCSA, University of Illinois, Champaign & NCSA, University of Illinois, Champaign -> NCAR, Boulder",4,"Westnet, Salt Lake City","SEQSUINET, Rice University, Houston",1,3.7870319,"Westnet, Salt Lake City | NCAR, Boulder | NCSA, University of Illinois, Champaign | SEQSUINET, Rice University, Houston","Westnet, Salt Lake City->NCAR, Boulder | NCAR, Boulder->NCSA, University of Illinois, Champaign | NCSA, University of Illinois, Champaign->SEQSUINET, Rice University, Houston",1
26,nsfnet,11,0.8,lstm,random_failure_fixed,"NCAR, Boulder -> NCSA, University of Illinois, Champaign & NCSA, University of Illinois, Champaign -> NCAR, Boulder",5,"MIDnet, Lincoln, NE","Westnet, Salt Lake City",1,3.7681737,"MIDnet, Lincoln, NE | NCSA, University of Illinois, Champaign | NCAR, Boulder | Westnet, Salt Lake City","MIDnet, Lincoln, NE->NCSA, University of Illinois, Champaign | NCSA, University of Illinois, Champaign->NCAR, Boulder | NCAR, Boulder->Westnet, Salt Lake City",1
26,nsfnet,11,0.8,uncertainty_aware_lstm_robust_lp,critical_failure_fixed,"NCSA, University of Illinois, Champaign -> Merit Univ of Michigan, Ann Arbor & Merit Univ of Michigan, Ann Arbor -> NCSA, University of Illinois, Champaign",1,"Westnet, Salt Lake City","Cornell Theory Center, Ithaca NY",1,4.6718936,"Westnet, Salt Lake City | NCAR, Boulder | NCSA, University of Illinois, Champaign | Merit Univ of Michigan, Ann Arbor | Cornell Theory Center, Ithaca NY","Westnet, Salt Lake City->NCAR, Boulder | NCAR, Boulder->NCSA, University of Illinois, Champaign | NCSA, University of Illinois, Champaign->Merit Univ of Michigan, Ann Arbor | Merit Univ of Michigan, Ann Arbor->Cornell Theory Center, Ithaca NY",1
26,nsfnet,11,0.8,uncertainty_aware_lstm_robust_lp,critical_failure_fixed,"NCSA, University of Illinois, Champaign -> Merit Univ of Michigan, Ann Arbor & Merit Univ of Michigan, Ann Arbor -> NCSA, University of Illinois, Champaign",2,"Merit Univ of Michigan, Ann Arbor","NCSA, University of Illinois, Champaign",1,4.5193624,"Merit Univ of Michigan, Ann Arbor | NCSA, University of Illinois, Champaign","Merit Univ of Michigan, Ann Arbor->NCSA, University of Illinois, Champaign",1
26,nsfnet,11,0.8,uncertainty_aware_lstm_robust_lp,critical_failure_fixed,"NCSA, University of Illinois, Champaign -> Merit Univ of Michigan, Ann Arbor & Merit Univ of Michigan, Ann Arbor -> NCSA, University of Illinois, Champaign",3,"MIDnet, Lincoln, NE","Cornell Theory Center, Ithaca NY",1,4.5185852,"MIDnet, Lincoln, NE | NCSA, University of Illinois, Champaign | Merit Univ of Michigan, Ann Arbor | Cornell Theory Center, Ithaca NY","MIDnet, Lincoln, NE->NCSA, University of Illinois, Champaign | NCSA, University of Illinois, Champaign->Merit Univ of Michigan, Ann Arbor | Merit Univ of Michigan, Ann Arbor->Cornell Theory Center, Ithaca NY",1
26,nsfnet,11,0.8,uncertainty_aware_lstm_robust_lp,critical_failure_fixed,"NCSA, University of Illinois, Champaign -> Merit Univ of Michigan, Ann Arbor & Merit Univ of Michigan, Ann Arbor -> NCSA, University of Illinois, Champaign",4,Pittsburgh Supercomputer Center,"MIDnet, Lincoln, NE",1,4.4433961,"Pittsburgh Supercomputer Center | Merit Univ of Michigan, Ann Arbor | NCSA, University of Illinois, Champaign | MIDnet, Lincoln, NE","Pittsburgh Supercomputer Center->Merit Univ of Michigan, Ann Arbor | Merit Univ of Michigan, Ann Arbor->NCSA, University of Illinois, Champaign | NCSA, University of Illinois, Champaign->MIDnet, Lincoln, NE",1
26,nsfnet,11,0.8,uncertainty_aware_lstm_robust_lp,critical_failure_fixed,"NCSA, University of Illinois, Champaign -> Merit Univ of Michigan, Ann Arbor & Merit Univ of Michigan, Ann Arbor -> NCSA, University of Illinois, Champaign",5,"Cornell Theory Center, Ithaca NY","NCAR, Boulder",1,4.0155287,"Cornell Theory Center, Ithaca NY | Merit Univ of Michigan, Ann Arbor | NCSA, University of Illinois, Champaign | NCAR, Boulder","Cornell Theory Center, Ithaca NY->Merit Univ of Michigan, Ann Arbor | Merit Univ of Michigan, Ann Arbor->NCSA, University of Illinois, Champaign | NCSA, University of Illinois, Champaign->NCAR, Boulder",1
26,nsfnet,11,0.8,uncertainty_aware_lstm_robust_lp,random_failure_fixed,"NCAR, Boulder -> NCSA, University of Illinois, Champaign & NCSA, University of Illinois, Champaign -> NCAR, Boulder",1,"Westnet, Salt Lake City","Cornell Theory Center, Ithaca NY",1,4.6718936,"Westnet, Salt Lake City | NCAR, Boulder | NCSA, University of Illinois, Champaign | Merit Univ of Michigan, Ann Arbor | Cornell Theory Center, Ithaca NY","Westnet, Salt Lake City->NCAR, Boulder | NCAR, Boulder->NCSA, University of Illinois, Champaign | NCSA, University of Illinois, Champaign->Merit Univ of Michigan, Ann Arbor | Merit Univ of Michigan, Ann Arbor->Cornell Theory Center, Ithaca NY",1
26,nsfnet,11,0.8,uncertainty_aware_lstm_robust_lp,random_failure_fixed,"NCAR, Boulder -> NCSA, University of Illinois, Champaign & NCSA, University of Illinois, Champaign -> NCAR, Boulder",2,"MIDnet, Lincoln, NE","NorthWestNet, Seattle",1,4.364234,"MIDnet, Lincoln, NE | NCSA, University of Illinois, Champaign | NCAR, Boulder | NorthWestNet, Seattle","MIDnet, Lincoln, NE->NCSA, University of Illinois, Champaign | NCSA, University of Illinois, Champaign->NCAR, Boulder | NCAR, Boulder->NorthWestNet, Seattle",1
26,nsfnet,11,0.8,uncertainty_aware_lstm_robust_lp,random_failure_fixed,"NCAR, Boulder -> NCSA, University of Illinois, Champaign & NCSA, University of Illinois, Champaign -> NCAR, Boulder",3,"SEQSUINET, Rice University, Houston","Westnet, Salt Lake City",1,4.2287307,"SEQSUINET, Rice University, Houston | NCSA, University of Illinois, Champaign | NCAR, Boulder | Westnet, Salt Lake City","SEQSUINET, Rice University, Houston->NCSA, University of Illinois, Champaign | NCSA, University of Illinois, Champaign->NCAR, Boulder | NCAR, Boulder->Westnet, Salt Lake City",1
26,nsfnet,11,0.8,uncertainty_aware_lstm_robust_lp,random_failure_fixed,"NCAR, Boulder -> NCSA, University of Illinois, Champaign & NCSA, University of Illinois, Champaign -> NCAR, Boulder",4,"Cornell Theory Center, Ithaca NY","NCAR, Boulder",1,4.0155287,"Cornell Theory Center, Ithaca NY | Merit Univ of Michigan, Ann Arbor | NCSA, University of Illinois, Champaign | NCAR, Boulder","Cornell Theory Center, Ithaca NY->Merit Univ of Michigan, Ann Arbor | Merit Univ of Michigan, Ann Arbor->NCSA, University of Illinois, Champaign | NCSA, University of Illinois, Champaign->NCAR, Boulder",1
26,nsfnet,11,0.8,uncertainty_aware_lstm_robust_lp,random_failure_fixed,"NCAR, Boulder -> NCSA, University of Illinois, Champaign & NCSA, University of Illinois, Champaign -> NCAR, Boulder",5,"NCSA, University of Illinois, Champaign","NorthWestNet, Seattle",1,3.9811456,"NCSA, University of Illinois, Champaign | NCAR, Boulder | NorthWestNet, Seattle","NCSA, University of Illinois, Champaign->NCAR, Boulder | NCAR, Boulder->NorthWestNet, Seattle",1
27,nsfnet,11,0.8,current_demand_lp,critical_failure_fixed,"NCSA, University of Illinois, Champaign -> Merit Univ of Michigan, Ann Arbor & Merit Univ of Michigan, Ann Arbor -> NCSA, University of Illinois, Champaign",1,"Merit Univ of Michigan, Ann Arbor","NCSA, University of Illinois, Champaign",1,6.6912633,"Merit Univ of Michigan, Ann Arbor | NCSA, University of Illinois, Champaign","Merit Univ of Michigan, Ann Arbor->NCSA, University of Illinois, Champaign",1
27,nsfnet,11,0.8,current_demand_lp,critical_failure_fixed,"NCSA, University of Illinois, Champaign -> Merit Univ of Michigan, Ann Arbor & Merit Univ of Michigan, Ann Arbor -> NCSA, University of Illinois, Champaign",2,Pittsburgh Supercomputer Center,"MIDnet, Lincoln, NE",1,6.1877603,"Pittsburgh Supercomputer Center | Merit Univ of Michigan, Ann Arbor | NCSA, University of Illinois, Champaign | MIDnet, Lincoln, NE","Pittsburgh Supercomputer Center->Merit Univ of Michigan, Ann Arbor | Merit Univ of Michigan, Ann Arbor->NCSA, University of Illinois, Champaign | NCSA, University of Illinois, Champaign->MIDnet, Lincoln, NE",1
27,nsfnet,11,0.8,current_demand_lp,critical_failure_fixed,"NCSA, University of Illinois, Champaign -> Merit Univ of Michigan, Ann Arbor & Merit Univ of Michigan, Ann Arbor -> NCSA, University of Illinois, Champaign",3,"SEQSUINET, Rice University, Houston",Pittsburgh Supercomputer Center,1,6.1140393,"SEQSUINET, Rice University, Houston | NCSA, University of Illinois, Champaign | Merit Univ of Michigan, Ann Arbor | Pittsburgh Supercomputer Center","SEQSUINET, Rice University, Houston->NCSA, University of Illinois, Champaign | NCSA, University of Illinois, Champaign->Merit Univ of Michigan, Ann Arbor | Merit Univ of Michigan, Ann Arbor->Pittsburgh Supercomputer Center",1
27,nsfnet,11,0.8,current_demand_lp,critical_failure_fixed,"NCSA, University of Illinois, Champaign -> Merit Univ of Michigan, Ann Arbor & Merit Univ of Michigan, Ann Arbor -> NCSA, University of Illinois, Champaign",4,"MIDnet, Lincoln, NE","Cornell Theory Center, Ithaca NY",1,5.8871349,"MIDnet, Lincoln, NE | NCSA, University of Illinois, Champaign | Merit Univ of Michigan, Ann Arbor | Cornell Theory Center, Ithaca NY","MIDnet, Lincoln, NE->NCSA, University of Illinois, Champaign | NCSA, University of Illinois, Champaign->Merit Univ of Michigan, Ann Arbor | Merit Univ of Michigan, Ann Arbor->Cornell Theory Center, Ithaca NY",1
27,nsfnet,11,0.8,current_demand_lp,critical_failure_fixed,"NCSA, University of Illinois, Champaign -> Merit Univ of Michigan, Ann Arbor & Merit Univ of Michigan, Ann Arbor -> NCSA, University of Illinois, Champaign",5,San Diego Supercomputer Center,"Merit Univ of Michigan, Ann Arbor",1,5.6230018,"San Diego Supercomputer Center | SEQSUINET, Rice University, Houston | NCSA, University of Illinois, Champaign | Merit Univ of Michigan, Ann Arbor","San Diego Supercomputer Center->SEQSUINET, Rice University, Houston | SEQSUINET, Rice University, Houston->NCSA, University of Illinois, Champaign | NCSA, University of Illinois, Champaign->Merit Univ of Michigan, Ann Arbor",1
27,nsfnet,11,0.8,current_demand_lp,random_failure_fixed,"SEQSUINET, Rice University, Houston -> SURANET, Georgia Tech, Atlanta & SURANET, Georgia Tech, Atlanta -> SEQSUINET, Rice University, Houston",1,"Jon Von Neumann Center, Princeton, NJ",San Diego Supercomputer Center,1,6.3764826,"Jon Von Neumann Center, Princeton, NJ | SURANET, Georgia Tech, Atlanta | SEQSUINET, Rice University, Houston | San Diego Supercomputer Center","Jon Von Neumann Center, Princeton, NJ->SURANET, Georgia Tech, Atlanta | SURANET, Georgia Tech, Atlanta->SEQSUINET, Rice University, Houston | SEQSUINET, Rice University, Houston->San Diego Supercomputer Center",1
27,nsfnet,11,0.8,current_demand_lp,random_failure_fixed,"SEQSUINET, Rice University, Houston -> SURANET, Georgia Tech, Atlanta & SURANET, Georgia Tech, Atlanta -> SEQSUINET, Rice University, Houston",2,"NCSA, University of Illinois, Champaign","SURANET, Georgia Tech, Atlanta",1,6.2093918,"NCSA, University of Illinois, Champaign | SEQSUINET, Rice University, Houston | SURANET, Georgia Tech, Atlanta","NCSA, University of Illinois, Champaign->SEQSUINET, Rice University, Houston | SEQSUINET, Rice University, Houston->SURANET, Georgia Tech, Atlanta",1
27,nsfnet,11,0.8,current_demand_lp,random_failure_fixed,"SEQSUINET, Rice University, Houston -> SURANET, Georgia Tech, Atlanta & SURANET, Georgia Tech, Atlanta -> SEQSUINET, Rice University, Houston",3,"SURANET, Georgia Tech, Atlanta","NorthWestNet, Seattle",1,6.1368227,"SURANET, Georgia Tech, Atlanta | SEQSUINET, Rice University, Houston | San Diego Supercomputer Center | BARRnet, Palo Alto | NorthWestNet, Seattle","SURANET, Georgia Tech, Atlanta->SEQSUINET, Rice University, Houston | SEQSUINET, Rice University, Houston->San Diego Supercomputer Center | San Diego Supercomputer Center->BARRnet, Palo Alto | BARRnet, Palo Alto->NorthWestNet, Seattle",1
27,nsfnet,11,0.8,current_demand_lp,random_failure_fixed,"SEQSUINET, Rice University, Houston -> SURANET, Georgia Tech, Atlanta & SURANET, Georgia Tech, Atlanta -> SEQSUINET, Rice University, Houston",4,"SURANET, Georgia Tech, Atlanta",San Diego Supercomputer Center,1,5.9845045,"SURANET, Georgia Tech, Atlanta | SEQSUINET, Rice University, Houston | San Diego Supercomputer Center","SURANET, Georgia Tech, Atlanta->SEQSUINET, Rice University, Houston | SEQSUINET, Rice University, Houston->San Diego Supercomputer Center",1
27,nsfnet,11,0.8,current_demand_lp,random_failure_fixed,"SEQSUINET, Rice University, Houston -> SURANET, Georgia Tech, Atlanta & SURANET, Georgia Tech, Atlanta -> SEQSUINET, Rice University, Houston",5,"Jon Von Neumann Center, Princeton, NJ","NorthWestNet, Seattle",1,5.2634905,"Jon Von Neumann Center, Princeton, NJ | SURANET, Georgia Tech, Atlanta | SEQSUINET, Rice University, Houston | San Diego Supercomputer Center | BARRnet, Palo Alto | NorthWestNet, Seattle","Jon Von Neumann Center, Princeton, NJ->SURANET, Georgia Tech, Atlanta | SURANET, Georgia Tech, Atlanta->SEQSUINET, Rice University, Houston | SEQSUINET, Rice University, Houston->San Diego Supercomputer Center | San Diego Supercomputer Center->BARRnet, Palo Alto | BARRnet, Palo Alto->NorthWestNet, Seattle",1
27,nsfnet,11,0.8,robust_current_demand_lp,critical_failure_fixed,"NCSA, University of Illinois, Champaign -> Merit Univ of Michigan, Ann Arbor & Merit Univ of Michigan, Ann Arbor -> NCSA, University of Illinois, Champaign",1,"Merit Univ of Michigan, Ann Arbor","NCSA, University of Illinois, Champaign",1,6.6912633,"Merit Univ of Michigan, Ann Arbor | NCSA, University of Illinois, Champaign","Merit Univ of Michigan, Ann Arbor->NCSA, University of Illinois, Champaign",1
27,nsfnet,11,0.8,robust_current_demand_lp,critical_failure_fixed,"NCSA, University of Illinois, Champaign -> Merit Univ of Michigan, Ann Arbor & Merit Univ of Michigan, Ann Arbor -> NCSA, University of Illinois, Champaign",2,"Westnet, Salt Lake City","Cornell Theory Center, Ithaca NY",1,6.678678,"Westnet, Salt Lake City | NCAR, Boulder | NCSA, University of Illinois, Champaign | Merit Univ of Michigan, Ann Arbor | Cornell Theory Center, Ithaca NY","Westnet, Salt Lake City->NCAR, Boulder | NCAR, Boulder->NCSA, University of Illinois, Champaign | NCSA, University of Illinois, Champaign->Merit Univ of Michigan, Ann Arbor | Merit Univ of Michigan, Ann Arbor->Cornell Theory Center, Ithaca NY",1
27,nsfnet,11,0.8,robust_current_demand_lp,critical_failure_fixed,"NCSA, University of Illinois, Champaign -> Merit Univ of Michigan, Ann Arbor & Merit Univ of Michigan, Ann Arbor -> NCSA, University of Illinois, Champaign",3,Pittsburgh Supercomputer Center,"MIDnet, Lincoln, NE",1,6.1877603,"Pittsburgh Supercomputer Center | Merit Univ of Michigan, Ann Arbor | NCSA, University of Illinois, Champaign | MIDnet, Lincoln, NE","Pittsburgh Supercomputer Center->Merit Univ of Michigan, Ann Arbor | Merit Univ of Michigan, Ann Arbor->NCSA, University of Illinois, Champaign | NCSA, University of Illinois, Champaign->MIDnet, Lincoln, NE",1
27,nsfnet,11,0.8,robust_current_demand_lp,critical_failure_fixed,"NCSA, University of Illinois, Champaign -> Merit Univ of Michigan, Ann Arbor & Merit Univ of Michigan, Ann Arbor -> NCSA, University of Illinois, Champaign",4,"SEQSUINET, Rice University, Houston",Pittsburgh Supercomputer Center,1,6.1140393,"SEQSUINET, Rice University, Houston | NCSA, University of Illinois, Champaign | Merit Univ of Michigan, Ann Arbor | Pittsburgh Supercomputer Center","SEQSUINET, Rice University, Houston->NCSA, University of Illinois, Champaign | NCSA, University of Illinois, Champaign->Merit Univ of Michigan, Ann Arbor | Merit Univ of Michigan, Ann Arbor->Pittsburgh Supercomputer Center",1
27,nsfnet,11,0.8,robust_current_demand_lp,critical_failure_fixed,"NCSA, University of Illinois, Champaign -> Merit Univ of Michigan, Ann Arbor & Merit Univ of Michigan, Ann Arbor -> NCSA, University of Illinois, Champaign",5,"MIDnet, Lincoln, NE","Cornell Theory Center, Ithaca NY",1,5.8871349,"MIDnet, Lincoln, NE | NCSA, University of Illinois, Champaign | Merit Univ of Michigan, Ann Arbor | Cornell Theory Center, Ithaca NY","MIDnet, Lincoln, NE->NCSA, University of Illinois, Champaign | NCSA, University of Illinois, Champaign->Merit Univ of Michigan, Ann Arbor | Merit Univ of Michigan, Ann Arbor->Cornell Theory Center, Ithaca NY",1
27,nsfnet,11,0.8,robust_current_demand_lp,random_failure_fixed,"SEQSUINET, Rice University, Houston -> SURANET, Georgia Tech, Atlanta & SURANET, Georgia Tech, Atlanta -> SEQSUINET, Rice University, Houston",1,"Jon Von Neumann Center, Princeton, NJ",San Diego Supercomputer Center,1,6.3764826,"Jon Von Neumann Center, Princeton, NJ | SURANET, Georgia Tech, Atlanta | SEQSUINET, Rice University, Houston | San Diego Supercomputer Center","Jon Von Neumann Center, Princeton, NJ->SURANET, Georgia Tech, Atlanta | SURANET, Georgia Tech, Atlanta->SEQSUINET, Rice University, Houston | SEQSUINET, Rice University, Houston->San Diego Supercomputer Center",1
27,nsfnet,11,0.8,robust_current_demand_lp,random_failure_fixed,"SEQSUINET, Rice University, Houston -> SURANET, Georgia Tech, Atlanta & SURANET, Georgia Tech, Atlanta -> SEQSUINET, Rice University, Houston",2,"NCSA, University of Illinois, Champaign","SURANET, Georgia Tech, Atlanta",1,6.2093918,"NCSA, University of Illinois, Champaign | SEQSUINET, Rice University, Houston | SURANET, Georgia Tech, Atlanta","NCSA, University of Illinois, Champaign->SEQSUINET, Rice University, Houston | SEQSUINET, Rice University, Houston->SURANET, Georgia Tech, Atlanta",1
27,nsfnet,11,0.8,robust_current_demand_lp,random_failure_fixed,"SEQSUINET, Rice University, Houston -> SURANET, Georgia Tech, Atlanta & SURANET, Georgia Tech, Atlanta -> SEQSUINET, Rice University, Houston",3,"SURANET, Georgia Tech, Atlanta","NorthWestNet, Seattle",1,6.1368227,"SURANET, Georgia Tech, Atlanta | SEQSUINET, Rice University, Houston | San Diego Supercomputer Center | BARRnet, Palo Alto | NorthWestNet, Seattle","SURANET, Georgia Tech, Atlanta->SEQSUINET, Rice University, Houston | SEQSUINET, Rice University, Houston->San Diego Supercomputer Center | San Diego Supercomputer Center->BARRnet, Palo Alto | BARRnet, Palo Alto->NorthWestNet, Seattle",1
27,nsfnet,11,0.8,robust_current_demand_lp,random_failure_fixed,"SEQSUINET, Rice University, Houston -> SURANET, Georgia Tech, Atlanta & SURANET, Georgia Tech, Atlanta -> SEQSUINET, Rice University, Houston",4,"SURANET, Georgia Tech, Atlanta",San Diego Supercomputer Center,1,5.9845045,"SURANET, Georgia Tech, Atlanta | SEQSUINET, Rice University, Houston | San Diego Supercomputer Center","SURANET, Georgia Tech, Atlanta->SEQSUINET, Rice University, Houston | SEQSUINET, Rice University, Houston->San Diego Supercomputer Center",1
27,nsfnet,11,0.8,robust_current_demand_lp,random_failure_fixed,"SEQSUINET, Rice University, Houston -> SURANET, Georgia Tech, Atlanta & SURANET, Georgia Tech, Atlanta -> SEQSUINET, Rice University, Houston",5,"Jon Von Neumann Center, Princeton, NJ","NorthWestNet, Seattle",1,5.2634905,"Jon Von Neumann Center, Princeton, NJ | SURANET, Georgia Tech, Atlanta | SEQSUINET, Rice University, Houston | San Diego Supercomputer Center | BARRnet, Palo Alto | NorthWestNet, Seattle","Jon Von Neumann Center, Princeton, NJ->SURANET, Georgia Tech, Atlanta | SURANET, Georgia Tech, Atlanta->SEQSUINET, Rice University, Houston | SEQSUINET, Rice University, Houston->San Diego Supercomputer Center | San Diego Supercomputer Center->BARRnet, Palo Alto | BARRnet, Palo Alto->NorthWestNet, Seattle",1
27,nsfnet,11,0.8,moving_average,critical_failure_fixed,"NCSA, University of Illinois, Champaign -> Merit Univ of Michigan, Ann Arbor & Merit Univ of Michigan, Ann Arbor -> NCSA, University of Illinois, Champaign",1,Pittsburgh Supercomputer Center,"MIDnet, Lincoln, NE",1,5.8986902,"Pittsburgh Supercomputer Center | Merit Univ of Michigan, Ann Arbor | NCSA, University of Illinois, Champaign | MIDnet, Lincoln, NE","Pittsburgh Supercomputer Center->Merit Univ of Michigan, Ann Arbor | Merit Univ of Michigan, Ann Arbor->NCSA, University of Illinois, Champaign | NCSA, University of Illinois, Champaign->MIDnet, Lincoln, NE",1
27,nsfnet,11,0.8,moving_average,critical_failure_fixed,"NCSA, University of Illinois, Champaign -> Merit Univ of Michigan, Ann Arbor & Merit Univ of Michigan, Ann Arbor -> NCSA, University of Illinois, Champaign",2,"Merit Univ of Michigan, Ann Arbor","NCSA, University of Illinois, Champaign",1,5.8443987,"Merit Univ of Michigan, Ann Arbor | NCSA, University of Illinois, Champaign","Merit Univ of Michigan, Ann Arbor->NCSA, University of Illinois, Champaign",1
27,nsfnet,11,0.8,moving_average,critical_failure_fixed,"NCSA, University of Illinois, Champaign -> Merit Univ of Michigan, Ann Arbor & Merit Univ of Michigan, Ann Arbor -> NCSA, University of Illinois, Champaign",3,"MIDnet, Lincoln, NE","Cornell Theory Center, Ithaca NY",1,5.6524525,"MIDnet, Lincoln, NE | NCSA, University of Illinois, Champaign | Merit Univ of Michigan, Ann Arbor | Cornell Theory Center, Ithaca NY","MIDnet, Lincoln, NE->NCSA, University of Illinois, Champaign | NCSA, University of Illinois, Champaign->Merit Univ of Michigan, Ann Arbor | Merit Univ of Michigan, Ann Arbor->Cornell Theory Center, Ithaca NY",1
27,nsfnet,11,0.8,moving_average,critical_failure_fixed,"NCSA, University of Illinois, Champaign -> Merit Univ of Michigan, Ann Arbor & Merit Univ of Michigan, Ann Arbor -> NCSA, University of Illinois, Champaign",4,"SURANET, Georgia Tech, Atlanta","Merit Univ of Michigan, Ann Arbor",1,5.3859991,"SURANET, Georgia Tech, Atlanta | SEQSUINET, Rice University, Houston | NCSA, University of Illinois, Champaign | Merit Univ of Michigan, Ann Arbor","SURANET, Georgia Tech, Atlanta->SEQSUINET, Rice University, Houston | SEQSUINET, Rice University, Houston->NCSA, University of Illinois, Champaign | NCSA, University of Illinois, Champaign->Merit Univ of Michigan, Ann Arbor",1
27,nsfnet,11,0.8,moving_average,critical_failure_fixed,"NCSA, University of Illinois, Champaign -> Merit Univ of Michigan, Ann Arbor & Merit Univ of Michigan, Ann Arbor -> NCSA, University of Illinois, Champaign",5,San Diego Supercomputer Center,"Merit Univ of Michigan, Ann Arbor",1,0.10227286,"San Diego Supercomputer Center | BARRnet, Palo Alto | Merit Univ of Michigan, Ann Arbor","San Diego Supercomputer Center->BARRnet, Palo Alto | BARRnet, Palo Alto->Merit Univ of Michigan, Ann Arbor",0
27,nsfnet,11,0.8,moving_average,critical_failure_fixed,"NCSA, University of Illinois, Champaign -> Merit Univ of Michigan, Ann Arbor & Merit Univ of Michigan, Ann Arbor -> NCSA, University of Illinois, Champaign",5,San Diego Supercomputer Center,"Merit Univ of Michigan, Ann Arbor",2,5.2624377,"San Diego Supercomputer Center | SEQSUINET, Rice University, Houston | NCSA, University of Illinois, Champaign | Merit Univ of Michigan, Ann Arbor","San Diego Supercomputer Center->SEQSUINET, Rice University, Houston | SEQSUINET, Rice University, Houston->NCSA, University of Illinois, Champaign | NCSA, University of Illinois, Champaign->Merit Univ of Michigan, Ann Arbor",1
27,nsfnet,11,0.8,moving_average,random_failure_fixed,"SEQSUINET, Rice University, Houston -> SURANET, Georgia Tech, Atlanta & SURANET, Georgia Tech, Atlanta -> SEQSUINET, Rice University, Houston",1,"Jon Von Neumann Center, Princeton, NJ",San Diego Supercomputer Center,1,5.8487405,"Jon Von Neumann Center, Princeton, NJ | SURANET, Georgia Tech, Atlanta | SEQSUINET, Rice University, Houston | San Diego Supercomputer Center","Jon Von Neumann Center, Princeton, NJ->SURANET, Georgia Tech, Atlanta | SURANET, Georgia Tech, Atlanta->SEQSUINET, Rice University, Houston | SEQSUINET, Rice University, Houston->San Diego Supercomputer Center",1
27,nsfnet,11,0.8,moving_average,random_failure_fixed,"SEQSUINET, Rice University, Houston -> SURANET, Georgia Tech, Atlanta & SURANET, Georgia Tech, Atlanta -> SEQSUINET, Rice University, Houston",2,"SURANET, Georgia Tech, Atlanta",San Diego Supercomputer Center,1,5.3975551,"SURANET, Georgia Tech, Atlanta | SEQSUINET, Rice University, Houston | San Diego Supercomputer Center","SURANET, Georgia Tech, Atlanta->SEQSUINET, Rice University, Houston | SEQSUINET, Rice University, Houston->San Diego Supercomputer Center",1
27,nsfnet,11,0.8,moving_average,random_failure_fixed,"SEQSUINET, Rice University, Houston -> SURANET, Georgia Tech, Atlanta & SURANET, Georgia Tech, Atlanta -> SEQSUINET, Rice University, Houston",3,"NCSA, University of Illinois, Champaign","SURANET, Georgia Tech, Atlanta",1,5.3889664,"NCSA, University of Illinois, Champaign | SEQSUINET, Rice University, Houston | SURANET, Georgia Tech, Atlanta","NCSA, University of Illinois, Champaign->SEQSUINET, Rice University, Houston | SEQSUINET, Rice University, Houston->SURANET, Georgia Tech, Atlanta",1
27,nsfnet,11,0.8,moving_average,random_failure_fixed,"SEQSUINET, Rice University, Houston -> SURANET, Georgia Tech, Atlanta & SURANET, Georgia Tech, Atlanta -> SEQSUINET, Rice University, Houston",4,"SURANET, Georgia Tech, Atlanta","Merit Univ of Michigan, Ann Arbor",1,5.3859991,"SURANET, Georgia Tech, Atlanta | SEQSUINET, Rice University, Houston | NCSA, University of Illinois, Champaign | Merit Univ of Michigan, Ann Arbor","SURANET, Georgia Tech, Atlanta->SEQSUINET, Rice University, Houston | SEQSUINET, Rice University, Houston->NCSA, University of Illinois, Champaign | NCSA, University of Illinois, Champaign->Merit Univ of Michigan, Ann Arbor",1
27,nsfnet,11,0.8,moving_average,random_failure_fixed,"SEQSUINET, Rice University, Houston -> SURANET, Georgia Tech, Atlanta & SURANET, Georgia Tech, Atlanta -> SEQSUINET, Rice University, Houston",5,"Jon Von Neumann Center, Princeton, NJ","NorthWestNet, Seattle",1,5.1556633,"Jon Von Neumann Center, Princeton, NJ | SURANET, Georgia Tech, Atlanta | SEQSUINET, Rice University, Houston | San Diego Supercomputer Center | BARRnet, Palo Alto | NorthWestNet, Seattle","Jon Von Neumann Center, Princeton, NJ->SURANET, Georgia Tech, Atlanta | SURANET, Georgia Tech, Atlanta->SEQSUINET, Rice University, Houston | SEQSUINET, Rice University, Houston->San Diego Supercomputer Center | San Diego Supercomputer Center->BARRnet, Palo Alto | BARRnet, Palo Alto->NorthWestNet, Seattle",1
27,nsfnet,11,0.8,linear_autoregressive,critical_failure_fixed,"NCSA, University of Illinois, Champaign -> Merit Univ of Michigan, Ann Arbor & Merit Univ of Michigan, Ann Arbor -> NCSA, University of Illinois, Champaign",1,"MIDnet, Lincoln, NE","Cornell Theory Center, Ithaca NY",1,6.370524,"MIDnet, Lincoln, NE | NCSA, University of Illinois, Champaign | Merit Univ of Michigan, Ann Arbor | Cornell Theory Center, Ithaca NY","MIDnet, Lincoln, NE->NCSA, University of Illinois, Champaign | NCSA, University of Illinois, Champaign->Merit Univ of Michigan, Ann Arbor | Merit Univ of Michigan, Ann Arbor->Cornell Theory Center, Ithaca NY",1
27,nsfnet,11,0.8,linear_autoregressive,critical_failure_fixed,"NCSA, University of Illinois, Champaign -> Merit Univ of Michigan, Ann Arbor & Merit Univ of Michigan, Ann Arbor -> NCSA, University of Illinois, Champaign",2,Pittsburgh Supercomputer Center,"MIDnet, Lincoln, NE",1,6.1847767,"Pittsburgh Supercomputer Center | Merit Univ of Michigan, Ann Arbor | NCSA, University of Illinois, Champaign | MIDnet, Lincoln, NE","Pittsburgh Supercomputer Center->Merit Univ of Michigan, Ann Arbor | Merit Univ of Michigan, Ann Arbor->NCSA, University of Illinois, Champaign | NCSA, University of Illinois, Champaign->MIDnet, Lincoln, NE",1
27,nsfnet,11,0.8,linear_autoregressive,critical_failure_fixed,"NCSA, University of Illinois, Champaign -> Merit Univ of Michigan, Ann Arbor & Merit Univ of Michigan, Ann Arbor -> NCSA, University of Illinois, Champaign",3,"Merit Univ of Michigan, Ann Arbor","NCSA, University of Illinois, Champaign",1,5.6940847,"Merit Univ of Michigan, Ann Arbor | NCSA, University of Illinois, Champaign","Merit Univ of Michigan, Ann Arbor->NCSA, University of Illinois, Champaign",1
27,nsfnet,11,0.8,linear_autoregressive,critical_failure_fixed,"NCSA, University of Illinois, Champaign -> Merit Univ of Michigan, Ann Arbor & Merit Univ of Michigan, Ann Arbor -> NCSA, University of Illinois, Champaign",4,"SURANET, Georgia Tech, Atlanta","Merit Univ of Michigan, Ann Arbor",1,5.6861686,"SURANET, Georgia Tech, Atlanta | SEQSUINET, Rice University, Houston | NCSA, University of Illinois, Champaign | Merit Univ of Michigan, Ann Arbor","SURANET, Georgia Tech, Atlanta->SEQSUINET, Rice University, Houston | SEQSUINET, Rice University, Houston->NCSA, University of Illinois, Champaign | NCSA, University of Illinois, Champaign->Merit Univ of Michigan, Ann Arbor",1
27,nsfnet,11,0.8,linear_autoregressive,critical_failure_fixed,"NCSA, University of Illinois, Champaign -> Merit Univ of Michigan, Ann Arbor & Merit Univ of Michigan, Ann Arbor -> NCSA, University of Illinois, Champaign",5,"Westnet, Salt Lake City","Cornell Theory Center, Ithaca NY",1,5.6693461,"Westnet, Salt Lake City | NCAR, Boulder | NCSA, University of Illinois, Champaign | Merit Univ of Michigan, Ann Arbor | Cornell Theory Center, Ithaca NY","Westnet, Salt Lake City->NCAR, Boulder | NCAR, Boulder->NCSA, University of Illinois, Champaign | NCSA, University of Illinois, Champaign->Merit Univ of Michigan, Ann Arbor | Merit Univ of Michigan, Ann Arbor->Cornell Theory Center, Ithaca NY",1
27,nsfnet,11,0.8,linear_autoregressive,critical_failure_fixed,"NCSA, University of Illinois, Champaign -> Merit Univ of Michigan, Ann Arbor & Merit Univ of Michigan, Ann Arbor -> NCSA, University of Illinois, Champaign",5,"Westnet, Salt Lake City","Cornell Theory Center, Ithaca NY",2,0.64770229,"Westnet, Salt Lake City | NCAR, Boulder | NorthWestNet, Seattle | BARRnet, Palo Alto | Merit Univ of Michigan, Ann Arbor | Cornell Theory Center, Ithaca NY","Westnet, Salt Lake City->NCAR, Boulder | NCAR, Boulder->NorthWestNet, Seattle | NorthWestNet, Seattle->BARRnet, Palo Alto | BARRnet, Palo Alto->Merit Univ of Michigan, Ann Arbor | Merit Univ of Michigan, Ann Arbor->Cornell Theory Center, Ithaca NY",0
27,nsfnet,11,0.8,linear_autoregressive,random_failure_fixed,"SEQSUINET, Rice University, Houston -> SURANET, Georgia Tech, Atlanta & SURANET, Georgia Tech, Atlanta -> SEQSUINET, Rice University, Houston",1,"Jon Von Neumann Center, Princeton, NJ",San Diego Supercomputer Center,1,6.4768322,"Jon Von Neumann Center, Princeton, NJ | SURANET, Georgia Tech, Atlanta | SEQSUINET, Rice University, Houston | San Diego Supercomputer Center","Jon Von Neumann Center, Princeton, NJ->SURANET, Georgia Tech, Atlanta | SURANET, Georgia Tech, Atlanta->SEQSUINET, Rice University, Houston | SEQSUINET, Rice University, Houston->San Diego Supercomputer Center",1
27,nsfnet,11,0.8,linear_autoregressive,random_failure_fixed,"SEQSUINET, Rice University, Houston -> SURANET, Georgia Tech, Atlanta & SURANET, Georgia Tech, Atlanta -> SEQSUINET, Rice University, Houston",2,"NCSA, University of Illinois, Champaign","SURANET, Georgia Tech, Atlanta",1,5.8789878,"NCSA, University of Illinois, Champaign | SEQSUINET, Rice University, Houston | SURANET, Georgia Tech, Atlanta","NCSA, University of Illinois, Champaign->SEQSUINET, Rice University, Houston | SEQSUINET, Rice University, Houston->SURANET, Georgia Tech, Atlanta",1
27,nsfnet,11,0.8,linear_autoregressive,random_failure_fixed,"SEQSUINET, Rice University, Houston -> SURANET, Georgia Tech, Atlanta & SURANET, Georgia Tech, Atlanta -> SEQSUINET, Rice University, Houston",3,"SURANET, Georgia Tech, Atlanta",San Diego Supercomputer Center,1,5.8715939,"SURANET, Georgia Tech, Atlanta | SEQSUINET, Rice University, Houston | San Diego Supercomputer Center","SURANET, Georgia Tech, Atlanta->SEQSUINET, Rice University, Houston | SEQSUINET, Rice University, Houston->San Diego Supercomputer Center",1
27,nsfnet,11,0.8,linear_autoregressive,random_failure_fixed,"SEQSUINET, Rice University, Houston -> SURANET, Georgia Tech, Atlanta & SURANET, Georgia Tech, Atlanta -> SEQSUINET, Rice University, Houston",4,"SURANET, Georgia Tech, Atlanta","Merit Univ of Michigan, Ann Arbor",1,5.6861686,"SURANET, Georgia Tech, Atlanta | SEQSUINET, Rice University, Houston | NCSA, University of Illinois, Champaign | Merit Univ of Michigan, Ann Arbor","SURANET, Georgia Tech, Atlanta->SEQSUINET, Rice University, Houston | SEQSUINET, Rice University, Houston->NCSA, University of Illinois, Champaign | NCSA, University of Illinois, Champaign->Merit Univ of Michigan, Ann Arbor",1
27,nsfnet,11,0.8,linear_autoregressive,random_failure_fixed,"SEQSUINET, Rice University, Houston -> SURANET, Georgia Tech, Atlanta & SURANET, Georgia Tech, Atlanta -> SEQSUINET, Rice University, Houston",5,"SURANET, Georgia Tech, Atlanta","MIDnet, Lincoln, NE",1,5.4290487,"SURANET, Georgia Tech, Atlanta | SEQSUINET, Rice University, Houston | NCSA, University of Illinois, Champaign | MIDnet, Lincoln, NE","SURANET, Georgia Tech, Atlanta->SEQSUINET, Rice University, Houston | SEQSUINET, Rice University, Houston->NCSA, University of Illinois, Champaign | NCSA, University of Illinois, Champaign->MIDnet, Lincoln, NE",1
27,nsfnet,11,0.8,lstm,critical_failure_fixed,"NCSA, University of Illinois, Champaign -> Merit Univ of Michigan, Ann Arbor & Merit Univ of Michigan, Ann Arbor -> NCSA, University of Illinois, Champaign",1,"MIDnet, Lincoln, NE","Cornell Theory Center, Ithaca NY",1,4.3126502,"MIDnet, Lincoln, NE | NCSA, University of Illinois, Champaign | Merit Univ of Michigan, Ann Arbor | Cornell Theory Center, Ithaca NY","MIDnet, Lincoln, NE->NCSA, University of Illinois, Champaign | NCSA, University of Illinois, Champaign->Merit Univ of Michigan, Ann Arbor | Merit Univ of Michigan, Ann Arbor->Cornell Theory Center, Ithaca NY",1
27,nsfnet,11,0.8,lstm,critical_failure_fixed,"NCSA, University of Illinois, Champaign -> Merit Univ of Michigan, Ann Arbor & Merit Univ of Michigan, Ann Arbor -> NCSA, University of Illinois, Champaign",2,"Merit Univ of Michigan, Ann Arbor","NCSA, University of Illinois, Champaign",1,4.3047462,"Merit Univ of Michigan, Ann Arbor | NCSA, University of Illinois, Champaign","Merit Univ of Michigan, Ann Arbor->NCSA, University of Illinois, Champaign",1
27,nsfnet,11,0.8,lstm,critical_failure_fixed,"NCSA, University of Illinois, Champaign -> Merit Univ of Michigan, Ann Arbor & Merit Univ of Michigan, Ann Arbor -> NCSA, University of Illinois, Champaign",3,Pittsburgh Supercomputer Center,"MIDnet, Lincoln, NE",1,4.2568717,"Pittsburgh Supercomputer Center | Merit Univ of Michigan, Ann Arbor | NCSA, University of Illinois, Champaign | MIDnet, Lincoln, NE","Pittsburgh Supercomputer Center->Merit Univ of Michigan, Ann Arbor | Merit Univ of Michigan, Ann Arbor->NCSA, University of Illinois, Champaign | NCSA, University of Illinois, Champaign->MIDnet, Lincoln, NE",1
27,nsfnet,11,0.8,lstm,critical_failure_fixed,"NCSA, University of Illinois, Champaign -> Merit Univ of Michigan, Ann Arbor & Merit Univ of Michigan, Ann Arbor -> NCSA, University of Illinois, Champaign",4,"SURANET, Georgia Tech, Atlanta","Merit Univ of Michigan, Ann Arbor",1,4.0819569,"SURANET, Georgia Tech, Atlanta | SEQSUINET, Rice University, Houston | NCSA, University of Illinois, Champaign | Merit Univ of Michigan, Ann Arbor","SURANET, Georgia Tech, Atlanta->SEQSUINET, Rice University, Houston | SEQSUINET, Rice University, Houston->NCSA, University of Illinois, Champaign | NCSA, University of Illinois, Champaign->Merit Univ of Michigan, Ann Arbor",1
27,nsfnet,11,0.8,lstm,critical_failure_fixed,"NCSA, University of Illinois, Champaign -> Merit Univ of Michigan, Ann Arbor & Merit Univ of Michigan, Ann Arbor -> NCSA, University of Illinois, Champaign",5,San Diego Supercomputer Center,"Merit Univ of Michigan, Ann Arbor",1,3.9990675,"San Diego Supercomputer Center | SEQSUINET, Rice University, Houston | NCSA, University of Illinois, Champaign | Merit Univ of Michigan, Ann Arbor","San Diego Supercomputer Center->SEQSUINET, Rice University, Houston | SEQSUINET, Rice University, Houston->NCSA, University of Illinois, Champaign | NCSA, University of Illinois, Champaign->Merit Univ of Michigan, Ann Arbor",1
27,nsfnet,11,0.8,lstm,random_failure_fixed,"SEQSUINET, Rice University, Houston -> SURANET, Georgia Tech, Atlanta & SURANET, Georgia Tech, Atlanta -> SEQSUINET, Rice University, Houston",1,"Jon Von Neumann Center, Princeton, NJ",San Diego Supercomputer Center,1,4.2722907,"Jon Von Neumann Center, Princeton, NJ | SURANET, Georgia Tech, Atlanta | SEQSUINET, Rice University, Houston | San Diego Supercomputer Center","Jon Von Neumann Center, Princeton, NJ->SURANET, Georgia Tech, Atlanta | SURANET, Georgia Tech, Atlanta->SEQSUINET, Rice University, Houston | SEQSUINET, Rice University, Houston->San Diego Supercomputer Center",1
27,nsfnet,11,0.8,lstm,random_failure_fixed,"SEQSUINET, Rice University, Houston -> SURANET, Georgia Tech, Atlanta & SURANET, Georgia Tech, Atlanta -> SEQSUINET, Rice University, Houston",2,"SURANET, Georgia Tech, Atlanta","Merit Univ of Michigan, Ann Arbor",1,4.0819569,"SURANET, Georgia Tech, Atlanta | SEQSUINET, Rice University, Houston | NCSA, University of Illinois, Champaign | Merit Univ of Michigan, Ann Arbor","SURANET, Georgia Tech, Atlanta->SEQSUINET, Rice University, Houston | SEQSUINET, Rice University, Houston->NCSA, University of Illinois, Champaign | NCSA, University of Illinois, Champaign->Merit Univ of Michigan, Ann Arbor",1
27,nsfnet,11,0.8,lstm,random_failure_fixed,"SEQSUINET, Rice University, Houston -> SURANET, Georgia Tech, Atlanta & SURANET, Georgia Tech, Atlanta -> SEQSUINET, Rice University, Houston",3,"SURANET, Georgia Tech, Atlanta",San Diego Supercomputer Center,1,4.019825,"SURANET, Georgia Tech, Atlanta | SEQSUINET, Rice University, Houston | San Diego Supercomputer Center","SURANET, Georgia Tech, Atlanta->SEQSUINET, Rice University, Houston | SEQSUINET, Rice University, Houston->San Diego Supercomputer Center",1
27,nsfnet,11,0.8,lstm,random_failure_fixed,"SEQSUINET, Rice University, Houston -> SURANET, Georgia Tech, Atlanta & SURANET, Georgia Tech, Atlanta -> SEQSUINET, Rice University, Houston",4,"Jon Von Neumann Center, Princeton, NJ","NorthWestNet, Seattle",1,3.8354225,"Jon Von Neumann Center, Princeton, NJ | SURANET, Georgia Tech, Atlanta | SEQSUINET, Rice University, Houston | San Diego Supercomputer Center | BARRnet, Palo Alto | NorthWestNet, Seattle","Jon Von Neumann Center, Princeton, NJ->SURANET, Georgia Tech, Atlanta | SURANET, Georgia Tech, Atlanta->SEQSUINET, Rice University, Houston | SEQSUINET, Rice University, Houston->San Diego Supercomputer Center | San Diego Supercomputer Center->BARRnet, Palo Alto | BARRnet, Palo Alto->NorthWestNet, Seattle",1
27,nsfnet,11,0.8,lstm,random_failure_fixed,"SEQSUINET, Rice University, Houston -> SURANET, Georgia Tech, Atlanta & SURANET, Georgia Tech, Atlanta -> SEQSUINET, Rice University, Houston",5,"NCSA, University of Illinois, Champaign","SURANET, Georgia Tech, Atlanta",1,3.7612598,"NCSA, University of Illinois, Champaign | SEQSUINET, Rice University, Houston | SURANET, Georgia Tech, Atlanta","NCSA, University of Illinois, Champaign->SEQSUINET, Rice University, Houston | SEQSUINET, Rice University, Houston->SURANET, Georgia Tech, Atlanta",1
27,nsfnet,11,0.8,uncertainty_aware_lstm_robust_lp,critical_failure_fixed,"NCSA, University of Illinois, Champaign -> Merit Univ of Michigan, Ann Arbor & Merit Univ of Michigan, Ann Arbor -> NCSA, University of Illinois, Champaign",1,"Westnet, Salt Lake City","Cornell Theory Center, Ithaca NY",1,4.6718936,"Westnet, Salt Lake City | NCAR, Boulder | NCSA, University of Illinois, Champaign | Merit Univ of Michigan, Ann Arbor | Cornell Theory Center, Ithaca NY","Westnet, Salt Lake City->NCAR, Boulder | NCAR, Boulder->NCSA, University of Illinois, Champaign | NCSA, University of Illinois, Champaign->Merit Univ of Michigan, Ann Arbor | Merit Univ of Michigan, Ann Arbor->Cornell Theory Center, Ithaca NY",1
27,nsfnet,11,0.8,uncertainty_aware_lstm_robust_lp,critical_failure_fixed,"NCSA, University of Illinois, Champaign -> Merit Univ of Michigan, Ann Arbor & Merit Univ of Michigan, Ann Arbor -> NCSA, University of Illinois, Champaign",2,"Merit Univ of Michigan, Ann Arbor","NCSA, University of Illinois, Champaign",1,4.5193624,"Merit Univ of Michigan, Ann Arbor | NCSA, University of Illinois, Champaign","Merit Univ of Michigan, Ann Arbor->NCSA, University of Illinois, Champaign",1
27,nsfnet,11,0.8,uncertainty_aware_lstm_robust_lp,critical_failure_fixed,"NCSA, University of Illinois, Champaign -> Merit Univ of Michigan, Ann Arbor & Merit Univ of Michigan, Ann Arbor -> NCSA, University of Illinois, Champaign",3,"MIDnet, Lincoln, NE","Cornell Theory Center, Ithaca NY",1,4.5185852,"MIDnet, Lincoln, NE | NCSA, University of Illinois, Champaign | Merit Univ of Michigan, Ann Arbor | Cornell Theory Center, Ithaca NY","MIDnet, Lincoln, NE->NCSA, University of Illinois, Champaign | NCSA, University of Illinois, Champaign->Merit Univ of Michigan, Ann Arbor | Merit Univ of Michigan, Ann Arbor->Cornell Theory Center, Ithaca NY",1
27,nsfnet,11,0.8,uncertainty_aware_lstm_robust_lp,critical_failure_fixed,"NCSA, University of Illinois, Champaign -> Merit Univ of Michigan, Ann Arbor & Merit Univ of Michigan, Ann Arbor -> NCSA, University of Illinois, Champaign",4,Pittsburgh Supercomputer Center,"MIDnet, Lincoln, NE",1,4.4433961,"Pittsburgh Supercomputer Center | Merit Univ of Michigan, Ann Arbor | NCSA, University of Illinois, Champaign | MIDnet, Lincoln, NE","Pittsburgh Supercomputer Center->Merit Univ of Michigan, Ann Arbor | Merit Univ of Michigan, Ann Arbor->NCSA, University of Illinois, Champaign | NCSA, University of Illinois, Champaign->MIDnet, Lincoln, NE",1
27,nsfnet,11,0.8,uncertainty_aware_lstm_robust_lp,critical_failure_fixed,"NCSA, University of Illinois, Champaign -> Merit Univ of Michigan, Ann Arbor & Merit Univ of Michigan, Ann Arbor -> NCSA, University of Illinois, Champaign",5,"Cornell Theory Center, Ithaca NY","NCAR, Boulder",1,4.0155287,"Cornell Theory Center, Ithaca NY | Merit Univ of Michigan, Ann Arbor | NCSA, University of Illinois, Champaign | NCAR, Boulder","Cornell Theory Center, Ithaca NY->Merit Univ of Michigan, Ann Arbor | Merit Univ of Michigan, Ann Arbor->NCSA, University of Illinois, Champaign | NCSA, University of Illinois, Champaign->NCAR, Boulder",1
27,nsfnet,11,0.8,uncertainty_aware_lstm_robust_lp,random_failure_fixed,"SEQSUINET, Rice University, Houston -> SURANET, Georgia Tech, Atlanta & SURANET, Georgia Tech, Atlanta -> SEQSUINET, Rice University, Houston",1,"Jon Von Neumann Center, Princeton, NJ",San Diego Supercomputer Center,1,4.4875336,"Jon Von Neumann Center, Princeton, NJ | SURANET, Georgia Tech, Atlanta | SEQSUINET, Rice University, Houston | San Diego Supercomputer Center","Jon Von Neumann Center, Princeton, NJ->SURANET, Georgia Tech, Atlanta | SURANET, Georgia Tech, Atlanta->SEQSUINET, Rice University, Houston | SEQSUINET, Rice University, Houston->San Diego Supercomputer Center",1
27,nsfnet,11,0.8,uncertainty_aware_lstm_robust_lp,random_failure_fixed,"SEQSUINET, Rice University, Houston -> SURANET, Georgia Tech, Atlanta & SURANET, Georgia Tech, Atlanta -> SEQSUINET, Rice University, Houston",2,"SURANET, Georgia Tech, Atlanta",San Diego Supercomputer Center,1,4.2335224,"SURANET, Georgia Tech, Atlanta | SEQSUINET, Rice University, Houston | San Diego Supercomputer Center","SURANET, Georgia Tech, Atlanta->SEQSUINET, Rice University, Houston | SEQSUINET, Rice University, Houston->San Diego Supercomputer Center",1
27,nsfnet,11,0.8,uncertainty_aware_lstm_robust_lp,random_failure_fixed,"SEQSUINET, Rice University, Houston -> SURANET, Georgia Tech, Atlanta & SURANET, Georgia Tech, Atlanta -> SEQSUINET, Rice University, Houston",3,"Jon Von Neumann Center, Princeton, NJ","NorthWestNet, Seattle",1,4.0222363,"Jon Von Neumann Center, Princeton, NJ | SURANET, Georgia Tech, Atlanta | SEQSUINET, Rice University, Houston | San Diego Supercomputer Center | BARRnet, Palo Alto | NorthWestNet, Seattle","Jon Von Neumann Center, Princeton, NJ->SURANET, Georgia Tech, Atlanta | SURANET, Georgia Tech, Atlanta->SEQSUINET, Rice University, Houston | SEQSUINET, Rice University, Houston->San Diego Supercomputer Center | San Diego Supercomputer Center->BARRnet, Palo Alto | BARRnet, Palo Alto->NorthWestNet, Seattle",1
27,nsfnet,11,0.8,uncertainty_aware_lstm_robust_lp,random_failure_fixed,"SEQSUINET, Rice University, Houston -> SURANET, Georgia Tech, Atlanta & SURANET, Georgia Tech, Atlanta -> SEQSUINET, Rice University, Houston",4,"NCSA, University of Illinois, Champaign","SURANET, Georgia Tech, Atlanta",1,3.9757073,"NCSA, University of Illinois, Champaign | SEQSUINET, Rice University, Houston | SURANET, Georgia Tech, Atlanta","NCSA, University of Illinois, Champaign->SEQSUINET, Rice University, Houston | SEQSUINET, Rice University, Houston->SURANET, Georgia Tech, Atlanta",1
27,nsfnet,11,0.8,uncertainty_aware_lstm_robust_lp,random_failure_fixed,"SEQSUINET, Rice University, Houston -> SURANET, Georgia Tech, Atlanta & SURANET, Georgia Tech, Atlanta -> SEQSUINET, Rice University, Houston",5,San Diego Supercomputer Center,"Jon Von Neumann Center, Princeton, NJ",1,3.8281965,"San Diego Supercomputer Center | SEQSUINET, Rice University, Houston | SURANET, Georgia Tech, Atlanta | Jon Von Neumann Center, Princeton, NJ","San Diego Supercomputer Center->SEQSUINET, Rice University, Houston | SEQSUINET, Rice University, Houston->SURANET, Georgia Tech, Atlanta | SURANET, Georgia Tech, Atlanta->Jon Von Neumann Center, Princeton, NJ",1
28,nsfnet,11,0.8,current_demand_lp,critical_failure_fixed,"NCSA, University of Illinois, Champaign -> Merit Univ of Michigan, Ann Arbor & Merit Univ of Michigan, Ann Arbor -> NCSA, University of Illinois, Champaign",1,"MIDnet, Lincoln, NE","Cornell Theory Center, Ithaca NY",1,5.7842682,"MIDnet, Lincoln, NE | NCSA, University of Illinois, Champaign | Merit Univ of Michigan, Ann Arbor | Cornell Theory Center, Ithaca NY","MIDnet, Lincoln, NE->NCSA, University of Illinois, Champaign | NCSA, University of Illinois, Champaign->Merit Univ of Michigan, Ann Arbor | Merit Univ of Michigan, Ann Arbor->Cornell Theory Center, Ithaca NY",1
28,nsfnet,11,0.8,current_demand_lp,critical_failure_fixed,"NCSA, University of Illinois, Champaign -> Merit Univ of Michigan, Ann Arbor & Merit Univ of Michigan, Ann Arbor -> NCSA, University of Illinois, Champaign",2,"Merit Univ of Michigan, Ann Arbor","NCSA, University of Illinois, Champaign",1,5.7733658,"Merit Univ of Michigan, Ann Arbor | NCSA, University of Illinois, Champaign","Merit Univ of Michigan, Ann Arbor->NCSA, University of Illinois, Champaign",1
28,nsfnet,11,0.8,current_demand_lp,critical_failure_fixed,"NCSA, University of Illinois, Champaign -> Merit Univ of Michigan, Ann Arbor & Merit Univ of Michigan, Ann Arbor -> NCSA, University of Illinois, Champaign",3,Pittsburgh Supercomputer Center,"MIDnet, Lincoln, NE",1,5.5065541,"Pittsburgh Supercomputer Center | Merit Univ of Michigan, Ann Arbor | NCSA, University of Illinois, Champaign | MIDnet, Lincoln, NE","Pittsburgh Supercomputer Center->Merit Univ of Michigan, Ann Arbor | Merit Univ of Michigan, Ann Arbor->NCSA, University of Illinois, Champaign | NCSA, University of Illinois, Champaign->MIDnet, Lincoln, NE",1
28,nsfnet,11,0.8,current_demand_lp,critical_failure_fixed,"NCSA, University of Illinois, Champaign -> Merit Univ of Michigan, Ann Arbor & Merit Univ of Michigan, Ann Arbor -> NCSA, University of Illinois, Champaign",4,San Diego Supercomputer Center,"Merit Univ of Michigan, Ann Arbor",1,5.4924099,"San Diego Supercomputer Center | SEQSUINET, Rice University, Houston | NCSA, University of Illinois, Champaign | Merit Univ of Michigan, Ann Arbor","San Diego Supercomputer Center->SEQSUINET, Rice University, Houston | SEQSUINET, Rice University, Houston->NCSA, University of Illinois, Champaign | NCSA, University of Illinois, Champaign->Merit Univ of Michigan, Ann Arbor",1
28,nsfnet,11,0.8,current_demand_lp,critical_failure_fixed,"NCSA, University of Illinois, Champaign -> Merit Univ of Michigan, Ann Arbor & Merit Univ of Michigan, Ann Arbor -> NCSA, University of Illinois, Champaign",5,"NCSA, University of Illinois, Champaign",Pittsburgh Supercomputer Center,1,5.368636,"NCSA, University of Illinois, Champaign | Merit Univ of Michigan, Ann Arbor | Pittsburgh Supercomputer Center","NCSA, University of Illinois, Champaign->Merit Univ of Michigan, Ann Arbor | Merit Univ of Michigan, Ann Arbor->Pittsburgh Supercomputer Center",1
28,nsfnet,11,0.8,current_demand_lp,random_failure_fixed,"BARRnet, Palo Alto -> Merit Univ of Michigan, Ann Arbor & Merit Univ of Michigan, Ann Arbor -> BARRnet, Palo Alto",1,Pittsburgh Supercomputer Center,"NorthWestNet, Seattle",1,5.8184867,"Pittsburgh Supercomputer Center | Merit Univ of Michigan, Ann Arbor | BARRnet, Palo Alto | NorthWestNet, Seattle","Pittsburgh Supercomputer Center->Merit Univ of Michigan, Ann Arbor | Merit Univ of Michigan, Ann Arbor->BARRnet, Palo Alto | BARRnet, Palo Alto->NorthWestNet, Seattle",1
28,nsfnet,11,0.8,current_demand_lp,random_failure_fixed,"BARRnet, Palo Alto -> Merit Univ of Michigan, Ann Arbor & Merit Univ of Michigan, Ann Arbor -> BARRnet, Palo Alto",2,"BARRnet, Palo Alto",Pittsburgh Supercomputer Center,1,5.4265967,"BARRnet, Palo Alto | Merit Univ of Michigan, Ann Arbor | Pittsburgh Supercomputer Center","BARRnet, Palo Alto->Merit Univ of Michigan, Ann Arbor | Merit Univ of Michigan, Ann Arbor->Pittsburgh Supercomputer Center",1
28,nsfnet,11,0.8,current_demand_lp,random_failure_fixed,"BARRnet, Palo Alto -> Merit Univ of Michigan, Ann Arbor & Merit Univ of Michigan, Ann Arbor -> BARRnet, Palo Alto",3,"NorthWestNet, Seattle",Pittsburgh Supercomputer Center,1,5.3279658,"NorthWestNet, Seattle | BARRnet, Palo Alto | Merit Univ of Michigan, Ann Arbor | Pittsburgh Supercomputer Center","NorthWestNet, Seattle->BARRnet, Palo Alto | BARRnet, Palo Alto->Merit Univ of Michigan, Ann Arbor | Merit Univ of Michigan, Ann Arbor->Pittsburgh Supercomputer Center",1
28,nsfnet,11,0.8,current_demand_lp,random_failure_fixed,"BARRnet, Palo Alto -> Merit Univ of Michigan, Ann Arbor & Merit Univ of Michigan, Ann Arbor -> BARRnet, Palo Alto",4,"BARRnet, Palo Alto","Cornell Theory Center, Ithaca NY",1,5.314227,"BARRnet, Palo Alto | Merit Univ of Michigan, Ann Arbor | Cornell Theory Center, Ithaca NY","BARRnet, Palo Alto->Merit Univ of Michigan, Ann Arbor | Merit Univ of Michigan, Ann Arbor->Cornell Theory Center, Ithaca NY",1
28,nsfnet,11,0.8,current_demand_lp,random_failure_fixed,"BARRnet, Palo Alto -> Merit Univ of Michigan, Ann Arbor & Merit Univ of Michigan, Ann Arbor -> BARRnet, Palo Alto",5,"Merit Univ of Michigan, Ann Arbor","NorthWestNet, Seattle",1,5.2507461,"Merit Univ of Michigan, Ann Arbor | BARRnet, Palo Alto | NorthWestNet, Seattle","Merit Univ of Michigan, Ann Arbor->BARRnet, Palo Alto | BARRnet, Palo Alto->NorthWestNet, Seattle",1
28,nsfnet,11,0.8,robust_current_demand_lp,critical_failure_fixed,"NCSA, University of Illinois, Champaign -> Merit Univ of Michigan, Ann Arbor & Merit Univ of Michigan, Ann Arbor -> NCSA, University of Illinois, Champaign",1,"MIDnet, Lincoln, NE","Cornell Theory Center, Ithaca NY",1,5.7842682,"MIDnet, Lincoln, NE | NCSA, University of Illinois, Champaign | Merit Univ of Michigan, Ann Arbor | Cornell Theory Center, Ithaca NY","MIDnet, Lincoln, NE->NCSA, University of Illinois, Champaign | NCSA, University of Illinois, Champaign->Merit Univ of Michigan, Ann Arbor | Merit Univ of Michigan, Ann Arbor->Cornell Theory Center, Ithaca NY",1
28,nsfnet,11,0.8,robust_current_demand_lp,critical_failure_fixed,"NCSA, University of Illinois, Champaign -> Merit Univ of Michigan, Ann Arbor & Merit Univ of Michigan, Ann Arbor -> NCSA, University of Illinois, Champaign",2,"Merit Univ of Michigan, Ann Arbor","NCSA, University of Illinois, Champaign",1,5.7733658,"Merit Univ of Michigan, Ann Arbor | NCSA, University of Illinois, Champaign","Merit Univ of Michigan, Ann Arbor->NCSA, University of Illinois, Champaign",1
28,nsfnet,11,0.8,robust_current_demand_lp,critical_failure_fixed,"NCSA, University of Illinois, Champaign -> Merit Univ of Michigan, Ann Arbor & Merit Univ of Michigan, Ann Arbor -> NCSA, University of Illinois, Champaign",3,"Westnet, Salt Lake City","Cornell Theory Center, Ithaca NY",1,5.770752,"Westnet, Salt Lake City | NCAR, Boulder | NCSA, University of Illinois, Champaign | Merit Univ of Michigan, Ann Arbor | Cornell Theory Center, Ithaca NY","Westnet, Salt Lake City->NCAR, Boulder | NCAR, Boulder->NCSA, University of Illinois, Champaign | NCSA, University of Illinois, Champaign->Merit Univ of Michigan, Ann Arbor | Merit Univ of Michigan, Ann Arbor->Cornell Theory Center, Ithaca NY",1
28,nsfnet,11,0.8,robust_current_demand_lp,critical_failure_fixed,"NCSA, University of Illinois, Champaign -> Merit Univ of Michigan, Ann Arbor & Merit Univ of Michigan, Ann Arbor -> NCSA, University of Illinois, Champaign",4,Pittsburgh Supercomputer Center,"MIDnet, Lincoln, NE",1,5.5065541,"Pittsburgh Supercomputer Center | Merit Univ of Michigan, Ann Arbor | NCSA, University of Illinois, Champaign | MIDnet, Lincoln, NE","Pittsburgh Supercomputer Center->Merit Univ of Michigan, Ann Arbor | Merit Univ of Michigan, Ann Arbor->NCSA, University of Illinois, Champaign | NCSA, University of Illinois, Champaign->MIDnet, Lincoln, NE",1
28,nsfnet,11,0.8,robust_current_demand_lp,critical_failure_fixed,"NCSA, University of Illinois, Champaign -> Merit Univ of Michigan, Ann Arbor & Merit Univ of Michigan, Ann Arbor -> NCSA, University of Illinois, Champaign",5,"NCSA, University of Illinois, Champaign",Pittsburgh Supercomputer Center,1,5.368636,"NCSA, University of Illinois, Champaign | Merit Univ of Michigan, Ann Arbor | Pittsburgh Supercomputer Center","NCSA, University of Illinois, Champaign->Merit Univ of Michigan, Ann Arbor | Merit Univ of Michigan, Ann Arbor->Pittsburgh Supercomputer Center",1
28,nsfnet,11,0.8,robust_current_demand_lp,random_failure_fixed,"BARRnet, Palo Alto -> Merit Univ of Michigan, Ann Arbor & Merit Univ of Michigan, Ann Arbor -> BARRnet, Palo Alto",1,Pittsburgh Supercomputer Center,"NorthWestNet, Seattle",1,5.8184867,"Pittsburgh Supercomputer Center | Merit Univ of Michigan, Ann Arbor | BARRnet, Palo Alto | NorthWestNet, Seattle","Pittsburgh Supercomputer Center->Merit Univ of Michigan, Ann Arbor | Merit Univ of Michigan, Ann Arbor->BARRnet, Palo Alto | BARRnet, Palo Alto->NorthWestNet, Seattle",1
28,nsfnet,11,0.8,robust_current_demand_lp,random_failure_fixed,"BARRnet, Palo Alto -> Merit Univ of Michigan, Ann Arbor & Merit Univ of Michigan, Ann Arbor -> BARRnet, Palo Alto",2,San Diego Supercomputer Center,"Merit Univ of Michigan, Ann Arbor",1,5.4924099,"San Diego Supercomputer Center | BARRnet, Palo Alto | Merit Univ of Michigan, Ann Arbor","San Diego Supercomputer Center->BARRnet, Palo Alto | BARRnet, Palo Alto->Merit Univ of Michigan, Ann Arbor",1
28,nsfnet,11,0.8,robust_current_demand_lp,random_failure_fixed,"BARRnet, Palo Alto -> Merit Univ of Michigan, Ann Arbor & Merit Univ of Michigan, Ann Arbor -> BARRnet, Palo Alto",3,"BARRnet, Palo Alto",Pittsburgh Supercomputer Center,1,5.4265967,"BARRnet, Palo Alto | Merit Univ of Michigan, Ann Arbor | Pittsburgh Supercomputer Center","BARRnet, Palo Alto->Merit Univ of Michigan, Ann Arbor | Merit Univ of Michigan, Ann Arbor->Pittsburgh Supercomputer Center",1
28,nsfnet,11,0.8,robust_current_demand_lp,random_failure_fixed,"BARRnet, Palo Alto -> Merit Univ of Michigan, Ann Arbor & Merit Univ of Michigan, Ann Arbor -> BARRnet, Palo Alto",4,"NorthWestNet, Seattle",Pittsburgh Supercomputer Center,1,5.3279658,"NorthWestNet, Seattle | BARRnet, Palo Alto | Merit Univ of Michigan, Ann Arbor | Pittsburgh Supercomputer Center","NorthWestNet, Seattle->BARRnet, Palo Alto | BARRnet, Palo Alto->Merit Univ of Michigan, Ann Arbor | Merit Univ of Michigan, Ann Arbor->Pittsburgh Supercomputer Center",1
28,nsfnet,11,0.8,robust_current_demand_lp,random_failure_fixed,"BARRnet, Palo Alto -> Merit Univ of Michigan, Ann Arbor & Merit Univ of Michigan, Ann Arbor -> BARRnet, Palo Alto",5,"BARRnet, Palo Alto","Cornell Theory Center, Ithaca NY",1,5.314227,"BARRnet, Palo Alto | Merit Univ of Michigan, Ann Arbor | Cornell Theory Center, Ithaca NY","BARRnet, Palo Alto->Merit Univ of Michigan, Ann Arbor | Merit Univ of Michigan, Ann Arbor->Cornell Theory Center, Ithaca NY",1
28,nsfnet,11,0.8,moving_average,critical_failure_fixed,"NCSA, University of Illinois, Champaign -> Merit Univ of Michigan, Ann Arbor & Merit Univ of Michigan, Ann Arbor -> NCSA, University of Illinois, Champaign",1,Pittsburgh Supercomputer Center,"MIDnet, Lincoln, NE",1,6.0243195,"Pittsburgh Supercomputer Center | Merit Univ of Michigan, Ann Arbor | NCSA, University of Illinois, Champaign | MIDnet, Lincoln, NE","Pittsburgh Supercomputer Center->Merit Univ of Michigan, Ann Arbor | Merit Univ of Michigan, Ann Arbor->NCSA, University of Illinois, Champaign | NCSA, University of Illinois, Champaign->MIDnet, Lincoln, NE",1
28,nsfnet,11,0.8,moving_average,critical_failure_fixed,"NCSA, University of Illinois, Champaign -> Merit Univ of Michigan, Ann Arbor & Merit Univ of Michigan, Ann Arbor -> NCSA, University of Illinois, Champaign",2,"Merit Univ of Michigan, Ann Arbor","NCSA, University of Illinois, Champaign",1,5.9934249,"Merit Univ of Michigan, Ann Arbor | NCSA, University of Illinois, Champaign","Merit Univ of Michigan, Ann Arbor->NCSA, University of Illinois, Champaign",1
28,nsfnet,11,0.8,moving_average,critical_failure_fixed,"NCSA, University of Illinois, Champaign -> Merit Univ of Michigan, Ann Arbor & Merit Univ of Michigan, Ann Arbor -> NCSA, University of Illinois, Champaign",3,"MIDnet, Lincoln, NE","Cornell Theory Center, Ithaca NY",1,5.7720128,"MIDnet, Lincoln, NE | NCSA, University of Illinois, Champaign | Merit Univ of Michigan, Ann Arbor | Cornell Theory Center, Ithaca NY","MIDnet, Lincoln, NE->NCSA, University of Illinois, Champaign | NCSA, University of Illinois, Champaign->Merit Univ of Michigan, Ann Arbor | Merit Univ of Michigan, Ann Arbor->Cornell Theory Center, Ithaca NY",1
28,nsfnet,11,0.8,moving_average,critical_failure_fixed,"NCSA, University of Illinois, Champaign -> Merit Univ of Michigan, Ann Arbor & Merit Univ of Michigan, Ann Arbor -> NCSA, University of Illinois, Champaign",4,"SURANET, Georgia Tech, Atlanta","Merit Univ of Michigan, Ann Arbor",1,5.6695915,"SURANET, Georgia Tech, Atlanta | SEQSUINET, Rice University, Houston | NCSA, University of Illinois, Champaign | Merit Univ of Michigan, Ann Arbor","SURANET, Georgia Tech, Atlanta->SEQSUINET, Rice University, Houston | SEQSUINET, Rice University, Houston->NCSA, University of Illinois, Champaign | NCSA, University of Illinois, Champaign->Merit Univ of Michigan, Ann Arbor",1
28,nsfnet,11,0.8,moving_average,critical_failure_fixed,"NCSA, University of Illinois, Champaign -> Merit Univ of Michigan, Ann Arbor & Merit Univ of Michigan, Ann Arbor -> NCSA, University of Illinois, Champaign",5,San Diego Supercomputer Center,"Merit Univ of Michigan, Ann Arbor",1,5.4624786,"San Diego Supercomputer Center | SEQSUINET, Rice University, Houston | NCSA, University of Illinois, Champaign | Merit Univ of Michigan, Ann Arbor","San Diego Supercomputer Center->SEQSUINET, Rice University, Houston | SEQSUINET, Rice University, Houston->NCSA, University of Illinois, Champaign | NCSA, University of Illinois, Champaign->Merit Univ of Michigan, Ann Arbor",1
28,nsfnet,11,0.8,moving_average,random_failure_fixed,"BARRnet, Palo Alto -> Merit Univ of Michigan, Ann Arbor & Merit Univ of Michigan, Ann Arbor -> BARRnet, Palo Alto",1,"BARRnet, Palo Alto","Cornell Theory Center, Ithaca NY",1,5.9051276,"BARRnet, Palo Alto | Merit Univ of Michigan, Ann Arbor | Cornell Theory Center, Ithaca NY","BARRnet, Palo Alto->Merit Univ of Michigan, Ann Arbor | Merit Univ of Michigan, Ann Arbor->Cornell Theory Center, Ithaca NY",1
28,nsfnet,11,0.8,moving_average,random_failure_fixed,"BARRnet, Palo Alto -> Merit Univ of Michigan, Ann Arbor & Merit Univ of Michigan, Ann Arbor -> BARRnet, Palo Alto",2,Pittsburgh Supercomputer Center,"NorthWestNet, Seattle",1,5.7753928,"Pittsburgh Supercomputer Center | Merit Univ of Michigan, Ann Arbor | BARRnet, Palo Alto | NorthWestNet, Seattle","Pittsburgh Supercomputer Center->Merit Univ of Michigan, Ann Arbor | Merit Univ of Michigan, Ann Arbor->BARRnet, Palo Alto | BARRnet, Palo Alto->NorthWestNet, Seattle",1
28,nsfnet,11,0.8,moving_average,random_failure_fixed,"BARRnet, Palo Alto -> Merit Univ of Michigan, Ann Arbor & Merit Univ of Michigan, Ann Arbor -> BARRnet, Palo Alto",3,"BARRnet, Palo Alto",Pittsburgh Supercomputer Center,1,5.6938649,"BARRnet, Palo Alto | Merit Univ of Michigan, Ann Arbor | Pittsburgh Supercomputer Center","BARRnet, Palo Alto->Merit Univ of Michigan, Ann Arbor | Merit Univ of Michigan, Ann Arbor->Pittsburgh Supercomputer Center",1
28,nsfnet,11,0.8,moving_average,random_failure_fixed,"BARRnet, Palo Alto -> Merit Univ of Michigan, Ann Arbor & Merit Univ of Michigan, Ann Arbor -> BARRnet, Palo Alto",4,"NorthWestNet, Seattle",Pittsburgh Supercomputer Center,1,5.5255863,"NorthWestNet, Seattle | BARRnet, Palo Alto | Merit Univ of Michigan, Ann Arbor | Pittsburgh Supercomputer Center","NorthWestNet, Seattle->BARRnet, Palo Alto | BARRnet, Palo Alto->Merit Univ of Michigan, Ann Arbor | Merit Univ of Michigan, Ann Arbor->Pittsburgh Supercomputer Center",1
28,nsfnet,11,0.8,moving_average,random_failure_fixed,"BARRnet, Palo Alto -> Merit Univ of Michigan, Ann Arbor & Merit Univ of Michigan, Ann Arbor -> BARRnet, Palo Alto",5,"NorthWestNet, Seattle","Merit Univ of Michigan, Ann Arbor",1,5.3086679,"NorthWestNet, Seattle | BARRnet, Palo Alto | Merit Univ of Michigan, Ann Arbor","NorthWestNet, Seattle->BARRnet, Palo Alto | BARRnet, Palo Alto->Merit Univ of Michigan, Ann Arbor",1
28,nsfnet,11,0.8,linear_autoregressive,critical_failure_fixed,"NCSA, University of Illinois, Champaign -> Merit Univ of Michigan, Ann Arbor & Merit Univ of Michigan, Ann Arbor -> NCSA, University of Illinois, Champaign",1,"Merit Univ of Michigan, Ann Arbor","NCSA, University of Illinois, Champaign",1,5.5315603,"Merit Univ of Michigan, Ann Arbor | NCSA, University of Illinois, Champaign","Merit Univ of Michigan, Ann Arbor->NCSA, University of Illinois, Champaign",1
28,nsfnet,11,0.8,linear_autoregressive,critical_failure_fixed,"NCSA, University of Illinois, Champaign -> Merit Univ of Michigan, Ann Arbor & Merit Univ of Michigan, Ann Arbor -> NCSA, University of Illinois, Champaign",2,Pittsburgh Supercomputer Center,"MIDnet, Lincoln, NE",1,5.3854459,"Pittsburgh Supercomputer Center | Merit Univ of Michigan, Ann Arbor | NCSA, University of Illinois, Champaign | MIDnet, Lincoln, NE","Pittsburgh Supercomputer Center->Merit Univ of Michigan, Ann Arbor | Merit Univ of Michigan, Ann Arbor->NCSA, University of Illinois, Champaign | NCSA, University of Illinois, Champaign->MIDnet, Lincoln, NE",1
28,nsfnet,11,0.8,linear_autoregressive,critical_failure_fixed,"NCSA, University of Illinois, Champaign -> Merit Univ of Michigan, Ann Arbor & Merit Univ of Michigan, Ann Arbor -> NCSA, University of Illinois, Champaign",3,"Westnet, Salt Lake City","Cornell Theory Center, Ithaca NY",1,5.2908626,"Westnet, Salt Lake City | NCAR, Boulder | NCSA, University of Illinois, Champaign | Merit Univ of Michigan, Ann Arbor | Cornell Theory Center, Ithaca NY","Westnet, Salt Lake City->NCAR, Boulder | NCAR, Boulder->NCSA, University of Illinois, Champaign | NCSA, University of Illinois, Champaign->Merit Univ of Michigan, Ann Arbor | Merit Univ of Michigan, Ann Arbor->Cornell Theory Center, Ithaca NY",1
28,nsfnet,11,0.8,linear_autoregressive,critical_failure_fixed,"NCSA, University of Illinois, Champaign -> Merit Univ of Michigan, Ann Arbor & Merit Univ of Michigan, Ann Arbor -> NCSA, University of Illinois, Champaign",3,"Westnet, Salt Lake City","Cornell Theory Center, Ithaca NY",2,0.1592494000000002,"Westnet, Salt Lake City | NCAR, Boulder | NorthWestNet, Seattle | BARRnet, Palo Alto | Merit Univ of Michigan, Ann Arbor | Cornell Theory Center, Ithaca NY","Westnet, Salt Lake City->NCAR, Boulder | NCAR, Boulder->NorthWestNet, Seattle | NorthWestNet, Seattle->BARRnet, Palo Alto | BARRnet, Palo Alto->Merit Univ of Michigan, Ann Arbor | Merit Univ of Michigan, Ann Arbor->Cornell Theory Center, Ithaca NY",0
28,nsfnet,11,0.8,linear_autoregressive,critical_failure_fixed,"NCSA, University of Illinois, Champaign -> Merit Univ of Michigan, Ann Arbor & Merit Univ of Michigan, Ann Arbor -> NCSA, University of Illinois, Champaign",4,"MIDnet, Lincoln, NE","Cornell Theory Center, Ithaca NY",1,5.2351235,"MIDnet, Lincoln, NE | NCSA, University of Illinois, Champaign | Merit Univ of Michigan, Ann Arbor | Cornell Theory Center, Ithaca NY","MIDnet, Lincoln, NE->NCSA, University of Illinois, Champaign | NCSA, University of Illinois, Champaign->Merit Univ of Michigan, Ann Arbor | Merit Univ of Michigan, Ann Arbor->Cornell Theory Center, Ithaca NY",1
28,nsfnet,11,0.8,linear_autoregressive,critical_failure_fixed,"NCSA, University of Illinois, Champaign -> Merit Univ of Michigan, Ann Arbor & Merit Univ of Michigan, Ann Arbor -> NCSA, University of Illinois, Champaign",5,"SURANET, Georgia Tech, Atlanta","Merit Univ of Michigan, Ann Arbor",1,5.104432,"SURANET, Georgia Tech, Atlanta | SEQSUINET, Rice University, Houston | NCSA, University of Illinois, Champaign | Merit Univ of Michigan, Ann Arbor","SURANET, Georgia Tech, Atlanta->SEQSUINET, Rice University, Houston | SEQSUINET, Rice University, Houston->NCSA, University of Illinois, Champaign | NCSA, University of Illinois, Champaign->Merit Univ of Michigan, Ann Arbor",1
28,nsfnet,11,0.8,linear_autoregressive,random_failure_fixed,"BARRnet, Palo Alto -> Merit Univ of Michigan, Ann Arbor & Merit Univ of Michigan, Ann Arbor -> BARRnet, Palo Alto",1,"BARRnet, Palo Alto",Pittsburgh Supercomputer Center,1,5.5478914,"BARRnet, Palo Alto | Merit Univ of Michigan, Ann Arbor | Pittsburgh Supercomputer Center","BARRnet, Palo Alto->Merit Univ of Michigan, Ann Arbor | Merit Univ of Michigan, Ann Arbor->Pittsburgh Supercomputer Center",1
28,nsfnet,11,0.8,linear_autoregressive,random_failure_fixed,"BARRnet, Palo Alto -> Merit Univ of Michigan, Ann Arbor & Merit Univ of Michigan, Ann Arbor -> BARRnet, Palo Alto",2,Pittsburgh Supercomputer Center,"NorthWestNet, Seattle",1,5.2799626,"Pittsburgh Supercomputer Center | Merit Univ of Michigan, Ann Arbor | BARRnet, Palo Alto | NorthWestNet, Seattle","Pittsburgh Supercomputer Center->Merit Univ of Michigan, Ann Arbor | Merit Univ of Michigan, Ann Arbor->BARRnet, Palo Alto | BARRnet, Palo Alto->NorthWestNet, Seattle",1
28,nsfnet,11,0.8,linear_autoregressive,random_failure_fixed,"BARRnet, Palo Alto -> Merit Univ of Michigan, Ann Arbor & Merit Univ of Michigan, Ann Arbor -> BARRnet, Palo Alto",3,"BARRnet, Palo Alto","Cornell Theory Center, Ithaca NY",1,5.2728911,"BARRnet, Palo Alto | Merit Univ of Michigan, Ann Arbor | Cornell Theory Center, Ithaca NY","BARRnet, Palo Alto->Merit Univ of Michigan, Ann Arbor | Merit Univ of Michigan, Ann Arbor->Cornell Theory Center, Ithaca NY",1
28,nsfnet,11,0.8,linear_autoregressive,random_failure_fixed,"BARRnet, Palo Alto -> Merit Univ of Michigan, Ann Arbor & Merit Univ of Michigan, Ann Arbor -> BARRnet, Palo Alto",4,"NorthWestNet, Seattle",Pittsburgh Supercomputer Center,1,4.9438892,"NorthWestNet, Seattle | BARRnet, Palo Alto | Merit Univ of Michigan, Ann Arbor | Pittsburgh Supercomputer Center","NorthWestNet, Seattle->BARRnet, Palo Alto | BARRnet, Palo Alto->Merit Univ of Michigan, Ann Arbor | Merit Univ of Michigan, Ann Arbor->Pittsburgh Supercomputer Center",1
28,nsfnet,11,0.8,linear_autoregressive,random_failure_fixed,"BARRnet, Palo Alto -> Merit Univ of Michigan, Ann Arbor & Merit Univ of Michigan, Ann Arbor -> BARRnet, Palo Alto",5,"Merit Univ of Michigan, Ann Arbor","NorthWestNet, Seattle",1,4.9033023,"Merit Univ of Michigan, Ann Arbor | BARRnet, Palo Alto | NorthWestNet, Seattle","Merit Univ of Michigan, Ann Arbor->BARRnet, Palo Alto | BARRnet, Palo Alto->NorthWestNet, Seattle",1
28,nsfnet,11,0.8,lstm,critical_failure_fixed,"NCSA, University of Illinois, Champaign -> Merit Univ of Michigan, Ann Arbor & Merit Univ of Michigan, Ann Arbor -> NCSA, University of Illinois, Champaign",1,"MIDnet, Lincoln, NE","Cornell Theory Center, Ithaca NY",1,4.3126502,"MIDnet, Lincoln, NE | NCSA, University of Illinois, Champaign | Merit Univ of Michigan, Ann Arbor | Cornell Theory Center, Ithaca NY","MIDnet, Lincoln, NE->NCSA, University of Illinois, Champaign | NCSA, University of Illinois, Champaign->Merit Univ of Michigan, Ann Arbor | Merit Univ of Michigan, Ann Arbor->Cornell Theory Center, Ithaca NY",1
28,nsfnet,11,0.8,lstm,critical_failure_fixed,"NCSA, University of Illinois, Champaign -> Merit Univ of Michigan, Ann Arbor & Merit Univ of Michigan, Ann Arbor -> NCSA, University of Illinois, Champaign",2,"Merit Univ of Michigan, Ann Arbor","NCSA, University of Illinois, Champaign",1,4.3047462,"Merit Univ of Michigan, Ann Arbor | NCSA, University of Illinois, Champaign","Merit Univ of Michigan, Ann Arbor->NCSA, University of Illinois, Champaign",1
28,nsfnet,11,0.8,lstm,critical_failure_fixed,"NCSA, University of Illinois, Champaign -> Merit Univ of Michigan, Ann Arbor & Merit Univ of Michigan, Ann Arbor -> NCSA, University of Illinois, Champaign",3,Pittsburgh Supercomputer Center,"MIDnet, Lincoln, NE",1,4.2568717,"Pittsburgh Supercomputer Center | Merit Univ of Michigan, Ann Arbor | NCSA, University of Illinois, Champaign | MIDnet, Lincoln, NE","Pittsburgh Supercomputer Center->Merit Univ of Michigan, Ann Arbor | Merit Univ of Michigan, Ann Arbor->NCSA, University of Illinois, Champaign | NCSA, University of Illinois, Champaign->MIDnet, Lincoln, NE",1
28,nsfnet,11,0.8,lstm,critical_failure_fixed,"NCSA, University of Illinois, Champaign -> Merit Univ of Michigan, Ann Arbor & Merit Univ of Michigan, Ann Arbor -> NCSA, University of Illinois, Champaign",4,"SURANET, Georgia Tech, Atlanta","Merit Univ of Michigan, Ann Arbor",1,4.0819569,"SURANET, Georgia Tech, Atlanta | SEQSUINET, Rice University, Houston | NCSA, University of Illinois, Champaign | Merit Univ of Michigan, Ann Arbor","SURANET, Georgia Tech, Atlanta->SEQSUINET, Rice University, Houston | SEQSUINET, Rice University, Houston->NCSA, University of Illinois, Champaign | NCSA, University of Illinois, Champaign->Merit Univ of Michigan, Ann Arbor",1
28,nsfnet,11,0.8,lstm,critical_failure_fixed,"NCSA, University of Illinois, Champaign -> Merit Univ of Michigan, Ann Arbor & Merit Univ of Michigan, Ann Arbor -> NCSA, University of Illinois, Champaign",5,San Diego Supercomputer Center,"Merit Univ of Michigan, Ann Arbor",1,3.9990675,"San Diego Supercomputer Center | SEQSUINET, Rice University, Houston | NCSA, University of Illinois, Champaign | Merit Univ of Michigan, Ann Arbor","San Diego Supercomputer Center->SEQSUINET, Rice University, Houston | SEQSUINET, Rice University, Houston->NCSA, University of Illinois, Champaign | NCSA, University of Illinois, Champaign->Merit Univ of Michigan, Ann Arbor",1
28,nsfnet,11,0.8,lstm,random_failure_fixed,"BARRnet, Palo Alto -> Merit Univ of Michigan, Ann Arbor & Merit Univ of Michigan, Ann Arbor -> BARRnet, Palo Alto",1,"BARRnet, Palo Alto",Pittsburgh Supercomputer Center,1,4.3505149,"BARRnet, Palo Alto | Merit Univ of Michigan, Ann Arbor | Pittsburgh Supercomputer Center","BARRnet, Palo Alto->Merit Univ of Michigan, Ann Arbor | Merit Univ of Michigan, Ann Arbor->Pittsburgh Supercomputer Center",1
28,nsfnet,11,0.8,lstm,random_failure_fixed,"BARRnet, Palo Alto -> Merit Univ of Michigan, Ann Arbor & Merit Univ of Michigan, Ann Arbor -> BARRnet, Palo Alto",2,Pittsburgh Supercomputer Center,"NorthWestNet, Seattle",1,4.1252341,"Pittsburgh Supercomputer Center | Merit Univ of Michigan, Ann Arbor | BARRnet, Palo Alto | NorthWestNet, Seattle","Pittsburgh Supercomputer Center->Merit Univ of Michigan, Ann Arbor | Merit Univ of Michigan, Ann Arbor->BARRnet, Palo Alto | BARRnet, Palo Alto->NorthWestNet, Seattle",1
28,nsfnet,11,0.8,lstm,random_failure_fixed,"BARRnet, Palo Alto -> Merit Univ of Michigan, Ann Arbor & Merit Univ of Michigan, Ann Arbor -> BARRnet, Palo Alto",3,"BARRnet, Palo Alto","Cornell Theory Center, Ithaca NY",1,4.0849676,"BARRnet, Palo Alto | Merit Univ of Michigan, Ann Arbor | Cornell Theory Center, Ithaca NY","BARRnet, Palo Alto->Merit Univ of Michigan, Ann Arbor | Merit Univ of Michigan, Ann Arbor->Cornell Theory Center, Ithaca NY",1
28,nsfnet,11,0.8,lstm,random_failure_fixed,"BARRnet, Palo Alto -> Merit Univ of Michigan, Ann Arbor & Merit Univ of Michigan, Ann Arbor -> BARRnet, Palo Alto",4,"NorthWestNet, Seattle",Pittsburgh Supercomputer Center,1,3.9921775,"NorthWestNet, Seattle | BARRnet, Palo Alto | Merit Univ of Michigan, Ann Arbor | Pittsburgh Supercomputer Center","NorthWestNet, Seattle->BARRnet, Palo Alto | BARRnet, Palo Alto->Merit Univ of Michigan, Ann Arbor | Merit Univ of Michigan, Ann Arbor->Pittsburgh Supercomputer Center",1
28,nsfnet,11,0.8,lstm,random_failure_fixed,"BARRnet, Palo Alto -> Merit Univ of Michigan, Ann Arbor & Merit Univ of Michigan, Ann Arbor -> BARRnet, Palo Alto",5,"NorthWestNet, Seattle","Merit Univ of Michigan, Ann Arbor",1,3.8948963,"NorthWestNet, Seattle | BARRnet, Palo Alto | Merit Univ of Michigan, Ann Arbor","NorthWestNet, Seattle->BARRnet, Palo Alto | BARRnet, Palo Alto->Merit Univ of Michigan, Ann Arbor",1
28,nsfnet,11,0.8,uncertainty_aware_lstm_robust_lp,critical_failure_fixed,"NCSA, University of Illinois, Champaign -> Merit Univ of Michigan, Ann Arbor & Merit Univ of Michigan, Ann Arbor -> NCSA, University of Illinois, Champaign",1,"Westnet, Salt Lake City","Cornell Theory Center, Ithaca NY",1,4.6718936,"Westnet, Salt Lake City | NCAR, Boulder | NCSA, University of Illinois, Champaign | Merit Univ of Michigan, Ann Arbor | Cornell Theory Center, Ithaca NY","Westnet, Salt Lake City->NCAR, Boulder | NCAR, Boulder->NCSA, University of Illinois, Champaign | NCSA, University of Illinois, Champaign->Merit Univ of Michigan, Ann Arbor | Merit Univ of Michigan, Ann Arbor->Cornell Theory Center, Ithaca NY",1
28,nsfnet,11,0.8,uncertainty_aware_lstm_robust_lp,critical_failure_fixed,"NCSA, University of Illinois, Champaign -> Merit Univ of Michigan, Ann Arbor & Merit Univ of Michigan, Ann Arbor -> NCSA, University of Illinois, Champaign",2,"Merit Univ of Michigan, Ann Arbor","NCSA, University of Illinois, Champaign",1,4.5193624,"Merit Univ of Michigan, Ann Arbor | NCSA, University of Illinois, Champaign","Merit Univ of Michigan, Ann Arbor->NCSA, University of Illinois, Champaign",1
28,nsfnet,11,0.8,uncertainty_aware_lstm_robust_lp,critical_failure_fixed,"NCSA, University of Illinois, Champaign -> Merit Univ of Michigan, Ann Arbor & Merit Univ of Michigan, Ann Arbor -> NCSA, University of Illinois, Champaign",3,"MIDnet, Lincoln, NE","Cornell Theory Center, Ithaca NY",1,4.5185852,"MIDnet, Lincoln, NE | NCSA, University of Illinois, Champaign | Merit Univ of Michigan, Ann Arbor | Cornell Theory Center, Ithaca NY","MIDnet, Lincoln, NE->NCSA, University of Illinois, Champaign | NCSA, University of Illinois, Champaign->Merit Univ of Michigan, Ann Arbor | Merit Univ of Michigan, Ann Arbor->Cornell Theory Center, Ithaca NY",1
28,nsfnet,11,0.8,uncertainty_aware_lstm_robust_lp,critical_failure_fixed,"NCSA, University of Illinois, Champaign -> Merit Univ of Michigan, Ann Arbor & Merit Univ of Michigan, Ann Arbor -> NCSA, University of Illinois, Champaign",4,Pittsburgh Supercomputer Center,"MIDnet, Lincoln, NE",1,4.4433961,"Pittsburgh Supercomputer Center | Merit Univ of Michigan, Ann Arbor | NCSA, University of Illinois, Champaign | MIDnet, Lincoln, NE","Pittsburgh Supercomputer Center->Merit Univ of Michigan, Ann Arbor | Merit Univ of Michigan, Ann Arbor->NCSA, University of Illinois, Champaign | NCSA, University of Illinois, Champaign->MIDnet, Lincoln, NE",1
28,nsfnet,11,0.8,uncertainty_aware_lstm_robust_lp,critical_failure_fixed,"NCSA, University of Illinois, Champaign -> Merit Univ of Michigan, Ann Arbor & Merit Univ of Michigan, Ann Arbor -> NCSA, University of Illinois, Champaign",5,"Cornell Theory Center, Ithaca NY","NCAR, Boulder",1,4.0155287,"Cornell Theory Center, Ithaca NY | Merit Univ of Michigan, Ann Arbor | NCSA, University of Illinois, Champaign | NCAR, Boulder","Cornell Theory Center, Ithaca NY->Merit Univ of Michigan, Ann Arbor | Merit Univ of Michigan, Ann Arbor->NCSA, University of Illinois, Champaign | NCSA, University of Illinois, Champaign->NCAR, Boulder",1
28,nsfnet,11,0.8,uncertainty_aware_lstm_robust_lp,random_failure_fixed,"BARRnet, Palo Alto -> Merit Univ of Michigan, Ann Arbor & Merit Univ of Michigan, Ann Arbor -> BARRnet, Palo Alto",1,"BARRnet, Palo Alto",Pittsburgh Supercomputer Center,1,4.5328355,"BARRnet, Palo Alto | Merit Univ of Michigan, Ann Arbor | Pittsburgh Supercomputer Center","BARRnet, Palo Alto->Merit Univ of Michigan, Ann Arbor | Merit Univ of Michigan, Ann Arbor->Pittsburgh Supercomputer Center",1
28,nsfnet,11,0.8,uncertainty_aware_lstm_robust_lp,random_failure_fixed,"BARRnet, Palo Alto -> Merit Univ of Michigan, Ann Arbor & Merit Univ of Michigan, Ann Arbor -> BARRnet, Palo Alto",2,Pittsburgh Supercomputer Center,"NorthWestNet, Seattle",1,4.3173699,"Pittsburgh Supercomputer Center | Merit Univ of Michigan, Ann Arbor | BARRnet, Palo Alto | NorthWestNet, Seattle","Pittsburgh Supercomputer Center->Merit Univ of Michigan, Ann Arbor | Merit Univ of Michigan, Ann Arbor->BARRnet, Palo Alto | BARRnet, Palo Alto->NorthWestNet, Seattle",1
28,nsfnet,11,0.8,uncertainty_aware_lstm_robust_lp,random_failure_fixed,"BARRnet, Palo Alto -> Merit Univ of Michigan, Ann Arbor & Merit Univ of Michigan, Ann Arbor -> BARRnet, Palo Alto",3,"BARRnet, Palo Alto","Cornell Theory Center, Ithaca NY",1,4.2836528,"BARRnet, Palo Alto | Merit Univ of Michigan, Ann Arbor | Cornell Theory Center, Ithaca NY","BARRnet, Palo Alto->Merit Univ of Michigan, Ann Arbor | Merit Univ of Michigan, Ann Arbor->Cornell Theory Center, Ithaca NY",1
28,nsfnet,11,0.8,uncertainty_aware_lstm_robust_lp,random_failure_fixed,"BARRnet, Palo Alto -> Merit Univ of Michigan, Ann Arbor & Merit Univ of Michigan, Ann Arbor -> BARRnet, Palo Alto",4,San Diego Supercomputer Center,"Merit Univ of Michigan, Ann Arbor",1,4.2002945,"San Diego Supercomputer Center | BARRnet, Palo Alto | Merit Univ of Michigan, Ann Arbor","San Diego Supercomputer Center->BARRnet, Palo Alto | BARRnet, Palo Alto->Merit Univ of Michigan, Ann Arbor",1
28,nsfnet,11,0.8,uncertainty_aware_lstm_robust_lp,random_failure_fixed,"BARRnet, Palo Alto -> Merit Univ of Michigan, Ann Arbor & Merit Univ of Michigan, Ann Arbor -> BARRnet, Palo Alto",5,"NorthWestNet, Seattle",Pittsburgh Supercomputer Center,1,4.185811,"NorthWestNet, Seattle | BARRnet, Palo Alto | Merit Univ of Michigan, Ann Arbor | Pittsburgh Supercomputer Center","NorthWestNet, Seattle->BARRnet, Palo Alto | BARRnet, Palo Alto->Merit Univ of Michigan, Ann Arbor | Merit Univ of Michigan, Ann Arbor->Pittsburgh Supercomputer Center",1
29,nsfnet,11,0.8,current_demand_lp,critical_failure_fixed,"NCSA, University of Illinois, Champaign -> Merit Univ of Michigan, Ann Arbor & Merit Univ of Michigan, Ann Arbor -> NCSA, University of Illinois, Champaign",1,Pittsburgh Supercomputer Center,"MIDnet, Lincoln, NE",1,5.5904124,"Pittsburgh Supercomputer Center | Merit Univ of Michigan, Ann Arbor | NCSA, University of Illinois, Champaign | MIDnet, Lincoln, NE","Pittsburgh Supercomputer Center->Merit Univ of Michigan, Ann Arbor | Merit Univ of Michigan, Ann Arbor->NCSA, University of Illinois, Champaign | NCSA, University of Illinois, Champaign->MIDnet, Lincoln, NE",1
29,nsfnet,11,0.8,current_demand_lp,critical_failure_fixed,"NCSA, University of Illinois, Champaign -> Merit Univ of Michigan, Ann Arbor & Merit Univ of Michigan, Ann Arbor -> NCSA, University of Illinois, Champaign",2,"SURANET, Georgia Tech, Atlanta","Merit Univ of Michigan, Ann Arbor",1,5.2589388,"SURANET, Georgia Tech, Atlanta | SEQSUINET, Rice University, Houston | NCSA, University of Illinois, Champaign | Merit Univ of Michigan, Ann Arbor","SURANET, Georgia Tech, Atlanta->SEQSUINET, Rice University, Houston | SEQSUINET, Rice University, Houston->NCSA, University of Illinois, Champaign | NCSA, University of Illinois, Champaign->Merit Univ of Michigan, Ann Arbor",1
29,nsfnet,11,0.8,current_demand_lp,critical_failure_fixed,"NCSA, University of Illinois, Champaign -> Merit Univ of Michigan, Ann Arbor & Merit Univ of Michigan, Ann Arbor -> NCSA, University of Illinois, Champaign",3,"MIDnet, Lincoln, NE","Cornell Theory Center, Ithaca NY",1,5.0759492,"MIDnet, Lincoln, NE | NCSA, University of Illinois, Champaign | Merit Univ of Michigan, Ann Arbor | Cornell Theory Center, Ithaca NY","MIDnet, Lincoln, NE->NCSA, University of Illinois, Champaign | NCSA, University of Illinois, Champaign->Merit Univ of Michigan, Ann Arbor | Merit Univ of Michigan, Ann Arbor->Cornell Theory Center, Ithaca NY",1
29,nsfnet,11,0.8,current_demand_lp,critical_failure_fixed,"NCSA, University of Illinois, Champaign -> Merit Univ of Michigan, Ann Arbor & Merit Univ of Michigan, Ann Arbor -> NCSA, University of Illinois, Champaign",4,"Merit Univ of Michigan, Ann Arbor","NCSA, University of Illinois, Champaign",1,4.8714367,"Merit Univ of Michigan, Ann Arbor | NCSA, University of Illinois, Champaign","Merit Univ of Michigan, Ann Arbor->NCSA, University of Illinois, Champaign",1
29,nsfnet,11,0.8,current_demand_lp,critical_failure_fixed,"NCSA, University of Illinois, Champaign -> Merit Univ of Michigan, Ann Arbor & Merit Univ of Michigan, Ann Arbor -> NCSA, University of Illinois, Champaign",5,"Merit Univ of Michigan, Ann Arbor","Westnet, Salt Lake City",1,4.7794625,"Merit Univ of Michigan, Ann Arbor | NCSA, University of Illinois, Champaign | NCAR, Boulder | Westnet, Salt Lake City","Merit Univ of Michigan, Ann Arbor->NCSA, University of Illinois, Champaign | NCSA, University of Illinois, Champaign->NCAR, Boulder | NCAR, Boulder->Westnet, Salt Lake City",1
29,nsfnet,11,0.8,current_demand_lp,random_failure_fixed,"NCSA, University of Illinois, Champaign -> Merit Univ of Michigan, Ann Arbor & Merit Univ of Michigan, Ann Arbor -> NCSA, University of Illinois, Champaign",1,Pittsburgh Supercomputer Center,"MIDnet, Lincoln, NE",1,5.5904124,"Pittsburgh Supercomputer Center | Merit Univ of Michigan, Ann Arbor | NCSA, University of Illinois, Champaign | MIDnet, Lincoln, NE","Pittsburgh Supercomputer Center->Merit Univ of Michigan, Ann Arbor | Merit Univ of Michigan, Ann Arbor->NCSA, University of Illinois, Champaign | NCSA, University of Illinois, Champaign->MIDnet, Lincoln, NE",1
29,nsfnet,11,0.8,current_demand_lp,random_failure_fixed,"NCSA, University of Illinois, Champaign -> Merit Univ of Michigan, Ann Arbor & Merit Univ of Michigan, Ann Arbor -> NCSA, University of Illinois, Champaign",2,"SURANET, Georgia Tech, Atlanta","Merit Univ of Michigan, Ann Arbor",1,5.2589388,"SURANET, Georgia Tech, Atlanta | SEQSUINET, Rice University, Houston | NCSA, University of Illinois, Champaign | Merit Univ of Michigan, Ann Arbor","SURANET, Georgia Tech, Atlanta->SEQSUINET, Rice University, Houston | SEQSUINET, Rice University, Houston->NCSA, University of Illinois, Champaign | NCSA, University of Illinois, Champaign->Merit Univ of Michigan, Ann Arbor",1
29,nsfnet,11,0.8,current_demand_lp,random_failure_fixed,"NCSA, University of Illinois, Champaign -> Merit Univ of Michigan, Ann Arbor & Merit Univ of Michigan, Ann Arbor -> NCSA, University of Illinois, Champaign",3,"MIDnet, Lincoln, NE","Cornell Theory Center, Ithaca NY",1,5.0759492,"MIDnet, Lincoln, NE | NCSA, University of Illinois, Champaign | Merit Univ of Michigan, Ann Arbor | Cornell Theory Center, Ithaca NY","MIDnet, Lincoln, NE->NCSA, University of Illinois, Champaign | NCSA, University of Illinois, Champaign->Merit Univ of Michigan, Ann Arbor | Merit Univ of Michigan, Ann Arbor->Cornell Theory Center, Ithaca NY",1
29,nsfnet,11,0.8,current_demand_lp,random_failure_fixed,"NCSA, University of Illinois, Champaign -> Merit Univ of Michigan, Ann Arbor & Merit Univ of Michigan, Ann Arbor -> NCSA, University of Illinois, Champaign",4,"Merit Univ of Michigan, Ann Arbor","NCSA, University of Illinois, Champaign",1,4.8714367,"Merit Univ of Michigan, Ann Arbor | NCSA, University of Illinois, Champaign","Merit Univ of Michigan, Ann Arbor->NCSA, University of Illinois, Champaign",1
29,nsfnet,11,0.8,current_demand_lp,random_failure_fixed,"NCSA, University of Illinois, Champaign -> Merit Univ of Michigan, Ann Arbor & Merit Univ of Michigan, Ann Arbor -> NCSA, University of Illinois, Champaign",5,"Merit Univ of Michigan, Ann Arbor","Westnet, Salt Lake City",1,4.7794625,"Merit Univ of Michigan, Ann Arbor | NCSA, University of Illinois, Champaign | NCAR, Boulder | Westnet, Salt Lake City","Merit Univ of Michigan, Ann Arbor->NCSA, University of Illinois, Champaign | NCSA, University of Illinois, Champaign->NCAR, Boulder | NCAR, Boulder->Westnet, Salt Lake City",1
29,nsfnet,11,0.8,robust_current_demand_lp,critical_failure_fixed,"NCSA, University of Illinois, Champaign -> Merit Univ of Michigan, Ann Arbor & Merit Univ of Michigan, Ann Arbor -> NCSA, University of Illinois, Champaign",1,Pittsburgh Supercomputer Center,"MIDnet, Lincoln, NE",1,5.5904124,"Pittsburgh Supercomputer Center | Merit Univ of Michigan, Ann Arbor | NCSA, University of Illinois, Champaign | MIDnet, Lincoln, NE","Pittsburgh Supercomputer Center->Merit Univ of Michigan, Ann Arbor | Merit Univ of Michigan, Ann Arbor->NCSA, University of Illinois, Champaign | NCSA, University of Illinois, Champaign->MIDnet, Lincoln, NE",1
29,nsfnet,11,0.8,robust_current_demand_lp,critical_failure_fixed,"NCSA, University of Illinois, Champaign -> Merit Univ of Michigan, Ann Arbor & Merit Univ of Michigan, Ann Arbor -> NCSA, University of Illinois, Champaign",2,"Westnet, Salt Lake City","Cornell Theory Center, Ithaca NY",1,5.1854237,"Westnet, Salt Lake City | NCAR, Boulder | NCSA, University of Illinois, Champaign | Merit Univ of Michigan, Ann Arbor | Cornell Theory Center, Ithaca NY","Westnet, Salt Lake City->NCAR, Boulder | NCAR, Boulder->NCSA, University of Illinois, Champaign | NCSA, University of Illinois, Champaign->Merit Univ of Michigan, Ann Arbor | Merit Univ of Michigan, Ann Arbor->Cornell Theory Center, Ithaca NY",1
29,nsfnet,11,0.8,robust_current_demand_lp,critical_failure_fixed,"NCSA, University of Illinois, Champaign -> Merit Univ of Michigan, Ann Arbor & Merit Univ of Michigan, Ann Arbor -> NCSA, University of Illinois, Champaign",3,"MIDnet, Lincoln, NE","Cornell Theory Center, Ithaca NY",1,5.0759492,"MIDnet, Lincoln, NE | NCSA, University of Illinois, Champaign | Merit Univ of Michigan, Ann Arbor | Cornell Theory Center, Ithaca NY","MIDnet, Lincoln, NE->NCSA, University of Illinois, Champaign | NCSA, University of Illinois, Champaign->Merit Univ of Michigan, Ann Arbor | Merit Univ of Michigan, Ann Arbor->Cornell Theory Center, Ithaca NY",1
29,nsfnet,11,0.8,robust_current_demand_lp,critical_failure_fixed,"NCSA, University of Illinois, Champaign -> Merit Univ of Michigan, Ann Arbor & Merit Univ of Michigan, Ann Arbor -> NCSA, University of Illinois, Champaign",4,"Merit Univ of Michigan, Ann Arbor","NCSA, University of Illinois, Champaign",1,4.8714367,"Merit Univ of Michigan, Ann Arbor | NCSA, University of Illinois, Champaign","Merit Univ of Michigan, Ann Arbor->NCSA, University of Illinois, Champaign",1
29,nsfnet,11,0.8,robust_current_demand_lp,critical_failure_fixed,"NCSA, University of Illinois, Champaign -> Merit Univ of Michigan, Ann Arbor & Merit Univ of Michigan, Ann Arbor -> NCSA, University of Illinois, Champaign",5,"Merit Univ of Michigan, Ann Arbor","Westnet, Salt Lake City",1,4.7794625,"Merit Univ of Michigan, Ann Arbor | NCSA, University of Illinois, Champaign | NCAR, Boulder | Westnet, Salt Lake City","Merit Univ of Michigan, Ann Arbor->NCSA, University of Illinois, Champaign | NCSA, University of Illinois, Champaign->NCAR, Boulder | NCAR, Boulder->Westnet, Salt Lake City",1
29,nsfnet,11,0.8,robust_current_demand_lp,random_failure_fixed,"NCSA, University of Illinois, Champaign -> Merit Univ of Michigan, Ann Arbor & Merit Univ of Michigan, Ann Arbor -> NCSA, University of Illinois, Champaign",1,Pittsburgh Supercomputer Center,"MIDnet, Lincoln, NE",1,5.5904124,"Pittsburgh Supercomputer Center | Merit Univ of Michigan, Ann Arbor | NCSA, University of Illinois, Champaign | MIDnet, Lincoln, NE","Pittsburgh Supercomputer Center->Merit Univ of Michigan, Ann Arbor | Merit Univ of Michigan, Ann Arbor->NCSA, University of Illinois, Champaign | NCSA, University of Illinois, Champaign->MIDnet, Lincoln, NE",1
29,nsfnet,11,0.8,robust_current_demand_lp,random_failure_fixed,"NCSA, University of Illinois, Champaign -> Merit Univ of Michigan, Ann Arbor & Merit Univ of Michigan, Ann Arbor -> NCSA, University of Illinois, Champaign",2,"Westnet, Salt Lake City","Cornell Theory Center, Ithaca NY",1,5.1854237,"Westnet, Salt Lake City | NCAR, Boulder | NCSA, University of Illinois, Champaign | Merit Univ of Michigan, Ann Arbor | Cornell Theory Center, Ithaca NY","Westnet, Salt Lake City->NCAR, Boulder | NCAR, Boulder->NCSA, University of Illinois, Champaign | NCSA, University of Illinois, Champaign->Merit Univ of Michigan, Ann Arbor | Merit Univ of Michigan, Ann Arbor->Cornell Theory Center, Ithaca NY",1
29,nsfnet,11,0.8,robust_current_demand_lp,random_failure_fixed,"NCSA, University of Illinois, Champaign -> Merit Univ of Michigan, Ann Arbor & Merit Univ of Michigan, Ann Arbor -> NCSA, University of Illinois, Champaign",3,"MIDnet, Lincoln, NE","Cornell Theory Center, Ithaca NY",1,5.0759492,"MIDnet, Lincoln, NE | NCSA, University of Illinois, Champaign | Merit Univ of Michigan, Ann Arbor | Cornell Theory Center, Ithaca NY","MIDnet, Lincoln, NE->NCSA, University of Illinois, Champaign | NCSA, University of Illinois, Champaign->Merit Univ of Michigan, Ann Arbor | Merit Univ of Michigan, Ann Arbor->Cornell Theory Center, Ithaca NY",1
29,nsfnet,11,0.8,robust_current_demand_lp,random_failure_fixed,"NCSA, University of Illinois, Champaign -> Merit Univ of Michigan, Ann Arbor & Merit Univ of Michigan, Ann Arbor -> NCSA, University of Illinois, Champaign",4,"Merit Univ of Michigan, Ann Arbor","NCSA, University of Illinois, Champaign",1,4.8714367,"Merit Univ of Michigan, Ann Arbor | NCSA, University of Illinois, Champaign","Merit Univ of Michigan, Ann Arbor->NCSA, University of Illinois, Champaign",1
29,nsfnet,11,0.8,robust_current_demand_lp,random_failure_fixed,"NCSA, University of Illinois, Champaign -> Merit Univ of Michigan, Ann Arbor & Merit Univ of Michigan, Ann Arbor -> NCSA, University of Illinois, Champaign",5,"Merit Univ of Michigan, Ann Arbor","Westnet, Salt Lake City",1,4.7794625,"Merit Univ of Michigan, Ann Arbor | NCSA, University of Illinois, Champaign | NCAR, Boulder | Westnet, Salt Lake City","Merit Univ of Michigan, Ann Arbor->NCSA, University of Illinois, Champaign | NCSA, University of Illinois, Champaign->NCAR, Boulder | NCAR, Boulder->Westnet, Salt Lake City",1
29,nsfnet,11,0.8,moving_average,critical_failure_fixed,"NCSA, University of Illinois, Champaign -> Merit Univ of Michigan, Ann Arbor & Merit Univ of Michigan, Ann Arbor -> NCSA, University of Illinois, Champaign",1,Pittsburgh Supercomputer Center,"MIDnet, Lincoln, NE",1,5.8950549,"Pittsburgh Supercomputer Center | Merit Univ of Michigan, Ann Arbor | NCSA, University of Illinois, Champaign | MIDnet, Lincoln, NE","Pittsburgh Supercomputer Center->Merit Univ of Michigan, Ann Arbor | Merit Univ of Michigan, Ann Arbor->NCSA, University of Illinois, Champaign | NCSA, University of Illinois, Champaign->MIDnet, Lincoln, NE",1
29,nsfnet,11,0.8,moving_average,critical_failure_fixed,"NCSA, University of Illinois, Champaign -> Merit Univ of Michigan, Ann Arbor & Merit Univ of Michigan, Ann Arbor -> NCSA, University of Illinois, Champaign",2,"Merit Univ of Michigan, Ann Arbor","NCSA, University of Illinois, Champaign",1,5.8490396,"Merit Univ of Michigan, Ann Arbor | NCSA, University of Illinois, Champaign","Merit Univ of Michigan, Ann Arbor->NCSA, University of Illinois, Champaign",1
29,nsfnet,11,0.8,moving_average,critical_failure_fixed,"NCSA, University of Illinois, Champaign -> Merit Univ of Michigan, Ann Arbor & Merit Univ of Michigan, Ann Arbor -> NCSA, University of Illinois, Champaign",3,"MIDnet, Lincoln, NE","Cornell Theory Center, Ithaca NY",1,5.6453819,"MIDnet, Lincoln, NE | NCSA, University of Illinois, Champaign | Merit Univ of Michigan, Ann Arbor | Cornell Theory Center, Ithaca NY","MIDnet, Lincoln, NE->NCSA, University of Illinois, Champaign | NCSA, University of Illinois, Champaign->Merit Univ of Michigan, Ann Arbor | Merit Univ of Michigan, Ann Arbor->Cornell Theory Center, Ithaca NY",1
29,nsfnet,11,0.8,moving_average,critical_failure_fixed,"NCSA, University of Illinois, Champaign -> Merit Univ of Michigan, Ann Arbor & Merit Univ of Michigan, Ann Arbor -> NCSA, University of Illinois, Champaign",4,"SURANET, Georgia Tech, Atlanta","Merit Univ of Michigan, Ann Arbor",1,5.586829,"SURANET, Georgia Tech, Atlanta | SEQSUINET, Rice University, Houston | NCSA, University of Illinois, Champaign | Merit Univ of Michigan, Ann Arbor","SURANET, Georgia Tech, Atlanta->SEQSUINET, Rice University, Houston | SEQSUINET, Rice University, Houston->NCSA, University of Illinois, Champaign | NCSA, University of Illinois, Champaign->Merit Univ of Michigan, Ann Arbor",1
29,nsfnet,11,0.8,moving_average,critical_failure_fixed,"NCSA, University of Illinois, Champaign -> Merit Univ of Michigan, Ann Arbor & Merit Univ of Michigan, Ann Arbor -> NCSA, University of Illinois, Champaign",5,San Diego Supercomputer Center,"Merit Univ of Michigan, Ann Arbor",1,5.3666396,"San Diego Supercomputer Center | SEQSUINET, Rice University, Houston | NCSA, University of Illinois, Champaign | Merit Univ of Michigan, Ann Arbor","San Diego Supercomputer Center->SEQSUINET, Rice University, Houston | SEQSUINET, Rice University, Houston->NCSA, University of Illinois, Champaign | NCSA, University of Illinois, Champaign->Merit Univ of Michigan, Ann Arbor",1
29,nsfnet,11,0.8,moving_average,random_failure_fixed,"NCSA, University of Illinois, Champaign -> Merit Univ of Michigan, Ann Arbor & Merit Univ of Michigan, Ann Arbor -> NCSA, University of Illinois, Champaign",1,Pittsburgh Supercomputer Center,"MIDnet, Lincoln, NE",1,5.8950549,"Pittsburgh Supercomputer Center | Merit Univ of Michigan, Ann Arbor | NCSA, University of Illinois, Champaign | MIDnet, Lincoln, NE","Pittsburgh Supercomputer Center->Merit Univ of Michigan, Ann Arbor | Merit Univ of Michigan, Ann Arbor->NCSA, University of Illinois, Champaign | NCSA, University of Illinois, Champaign->MIDnet, Lincoln, NE",1
29,nsfnet,11,0.8,moving_average,random_failure_fixed,"NCSA, University of Illinois, Champaign -> Merit Univ of Michigan, Ann Arbor & Merit Univ of Michigan, Ann Arbor -> NCSA, University of Illinois, Champaign",2,"Merit Univ of Michigan, Ann Arbor","NCSA, University of Illinois, Champaign",1,5.8490396,"Merit Univ of Michigan, Ann Arbor | NCSA, University of Illinois, Champaign","Merit Univ of Michigan, Ann Arbor->NCSA, University of Illinois, Champaign",1
29,nsfnet,11,0.8,moving_average,random_failure_fixed,"NCSA, University of Illinois, Champaign -> Merit Univ of Michigan, Ann Arbor & Merit Univ of Michigan, Ann Arbor -> NCSA, University of Illinois, Champaign",3,"MIDnet, Lincoln, NE","Cornell Theory Center, Ithaca NY",1,5.6453819,"MIDnet, Lincoln, NE | NCSA, University of Illinois, Champaign | Merit Univ of Michigan, Ann Arbor | Cornell Theory Center, Ithaca NY","MIDnet, Lincoln, NE->NCSA, University of Illinois, Champaign | NCSA, University of Illinois, Champaign->Merit Univ of Michigan, Ann Arbor | Merit Univ of Michigan, Ann Arbor->Cornell Theory Center, Ithaca NY",1
29,nsfnet,11,0.8,moving_average,random_failure_fixed,"NCSA, University of Illinois, Champaign -> Merit Univ of Michigan, Ann Arbor & Merit Univ of Michigan, Ann Arbor -> NCSA, University of Illinois, Champaign",4,"SURANET, Georgia Tech, Atlanta","Merit Univ of Michigan, Ann Arbor",1,5.586829,"SURANET, Georgia Tech, Atlanta | SEQSUINET, Rice University, Houston | NCSA, University of Illinois, Champaign | Merit Univ of Michigan, Ann Arbor","SURANET, Georgia Tech, Atlanta->SEQSUINET, Rice University, Houston | SEQSUINET, Rice University, Houston->NCSA, University of Illinois, Champaign | NCSA, University of Illinois, Champaign->Merit Univ of Michigan, Ann Arbor",1
29,nsfnet,11,0.8,moving_average,random_failure_fixed,"NCSA, University of Illinois, Champaign -> Merit Univ of Michigan, Ann Arbor & Merit Univ of Michigan, Ann Arbor -> NCSA, University of Illinois, Champaign",5,San Diego Supercomputer Center,"Merit Univ of Michigan, Ann Arbor",1,5.3666396,"San Diego Supercomputer Center | SEQSUINET, Rice University, Houston | NCSA, University of Illinois, Champaign | Merit Univ of Michigan, Ann Arbor","San Diego Supercomputer Center->SEQSUINET, Rice University, Houston | SEQSUINET, Rice University, Houston->NCSA, University of Illinois, Champaign | NCSA, University of Illinois, Champaign->Merit Univ of Michigan, Ann Arbor",1
29,nsfnet,11,0.8,linear_autoregressive,critical_failure_fixed,"NCSA, University of Illinois, Champaign -> Merit Univ of Michigan, Ann Arbor & Merit Univ of Michigan, Ann Arbor -> NCSA, University of Illinois, Champaign",1,"MIDnet, Lincoln, NE","Cornell Theory Center, Ithaca NY",1,5.1567307,"MIDnet, Lincoln, NE | NCSA, University of Illinois, Champaign | Merit Univ of Michigan, Ann Arbor | Cornell Theory Center, Ithaca NY","MIDnet, Lincoln, NE->NCSA, University of Illinois, Champaign | NCSA, University of Illinois, Champaign->Merit Univ of Michigan, Ann Arbor | Merit Univ of Michigan, Ann Arbor->Cornell Theory Center, Ithaca NY",1
29,nsfnet,11,0.8,linear_autoregressive,critical_failure_fixed,"NCSA, University of Illinois, Champaign -> Merit Univ of Michigan, Ann Arbor & Merit Univ of Michigan, Ann Arbor -> NCSA, University of Illinois, Champaign",2,"Merit Univ of Michigan, Ann Arbor","NCSA, University of Illinois, Champaign",1,5.1308283,"Merit Univ of Michigan, Ann Arbor | NCSA, University of Illinois, Champaign","Merit Univ of Michigan, Ann Arbor->NCSA, University of Illinois, Champaign",1
29,nsfnet,11,0.8,linear_autoregressive,critical_failure_fixed,"NCSA, University of Illinois, Champaign -> Merit Univ of Michigan, Ann Arbor & Merit Univ of Michigan, Ann Arbor -> NCSA, University of Illinois, Champaign",3,Pittsburgh Supercomputer Center,"MIDnet, Lincoln, NE",1,5.1178637,"Pittsburgh Supercomputer Center | Merit Univ of Michigan, Ann Arbor | NCSA, University of Illinois, Champaign | MIDnet, Lincoln, NE","Pittsburgh Supercomputer Center->Merit Univ of Michigan, Ann Arbor | Merit Univ of Michigan, Ann Arbor->NCSA, University of Illinois, Champaign | NCSA, University of Illinois, Champaign->MIDnet, Lincoln, NE",1
29,nsfnet,11,0.8,linear_autoregressive,critical_failure_fixed,"NCSA, University of Illinois, Champaign -> Merit Univ of Michigan, Ann Arbor & Merit Univ of Michigan, Ann Arbor -> NCSA, University of Illinois, Champaign",4,San Diego Supercomputer Center,"Merit Univ of Michigan, Ann Arbor",1,4.9508443,"San Diego Supercomputer Center | SEQSUINET, Rice University, Houston | NCSA, University of Illinois, Champaign | Merit Univ of Michigan, Ann Arbor","San Diego Supercomputer Center->SEQSUINET, Rice University, Houston | SEQSUINET, Rice University, Houston->NCSA, University of Illinois, Champaign | NCSA, University of Illinois, Champaign->Merit Univ of Michigan, Ann Arbor",1
29,nsfnet,11,0.8,linear_autoregressive,critical_failure_fixed,"NCSA, University of Illinois, Champaign -> Merit Univ of Michigan, Ann Arbor & Merit Univ of Michigan, Ann Arbor -> NCSA, University of Illinois, Champaign",5,"SURANET, Georgia Tech, Atlanta","Merit Univ of Michigan, Ann Arbor",1,4.9026376,"SURANET, Georgia Tech, Atlanta | SEQSUINET, Rice University, Houston | NCSA, University of Illinois, Champaign | Merit Univ of Michigan, Ann Arbor","SURANET, Georgia Tech, Atlanta->SEQSUINET, Rice University, Houston | SEQSUINET, Rice University, Houston->NCSA, University of Illinois, Champaign | NCSA, University of Illinois, Champaign->Merit Univ of Michigan, Ann Arbor",1
29,nsfnet,11,0.8,linear_autoregressive,random_failure_fixed,"NCSA, University of Illinois, Champaign -> Merit Univ of Michigan, Ann Arbor & Merit Univ of Michigan, Ann Arbor -> NCSA, University of Illinois, Champaign",1,"MIDnet, Lincoln, NE","Cornell Theory Center, Ithaca NY",1,5.1567307,"MIDnet, Lincoln, NE | NCSA, University of Illinois, Champaign | Merit Univ of Michigan, Ann Arbor | Cornell Theory Center, Ithaca NY","MIDnet, Lincoln, NE->NCSA, University of Illinois, Champaign | NCSA, University of Illinois, Champaign->Merit Univ of Michigan, Ann Arbor | Merit Univ of Michigan, Ann Arbor->Cornell Theory Center, Ithaca NY",1
29,nsfnet,11,0.8,linear_autoregressive,random_failure_fixed,"NCSA, University of Illinois, Champaign -> Merit Univ of Michigan, Ann Arbor & Merit Univ of Michigan, Ann Arbor -> NCSA, University of Illinois, Champaign",2,"Merit Univ of Michigan, Ann Arbor","NCSA, University of Illinois, Champaign",1,5.1308283,"Merit Univ of Michigan, Ann Arbor | NCSA, University of Illinois, Champaign","Merit Univ of Michigan, Ann Arbor->NCSA, University of Illinois, Champaign",1
29,nsfnet,11,0.8,linear_autoregressive,random_failure_fixed,"NCSA, University of Illinois, Champaign -> Merit Univ of Michigan, Ann Arbor & Merit Univ of Michigan, Ann Arbor -> NCSA, University of Illinois, Champaign",3,Pittsburgh Supercomputer Center,"MIDnet, Lincoln, NE",1,5.1178637,"Pittsburgh Supercomputer Center | Merit Univ of Michigan, Ann Arbor | NCSA, University of Illinois, Champaign | MIDnet, Lincoln, NE","Pittsburgh Supercomputer Center->Merit Univ of Michigan, Ann Arbor | Merit Univ of Michigan, Ann Arbor->NCSA, University of Illinois, Champaign | NCSA, University of Illinois, Champaign->MIDnet, Lincoln, NE",1
29,nsfnet,11,0.8,linear_autoregressive,random_failure_fixed,"NCSA, University of Illinois, Champaign -> Merit Univ of Michigan, Ann Arbor & Merit Univ of Michigan, Ann Arbor -> NCSA, University of Illinois, Champaign",4,San Diego Supercomputer Center,"Merit Univ of Michigan, Ann Arbor",1,4.9508443,"San Diego Supercomputer Center | SEQSUINET, Rice University, Houston | NCSA, University of Illinois, Champaign | Merit Univ of Michigan, Ann Arbor","San Diego Supercomputer Center->SEQSUINET, Rice University, Houston | SEQSUINET, Rice University, Houston->NCSA, University of Illinois, Champaign | NCSA, University of Illinois, Champaign->Merit Univ of Michigan, Ann Arbor",1
29,nsfnet,11,0.8,linear_autoregressive,random_failure_fixed,"NCSA, University of Illinois, Champaign -> Merit Univ of Michigan, Ann Arbor & Merit Univ of Michigan, Ann Arbor -> NCSA, University of Illinois, Champaign",5,"SURANET, Georgia Tech, Atlanta","Merit Univ of Michigan, Ann Arbor",1,4.9026376,"SURANET, Georgia Tech, Atlanta | SEQSUINET, Rice University, Houston | NCSA, University of Illinois, Champaign | Merit Univ of Michigan, Ann Arbor","SURANET, Georgia Tech, Atlanta->SEQSUINET, Rice University, Houston | SEQSUINET, Rice University, Houston->NCSA, University of Illinois, Champaign | NCSA, University of Illinois, Champaign->Merit Univ of Michigan, Ann Arbor",1
29,nsfnet,11,0.8,lstm,critical_failure_fixed,"NCSA, University of Illinois, Champaign -> Merit Univ of Michigan, Ann Arbor & Merit Univ of Michigan, Ann Arbor -> NCSA, University of Illinois, Champaign",1,"MIDnet, Lincoln, NE","Cornell Theory Center, Ithaca NY",1,4.3126502,"MIDnet, Lincoln, NE | NCSA, University of Illinois, Champaign | Merit Univ of Michigan, Ann Arbor | Cornell Theory Center, Ithaca NY","MIDnet, Lincoln, NE->NCSA, University of Illinois, Champaign | NCSA, University of Illinois, Champaign->Merit Univ of Michigan, Ann Arbor | Merit Univ of Michigan, Ann Arbor->Cornell Theory Center, Ithaca NY",1
29,nsfnet,11,0.8,lstm,critical_failure_fixed,"NCSA, University of Illinois, Champaign -> Merit Univ of Michigan, Ann Arbor & Merit Univ of Michigan, Ann Arbor -> NCSA, University of Illinois, Champaign",2,"Merit Univ of Michigan, Ann Arbor","NCSA, University of Illinois, Champaign",1,4.3047462,"Merit Univ of Michigan, Ann Arbor | NCSA, University of Illinois, Champaign","Merit Univ of Michigan, Ann Arbor->NCSA, University of Illinois, Champaign",1
29,nsfnet,11,0.8,lstm,critical_failure_fixed,"NCSA, University of Illinois, Champaign -> Merit Univ of Michigan, Ann Arbor & Merit Univ of Michigan, Ann Arbor -> NCSA, University of Illinois, Champaign",3,Pittsburgh Supercomputer Center,"MIDnet, Lincoln, NE",1,4.2568717,"Pittsburgh Supercomputer Center | Merit Univ of Michigan, Ann Arbor | NCSA, University of Illinois, Champaign | MIDnet, Lincoln, NE","Pittsburgh Supercomputer Center->Merit Univ of Michigan, Ann Arbor | Merit Univ of Michigan, Ann Arbor->NCSA, University of Illinois, Champaign | NCSA, University of Illinois, Champaign->MIDnet, Lincoln, NE",1
29,nsfnet,11,0.8,lstm,critical_failure_fixed,"NCSA, University of Illinois, Champaign -> Merit Univ of Michigan, Ann Arbor & Merit Univ of Michigan, Ann Arbor -> NCSA, University of Illinois, Champaign",4,"SURANET, Georgia Tech, Atlanta","Merit Univ of Michigan, Ann Arbor",1,4.0819569,"SURANET, Georgia Tech, Atlanta | SEQSUINET, Rice University, Houston | NCSA, University of Illinois, Champaign | Merit Univ of Michigan, Ann Arbor","SURANET, Georgia Tech, Atlanta->SEQSUINET, Rice University, Houston | SEQSUINET, Rice University, Houston->NCSA, University of Illinois, Champaign | NCSA, University of Illinois, Champaign->Merit Univ of Michigan, Ann Arbor",1
29,nsfnet,11,0.8,lstm,critical_failure_fixed,"NCSA, University of Illinois, Champaign -> Merit Univ of Michigan, Ann Arbor & Merit Univ of Michigan, Ann Arbor -> NCSA, University of Illinois, Champaign",5,San Diego Supercomputer Center,"Merit Univ of Michigan, Ann Arbor",1,3.9990675,"San Diego Supercomputer Center | SEQSUINET, Rice University, Houston | NCSA, University of Illinois, Champaign | Merit Univ of Michigan, Ann Arbor","San Diego Supercomputer Center->SEQSUINET, Rice University, Houston | SEQSUINET, Rice University, Houston->NCSA, University of Illinois, Champaign | NCSA, University of Illinois, Champaign->Merit Univ of Michigan, Ann Arbor",1
29,nsfnet,11,0.8,lstm,random_failure_fixed,"NCSA, University of Illinois, Champaign -> Merit Univ of Michigan, Ann Arbor & Merit Univ of Michigan, Ann Arbor -> NCSA, University of Illinois, Champaign",1,"MIDnet, Lincoln, NE","Cornell Theory Center, Ithaca NY",1,4.3126502,"MIDnet, Lincoln, NE | NCSA, University of Illinois, Champaign | Merit Univ of Michigan, Ann Arbor | Cornell Theory Center, Ithaca NY","MIDnet, Lincoln, NE->NCSA, University of Illinois, Champaign | NCSA, University of Illinois, Champaign->Merit Univ of Michigan, Ann Arbor | Merit Univ of Michigan, Ann Arbor->Cornell Theory Center, Ithaca NY",1
29,nsfnet,11,0.8,lstm,random_failure_fixed,"NCSA, University of Illinois, Champaign -> Merit Univ of Michigan, Ann Arbor & Merit Univ of Michigan, Ann Arbor -> NCSA, University of Illinois, Champaign",2,"Merit Univ of Michigan, Ann Arbor","NCSA, University of Illinois, Champaign",1,4.3047462,"Merit Univ of Michigan, Ann Arbor | NCSA, University of Illinois, Champaign","Merit Univ of Michigan, Ann Arbor->NCSA, University of Illinois, Champaign",1
29,nsfnet,11,0.8,lstm,random_failure_fixed,"NCSA, University of Illinois, Champaign -> Merit Univ of Michigan, Ann Arbor & Merit Univ of Michigan, Ann Arbor -> NCSA, University of Illinois, Champaign",3,Pittsburgh Supercomputer Center,"MIDnet, Lincoln, NE",1,4.2568717,"Pittsburgh Supercomputer Center | Merit Univ of Michigan, Ann Arbor | NCSA, University of Illinois, Champaign | MIDnet, Lincoln, NE","Pittsburgh Supercomputer Center->Merit Univ of Michigan, Ann Arbor | Merit Univ of Michigan, Ann Arbor->NCSA, University of Illinois, Champaign | NCSA, University of Illinois, Champaign->MIDnet, Lincoln, NE",1
29,nsfnet,11,0.8,lstm,random_failure_fixed,"NCSA, University of Illinois, Champaign -> Merit Univ of Michigan, Ann Arbor & Merit Univ of Michigan, Ann Arbor -> NCSA, University of Illinois, Champaign",4,"SURANET, Georgia Tech, Atlanta","Merit Univ of Michigan, Ann Arbor",1,4.0819569,"SURANET, Georgia Tech, Atlanta | SEQSUINET, Rice University, Houston | NCSA, University of Illinois, Champaign | Merit Univ of Michigan, Ann Arbor","SURANET, Georgia Tech, Atlanta->SEQSUINET, Rice University, Houston | SEQSUINET, Rice University, Houston->NCSA, University of Illinois, Champaign | NCSA, University of Illinois, Champaign->Merit Univ of Michigan, Ann Arbor",1
29,nsfnet,11,0.8,lstm,random_failure_fixed,"NCSA, University of Illinois, Champaign -> Merit Univ of Michigan, Ann Arbor & Merit Univ of Michigan, Ann Arbor -> NCSA, University of Illinois, Champaign",5,San Diego Supercomputer Center,"Merit Univ of Michigan, Ann Arbor",1,3.9990675,"San Diego Supercomputer Center | SEQSUINET, Rice University, Houston | NCSA, University of Illinois, Champaign | Merit Univ of Michigan, Ann Arbor","San Diego Supercomputer Center->SEQSUINET, Rice University, Houston | SEQSUINET, Rice University, Houston->NCSA, University of Illinois, Champaign | NCSA, University of Illinois, Champaign->Merit Univ of Michigan, Ann Arbor",1
29,nsfnet,11,0.8,uncertainty_aware_lstm_robust_lp,critical_failure_fixed,"NCSA, University of Illinois, Champaign -> Merit Univ of Michigan, Ann Arbor & Merit Univ of Michigan, Ann Arbor -> NCSA, University of Illinois, Champaign",1,"Westnet, Salt Lake City","Cornell Theory Center, Ithaca NY",1,4.6718936,"Westnet, Salt Lake City | NCAR, Boulder | NCSA, University of Illinois, Champaign | Merit Univ of Michigan, Ann Arbor | Cornell Theory Center, Ithaca NY","Westnet, Salt Lake City->NCAR, Boulder | NCAR, Boulder->NCSA, University of Illinois, Champaign | NCSA, University of Illinois, Champaign->Merit Univ of Michigan, Ann Arbor | Merit Univ of Michigan, Ann Arbor->Cornell Theory Center, Ithaca NY",1
29,nsfnet,11,0.8,uncertainty_aware_lstm_robust_lp,critical_failure_fixed,"NCSA, University of Illinois, Champaign -> Merit Univ of Michigan, Ann Arbor & Merit Univ of Michigan, Ann Arbor -> NCSA, University of Illinois, Champaign",2,"Merit Univ of Michigan, Ann Arbor","NCSA, University of Illinois, Champaign",1,4.5193624,"Merit Univ of Michigan, Ann Arbor | NCSA, University of Illinois, Champaign","Merit Univ of Michigan, Ann Arbor->NCSA, University of Illinois, Champaign",1
29,nsfnet,11,0.8,uncertainty_aware_lstm_robust_lp,critical_failure_fixed,"NCSA, University of Illinois, Champaign -> Merit Univ of Michigan, Ann Arbor & Merit Univ of Michigan, Ann Arbor -> NCSA, University of Illinois, Champaign",3,"MIDnet, Lincoln, NE","Cornell Theory Center, Ithaca NY",1,4.5185852,"MIDnet, Lincoln, NE | NCSA, University of Illinois, Champaign | Merit Univ of Michigan, Ann Arbor | Cornell Theory Center, Ithaca NY","MIDnet, Lincoln, NE->NCSA, University of Illinois, Champaign | NCSA, University of Illinois, Champaign->Merit Univ of Michigan, Ann Arbor | Merit Univ of Michigan, Ann Arbor->Cornell Theory Center, Ithaca NY",1
29,nsfnet,11,0.8,uncertainty_aware_lstm_robust_lp,critical_failure_fixed,"NCSA, University of Illinois, Champaign -> Merit Univ of Michigan, Ann Arbor & Merit Univ of Michigan, Ann Arbor -> NCSA, University of Illinois, Champaign",4,Pittsburgh Supercomputer Center,"MIDnet, Lincoln, NE",1,4.4433961,"Pittsburgh Supercomputer Center | Merit Univ of Michigan, Ann Arbor | NCSA, University of Illinois, Champaign | MIDnet, Lincoln, NE","Pittsburgh Supercomputer Center->Merit Univ of Michigan, Ann Arbor | Merit Univ of Michigan, Ann Arbor->NCSA, University of Illinois, Champaign | NCSA, University of Illinois, Champaign->MIDnet, Lincoln, NE",1
29,nsfnet,11,0.8,uncertainty_aware_lstm_robust_lp,critical_failure_fixed,"NCSA, University of Illinois, Champaign -> Merit Univ of Michigan, Ann Arbor & Merit Univ of Michigan, Ann Arbor -> NCSA, University of Illinois, Champaign",5,"Cornell Theory Center, Ithaca NY","NCAR, Boulder",1,4.0155287,"Cornell Theory Center, Ithaca NY | Merit Univ of Michigan, Ann Arbor | NCSA, University of Illinois, Champaign | NCAR, Boulder","Cornell Theory Center, Ithaca NY->Merit Univ of Michigan, Ann Arbor | Merit Univ of Michigan, Ann Arbor->NCSA, University of Illinois, Champaign | NCSA, University of Illinois, Champaign->NCAR, Boulder",1
29,nsfnet,11,0.8,uncertainty_aware_lstm_robust_lp,random_failure_fixed,"NCSA, University of Illinois, Champaign -> Merit Univ of Michigan, Ann Arbor & Merit Univ of Michigan, Ann Arbor -> NCSA, University of Illinois, Champaign",1,"Westnet, Salt Lake City","Cornell Theory Center, Ithaca NY",1,4.6718936,"Westnet, Salt Lake City | NCAR, Boulder | NCSA, University of Illinois, Champaign | Merit Univ of Michigan, Ann Arbor | Cornell Theory Center, Ithaca NY","Westnet, Salt Lake City->NCAR, Boulder | NCAR, Boulder->NCSA, University of Illinois, Champaign | NCSA, University of Illinois, Champaign->Merit Univ of Michigan, Ann Arbor | Merit Univ of Michigan, Ann Arbor->Cornell Theory Center, Ithaca NY",1
29,nsfnet,11,0.8,uncertainty_aware_lstm_robust_lp,random_failure_fixed,"NCSA, University of Illinois, Champaign -> Merit Univ of Michigan, Ann Arbor & Merit Univ of Michigan, Ann Arbor -> NCSA, University of Illinois, Champaign",2,"Merit Univ of Michigan, Ann Arbor","NCSA, University of Illinois, Champaign",1,4.5193624,"Merit Univ of Michigan, Ann Arbor | NCSA, University of Illinois, Champaign","Merit Univ of Michigan, Ann Arbor->NCSA, University of Illinois, Champaign",1
29,nsfnet,11,0.8,uncertainty_aware_lstm_robust_lp,random_failure_fixed,"NCSA, University of Illinois, Champaign -> Merit Univ of Michigan, Ann Arbor & Merit Univ of Michigan, Ann Arbor -> NCSA, University of Illinois, Champaign",3,"MIDnet, Lincoln, NE","Cornell Theory Center, Ithaca NY",1,4.5185852,"MIDnet, Lincoln, NE | NCSA, University of Illinois, Champaign | Merit Univ of Michigan, Ann Arbor | Cornell Theory Center, Ithaca NY","MIDnet, Lincoln, NE->NCSA, University of Illinois, Champaign | NCSA, University of Illinois, Champaign->Merit Univ of Michigan, Ann Arbor | Merit Univ of Michigan, Ann Arbor->Cornell Theory Center, Ithaca NY",1
29,nsfnet,11,0.8,uncertainty_aware_lstm_robust_lp,random_failure_fixed,"NCSA, University of Illinois, Champaign -> Merit Univ of Michigan, Ann Arbor & Merit Univ of Michigan, Ann Arbor -> NCSA, University of Illinois, Champaign",4,Pittsburgh Supercomputer Center,"MIDnet, Lincoln, NE",1,4.4433961,"Pittsburgh Supercomputer Center | Merit Univ of Michigan, Ann Arbor | NCSA, University of Illinois, Champaign | MIDnet, Lincoln, NE","Pittsburgh Supercomputer Center->Merit Univ of Michigan, Ann Arbor | Merit Univ of Michigan, Ann Arbor->NCSA, University of Illinois, Champaign | NCSA, University of Illinois, Champaign->MIDnet, Lincoln, NE",1
29,nsfnet,11,0.8,uncertainty_aware_lstm_robust_lp,random_failure_fixed,"NCSA, University of Illinois, Champaign -> Merit Univ of Michigan, Ann Arbor & Merit Univ of Michigan, Ann Arbor -> NCSA, University of Illinois, Champaign",5,"Cornell Theory Center, Ithaca NY","NCAR, Boulder",1,4.0155287,"Cornell Theory Center, Ithaca NY | Merit Univ of Michigan, Ann Arbor | NCSA, University of Illinois, Champaign | NCAR, Boulder","Cornell Theory Center, Ithaca NY->Merit Univ of Michigan, Ann Arbor | Merit Univ of Michigan, Ann Arbor->NCSA, University of Illinois, Champaign | NCSA, University of Illinois, Champaign->NCAR, Boulder",1
30,nsfnet,11,0.8,current_demand_lp,critical_failure_fixed,"NCSA, University of Illinois, Champaign -> Merit Univ of Michigan, Ann Arbor & Merit Univ of Michigan, Ann Arbor -> NCSA, University of Illinois, Champaign",1,Pittsburgh Supercomputer Center,"MIDnet, Lincoln, NE",1,4.7659763,"Pittsburgh Supercomputer Center | Merit Univ of Michigan, Ann Arbor | NCSA, University of Illinois, Champaign | MIDnet, Lincoln, NE","Pittsburgh Supercomputer Center->Merit Univ of Michigan, Ann Arbor | Merit Univ of Michigan, Ann Arbor->NCSA, University of Illinois, Champaign | NCSA, University of Illinois, Champaign->MIDnet, Lincoln, NE",1
30,nsfnet,11,0.8,current_demand_lp,critical_failure_fixed,"NCSA, University of Illinois, Champaign -> Merit Univ of Michigan, Ann Arbor & Merit Univ of Michigan, Ann Arbor -> NCSA, University of Illinois, Champaign",2,"MIDnet, Lincoln, NE","Cornell Theory Center, Ithaca NY",1,4.5756505,"MIDnet, Lincoln, NE | NCSA, University of Illinois, Champaign | Merit Univ of Michigan, Ann Arbor | Cornell Theory Center, Ithaca NY","MIDnet, Lincoln, NE->NCSA, University of Illinois, Champaign | NCSA, University of Illinois, Champaign->Merit Univ of Michigan, Ann Arbor | Merit Univ of Michigan, Ann Arbor->Cornell Theory Center, Ithaca NY",1
30,nsfnet,11,0.8,current_demand_lp,critical_failure_fixed,"NCSA, University of Illinois, Champaign -> Merit Univ of Michigan, Ann Arbor & Merit Univ of Michigan, Ann Arbor -> NCSA, University of Illinois, Champaign",3,"Merit Univ of Michigan, Ann Arbor","NCSA, University of Illinois, Champaign",1,4.5120697,"Merit Univ of Michigan, Ann Arbor | NCSA, University of Illinois, Champaign","Merit Univ of Michigan, Ann Arbor->NCSA, University of Illinois, Champaign",1
30,nsfnet,11,0.8,current_demand_lp,critical_failure_fixed,"NCSA, University of Illinois, Champaign -> Merit Univ of Michigan, Ann Arbor & Merit Univ of Michigan, Ann Arbor -> NCSA, University of Illinois, Champaign",4,"SURANET, Georgia Tech, Atlanta","Merit Univ of Michigan, Ann Arbor",1,4.4050602,"SURANET, Georgia Tech, Atlanta | SEQSUINET, Rice University, Houston | NCSA, University of Illinois, Champaign | Merit Univ of Michigan, Ann Arbor","SURANET, Georgia Tech, Atlanta->SEQSUINET, Rice University, Houston | SEQSUINET, Rice University, Houston->NCSA, University of Illinois, Champaign | NCSA, University of Illinois, Champaign->Merit Univ of Michigan, Ann Arbor",1
30,nsfnet,11,0.8,current_demand_lp,critical_failure_fixed,"NCSA, University of Illinois, Champaign -> Merit Univ of Michigan, Ann Arbor & Merit Univ of Michigan, Ann Arbor -> NCSA, University of Illinois, Champaign",5,San Diego Supercomputer Center,"Merit Univ of Michigan, Ann Arbor",1,4.197165,"San Diego Supercomputer Center | SEQSUINET, Rice University, Houston | NCSA, University of Illinois, Champaign | Merit Univ of Michigan, Ann Arbor","San Diego Supercomputer Center->SEQSUINET, Rice University, Houston | SEQSUINET, Rice University, Houston->NCSA, University of Illinois, Champaign | NCSA, University of Illinois, Champaign->Merit Univ of Michigan, Ann Arbor",1
30,nsfnet,11,0.8,current_demand_lp,random_failure_fixed,"SEQSUINET, Rice University, Houston -> NCSA, University of Illinois, Champaign & NCSA, University of Illinois, Champaign -> SEQSUINET, Rice University, Houston",1,"SURANET, Georgia Tech, Atlanta","Merit Univ of Michigan, Ann Arbor",1,4.4050602,"SURANET, Georgia Tech, Atlanta | SEQSUINET, Rice University, Houston | NCSA, University of Illinois, Champaign | Merit Univ of Michigan, Ann Arbor","SURANET, Georgia Tech, Atlanta->SEQSUINET, Rice University, Houston | SEQSUINET, Rice University, Houston->NCSA, University of Illinois, Champaign | NCSA, University of Illinois, Champaign->Merit Univ of Michigan, Ann Arbor",1
30,nsfnet,11,0.8,current_demand_lp,random_failure_fixed,"SEQSUINET, Rice University, Houston -> NCSA, University of Illinois, Champaign & NCSA, University of Illinois, Champaign -> SEQSUINET, Rice University, Houston",2,"NCSA, University of Illinois, Champaign","SURANET, Georgia Tech, Atlanta",1,4.3510126,"NCSA, University of Illinois, Champaign | SEQSUINET, Rice University, Houston | SURANET, Georgia Tech, Atlanta","NCSA, University of Illinois, Champaign->SEQSUINET, Rice University, Houston | SEQSUINET, Rice University, Houston->SURANET, Georgia Tech, Atlanta",1
30,nsfnet,11,0.8,current_demand_lp,random_failure_fixed,"SEQSUINET, Rice University, Houston -> NCSA, University of Illinois, Champaign & NCSA, University of Illinois, Champaign -> SEQSUINET, Rice University, Houston",3,San Diego Supercomputer Center,"NCSA, University of Illinois, Champaign",1,4.2196181,"San Diego Supercomputer Center | SEQSUINET, Rice University, Houston | NCSA, University of Illinois, Champaign","San Diego Supercomputer Center->SEQSUINET, Rice University, Houston | SEQSUINET, Rice University, Houston->NCSA, University of Illinois, Champaign",1
30,nsfnet,11,0.8,current_demand_lp,random_failure_fixed,"SEQSUINET, Rice University, Houston -> NCSA, University of Illinois, Champaign & NCSA, University of Illinois, Champaign -> SEQSUINET, Rice University, Houston",4,"SEQSUINET, Rice University, Houston","Westnet, Salt Lake City",1,4.2114955,"SEQSUINET, Rice University, Houston | NCSA, University of Illinois, Champaign | NCAR, Boulder | Westnet, Salt Lake City","SEQSUINET, Rice University, Houston->NCSA, University of Illinois, Champaign | NCSA, University of Illinois, Champaign->NCAR, Boulder | NCAR, Boulder->Westnet, Salt Lake City",1
30,nsfnet,11,0.8,current_demand_lp,random_failure_fixed,"SEQSUINET, Rice University, Houston -> NCSA, University of Illinois, Champaign & NCSA, University of Illinois, Champaign -> SEQSUINET, Rice University, Houston",5,San Diego Supercomputer Center,"Merit Univ of Michigan, Ann Arbor",1,4.197165,"San Diego Supercomputer Center | SEQSUINET, Rice University, Houston | NCSA, University of Illinois, Champaign | Merit Univ of Michigan, Ann Arbor","San Diego Supercomputer Center->SEQSUINET, Rice University, Houston | SEQSUINET, Rice University, Houston->NCSA, University of Illinois, Champaign | NCSA, University of Illinois, Champaign->Merit Univ of Michigan, Ann Arbor",1
30,nsfnet,11,0.8,robust_current_demand_lp,critical_failure_fixed,"NCSA, University of Illinois, Champaign -> Merit Univ of Michigan, Ann Arbor & Merit Univ of Michigan, Ann Arbor -> NCSA, University of Illinois, Champaign",1,Pittsburgh Supercomputer Center,"MIDnet, Lincoln, NE",1,4.7659763,"Pittsburgh Supercomputer Center | Merit Univ of Michigan, Ann Arbor | NCSA, University of Illinois, Champaign | MIDnet, Lincoln, NE","Pittsburgh Supercomputer Center->Merit Univ of Michigan, Ann Arbor | Merit Univ of Michigan, Ann Arbor->NCSA, University of Illinois, Champaign | NCSA, University of Illinois, Champaign->MIDnet, Lincoln, NE",1
30,nsfnet,11,0.8,robust_current_demand_lp,critical_failure_fixed,"NCSA, University of Illinois, Champaign -> Merit Univ of Michigan, Ann Arbor & Merit Univ of Michigan, Ann Arbor -> NCSA, University of Illinois, Champaign",2,"MIDnet, Lincoln, NE","Cornell Theory Center, Ithaca NY",1,4.5756505,"MIDnet, Lincoln, NE | NCSA, University of Illinois, Champaign | Merit Univ of Michigan, Ann Arbor | Cornell Theory Center, Ithaca NY","MIDnet, Lincoln, NE->NCSA, University of Illinois, Champaign | NCSA, University of Illinois, Champaign->Merit Univ of Michigan, Ann Arbor | Merit Univ of Michigan, Ann Arbor->Cornell Theory Center, Ithaca NY",1
30,nsfnet,11,0.8,robust_current_demand_lp,critical_failure_fixed,"NCSA, University of Illinois, Champaign -> Merit Univ of Michigan, Ann Arbor & Merit Univ of Michigan, Ann Arbor -> NCSA, University of Illinois, Champaign",3,"Merit Univ of Michigan, Ann Arbor","NCSA, University of Illinois, Champaign",1,4.5120697,"Merit Univ of Michigan, Ann Arbor | NCSA, University of Illinois, Champaign","Merit Univ of Michigan, Ann Arbor->NCSA, University of Illinois, Champaign",1
30,nsfnet,11,0.8,robust_current_demand_lp,critical_failure_fixed,"NCSA, University of Illinois, Champaign -> Merit Univ of Michigan, Ann Arbor & Merit Univ of Michigan, Ann Arbor -> NCSA, University of Illinois, Champaign",4,"Westnet, Salt Lake City","Cornell Theory Center, Ithaca NY",1,4.2506233,"Westnet, Salt Lake City | NCAR, Boulder | NCSA, University of Illinois, Champaign | Merit Univ of Michigan, Ann Arbor | Cornell Theory Center, Ithaca NY","Westnet, Salt Lake City->NCAR, Boulder | NCAR, Boulder->NCSA, University of Illinois, Champaign | NCSA, University of Illinois, Champaign->Merit Univ of Michigan, Ann Arbor | Merit Univ of Michigan, Ann Arbor->Cornell Theory Center, Ithaca NY",1
30,nsfnet,11,0.8,robust_current_demand_lp,critical_failure_fixed,"NCSA, University of Illinois, Champaign -> Merit Univ of Michigan, Ann Arbor & Merit Univ of Michigan, Ann Arbor -> NCSA, University of Illinois, Champaign",5,"NCSA, University of Illinois, Champaign","Merit Univ of Michigan, Ann Arbor",1,3.8953729,"NCSA, University of Illinois, Champaign | Merit Univ of Michigan, Ann Arbor","NCSA, University of Illinois, Champaign->Merit Univ of Michigan, Ann Arbor",1
30,nsfnet,11,0.8,robust_current_demand_lp,random_failure_fixed,"SEQSUINET, Rice University, Houston -> NCSA, University of Illinois, Champaign & NCSA, University of Illinois, Champaign -> SEQSUINET, Rice University, Houston",1,"NCSA, University of Illinois, Champaign","SURANET, Georgia Tech, Atlanta",1,4.3510126,"NCSA, University of Illinois, Champaign | SEQSUINET, Rice University, Houston | SURANET, Georgia Tech, Atlanta","NCSA, University of Illinois, Champaign->SEQSUINET, Rice University, Houston | SEQSUINET, Rice University, Houston->SURANET, Georgia Tech, Atlanta",1
30,nsfnet,11,0.8,robust_current_demand_lp,random_failure_fixed,"SEQSUINET, Rice University, Houston -> NCSA, University of Illinois, Champaign & NCSA, University of Illinois, Champaign -> SEQSUINET, Rice University, Houston",2,San Diego Supercomputer Center,"NCSA, University of Illinois, Champaign",1,4.2196181,"San Diego Supercomputer Center | SEQSUINET, Rice University, Houston | NCSA, University of Illinois, Champaign","San Diego Supercomputer Center->SEQSUINET, Rice University, Houston | SEQSUINET, Rice University, Houston->NCSA, University of Illinois, Champaign",1
30,nsfnet,11,0.8,robust_current_demand_lp,random_failure_fixed,"SEQSUINET, Rice University, Houston -> NCSA, University of Illinois, Champaign & NCSA, University of Illinois, Champaign -> SEQSUINET, Rice University, Houston",3,"SEQSUINET, Rice University, Houston","Westnet, Salt Lake City",1,4.2114955,"SEQSUINET, Rice University, Houston | NCSA, University of Illinois, Champaign | NCAR, Boulder | Westnet, Salt Lake City","SEQSUINET, Rice University, Houston->NCSA, University of Illinois, Champaign | NCSA, University of Illinois, Champaign->NCAR, Boulder | NCAR, Boulder->Westnet, Salt Lake City",1
30,nsfnet,11,0.8,robust_current_demand_lp,random_failure_fixed,"SEQSUINET, Rice University, Houston -> NCSA, University of Illinois, Champaign & NCSA, University of Illinois, Champaign -> SEQSUINET, Rice University, Houston",4,"SURANET, Georgia Tech, Atlanta","MIDnet, Lincoln, NE",1,4.1693959,"SURANET, Georgia Tech, Atlanta | SEQSUINET, Rice University, Houston | NCSA, University of Illinois, Champaign | MIDnet, Lincoln, NE","SURANET, Georgia Tech, Atlanta->SEQSUINET, Rice University, Houston | SEQSUINET, Rice University, Houston->NCSA, University of Illinois, Champaign | NCSA, University of Illinois, Champaign->MIDnet, Lincoln, NE",1
30,nsfnet,11,0.8,robust_current_demand_lp,random_failure_fixed,"SEQSUINET, Rice University, Houston -> NCSA, University of Illinois, Champaign & NCSA, University of Illinois, Champaign -> SEQSUINET, Rice University, Houston",5,"MIDnet, Lincoln, NE","SEQSUINET, Rice University, Houston",1,3.8586661,"MIDnet, Lincoln, NE | NCSA, University of Illinois, Champaign | SEQSUINET, Rice University, Houston","MIDnet, Lincoln, NE->NCSA, University of Illinois, Champaign | NCSA, University of Illinois, Champaign->SEQSUINET, Rice University, Houston",1
30,nsfnet,11,0.8,moving_average,critical_failure_fixed,"NCSA, University of Illinois, Champaign -> Merit Univ of Michigan, Ann Arbor & Merit Univ of Michigan, Ann Arbor -> NCSA, University of Illinois, Champaign",1,Pittsburgh Supercomputer Center,"MIDnet, Lincoln, NE",1,5.5126758,"Pittsburgh Supercomputer Center | Merit Univ of Michigan, Ann Arbor | NCSA, University of Illinois, Champaign | MIDnet, Lincoln, NE","Pittsburgh Supercomputer Center->Merit Univ of Michigan, Ann Arbor | Merit Univ of Michigan, Ann Arbor->NCSA, University of Illinois, Champaign | NCSA, University of Illinois, Champaign->MIDnet, Lincoln, NE",1
30,nsfnet,11,0.8,moving_average,critical_failure_fixed,"NCSA, University of Illinois, Champaign -> Merit Univ of Michigan, Ann Arbor & Merit Univ of Michigan, Ann Arbor -> NCSA, University of Illinois, Champaign",2,"Merit Univ of Michigan, Ann Arbor","NCSA, University of Illinois, Champaign",1,5.4620339,"Merit Univ of Michigan, Ann Arbor | NCSA, University of Illinois, Champaign","Merit Univ of Michigan, Ann Arbor->NCSA, University of Illinois, Champaign",1
30,nsfnet,11,0.8,moving_average,critical_failure_fixed,"NCSA, University of Illinois, Champaign -> Merit Univ of Michigan, Ann Arbor & Merit Univ of Michigan, Ann Arbor -> NCSA, University of Illinois, Champaign",3,"MIDnet, Lincoln, NE","Cornell Theory Center, Ithaca NY",1,5.3307507,"MIDnet, Lincoln, NE | NCSA, University of Illinois, Champaign | Merit Univ of Michigan, Ann Arbor | Cornell Theory Center, Ithaca NY","MIDnet, Lincoln, NE->NCSA, University of Illinois, Champaign | NCSA, University of Illinois, Champaign->Merit Univ of Michigan, Ann Arbor | Merit Univ of Michigan, Ann Arbor->Cornell Theory Center, Ithaca NY",1
30,nsfnet,11,0.8,moving_average,critical_failure_fixed,"NCSA, University of Illinois, Champaign -> Merit Univ of Michigan, Ann Arbor & Merit Univ of Michigan, Ann Arbor -> NCSA, University of Illinois, Champaign",4,"SURANET, Georgia Tech, Atlanta","Merit Univ of Michigan, Ann Arbor",1,5.2368713,"SURANET, Georgia Tech, Atlanta | SEQSUINET, Rice University, Houston | NCSA, University of Illinois, Champaign | Merit Univ of Michigan, Ann Arbor","SURANET, Georgia Tech, Atlanta->SEQSUINET, Rice University, Houston | SEQSUINET, Rice University, Houston->NCSA, University of Illinois, Champaign | NCSA, University of Illinois, Champaign->Merit Univ of Michigan, Ann Arbor",1
30,nsfnet,11,0.8,moving_average,critical_failure_fixed,"NCSA, University of Illinois, Champaign -> Merit Univ of Michigan, Ann Arbor & Merit Univ of Michigan, Ann Arbor -> NCSA, University of Illinois, Champaign",5,San Diego Supercomputer Center,"Merit Univ of Michigan, Ann Arbor",1,5.009527,"San Diego Supercomputer Center | SEQSUINET, Rice University, Houston | NCSA, University of Illinois, Champaign | Merit Univ of Michigan, Ann Arbor","San Diego Supercomputer Center->SEQSUINET, Rice University, Houston | SEQSUINET, Rice University, Houston->NCSA, University of Illinois, Champaign | NCSA, University of Illinois, Champaign->Merit Univ of Michigan, Ann Arbor",1
30,nsfnet,11,0.8,moving_average,random_failure_fixed,"SEQSUINET, Rice University, Houston -> NCSA, University of Illinois, Champaign & NCSA, University of Illinois, Champaign -> SEQSUINET, Rice University, Houston",1,"NCSA, University of Illinois, Champaign","SURANET, Georgia Tech, Atlanta",1,5.2944999,"NCSA, University of Illinois, Champaign | SEQSUINET, Rice University, Houston | SURANET, Georgia Tech, Atlanta","NCSA, University of Illinois, Champaign->SEQSUINET, Rice University, Houston | SEQSUINET, Rice University, Houston->SURANET, Georgia Tech, Atlanta",1
30,nsfnet,11,0.8,moving_average,random_failure_fixed,"SEQSUINET, Rice University, Houston -> NCSA, University of Illinois, Champaign & NCSA, University of Illinois, Champaign -> SEQSUINET, Rice University, Houston",2,"SEQSUINET, Rice University, Houston","Westnet, Salt Lake City",1,5.2528873,"SEQSUINET, Rice University, Houston | NCSA, University of Illinois, Champaign | NCAR, Boulder | Westnet, Salt Lake City","SEQSUINET, Rice University, Houston->NCSA, University of Illinois, Champaign | NCSA, University of Illinois, Champaign->NCAR, Boulder | NCAR, Boulder->Westnet, Salt Lake City",1
30,nsfnet,11,0.8,moving_average,random_failure_fixed,"SEQSUINET, Rice University, Houston -> NCSA, University of Illinois, Champaign & NCSA, University of Illinois, Champaign -> SEQSUINET, Rice University, Houston",3,"SURANET, Georgia Tech, Atlanta","Merit Univ of Michigan, Ann Arbor",1,5.2368713,"SURANET, Georgia Tech, Atlanta | SEQSUINET, Rice University, Houston | NCSA, University of Illinois, Champaign | Merit Univ of Michigan, Ann Arbor","SURANET, Georgia Tech, Atlanta->SEQSUINET, Rice University, Houston | SEQSUINET, Rice University, Houston->NCSA, University of Illinois, Champaign | NCSA, University of Illinois, Champaign->Merit Univ of Michigan, Ann Arbor",1
30,nsfnet,11,0.8,moving_average,random_failure_fixed,"SEQSUINET, Rice University, Houston -> NCSA, University of Illinois, Champaign & NCSA, University of Illinois, Champaign -> SEQSUINET, Rice University, Houston",4,"MIDnet, Lincoln, NE","SEQSUINET, Rice University, Houston",1,5.0940718,"MIDnet, Lincoln, NE | NCSA, University of Illinois, Champaign | SEQSUINET, Rice University, Houston","MIDnet, Lincoln, NE->NCSA, University of Illinois, Champaign | NCSA, University of Illinois, Champaign->SEQSUINET, Rice University, Houston",1
30,nsfnet,11,0.8,moving_average,random_failure_fixed,"SEQSUINET, Rice University, Houston -> NCSA, University of Illinois, Champaign & NCSA, University of Illinois, Champaign -> SEQSUINET, Rice University, Houston",5,San Diego Supercomputer Center,"Merit Univ of Michigan, Ann Arbor",1,5.009527,"San Diego Supercomputer Center | SEQSUINET, Rice University, Houston | NCSA, University of Illinois, Champaign | Merit Univ of Michigan, Ann Arbor","San Diego Supercomputer Center->SEQSUINET, Rice University, Houston | SEQSUINET, Rice University, Houston->NCSA, University of Illinois, Champaign | NCSA, University of Illinois, Champaign->Merit Univ of Michigan, Ann Arbor",1
30,nsfnet,11,0.8,linear_autoregressive,critical_failure_fixed,"NCSA, University of Illinois, Champaign -> Merit Univ of Michigan, Ann Arbor & Merit Univ of Michigan, Ann Arbor -> NCSA, University of Illinois, Champaign",1,"Merit Univ of Michigan, Ann Arbor","NCSA, University of Illinois, Champaign",1,4.2809896,"Merit Univ of Michigan, Ann Arbor | NCSA, University of Illinois, Champaign","Merit Univ of Michigan, Ann Arbor->NCSA, University of Illinois, Champaign",1
30,nsfnet,11,0.8,linear_autoregressive,critical_failure_fixed,"NCSA, University of Illinois, Champaign -> Merit Univ of Michigan, Ann Arbor & Merit Univ of Michigan, Ann Arbor -> NCSA, University of Illinois, Champaign",2,Pittsburgh Supercomputer Center,"MIDnet, Lincoln, NE",1,4.2742739,"Pittsburgh Supercomputer Center | Merit Univ of Michigan, Ann Arbor | NCSA, University of Illinois, Champaign | MIDnet, Lincoln, NE","Pittsburgh Supercomputer Center->Merit Univ of Michigan, Ann Arbor | Merit Univ of Michigan, Ann Arbor->NCSA, University of Illinois, Champaign | NCSA, University of Illinois, Champaign->MIDnet, Lincoln, NE",1
30,nsfnet,11,0.8,linear_autoregressive,critical_failure_fixed,"NCSA, University of Illinois, Champaign -> Merit Univ of Michigan, Ann Arbor & Merit Univ of Michigan, Ann Arbor -> NCSA, University of Illinois, Champaign",3,"MIDnet, Lincoln, NE","Cornell Theory Center, Ithaca NY",1,4.1838952,"MIDnet, Lincoln, NE | NCSA, University of Illinois, Champaign | Merit Univ of Michigan, Ann Arbor | Cornell Theory Center, Ithaca NY","MIDnet, Lincoln, NE->NCSA, University of Illinois, Champaign | NCSA, University of Illinois, Champaign->Merit Univ of Michigan, Ann Arbor | Merit Univ of Michigan, Ann Arbor->Cornell Theory Center, Ithaca NY",1
30,nsfnet,11,0.8,linear_autoregressive,critical_failure_fixed,"NCSA, University of Illinois, Champaign -> Merit Univ of Michigan, Ann Arbor & Merit Univ of Michigan, Ann Arbor -> NCSA, University of Illinois, Champaign",4,San Diego Supercomputer Center,"Merit Univ of Michigan, Ann Arbor",1,4.1108874,"San Diego Supercomputer Center | SEQSUINET, Rice University, Houston | NCSA, University of Illinois, Champaign | Merit Univ of Michigan, Ann Arbor","San Diego Supercomputer Center->SEQSUINET, Rice University, Houston | SEQSUINET, Rice University, Houston->NCSA, University of Illinois, Champaign | NCSA, University of Illinois, Champaign->Merit Univ of Michigan, Ann Arbor",1
30,nsfnet,11,0.8,linear_autoregressive,critical_failure_fixed,"NCSA, University of Illinois, Champaign -> Merit Univ of Michigan, Ann Arbor & Merit Univ of Michigan, Ann Arbor -> NCSA, University of Illinois, Champaign",5,"SURANET, Georgia Tech, Atlanta","Merit Univ of Michigan, Ann Arbor",1,3.9634255,"SURANET, Georgia Tech, Atlanta | SEQSUINET, Rice University, Houston | NCSA, University of Illinois, Champaign | Merit Univ of Michigan, Ann Arbor","SURANET, Georgia Tech, Atlanta->SEQSUINET, Rice University, Houston | SEQSUINET, Rice University, Houston->NCSA, University of Illinois, Champaign | NCSA, University of Illinois, Champaign->Merit Univ of Michigan, Ann Arbor",1
30,nsfnet,11,0.8,linear_autoregressive,random_failure_fixed,"SEQSUINET, Rice University, Houston -> NCSA, University of Illinois, Champaign & NCSA, University of Illinois, Champaign -> SEQSUINET, Rice University, Houston",1,"SEQSUINET, Rice University, Houston","Westnet, Salt Lake City",1,4.2084078,"SEQSUINET, Rice University, Houston | NCSA, University of Illinois, Champaign | NCAR, Boulder | Westnet, Salt Lake City","SEQSUINET, Rice University, Houston->NCSA, University of Illinois, Champaign | NCSA, University of Illinois, Champaign->NCAR, Boulder | NCAR, Boulder->Westnet, Salt Lake City",1
30,nsfnet,11,0.8,linear_autoregressive,random_failure_fixed,"SEQSUINET, Rice University, Houston -> NCSA, University of Illinois, Champaign & NCSA, University of Illinois, Champaign -> SEQSUINET, Rice University, Houston",2,San Diego Supercomputer Center,"Merit Univ of Michigan, Ann Arbor",1,4.1108874,"San Diego Supercomputer Center | SEQSUINET, Rice University, Houston | NCSA, University of Illinois, Champaign | Merit Univ of Michigan, Ann Arbor","San Diego Supercomputer Center->SEQSUINET, Rice University, Houston | SEQSUINET, Rice University, Houston->NCSA, University of Illinois, Champaign | NCSA, University of Illinois, Champaign->Merit Univ of Michigan, Ann Arbor",1
30,nsfnet,11,0.8,linear_autoregressive,random_failure_fixed,"SEQSUINET, Rice University, Houston -> NCSA, University of Illinois, Champaign & NCSA, University of Illinois, Champaign -> SEQSUINET, Rice University, Houston",3,"MIDnet, Lincoln, NE","SEQSUINET, Rice University, Houston",1,4.0853229,"MIDnet, Lincoln, NE | NCSA, University of Illinois, Champaign | SEQSUINET, Rice University, Houston","MIDnet, Lincoln, NE->NCSA, University of Illinois, Champaign | NCSA, University of Illinois, Champaign->SEQSUINET, Rice University, Houston",1
30,nsfnet,11,0.8,linear_autoregressive,random_failure_fixed,"SEQSUINET, Rice University, Houston -> NCSA, University of Illinois, Champaign & NCSA, University of Illinois, Champaign -> SEQSUINET, Rice University, Houston",4,"SURANET, Georgia Tech, Atlanta","Merit Univ of Michigan, Ann Arbor",1,3.9634255,"SURANET, Georgia Tech, Atlanta | SEQSUINET, Rice University, Houston | NCSA, University of Illinois, Champaign | Merit Univ of Michigan, Ann Arbor","SURANET, Georgia Tech, Atlanta->SEQSUINET, Rice University, Houston | SEQSUINET, Rice University, Houston->NCSA, University of Illinois, Champaign | NCSA, University of Illinois, Champaign->Merit Univ of Michigan, Ann Arbor",1
30,nsfnet,11,0.8,linear_autoregressive,random_failure_fixed,"SEQSUINET, Rice University, Houston -> NCSA, University of Illinois, Champaign & NCSA, University of Illinois, Champaign -> SEQSUINET, Rice University, Houston",5,San Diego Supercomputer Center,"NCSA, University of Illinois, Champaign",1,3.8067362,"San Diego Supercomputer Center | SEQSUINET, Rice University, Houston | NCSA, University of Illinois, Champaign","San Diego Supercomputer Center->SEQSUINET, Rice University, Houston | SEQSUINET, Rice University, Houston->NCSA, University of Illinois, Champaign",1
30,nsfnet,11,0.8,lstm,critical_failure_fixed,"NCSA, University of Illinois, Champaign -> Merit Univ of Michigan, Ann Arbor & Merit Univ of Michigan, Ann Arbor -> NCSA, University of Illinois, Champaign",1,"MIDnet, Lincoln, NE","Cornell Theory Center, Ithaca NY",1,4.3126502,"MIDnet, Lincoln, NE | NCSA, University of Illinois, Champaign | Merit Univ of Michigan, Ann Arbor | Cornell Theory Center, Ithaca NY","MIDnet, Lincoln, NE->NCSA, University of Illinois, Champaign | NCSA, University of Illinois, Champaign->Merit Univ of Michigan, Ann Arbor | Merit Univ of Michigan, Ann Arbor->Cornell Theory Center, Ithaca NY",1
30,nsfnet,11,0.8,lstm,critical_failure_fixed,"NCSA, University of Illinois, Champaign -> Merit Univ of Michigan, Ann Arbor & Merit Univ of Michigan, Ann Arbor -> NCSA, University of Illinois, Champaign",2,"Merit Univ of Michigan, Ann Arbor","NCSA, University of Illinois, Champaign",1,4.3047462,"Merit Univ of Michigan, Ann Arbor | NCSA, University of Illinois, Champaign","Merit Univ of Michigan, Ann Arbor->NCSA, University of Illinois, Champaign",1
30,nsfnet,11,0.8,lstm,critical_failure_fixed,"NCSA, University of Illinois, Champaign -> Merit Univ of Michigan, Ann Arbor & Merit Univ of Michigan, Ann Arbor -> NCSA, University of Illinois, Champaign",3,Pittsburgh Supercomputer Center,"MIDnet, Lincoln, NE",1,4.2568717,"Pittsburgh Supercomputer Center | Merit Univ of Michigan, Ann Arbor | NCSA, University of Illinois, Champaign | MIDnet, Lincoln, NE","Pittsburgh Supercomputer Center->Merit Univ of Michigan, Ann Arbor | Merit Univ of Michigan, Ann Arbor->NCSA, University of Illinois, Champaign | NCSA, University of Illinois, Champaign->MIDnet, Lincoln, NE",1
30,nsfnet,11,0.8,lstm,critical_failure_fixed,"NCSA, University of Illinois, Champaign -> Merit Univ of Michigan, Ann Arbor & Merit Univ of Michigan, Ann Arbor -> NCSA, University of Illinois, Champaign",4,"SURANET, Georgia Tech, Atlanta","Merit Univ of Michigan, Ann Arbor",1,4.0819569,"SURANET, Georgia Tech, Atlanta | SEQSUINET, Rice University, Houston | NCSA, University of Illinois, Champaign | Merit Univ of Michigan, Ann Arbor","SURANET, Georgia Tech, Atlanta->SEQSUINET, Rice University, Houston | SEQSUINET, Rice University, Houston->NCSA, University of Illinois, Champaign | NCSA, University of Illinois, Champaign->Merit Univ of Michigan, Ann Arbor",1
30,nsfnet,11,0.8,lstm,critical_failure_fixed,"NCSA, University of Illinois, Champaign -> Merit Univ of Michigan, Ann Arbor & Merit Univ of Michigan, Ann Arbor -> NCSA, University of Illinois, Champaign",5,San Diego Supercomputer Center,"Merit Univ of Michigan, Ann Arbor",1,3.9990675,"San Diego Supercomputer Center | SEQSUINET, Rice University, Houston | NCSA, University of Illinois, Champaign | Merit Univ of Michigan, Ann Arbor","San Diego Supercomputer Center->SEQSUINET, Rice University, Houston | SEQSUINET, Rice University, Houston->NCSA, University of Illinois, Champaign | NCSA, University of Illinois, Champaign->Merit Univ of Michigan, Ann Arbor",1
30,nsfnet,11,0.8,lstm,random_failure_fixed,"SEQSUINET, Rice University, Houston -> NCSA, University of Illinois, Champaign & NCSA, University of Illinois, Champaign -> SEQSUINET, Rice University, Houston",1,"MIDnet, Lincoln, NE","SEQSUINET, Rice University, Houston",1,4.1346197,"MIDnet, Lincoln, NE | NCSA, University of Illinois, Champaign | SEQSUINET, Rice University, Houston","MIDnet, Lincoln, NE->NCSA, University of Illinois, Champaign | NCSA, University of Illinois, Champaign->SEQSUINET, Rice University, Houston",1
30,nsfnet,11,0.8,lstm,random_failure_fixed,"SEQSUINET, Rice University, Houston -> NCSA, University of Illinois, Champaign & NCSA, University of Illinois, Champaign -> SEQSUINET, Rice University, Houston",2,"SURANET, Georgia Tech, Atlanta","Merit Univ of Michigan, Ann Arbor",1,4.0819569,"SURANET, Georgia Tech, Atlanta | SEQSUINET, Rice University, Houston | NCSA, University of Illinois, Champaign | Merit Univ of Michigan, Ann Arbor","SURANET, Georgia Tech, Atlanta->SEQSUINET, Rice University, Houston | SEQSUINET, Rice University, Houston->NCSA, University of Illinois, Champaign | NCSA, University of Illinois, Champaign->Merit Univ of Michigan, Ann Arbor",1
30,nsfnet,11,0.8,lstm,random_failure_fixed,"SEQSUINET, Rice University, Houston -> NCSA, University of Illinois, Champaign & NCSA, University of Illinois, Champaign -> SEQSUINET, Rice University, Houston",3,"SEQSUINET, Rice University, Houston","Westnet, Salt Lake City",1,4.0434332,"SEQSUINET, Rice University, Houston | NCSA, University of Illinois, Champaign | NCAR, Boulder | Westnet, Salt Lake City","SEQSUINET, Rice University, Houston->NCSA, University of Illinois, Champaign | NCSA, University of Illinois, Champaign->NCAR, Boulder | NCAR, Boulder->Westnet, Salt Lake City",1
30,nsfnet,11,0.8,lstm,random_failure_fixed,"SEQSUINET, Rice University, Houston -> NCSA, University of Illinois, Champaign & NCSA, University of Illinois, Champaign -> SEQSUINET, Rice University, Houston",4,San Diego Supercomputer Center,"Merit Univ of Michigan, Ann Arbor",1,3.9990675,"San Diego Supercomputer Center | SEQSUINET, Rice University, Houston | NCSA, University of Illinois, Champaign | Merit Univ of Michigan, Ann Arbor","San Diego Supercomputer Center->SEQSUINET, Rice University, Houston | SEQSUINET, Rice University, Houston->NCSA, University of Illinois, Champaign | NCSA, University of Illinois, Champaign->Merit Univ of Michigan, Ann Arbor",1
30,nsfnet,11,0.8,lstm,random_failure_fixed,"SEQSUINET, Rice University, Houston -> NCSA, University of Illinois, Champaign & NCSA, University of Illinois, Champaign -> SEQSUINET, Rice University, Houston",5,San Diego Supercomputer Center,"NCSA, University of Illinois, Champaign",1,3.8775704,"San Diego Supercomputer Center | SEQSUINET, Rice University, Houston | NCSA, University of Illinois, Champaign","San Diego Supercomputer Center->SEQSUINET, Rice University, Houston | SEQSUINET, Rice University, Houston->NCSA, University of Illinois, Champaign",1
30,nsfnet,11,0.8,uncertainty_aware_lstm_robust_lp,critical_failure_fixed,"NCSA, University of Illinois, Champaign -> Merit Univ of Michigan, Ann Arbor & Merit Univ of Michigan, Ann Arbor -> NCSA, University of Illinois, Champaign",1,"Westnet, Salt Lake City","Cornell Theory Center, Ithaca NY",1,4.6718936,"Westnet, Salt Lake City | NCAR, Boulder | NCSA, University of Illinois, Champaign | Merit Univ of Michigan, Ann Arbor | Cornell Theory Center, Ithaca NY","Westnet, Salt Lake City->NCAR, Boulder | NCAR, Boulder->NCSA, University of Illinois, Champaign | NCSA, University of Illinois, Champaign->Merit Univ of Michigan, Ann Arbor | Merit Univ of Michigan, Ann Arbor->Cornell Theory Center, Ithaca NY",1
30,nsfnet,11,0.8,uncertainty_aware_lstm_robust_lp,critical_failure_fixed,"NCSA, University of Illinois, Champaign -> Merit Univ of Michigan, Ann Arbor & Merit Univ of Michigan, Ann Arbor -> NCSA, University of Illinois, Champaign",2,"Merit Univ of Michigan, Ann Arbor","NCSA, University of Illinois, Champaign",1,4.5193624,"Merit Univ of Michigan, Ann Arbor | NCSA, University of Illinois, Champaign","Merit Univ of Michigan, Ann Arbor->NCSA, University of Illinois, Champaign",1
30,nsfnet,11,0.8,uncertainty_aware_lstm_robust_lp,critical_failure_fixed,"NCSA, University of Illinois, Champaign -> Merit Univ of Michigan, Ann Arbor & Merit Univ of Michigan, Ann Arbor -> NCSA, University of Illinois, Champaign",3,"MIDnet, Lincoln, NE","Cornell Theory Center, Ithaca NY",1,4.5185852,"MIDnet, Lincoln, NE | NCSA, University of Illinois, Champaign | Merit Univ of Michigan, Ann Arbor | Cornell Theory Center, Ithaca NY","MIDnet, Lincoln, NE->NCSA, University of Illinois, Champaign | NCSA, University of Illinois, Champaign->Merit Univ of Michigan, Ann Arbor | Merit Univ of Michigan, Ann Arbor->Cornell Theory Center, Ithaca NY",1
30,nsfnet,11,0.8,uncertainty_aware_lstm_robust_lp,critical_failure_fixed,"NCSA, University of Illinois, Champaign -> Merit Univ of Michigan, Ann Arbor & Merit Univ of Michigan, Ann Arbor -> NCSA, University of Illinois, Champaign",4,Pittsburgh Supercomputer Center,"MIDnet, Lincoln, NE",1,4.4433961,"Pittsburgh Supercomputer Center | Merit Univ of Michigan, Ann Arbor | NCSA, University of Illinois, Champaign | MIDnet, Lincoln, NE","Pittsburgh Supercomputer Center->Merit Univ of Michigan, Ann Arbor | Merit Univ of Michigan, Ann Arbor->NCSA, University of Illinois, Champaign | NCSA, University of Illinois, Champaign->MIDnet, Lincoln, NE",1
30,nsfnet,11,0.8,uncertainty_aware_lstm_robust_lp,critical_failure_fixed,"NCSA, University of Illinois, Champaign -> Merit Univ of Michigan, Ann Arbor & Merit Univ of Michigan, Ann Arbor -> NCSA, University of Illinois, Champaign",5,"Cornell Theory Center, Ithaca NY","NCAR, Boulder",1,4.0155287,"Cornell Theory Center, Ithaca NY | Merit Univ of Michigan, Ann Arbor | NCSA, University of Illinois, Champaign | NCAR, Boulder","Cornell Theory Center, Ithaca NY->Merit Univ of Michigan, Ann Arbor | Merit Univ of Michigan, Ann Arbor->NCSA, University of Illinois, Champaign | NCSA, University of Illinois, Champaign->NCAR, Boulder",1
30,nsfnet,11,0.8,uncertainty_aware_lstm_robust_lp,random_failure_fixed,"SEQSUINET, Rice University, Houston -> NCSA, University of Illinois, Champaign & NCSA, University of Illinois, Champaign -> SEQSUINET, Rice University, Houston",1,"MIDnet, Lincoln, NE","SEQSUINET, Rice University, Houston",1,4.3445168,"MIDnet, Lincoln, NE | NCSA, University of Illinois, Champaign | SEQSUINET, Rice University, Houston","MIDnet, Lincoln, NE->NCSA, University of Illinois, Champaign | NCSA, University of Illinois, Champaign->SEQSUINET, Rice University, Houston",1
30,nsfnet,11,0.8,uncertainty_aware_lstm_robust_lp,random_failure_fixed,"SEQSUINET, Rice University, Houston -> NCSA, University of Illinois, Champaign & NCSA, University of Illinois, Champaign -> SEQSUINET, Rice University, Houston",2,"SEQSUINET, Rice University, Houston","Westnet, Salt Lake City",1,4.2287307,"SEQSUINET, Rice University, Houston | NCSA, University of Illinois, Champaign | NCAR, Boulder | Westnet, Salt Lake City","SEQSUINET, Rice University, Houston->NCSA, University of Illinois, Champaign | NCSA, University of Illinois, Champaign->NCAR, Boulder | NCAR, Boulder->Westnet, Salt Lake City",1
30,nsfnet,11,0.8,uncertainty_aware_lstm_robust_lp,random_failure_fixed,"SEQSUINET, Rice University, Houston -> NCSA, University of Illinois, Champaign & NCSA, University of Illinois, Champaign -> SEQSUINET, Rice University, Houston",3,"NCSA, University of Illinois, Champaign","SEQSUINET, Rice University, Houston",1,4.0506401,"NCSA, University of Illinois, Champaign | SEQSUINET, Rice University, Houston","NCSA, University of Illinois, Champaign->SEQSUINET, Rice University, Houston",1
30,nsfnet,11,0.8,uncertainty_aware_lstm_robust_lp,random_failure_fixed,"SEQSUINET, Rice University, Houston -> NCSA, University of Illinois, Champaign & NCSA, University of Illinois, Champaign -> SEQSUINET, Rice University, Houston",4,San Diego Supercomputer Center,"NCSA, University of Illinois, Champaign",1,4.0260859,"San Diego Supercomputer Center | SEQSUINET, Rice University, Houston | NCSA, University of Illinois, Champaign","San Diego Supercomputer Center->SEQSUINET, Rice University, Houston | SEQSUINET, Rice University, Houston->NCSA, University of Illinois, Champaign",1
30,nsfnet,11,0.8,uncertainty_aware_lstm_robust_lp,random_failure_fixed,"SEQSUINET, Rice University, Houston -> NCSA, University of Illinois, Champaign & NCSA, University of Illinois, Champaign -> SEQSUINET, Rice University, Houston",5,"Westnet, Salt Lake City","SEQSUINET, Rice University, Houston",1,3.9800613,"Westnet, Salt Lake City | NCAR, Boulder | NCSA, University of Illinois, Champaign | SEQSUINET, Rice University, Houston","Westnet, Salt Lake City->NCAR, Boulder | NCAR, Boulder->NCSA, University of Illinois, Champaign | NCSA, University of Illinois, Champaign->SEQSUINET, Rice University, Houston",1
31,nsfnet,11,0.8,current_demand_lp,critical_failure_fixed,"NCSA, University of Illinois, Champaign -> Merit Univ of Michigan, Ann Arbor & Merit Univ of Michigan, Ann Arbor -> NCSA, University of Illinois, Champaign",1,"Merit Univ of Michigan, Ann Arbor","NCSA, University of Illinois, Champaign",1,3.8166025,"Merit Univ of Michigan, Ann Arbor | NCSA, University of Illinois, Champaign","Merit Univ of Michigan, Ann Arbor->NCSA, University of Illinois, Champaign",1
31,nsfnet,11,0.8,current_demand_lp,critical_failure_fixed,"NCSA, University of Illinois, Champaign -> Merit Univ of Michigan, Ann Arbor & Merit Univ of Michigan, Ann Arbor -> NCSA, University of Illinois, Champaign",2,"SURANET, Georgia Tech, Atlanta","Merit Univ of Michigan, Ann Arbor",1,3.7399904,"SURANET, Georgia Tech, Atlanta | SEQSUINET, Rice University, Houston | NCSA, University of Illinois, Champaign | Merit Univ of Michigan, Ann Arbor","SURANET, Georgia Tech, Atlanta->SEQSUINET, Rice University, Houston | SEQSUINET, Rice University, Houston->NCSA, University of Illinois, Champaign | NCSA, University of Illinois, Champaign->Merit Univ of Michigan, Ann Arbor",1
31,nsfnet,11,0.8,current_demand_lp,critical_failure_fixed,"NCSA, University of Illinois, Champaign -> Merit Univ of Michigan, Ann Arbor & Merit Univ of Michigan, Ann Arbor -> NCSA, University of Illinois, Champaign",3,San Diego Supercomputer Center,"Merit Univ of Michigan, Ann Arbor",1,3.6675659,"San Diego Supercomputer Center | SEQSUINET, Rice University, Houston | NCSA, University of Illinois, Champaign | Merit Univ of Michigan, Ann Arbor","San Diego Supercomputer Center->SEQSUINET, Rice University, Houston | SEQSUINET, Rice University, Houston->NCSA, University of Illinois, Champaign | NCSA, University of Illinois, Champaign->Merit Univ of Michigan, Ann Arbor",1
31,nsfnet,11,0.8,current_demand_lp,critical_failure_fixed,"NCSA, University of Illinois, Champaign -> Merit Univ of Michigan, Ann Arbor & Merit Univ of Michigan, Ann Arbor -> NCSA, University of Illinois, Champaign",4,"Merit Univ of Michigan, Ann Arbor","Westnet, Salt Lake City",1,3.633606,"Merit Univ of Michigan, Ann Arbor | NCSA, University of Illinois, Champaign | NCAR, Boulder | Westnet, Salt Lake City","Merit Univ of Michigan, Ann Arbor->NCSA, University of Illinois, Champaign | NCSA, University of Illinois, Champaign->NCAR, Boulder | NCAR, Boulder->Westnet, Salt Lake City",1
31,nsfnet,11,0.8,current_demand_lp,critical_failure_fixed,"NCSA, University of Illinois, Champaign -> Merit Univ of Michigan, Ann Arbor & Merit Univ of Michigan, Ann Arbor -> NCSA, University of Illinois, Champaign",5,"NCSA, University of Illinois, Champaign",Pittsburgh Supercomputer Center,1,3.5072111,"NCSA, University of Illinois, Champaign | Merit Univ of Michigan, Ann Arbor | Pittsburgh Supercomputer Center","NCSA, University of Illinois, Champaign->Merit Univ of Michigan, Ann Arbor | Merit Univ of Michigan, Ann Arbor->Pittsburgh Supercomputer Center",1
31,nsfnet,11,0.8,current_demand_lp,random_failure_fixed,"NorthWestNet, Seattle -> BARRnet, Palo Alto & BARRnet, Palo Alto -> NorthWestNet, Seattle",1,"Westnet, Salt Lake City","Cornell Theory Center, Ithaca NY",1,3.841473,"Westnet, Salt Lake City | NCAR, Boulder | NorthWestNet, Seattle | BARRnet, Palo Alto | Merit Univ of Michigan, Ann Arbor | Cornell Theory Center, Ithaca NY","Westnet, Salt Lake City->NCAR, Boulder | NCAR, Boulder->NorthWestNet, Seattle | NorthWestNet, Seattle->BARRnet, Palo Alto | BARRnet, Palo Alto->Merit Univ of Michigan, Ann Arbor | Merit Univ of Michigan, Ann Arbor->Cornell Theory Center, Ithaca NY",1
31,nsfnet,11,0.8,current_demand_lp,random_failure_fixed,"NorthWestNet, Seattle -> BARRnet, Palo Alto & BARRnet, Palo Alto -> NorthWestNet, Seattle",2,"SEQSUINET, Rice University, Houston","NorthWestNet, Seattle",1,3.8273974,"SEQSUINET, Rice University, Houston | San Diego Supercomputer Center | BARRnet, Palo Alto | NorthWestNet, Seattle","SEQSUINET, Rice University, Houston->San Diego Supercomputer Center | San Diego Supercomputer Center->BARRnet, Palo Alto | BARRnet, Palo Alto->NorthWestNet, Seattle",1
31,nsfnet,11,0.8,current_demand_lp,random_failure_fixed,"NorthWestNet, Seattle -> BARRnet, Palo Alto & BARRnet, Palo Alto -> NorthWestNet, Seattle",3,"BARRnet, Palo Alto","Westnet, Salt Lake City",1,3.79618,"BARRnet, Palo Alto | NorthWestNet, Seattle | NCAR, Boulder | Westnet, Salt Lake City","BARRnet, Palo Alto->NorthWestNet, Seattle | NorthWestNet, Seattle->NCAR, Boulder | NCAR, Boulder->Westnet, Salt Lake City",1
31,nsfnet,11,0.8,current_demand_lp,random_failure_fixed,"NorthWestNet, Seattle -> BARRnet, Palo Alto & BARRnet, Palo Alto -> NorthWestNet, Seattle",4,"NorthWestNet, Seattle",Pittsburgh Supercomputer Center,1,3.3444772,"NorthWestNet, Seattle | BARRnet, Palo Alto | Merit Univ of Michigan, Ann Arbor | Pittsburgh Supercomputer Center","NorthWestNet, Seattle->BARRnet, Palo Alto | BARRnet, Palo Alto->Merit Univ of Michigan, Ann Arbor | Merit Univ of Michigan, Ann Arbor->Pittsburgh Supercomputer Center",1
31,nsfnet,11,0.8,current_demand_lp,random_failure_fixed,"NorthWestNet, Seattle -> BARRnet, Palo Alto & BARRnet, Palo Alto -> NorthWestNet, Seattle",5,Pittsburgh Supercomputer Center,"NorthWestNet, Seattle",1,3.3422694,"Pittsburgh Supercomputer Center | Merit Univ of Michigan, Ann Arbor | BARRnet, Palo Alto | NorthWestNet, Seattle","Pittsburgh Supercomputer Center->Merit Univ of Michigan, Ann Arbor | Merit Univ of Michigan, Ann Arbor->BARRnet, Palo Alto | BARRnet, Palo Alto->NorthWestNet, Seattle",1
31,nsfnet,11,0.8,robust_current_demand_lp,critical_failure_fixed,"NCSA, University of Illinois, Champaign -> Merit Univ of Michigan, Ann Arbor & Merit Univ of Michigan, Ann Arbor -> NCSA, University of Illinois, Champaign",1,"Westnet, Salt Lake City","Cornell Theory Center, Ithaca NY",1,3.841473,"Westnet, Salt Lake City | NCAR, Boulder | NCSA, University of Illinois, Champaign | Merit Univ of Michigan, Ann Arbor | Cornell Theory Center, Ithaca NY","Westnet, Salt Lake City->NCAR, Boulder | NCAR, Boulder->NCSA, University of Illinois, Champaign | NCSA, University of Illinois, Champaign->Merit Univ of Michigan, Ann Arbor | Merit Univ of Michigan, Ann Arbor->Cornell Theory Center, Ithaca NY",1
31,nsfnet,11,0.8,robust_current_demand_lp,critical_failure_fixed,"NCSA, University of Illinois, Champaign -> Merit Univ of Michigan, Ann Arbor & Merit Univ of Michigan, Ann Arbor -> NCSA, University of Illinois, Champaign",2,"Merit Univ of Michigan, Ann Arbor","NCSA, University of Illinois, Champaign",1,3.8166025,"Merit Univ of Michigan, Ann Arbor | NCSA, University of Illinois, Champaign","Merit Univ of Michigan, Ann Arbor->NCSA, University of Illinois, Champaign",1
31,nsfnet,11,0.8,robust_current_demand_lp,critical_failure_fixed,"NCSA, University of Illinois, Champaign -> Merit Univ of Michigan, Ann Arbor & Merit Univ of Michigan, Ann Arbor -> NCSA, University of Illinois, Champaign",3,"Merit Univ of Michigan, Ann Arbor","Westnet, Salt Lake City",1,3.633606,"Merit Univ of Michigan, Ann Arbor | NCSA, University of Illinois, Champaign | NCAR, Boulder | Westnet, Salt Lake City","Merit Univ of Michigan, Ann Arbor->NCSA, University of Illinois, Champaign | NCSA, University of Illinois, Champaign->NCAR, Boulder | NCAR, Boulder->Westnet, Salt Lake City",1
31,nsfnet,11,0.8,robust_current_demand_lp,critical_failure_fixed,"NCSA, University of Illinois, Champaign -> Merit Univ of Michigan, Ann Arbor & Merit Univ of Michigan, Ann Arbor -> NCSA, University of Illinois, Champaign",4,"NCSA, University of Illinois, Champaign",Pittsburgh Supercomputer Center,1,3.5072111,"NCSA, University of Illinois, Champaign | Merit Univ of Michigan, Ann Arbor | Pittsburgh Supercomputer Center","NCSA, University of Illinois, Champaign->Merit Univ of Michigan, Ann Arbor | Merit Univ of Michigan, Ann Arbor->Pittsburgh Supercomputer Center",1
31,nsfnet,11,0.8,robust_current_demand_lp,critical_failure_fixed,"NCSA, University of Illinois, Champaign -> Merit Univ of Michigan, Ann Arbor & Merit Univ of Michigan, Ann Arbor -> NCSA, University of Illinois, Champaign",5,Pittsburgh Supercomputer Center,"MIDnet, Lincoln, NE",1,3.5039081,"Pittsburgh Supercomputer Center | Merit Univ of Michigan, Ann Arbor | NCSA, University of Illinois, Champaign | MIDnet, Lincoln, NE","Pittsburgh Supercomputer Center->Merit Univ of Michigan, Ann Arbor | Merit Univ of Michigan, Ann Arbor->NCSA, University of Illinois, Champaign | NCSA, University of Illinois, Champaign->MIDnet, Lincoln, NE",1
31,nsfnet,11,0.8,robust_current_demand_lp,random_failure_fixed,"NorthWestNet, Seattle -> BARRnet, Palo Alto & BARRnet, Palo Alto -> NorthWestNet, Seattle",1,"SEQSUINET, Rice University, Houston","NorthWestNet, Seattle",1,3.8273974,"SEQSUINET, Rice University, Houston | San Diego Supercomputer Center | BARRnet, Palo Alto | NorthWestNet, Seattle","SEQSUINET, Rice University, Houston->San Diego Supercomputer Center | San Diego Supercomputer Center->BARRnet, Palo Alto | BARRnet, Palo Alto->NorthWestNet, Seattle",1
31,nsfnet,11,0.8,robust_current_demand_lp,random_failure_fixed,"NorthWestNet, Seattle -> BARRnet, Palo Alto & BARRnet, Palo Alto -> NorthWestNet, Seattle",2,"BARRnet, Palo Alto","Westnet, Salt Lake City",1,3.79618,"BARRnet, Palo Alto | NorthWestNet, Seattle | NCAR, Boulder | Westnet, Salt Lake City","BARRnet, Palo Alto->NorthWestNet, Seattle | NorthWestNet, Seattle->NCAR, Boulder | NCAR, Boulder->Westnet, Salt Lake City",1
31,nsfnet,11,0.8,robust_current_demand_lp,random_failure_fixed,"NorthWestNet, Seattle -> BARRnet, Palo Alto & BARRnet, Palo Alto -> NorthWestNet, Seattle",3,"NorthWestNet, Seattle",Pittsburgh Supercomputer Center,1,3.3444772,"NorthWestNet, Seattle | BARRnet, Palo Alto | Merit Univ of Michigan, Ann Arbor | Pittsburgh Supercomputer Center","NorthWestNet, Seattle->BARRnet, Palo Alto | BARRnet, Palo Alto->Merit Univ of Michigan, Ann Arbor | Merit Univ of Michigan, Ann Arbor->Pittsburgh Supercomputer Center",1
31,nsfnet,11,0.8,robust_current_demand_lp,random_failure_fixed,"NorthWestNet, Seattle -> BARRnet, Palo Alto & BARRnet, Palo Alto -> NorthWestNet, Seattle",4,Pittsburgh Supercomputer Center,"NorthWestNet, Seattle",1,3.3422694,"Pittsburgh Supercomputer Center | Merit Univ of Michigan, Ann Arbor | BARRnet, Palo Alto | NorthWestNet, Seattle","Pittsburgh Supercomputer Center->Merit Univ of Michigan, Ann Arbor | Merit Univ of Michigan, Ann Arbor->BARRnet, Palo Alto | BARRnet, Palo Alto->NorthWestNet, Seattle",1
31,nsfnet,11,0.8,robust_current_demand_lp,random_failure_fixed,"NorthWestNet, Seattle -> BARRnet, Palo Alto & BARRnet, Palo Alto -> NorthWestNet, Seattle",5,"Merit Univ of Michigan, Ann Arbor","NorthWestNet, Seattle",1,3.2402701,"Merit Univ of Michigan, Ann Arbor | BARRnet, Palo Alto | NorthWestNet, Seattle","Merit Univ of Michigan, Ann Arbor->BARRnet, Palo Alto | BARRnet, Palo Alto->NorthWestNet, Seattle",1
31,nsfnet,11,0.8,moving_average,critical_failure_fixed,"NCSA, University of Illinois, Champaign -> Merit Univ of Michigan, Ann Arbor & Merit Univ of Michigan, Ann Arbor -> NCSA, University of Illinois, Champaign",1,Pittsburgh Supercomputer Center,"MIDnet, Lincoln, NE",1,4.8417127,"Pittsburgh Supercomputer Center | Merit Univ of Michigan, Ann Arbor | NCSA, University of Illinois, Champaign | MIDnet, Lincoln, NE","Pittsburgh Supercomputer Center->Merit Univ of Michigan, Ann Arbor | Merit Univ of Michigan, Ann Arbor->NCSA, University of Illinois, Champaign | NCSA, University of Illinois, Champaign->MIDnet, Lincoln, NE",1
31,nsfnet,11,0.8,moving_average,critical_failure_fixed,"NCSA, University of Illinois, Champaign -> Merit Univ of Michigan, Ann Arbor & Merit Univ of Michigan, Ann Arbor -> NCSA, University of Illinois, Champaign",2,"SURANET, Georgia Tech, Atlanta","Merit Univ of Michigan, Ann Arbor",1,4.7552784,"SURANET, Georgia Tech, Atlanta | SEQSUINET, Rice University, Houston | NCSA, University of Illinois, Champaign | Merit Univ of Michigan, Ann Arbor","SURANET, Georgia Tech, Atlanta->SEQSUINET, Rice University, Houston | SEQSUINET, Rice University, Houston->NCSA, University of Illinois, Champaign | NCSA, University of Illinois, Champaign->Merit Univ of Michigan, Ann Arbor",1
31,nsfnet,11,0.8,moving_average,critical_failure_fixed,"NCSA, University of Illinois, Champaign -> Merit Univ of Michigan, Ann Arbor & Merit Univ of Michigan, Ann Arbor -> NCSA, University of Illinois, Champaign",3,"Merit Univ of Michigan, Ann Arbor","NCSA, University of Illinois, Champaign",1,4.7433687,"Merit Univ of Michigan, Ann Arbor | NCSA, University of Illinois, Champaign","Merit Univ of Michigan, Ann Arbor->NCSA, University of Illinois, Champaign",1
31,nsfnet,11,0.8,moving_average,critical_failure_fixed,"NCSA, University of Illinois, Champaign -> Merit Univ of Michigan, Ann Arbor & Merit Univ of Michigan, Ann Arbor -> NCSA, University of Illinois, Champaign",4,"MIDnet, Lincoln, NE","Cornell Theory Center, Ithaca NY",1,4.6911223,"MIDnet, Lincoln, NE | NCSA, University of Illinois, Champaign | Merit Univ of Michigan, Ann Arbor | Cornell Theory Center, Ithaca NY","MIDnet, Lincoln, NE->NCSA, University of Illinois, Champaign | NCSA, University of Illinois, Champaign->Merit Univ of Michigan, Ann Arbor | Merit Univ of Michigan, Ann Arbor->Cornell Theory Center, Ithaca NY",1
31,nsfnet,11,0.8,moving_average,critical_failure_fixed,"NCSA, University of Illinois, Champaign -> Merit Univ of Michigan, Ann Arbor & Merit Univ of Michigan, Ann Arbor -> NCSA, University of Illinois, Champaign",5,San Diego Supercomputer Center,"Merit Univ of Michigan, Ann Arbor",1,4.520668,"San Diego Supercomputer Center | SEQSUINET, Rice University, Houston | NCSA, University of Illinois, Champaign | Merit Univ of Michigan, Ann Arbor","San Diego Supercomputer Center->SEQSUINET, Rice University, Houston | SEQSUINET, Rice University, Houston->NCSA, University of Illinois, Champaign | NCSA, University of Illinois, Champaign->Merit Univ of Michigan, Ann Arbor",1
31,nsfnet,11,0.8,moving_average,random_failure_fixed,"NorthWestNet, Seattle -> BARRnet, Palo Alto & BARRnet, Palo Alto -> NorthWestNet, Seattle",1,"SEQSUINET, Rice University, Houston","NorthWestNet, Seattle",1,4.6268567,"SEQSUINET, Rice University, Houston | San Diego Supercomputer Center | BARRnet, Palo Alto | NorthWestNet, Seattle","SEQSUINET, Rice University, Houston->San Diego Supercomputer Center | San Diego Supercomputer Center->BARRnet, Palo Alto | BARRnet, Palo Alto->NorthWestNet, Seattle",1
31,nsfnet,11,0.8,moving_average,random_failure_fixed,"NorthWestNet, Seattle -> BARRnet, Palo Alto & BARRnet, Palo Alto -> NorthWestNet, Seattle",2,Pittsburgh Supercomputer Center,"NorthWestNet, Seattle",1,4.6062684,"Pittsburgh Supercomputer Center | Merit Univ of Michigan, Ann Arbor | BARRnet, Palo Alto | NorthWestNet, Seattle","Pittsburgh Supercomputer Center->Merit Univ of Michigan, Ann Arbor | Merit Univ of Michigan, Ann Arbor->BARRnet, Palo Alto | BARRnet, Palo Alto->NorthWestNet, Seattle",1
31,nsfnet,11,0.8,moving_average,random_failure_fixed,"NorthWestNet, Seattle -> BARRnet, Palo Alto & BARRnet, Palo Alto -> NorthWestNet, Seattle",3,"NorthWestNet, Seattle",Pittsburgh Supercomputer Center,1,4.4881587,"NorthWestNet, Seattle | BARRnet, Palo Alto | Merit Univ of Michigan, Ann Arbor | Pittsburgh Supercomputer Center","NorthWestNet, Seattle->BARRnet, Palo Alto | BARRnet, Palo Alto->Merit Univ of Michigan, Ann Arbor | Merit Univ of Michigan, Ann Arbor->Pittsburgh Supercomputer Center",1
31,nsfnet,11,0.8,moving_average,random_failure_fixed,"NorthWestNet, Seattle -> BARRnet, Palo Alto & BARRnet, Palo Alto -> NorthWestNet, Seattle",4,"BARRnet, Palo Alto","Westnet, Salt Lake City",1,4.3547794,"BARRnet, Palo Alto | NorthWestNet, Seattle | NCAR, Boulder | Westnet, Salt Lake City","BARRnet, Palo Alto->NorthWestNet, Seattle | NorthWestNet, Seattle->NCAR, Boulder | NCAR, Boulder->Westnet, Salt Lake City",1
31,nsfnet,11,0.8,moving_average,random_failure_fixed,"NorthWestNet, Seattle -> BARRnet, Palo Alto & BARRnet, Palo Alto -> NorthWestNet, Seattle",5,"Jon Von Neumann Center, Princeton, NJ","NorthWestNet, Seattle",1,4.3390536,"Jon Von Neumann Center, Princeton, NJ | SURANET, Georgia Tech, Atlanta | SEQSUINET, Rice University, Houston | San Diego Supercomputer Center | BARRnet, Palo Alto | NorthWestNet, Seattle","Jon Von Neumann Center, Princeton, NJ->SURANET, Georgia Tech, Atlanta | SURANET, Georgia Tech, Atlanta->SEQSUINET, Rice University, Houston | SEQSUINET, Rice University, Houston->San Diego Supercomputer Center | San Diego Supercomputer Center->BARRnet, Palo Alto | BARRnet, Palo Alto->NorthWestNet, Seattle",1
31,nsfnet,11,0.8,linear_autoregressive,critical_failure_fixed,"NCSA, University of Illinois, Champaign -> Merit Univ of Michigan, Ann Arbor & Merit Univ of Michigan, Ann Arbor -> NCSA, University of Illinois, Champaign",1,"Merit Univ of Michigan, Ann Arbor","NCSA, University of Illinois, Champaign",1,4.0523272,"Merit Univ of Michigan, Ann Arbor | NCSA, University of Illinois, Champaign","Merit Univ of Michigan, Ann Arbor->NCSA, University of Illinois, Champaign",1
31,nsfnet,11,0.8,linear_autoregressive,critical_failure_fixed,"NCSA, University of Illinois, Champaign -> Merit Univ of Michigan, Ann Arbor & Merit Univ of Michigan, Ann Arbor -> NCSA, University of Illinois, Champaign",2,"MIDnet, Lincoln, NE","Cornell Theory Center, Ithaca NY",1,4.0003521,"MIDnet, Lincoln, NE | NCSA, University of Illinois, Champaign | Merit Univ of Michigan, Ann Arbor | Cornell Theory Center, Ithaca NY","MIDnet, Lincoln, NE->NCSA, University of Illinois, Champaign | NCSA, University of Illinois, Champaign->Merit Univ of Michigan, Ann Arbor | Merit Univ of Michigan, Ann Arbor->Cornell Theory Center, Ithaca NY",1
31,nsfnet,11,0.8,linear_autoregressive,critical_failure_fixed,"NCSA, University of Illinois, Champaign -> Merit Univ of Michigan, Ann Arbor & Merit Univ of Michigan, Ann Arbor -> NCSA, University of Illinois, Champaign",3,Pittsburgh Supercomputer Center,"MIDnet, Lincoln, NE",1,3.9552126,"Pittsburgh Supercomputer Center | Merit Univ of Michigan, Ann Arbor | NCSA, University of Illinois, Champaign | MIDnet, Lincoln, NE","Pittsburgh Supercomputer Center->Merit Univ of Michigan, Ann Arbor | Merit Univ of Michigan, Ann Arbor->NCSA, University of Illinois, Champaign | NCSA, University of Illinois, Champaign->MIDnet, Lincoln, NE",1
31,nsfnet,11,0.8,linear_autoregressive,critical_failure_fixed,"NCSA, University of Illinois, Champaign -> Merit Univ of Michigan, Ann Arbor & Merit Univ of Michigan, Ann Arbor -> NCSA, University of Illinois, Champaign",4,"SURANET, Georgia Tech, Atlanta","Merit Univ of Michigan, Ann Arbor",1,3.7393423,"SURANET, Georgia Tech, Atlanta | SEQSUINET, Rice University, Houston | NCSA, University of Illinois, Champaign | Merit Univ of Michigan, Ann Arbor","SURANET, Georgia Tech, Atlanta->SEQSUINET, Rice University, Houston | SEQSUINET, Rice University, Houston->NCSA, University of Illinois, Champaign | NCSA, University of Illinois, Champaign->Merit Univ of Michigan, Ann Arbor",1
31,nsfnet,11,0.8,linear_autoregressive,critical_failure_fixed,"NCSA, University of Illinois, Champaign -> Merit Univ of Michigan, Ann Arbor & Merit Univ of Michigan, Ann Arbor -> NCSA, University of Illinois, Champaign",5,San Diego Supercomputer Center,"Merit Univ of Michigan, Ann Arbor",1,0.28825421,"San Diego Supercomputer Center | BARRnet, Palo Alto | Merit Univ of Michigan, Ann Arbor","San Diego Supercomputer Center->BARRnet, Palo Alto | BARRnet, Palo Alto->Merit Univ of Michigan, Ann Arbor",0
31,nsfnet,11,0.8,linear_autoregressive,critical_failure_fixed,"NCSA, University of Illinois, Champaign -> Merit Univ of Michigan, Ann Arbor & Merit Univ of Michigan, Ann Arbor -> NCSA, University of Illinois, Champaign",5,San Diego Supercomputer Center,"Merit Univ of Michigan, Ann Arbor",2,3.6977562,"San Diego Supercomputer Center | SEQSUINET, Rice University, Houston | NCSA, University of Illinois, Champaign | Merit Univ of Michigan, Ann Arbor","San Diego Supercomputer Center->SEQSUINET, Rice University, Houston | SEQSUINET, Rice University, Houston->NCSA, University of Illinois, Champaign | NCSA, University of Illinois, Champaign->Merit Univ of Michigan, Ann Arbor",1
31,nsfnet,11,0.8,linear_autoregressive,random_failure_fixed,"NorthWestNet, Seattle -> BARRnet, Palo Alto & BARRnet, Palo Alto -> NorthWestNet, Seattle",1,"NorthWestNet, Seattle",Pittsburgh Supercomputer Center,1,4.0527646,"NorthWestNet, Seattle | BARRnet, Palo Alto | Merit Univ of Michigan, Ann Arbor | Pittsburgh Supercomputer Center","NorthWestNet, Seattle->BARRnet, Palo Alto | BARRnet, Palo Alto->Merit Univ of Michigan, Ann Arbor | Merit Univ of Michigan, Ann Arbor->Pittsburgh Supercomputer Center",1
31,nsfnet,11,0.8,linear_autoregressive,random_failure_fixed,"NorthWestNet, Seattle -> BARRnet, Palo Alto & BARRnet, Palo Alto -> NorthWestNet, Seattle",2,"SEQSUINET, Rice University, Houston","NorthWestNet, Seattle",1,3.9665904,"SEQSUINET, Rice University, Houston | San Diego Supercomputer Center | BARRnet, Palo Alto | NorthWestNet, Seattle","SEQSUINET, Rice University, Houston->San Diego Supercomputer Center | San Diego Supercomputer Center->BARRnet, Palo Alto | BARRnet, Palo Alto->NorthWestNet, Seattle",1
31,nsfnet,11,0.8,linear_autoregressive,random_failure_fixed,"NorthWestNet, Seattle -> BARRnet, Palo Alto & BARRnet, Palo Alto -> NorthWestNet, Seattle",3,"Merit Univ of Michigan, Ann Arbor","NorthWestNet, Seattle",1,3.9175642,"Merit Univ of Michigan, Ann Arbor | BARRnet, Palo Alto | NorthWestNet, Seattle","Merit Univ of Michigan, Ann Arbor->BARRnet, Palo Alto | BARRnet, Palo Alto->NorthWestNet, Seattle",1
31,nsfnet,11,0.8,linear_autoregressive,random_failure_fixed,"NorthWestNet, Seattle -> BARRnet, Palo Alto & BARRnet, Palo Alto -> NorthWestNet, Seattle",4,"Jon Von Neumann Center, Princeton, NJ","NorthWestNet, Seattle",1,3.8495696,"Jon Von Neumann Center, Princeton, NJ | SURANET, Georgia Tech, Atlanta | SEQSUINET, Rice University, Houston | San Diego Supercomputer Center | BARRnet, Palo Alto | NorthWestNet, Seattle","Jon Von Neumann Center, Princeton, NJ->SURANET, Georgia Tech, Atlanta | SURANET, Georgia Tech, Atlanta->SEQSUINET, Rice University, Houston | SEQSUINET, Rice University, Houston->San Diego Supercomputer Center | San Diego Supercomputer Center->BARRnet, Palo Alto | BARRnet, Palo Alto->NorthWestNet, Seattle",1
31,nsfnet,11,0.8,linear_autoregressive,random_failure_fixed,"NorthWestNet, Seattle -> BARRnet, Palo Alto & BARRnet, Palo Alto -> NorthWestNet, Seattle",5,"NorthWestNet, Seattle","Merit Univ of Michigan, Ann Arbor",1,3.7211747,"NorthWestNet, Seattle | BARRnet, Palo Alto | Merit Univ of Michigan, Ann Arbor","NorthWestNet, Seattle->BARRnet, Palo Alto | BARRnet, Palo Alto->Merit Univ of Michigan, Ann Arbor",1
31,nsfnet,11,0.8,lstm,critical_failure_fixed,"NCSA, University of Illinois, Champaign -> Merit Univ of Michigan, Ann Arbor & Merit Univ of Michigan, Ann Arbor -> NCSA, University of Illinois, Champaign",1,"MIDnet, Lincoln, NE","Cornell Theory Center, Ithaca NY",1,4.3126502,"MIDnet, Lincoln, NE | NCSA, University of Illinois, Champaign | Merit Univ of Michigan, Ann Arbor | Cornell Theory Center, Ithaca NY","MIDnet, Lincoln, NE->NCSA, University of Illinois, Champaign | NCSA, University of Illinois, Champaign->Merit Univ of Michigan, Ann Arbor | Merit Univ of Michigan, Ann Arbor->Cornell Theory Center, Ithaca NY",1
31,nsfnet,11,0.8,lstm,critical_failure_fixed,"NCSA, University of Illinois, Champaign -> Merit Univ of Michigan, Ann Arbor & Merit Univ of Michigan, Ann Arbor -> NCSA, University of Illinois, Champaign",2,"Merit Univ of Michigan, Ann Arbor","NCSA, University of Illinois, Champaign",1,4.3047462,"Merit Univ of Michigan, Ann Arbor | NCSA, University of Illinois, Champaign","Merit Univ of Michigan, Ann Arbor->NCSA, University of Illinois, Champaign",1
31,nsfnet,11,0.8,lstm,critical_failure_fixed,"NCSA, University of Illinois, Champaign -> Merit Univ of Michigan, Ann Arbor & Merit Univ of Michigan, Ann Arbor -> NCSA, University of Illinois, Champaign",3,Pittsburgh Supercomputer Center,"MIDnet, Lincoln, NE",1,4.2568717,"Pittsburgh Supercomputer Center | Merit Univ of Michigan, Ann Arbor | NCSA, University of Illinois, Champaign | MIDnet, Lincoln, NE","Pittsburgh Supercomputer Center->Merit Univ of Michigan, Ann Arbor | Merit Univ of Michigan, Ann Arbor->NCSA, University of Illinois, Champaign | NCSA, University of Illinois, Champaign->MIDnet, Lincoln, NE",1
31,nsfnet,11,0.8,lstm,critical_failure_fixed,"NCSA, University of Illinois, Champaign -> Merit Univ of Michigan, Ann Arbor & Merit Univ of Michigan, Ann Arbor -> NCSA, University of Illinois, Champaign",4,"SURANET, Georgia Tech, Atlanta","Merit Univ of Michigan, Ann Arbor",1,4.0819569,"SURANET, Georgia Tech, Atlanta | SEQSUINET, Rice University, Houston | NCSA, University of Illinois, Champaign | Merit Univ of Michigan, Ann Arbor","SURANET, Georgia Tech, Atlanta->SEQSUINET, Rice University, Houston | SEQSUINET, Rice University, Houston->NCSA, University of Illinois, Champaign | NCSA, University of Illinois, Champaign->Merit Univ of Michigan, Ann Arbor",1
31,nsfnet,11,0.8,lstm,critical_failure_fixed,"NCSA, University of Illinois, Champaign -> Merit Univ of Michigan, Ann Arbor & Merit Univ of Michigan, Ann Arbor -> NCSA, University of Illinois, Champaign",5,San Diego Supercomputer Center,"Merit Univ of Michigan, Ann Arbor",1,3.9990675,"San Diego Supercomputer Center | SEQSUINET, Rice University, Houston | NCSA, University of Illinois, Champaign | Merit Univ of Michigan, Ann Arbor","San Diego Supercomputer Center->SEQSUINET, Rice University, Houston | SEQSUINET, Rice University, Houston->NCSA, University of Illinois, Champaign | NCSA, University of Illinois, Champaign->Merit Univ of Michigan, Ann Arbor",1
31,nsfnet,11,0.8,lstm,random_failure_fixed,"NorthWestNet, Seattle -> BARRnet, Palo Alto & BARRnet, Palo Alto -> NorthWestNet, Seattle",1,Pittsburgh Supercomputer Center,"NorthWestNet, Seattle",1,4.1252341,"Pittsburgh Supercomputer Center | Merit Univ of Michigan, Ann Arbor | BARRnet, Palo Alto | NorthWestNet, Seattle","Pittsburgh Supercomputer Center->Merit Univ of Michigan, Ann Arbor | Merit Univ of Michigan, Ann Arbor->BARRnet, Palo Alto | BARRnet, Palo Alto->NorthWestNet, Seattle",1
31,nsfnet,11,0.8,lstm,random_failure_fixed,"NorthWestNet, Seattle -> BARRnet, Palo Alto & BARRnet, Palo Alto -> NorthWestNet, Seattle",2,"SEQSUINET, Rice University, Houston","NorthWestNet, Seattle",1,4.0907588,"SEQSUINET, Rice University, Houston | San Diego Supercomputer Center | BARRnet, Palo Alto | NorthWestNet, Seattle","SEQSUINET, Rice University, Houston->San Diego Supercomputer Center | San Diego Supercomputer Center->BARRnet, Palo Alto | BARRnet, Palo Alto->NorthWestNet, Seattle",1
31,nsfnet,11,0.8,lstm,random_failure_fixed,"NorthWestNet, Seattle -> BARRnet, Palo Alto & BARRnet, Palo Alto -> NorthWestNet, Seattle",3,"NorthWestNet, Seattle",Pittsburgh Supercomputer Center,1,3.9921775,"NorthWestNet, Seattle | BARRnet, Palo Alto | Merit Univ of Michigan, Ann Arbor | Pittsburgh Supercomputer Center","NorthWestNet, Seattle->BARRnet, Palo Alto | BARRnet, Palo Alto->Merit Univ of Michigan, Ann Arbor | Merit Univ of Michigan, Ann Arbor->Pittsburgh Supercomputer Center",1
31,nsfnet,11,0.8,lstm,random_failure_fixed,"NorthWestNet, Seattle -> BARRnet, Palo Alto & BARRnet, Palo Alto -> NorthWestNet, Seattle",4,"NorthWestNet, Seattle","Merit Univ of Michigan, Ann Arbor",1,3.8948963,"NorthWestNet, Seattle | BARRnet, Palo Alto | Merit Univ of Michigan, Ann Arbor","NorthWestNet, Seattle->BARRnet, Palo Alto | BARRnet, Palo Alto->Merit Univ of Michigan, Ann Arbor",1
31,nsfnet,11,0.8,lstm,random_failure_fixed,"NorthWestNet, Seattle -> BARRnet, Palo Alto & BARRnet, Palo Alto -> NorthWestNet, Seattle",5,"Merit Univ of Michigan, Ann Arbor","NorthWestNet, Seattle",1,3.847914,"Merit Univ of Michigan, Ann Arbor | BARRnet, Palo Alto | NorthWestNet, Seattle","Merit Univ of Michigan, Ann Arbor->BARRnet, Palo Alto | BARRnet, Palo Alto->NorthWestNet, Seattle",1
31,nsfnet,11,0.8,uncertainty_aware_lstm_robust_lp,critical_failure_fixed,"NCSA, University of Illinois, Champaign -> Merit Univ of Michigan, Ann Arbor & Merit Univ of Michigan, Ann Arbor -> NCSA, University of Illinois, Champaign",1,"Westnet, Salt Lake City","Cornell Theory Center, Ithaca NY",1,4.6718936,"Westnet, Salt Lake City | NCAR, Boulder | NCSA, University of Illinois, Champaign | Merit Univ of Michigan, Ann Arbor | Cornell Theory Center, Ithaca NY","Westnet, Salt Lake City->NCAR, Boulder | NCAR, Boulder->NCSA, University of Illinois, Champaign | NCSA, University of Illinois, Champaign->Merit Univ of Michigan, Ann Arbor | Merit Univ of Michigan, Ann Arbor->Cornell Theory Center, Ithaca NY",1
31,nsfnet,11,0.8,uncertainty_aware_lstm_robust_lp,critical_failure_fixed,"NCSA, University of Illinois, Champaign -> Merit Univ of Michigan, Ann Arbor & Merit Univ of Michigan, Ann Arbor -> NCSA, University of Illinois, Champaign",2,"Merit Univ of Michigan, Ann Arbor","NCSA, University of Illinois, Champaign",1,4.5193624,"Merit Univ of Michigan, Ann Arbor | NCSA, University of Illinois, Champaign","Merit Univ of Michigan, Ann Arbor->NCSA, University of Illinois, Champaign",1
31,nsfnet,11,0.8,uncertainty_aware_lstm_robust_lp,critical_failure_fixed,"NCSA, University of Illinois, Champaign -> Merit Univ of Michigan, Ann Arbor & Merit Univ of Michigan, Ann Arbor -> NCSA, University of Illinois, Champaign",3,"MIDnet, Lincoln, NE","Cornell Theory Center, Ithaca NY",1,4.5185852,"MIDnet, Lincoln, NE | NCSA, University of Illinois, Champaign | Merit Univ of Michigan, Ann Arbor | Cornell Theory Center, Ithaca NY","MIDnet, Lincoln, NE->NCSA, University of Illinois, Champaign | NCSA, University of Illinois, Champaign->Merit Univ of Michigan, Ann Arbor | Merit Univ of Michigan, Ann Arbor->Cornell Theory Center, Ithaca NY",1
31,nsfnet,11,0.8,uncertainty_aware_lstm_robust_lp,critical_failure_fixed,"NCSA, University of Illinois, Champaign -> Merit Univ of Michigan, Ann Arbor & Merit Univ of Michigan, Ann Arbor -> NCSA, University of Illinois, Champaign",4,Pittsburgh Supercomputer Center,"MIDnet, Lincoln, NE",1,4.4433961,"Pittsburgh Supercomputer Center | Merit Univ of Michigan, Ann Arbor | NCSA, University of Illinois, Champaign | MIDnet, Lincoln, NE","Pittsburgh Supercomputer Center->Merit Univ of Michigan, Ann Arbor | Merit Univ of Michigan, Ann Arbor->NCSA, University of Illinois, Champaign | NCSA, University of Illinois, Champaign->MIDnet, Lincoln, NE",1
31,nsfnet,11,0.8,uncertainty_aware_lstm_robust_lp,critical_failure_fixed,"NCSA, University of Illinois, Champaign -> Merit Univ of Michigan, Ann Arbor & Merit Univ of Michigan, Ann Arbor -> NCSA, University of Illinois, Champaign",5,"Cornell Theory Center, Ithaca NY","NCAR, Boulder",1,4.0155287,"Cornell Theory Center, Ithaca NY | Merit Univ of Michigan, Ann Arbor | NCSA, University of Illinois, Champaign | NCAR, Boulder","Cornell Theory Center, Ithaca NY->Merit Univ of Michigan, Ann Arbor | Merit Univ of Michigan, Ann Arbor->NCSA, University of Illinois, Champaign | NCSA, University of Illinois, Champaign->NCAR, Boulder",1
31,nsfnet,11,0.8,uncertainty_aware_lstm_robust_lp,random_failure_fixed,"NorthWestNet, Seattle -> BARRnet, Palo Alto & BARRnet, Palo Alto -> NorthWestNet, Seattle",1,Pittsburgh Supercomputer Center,"NorthWestNet, Seattle",1,4.3173699,"Pittsburgh Supercomputer Center | Merit Univ of Michigan, Ann Arbor | BARRnet, Palo Alto | NorthWestNet, Seattle","Pittsburgh Supercomputer Center->Merit Univ of Michigan, Ann Arbor | Merit Univ of Michigan, Ann Arbor->BARRnet, Palo Alto | BARRnet, Palo Alto->NorthWestNet, Seattle",1
31,nsfnet,11,0.8,uncertainty_aware_lstm_robust_lp,random_failure_fixed,"NorthWestNet, Seattle -> BARRnet, Palo Alto & BARRnet, Palo Alto -> NorthWestNet, Seattle",2,"SEQSUINET, Rice University, Houston","NorthWestNet, Seattle",1,4.2800174,"SEQSUINET, Rice University, Houston | San Diego Supercomputer Center | BARRnet, Palo Alto | NorthWestNet, Seattle","SEQSUINET, Rice University, Houston->San Diego Supercomputer Center | San Diego Supercomputer Center->BARRnet, Palo Alto | BARRnet, Palo Alto->NorthWestNet, Seattle",1
31,nsfnet,11,0.8,uncertainty_aware_lstm_robust_lp,random_failure_fixed,"NorthWestNet, Seattle -> BARRnet, Palo Alto & BARRnet, Palo Alto -> NorthWestNet, Seattle",3,"NorthWestNet, Seattle",Pittsburgh Supercomputer Center,1,4.185811,"NorthWestNet, Seattle | BARRnet, Palo Alto | Merit Univ of Michigan, Ann Arbor | Pittsburgh Supercomputer Center","NorthWestNet, Seattle->BARRnet, Palo Alto | BARRnet, Palo Alto->Merit Univ of Michigan, Ann Arbor | Merit Univ of Michigan, Ann Arbor->Pittsburgh Supercomputer Center",1
31,nsfnet,11,0.8,uncertainty_aware_lstm_robust_lp,random_failure_fixed,"NorthWestNet, Seattle -> BARRnet, Palo Alto & BARRnet, Palo Alto -> NorthWestNet, Seattle",4,"NorthWestNet, Seattle","Merit Univ of Michigan, Ann Arbor",1,4.0791183,"NorthWestNet, Seattle | BARRnet, Palo Alto | Merit Univ of Michigan, Ann Arbor","NorthWestNet, Seattle->BARRnet, Palo Alto | BARRnet, Palo Alto->Merit Univ of Michigan, Ann Arbor",1
31,nsfnet,11,0.8,uncertainty_aware_lstm_robust_lp,random_failure_fixed,"NorthWestNet, Seattle -> BARRnet, Palo Alto & BARRnet, Palo Alto -> NorthWestNet, Seattle",5,"Merit Univ of Michigan, Ann Arbor","NorthWestNet, Seattle",1,4.0325007,"Merit Univ of Michigan, Ann Arbor | BARRnet, Palo Alto | NorthWestNet, Seattle","Merit Univ of Michigan, Ann Arbor->BARRnet, Palo Alto | BARRnet, Palo Alto->NorthWestNet, Seattle",1
32,nsfnet,11,0.8,current_demand_lp,critical_failure_fixed,"NCSA, University of Illinois, Champaign -> Merit Univ of Michigan, Ann Arbor & Merit Univ of Michigan, Ann Arbor -> NCSA, University of Illinois, Champaign",1,"Westnet, Salt Lake City","Cornell Theory Center, Ithaca NY",1,3.232052,"Westnet, Salt Lake City | NCAR, Boulder | NCSA, University of Illinois, Champaign | Merit Univ of Michigan, Ann Arbor | Cornell Theory Center, Ithaca NY","Westnet, Salt Lake City->NCAR, Boulder | NCAR, Boulder->NCSA, University of Illinois, Champaign | NCSA, University of Illinois, Champaign->Merit Univ of Michigan, Ann Arbor | Merit Univ of Michigan, Ann Arbor->Cornell Theory Center, Ithaca NY",1
32,nsfnet,11,0.8,current_demand_lp,critical_failure_fixed,"NCSA, University of Illinois, Champaign -> Merit Univ of Michigan, Ann Arbor & Merit Univ of Michigan, Ann Arbor -> NCSA, University of Illinois, Champaign",2,Pittsburgh Supercomputer Center,"MIDnet, Lincoln, NE",1,3.0839358,"Pittsburgh Supercomputer Center | Merit Univ of Michigan, Ann Arbor | NCSA, University of Illinois, Champaign | MIDnet, Lincoln, NE","Pittsburgh Supercomputer Center->Merit Univ of Michigan, Ann Arbor | Merit Univ of Michigan, Ann Arbor->NCSA, University of Illinois, Champaign | NCSA, University of Illinois, Champaign->MIDnet, Lincoln, NE",1
32,nsfnet,11,0.8,current_demand_lp,critical_failure_fixed,"NCSA, University of Illinois, Champaign -> Merit Univ of Michigan, Ann Arbor & Merit Univ of Michigan, Ann Arbor -> NCSA, University of Illinois, Champaign",3,"Merit Univ of Michigan, Ann Arbor","NCSA, University of Illinois, Champaign",1,3.065025,"Merit Univ of Michigan, Ann Arbor | NCSA, University of Illinois, Champaign","Merit Univ of Michigan, Ann Arbor->NCSA, University of Illinois, Champaign",1
32,nsfnet,11,0.8,current_demand_lp,critical_failure_fixed,"NCSA, University of Illinois, Champaign -> Merit Univ of Michigan, Ann Arbor & Merit Univ of Michigan, Ann Arbor -> NCSA, University of Illinois, Champaign",4,"NCSA, University of Illinois, Champaign","Jon Von Neumann Center, Princeton, NJ",1,2.9976634,"NCSA, University of Illinois, Champaign | Merit Univ of Michigan, Ann Arbor | Cornell Theory Center, Ithaca NY | Jon Von Neumann Center, Princeton, NJ","NCSA, University of Illinois, Champaign->Merit Univ of Michigan, Ann Arbor | Merit Univ of Michigan, Ann Arbor->Cornell Theory Center, Ithaca NY | Cornell Theory Center, Ithaca NY->Jon Von Neumann Center, Princeton, NJ",1
32,nsfnet,11,0.8,current_demand_lp,critical_failure_fixed,"NCSA, University of Illinois, Champaign -> Merit Univ of Michigan, Ann Arbor & Merit Univ of Michigan, Ann Arbor -> NCSA, University of Illinois, Champaign",5,"Merit Univ of Michigan, Ann Arbor","NCAR, Boulder",1,2.9013791,"Merit Univ of Michigan, Ann Arbor | NCSA, University of Illinois, Champaign | NCAR, Boulder","Merit Univ of Michigan, Ann Arbor->NCSA, University of Illinois, Champaign | NCSA, University of Illinois, Champaign->NCAR, Boulder",1
32,nsfnet,11,0.8,current_demand_lp,random_failure_fixed,"MIDnet, Lincoln, NE -> NCSA, University of Illinois, Champaign & NCSA, University of Illinois, Champaign -> MIDnet, Lincoln, NE",1,"MIDnet, Lincoln, NE","SEQSUINET, Rice University, Houston",1,3.1248049,"MIDnet, Lincoln, NE | NCSA, University of Illinois, Champaign | SEQSUINET, Rice University, Houston","MIDnet, Lincoln, NE->NCSA, University of Illinois, Champaign | NCSA, University of Illinois, Champaign->SEQSUINET, Rice University, Houston",1
32,nsfnet,11,0.8,current_demand_lp,random_failure_fixed,"MIDnet, Lincoln, NE -> NCSA, University of Illinois, Champaign & NCSA, University of Illinois, Champaign -> MIDnet, Lincoln, NE",2,Pittsburgh Supercomputer Center,"MIDnet, Lincoln, NE",1,3.0839358,"Pittsburgh Supercomputer Center | Merit Univ of Michigan, Ann Arbor | NCSA, University of Illinois, Champaign | MIDnet, Lincoln, NE","Pittsburgh Supercomputer Center->Merit Univ of Michigan, Ann Arbor | Merit Univ of Michigan, Ann Arbor->NCSA, University of Illinois, Champaign | NCSA, University of Illinois, Champaign->MIDnet, Lincoln, NE",1
32,nsfnet,11,0.8,current_demand_lp,random_failure_fixed,"MIDnet, Lincoln, NE -> NCSA, University of Illinois, Champaign & NCSA, University of Illinois, Champaign -> MIDnet, Lincoln, NE",3,"SURANET, Georgia Tech, Atlanta","MIDnet, Lincoln, NE",1,3.0585631,"SURANET, Georgia Tech, Atlanta | SEQSUINET, Rice University, Houston | NCSA, University of Illinois, Champaign | MIDnet, Lincoln, NE","SURANET, Georgia Tech, Atlanta->SEQSUINET, Rice University, Houston | SEQSUINET, Rice University, Houston->NCSA, University of Illinois, Champaign | NCSA, University of Illinois, Champaign->MIDnet, Lincoln, NE",1
32,nsfnet,11,0.8,current_demand_lp,random_failure_fixed,"MIDnet, Lincoln, NE -> NCSA, University of Illinois, Champaign & NCSA, University of Illinois, Champaign -> MIDnet, Lincoln, NE",4,"MIDnet, Lincoln, NE","NorthWestNet, Seattle",1,2.8673839,"MIDnet, Lincoln, NE | NCSA, University of Illinois, Champaign | NCAR, Boulder | NorthWestNet, Seattle","MIDnet, Lincoln, NE->NCSA, University of Illinois, Champaign | NCSA, University of Illinois, Champaign->NCAR, Boulder | NCAR, Boulder->NorthWestNet, Seattle",1
32,nsfnet,11,0.8,current_demand_lp,random_failure_fixed,"MIDnet, Lincoln, NE -> NCSA, University of Illinois, Champaign & NCSA, University of Illinois, Champaign -> MIDnet, Lincoln, NE",5,"NorthWestNet, Seattle","MIDnet, Lincoln, NE",1,2.851114,"NorthWestNet, Seattle | NCAR, Boulder | NCSA, University of Illinois, Champaign | MIDnet, Lincoln, NE","NorthWestNet, Seattle->NCAR, Boulder | NCAR, Boulder->NCSA, University of Illinois, Champaign | NCSA, University of Illinois, Champaign->MIDnet, Lincoln, NE",1
32,nsfnet,11,0.8,robust_current_demand_lp,critical_failure_fixed,"NCSA, University of Illinois, Champaign -> Merit Univ of Michigan, Ann Arbor & Merit Univ of Michigan, Ann Arbor -> NCSA, University of Illinois, Champaign",1,"Westnet, Salt Lake City","Cornell Theory Center, Ithaca NY",1,3.232052,"Westnet, Salt Lake City | NCAR, Boulder | NCSA, University of Illinois, Champaign | Merit Univ of Michigan, Ann Arbor | Cornell Theory Center, Ithaca NY","Westnet, Salt Lake City->NCAR, Boulder | NCAR, Boulder->NCSA, University of Illinois, Champaign | NCSA, University of Illinois, Champaign->Merit Univ of Michigan, Ann Arbor | Merit Univ of Michigan, Ann Arbor->Cornell Theory Center, Ithaca NY",1
32,nsfnet,11,0.8,robust_current_demand_lp,critical_failure_fixed,"NCSA, University of Illinois, Champaign -> Merit Univ of Michigan, Ann Arbor & Merit Univ of Michigan, Ann Arbor -> NCSA, University of Illinois, Champaign",2,Pittsburgh Supercomputer Center,"MIDnet, Lincoln, NE",1,3.0839358,"Pittsburgh Supercomputer Center | Merit Univ of Michigan, Ann Arbor | NCSA, University of Illinois, Champaign | MIDnet, Lincoln, NE","Pittsburgh Supercomputer Center->Merit Univ of Michigan, Ann Arbor | Merit Univ of Michigan, Ann Arbor->NCSA, University of Illinois, Champaign | NCSA, University of Illinois, Champaign->MIDnet, Lincoln, NE",1
32,nsfnet,11,0.8,robust_current_demand_lp,critical_failure_fixed,"NCSA, University of Illinois, Champaign -> Merit Univ of Michigan, Ann Arbor & Merit Univ of Michigan, Ann Arbor -> NCSA, University of Illinois, Champaign",3,"Merit Univ of Michigan, Ann Arbor","NCSA, University of Illinois, Champaign",1,3.065025,"Merit Univ of Michigan, Ann Arbor | NCSA, University of Illinois, Champaign","Merit Univ of Michigan, Ann Arbor->NCSA, University of Illinois, Champaign",1
32,nsfnet,11,0.8,robust_current_demand_lp,critical_failure_fixed,"NCSA, University of Illinois, Champaign -> Merit Univ of Michigan, Ann Arbor & Merit Univ of Michigan, Ann Arbor -> NCSA, University of Illinois, Champaign",4,"NCSA, University of Illinois, Champaign","Jon Von Neumann Center, Princeton, NJ",1,2.9976634,"NCSA, University of Illinois, Champaign | Merit Univ of Michigan, Ann Arbor | Cornell Theory Center, Ithaca NY | Jon Von Neumann Center, Princeton, NJ","NCSA, University of Illinois, Champaign->Merit Univ of Michigan, Ann Arbor | Merit Univ of Michigan, Ann Arbor->Cornell Theory Center, Ithaca NY | Cornell Theory Center, Ithaca NY->Jon Von Neumann Center, Princeton, NJ",1
32,nsfnet,11,0.8,robust_current_demand_lp,critical_failure_fixed,"NCSA, University of Illinois, Champaign -> Merit Univ of Michigan, Ann Arbor & Merit Univ of Michigan, Ann Arbor -> NCSA, University of Illinois, Champaign",5,"Cornell Theory Center, Ithaca NY","NCAR, Boulder",1,2.9153315,"Cornell Theory Center, Ithaca NY | Merit Univ of Michigan, Ann Arbor | NCSA, University of Illinois, Champaign | NCAR, Boulder","Cornell Theory Center, Ithaca NY->Merit Univ of Michigan, Ann Arbor | Merit Univ of Michigan, Ann Arbor->NCSA, University of Illinois, Champaign | NCSA, University of Illinois, Champaign->NCAR, Boulder",1
32,nsfnet,11,0.8,robust_current_demand_lp,random_failure_fixed,"MIDnet, Lincoln, NE -> NCSA, University of Illinois, Champaign & NCSA, University of Illinois, Champaign -> MIDnet, Lincoln, NE",1,"MIDnet, Lincoln, NE","SEQSUINET, Rice University, Houston",1,3.1248049,"MIDnet, Lincoln, NE | NCSA, University of Illinois, Champaign | SEQSUINET, Rice University, Houston","MIDnet, Lincoln, NE->NCSA, University of Illinois, Champaign | NCSA, University of Illinois, Champaign->SEQSUINET, Rice University, Houston",1
32,nsfnet,11,0.8,robust_current_demand_lp,random_failure_fixed,"MIDnet, Lincoln, NE -> NCSA, University of Illinois, Champaign & NCSA, University of Illinois, Champaign -> MIDnet, Lincoln, NE",2,Pittsburgh Supercomputer Center,"MIDnet, Lincoln, NE",1,3.0839358,"Pittsburgh Supercomputer Center | Merit Univ of Michigan, Ann Arbor | NCSA, University of Illinois, Champaign | MIDnet, Lincoln, NE","Pittsburgh Supercomputer Center->Merit Univ of Michigan, Ann Arbor | Merit Univ of Michigan, Ann Arbor->NCSA, University of Illinois, Champaign | NCSA, University of Illinois, Champaign->MIDnet, Lincoln, NE",1
32,nsfnet,11,0.8,robust_current_demand_lp,random_failure_fixed,"MIDnet, Lincoln, NE -> NCSA, University of Illinois, Champaign & NCSA, University of Illinois, Champaign -> MIDnet, Lincoln, NE",3,"SURANET, Georgia Tech, Atlanta","MIDnet, Lincoln, NE",1,3.0585631,"SURANET, Georgia Tech, Atlanta | SEQSUINET, Rice University, Houston | NCSA, University of Illinois, Champaign | MIDnet, Lincoln, NE","SURANET, Georgia Tech, Atlanta->SEQSUINET, Rice University, Houston | SEQSUINET, Rice University, Houston->NCSA, University of Illinois, Champaign | NCSA, University of Illinois, Champaign->MIDnet, Lincoln, NE",1
32,nsfnet,11,0.8,robust_current_demand_lp,random_failure_fixed,"MIDnet, Lincoln, NE -> NCSA, University of Illinois, Champaign & NCSA, University of Illinois, Champaign -> MIDnet, Lincoln, NE",4,"MIDnet, Lincoln, NE","NorthWestNet, Seattle",1,2.8673839,"MIDnet, Lincoln, NE | NCSA, University of Illinois, Champaign | NCAR, Boulder | NorthWestNet, Seattle","MIDnet, Lincoln, NE->NCSA, University of Illinois, Champaign | NCSA, University of Illinois, Champaign->NCAR, Boulder | NCAR, Boulder->NorthWestNet, Seattle",1
32,nsfnet,11,0.8,robust_current_demand_lp,random_failure_fixed,"MIDnet, Lincoln, NE -> NCSA, University of Illinois, Champaign & NCSA, University of Illinois, Champaign -> MIDnet, Lincoln, NE",5,"NorthWestNet, Seattle","MIDnet, Lincoln, NE",1,2.851114,"NorthWestNet, Seattle | NCAR, Boulder | NCSA, University of Illinois, Champaign | MIDnet, Lincoln, NE","NorthWestNet, Seattle->NCAR, Boulder | NCAR, Boulder->NCSA, University of Illinois, Champaign | NCSA, University of Illinois, Champaign->MIDnet, Lincoln, NE",1
32,nsfnet,11,0.8,moving_average,critical_failure_fixed,"NCSA, University of Illinois, Champaign -> Merit Univ of Michigan, Ann Arbor & Merit Univ of Michigan, Ann Arbor -> NCSA, University of Illinois, Champaign",1,Pittsburgh Supercomputer Center,"MIDnet, Lincoln, NE",1,4.2360582,"Pittsburgh Supercomputer Center | Merit Univ of Michigan, Ann Arbor | NCSA, University of Illinois, Champaign | MIDnet, Lincoln, NE","Pittsburgh Supercomputer Center->Merit Univ of Michigan, Ann Arbor | Merit Univ of Michigan, Ann Arbor->NCSA, University of Illinois, Champaign | NCSA, University of Illinois, Champaign->MIDnet, Lincoln, NE",1
32,nsfnet,11,0.8,moving_average,critical_failure_fixed,"NCSA, University of Illinois, Champaign -> Merit Univ of Michigan, Ann Arbor & Merit Univ of Michigan, Ann Arbor -> NCSA, University of Illinois, Champaign",2,"Merit Univ of Michigan, Ann Arbor","NCSA, University of Illinois, Champaign",1,4.0662835,"Merit Univ of Michigan, Ann Arbor | NCSA, University of Illinois, Champaign","Merit Univ of Michigan, Ann Arbor->NCSA, University of Illinois, Champaign",1
32,nsfnet,11,0.8,moving_average,critical_failure_fixed,"NCSA, University of Illinois, Champaign -> Merit Univ of Michigan, Ann Arbor & Merit Univ of Michigan, Ann Arbor -> NCSA, University of Illinois, Champaign",3,"SURANET, Georgia Tech, Atlanta","Merit Univ of Michigan, Ann Arbor",1,4.0345997,"SURANET, Georgia Tech, Atlanta | SEQSUINET, Rice University, Houston | NCSA, University of Illinois, Champaign | Merit Univ of Michigan, Ann Arbor","SURANET, Georgia Tech, Atlanta->SEQSUINET, Rice University, Houston | SEQSUINET, Rice University, Houston->NCSA, University of Illinois, Champaign | NCSA, University of Illinois, Champaign->Merit Univ of Michigan, Ann Arbor",1
32,nsfnet,11,0.8,moving_average,critical_failure_fixed,"NCSA, University of Illinois, Champaign -> Merit Univ of Michigan, Ann Arbor & Merit Univ of Michigan, Ann Arbor -> NCSA, University of Illinois, Champaign",4,"MIDnet, Lincoln, NE","Cornell Theory Center, Ithaca NY",1,3.9535521,"MIDnet, Lincoln, NE | NCSA, University of Illinois, Champaign | Merit Univ of Michigan, Ann Arbor | Cornell Theory Center, Ithaca NY","MIDnet, Lincoln, NE->NCSA, University of Illinois, Champaign | NCSA, University of Illinois, Champaign->Merit Univ of Michigan, Ann Arbor | Merit Univ of Michigan, Ann Arbor->Cornell Theory Center, Ithaca NY",1
32,nsfnet,11,0.8,moving_average,critical_failure_fixed,"NCSA, University of Illinois, Champaign -> Merit Univ of Michigan, Ann Arbor & Merit Univ of Michigan, Ann Arbor -> NCSA, University of Illinois, Champaign",5,"Merit Univ of Michigan, Ann Arbor","Westnet, Salt Lake City",1,3.6451499,"Merit Univ of Michigan, Ann Arbor | NCSA, University of Illinois, Champaign | NCAR, Boulder | Westnet, Salt Lake City","Merit Univ of Michigan, Ann Arbor->NCSA, University of Illinois, Champaign | NCSA, University of Illinois, Champaign->NCAR, Boulder | NCAR, Boulder->Westnet, Salt Lake City",1
32,nsfnet,11,0.8,moving_average,random_failure_fixed,"MIDnet, Lincoln, NE -> NCSA, University of Illinois, Champaign & NCSA, University of Illinois, Champaign -> MIDnet, Lincoln, NE",1,Pittsburgh Supercomputer Center,"MIDnet, Lincoln, NE",1,4.2360582,"Pittsburgh Supercomputer Center | Merit Univ of Michigan, Ann Arbor | NCSA, University of Illinois, Champaign | MIDnet, Lincoln, NE","Pittsburgh Supercomputer Center->Merit Univ of Michigan, Ann Arbor | Merit Univ of Michigan, Ann Arbor->NCSA, University of Illinois, Champaign | NCSA, University of Illinois, Champaign->MIDnet, Lincoln, NE",1
32,nsfnet,11,0.8,moving_average,random_failure_fixed,"MIDnet, Lincoln, NE -> NCSA, University of Illinois, Champaign & NCSA, University of Illinois, Champaign -> MIDnet, Lincoln, NE",2,"MIDnet, Lincoln, NE","SEQSUINET, Rice University, Houston",1,4.0107514,"MIDnet, Lincoln, NE | NCSA, University of Illinois, Champaign | SEQSUINET, Rice University, Houston","MIDnet, Lincoln, NE->NCSA, University of Illinois, Champaign | NCSA, University of Illinois, Champaign->SEQSUINET, Rice University, Houston",1
32,nsfnet,11,0.8,moving_average,random_failure_fixed,"MIDnet, Lincoln, NE -> NCSA, University of Illinois, Champaign & NCSA, University of Illinois, Champaign -> MIDnet, Lincoln, NE",3,"MIDnet, Lincoln, NE","Cornell Theory Center, Ithaca NY",1,3.9535521,"MIDnet, Lincoln, NE | NCSA, University of Illinois, Champaign | Merit Univ of Michigan, Ann Arbor | Cornell Theory Center, Ithaca NY","MIDnet, Lincoln, NE->NCSA, University of Illinois, Champaign | NCSA, University of Illinois, Champaign->Merit Univ of Michigan, Ann Arbor | Merit Univ of Michigan, Ann Arbor->Cornell Theory Center, Ithaca NY",1
32,nsfnet,11,0.8,moving_average,random_failure_fixed,"MIDnet, Lincoln, NE -> NCSA, University of Illinois, Champaign & NCSA, University of Illinois, Champaign -> MIDnet, Lincoln, NE",4,"MIDnet, Lincoln, NE","NorthWestNet, Seattle",1,3.8769288,"MIDnet, Lincoln, NE | NCSA, University of Illinois, Champaign | NCAR, Boulder | NorthWestNet, Seattle","MIDnet, Lincoln, NE->NCSA, University of Illinois, Champaign | NCSA, University of Illinois, Champaign->NCAR, Boulder | NCAR, Boulder->NorthWestNet, Seattle",1
32,nsfnet,11,0.8,moving_average,random_failure_fixed,"MIDnet, Lincoln, NE -> NCSA, University of Illinois, Champaign & NCSA, University of Illinois, Champaign -> MIDnet, Lincoln, NE",5,"SURANET, Georgia Tech, Atlanta","MIDnet, Lincoln, NE",1,3.631887,"SURANET, Georgia Tech, Atlanta | SEQSUINET, Rice University, Houston | NCSA, University of Illinois, Champaign | MIDnet, Lincoln, NE","SURANET, Georgia Tech, Atlanta->SEQSUINET, Rice University, Houston | SEQSUINET, Rice University, Houston->NCSA, University of Illinois, Champaign | NCSA, University of Illinois, Champaign->MIDnet, Lincoln, NE",1
32,nsfnet,11,0.8,linear_autoregressive,critical_failure_fixed,"NCSA, University of Illinois, Champaign -> Merit Univ of Michigan, Ann Arbor & Merit Univ of Michigan, Ann Arbor -> NCSA, University of Illinois, Champaign",1,"Merit Univ of Michigan, Ann Arbor","NCSA, University of Illinois, Champaign",1,3.257314,"Merit Univ of Michigan, Ann Arbor | NCSA, University of Illinois, Champaign","Merit Univ of Michigan, Ann Arbor->NCSA, University of Illinois, Champaign",1
32,nsfnet,11,0.8,linear_autoregressive,critical_failure_fixed,"NCSA, University of Illinois, Champaign -> Merit Univ of Michigan, Ann Arbor & Merit Univ of Michigan, Ann Arbor -> NCSA, University of Illinois, Champaign",2,Pittsburgh Supercomputer Center,"MIDnet, Lincoln, NE",1,3.1988444,"Pittsburgh Supercomputer Center | Merit Univ of Michigan, Ann Arbor | NCSA, University of Illinois, Champaign | MIDnet, Lincoln, NE","Pittsburgh Supercomputer Center->Merit Univ of Michigan, Ann Arbor | Merit Univ of Michigan, Ann Arbor->NCSA, University of Illinois, Champaign | NCSA, University of Illinois, Champaign->MIDnet, Lincoln, NE",1
32,nsfnet,11,0.8,linear_autoregressive,critical_failure_fixed,"NCSA, University of Illinois, Champaign -> Merit Univ of Michigan, Ann Arbor & Merit Univ of Michigan, Ann Arbor -> NCSA, University of Illinois, Champaign",3,"Westnet, Salt Lake City","Cornell Theory Center, Ithaca NY",1,3.1981565,"Westnet, Salt Lake City | NCAR, Boulder | NCSA, University of Illinois, Champaign | Merit Univ of Michigan, Ann Arbor | Cornell Theory Center, Ithaca NY","Westnet, Salt Lake City->NCAR, Boulder | NCAR, Boulder->NCSA, University of Illinois, Champaign | NCSA, University of Illinois, Champaign->Merit Univ of Michigan, Ann Arbor | Merit Univ of Michigan, Ann Arbor->Cornell Theory Center, Ithaca NY",1
32,nsfnet,11,0.8,linear_autoregressive,critical_failure_fixed,"NCSA, University of Illinois, Champaign -> Merit Univ of Michigan, Ann Arbor & Merit Univ of Michigan, Ann Arbor -> NCSA, University of Illinois, Champaign",4,"MIDnet, Lincoln, NE","Cornell Theory Center, Ithaca NY",1,3.1589755,"MIDnet, Lincoln, NE | NCSA, University of Illinois, Champaign | Merit Univ of Michigan, Ann Arbor | Cornell Theory Center, Ithaca NY","MIDnet, Lincoln, NE->NCSA, University of Illinois, Champaign | NCSA, University of Illinois, Champaign->Merit Univ of Michigan, Ann Arbor | Merit Univ of Michigan, Ann Arbor->Cornell Theory Center, Ithaca NY",1
32,nsfnet,11,0.8,linear_autoregressive,critical_failure_fixed,"NCSA, University of Illinois, Champaign -> Merit Univ of Michigan, Ann Arbor & Merit Univ of Michigan, Ann Arbor -> NCSA, University of Illinois, Champaign",5,"SURANET, Georgia Tech, Atlanta","Merit Univ of Michigan, Ann Arbor",1,3.1108162,"SURANET, Georgia Tech, Atlanta | SEQSUINET, Rice University, Houston | NCSA, University of Illinois, Champaign | Merit Univ of Michigan, Ann Arbor","SURANET, Georgia Tech, Atlanta->SEQSUINET, Rice University, Houston | SEQSUINET, Rice University, Houston->NCSA, University of Illinois, Champaign | NCSA, University of Illinois, Champaign->Merit Univ of Michigan, Ann Arbor",1
32,nsfnet,11,0.8,linear_autoregressive,random_failure_fixed,"MIDnet, Lincoln, NE -> NCSA, University of Illinois, Champaign & NCSA, University of Illinois, Champaign -> MIDnet, Lincoln, NE",1,"MIDnet, Lincoln, NE","SEQSUINET, Rice University, Houston",1,3.333111,"MIDnet, Lincoln, NE | NCSA, University of Illinois, Champaign | SEQSUINET, Rice University, Houston","MIDnet, Lincoln, NE->NCSA, University of Illinois, Champaign | NCSA, University of Illinois, Champaign->SEQSUINET, Rice University, Houston",1
32,nsfnet,11,0.8,linear_autoregressive,random_failure_fixed,"MIDnet, Lincoln, NE -> NCSA, University of Illinois, Champaign & NCSA, University of Illinois, Champaign -> MIDnet, Lincoln, NE",2,Pittsburgh Supercomputer Center,"MIDnet, Lincoln, NE",1,3.1988444,"Pittsburgh Supercomputer Center | Merit Univ of Michigan, Ann Arbor | NCSA, University of Illinois, Champaign | MIDnet, Lincoln, NE","Pittsburgh Supercomputer Center->Merit Univ of Michigan, Ann Arbor | Merit Univ of Michigan, Ann Arbor->NCSA, University of Illinois, Champaign | NCSA, University of Illinois, Champaign->MIDnet, Lincoln, NE",1
32,nsfnet,11,0.8,linear_autoregressive,random_failure_fixed,"MIDnet, Lincoln, NE -> NCSA, University of Illinois, Champaign & NCSA, University of Illinois, Champaign -> MIDnet, Lincoln, NE",3,"MIDnet, Lincoln, NE","Cornell Theory Center, Ithaca NY",1,3.1589755,"MIDnet, Lincoln, NE | NCSA, University of Illinois, Champaign | Merit Univ of Michigan, Ann Arbor | Cornell Theory Center, Ithaca NY","MIDnet, Lincoln, NE->NCSA, University of Illinois, Champaign | NCSA, University of Illinois, Champaign->Merit Univ of Michigan, Ann Arbor | Merit Univ of Michigan, Ann Arbor->Cornell Theory Center, Ithaca NY",1
32,nsfnet,11,0.8,linear_autoregressive,random_failure_fixed,"MIDnet, Lincoln, NE -> NCSA, University of Illinois, Champaign & NCSA, University of Illinois, Champaign -> MIDnet, Lincoln, NE",4,"MIDnet, Lincoln, NE","NorthWestNet, Seattle",1,3.08352,"MIDnet, Lincoln, NE | NCSA, University of Illinois, Champaign | NCAR, Boulder | NorthWestNet, Seattle","MIDnet, Lincoln, NE->NCSA, University of Illinois, Champaign | NCSA, University of Illinois, Champaign->NCAR, Boulder | NCAR, Boulder->NorthWestNet, Seattle",1
32,nsfnet,11,0.8,linear_autoregressive,random_failure_fixed,"MIDnet, Lincoln, NE -> NCSA, University of Illinois, Champaign & NCSA, University of Illinois, Champaign -> MIDnet, Lincoln, NE",5,"MIDnet, Lincoln, NE","Westnet, Salt Lake City",1,2.9166282,"MIDnet, Lincoln, NE | NCSA, University of Illinois, Champaign | NCAR, Boulder | Westnet, Salt Lake City","MIDnet, Lincoln, NE->NCSA, University of Illinois, Champaign | NCSA, University of Illinois, Champaign->NCAR, Boulder | NCAR, Boulder->Westnet, Salt Lake City",1
32,nsfnet,11,0.8,lstm,critical_failure_fixed,"NCSA, University of Illinois, Champaign -> Merit Univ of Michigan, Ann Arbor & Merit Univ of Michigan, Ann Arbor -> NCSA, University of Illinois, Champaign",1,"MIDnet, Lincoln, NE","Cornell Theory Center, Ithaca NY",1,4.3126502,"MIDnet, Lincoln, NE | NCSA, University of Illinois, Champaign | Merit Univ of Michigan, Ann Arbor | Cornell Theory Center, Ithaca NY","MIDnet, Lincoln, NE->NCSA, University of Illinois, Champaign | NCSA, University of Illinois, Champaign->Merit Univ of Michigan, Ann Arbor | Merit Univ of Michigan, Ann Arbor->Cornell Theory Center, Ithaca NY",1
32,nsfnet,11,0.8,lstm,critical_failure_fixed,"NCSA, University of Illinois, Champaign -> Merit Univ of Michigan, Ann Arbor & Merit Univ of Michigan, Ann Arbor -> NCSA, University of Illinois, Champaign",2,"Merit Univ of Michigan, Ann Arbor","NCSA, University of Illinois, Champaign",1,4.3047462,"Merit Univ of Michigan, Ann Arbor | NCSA, University of Illinois, Champaign","Merit Univ of Michigan, Ann Arbor->NCSA, University of Illinois, Champaign",1
32,nsfnet,11,0.8,lstm,critical_failure_fixed,"NCSA, University of Illinois, Champaign -> Merit Univ of Michigan, Ann Arbor & Merit Univ of Michigan, Ann Arbor -> NCSA, University of Illinois, Champaign",3,Pittsburgh Supercomputer Center,"MIDnet, Lincoln, NE",1,4.2568717,"Pittsburgh Supercomputer Center | Merit Univ of Michigan, Ann Arbor | NCSA, University of Illinois, Champaign | MIDnet, Lincoln, NE","Pittsburgh Supercomputer Center->Merit Univ of Michigan, Ann Arbor | Merit Univ of Michigan, Ann Arbor->NCSA, University of Illinois, Champaign | NCSA, University of Illinois, Champaign->MIDnet, Lincoln, NE",1
32,nsfnet,11,0.8,lstm,critical_failure_fixed,"NCSA, University of Illinois, Champaign -> Merit Univ of Michigan, Ann Arbor & Merit Univ of Michigan, Ann Arbor -> NCSA, University of Illinois, Champaign",4,"SURANET, Georgia Tech, Atlanta","Merit Univ of Michigan, Ann Arbor",1,4.0819569,"SURANET, Georgia Tech, Atlanta | SEQSUINET, Rice University, Houston | NCSA, University of Illinois, Champaign | Merit Univ of Michigan, Ann Arbor","SURANET, Georgia Tech, Atlanta->SEQSUINET, Rice University, Houston | SEQSUINET, Rice University, Houston->NCSA, University of Illinois, Champaign | NCSA, University of Illinois, Champaign->Merit Univ of Michigan, Ann Arbor",1
32,nsfnet,11,0.8,lstm,critical_failure_fixed,"NCSA, University of Illinois, Champaign -> Merit Univ of Michigan, Ann Arbor & Merit Univ of Michigan, Ann Arbor -> NCSA, University of Illinois, Champaign",5,San Diego Supercomputer Center,"Merit Univ of Michigan, Ann Arbor",1,3.9990675,"San Diego Supercomputer Center | SEQSUINET, Rice University, Houston | NCSA, University of Illinois, Champaign | Merit Univ of Michigan, Ann Arbor","San Diego Supercomputer Center->SEQSUINET, Rice University, Houston | SEQSUINET, Rice University, Houston->NCSA, University of Illinois, Champaign | NCSA, University of Illinois, Champaign->Merit Univ of Michigan, Ann Arbor",1
32,nsfnet,11,0.8,lstm,random_failure_fixed,"MIDnet, Lincoln, NE -> NCSA, University of Illinois, Champaign & NCSA, University of Illinois, Champaign -> MIDnet, Lincoln, NE",1,"MIDnet, Lincoln, NE","Cornell Theory Center, Ithaca NY",1,4.3126502,"MIDnet, Lincoln, NE | NCSA, University of Illinois, Champaign | Merit Univ of Michigan, Ann Arbor | Cornell Theory Center, Ithaca NY","MIDnet, Lincoln, NE->NCSA, University of Illinois, Champaign | NCSA, University of Illinois, Champaign->Merit Univ of Michigan, Ann Arbor | Merit Univ of Michigan, Ann Arbor->Cornell Theory Center, Ithaca NY",1
32,nsfnet,11,0.8,lstm,random_failure_fixed,"MIDnet, Lincoln, NE -> NCSA, University of Illinois, Champaign & NCSA, University of Illinois, Champaign -> MIDnet, Lincoln, NE",2,Pittsburgh Supercomputer Center,"MIDnet, Lincoln, NE",1,4.2568717,"Pittsburgh Supercomputer Center | Merit Univ of Michigan, Ann Arbor | NCSA, University of Illinois, Champaign | MIDnet, Lincoln, NE","Pittsburgh Supercomputer Center->Merit Univ of Michigan, Ann Arbor | Merit Univ of Michigan, Ann Arbor->NCSA, University of Illinois, Champaign | NCSA, University of Illinois, Champaign->MIDnet, Lincoln, NE",1
32,nsfnet,11,0.8,lstm,random_failure_fixed,"MIDnet, Lincoln, NE -> NCSA, University of Illinois, Champaign & NCSA, University of Illinois, Champaign -> MIDnet, Lincoln, NE",3,"MIDnet, Lincoln, NE","NorthWestNet, Seattle",1,4.1590433,"MIDnet, Lincoln, NE | NCSA, University of Illinois, Champaign | NCAR, Boulder | NorthWestNet, Seattle","MIDnet, Lincoln, NE->NCSA, University of Illinois, Champaign | NCSA, University of Illinois, Champaign->NCAR, Boulder | NCAR, Boulder->NorthWestNet, Seattle",1
32,nsfnet,11,0.8,lstm,random_failure_fixed,"MIDnet, Lincoln, NE -> NCSA, University of Illinois, Champaign & NCSA, University of Illinois, Champaign -> MIDnet, Lincoln, NE",4,"MIDnet, Lincoln, NE","SEQSUINET, Rice University, Houston",1,4.1346197,"MIDnet, Lincoln, NE | NCSA, University of Illinois, Champaign | SEQSUINET, Rice University, Houston","MIDnet, Lincoln, NE->NCSA, University of Illinois, Champaign | NCSA, University of Illinois, Champaign->SEQSUINET, Rice University, Houston",1
32,nsfnet,11,0.8,lstm,random_failure_fixed,"MIDnet, Lincoln, NE -> NCSA, University of Illinois, Champaign & NCSA, University of Illinois, Champaign -> MIDnet, Lincoln, NE",5,"MIDnet, Lincoln, NE","Westnet, Salt Lake City",1,3.7681737,"MIDnet, Lincoln, NE | NCSA, University of Illinois, Champaign | NCAR, Boulder | Westnet, Salt Lake City","MIDnet, Lincoln, NE->NCSA, University of Illinois, Champaign | NCSA, University of Illinois, Champaign->NCAR, Boulder | NCAR, Boulder->Westnet, Salt Lake City",1
32,nsfnet,11,0.8,uncertainty_aware_lstm_robust_lp,critical_failure_fixed,"NCSA, University of Illinois, Champaign -> Merit Univ of Michigan, Ann Arbor & Merit Univ of Michigan, Ann Arbor -> NCSA, University of Illinois, Champaign",1,"Westnet, Salt Lake City","Cornell Theory Center, Ithaca NY",1,4.6718936,"Westnet, Salt Lake City | NCAR, Boulder | NCSA, University of Illinois, Champaign | Merit Univ of Michigan, Ann Arbor | Cornell Theory Center, Ithaca NY","Westnet, Salt Lake City->NCAR, Boulder | NCAR, Boulder->NCSA, University of Illinois, Champaign | NCSA, University of Illinois, Champaign->Merit Univ of Michigan, Ann Arbor | Merit Univ of Michigan, Ann Arbor->Cornell Theory Center, Ithaca NY",1
32,nsfnet,11,0.8,uncertainty_aware_lstm_robust_lp,critical_failure_fixed,"NCSA, University of Illinois, Champaign -> Merit Univ of Michigan, Ann Arbor & Merit Univ of Michigan, Ann Arbor -> NCSA, University of Illinois, Champaign",2,"Merit Univ of Michigan, Ann Arbor","NCSA, University of Illinois, Champaign",1,4.5193624,"Merit Univ of Michigan, Ann Arbor | NCSA, University of Illinois, Champaign","Merit Univ of Michigan, Ann Arbor->NCSA, University of Illinois, Champaign",1
32,nsfnet,11,0.8,uncertainty_aware_lstm_robust_lp,critical_failure_fixed,"NCSA, University of Illinois, Champaign -> Merit Univ of Michigan, Ann Arbor & Merit Univ of Michigan, Ann Arbor -> NCSA, University of Illinois, Champaign",3,"MIDnet, Lincoln, NE","Cornell Theory Center, Ithaca NY",1,4.5185852,"MIDnet, Lincoln, NE | NCSA, University of Illinois, Champaign | Merit Univ of Michigan, Ann Arbor | Cornell Theory Center, Ithaca NY","MIDnet, Lincoln, NE->NCSA, University of Illinois, Champaign | NCSA, University of Illinois, Champaign->Merit Univ of Michigan, Ann Arbor | Merit Univ of Michigan, Ann Arbor->Cornell Theory Center, Ithaca NY",1
32,nsfnet,11,0.8,uncertainty_aware_lstm_robust_lp,critical_failure_fixed,"NCSA, University of Illinois, Champaign -> Merit Univ of Michigan, Ann Arbor & Merit Univ of Michigan, Ann Arbor -> NCSA, University of Illinois, Champaign",4,Pittsburgh Supercomputer Center,"MIDnet, Lincoln, NE",1,4.4433961,"Pittsburgh Supercomputer Center | Merit Univ of Michigan, Ann Arbor | NCSA, University of Illinois, Champaign | MIDnet, Lincoln, NE","Pittsburgh Supercomputer Center->Merit Univ of Michigan, Ann Arbor | Merit Univ of Michigan, Ann Arbor->NCSA, University of Illinois, Champaign | NCSA, University of Illinois, Champaign->MIDnet, Lincoln, NE",1
32,nsfnet,11,0.8,uncertainty_aware_lstm_robust_lp,critical_failure_fixed,"NCSA, University of Illinois, Champaign -> Merit Univ of Michigan, Ann Arbor & Merit Univ of Michigan, Ann Arbor -> NCSA, University of Illinois, Champaign",5,"Cornell Theory Center, Ithaca NY","NCAR, Boulder",1,4.0155287,"Cornell Theory Center, Ithaca NY | Merit Univ of Michigan, Ann Arbor | NCSA, University of Illinois, Champaign | NCAR, Boulder","Cornell Theory Center, Ithaca NY->Merit Univ of Michigan, Ann Arbor | Merit Univ of Michigan, Ann Arbor->NCSA, University of Illinois, Champaign | NCSA, University of Illinois, Champaign->NCAR, Boulder",1
32,nsfnet,11,0.8,uncertainty_aware_lstm_robust_lp,random_failure_fixed,"MIDnet, Lincoln, NE -> NCSA, University of Illinois, Champaign & NCSA, University of Illinois, Champaign -> MIDnet, Lincoln, NE",1,"MIDnet, Lincoln, NE","Cornell Theory Center, Ithaca NY",1,4.5185852,"MIDnet, Lincoln, NE | NCSA, University of Illinois, Champaign | Merit Univ of Michigan, Ann Arbor | Cornell Theory Center, Ithaca NY","MIDnet, Lincoln, NE->NCSA, University of Illinois, Champaign | NCSA, University of Illinois, Champaign->Merit Univ of Michigan, Ann Arbor | Merit Univ of Michigan, Ann Arbor->Cornell Theory Center, Ithaca NY",1
32,nsfnet,11,0.8,uncertainty_aware_lstm_robust_lp,random_failure_fixed,"MIDnet, Lincoln, NE -> NCSA, University of Illinois, Champaign & NCSA, University of Illinois, Champaign -> MIDnet, Lincoln, NE",2,Pittsburgh Supercomputer Center,"MIDnet, Lincoln, NE",1,4.4433961,"Pittsburgh Supercomputer Center | Merit Univ of Michigan, Ann Arbor | NCSA, University of Illinois, Champaign | MIDnet, Lincoln, NE","Pittsburgh Supercomputer Center->Merit Univ of Michigan, Ann Arbor | Merit Univ of Michigan, Ann Arbor->NCSA, University of Illinois, Champaign | NCSA, University of Illinois, Champaign->MIDnet, Lincoln, NE",1
32,nsfnet,11,0.8,uncertainty_aware_lstm_robust_lp,random_failure_fixed,"MIDnet, Lincoln, NE -> NCSA, University of Illinois, Champaign & NCSA, University of Illinois, Champaign -> MIDnet, Lincoln, NE",3,"MIDnet, Lincoln, NE","NorthWestNet, Seattle",1,4.364234,"MIDnet, Lincoln, NE | NCSA, University of Illinois, Champaign | NCAR, Boulder | NorthWestNet, Seattle","MIDnet, Lincoln, NE->NCSA, University of Illinois, Champaign | NCSA, University of Illinois, Champaign->NCAR, Boulder | NCAR, Boulder->NorthWestNet, Seattle",1
32,nsfnet,11,0.8,uncertainty_aware_lstm_robust_lp,random_failure_fixed,"MIDnet, Lincoln, NE -> NCSA, University of Illinois, Champaign & NCSA, University of Illinois, Champaign -> MIDnet, Lincoln, NE",4,"MIDnet, Lincoln, NE","SEQSUINET, Rice University, Houston",1,4.3445168,"MIDnet, Lincoln, NE | NCSA, University of Illinois, Champaign | SEQSUINET, Rice University, Houston","MIDnet, Lincoln, NE->NCSA, University of Illinois, Champaign | NCSA, University of Illinois, Champaign->SEQSUINET, Rice University, Houston",1
32,nsfnet,11,0.8,uncertainty_aware_lstm_robust_lp,random_failure_fixed,"MIDnet, Lincoln, NE -> NCSA, University of Illinois, Champaign & NCSA, University of Illinois, Champaign -> MIDnet, Lincoln, NE",5,"MIDnet, Lincoln, NE","Westnet, Salt Lake City",1,3.9468186,"MIDnet, Lincoln, NE | NCSA, University of Illinois, Champaign | NCAR, Boulder | Westnet, Salt Lake City","MIDnet, Lincoln, NE->NCSA, University of Illinois, Champaign | NCSA, University of Illinois, Champaign->NCAR, Boulder | NCAR, Boulder->Westnet, Salt Lake City",1
33,nsfnet,11,0.8,current_demand_lp,critical_failure_fixed,"NCSA, University of Illinois, Champaign -> Merit Univ of Michigan, Ann Arbor & Merit Univ of Michigan, Ann Arbor -> NCSA, University of Illinois, Champaign",1,"MIDnet, Lincoln, NE","Cornell Theory Center, Ithaca NY",1,3.223213,"MIDnet, Lincoln, NE | NCSA, University of Illinois, Champaign | Merit Univ of Michigan, Ann Arbor | Cornell Theory Center, Ithaca NY","MIDnet, Lincoln, NE->NCSA, University of Illinois, Champaign | NCSA, University of Illinois, Champaign->Merit Univ of Michigan, Ann Arbor | Merit Univ of Michigan, Ann Arbor->Cornell Theory Center, Ithaca NY",1
33,nsfnet,11,0.8,current_demand_lp,critical_failure_fixed,"NCSA, University of Illinois, Champaign -> Merit Univ of Michigan, Ann Arbor & Merit Univ of Michigan, Ann Arbor -> NCSA, University of Illinois, Champaign",2,"NCSA, University of Illinois, Champaign",Pittsburgh Supercomputer Center,1,2.8919123,"NCSA, University of Illinois, Champaign | Merit Univ of Michigan, Ann Arbor | Pittsburgh Supercomputer Center","NCSA, University of Illinois, Champaign->Merit Univ of Michigan, Ann Arbor | Merit Univ of Michigan, Ann Arbor->Pittsburgh Supercomputer Center",1
33,nsfnet,11,0.8,current_demand_lp,critical_failure_fixed,"NCSA, University of Illinois, Champaign -> Merit Univ of Michigan, Ann Arbor & Merit Univ of Michigan, Ann Arbor -> NCSA, University of Illinois, Champaign",3,"Merit Univ of Michigan, Ann Arbor","NCSA, University of Illinois, Champaign",1,2.8619171,"Merit Univ of Michigan, Ann Arbor | NCSA, University of Illinois, Champaign","Merit Univ of Michigan, Ann Arbor->NCSA, University of Illinois, Champaign",1
33,nsfnet,11,0.8,current_demand_lp,critical_failure_fixed,"NCSA, University of Illinois, Champaign -> Merit Univ of Michigan, Ann Arbor & Merit Univ of Michigan, Ann Arbor -> NCSA, University of Illinois, Champaign",4,Pittsburgh Supercomputer Center,"MIDnet, Lincoln, NE",1,2.7079613,"Pittsburgh Supercomputer Center | Merit Univ of Michigan, Ann Arbor | NCSA, University of Illinois, Champaign | MIDnet, Lincoln, NE","Pittsburgh Supercomputer Center->Merit Univ of Michigan, Ann Arbor | Merit Univ of Michigan, Ann Arbor->NCSA, University of Illinois, Champaign | NCSA, University of Illinois, Champaign->MIDnet, Lincoln, NE",1
33,nsfnet,11,0.8,current_demand_lp,critical_failure_fixed,"NCSA, University of Illinois, Champaign -> Merit Univ of Michigan, Ann Arbor & Merit Univ of Michigan, Ann Arbor -> NCSA, University of Illinois, Champaign",5,"Merit Univ of Michigan, Ann Arbor","Westnet, Salt Lake City",1,2.6664258,"Merit Univ of Michigan, Ann Arbor | NCSA, University of Illinois, Champaign | NCAR, Boulder | Westnet, Salt Lake City","Merit Univ of Michigan, Ann Arbor->NCSA, University of Illinois, Champaign | NCSA, University of Illinois, Champaign->NCAR, Boulder | NCAR, Boulder->Westnet, Salt Lake City",1
33,nsfnet,11,0.8,current_demand_lp,random_failure_fixed,"MIDnet, Lincoln, NE -> NCSA, University of Illinois, Champaign & NCSA, University of Illinois, Champaign -> MIDnet, Lincoln, NE",1,"MIDnet, Lincoln, NE","Cornell Theory Center, Ithaca NY",1,3.223213,"MIDnet, Lincoln, NE | NCSA, University of Illinois, Champaign | Merit Univ of Michigan, Ann Arbor | Cornell Theory Center, Ithaca NY","MIDnet, Lincoln, NE->NCSA, University of Illinois, Champaign | NCSA, University of Illinois, Champaign->Merit Univ of Michigan, Ann Arbor | Merit Univ of Michigan, Ann Arbor->Cornell Theory Center, Ithaca NY",1
33,nsfnet,11,0.8,current_demand_lp,random_failure_fixed,"MIDnet, Lincoln, NE -> NCSA, University of Illinois, Champaign & NCSA, University of Illinois, Champaign -> MIDnet, Lincoln, NE",2,"MIDnet, Lincoln, NE","SEQSUINET, Rice University, Houston",1,2.8933434,"MIDnet, Lincoln, NE | NCSA, University of Illinois, Champaign | SEQSUINET, Rice University, Houston","MIDnet, Lincoln, NE->NCSA, University of Illinois, Champaign | NCSA, University of Illinois, Champaign->SEQSUINET, Rice University, Houston",1
33,nsfnet,11,0.8,current_demand_lp,random_failure_fixed,"MIDnet, Lincoln, NE -> NCSA, University of Illinois, Champaign & NCSA, University of Illinois, Champaign -> MIDnet, Lincoln, NE",3,Pittsburgh Supercomputer Center,"MIDnet, Lincoln, NE",1,2.7079613,"Pittsburgh Supercomputer Center | Merit Univ of Michigan, Ann Arbor | NCSA, University of Illinois, Champaign | MIDnet, Lincoln, NE","Pittsburgh Supercomputer Center->Merit Univ of Michigan, Ann Arbor | Merit Univ of Michigan, Ann Arbor->NCSA, University of Illinois, Champaign | NCSA, University of Illinois, Champaign->MIDnet, Lincoln, NE",1
33,nsfnet,11,0.8,current_demand_lp,random_failure_fixed,"MIDnet, Lincoln, NE -> NCSA, University of Illinois, Champaign & NCSA, University of Illinois, Champaign -> MIDnet, Lincoln, NE",4,"MIDnet, Lincoln, NE","NCSA, University of Illinois, Champaign",1,2.6847331,"MIDnet, Lincoln, NE | NCSA, University of Illinois, Champaign","MIDnet, Lincoln, NE->NCSA, University of Illinois, Champaign",1
33,nsfnet,11,0.8,current_demand_lp,random_failure_fixed,"MIDnet, Lincoln, NE -> NCSA, University of Illinois, Champaign & NCSA, University of Illinois, Champaign -> MIDnet, Lincoln, NE",5,"MIDnet, Lincoln, NE","Westnet, Salt Lake City",1,2.5386371,"MIDnet, Lincoln, NE | NCSA, University of Illinois, Champaign | NCAR, Boulder | Westnet, Salt Lake City","MIDnet, Lincoln, NE->NCSA, University of Illinois, Champaign | NCSA, University of Illinois, Champaign->NCAR, Boulder | NCAR, Boulder->Westnet, Salt Lake City",1
33,nsfnet,11,0.8,robust_current_demand_lp,critical_failure_fixed,"NCSA, University of Illinois, Champaign -> Merit Univ of Michigan, Ann Arbor & Merit Univ of Michigan, Ann Arbor -> NCSA, University of Illinois, Champaign",1,"MIDnet, Lincoln, NE","Cornell Theory Center, Ithaca NY",1,3.223213,"MIDnet, Lincoln, NE | NCSA, University of Illinois, Champaign | Merit Univ of Michigan, Ann Arbor | Cornell Theory Center, Ithaca NY","MIDnet, Lincoln, NE->NCSA, University of Illinois, Champaign | NCSA, University of Illinois, Champaign->Merit Univ of Michigan, Ann Arbor | Merit Univ of Michigan, Ann Arbor->Cornell Theory Center, Ithaca NY",1
33,nsfnet,11,0.8,robust_current_demand_lp,critical_failure_fixed,"NCSA, University of Illinois, Champaign -> Merit Univ of Michigan, Ann Arbor & Merit Univ of Michigan, Ann Arbor -> NCSA, University of Illinois, Champaign",2,"Westnet, Salt Lake City","Cornell Theory Center, Ithaca NY",1,3.2054329,"Westnet, Salt Lake City | NCAR, Boulder | NCSA, University of Illinois, Champaign | Merit Univ of Michigan, Ann Arbor | Cornell Theory Center, Ithaca NY","Westnet, Salt Lake City->NCAR, Boulder | NCAR, Boulder->NCSA, University of Illinois, Champaign | NCSA, University of Illinois, Champaign->Merit Univ of Michigan, Ann Arbor | Merit Univ of Michigan, Ann Arbor->Cornell Theory Center, Ithaca NY",1
33,nsfnet,11,0.8,robust_current_demand_lp,critical_failure_fixed,"NCSA, University of Illinois, Champaign -> Merit Univ of Michigan, Ann Arbor & Merit Univ of Michigan, Ann Arbor -> NCSA, University of Illinois, Champaign",3,"NCSA, University of Illinois, Champaign",Pittsburgh Supercomputer Center,1,2.8919123,"NCSA, University of Illinois, Champaign | Merit Univ of Michigan, Ann Arbor | Pittsburgh Supercomputer Center","NCSA, University of Illinois, Champaign->Merit Univ of Michigan, Ann Arbor | Merit Univ of Michigan, Ann Arbor->Pittsburgh Supercomputer Center",1
33,nsfnet,11,0.8,robust_current_demand_lp,critical_failure_fixed,"NCSA, University of Illinois, Champaign -> Merit Univ of Michigan, Ann Arbor & Merit Univ of Michigan, Ann Arbor -> NCSA, University of Illinois, Champaign",4,"Cornell Theory Center, Ithaca NY","NCAR, Boulder",1,2.8686665,"Cornell Theory Center, Ithaca NY | Merit Univ of Michigan, Ann Arbor | NCSA, University of Illinois, Champaign | NCAR, Boulder","Cornell Theory Center, Ithaca NY->Merit Univ of Michigan, Ann Arbor | Merit Univ of Michigan, Ann Arbor->NCSA, University of Illinois, Champaign | NCSA, University of Illinois, Champaign->NCAR, Boulder",1
33,nsfnet,11,0.8,robust_current_demand_lp,critical_failure_fixed,"NCSA, University of Illinois, Champaign -> Merit Univ of Michigan, Ann Arbor & Merit Univ of Michigan, Ann Arbor -> NCSA, University of Illinois, Champaign",5,"Merit Univ of Michigan, Ann Arbor","NCSA, University of Illinois, Champaign",1,2.8619171,"Merit Univ of Michigan, Ann Arbor | NCSA, University of Illinois, Champaign","Merit Univ of Michigan, Ann Arbor->NCSA, University of Illinois, Champaign",1
33,nsfnet,11,0.8,robust_current_demand_lp,random_failure_fixed,"MIDnet, Lincoln, NE -> NCSA, University of Illinois, Champaign & NCSA, University of Illinois, Champaign -> MIDnet, Lincoln, NE",1,"MIDnet, Lincoln, NE","Cornell Theory Center, Ithaca NY",1,3.223213,"MIDnet, Lincoln, NE | NCSA, University of Illinois, Champaign | Merit Univ of Michigan, Ann Arbor | Cornell Theory Center, Ithaca NY","MIDnet, Lincoln, NE->NCSA, University of Illinois, Champaign | NCSA, University of Illinois, Champaign->Merit Univ of Michigan, Ann Arbor | Merit Univ of Michigan, Ann Arbor->Cornell Theory Center, Ithaca NY",1
33,nsfnet,11,0.8,robust_current_demand_lp,random_failure_fixed,"MIDnet, Lincoln, NE -> NCSA, University of Illinois, Champaign & NCSA, University of Illinois, Champaign -> MIDnet, Lincoln, NE",2,"MIDnet, Lincoln, NE","SEQSUINET, Rice University, Houston",1,2.8933434,"MIDnet, Lincoln, NE | NCSA, University of Illinois, Champaign | SEQSUINET, Rice University, Houston","MIDnet, Lincoln, NE->NCSA, University of Illinois, Champaign | NCSA, University of Illinois, Champaign->SEQSUINET, Rice University, Houston",1
33,nsfnet,11,0.8,robust_current_demand_lp,random_failure_fixed,"MIDnet, Lincoln, NE -> NCSA, University of Illinois, Champaign & NCSA, University of Illinois, Champaign -> MIDnet, Lincoln, NE",3,Pittsburgh Supercomputer Center,"MIDnet, Lincoln, NE",1,2.7079613,"Pittsburgh Supercomputer Center | Merit Univ of Michigan, Ann Arbor | NCSA, University of Illinois, Champaign | MIDnet, Lincoln, NE","Pittsburgh Supercomputer Center->Merit Univ of Michigan, Ann Arbor | Merit Univ of Michigan, Ann Arbor->NCSA, University of Illinois, Champaign | NCSA, University of Illinois, Champaign->MIDnet, Lincoln, NE",1
33,nsfnet,11,0.8,robust_current_demand_lp,random_failure_fixed,"MIDnet, Lincoln, NE -> NCSA, University of Illinois, Champaign & NCSA, University of Illinois, Champaign -> MIDnet, Lincoln, NE",4,"MIDnet, Lincoln, NE","NCSA, University of Illinois, Champaign",1,2.6847331,"MIDnet, Lincoln, NE | NCSA, University of Illinois, Champaign","MIDnet, Lincoln, NE->NCSA, University of Illinois, Champaign",1
33,nsfnet,11,0.8,robust_current_demand_lp,random_failure_fixed,"MIDnet, Lincoln, NE -> NCSA, University of Illinois, Champaign & NCSA, University of Illinois, Champaign -> MIDnet, Lincoln, NE",5,"MIDnet, Lincoln, NE","Westnet, Salt Lake City",1,2.5386371,"MIDnet, Lincoln, NE | NCSA, University of Illinois, Champaign | NCAR, Boulder | Westnet, Salt Lake City","MIDnet, Lincoln, NE->NCSA, University of Illinois, Champaign | NCSA, University of Illinois, Champaign->NCAR, Boulder | NCAR, Boulder->Westnet, Salt Lake City",1
33,nsfnet,11,0.8,moving_average,critical_failure_fixed,"NCSA, University of Illinois, Champaign -> Merit Univ of Michigan, Ann Arbor & Merit Univ of Michigan, Ann Arbor -> NCSA, University of Illinois, Champaign",1,"Merit Univ of Michigan, Ann Arbor","NCSA, University of Illinois, Champaign",1,3.5639036,"Merit Univ of Michigan, Ann Arbor | NCSA, University of Illinois, Champaign","Merit Univ of Michigan, Ann Arbor->NCSA, University of Illinois, Champaign",1
33,nsfnet,11,0.8,moving_average,critical_failure_fixed,"NCSA, University of Illinois, Champaign -> Merit Univ of Michigan, Ann Arbor & Merit Univ of Michigan, Ann Arbor -> NCSA, University of Illinois, Champaign",2,Pittsburgh Supercomputer Center,"MIDnet, Lincoln, NE",1,3.5154454,"Pittsburgh Supercomputer Center | Merit Univ of Michigan, Ann Arbor | NCSA, University of Illinois, Champaign | MIDnet, Lincoln, NE","Pittsburgh Supercomputer Center->Merit Univ of Michigan, Ann Arbor | Merit Univ of Michigan, Ann Arbor->NCSA, University of Illinois, Champaign | NCSA, University of Illinois, Champaign->MIDnet, Lincoln, NE",1
33,nsfnet,11,0.8,moving_average,critical_failure_fixed,"NCSA, University of Illinois, Champaign -> Merit Univ of Michigan, Ann Arbor & Merit Univ of Michigan, Ann Arbor -> NCSA, University of Illinois, Champaign",3,"SURANET, Georgia Tech, Atlanta","Merit Univ of Michigan, Ann Arbor",1,3.5038173,"SURANET, Georgia Tech, Atlanta | SEQSUINET, Rice University, Houston | NCSA, University of Illinois, Champaign | Merit Univ of Michigan, Ann Arbor","SURANET, Georgia Tech, Atlanta->SEQSUINET, Rice University, Houston | SEQSUINET, Rice University, Houston->NCSA, University of Illinois, Champaign | NCSA, University of Illinois, Champaign->Merit Univ of Michigan, Ann Arbor",1
33,nsfnet,11,0.8,moving_average,critical_failure_fixed,"NCSA, University of Illinois, Champaign -> Merit Univ of Michigan, Ann Arbor & Merit Univ of Michigan, Ann Arbor -> NCSA, University of Illinois, Champaign",4,"MIDnet, Lincoln, NE","Cornell Theory Center, Ithaca NY",1,3.4903681,"MIDnet, Lincoln, NE | NCSA, University of Illinois, Champaign | Merit Univ of Michigan, Ann Arbor | Cornell Theory Center, Ithaca NY","MIDnet, Lincoln, NE->NCSA, University of Illinois, Champaign | NCSA, University of Illinois, Champaign->Merit Univ of Michigan, Ann Arbor | Merit Univ of Michigan, Ann Arbor->Cornell Theory Center, Ithaca NY",1
33,nsfnet,11,0.8,moving_average,critical_failure_fixed,"NCSA, University of Illinois, Champaign -> Merit Univ of Michigan, Ann Arbor & Merit Univ of Michigan, Ann Arbor -> NCSA, University of Illinois, Champaign",5,San Diego Supercomputer Center,"Merit Univ of Michigan, Ann Arbor",1,3.4279716,"San Diego Supercomputer Center | SEQSUINET, Rice University, Houston | NCSA, University of Illinois, Champaign | Merit Univ of Michigan, Ann Arbor","San Diego Supercomputer Center->SEQSUINET, Rice University, Houston | SEQSUINET, Rice University, Houston->NCSA, University of Illinois, Champaign | NCSA, University of Illinois, Champaign->Merit Univ of Michigan, Ann Arbor",1
33,nsfnet,11,0.8,moving_average,random_failure_fixed,"MIDnet, Lincoln, NE -> NCSA, University of Illinois, Champaign & NCSA, University of Illinois, Champaign -> MIDnet, Lincoln, NE",1,Pittsburgh Supercomputer Center,"MIDnet, Lincoln, NE",1,3.5154454,"Pittsburgh Supercomputer Center | Merit Univ of Michigan, Ann Arbor | NCSA, University of Illinois, Champaign | MIDnet, Lincoln, NE","Pittsburgh Supercomputer Center->Merit Univ of Michigan, Ann Arbor | Merit Univ of Michigan, Ann Arbor->NCSA, University of Illinois, Champaign | NCSA, University of Illinois, Champaign->MIDnet, Lincoln, NE",1
33,nsfnet,11,0.8,moving_average,random_failure_fixed,"MIDnet, Lincoln, NE -> NCSA, University of Illinois, Champaign & NCSA, University of Illinois, Champaign -> MIDnet, Lincoln, NE",2,"MIDnet, Lincoln, NE","Cornell Theory Center, Ithaca NY",1,3.4903681,"MIDnet, Lincoln, NE | NCSA, University of Illinois, Champaign | Merit Univ of Michigan, Ann Arbor | Cornell Theory Center, Ithaca NY","MIDnet, Lincoln, NE->NCSA, University of Illinois, Champaign | NCSA, University of Illinois, Champaign->Merit Univ of Michigan, Ann Arbor | Merit Univ of Michigan, Ann Arbor->Cornell Theory Center, Ithaca NY",1
33,nsfnet,11,0.8,moving_average,random_failure_fixed,"MIDnet, Lincoln, NE -> NCSA, University of Illinois, Champaign & NCSA, University of Illinois, Champaign -> MIDnet, Lincoln, NE",3,"MIDnet, Lincoln, NE","SEQSUINET, Rice University, Houston",1,3.3857298,"MIDnet, Lincoln, NE | NCSA, University of Illinois, Champaign | SEQSUINET, Rice University, Houston","MIDnet, Lincoln, NE->NCSA, University of Illinois, Champaign | NCSA, University of Illinois, Champaign->SEQSUINET, Rice University, Houston",1
33,nsfnet,11,0.8,moving_average,random_failure_fixed,"MIDnet, Lincoln, NE -> NCSA, University of Illinois, Champaign & NCSA, University of Illinois, Champaign -> MIDnet, Lincoln, NE",4,"MIDnet, Lincoln, NE","NorthWestNet, Seattle",1,3.3583376,"MIDnet, Lincoln, NE | NCSA, University of Illinois, Champaign | NCAR, Boulder | NorthWestNet, Seattle","MIDnet, Lincoln, NE->NCSA, University of Illinois, Champaign | NCSA, University of Illinois, Champaign->NCAR, Boulder | NCAR, Boulder->NorthWestNet, Seattle",1
33,nsfnet,11,0.8,moving_average,random_failure_fixed,"MIDnet, Lincoln, NE -> NCSA, University of Illinois, Champaign & NCSA, University of Illinois, Champaign -> MIDnet, Lincoln, NE",5,"SURANET, Georgia Tech, Atlanta","MIDnet, Lincoln, NE",1,3.2273328,"SURANET, Georgia Tech, Atlanta | SEQSUINET, Rice University, Houston | NCSA, University of Illinois, Champaign | MIDnet, Lincoln, NE","SURANET, Georgia Tech, Atlanta->SEQSUINET, Rice University, Houston | SEQSUINET, Rice University, Houston->NCSA, University of Illinois, Champaign | NCSA, University of Illinois, Champaign->MIDnet, Lincoln, NE",1
33,nsfnet,11,0.8,linear_autoregressive,critical_failure_fixed,"NCSA, University of Illinois, Champaign -> Merit Univ of Michigan, Ann Arbor & Merit Univ of Michigan, Ann Arbor -> NCSA, University of Illinois, Champaign",1,Pittsburgh Supercomputer Center,"MIDnet, Lincoln, NE",1,2.9544054,"Pittsburgh Supercomputer Center | Merit Univ of Michigan, Ann Arbor | NCSA, University of Illinois, Champaign | MIDnet, Lincoln, NE","Pittsburgh Supercomputer Center->Merit Univ of Michigan, Ann Arbor | Merit Univ of Michigan, Ann Arbor->NCSA, University of Illinois, Champaign | NCSA, University of Illinois, Champaign->MIDnet, Lincoln, NE",1
33,nsfnet,11,0.8,linear_autoregressive,critical_failure_fixed,"NCSA, University of Illinois, Champaign -> Merit Univ of Michigan, Ann Arbor & Merit Univ of Michigan, Ann Arbor -> NCSA, University of Illinois, Champaign",2,"Merit Univ of Michigan, Ann Arbor","NCSA, University of Illinois, Champaign",1,2.9294249,"Merit Univ of Michigan, Ann Arbor | NCSA, University of Illinois, Champaign","Merit Univ of Michigan, Ann Arbor->NCSA, University of Illinois, Champaign",1
33,nsfnet,11,0.8,linear_autoregressive,critical_failure_fixed,"NCSA, University of Illinois, Champaign -> Merit Univ of Michigan, Ann Arbor & Merit Univ of Michigan, Ann Arbor -> NCSA, University of Illinois, Champaign",3,"MIDnet, Lincoln, NE","Cornell Theory Center, Ithaca NY",1,2.8729554,"MIDnet, Lincoln, NE | NCSA, University of Illinois, Champaign | Merit Univ of Michigan, Ann Arbor | Cornell Theory Center, Ithaca NY","MIDnet, Lincoln, NE->NCSA, University of Illinois, Champaign | NCSA, University of Illinois, Champaign->Merit Univ of Michigan, Ann Arbor | Merit Univ of Michigan, Ann Arbor->Cornell Theory Center, Ithaca NY",1
33,nsfnet,11,0.8,linear_autoregressive,critical_failure_fixed,"NCSA, University of Illinois, Champaign -> Merit Univ of Michigan, Ann Arbor & Merit Univ of Michigan, Ann Arbor -> NCSA, University of Illinois, Champaign",4,"SURANET, Georgia Tech, Atlanta","Merit Univ of Michigan, Ann Arbor",1,2.6538157,"SURANET, Georgia Tech, Atlanta | SEQSUINET, Rice University, Houston | NCSA, University of Illinois, Champaign | Merit Univ of Michigan, Ann Arbor","SURANET, Georgia Tech, Atlanta->SEQSUINET, Rice University, Houston | SEQSUINET, Rice University, Houston->NCSA, University of Illinois, Champaign | NCSA, University of Illinois, Champaign->Merit Univ of Michigan, Ann Arbor",1
33,nsfnet,11,0.8,linear_autoregressive,critical_failure_fixed,"NCSA, University of Illinois, Champaign -> Merit Univ of Michigan, Ann Arbor & Merit Univ of Michigan, Ann Arbor -> NCSA, University of Illinois, Champaign",5,San Diego Supercomputer Center,"Merit Univ of Michigan, Ann Arbor",1,0.083285826,"San Diego Supercomputer Center | BARRnet, Palo Alto | Merit Univ of Michigan, Ann Arbor","San Diego Supercomputer Center->BARRnet, Palo Alto | BARRnet, Palo Alto->Merit Univ of Michigan, Ann Arbor",0
33,nsfnet,11,0.8,linear_autoregressive,critical_failure_fixed,"NCSA, University of Illinois, Champaign -> Merit Univ of Michigan, Ann Arbor & Merit Univ of Michigan, Ann Arbor -> NCSA, University of Illinois, Champaign",5,San Diego Supercomputer Center,"Merit Univ of Michigan, Ann Arbor",2,2.542441,"San Diego Supercomputer Center | SEQSUINET, Rice University, Houston | NCSA, University of Illinois, Champaign | Merit Univ of Michigan, Ann Arbor","San Diego Supercomputer Center->SEQSUINET, Rice University, Houston | SEQSUINET, Rice University, Houston->NCSA, University of Illinois, Champaign | NCSA, University of Illinois, Champaign->Merit Univ of Michigan, Ann Arbor",1
33,nsfnet,11,0.8,linear_autoregressive,random_failure_fixed,"MIDnet, Lincoln, NE -> NCSA, University of Illinois, Champaign & NCSA, University of Illinois, Champaign -> MIDnet, Lincoln, NE",1,Pittsburgh Supercomputer Center,"MIDnet, Lincoln, NE",1,2.9544054,"Pittsburgh Supercomputer Center | Merit Univ of Michigan, Ann Arbor | NCSA, University of Illinois, Champaign | MIDnet, Lincoln, NE","Pittsburgh Supercomputer Center->Merit Univ of Michigan, Ann Arbor | Merit Univ of Michigan, Ann Arbor->NCSA, University of Illinois, Champaign | NCSA, University of Illinois, Champaign->MIDnet, Lincoln, NE",1
33,nsfnet,11,0.8,linear_autoregressive,random_failure_fixed,"MIDnet, Lincoln, NE -> NCSA, University of Illinois, Champaign & NCSA, University of Illinois, Champaign -> MIDnet, Lincoln, NE",2,"MIDnet, Lincoln, NE","Cornell Theory Center, Ithaca NY",1,2.8729554,"MIDnet, Lincoln, NE | NCSA, University of Illinois, Champaign | Merit Univ of Michigan, Ann Arbor | Cornell Theory Center, Ithaca NY","MIDnet, Lincoln, NE->NCSA, University of Illinois, Champaign | NCSA, University of Illinois, Champaign->Merit Univ of Michigan, Ann Arbor | Merit Univ of Michigan, Ann Arbor->Cornell Theory Center, Ithaca NY",1
33,nsfnet,11,0.8,linear_autoregressive,random_failure_fixed,"MIDnet, Lincoln, NE -> NCSA, University of Illinois, Champaign & NCSA, University of Illinois, Champaign -> MIDnet, Lincoln, NE",3,"MIDnet, Lincoln, NE","NorthWestNet, Seattle",1,2.7691222,"MIDnet, Lincoln, NE | NCSA, University of Illinois, Champaign | NCAR, Boulder | NorthWestNet, Seattle","MIDnet, Lincoln, NE->NCSA, University of Illinois, Champaign | NCSA, University of Illinois, Champaign->NCAR, Boulder | NCAR, Boulder->NorthWestNet, Seattle",1
33,nsfnet,11,0.8,linear_autoregressive,random_failure_fixed,"MIDnet, Lincoln, NE -> NCSA, University of Illinois, Champaign & NCSA, University of Illinois, Champaign -> MIDnet, Lincoln, NE",4,"MIDnet, Lincoln, NE","SEQSUINET, Rice University, Houston",1,2.730285,"MIDnet, Lincoln, NE | NCSA, University of Illinois, Champaign | SEQSUINET, Rice University, Houston","MIDnet, Lincoln, NE->NCSA, University of Illinois, Champaign | NCSA, University of Illinois, Champaign->SEQSUINET, Rice University, Houston",1
33,nsfnet,11,0.8,linear_autoregressive,random_failure_fixed,"MIDnet, Lincoln, NE -> NCSA, University of Illinois, Champaign & NCSA, University of Illinois, Champaign -> MIDnet, Lincoln, NE",5,"MIDnet, Lincoln, NE","BARRnet, Palo Alto",1,2.5032433,"MIDnet, Lincoln, NE | NCSA, University of Illinois, Champaign | Merit Univ of Michigan, Ann Arbor | BARRnet, Palo Alto","MIDnet, Lincoln, NE->NCSA, University of Illinois, Champaign | NCSA, University of Illinois, Champaign->Merit Univ of Michigan, Ann Arbor | Merit Univ of Michigan, Ann Arbor->BARRnet, Palo Alto",1
33,nsfnet,11,0.8,lstm,critical_failure_fixed,"NCSA, University of Illinois, Champaign -> Merit Univ of Michigan, Ann Arbor & Merit Univ of Michigan, Ann Arbor -> NCSA, University of Illinois, Champaign",1,"MIDnet, Lincoln, NE","Cornell Theory Center, Ithaca NY",1,4.3126502,"MIDnet, Lincoln, NE | NCSA, University of Illinois, Champaign | Merit Univ of Michigan, Ann Arbor | Cornell Theory Center, Ithaca NY","MIDnet, Lincoln, NE->NCSA, University of Illinois, Champaign | NCSA, University of Illinois, Champaign->Merit Univ of Michigan, Ann Arbor | Merit Univ of Michigan, Ann Arbor->Cornell Theory Center, Ithaca NY",1
33,nsfnet,11,0.8,lstm,critical_failure_fixed,"NCSA, University of Illinois, Champaign -> Merit Univ of Michigan, Ann Arbor & Merit Univ of Michigan, Ann Arbor -> NCSA, University of Illinois, Champaign",2,"Merit Univ of Michigan, Ann Arbor","NCSA, University of Illinois, Champaign",1,4.3047462,"Merit Univ of Michigan, Ann Arbor | NCSA, University of Illinois, Champaign","Merit Univ of Michigan, Ann Arbor->NCSA, University of Illinois, Champaign",1
33,nsfnet,11,0.8,lstm,critical_failure_fixed,"NCSA, University of Illinois, Champaign -> Merit Univ of Michigan, Ann Arbor & Merit Univ of Michigan, Ann Arbor -> NCSA, University of Illinois, Champaign",3,Pittsburgh Supercomputer Center,"MIDnet, Lincoln, NE",1,4.2568712,"Pittsburgh Supercomputer Center | Merit Univ of Michigan, Ann Arbor | NCSA, University of Illinois, Champaign | MIDnet, Lincoln, NE","Pittsburgh Supercomputer Center->Merit Univ of Michigan, Ann Arbor | Merit Univ of Michigan, Ann Arbor->NCSA, University of Illinois, Champaign | NCSA, University of Illinois, Champaign->MIDnet, Lincoln, NE",1
33,nsfnet,11,0.8,lstm,critical_failure_fixed,"NCSA, University of Illinois, Champaign -> Merit Univ of Michigan, Ann Arbor & Merit Univ of Michigan, Ann Arbor -> NCSA, University of Illinois, Champaign",4,"SURANET, Georgia Tech, Atlanta","Merit Univ of Michigan, Ann Arbor",1,4.0819569,"SURANET, Georgia Tech, Atlanta | SEQSUINET, Rice University, Houston | NCSA, University of Illinois, Champaign | Merit Univ of Michigan, Ann Arbor","SURANET, Georgia Tech, Atlanta->SEQSUINET, Rice University, Houston | SEQSUINET, Rice University, Houston->NCSA, University of Illinois, Champaign | NCSA, University of Illinois, Champaign->Merit Univ of Michigan, Ann Arbor",1
33,nsfnet,11,0.8,lstm,critical_failure_fixed,"NCSA, University of Illinois, Champaign -> Merit Univ of Michigan, Ann Arbor & Merit Univ of Michigan, Ann Arbor -> NCSA, University of Illinois, Champaign",5,San Diego Supercomputer Center,"Merit Univ of Michigan, Ann Arbor",1,3.9990675,"San Diego Supercomputer Center | SEQSUINET, Rice University, Houston | NCSA, University of Illinois, Champaign | Merit Univ of Michigan, Ann Arbor","San Diego Supercomputer Center->SEQSUINET, Rice University, Houston | SEQSUINET, Rice University, Houston->NCSA, University of Illinois, Champaign | NCSA, University of Illinois, Champaign->Merit Univ of Michigan, Ann Arbor",1
33,nsfnet,11,0.8,lstm,random_failure_fixed,"MIDnet, Lincoln, NE -> NCSA, University of Illinois, Champaign & NCSA, University of Illinois, Champaign -> MIDnet, Lincoln, NE",1,"MIDnet, Lincoln, NE","Cornell Theory Center, Ithaca NY",1,4.3126502,"MIDnet, Lincoln, NE | NCSA, University of Illinois, Champaign | Merit Univ of Michigan, Ann Arbor | Cornell Theory Center, Ithaca NY","MIDnet, Lincoln, NE->NCSA, University of Illinois, Champaign | NCSA, University of Illinois, Champaign->Merit Univ of Michigan, Ann Arbor | Merit Univ of Michigan, Ann Arbor->Cornell Theory Center, Ithaca NY",1
33,nsfnet,11,0.8,lstm,random_failure_fixed,"MIDnet, Lincoln, NE -> NCSA, University of Illinois, Champaign & NCSA, University of Illinois, Champaign -> MIDnet, Lincoln, NE",2,Pittsburgh Supercomputer Center,"MIDnet, Lincoln, NE",1,4.2568712,"Pittsburgh Supercomputer Center | Merit Univ of Michigan, Ann Arbor | NCSA, University of Illinois, Champaign | MIDnet, Lincoln, NE","Pittsburgh Supercomputer Center->Merit Univ of Michigan, Ann Arbor | Merit Univ of Michigan, Ann Arbor->NCSA, University of Illinois, Champaign | NCSA, University of Illinois, Champaign->MIDnet, Lincoln, NE",1
33,nsfnet,11,0.8,lstm,random_failure_fixed,"MIDnet, Lincoln, NE -> NCSA, University of Illinois, Champaign & NCSA, University of Illinois, Champaign -> MIDnet, Lincoln, NE",3,"MIDnet, Lincoln, NE","NorthWestNet, Seattle",1,4.1590433,"MIDnet, Lincoln, NE | NCSA, University of Illinois, Champaign | NCAR, Boulder | NorthWestNet, Seattle","MIDnet, Lincoln, NE->NCSA, University of Illinois, Champaign | NCSA, University of Illinois, Champaign->NCAR, Boulder | NCAR, Boulder->NorthWestNet, Seattle",1
33,nsfnet,11,0.8,lstm,random_failure_fixed,"MIDnet, Lincoln, NE -> NCSA, University of Illinois, Champaign & NCSA, University of Illinois, Champaign -> MIDnet, Lincoln, NE",4,"MIDnet, Lincoln, NE","SEQSUINET, Rice University, Houston",1,4.1346197,"MIDnet, Lincoln, NE | NCSA, University of Illinois, Champaign | SEQSUINET, Rice University, Houston","MIDnet, Lincoln, NE->NCSA, University of Illinois, Champaign | NCSA, University of Illinois, Champaign->SEQSUINET, Rice University, Houston",1
33,nsfnet,11,0.8,lstm,random_failure_fixed,"MIDnet, Lincoln, NE -> NCSA, University of Illinois, Champaign & NCSA, University of Illinois, Champaign -> MIDnet, Lincoln, NE",5,"MIDnet, Lincoln, NE","Westnet, Salt Lake City",1,3.7681737,"MIDnet, Lincoln, NE | NCSA, University of Illinois, Champaign | NCAR, Boulder | Westnet, Salt Lake City","MIDnet, Lincoln, NE->NCSA, University of Illinois, Champaign | NCSA, University of Illinois, Champaign->NCAR, Boulder | NCAR, Boulder->Westnet, Salt Lake City",1
33,nsfnet,11,0.8,uncertainty_aware_lstm_robust_lp,critical_failure_fixed,"NCSA, University of Illinois, Champaign -> Merit Univ of Michigan, Ann Arbor & Merit Univ of Michigan, Ann Arbor -> NCSA, University of Illinois, Champaign",1,"Westnet, Salt Lake City","Cornell Theory Center, Ithaca NY",1,4.6718936,"Westnet, Salt Lake City | NCAR, Boulder | NCSA, University of Illinois, Champaign | Merit Univ of Michigan, Ann Arbor | Cornell Theory Center, Ithaca NY","Westnet, Salt Lake City->NCAR, Boulder | NCAR, Boulder->NCSA, University of Illinois, Champaign | NCSA, University of Illinois, Champaign->Merit Univ of Michigan, Ann Arbor | Merit Univ of Michigan, Ann Arbor->Cornell Theory Center, Ithaca NY",1
33,nsfnet,11,0.8,uncertainty_aware_lstm_robust_lp,critical_failure_fixed,"NCSA, University of Illinois, Champaign -> Merit Univ of Michigan, Ann Arbor & Merit Univ of Michigan, Ann Arbor -> NCSA, University of Illinois, Champaign",2,"Merit Univ of Michigan, Ann Arbor","NCSA, University of Illinois, Champaign",1,4.5193624,"Merit Univ of Michigan, Ann Arbor | NCSA, University of Illinois, Champaign","Merit Univ of Michigan, Ann Arbor->NCSA, University of Illinois, Champaign",1
33,nsfnet,11,0.8,uncertainty_aware_lstm_robust_lp,critical_failure_fixed,"NCSA, University of Illinois, Champaign -> Merit Univ of Michigan, Ann Arbor & Merit Univ of Michigan, Ann Arbor -> NCSA, University of Illinois, Champaign",3,"MIDnet, Lincoln, NE","Cornell Theory Center, Ithaca NY",1,4.5185852,"MIDnet, Lincoln, NE | NCSA, University of Illinois, Champaign | Merit Univ of Michigan, Ann Arbor | Cornell Theory Center, Ithaca NY","MIDnet, Lincoln, NE->NCSA, University of Illinois, Champaign | NCSA, University of Illinois, Champaign->Merit Univ of Michigan, Ann Arbor | Merit Univ of Michigan, Ann Arbor->Cornell Theory Center, Ithaca NY",1
33,nsfnet,11,0.8,uncertainty_aware_lstm_robust_lp,critical_failure_fixed,"NCSA, University of Illinois, Champaign -> Merit Univ of Michigan, Ann Arbor & Merit Univ of Michigan, Ann Arbor -> NCSA, University of Illinois, Champaign",4,Pittsburgh Supercomputer Center,"MIDnet, Lincoln, NE",1,4.4433956,"Pittsburgh Supercomputer Center | Merit Univ of Michigan, Ann Arbor | NCSA, University of Illinois, Champaign | MIDnet, Lincoln, NE","Pittsburgh Supercomputer Center->Merit Univ of Michigan, Ann Arbor | Merit Univ of Michigan, Ann Arbor->NCSA, University of Illinois, Champaign | NCSA, University of Illinois, Champaign->MIDnet, Lincoln, NE",1
33,nsfnet,11,0.8,uncertainty_aware_lstm_robust_lp,critical_failure_fixed,"NCSA, University of Illinois, Champaign -> Merit Univ of Michigan, Ann Arbor & Merit Univ of Michigan, Ann Arbor -> NCSA, University of Illinois, Champaign",5,"Cornell Theory Center, Ithaca NY","NCAR, Boulder",1,4.0155287,"Cornell Theory Center, Ithaca NY | Merit Univ of Michigan, Ann Arbor | NCSA, University of Illinois, Champaign | NCAR, Boulder","Cornell Theory Center, Ithaca NY->Merit Univ of Michigan, Ann Arbor | Merit Univ of Michigan, Ann Arbor->NCSA, University of Illinois, Champaign | NCSA, University of Illinois, Champaign->NCAR, Boulder",1
33,nsfnet,11,0.8,uncertainty_aware_lstm_robust_lp,random_failure_fixed,"MIDnet, Lincoln, NE -> NCSA, University of Illinois, Champaign & NCSA, University of Illinois, Champaign -> MIDnet, Lincoln, NE",1,"MIDnet, Lincoln, NE","Cornell Theory Center, Ithaca NY",1,4.5185852,"MIDnet, Lincoln, NE | NCSA, University of Illinois, Champaign | Merit Univ of Michigan, Ann Arbor | Cornell Theory Center, Ithaca NY","MIDnet, Lincoln, NE->NCSA, University of Illinois, Champaign | NCSA, University of Illinois, Champaign->Merit Univ of Michigan, Ann Arbor | Merit Univ of Michigan, Ann Arbor->Cornell Theory Center, Ithaca NY",1
33,nsfnet,11,0.8,uncertainty_aware_lstm_robust_lp,random_failure_fixed,"MIDnet, Lincoln, NE -> NCSA, University of Illinois, Champaign & NCSA, University of Illinois, Champaign -> MIDnet, Lincoln, NE",2,Pittsburgh Supercomputer Center,"MIDnet, Lincoln, NE",1,4.4433956,"Pittsburgh Supercomputer Center | Merit Univ of Michigan, Ann Arbor | NCSA, University of Illinois, Champaign | MIDnet, Lincoln, NE","Pittsburgh Supercomputer Center->Merit Univ of Michigan, Ann Arbor | Merit Univ of Michigan, Ann Arbor->NCSA, University of Illinois, Champaign | NCSA, University of Illinois, Champaign->MIDnet, Lincoln, NE",1
33,nsfnet,11,0.8,uncertainty_aware_lstm_robust_lp,random_failure_fixed,"MIDnet, Lincoln, NE -> NCSA, University of Illinois, Champaign & NCSA, University of Illinois, Champaign -> MIDnet, Lincoln, NE",3,"MIDnet, Lincoln, NE","NorthWestNet, Seattle",1,4.364234,"MIDnet, Lincoln, NE | NCSA, University of Illinois, Champaign | NCAR, Boulder | NorthWestNet, Seattle","MIDnet, Lincoln, NE->NCSA, University of Illinois, Champaign | NCSA, University of Illinois, Champaign->NCAR, Boulder | NCAR, Boulder->NorthWestNet, Seattle",1
33,nsfnet,11,0.8,uncertainty_aware_lstm_robust_lp,random_failure_fixed,"MIDnet, Lincoln, NE -> NCSA, University of Illinois, Champaign & NCSA, University of Illinois, Champaign -> MIDnet, Lincoln, NE",4,"MIDnet, Lincoln, NE","SEQSUINET, Rice University, Houston",1,4.3445168,"MIDnet, Lincoln, NE | NCSA, University of Illinois, Champaign | SEQSUINET, Rice University, Houston","MIDnet, Lincoln, NE->NCSA, University of Illinois, Champaign | NCSA, University of Illinois, Champaign->SEQSUINET, Rice University, Houston",1
33,nsfnet,11,0.8,uncertainty_aware_lstm_robust_lp,random_failure_fixed,"MIDnet, Lincoln, NE -> NCSA, University of Illinois, Champaign & NCSA, University of Illinois, Champaign -> MIDnet, Lincoln, NE",5,"MIDnet, Lincoln, NE","Westnet, Salt Lake City",1,3.9468186,"MIDnet, Lincoln, NE | NCSA, University of Illinois, Champaign | NCAR, Boulder | Westnet, Salt Lake City","MIDnet, Lincoln, NE->NCSA, University of Illinois, Champaign | NCSA, University of Illinois, Champaign->NCAR, Boulder | NCAR, Boulder->Westnet, Salt Lake City",1
34,nsfnet,11,0.8,current_demand_lp,critical_failure_fixed,"NCSA, University of Illinois, Champaign -> Merit Univ of Michigan, Ann Arbor & Merit Univ of Michigan, Ann Arbor -> NCSA, University of Illinois, Champaign",1,Pittsburgh Supercomputer Center,"MIDnet, Lincoln, NE",1,3.6637205,"Pittsburgh Supercomputer Center | Merit Univ of Michigan, Ann Arbor | NCSA, University of Illinois, Champaign | MIDnet, Lincoln, NE","Pittsburgh Supercomputer Center->Merit Univ of Michigan, Ann Arbor | Merit Univ of Michigan, Ann Arbor->NCSA, University of Illinois, Champaign | NCSA, University of Illinois, Champaign->MIDnet, Lincoln, NE",1
34,nsfnet,11,0.8,current_demand_lp,critical_failure_fixed,"NCSA, University of Illinois, Champaign -> Merit Univ of Michigan, Ann Arbor & Merit Univ of Michigan, Ann Arbor -> NCSA, University of Illinois, Champaign",2,San Diego Supercomputer Center,"Merit Univ of Michigan, Ann Arbor",1,3.0109263,"San Diego Supercomputer Center | SEQSUINET, Rice University, Houston | NCSA, University of Illinois, Champaign | Merit Univ of Michigan, Ann Arbor","San Diego Supercomputer Center->SEQSUINET, Rice University, Houston | SEQSUINET, Rice University, Houston->NCSA, University of Illinois, Champaign | NCSA, University of Illinois, Champaign->Merit Univ of Michigan, Ann Arbor",1
34,nsfnet,11,0.8,current_demand_lp,critical_failure_fixed,"NCSA, University of Illinois, Champaign -> Merit Univ of Michigan, Ann Arbor & Merit Univ of Michigan, Ann Arbor -> NCSA, University of Illinois, Champaign",3,"MIDnet, Lincoln, NE","BARRnet, Palo Alto",1,2.7944995,"MIDnet, Lincoln, NE | NCSA, University of Illinois, Champaign | Merit Univ of Michigan, Ann Arbor | BARRnet, Palo Alto","MIDnet, Lincoln, NE->NCSA, University of Illinois, Champaign | NCSA, University of Illinois, Champaign->Merit Univ of Michigan, Ann Arbor | Merit Univ of Michigan, Ann Arbor->BARRnet, Palo Alto",1
34,nsfnet,11,0.8,current_demand_lp,critical_failure_fixed,"NCSA, University of Illinois, Champaign -> Merit Univ of Michigan, Ann Arbor & Merit Univ of Michigan, Ann Arbor -> NCSA, University of Illinois, Champaign",4,"NCSA, University of Illinois, Champaign",Pittsburgh Supercomputer Center,1,2.7669433,"NCSA, University of Illinois, Champaign | Merit Univ of Michigan, Ann Arbor | Pittsburgh Supercomputer Center","NCSA, University of Illinois, Champaign->Merit Univ of Michigan, Ann Arbor | Merit Univ of Michigan, Ann Arbor->Pittsburgh Supercomputer Center",1
34,nsfnet,11,0.8,current_demand_lp,critical_failure_fixed,"NCSA, University of Illinois, Champaign -> Merit Univ of Michigan, Ann Arbor & Merit Univ of Michigan, Ann Arbor -> NCSA, University of Illinois, Champaign",5,"Merit Univ of Michigan, Ann Arbor","NCSA, University of Illinois, Champaign",1,2.7573378,"Merit Univ of Michigan, Ann Arbor | NCSA, University of Illinois, Champaign","Merit Univ of Michigan, Ann Arbor->NCSA, University of Illinois, Champaign",1
34,nsfnet,11,0.8,current_demand_lp,random_failure_fixed,"SEQSUINET, Rice University, Houston -> SURANET, Georgia Tech, Atlanta & SURANET, Georgia Tech, Atlanta -> SEQSUINET, Rice University, Houston",1,"Jon Von Neumann Center, Princeton, NJ","NorthWestNet, Seattle",1,2.9862459,"Jon Von Neumann Center, Princeton, NJ | SURANET, Georgia Tech, Atlanta | SEQSUINET, Rice University, Houston | San Diego Supercomputer Center | BARRnet, Palo Alto | NorthWestNet, Seattle","Jon Von Neumann Center, Princeton, NJ->SURANET, Georgia Tech, Atlanta | SURANET, Georgia Tech, Atlanta->SEQSUINET, Rice University, Houston | SEQSUINET, Rice University, Houston->San Diego Supercomputer Center | San Diego Supercomputer Center->BARRnet, Palo Alto | BARRnet, Palo Alto->NorthWestNet, Seattle",1
34,nsfnet,11,0.8,current_demand_lp,random_failure_fixed,"SEQSUINET, Rice University, Houston -> SURANET, Georgia Tech, Atlanta & SURANET, Georgia Tech, Atlanta -> SEQSUINET, Rice University, Houston",2,"NCSA, University of Illinois, Champaign","SURANET, Georgia Tech, Atlanta",1,2.7691233,"NCSA, University of Illinois, Champaign | SEQSUINET, Rice University, Houston | SURANET, Georgia Tech, Atlanta","NCSA, University of Illinois, Champaign->SEQSUINET, Rice University, Houston | SEQSUINET, Rice University, Houston->SURANET, Georgia Tech, Atlanta",1
34,nsfnet,11,0.8,current_demand_lp,random_failure_fixed,"SEQSUINET, Rice University, Houston -> SURANET, Georgia Tech, Atlanta & SURANET, Georgia Tech, Atlanta -> SEQSUINET, Rice University, Houston",3,"SURANET, Georgia Tech, Atlanta","Merit Univ of Michigan, Ann Arbor",1,2.6683392,"SURANET, Georgia Tech, Atlanta | SEQSUINET, Rice University, Houston | NCSA, University of Illinois, Champaign | Merit Univ of Michigan, Ann Arbor","SURANET, Georgia Tech, Atlanta->SEQSUINET, Rice University, Houston | SEQSUINET, Rice University, Houston->NCSA, University of Illinois, Champaign | NCSA, University of Illinois, Champaign->Merit Univ of Michigan, Ann Arbor",1
34,nsfnet,11,0.8,current_demand_lp,random_failure_fixed,"SEQSUINET, Rice University, Houston -> SURANET, Georgia Tech, Atlanta & SURANET, Georgia Tech, Atlanta -> SEQSUINET, Rice University, Houston",4,"Jon Von Neumann Center, Princeton, NJ",San Diego Supercomputer Center,1,2.6632631,"Jon Von Neumann Center, Princeton, NJ | SURANET, Georgia Tech, Atlanta | SEQSUINET, Rice University, Houston | San Diego Supercomputer Center","Jon Von Neumann Center, Princeton, NJ->SURANET, Georgia Tech, Atlanta | SURANET, Georgia Tech, Atlanta->SEQSUINET, Rice University, Houston | SEQSUINET, Rice University, Houston->San Diego Supercomputer Center",1
34,nsfnet,11,0.8,current_demand_lp,random_failure_fixed,"SEQSUINET, Rice University, Houston -> SURANET, Georgia Tech, Atlanta & SURANET, Georgia Tech, Atlanta -> SEQSUINET, Rice University, Houston",5,"SURANET, Georgia Tech, Atlanta","MIDnet, Lincoln, NE",1,2.6271678,"SURANET, Georgia Tech, Atlanta | SEQSUINET, Rice University, Houston | NCSA, University of Illinois, Champaign | MIDnet, Lincoln, NE","SURANET, Georgia Tech, Atlanta->SEQSUINET, Rice University, Houston | SEQSUINET, Rice University, Houston->NCSA, University of Illinois, Champaign | NCSA, University of Illinois, Champaign->MIDnet, Lincoln, NE",1
34,nsfnet,11,0.8,robust_current_demand_lp,critical_failure_fixed,"NCSA, University of Illinois, Champaign -> Merit Univ of Michigan, Ann Arbor & Merit Univ of Michigan, Ann Arbor -> NCSA, University of Illinois, Champaign",1,Pittsburgh Supercomputer Center,"MIDnet, Lincoln, NE",1,3.6637205,"Pittsburgh Supercomputer Center | Merit Univ of Michigan, Ann Arbor | NCSA, University of Illinois, Champaign | MIDnet, Lincoln, NE","Pittsburgh Supercomputer Center->Merit Univ of Michigan, Ann Arbor | Merit Univ of Michigan, Ann Arbor->NCSA, University of Illinois, Champaign | NCSA, University of Illinois, Champaign->MIDnet, Lincoln, NE",1
34,nsfnet,11,0.8,robust_current_demand_lp,critical_failure_fixed,"NCSA, University of Illinois, Champaign -> Merit Univ of Michigan, Ann Arbor & Merit Univ of Michigan, Ann Arbor -> NCSA, University of Illinois, Champaign",2,"Westnet, Salt Lake City","Cornell Theory Center, Ithaca NY",1,2.934804,"Westnet, Salt Lake City | NCAR, Boulder | NCSA, University of Illinois, Champaign | Merit Univ of Michigan, Ann Arbor | Cornell Theory Center, Ithaca NY","Westnet, Salt Lake City->NCAR, Boulder | NCAR, Boulder->NCSA, University of Illinois, Champaign | NCSA, University of Illinois, Champaign->Merit Univ of Michigan, Ann Arbor | Merit Univ of Michigan, Ann Arbor->Cornell Theory Center, Ithaca NY",1
34,nsfnet,11,0.8,robust_current_demand_lp,critical_failure_fixed,"NCSA, University of Illinois, Champaign -> Merit Univ of Michigan, Ann Arbor & Merit Univ of Michigan, Ann Arbor -> NCSA, University of Illinois, Champaign",3,"MIDnet, Lincoln, NE","BARRnet, Palo Alto",1,2.7944995,"MIDnet, Lincoln, NE | NCSA, University of Illinois, Champaign | Merit Univ of Michigan, Ann Arbor | BARRnet, Palo Alto","MIDnet, Lincoln, NE->NCSA, University of Illinois, Champaign | NCSA, University of Illinois, Champaign->Merit Univ of Michigan, Ann Arbor | Merit Univ of Michigan, Ann Arbor->BARRnet, Palo Alto",1
34,nsfnet,11,0.8,robust_current_demand_lp,critical_failure_fixed,"NCSA, University of Illinois, Champaign -> Merit Univ of Michigan, Ann Arbor & Merit Univ of Michigan, Ann Arbor -> NCSA, University of Illinois, Champaign",4,"NCSA, University of Illinois, Champaign",Pittsburgh Supercomputer Center,1,2.7669433,"NCSA, University of Illinois, Champaign | Merit Univ of Michigan, Ann Arbor | Pittsburgh Supercomputer Center","NCSA, University of Illinois, Champaign->Merit Univ of Michigan, Ann Arbor | Merit Univ of Michigan, Ann Arbor->Pittsburgh Supercomputer Center",1
34,nsfnet,11,0.8,robust_current_demand_lp,critical_failure_fixed,"NCSA, University of Illinois, Champaign -> Merit Univ of Michigan, Ann Arbor & Merit Univ of Michigan, Ann Arbor -> NCSA, University of Illinois, Champaign",5,"Merit Univ of Michigan, Ann Arbor","NCSA, University of Illinois, Champaign",1,2.7573378,"Merit Univ of Michigan, Ann Arbor | NCSA, University of Illinois, Champaign","Merit Univ of Michigan, Ann Arbor->NCSA, University of Illinois, Champaign",1
34,nsfnet,11,0.8,robust_current_demand_lp,random_failure_fixed,"SEQSUINET, Rice University, Houston -> SURANET, Georgia Tech, Atlanta & SURANET, Georgia Tech, Atlanta -> SEQSUINET, Rice University, Houston",1,"Jon Von Neumann Center, Princeton, NJ","NorthWestNet, Seattle",1,2.9862459,"Jon Von Neumann Center, Princeton, NJ | SURANET, Georgia Tech, Atlanta | SEQSUINET, Rice University, Houston | San Diego Supercomputer Center | BARRnet, Palo Alto | NorthWestNet, Seattle","Jon Von Neumann Center, Princeton, NJ->SURANET, Georgia Tech, Atlanta | SURANET, Georgia Tech, Atlanta->SEQSUINET, Rice University, Houston | SEQSUINET, Rice University, Houston->San Diego Supercomputer Center | San Diego Supercomputer Center->BARRnet, Palo Alto | BARRnet, Palo Alto->NorthWestNet, Seattle",1
34,nsfnet,11,0.8,robust_current_demand_lp,random_failure_fixed,"SEQSUINET, Rice University, Houston -> SURANET, Georgia Tech, Atlanta & SURANET, Georgia Tech, Atlanta -> SEQSUINET, Rice University, Houston",2,"NCSA, University of Illinois, Champaign","SURANET, Georgia Tech, Atlanta",1,2.7691233,"NCSA, University of Illinois, Champaign | SEQSUINET, Rice University, Houston | SURANET, Georgia Tech, Atlanta","NCSA, University of Illinois, Champaign->SEQSUINET, Rice University, Houston | SEQSUINET, Rice University, Houston->SURANET, Georgia Tech, Atlanta",1
34,nsfnet,11,0.8,robust_current_demand_lp,random_failure_fixed,"SEQSUINET, Rice University, Houston -> SURANET, Georgia Tech, Atlanta & SURANET, Georgia Tech, Atlanta -> SEQSUINET, Rice University, Houston",3,"Jon Von Neumann Center, Princeton, NJ",San Diego Supercomputer Center,1,2.6632631,"Jon Von Neumann Center, Princeton, NJ | SURANET, Georgia Tech, Atlanta | SEQSUINET, Rice University, Houston | San Diego Supercomputer Center","Jon Von Neumann Center, Princeton, NJ->SURANET, Georgia Tech, Atlanta | SURANET, Georgia Tech, Atlanta->SEQSUINET, Rice University, Houston | SEQSUINET, Rice University, Houston->San Diego Supercomputer Center",1
34,nsfnet,11,0.8,robust_current_demand_lp,random_failure_fixed,"SEQSUINET, Rice University, Houston -> SURANET, Georgia Tech, Atlanta & SURANET, Georgia Tech, Atlanta -> SEQSUINET, Rice University, Houston",4,"SURANET, Georgia Tech, Atlanta","MIDnet, Lincoln, NE",1,2.6271678,"SURANET, Georgia Tech, Atlanta | SEQSUINET, Rice University, Houston | NCSA, University of Illinois, Champaign | MIDnet, Lincoln, NE","SURANET, Georgia Tech, Atlanta->SEQSUINET, Rice University, Houston | SEQSUINET, Rice University, Houston->NCSA, University of Illinois, Champaign | NCSA, University of Illinois, Champaign->MIDnet, Lincoln, NE",1
34,nsfnet,11,0.8,robust_current_demand_lp,random_failure_fixed,"SEQSUINET, Rice University, Houston -> SURANET, Georgia Tech, Atlanta & SURANET, Georgia Tech, Atlanta -> SEQSUINET, Rice University, Houston",5,"SURANET, Georgia Tech, Atlanta",San Diego Supercomputer Center,1,2.5715449,"SURANET, Georgia Tech, Atlanta | SEQSUINET, Rice University, Houston | San Diego Supercomputer Center","SURANET, Georgia Tech, Atlanta->SEQSUINET, Rice University, Houston | SEQSUINET, Rice University, Houston->San Diego Supercomputer Center",1
34,nsfnet,11,0.8,moving_average,critical_failure_fixed,"NCSA, University of Illinois, Champaign -> Merit Univ of Michigan, Ann Arbor & Merit Univ of Michigan, Ann Arbor -> NCSA, University of Illinois, Champaign",1,Pittsburgh Supercomputer Center,"MIDnet, Lincoln, NE",1,3.2398814,"Pittsburgh Supercomputer Center | Merit Univ of Michigan, Ann Arbor | NCSA, University of Illinois, Champaign | MIDnet, Lincoln, NE","Pittsburgh Supercomputer Center->Merit Univ of Michigan, Ann Arbor | Merit Univ of Michigan, Ann Arbor->NCSA, University of Illinois, Champaign | NCSA, University of Illinois, Champaign->MIDnet, Lincoln, NE",1
34,nsfnet,11,0.8,moving_average,critical_failure_fixed,"NCSA, University of Illinois, Champaign -> Merit Univ of Michigan, Ann Arbor & Merit Univ of Michigan, Ann Arbor -> NCSA, University of Illinois, Champaign",2,San Diego Supercomputer Center,"Merit Univ of Michigan, Ann Arbor",1,3.1314119,"San Diego Supercomputer Center | SEQSUINET, Rice University, Houston | NCSA, University of Illinois, Champaign | Merit Univ of Michigan, Ann Arbor","San Diego Supercomputer Center->SEQSUINET, Rice University, Houston | SEQSUINET, Rice University, Houston->NCSA, University of Illinois, Champaign | NCSA, University of Illinois, Champaign->Merit Univ of Michigan, Ann Arbor",1
34,nsfnet,11,0.8,moving_average,critical_failure_fixed,"NCSA, University of Illinois, Champaign -> Merit Univ of Michigan, Ann Arbor & Merit Univ of Michigan, Ann Arbor -> NCSA, University of Illinois, Champaign",3,"Merit Univ of Michigan, Ann Arbor","NCSA, University of Illinois, Champaign",1,3.1252206,"Merit Univ of Michigan, Ann Arbor | NCSA, University of Illinois, Champaign","Merit Univ of Michigan, Ann Arbor->NCSA, University of Illinois, Champaign",1
34,nsfnet,11,0.8,moving_average,critical_failure_fixed,"NCSA, University of Illinois, Champaign -> Merit Univ of Michigan, Ann Arbor & Merit Univ of Michigan, Ann Arbor -> NCSA, University of Illinois, Champaign",4,"SURANET, Georgia Tech, Atlanta","Merit Univ of Michigan, Ann Arbor",1,3.0696371,"SURANET, Georgia Tech, Atlanta | SEQSUINET, Rice University, Houston | NCSA, University of Illinois, Champaign | Merit Univ of Michigan, Ann Arbor","SURANET, Georgia Tech, Atlanta->SEQSUINET, Rice University, Houston | SEQSUINET, Rice University, Houston->NCSA, University of Illinois, Champaign | NCSA, University of Illinois, Champaign->Merit Univ of Michigan, Ann Arbor",1
34,nsfnet,11,0.8,moving_average,critical_failure_fixed,"NCSA, University of Illinois, Champaign -> Merit Univ of Michigan, Ann Arbor & Merit Univ of Michigan, Ann Arbor -> NCSA, University of Illinois, Champaign",5,"MIDnet, Lincoln, NE","Cornell Theory Center, Ithaca NY",1,2.9918388,"MIDnet, Lincoln, NE | NCSA, University of Illinois, Champaign | Merit Univ of Michigan, Ann Arbor | Cornell Theory Center, Ithaca NY","MIDnet, Lincoln, NE->NCSA, University of Illinois, Champaign | NCSA, University of Illinois, Champaign->Merit Univ of Michigan, Ann Arbor | Merit Univ of Michigan, Ann Arbor->Cornell Theory Center, Ithaca NY",1
34,nsfnet,11,0.8,moving_average,random_failure_fixed,"SEQSUINET, Rice University, Houston -> SURANET, Georgia Tech, Atlanta & SURANET, Georgia Tech, Atlanta -> SEQSUINET, Rice University, Houston",1,"SURANET, Georgia Tech, Atlanta","Merit Univ of Michigan, Ann Arbor",1,3.0696371,"SURANET, Georgia Tech, Atlanta | SEQSUINET, Rice University, Houston | NCSA, University of Illinois, Champaign | Merit Univ of Michigan, Ann Arbor","SURANET, Georgia Tech, Atlanta->SEQSUINET, Rice University, Houston | SEQSUINET, Rice University, Houston->NCSA, University of Illinois, Champaign | NCSA, University of Illinois, Champaign->Merit Univ of Michigan, Ann Arbor",1
34,nsfnet,11,0.8,moving_average,random_failure_fixed,"SEQSUINET, Rice University, Houston -> SURANET, Georgia Tech, Atlanta & SURANET, Georgia Tech, Atlanta -> SEQSUINET, Rice University, Houston",2,"Jon Von Neumann Center, Princeton, NJ",San Diego Supercomputer Center,1,3.0618244,"Jon Von Neumann Center, Princeton, NJ | SURANET, Georgia Tech, Atlanta | SEQSUINET, Rice University, Houston | San Diego Supercomputer Center","Jon Von Neumann Center, Princeton, NJ->SURANET, Georgia Tech, Atlanta | SURANET, Georgia Tech, Atlanta->SEQSUINET, Rice University, Houston | SEQSUINET, Rice University, Houston->San Diego Supercomputer Center",1
34,nsfnet,11,0.8,moving_average,random_failure_fixed,"SEQSUINET, Rice University, Houston -> SURANET, Georgia Tech, Atlanta & SURANET, Georgia Tech, Atlanta -> SEQSUINET, Rice University, Houston",3,"Jon Von Neumann Center, Princeton, NJ","NorthWestNet, Seattle",1,3.0495202,"Jon Von Neumann Center, Princeton, NJ | SURANET, Georgia Tech, Atlanta | SEQSUINET, Rice University, Houston | San Diego Supercomputer Center | BARRnet, Palo Alto | NorthWestNet, Seattle","Jon Von Neumann Center, Princeton, NJ->SURANET, Georgia Tech, Atlanta | SURANET, Georgia Tech, Atlanta->SEQSUINET, Rice University, Houston | SEQSUINET, Rice University, Houston->San Diego Supercomputer Center | San Diego Supercomputer Center->BARRnet, Palo Alto | BARRnet, Palo Alto->NorthWestNet, Seattle",1
34,nsfnet,11,0.8,moving_average,random_failure_fixed,"SEQSUINET, Rice University, Houston -> SURANET, Georgia Tech, Atlanta & SURANET, Georgia Tech, Atlanta -> SEQSUINET, Rice University, Houston",4,"NCSA, University of Illinois, Champaign","SURANET, Georgia Tech, Atlanta",1,2.8654424,"NCSA, University of Illinois, Champaign | SEQSUINET, Rice University, Houston | SURANET, Georgia Tech, Atlanta","NCSA, University of Illinois, Champaign->SEQSUINET, Rice University, Houston | SEQSUINET, Rice University, Houston->SURANET, Georgia Tech, Atlanta",1
34,nsfnet,11,0.8,moving_average,random_failure_fixed,"SEQSUINET, Rice University, Houston -> SURANET, Georgia Tech, Atlanta & SURANET, Georgia Tech, Atlanta -> SEQSUINET, Rice University, Houston",5,"SURANET, Georgia Tech, Atlanta","MIDnet, Lincoln, NE",1,2.8417758,"SURANET, Georgia Tech, Atlanta | SEQSUINET, Rice University, Houston | NCSA, University of Illinois, Champaign | MIDnet, Lincoln, NE","SURANET, Georgia Tech, Atlanta->SEQSUINET, Rice University, Houston | SEQSUINET, Rice University, Houston->NCSA, University of Illinois, Champaign | NCSA, University of Illinois, Champaign->MIDnet, Lincoln, NE",1
34,nsfnet,11,0.8,linear_autoregressive,critical_failure_fixed,"NCSA, University of Illinois, Champaign -> Merit Univ of Michigan, Ann Arbor & Merit Univ of Michigan, Ann Arbor -> NCSA, University of Illinois, Champaign",1,"Merit Univ of Michigan, Ann Arbor","NCSA, University of Illinois, Champaign",1,2.9298878,"Merit Univ of Michigan, Ann Arbor | NCSA, University of Illinois, Champaign","Merit Univ of Michigan, Ann Arbor->NCSA, University of Illinois, Champaign",1
34,nsfnet,11,0.8,linear_autoregressive,critical_failure_fixed,"NCSA, University of Illinois, Champaign -> Merit Univ of Michigan, Ann Arbor & Merit Univ of Michigan, Ann Arbor -> NCSA, University of Illinois, Champaign",2,Pittsburgh Supercomputer Center,"MIDnet, Lincoln, NE",1,2.9092503,"Pittsburgh Supercomputer Center | Merit Univ of Michigan, Ann Arbor | NCSA, University of Illinois, Champaign | MIDnet, Lincoln, NE","Pittsburgh Supercomputer Center->Merit Univ of Michigan, Ann Arbor | Merit Univ of Michigan, Ann Arbor->NCSA, University of Illinois, Champaign | NCSA, University of Illinois, Champaign->MIDnet, Lincoln, NE",1
34,nsfnet,11,0.8,linear_autoregressive,critical_failure_fixed,"NCSA, University of Illinois, Champaign -> Merit Univ of Michigan, Ann Arbor & Merit Univ of Michigan, Ann Arbor -> NCSA, University of Illinois, Champaign",3,"SURANET, Georgia Tech, Atlanta","Merit Univ of Michigan, Ann Arbor",1,2.8549773,"SURANET, Georgia Tech, Atlanta | SEQSUINET, Rice University, Houston | NCSA, University of Illinois, Champaign | Merit Univ of Michigan, Ann Arbor","SURANET, Georgia Tech, Atlanta->SEQSUINET, Rice University, Houston | SEQSUINET, Rice University, Houston->NCSA, University of Illinois, Champaign | NCSA, University of Illinois, Champaign->Merit Univ of Michigan, Ann Arbor",1
34,nsfnet,11,0.8,linear_autoregressive,critical_failure_fixed,"NCSA, University of Illinois, Champaign -> Merit Univ of Michigan, Ann Arbor & Merit Univ of Michigan, Ann Arbor -> NCSA, University of Illinois, Champaign",4,"MIDnet, Lincoln, NE","Cornell Theory Center, Ithaca NY",1,2.5886204,"MIDnet, Lincoln, NE | NCSA, University of Illinois, Champaign | Merit Univ of Michigan, Ann Arbor | Cornell Theory Center, Ithaca NY","MIDnet, Lincoln, NE->NCSA, University of Illinois, Champaign | NCSA, University of Illinois, Champaign->Merit Univ of Michigan, Ann Arbor | Merit Univ of Michigan, Ann Arbor->Cornell Theory Center, Ithaca NY",1
34,nsfnet,11,0.8,linear_autoregressive,critical_failure_fixed,"NCSA, University of Illinois, Champaign -> Merit Univ of Michigan, Ann Arbor & Merit Univ of Michigan, Ann Arbor -> NCSA, University of Illinois, Champaign",5,"MIDnet, Lincoln, NE","BARRnet, Palo Alto",1,2.5321167,"MIDnet, Lincoln, NE | NCSA, University of Illinois, Champaign | Merit Univ of Michigan, Ann Arbor | BARRnet, Palo Alto","MIDnet, Lincoln, NE->NCSA, University of Illinois, Champaign | NCSA, University of Illinois, Champaign->Merit Univ of Michigan, Ann Arbor | Merit Univ of Michigan, Ann Arbor->BARRnet, Palo Alto",1
34,nsfnet,11,0.8,linear_autoregressive,random_failure_fixed,"SEQSUINET, Rice University, Houston -> SURANET, Georgia Tech, Atlanta & SURANET, Georgia Tech, Atlanta -> SEQSUINET, Rice University, Houston",1,"Jon Von Neumann Center, Princeton, NJ",San Diego Supercomputer Center,1,2.8802882,"Jon Von Neumann Center, Princeton, NJ | SURANET, Georgia Tech, Atlanta | SEQSUINET, Rice University, Houston | San Diego Supercomputer Center","Jon Von Neumann Center, Princeton, NJ->SURANET, Georgia Tech, Atlanta | SURANET, Georgia Tech, Atlanta->SEQSUINET, Rice University, Houston | SEQSUINET, Rice University, Houston->San Diego Supercomputer Center",1
34,nsfnet,11,0.8,linear_autoregressive,random_failure_fixed,"SEQSUINET, Rice University, Houston -> SURANET, Georgia Tech, Atlanta & SURANET, Georgia Tech, Atlanta -> SEQSUINET, Rice University, Houston",2,"SURANET, Georgia Tech, Atlanta","Merit Univ of Michigan, Ann Arbor",1,2.8549773,"SURANET, Georgia Tech, Atlanta | SEQSUINET, Rice University, Houston | NCSA, University of Illinois, Champaign | Merit Univ of Michigan, Ann Arbor","SURANET, Georgia Tech, Atlanta->SEQSUINET, Rice University, Houston | SEQSUINET, Rice University, Houston->NCSA, University of Illinois, Champaign | NCSA, University of Illinois, Champaign->Merit Univ of Michigan, Ann Arbor",1
34,nsfnet,11,0.8,linear_autoregressive,random_failure_fixed,"SEQSUINET, Rice University, Houston -> SURANET, Georgia Tech, Atlanta & SURANET, Georgia Tech, Atlanta -> SEQSUINET, Rice University, Houston",3,"Jon Von Neumann Center, Princeton, NJ","NorthWestNet, Seattle",1,2.5414194,"Jon Von Neumann Center, Princeton, NJ | SURANET, Georgia Tech, Atlanta | SEQSUINET, Rice University, Houston | San Diego Supercomputer Center | BARRnet, Palo Alto | NorthWestNet, Seattle","Jon Von Neumann Center, Princeton, NJ->SURANET, Georgia Tech, Atlanta | SURANET, Georgia Tech, Atlanta->SEQSUINET, Rice University, Houston | SEQSUINET, Rice University, Houston->San Diego Supercomputer Center | San Diego Supercomputer Center->BARRnet, Palo Alto | BARRnet, Palo Alto->NorthWestNet, Seattle",1
34,nsfnet,11,0.8,linear_autoregressive,random_failure_fixed,"SEQSUINET, Rice University, Houston -> SURANET, Georgia Tech, Atlanta & SURANET, Georgia Tech, Atlanta -> SEQSUINET, Rice University, Houston",4,"SURANET, Georgia Tech, Atlanta",San Diego Supercomputer Center,1,2.5360397,"SURANET, Georgia Tech, Atlanta | SEQSUINET, Rice University, Houston | San Diego Supercomputer Center","SURANET, Georgia Tech, Atlanta->SEQSUINET, Rice University, Houston | SEQSUINET, Rice University, Houston->San Diego Supercomputer Center",1
34,nsfnet,11,0.8,linear_autoregressive,random_failure_fixed,"SEQSUINET, Rice University, Houston -> SURANET, Georgia Tech, Atlanta & SURANET, Georgia Tech, Atlanta -> SEQSUINET, Rice University, Houston",5,San Diego Supercomputer Center,"Jon Von Neumann Center, Princeton, NJ",1,2.4386124,"San Diego Supercomputer Center | SEQSUINET, Rice University, Houston | SURANET, Georgia Tech, Atlanta | Jon Von Neumann Center, Princeton, NJ","San Diego Supercomputer Center->SEQSUINET, Rice University, Houston | SEQSUINET, Rice University, Houston->SURANET, Georgia Tech, Atlanta | SURANET, Georgia Tech, Atlanta->Jon Von Neumann Center, Princeton, NJ",1
34,nsfnet,11,0.8,lstm,critical_failure_fixed,"NCSA, University of Illinois, Champaign -> Merit Univ of Michigan, Ann Arbor & Merit Univ of Michigan, Ann Arbor -> NCSA, University of Illinois, Champaign",1,"MIDnet, Lincoln, NE","Cornell Theory Center, Ithaca NY",1,4.3126502,"MIDnet, Lincoln, NE | NCSA, University of Illinois, Champaign | Merit Univ of Michigan, Ann Arbor | Cornell Theory Center, Ithaca NY","MIDnet, Lincoln, NE->NCSA, University of Illinois, Champaign | NCSA, University of Illinois, Champaign->Merit Univ of Michigan, Ann Arbor | Merit Univ of Michigan, Ann Arbor->Cornell Theory Center, Ithaca NY",1
34,nsfnet,11,0.8,lstm,critical_failure_fixed,"NCSA, University of Illinois, Champaign -> Merit Univ of Michigan, Ann Arbor & Merit Univ of Michigan, Ann Arbor -> NCSA, University of Illinois, Champaign",2,"Merit Univ of Michigan, Ann Arbor","NCSA, University of Illinois, Champaign",1,4.3047462,"Merit Univ of Michigan, Ann Arbor | NCSA, University of Illinois, Champaign","Merit Univ of Michigan, Ann Arbor->NCSA, University of Illinois, Champaign",1
34,nsfnet,11,0.8,lstm,critical_failure_fixed,"NCSA, University of Illinois, Champaign -> Merit Univ of Michigan, Ann Arbor & Merit Univ of Michigan, Ann Arbor -> NCSA, University of Illinois, Champaign",3,Pittsburgh Supercomputer Center,"MIDnet, Lincoln, NE",1,4.2568717,"Pittsburgh Supercomputer Center | Merit Univ of Michigan, Ann Arbor | NCSA, University of Illinois, Champaign | MIDnet, Lincoln, NE","Pittsburgh Supercomputer Center->Merit Univ of Michigan, Ann Arbor | Merit Univ of Michigan, Ann Arbor->NCSA, University of Illinois, Champaign | NCSA, University of Illinois, Champaign->MIDnet, Lincoln, NE",1
34,nsfnet,11,0.8,lstm,critical_failure_fixed,"NCSA, University of Illinois, Champaign -> Merit Univ of Michigan, Ann Arbor & Merit Univ of Michigan, Ann Arbor -> NCSA, University of Illinois, Champaign",4,"SURANET, Georgia Tech, Atlanta","Merit Univ of Michigan, Ann Arbor",1,4.0819569,"SURANET, Georgia Tech, Atlanta | SEQSUINET, Rice University, Houston | NCSA, University of Illinois, Champaign | Merit Univ of Michigan, Ann Arbor","SURANET, Georgia Tech, Atlanta->SEQSUINET, Rice University, Houston | SEQSUINET, Rice University, Houston->NCSA, University of Illinois, Champaign | NCSA, University of Illinois, Champaign->Merit Univ of Michigan, Ann Arbor",1
34,nsfnet,11,0.8,lstm,critical_failure_fixed,"NCSA, University of Illinois, Champaign -> Merit Univ of Michigan, Ann Arbor & Merit Univ of Michigan, Ann Arbor -> NCSA, University of Illinois, Champaign",5,San Diego Supercomputer Center,"Merit Univ of Michigan, Ann Arbor",1,3.9990675,"San Diego Supercomputer Center | SEQSUINET, Rice University, Houston | NCSA, University of Illinois, Champaign | Merit Univ of Michigan, Ann Arbor","San Diego Supercomputer Center->SEQSUINET, Rice University, Houston | SEQSUINET, Rice University, Houston->NCSA, University of Illinois, Champaign | NCSA, University of Illinois, Champaign->Merit Univ of Michigan, Ann Arbor",1
34,nsfnet,11,0.8,lstm,random_failure_fixed,"SEQSUINET, Rice University, Houston -> SURANET, Georgia Tech, Atlanta & SURANET, Georgia Tech, Atlanta -> SEQSUINET, Rice University, Houston",1,"Jon Von Neumann Center, Princeton, NJ",San Diego Supercomputer Center,1,4.2722907,"Jon Von Neumann Center, Princeton, NJ | SURANET, Georgia Tech, Atlanta | SEQSUINET, Rice University, Houston | San Diego Supercomputer Center","Jon Von Neumann Center, Princeton, NJ->SURANET, Georgia Tech, Atlanta | SURANET, Georgia Tech, Atlanta->SEQSUINET, Rice University, Houston | SEQSUINET, Rice University, Houston->San Diego Supercomputer Center",1
34,nsfnet,11,0.8,lstm,random_failure_fixed,"SEQSUINET, Rice University, Houston -> SURANET, Georgia Tech, Atlanta & SURANET, Georgia Tech, Atlanta -> SEQSUINET, Rice University, Houston",2,"SURANET, Georgia Tech, Atlanta","Merit Univ of Michigan, Ann Arbor",1,4.0819569,"SURANET, Georgia Tech, Atlanta | SEQSUINET, Rice University, Houston | NCSA, University of Illinois, Champaign | Merit Univ of Michigan, Ann Arbor","SURANET, Georgia Tech, Atlanta->SEQSUINET, Rice University, Houston | SEQSUINET, Rice University, Houston->NCSA, University of Illinois, Champaign | NCSA, University of Illinois, Champaign->Merit Univ of Michigan, Ann Arbor",1
34,nsfnet,11,0.8,lstm,random_failure_fixed,"SEQSUINET, Rice University, Houston -> SURANET, Georgia Tech, Atlanta & SURANET, Georgia Tech, Atlanta -> SEQSUINET, Rice University, Houston",3,"SURANET, Georgia Tech, Atlanta",San Diego Supercomputer Center,1,4.019825,"SURANET, Georgia Tech, Atlanta | SEQSUINET, Rice University, Houston | San Diego Supercomputer Center","SURANET, Georgia Tech, Atlanta->SEQSUINET, Rice University, Houston | SEQSUINET, Rice University, Houston->San Diego Supercomputer Center",1
34,nsfnet,11,0.8,lstm,random_failure_fixed,"SEQSUINET, Rice University, Houston -> SURANET, Georgia Tech, Atlanta & SURANET, Georgia Tech, Atlanta -> SEQSUINET, Rice University, Houston",4,"Jon Von Neumann Center, Princeton, NJ","NorthWestNet, Seattle",1,3.8354225,"Jon Von Neumann Center, Princeton, NJ | SURANET, Georgia Tech, Atlanta | SEQSUINET, Rice University, Houston | San Diego Supercomputer Center | BARRnet, Palo Alto | NorthWestNet, Seattle","Jon Von Neumann Center, Princeton, NJ->SURANET, Georgia Tech, Atlanta | SURANET, Georgia Tech, Atlanta->SEQSUINET, Rice University, Houston | SEQSUINET, Rice University, Houston->San Diego Supercomputer Center | San Diego Supercomputer Center->BARRnet, Palo Alto | BARRnet, Palo Alto->NorthWestNet, Seattle",1
34,nsfnet,11,0.8,lstm,random_failure_fixed,"SEQSUINET, Rice University, Houston -> SURANET, Georgia Tech, Atlanta & SURANET, Georgia Tech, Atlanta -> SEQSUINET, Rice University, Houston",5,"NCSA, University of Illinois, Champaign","SURANET, Georgia Tech, Atlanta",1,3.7612598,"NCSA, University of Illinois, Champaign | SEQSUINET, Rice University, Houston | SURANET, Georgia Tech, Atlanta","NCSA, University of Illinois, Champaign->SEQSUINET, Rice University, Houston | SEQSUINET, Rice University, Houston->SURANET, Georgia Tech, Atlanta",1
34,nsfnet,11,0.8,uncertainty_aware_lstm_robust_lp,critical_failure_fixed,"NCSA, University of Illinois, Champaign -> Merit Univ of Michigan, Ann Arbor & Merit Univ of Michigan, Ann Arbor -> NCSA, University of Illinois, Champaign",1,"Westnet, Salt Lake City","Cornell Theory Center, Ithaca NY",1,4.6718936,"Westnet, Salt Lake City | NCAR, Boulder | NCSA, University of Illinois, Champaign | Merit Univ of Michigan, Ann Arbor | Cornell Theory Center, Ithaca NY","Westnet, Salt Lake City->NCAR, Boulder | NCAR, Boulder->NCSA, University of Illinois, Champaign | NCSA, University of Illinois, Champaign->Merit Univ of Michigan, Ann Arbor | Merit Univ of Michigan, Ann Arbor->Cornell Theory Center, Ithaca NY",1
34,nsfnet,11,0.8,uncertainty_aware_lstm_robust_lp,critical_failure_fixed,"NCSA, University of Illinois, Champaign -> Merit Univ of Michigan, Ann Arbor & Merit Univ of Michigan, Ann Arbor -> NCSA, University of Illinois, Champaign",2,"Merit Univ of Michigan, Ann Arbor","NCSA, University of Illinois, Champaign",1,4.5193624,"Merit Univ of Michigan, Ann Arbor | NCSA, University of Illinois, Champaign","Merit Univ of Michigan, Ann Arbor->NCSA, University of Illinois, Champaign",1
34,nsfnet,11,0.8,uncertainty_aware_lstm_robust_lp,critical_failure_fixed,"NCSA, University of Illinois, Champaign -> Merit Univ of Michigan, Ann Arbor & Merit Univ of Michigan, Ann Arbor -> NCSA, University of Illinois, Champaign",3,"MIDnet, Lincoln, NE","Cornell Theory Center, Ithaca NY",1,4.5185852,"MIDnet, Lincoln, NE | NCSA, University of Illinois, Champaign | Merit Univ of Michigan, Ann Arbor | Cornell Theory Center, Ithaca NY","MIDnet, Lincoln, NE->NCSA, University of Illinois, Champaign | NCSA, University of Illinois, Champaign->Merit Univ of Michigan, Ann Arbor | Merit Univ of Michigan, Ann Arbor->Cornell Theory Center, Ithaca NY",1
34,nsfnet,11,0.8,uncertainty_aware_lstm_robust_lp,critical_failure_fixed,"NCSA, University of Illinois, Champaign -> Merit Univ of Michigan, Ann Arbor & Merit Univ of Michigan, Ann Arbor -> NCSA, University of Illinois, Champaign",4,Pittsburgh Supercomputer Center,"MIDnet, Lincoln, NE",1,4.4433961,"Pittsburgh Supercomputer Center | Merit Univ of Michigan, Ann Arbor | NCSA, University of Illinois, Champaign | MIDnet, Lincoln, NE","Pittsburgh Supercomputer Center->Merit Univ of Michigan, Ann Arbor | Merit Univ of Michigan, Ann Arbor->NCSA, University of Illinois, Champaign | NCSA, University of Illinois, Champaign->MIDnet, Lincoln, NE",1
34,nsfnet,11,0.8,uncertainty_aware_lstm_robust_lp,critical_failure_fixed,"NCSA, University of Illinois, Champaign -> Merit Univ of Michigan, Ann Arbor & Merit Univ of Michigan, Ann Arbor -> NCSA, University of Illinois, Champaign",5,"Cornell Theory Center, Ithaca NY","NCAR, Boulder",1,4.0155287,"Cornell Theory Center, Ithaca NY | Merit Univ of Michigan, Ann Arbor | NCSA, University of Illinois, Champaign | NCAR, Boulder","Cornell Theory Center, Ithaca NY->Merit Univ of Michigan, Ann Arbor | Merit Univ of Michigan, Ann Arbor->NCSA, University of Illinois, Champaign | NCSA, University of Illinois, Champaign->NCAR, Boulder",1
34,nsfnet,11,0.8,uncertainty_aware_lstm_robust_lp,random_failure_fixed,"SEQSUINET, Rice University, Houston -> SURANET, Georgia Tech, Atlanta & SURANET, Georgia Tech, Atlanta -> SEQSUINET, Rice University, Houston",1,"Jon Von Neumann Center, Princeton, NJ",San Diego Supercomputer Center,1,4.4875336,"Jon Von Neumann Center, Princeton, NJ | SURANET, Georgia Tech, Atlanta | SEQSUINET, Rice University, Houston | San Diego Supercomputer Center","Jon Von Neumann Center, Princeton, NJ->SURANET, Georgia Tech, Atlanta | SURANET, Georgia Tech, Atlanta->SEQSUINET, Rice University, Houston | SEQSUINET, Rice University, Houston->San Diego Supercomputer Center",1
34,nsfnet,11,0.8,uncertainty_aware_lstm_robust_lp,random_failure_fixed,"SEQSUINET, Rice University, Houston -> SURANET, Georgia Tech, Atlanta & SURANET, Georgia Tech, Atlanta -> SEQSUINET, Rice University, Houston",2,"SURANET, Georgia Tech, Atlanta",San Diego Supercomputer Center,1,4.2335224,"SURANET, Georgia Tech, Atlanta | SEQSUINET, Rice University, Houston | San Diego Supercomputer Center","SURANET, Georgia Tech, Atlanta->SEQSUINET, Rice University, Houston | SEQSUINET, Rice University, Houston->San Diego Supercomputer Center",1
34,nsfnet,11,0.8,uncertainty_aware_lstm_robust_lp,random_failure_fixed,"SEQSUINET, Rice University, Houston -> SURANET, Georgia Tech, Atlanta & SURANET, Georgia Tech, Atlanta -> SEQSUINET, Rice University, Houston",3,"Jon Von Neumann Center, Princeton, NJ","NorthWestNet, Seattle",1,4.0222363,"Jon Von Neumann Center, Princeton, NJ | SURANET, Georgia Tech, Atlanta | SEQSUINET, Rice University, Houston | San Diego Supercomputer Center | BARRnet, Palo Alto | NorthWestNet, Seattle","Jon Von Neumann Center, Princeton, NJ->SURANET, Georgia Tech, Atlanta | SURANET, Georgia Tech, Atlanta->SEQSUINET, Rice University, Houston | SEQSUINET, Rice University, Houston->San Diego Supercomputer Center | San Diego Supercomputer Center->BARRnet, Palo Alto | BARRnet, Palo Alto->NorthWestNet, Seattle",1
34,nsfnet,11,0.8,uncertainty_aware_lstm_robust_lp,random_failure_fixed,"SEQSUINET, Rice University, Houston -> SURANET, Georgia Tech, Atlanta & SURANET, Georgia Tech, Atlanta -> SEQSUINET, Rice University, Houston",4,"NCSA, University of Illinois, Champaign","SURANET, Georgia Tech, Atlanta",1,3.9757073,"NCSA, University of Illinois, Champaign | SEQSUINET, Rice University, Houston | SURANET, Georgia Tech, Atlanta","NCSA, University of Illinois, Champaign->SEQSUINET, Rice University, Houston | SEQSUINET, Rice University, Houston->SURANET, Georgia Tech, Atlanta",1
34,nsfnet,11,0.8,uncertainty_aware_lstm_robust_lp,random_failure_fixed,"SEQSUINET, Rice University, Houston -> SURANET, Georgia Tech, Atlanta & SURANET, Georgia Tech, Atlanta -> SEQSUINET, Rice University, Houston",5,San Diego Supercomputer Center,"Jon Von Neumann Center, Princeton, NJ",1,3.8281965,"San Diego Supercomputer Center | SEQSUINET, Rice University, Houston | SURANET, Georgia Tech, Atlanta | Jon Von Neumann Center, Princeton, NJ","San Diego Supercomputer Center->SEQSUINET, Rice University, Houston | SEQSUINET, Rice University, Houston->SURANET, Georgia Tech, Atlanta | SURANET, Georgia Tech, Atlanta->Jon Von Neumann Center, Princeton, NJ",1
