time_step,topology,seed,load_scale,method,scenario,failed_link,commodity_rank,source,destination,path_rank,path_flow,path_nodes,path_edges,contains_failed_link
22,abilene,11,0.8,current_demand_lp,critical_failure_fixed,Kansas City -> Indianapolis & Indianapolis -> Kansas City,1,Sunnyvale,Indianapolis,1,4.359016,Sunnyvale | Denver | Kansas City | Indianapolis,Sunnyvale->Denver | Denver->Kansas City | Kansas City->Indianapolis,1
22,abilene,11,0.8,current_demand_lp,critical_failure_fixed,Kansas City -> Indianapolis & Indianapolis -> Kansas City,2,Sunnyvale,Chicago,1,3.7554138,Sunnyvale | Denver | Kansas City | Indianapolis | Chicago,Sunnyvale->Denver | Denver->Kansas City | Kansas City->Indianapolis | Indianapolis->Chicago,1
22,abilene,11,0.8,current_demand_lp,critical_failure_fixed,Kansas City -> Indianapolis & Indianapolis -> Kansas City,3,Kansas City,New York,1,3.6389166,Kansas City | Indianapolis | Chicago | New York,Kansas City->Indianapolis | Indianapolis->Chicago | Chicago->New York,1
22,abilene,11,0.8,current_demand_lp,critical_failure_fixed,Kansas City -> Indianapolis & Indianapolis -> Kansas City,4,Atlanta,Seattle,1,3.5097422,Atlanta | Indianapolis | Kansas City | Denver | Seattle,Atlanta->Indianapolis | Indianapolis->Kansas City | Kansas City->Denver | Denver->Seattle,1
22,abilene,11,0.8,current_demand_lp,critical_failure_fixed,Kansas City -> Indianapolis & Indianapolis -> Kansas City,5,Chicago,Kansas City,1,3.5038541,Chicago | Indianapolis | Kansas City,Chicago->Indianapolis | Indianapolis->Kansas City,1
22,abilene,11,0.8,current_demand_lp,random_failure_fixed,Kansas City -> Houston & Houston -> Kansas City,1,Kansas City,Los Angeles,1,4.2558367,Kansas City | Houston | Los Angeles,Kansas City->Houston | Houston->Los Angeles,1
22,abilene,11,0.8,current_demand_lp,random_failure_fixed,Kansas City -> Houston & Houston -> Kansas City,2,Washington DC,Denver,1,3.9835622,Washington DC | Atlanta | Houston | Kansas City | Denver,Washington DC->Atlanta | Atlanta->Houston | Houston->Kansas City | Kansas City->Denver,1
22,abilene,11,0.8,current_demand_lp,random_failure_fixed,Kansas City -> Houston & Houston -> Kansas City,3,Houston,Seattle,1,3.6686407,Houston | Kansas City | Denver | Seattle,Houston->Kansas City | Kansas City->Denver | Denver->Seattle,1
22,abilene,11,0.8,current_demand_lp,random_failure_fixed,Kansas City -> Houston & Houston -> Kansas City,4,Houston,Denver,1,3.4110244,Houston | Kansas City | Denver,Houston->Kansas City | Kansas City->Denver,1
22,abilene,11,0.8,current_demand_lp,random_failure_fixed,Kansas City -> Houston & Houston -> Kansas City,5,Indianapolis,Houston,1,3.2208205,Indianapolis | Kansas City | Houston,Indianapolis->Kansas City | Kansas City->Houston,1
22,abilene,11,0.8,robust_current_demand_lp,critical_failure_fixed,Kansas City -> Indianapolis & Indianapolis -> Kansas City,1,Sunnyvale,Indianapolis,1,4.359016,Sunnyvale | Denver | Kansas City | Indianapolis,Sunnyvale->Denver | Denver->Kansas City | Kansas City->Indianapolis,1
22,abilene,11,0.8,robust_current_demand_lp,critical_failure_fixed,Kansas City -> Indianapolis & Indianapolis -> Kansas City,2,Washington DC,Denver,1,3.9835622,Washington DC | Atlanta | Indianapolis | Kansas City | Denver,Washington DC->Atlanta | Atlanta->Indianapolis | Indianapolis->Kansas City | Kansas City->Denver,1
22,abilene,11,0.8,robust_current_demand_lp,critical_failure_fixed,Kansas City -> Indianapolis & Indianapolis -> Kansas City,3,Sunnyvale,Chicago,1,3.7554138,Sunnyvale | Denver | Kansas City | Indianapolis | Chicago,Sunnyvale->Denver | Denver->Kansas City | Kansas City->Indianapolis | Indianapolis->Chicago,1
22,abilene,11,0.8,robust_current_demand_lp,critical_failure_fixed,Kansas City -> Indianapolis & Indianapolis -> Kansas City,4,Kansas City,New York,1,3.6389166,Kansas City | Indianapolis | Chicago | New York,Kansas City->Indianapolis | Indianapolis->Chicago | Chicago->New York,1
22,abilene,11,0.8,robust_current_demand_lp,critical_failure_fixed,Kansas City -> Indianapolis & Indianapolis -> Kansas City,5,Atlanta,Seattle,1,3.5097422,Atlanta | Indianapolis | Kansas City | Denver | Seattle,Atlanta->Indianapolis | Indianapolis->Kansas City | Kansas City->Denver | Denver->Seattle,1
22,abilene,11,0.8,robust_current_demand_lp,random_failure_fixed,Kansas City -> Houston & Houston -> Kansas City,1,Kansas City,Los Angeles,1,4.2558367,Kansas City | Houston | Los Angeles,Kansas City->Houston | Houston->Los Angeles,1
22,abilene,11,0.8,robust_current_demand_lp,random_failure_fixed,Kansas City -> Houston & Houston -> Kansas City,2,Houston,Seattle,1,3.6686407,Houston | Kansas City | Denver | Seattle,Houston->Kansas City | Kansas City->Denver | Denver->Seattle,1
22,abilene,11,0.8,robust_current_demand_lp,random_failure_fixed,Kansas City -> Houston & Houston -> Kansas City,3,Kansas City,Atlanta,1,3.4318509,Kansas City | Houston | Atlanta,Kansas City->Houston | Houston->Atlanta,1
22,abilene,11,0.8,robust_current_demand_lp,random_failure_fixed,Kansas City -> Houston & Houston -> Kansas City,4,Houston,Denver,1,3.4110244,Houston | Kansas City | Denver,Houston->Kansas City | Kansas City->Denver,1
22,abilene,11,0.8,robust_current_demand_lp,random_failure_fixed,Kansas City -> Houston & Houston -> Kansas City,5,Indianapolis,Houston,1,3.2208205,Indianapolis | Kansas City | Houston,Indianapolis->Kansas City | Kansas City->Houston,1
22,abilene,11,0.8,moving_average,critical_failure_fixed,Kansas City -> Indianapolis & Indianapolis -> Kansas City,1,Atlanta,Sunnyvale,1,3.8173458,Atlanta | Indianapolis | Kansas City | Denver | Sunnyvale,Atlanta->Indianapolis | Indianapolis->Kansas City | Kansas City->Denver | Denver->Sunnyvale,1
22,abilene,11,0.8,moving_average,critical_failure_fixed,Kansas City -> Indianapolis & Indianapolis -> Kansas City,2,Seattle,New York,1,3.6676189,Seattle | Denver | Kansas City | Indianapolis | Chicago | New York,Seattle->Denver | Denver->Kansas City | Kansas City->Indianapolis | Indianapolis->Chicago | Chicago->New York,1
22,abilene,11,0.8,moving_average,critical_failure_fixed,Kansas City -> Indianapolis & Indianapolis -> Kansas City,3,Sunnyvale,Indianapolis,1,3.6432426,Sunnyvale | Denver | Kansas City | Indianapolis,Sunnyvale->Denver | Denver->Kansas City | Kansas City->Indianapolis,1
22,abilene,11,0.8,moving_average,critical_failure_fixed,Kansas City -> Indianapolis & Indianapolis -> Kansas City,4,Denver,Washington DC,1,3.549218,Denver | Kansas City | Indianapolis | Atlanta | Washington DC,Denver->Kansas City | Kansas City->Indianapolis | Indianapolis->Atlanta | Atlanta->Washington DC,1
22,abilene,11,0.8,moving_average,critical_failure_fixed,Kansas City -> Indianapolis & Indianapolis -> Kansas City,5,Kansas City,New York,1,3.5452512,Kansas City | Indianapolis | Chicago | New York,Kansas City->Indianapolis | Indianapolis->Chicago | Chicago->New York,1
22,abilene,11,0.8,moving_average,random_failure_fixed,Kansas City -> Houston & Houston -> Kansas City,1,Kansas City,Los Angeles,1,3.7277689,Kansas City | Houston | Los Angeles,Kansas City->Houston | Houston->Los Angeles,1
22,abilene,11,0.8,moving_average,random_failure_fixed,Kansas City -> Houston & Houston -> Kansas City,2,Washington DC,Denver,1,3.627059,Washington DC | Atlanta | Houston | Kansas City | Denver,Washington DC->Atlanta | Atlanta->Houston | Houston->Kansas City | Kansas City->Denver,1
22,abilene,11,0.8,moving_average,random_failure_fixed,Kansas City -> Houston & Houston -> Kansas City,3,Houston,Seattle,1,3.5193016,Houston | Kansas City | Denver | Seattle,Houston->Kansas City | Kansas City->Denver | Denver->Seattle,1
22,abilene,11,0.8,moving_average,random_failure_fixed,Kansas City -> Houston & Houston -> Kansas City,4,Indianapolis,Houston,1,3.3301163,Indianapolis | Kansas City | Houston,Indianapolis->Kansas City | Kansas City->Houston,1
22,abilene,11,0.8,moving_average,random_failure_fixed,Kansas City -> Houston & Houston -> Kansas City,5,Houston,Denver,1,3.2345073,Houston | Kansas City | Denver,Houston->Kansas City | Kansas City->Denver,1
22,abilene,11,0.8,linear_autoregressive,critical_failure_fixed,Kansas City -> Indianapolis & Indianapolis -> Kansas City,1,Indianapolis,Seattle,1,3.5286003,Indianapolis | Kansas City | Denver | Seattle,Indianapolis->Kansas City | Kansas City->Denver | Denver->Seattle,1
22,abilene,11,0.8,linear_autoregressive,critical_failure_fixed,Kansas City -> Indianapolis & Indianapolis -> Kansas City,2,Denver,Washington DC,1,3.4941248,Denver | Kansas City | Indianapolis | Atlanta | Washington DC,Denver->Kansas City | Kansas City->Indianapolis | Indianapolis->Atlanta | Atlanta->Washington DC,1
22,abilene,11,0.8,linear_autoregressive,critical_failure_fixed,Kansas City -> Indianapolis & Indianapolis -> Kansas City,3,Atlanta,Sunnyvale,1,3.4501923,Atlanta | Indianapolis | Kansas City | Denver | Sunnyvale,Atlanta->Indianapolis | Indianapolis->Kansas City | Kansas City->Denver | Denver->Sunnyvale,1
22,abilene,11,0.8,linear_autoregressive,critical_failure_fixed,Kansas City -> Indianapolis & Indianapolis -> Kansas City,4,Kansas City,New York,1,3.3564392,Kansas City | Indianapolis | Chicago | New York,Kansas City->Indianapolis | Indianapolis->Chicago | Chicago->New York,1
22,abilene,11,0.8,linear_autoregressive,critical_failure_fixed,Kansas City -> Indianapolis & Indianapolis -> Kansas City,5,Seattle,New York,1,3.3554386,Seattle | Denver | Kansas City | Indianapolis | Chicago | New York,Seattle->Denver | Denver->Kansas City | Kansas City->Indianapolis | Indianapolis->Chicago | Chicago->New York,1
22,abilene,11,0.8,linear_autoregressive,random_failure_fixed,Kansas City -> Houston & Houston -> Kansas City,1,Washington DC,Denver,1,3.6198286,Washington DC | Atlanta | Houston | Kansas City | Denver,Washington DC->Atlanta | Atlanta->Houston | Houston->Kansas City | Kansas City->Denver,1
22,abilene,11,0.8,linear_autoregressive,random_failure_fixed,Kansas City -> Houston & Houston -> Kansas City,2,Kansas City,Los Angeles,1,3.3218983,Kansas City | Houston | Los Angeles,Kansas City->Houston | Houston->Los Angeles,1
22,abilene,11,0.8,linear_autoregressive,random_failure_fixed,Kansas City -> Houston & Houston -> Kansas City,3,Houston,Seattle,1,3.2055012,Houston | Kansas City | Denver | Seattle,Houston->Kansas City | Kansas City->Denver | Denver->Seattle,1
22,abilene,11,0.8,linear_autoregressive,random_failure_fixed,Kansas City -> Houston & Houston -> Kansas City,4,Houston,Kansas City,1,3.012726,Houston | Kansas City,Houston->Kansas City,1
22,abilene,11,0.8,linear_autoregressive,random_failure_fixed,Kansas City -> Houston & Houston -> Kansas City,5,Houston,Denver,1,2.7098444,Houston | Kansas City | Denver,Houston->Kansas City | Kansas City->Denver,1
22,abilene,11,0.8,lstm,critical_failure_fixed,Denver -> Kansas City & Kansas City -> Denver,1,Kansas City,Sunnyvale,1,4.1926012,Kansas City | Denver | Sunnyvale,Kansas City->Denver | Denver->Sunnyvale,1
22,abilene,11,0.8,lstm,critical_failure_fixed,Denver -> Kansas City & Kansas City -> Denver,2,Denver,Washington DC,1,4.1237659,Denver | Kansas City | Indianapolis | Atlanta | Washington DC,Denver->Kansas City | Kansas City->Indianapolis | Indianapolis->Atlanta | Atlanta->Washington DC,1
22,abilene,11,0.8,lstm,critical_failure_fixed,Denver -> Kansas City & Kansas City -> Denver,3,Atlanta,Sunnyvale,1,4.1221619,Atlanta | Indianapolis | Kansas City | Denver | Sunnyvale,Atlanta->Indianapolis | Indianapolis->Kansas City | Kansas City->Denver | Denver->Sunnyvale,1
22,abilene,11,0.8,lstm,critical_failure_fixed,Denver -> Kansas City & Kansas City -> Denver,4,Seattle,New York,1,4.0936832,Seattle | Denver | Kansas City | Indianapolis | Chicago | New York,Seattle->Denver | Denver->Kansas City | Kansas City->Indianapolis | Indianapolis->Chicago | Chicago->New York,1
22,abilene,11,0.8,lstm,critical_failure_fixed,Denver -> Kansas City & Kansas City -> Denver,5,Indianapolis,Seattle,1,4.0658789,Indianapolis | Kansas City | Denver | Seattle,Indianapolis->Kansas City | Kansas City->Denver | Denver->Seattle,1
22,abilene,11,0.8,lstm,random_failure_fixed,Kansas City -> Houston & Houston -> Kansas City,1,Kansas City,Los Angeles,1,4.1029329,Kansas City | Houston | Los Angeles,Kansas City->Houston | Houston->Los Angeles,1
22,abilene,11,0.8,lstm,random_failure_fixed,Kansas City -> Houston & Houston -> Kansas City,2,Houston,Seattle,1,4.0089455,Houston | Kansas City | Denver | Seattle,Houston->Kansas City | Kansas City->Denver | Denver->Seattle,1
22,abilene,11,0.8,lstm,random_failure_fixed,Kansas City -> Houston & Houston -> Kansas City,3,Washington DC,Denver,1,3.9720726,Washington DC | Atlanta | Houston | Kansas City | Denver,Washington DC->Atlanta | Atlanta->Houston | Houston->Kansas City | Kansas City->Denver,1
22,abilene,11,0.8,lstm,random_failure_fixed,Kansas City -> Houston & Houston -> Kansas City,4,Denver,Atlanta,1,3.6420147,Denver | Kansas City | Houston | Atlanta,Denver->Kansas City | Kansas City->Houston | Houston->Atlanta,1
22,abilene,11,0.8,lstm,random_failure_fixed,Kansas City -> Houston & Houston -> Kansas City,5,Houston,Kansas City,1,3.6416028,Houston | Kansas City,Houston->Kansas City,1
22,abilene,11,0.8,uncertainty_aware_lstm_robust_lp,critical_failure_fixed,Denver -> Kansas City & Kansas City -> Denver,1,Kansas City,Sunnyvale,1,4.4116249,Kansas City | Denver | Sunnyvale,Kansas City->Denver | Denver->Sunnyvale,1
22,abilene,11,0.8,uncertainty_aware_lstm_robust_lp,critical_failure_fixed,Denver -> Kansas City & Kansas City -> Denver,2,Denver,Washington DC,1,4.3088555,Denver | Kansas City | Indianapolis | Atlanta | Washington DC,Denver->Kansas City | Kansas City->Indianapolis | Indianapolis->Atlanta | Atlanta->Washington DC,1
22,abilene,11,0.8,uncertainty_aware_lstm_robust_lp,critical_failure_fixed,Denver -> Kansas City & Kansas City -> Denver,3,Chicago,Sunnyvale,1,4.2925715,Chicago | Indianapolis | Kansas City | Denver | Sunnyvale,Chicago->Indianapolis | Indianapolis->Kansas City | Kansas City->Denver | Denver->Sunnyvale,1
22,abilene,11,0.8,uncertainty_aware_lstm_robust_lp,critical_failure_fixed,Denver -> Kansas City & Kansas City -> Denver,4,Seattle,New York,1,4.2874012,Seattle | Denver | Kansas City | Indianapolis | Chicago | New York,Seattle->Denver | Denver->Kansas City | Kansas City->Indianapolis | Indianapolis->Chicago | Chicago->New York,1
22,abilene,11,0.8,uncertainty_aware_lstm_robust_lp,critical_failure_fixed,Denver -> Kansas City & Kansas City -> Denver,5,Indianapolis,Seattle,1,4.2656898,Indianapolis | Kansas City | Denver | Seattle,Indianapolis->Kansas City | Kansas City->Denver | Denver->Seattle,1
22,abilene,11,0.8,uncertainty_aware_lstm_robust_lp,random_failure_fixed,Kansas City -> Houston & Houston -> Kansas City,1,Kansas City,Los Angeles,1,4.3023238,Kansas City | Houston | Los Angeles,Kansas City->Houston | Houston->Los Angeles,1
22,abilene,11,0.8,uncertainty_aware_lstm_robust_lp,random_failure_fixed,Kansas City -> Houston & Houston -> Kansas City,2,Houston,Seattle,1,4.2160211,Houston | Kansas City | Denver | Seattle,Houston->Kansas City | Kansas City->Denver | Denver->Seattle,1
22,abilene,11,0.8,uncertainty_aware_lstm_robust_lp,random_failure_fixed,Kansas City -> Houston & Houston -> Kansas City,3,Kansas City,Atlanta,1,4.0148969,Kansas City | Houston | Atlanta,Kansas City->Houston | Houston->Atlanta,1
22,abilene,11,0.8,uncertainty_aware_lstm_robust_lp,random_failure_fixed,Kansas City -> Houston & Houston -> Kansas City,4,Houston,Kansas City,1,3.8416026,Houston | Kansas City,Houston->Kansas City,1
22,abilene,11,0.8,uncertainty_aware_lstm_robust_lp,random_failure_fixed,Kansas City -> Houston & Houston -> Kansas City,5,Houston,Denver,1,3.7724788,Houston | Kansas City | Denver,Houston->Kansas City | Kansas City->Denver,1
23,abilene,11,0.8,current_demand_lp,critical_failure_fixed,Denver -> Kansas City & Kansas City -> Denver,1,Chicago,Sunnyvale,1,4.503335,Chicago | Indianapolis | Kansas City | Denver | Sunnyvale,Chicago->Indianapolis | Indianapolis->Kansas City | Kansas City->Denver | Denver->Sunnyvale,1
23,abilene,11,0.8,current_demand_lp,critical_failure_fixed,Denver -> Kansas City & Kansas City -> Denver,2,Indianapolis,Seattle,1,4.4329286,Indianapolis | Kansas City | Denver | Seattle,Indianapolis->Kansas City | Kansas City->Denver | Denver->Seattle,1
23,abilene,11,0.8,current_demand_lp,critical_failure_fixed,Denver -> Kansas City & Kansas City -> Denver,3,Denver,Washington DC,1,4.4155413,Denver | Kansas City | Indianapolis | Atlanta | Washington DC,Denver->Kansas City | Kansas City->Indianapolis | Indianapolis->Atlanta | Atlanta->Washington DC,1
23,abilene,11,0.8,current_demand_lp,critical_failure_fixed,Denver -> Kansas City & Kansas City -> Denver,4,Houston,Seattle,1,4.3767567,Houston | Kansas City | Denver | Seattle,Houston->Kansas City | Kansas City->Denver | Denver->Seattle,1
23,abilene,11,0.8,current_demand_lp,critical_failure_fixed,Denver -> Kansas City & Kansas City -> Denver,5,Kansas City,Sunnyvale,1,4.3500128,Kansas City | Denver | Sunnyvale,Kansas City->Denver | Denver->Sunnyvale,1
23,abilene,11,0.8,current_demand_lp,random_failure_fixed,New York -> Chicago & Chicago -> New York,1,Kansas City,New York,1,4.1531296,Kansas City | Indianapolis | Chicago | New York,Kansas City->Indianapolis | Indianapolis->Chicago | Chicago->New York,1
23,abilene,11,0.8,current_demand_lp,random_failure_fixed,New York -> Chicago & Chicago -> New York,2,Seattle,New York,1,3.8461893,Seattle | Denver | Kansas City | Indianapolis | Chicago | New York,Seattle->Denver | Denver->Kansas City | Kansas City->Indianapolis | Indianapolis->Chicago | Chicago->New York,1
23,abilene,11,0.8,current_demand_lp,random_failure_fixed,New York -> Chicago & Chicago -> New York,3,New York,Chicago,1,3.3495267,New York | Chicago,New York->Chicago,1
23,abilene,11,0.8,current_demand_lp,random_failure_fixed,New York -> Chicago & Chicago -> New York,4,Chicago,New York,1,3.1138716,Chicago | New York,Chicago->New York,1
23,abilene,11,0.8,current_demand_lp,random_failure_fixed,New York -> Chicago & Chicago -> New York,5,Washington DC,Chicago,1,2.8076259,Washington DC | New York | Chicago,Washington DC->New York | New York->Chicago,1
23,abilene,11,0.8,robust_current_demand_lp,critical_failure_fixed,Kansas City -> Indianapolis & Indianapolis -> Kansas City,1,Sunnyvale,New York,1,4.5631904,Sunnyvale | Denver | Kansas City | Indianapolis | Chicago | New York,Sunnyvale->Denver | Denver->Kansas City | Kansas City->Indianapolis | Indianapolis->Chicago | Chicago->New York,1
23,abilene,11,0.8,robust_current_demand_lp,critical_failure_fixed,Kansas City -> Indianapolis & Indianapolis -> Kansas City,2,Chicago,Sunnyvale,1,4.503335,Chicago | Indianapolis | Kansas City | Denver | Sunnyvale,Chicago->Indianapolis | Indianapolis->Kansas City | Kansas City->Denver | Denver->Sunnyvale,1
23,abilene,11,0.8,robust_current_demand_lp,critical_failure_fixed,Kansas City -> Indianapolis & Indianapolis -> Kansas City,3,Indianapolis,Seattle,1,4.4329286,Indianapolis | Kansas City | Denver | Seattle,Indianapolis->Kansas City | Kansas City->Denver | Denver->Seattle,1
23,abilene,11,0.8,robust_current_demand_lp,critical_failure_fixed,Kansas City -> Indianapolis & Indianapolis -> Kansas City,4,Atlanta,Seattle,1,4.268847,Atlanta | Indianapolis | Kansas City | Denver | Seattle,Atlanta->Indianapolis | Indianapolis->Kansas City | Kansas City->Denver | Denver->Seattle,1
23,abilene,11,0.8,robust_current_demand_lp,critical_failure_fixed,Kansas City -> Indianapolis & Indianapolis -> Kansas City,5,Sunnyvale,Indianapolis,1,4.1626493,Sunnyvale | Denver | Kansas City | Indianapolis,Sunnyvale->Denver | Denver->Kansas City | Kansas City->Indianapolis,1
23,abilene,11,0.8,robust_current_demand_lp,random_failure_fixed,New York -> Chicago & Chicago -> New York,1,Sunnyvale,New York,1,4.5631904,Sunnyvale | Denver | Kansas City | Indianapolis | Chicago | New York,Sunnyvale->Denver | Denver->Kansas City | Kansas City->Indianapolis | Indianapolis->Chicago | Chicago->New York,1
23,abilene,11,0.8,robust_current_demand_lp,random_failure_fixed,New York -> Chicago & Chicago -> New York,2,Kansas City,New York,1,4.1531296,Kansas City | Indianapolis | Chicago | New York,Kansas City->Indianapolis | Indianapolis->Chicago | Chicago->New York,1
23,abilene,11,0.8,robust_current_demand_lp,random_failure_fixed,New York -> Chicago & Chicago -> New York,3,Seattle,New York,1,3.8461893,Seattle | Denver | Kansas City | Indianapolis | Chicago | New York,Seattle->Denver | Denver->Kansas City | Kansas City->Indianapolis | Indianapolis->Chicago | Chicago->New York,1
23,abilene,11,0.8,robust_current_demand_lp,random_failure_fixed,New York -> Chicago & Chicago -> New York,4,New York,Chicago,1,3.3495267,New York | Chicago,New York->Chicago,1
23,abilene,11,0.8,robust_current_demand_lp,random_failure_fixed,New York -> Chicago & Chicago -> New York,5,Chicago,New York,1,3.1138716,Chicago | New York,Chicago->New York,1
23,abilene,11,0.8,moving_average,critical_failure_fixed,Kansas City -> Indianapolis & Indianapolis -> Kansas City,1,Atlanta,Sunnyvale,1,3.8844651,Atlanta | Indianapolis | Kansas City | Denver | Sunnyvale,Atlanta->Indianapolis | Indianapolis->Kansas City | Kansas City->Denver | Denver->Sunnyvale,1
23,abilene,11,0.8,moving_average,critical_failure_fixed,Kansas City -> Indianapolis & Indianapolis -> Kansas City,2,Denver,Washington DC,1,3.8231421,Denver | Kansas City | Indianapolis | Atlanta | Washington DC,Denver->Kansas City | Kansas City->Indianapolis | Indianapolis->Atlanta | Atlanta->Washington DC,1
23,abilene,11,0.8,moving_average,critical_failure_fixed,Kansas City -> Indianapolis & Indianapolis -> Kansas City,3,Atlanta,Seattle,1,3.724798,Atlanta | Indianapolis | Kansas City | Denver | Seattle,Atlanta->Indianapolis | Indianapolis->Kansas City | Kansas City->Denver | Denver->Seattle,1
23,abilene,11,0.8,moving_average,critical_failure_fixed,Kansas City -> Indianapolis & Indianapolis -> Kansas City,4,Sunnyvale,Indianapolis,1,3.7111862,Sunnyvale | Denver | Kansas City | Indianapolis,Sunnyvale->Denver | Denver->Kansas City | Kansas City->Indianapolis,1
23,abilene,11,0.8,moving_average,critical_failure_fixed,Kansas City -> Indianapolis & Indianapolis -> Kansas City,5,Indianapolis,Seattle,1,3.6828647,Indianapolis | Kansas City | Denver | Seattle,Indianapolis->Kansas City | Kansas City->Denver | Denver->Seattle,1
23,abilene,11,0.8,moving_average,random_failure_fixed,New York -> Chicago & Chicago -> New York,1,Seattle,New York,1,3.679688,Seattle | Denver | Kansas City | Indianapolis | Chicago | New York,Seattle->Denver | Denver->Kansas City | Kansas City->Indianapolis | Indianapolis->Chicago | Chicago->New York,1
23,abilene,11,0.8,moving_average,random_failure_fixed,New York -> Chicago & Chicago -> New York,2,Kansas City,New York,1,3.6650894,Kansas City | Indianapolis | Chicago | New York,Kansas City->Indianapolis | Indianapolis->Chicago | Chicago->New York,1
23,abilene,11,0.8,moving_average,random_failure_fixed,New York -> Chicago & Chicago -> New York,3,Chicago,New York,1,2.8709643,Chicago | New York,Chicago->New York,1
23,abilene,11,0.8,moving_average,random_failure_fixed,New York -> Chicago & Chicago -> New York,4,Washington DC,Chicago,1,2.8339224,Washington DC | New York | Chicago,Washington DC->New York | New York->Chicago,1
23,abilene,11,0.8,moving_average,random_failure_fixed,New York -> Chicago & Chicago -> New York,5,New York,Chicago,1,2.8165112,New York | Chicago,New York->Chicago,1
23,abilene,11,0.8,linear_autoregressive,critical_failure_fixed,Denver -> Kansas City & Kansas City -> Denver,1,Chicago,Sunnyvale,1,4.6756948,Chicago | Indianapolis | Kansas City | Denver | Sunnyvale,Chicago->Indianapolis | Indianapolis->Kansas City | Kansas City->Denver | Denver->Sunnyvale,1
23,abilene,11,0.8,linear_autoregressive,critical_failure_fixed,Denver -> Kansas City & Kansas City -> Denver,2,Kansas City,Sunnyvale,1,4.3299685,Kansas City | Denver | Sunnyvale,Kansas City->Denver | Denver->Sunnyvale,1
23,abilene,11,0.8,linear_autoregressive,critical_failure_fixed,Denver -> Kansas City & Kansas City -> Denver,3,Seattle,New York,1,4.2446663,Seattle | Denver | Kansas City | Indianapolis | Chicago | New York,Seattle->Denver | Denver->Kansas City | Kansas City->Indianapolis | Indianapolis->Chicago | Chicago->New York,1
23,abilene,11,0.8,linear_autoregressive,critical_failure_fixed,Denver -> Kansas City & Kansas City -> Denver,4,Atlanta,Sunnyvale,1,4.2364912,Atlanta | Indianapolis | Kansas City | Denver | Sunnyvale,Atlanta->Indianapolis | Indianapolis->Kansas City | Kansas City->Denver | Denver->Sunnyvale,1
23,abilene,11,0.8,linear_autoregressive,critical_failure_fixed,Denver -> Kansas City & Kansas City -> Denver,5,Indianapolis,Seattle,1,4.1332653,Indianapolis | Kansas City | Denver | Seattle,Indianapolis->Kansas City | Kansas City->Denver | Denver->Seattle,1
23,abilene,11,0.8,linear_autoregressive,random_failure_fixed,New York -> Chicago & Chicago -> New York,1,Seattle,New York,1,4.2446663,Seattle | Denver | Kansas City | Indianapolis | Chicago | New York,Seattle->Denver | Denver->Kansas City | Kansas City->Indianapolis | Indianapolis->Chicago | Chicago->New York,1
23,abilene,11,0.8,linear_autoregressive,random_failure_fixed,New York -> Chicago & Chicago -> New York,2,Kansas City,New York,1,4.0454978,Kansas City | Indianapolis | Chicago | New York,Kansas City->Indianapolis | Indianapolis->Chicago | Chicago->New York,1
23,abilene,11,0.8,linear_autoregressive,random_failure_fixed,New York -> Chicago & Chicago -> New York,3,Chicago,New York,1,3.3051778,Chicago | New York,Chicago->New York,1
23,abilene,11,0.8,linear_autoregressive,random_failure_fixed,New York -> Chicago & Chicago -> New York,4,New York,Chicago,1,3.1430555,New York | Chicago,New York->Chicago,1
23,abilene,11,0.8,linear_autoregressive,random_failure_fixed,New York -> Chicago & Chicago -> New York,5,New York,Indianapolis,1,3.0146283,New York | Chicago | Indianapolis,New York->Chicago | Chicago->Indianapolis,1
23,abilene,11,0.8,lstm,critical_failure_fixed,Denver -> Kansas City & Kansas City -> Denver,1,Kansas City,Sunnyvale,1,4.1926012,Kansas City | Denver | Sunnyvale,Kansas City->Denver | Denver->Sunnyvale,1
23,abilene,11,0.8,lstm,critical_failure_fixed,Denver -> Kansas City & Kansas City -> Denver,2,Denver,Washington DC,1,4.1237659,Denver | Kansas City | Indianapolis | Atlanta | Washington DC,Denver->Kansas City | Kansas City->Indianapolis | Indianapolis->Atlanta | Atlanta->Washington DC,1
23,abilene,11,0.8,lstm,critical_failure_fixed,Denver -> Kansas City & Kansas City -> Denver,3,Atlanta,Sunnyvale,1,4.1221619,Atlanta | Indianapolis | Kansas City | Denver | Sunnyvale,Atlanta->Indianapolis | Indianapolis->Kansas City | Kansas City->Denver | Denver->Sunnyvale,1
23,abilene,11,0.8,lstm,critical_failure_fixed,Denver -> Kansas City & Kansas City -> Denver,4,Seattle,New York,1,4.0936832,Seattle | Denver | Kansas City | Indianapolis | Chicago | New York,Seattle->Denver | Denver->Kansas City | Kansas City->Indianapolis | Indianapolis->Chicago | Chicago->New York,1
23,abilene,11,0.8,lstm,critical_failure_fixed,Denver -> Kansas City & Kansas City -> Denver,5,Indianapolis,Seattle,1,4.0658789,Indianapolis | Kansas City | Denver | Seattle,Indianapolis->Kansas City | Kansas City->Denver | Denver->Seattle,1
23,abilene,11,0.8,lstm,random_failure_fixed,New York -> Chicago & Chicago -> New York,1,Seattle,New York,1,4.0936832,Seattle | Denver | Kansas City | Indianapolis | Chicago | New York,Seattle->Denver | Denver->Kansas City | Kansas City->Indianapolis | Indianapolis->Chicago | Chicago->New York,1
23,abilene,11,0.8,lstm,random_failure_fixed,New York -> Chicago & Chicago -> New York,2,Kansas City,New York,1,3.9912579,Kansas City | Indianapolis | Chicago | New York,Kansas City->Indianapolis | Indianapolis->Chicago | Chicago->New York,1
23,abilene,11,0.8,lstm,random_failure_fixed,New York -> Chicago & Chicago -> New York,3,Washington DC,Chicago,1,3.0730023,Washington DC | New York | Chicago,Washington DC->New York | New York->Chicago,1
23,abilene,11,0.8,lstm,random_failure_fixed,New York -> Chicago & Chicago -> New York,4,Chicago,New York,1,3.0479269,Chicago | New York,Chicago->New York,1
23,abilene,11,0.8,lstm,random_failure_fixed,New York -> Chicago & Chicago -> New York,5,New York,Chicago,1,3.0404568,New York | Chicago,New York->Chicago,1
23,abilene,11,0.8,uncertainty_aware_lstm_robust_lp,critical_failure_fixed,Denver -> Kansas City & Kansas City -> Denver,1,Kansas City,Sunnyvale,1,4.4116249,Kansas City | Denver | Sunnyvale,Kansas City->Denver | Denver->Sunnyvale,1
23,abilene,11,0.8,uncertainty_aware_lstm_robust_lp,critical_failure_fixed,Denver -> Kansas City & Kansas City -> Denver,2,Denver,Washington DC,1,4.3088555,Denver | Kansas City | Indianapolis | Atlanta | Washington DC,Denver->Kansas City | Kansas City->Indianapolis | Indianapolis->Atlanta | Atlanta->Washington DC,1
23,abilene,11,0.8,uncertainty_aware_lstm_robust_lp,critical_failure_fixed,Denver -> Kansas City & Kansas City -> Denver,3,Chicago,Sunnyvale,1,4.2925715,Chicago | Indianapolis | Kansas City | Denver | Sunnyvale,Chicago->Indianapolis | Indianapolis->Kansas City | Kansas City->Denver | Denver->Sunnyvale,1
23,abilene,11,0.8,uncertainty_aware_lstm_robust_lp,critical_failure_fixed,Denver -> Kansas City & Kansas City -> Denver,4,Seattle,New York,1,4.2874012,Seattle | Denver | Kansas City | Indianapolis | Chicago | New York,Seattle->Denver | Denver->Kansas City | Kansas City->Indianapolis | Indianapolis->Chicago | Chicago->New York,1
23,abilene,11,0.8,uncertainty_aware_lstm_robust_lp,critical_failure_fixed,Denver -> Kansas City & Kansas City -> Denver,5,Indianapolis,Seattle,1,4.2656898,Indianapolis | Kansas City | Denver | Seattle,Indianapolis->Kansas City | Kansas City->Denver | Denver->Seattle,1
23,abilene,11,0.8,uncertainty_aware_lstm_robust_lp,random_failure_fixed,New York -> Chicago & Chicago -> New York,1,Seattle,New York,1,4.2874012,Seattle | Denver | Kansas City | Indianapolis | Chicago | New York,Seattle->Denver | Denver->Kansas City | Kansas City->Indianapolis | Indianapolis->Chicago | Chicago->New York,1
23,abilene,11,0.8,uncertainty_aware_lstm_robust_lp,random_failure_fixed,New York -> Chicago & Chicago -> New York,2,Sunnyvale,New York,1,4.2239099,Sunnyvale | Denver | Kansas City | Indianapolis | Chicago | New York,Sunnyvale->Denver | Denver->Kansas City | Kansas City->Indianapolis | Indianapolis->Chicago | Chicago->New York,1
23,abilene,11,0.8,uncertainty_aware_lstm_robust_lp,random_failure_fixed,New York -> Chicago & Chicago -> New York,3,Kansas City,New York,1,4.1970782,Kansas City | Indianapolis | Chicago | New York,Kansas City->Indianapolis | Indianapolis->Chicago | Chicago->New York,1
23,abilene,11,0.8,uncertainty_aware_lstm_robust_lp,random_failure_fixed,New York -> Chicago & Chicago -> New York,4,Washington DC,Chicago,1,3.2237659,Washington DC | New York | Chicago,Washington DC->New York | New York->Chicago,1
23,abilene,11,0.8,uncertainty_aware_lstm_robust_lp,random_failure_fixed,New York -> Chicago & Chicago -> New York,5,Chicago,New York,1,3.2095599,Chicago | New York,Chicago->New York,1
24,abilene,11,0.8,current_demand_lp,critical_failure_fixed,Kansas City -> Indianapolis & Indianapolis -> Kansas City,1,Atlanta,Sunnyvale,1,0.0070233938,Atlanta | Houston | Los Angeles | Sunnyvale,Atlanta->Houston | Houston->Los Angeles | Los Angeles->Sunnyvale,0
24,abilene,11,0.8,current_demand_lp,critical_failure_fixed,Kansas City -> Indianapolis & Indianapolis -> Kansas City,1,Atlanta,Sunnyvale,2,5.3190298,Atlanta | Indianapolis | Kansas City | Denver | Sunnyvale,Atlanta->Indianapolis | Indianapolis->Kansas City | Kansas City->Denver | Denver->Sunnyvale,1
24,abilene,11,0.8,current_demand_lp,critical_failure_fixed,Kansas City -> Indianapolis & Indianapolis -> Kansas City,2,Indianapolis,Seattle,1,5.2775744,Indianapolis | Kansas City | Denver | Seattle,Indianapolis->Kansas City | Kansas City->Denver | Denver->Seattle,1
24,abilene,11,0.8,current_demand_lp,critical_failure_fixed,Kansas City -> Indianapolis & Indianapolis -> Kansas City,3,Denver,Washington DC,1,5.1030569,Denver | Kansas City | Indianapolis | Atlanta | Washington DC,Denver->Kansas City | Kansas City->Indianapolis | Indianapolis->Atlanta | Atlanta->Washington DC,1
24,abilene,11,0.8,current_demand_lp,critical_failure_fixed,Kansas City -> Indianapolis & Indianapolis -> Kansas City,4,Atlanta,Seattle,1,4.8668559,Atlanta | Indianapolis | Kansas City | Denver | Seattle,Atlanta->Indianapolis | Indianapolis->Kansas City | Kansas City->Denver | Denver->Seattle,1
24,abilene,11,0.8,current_demand_lp,critical_failure_fixed,Kansas City -> Indianapolis & Indianapolis -> Kansas City,5,Seattle,New York,1,4.6635749,Seattle | Denver | Kansas City | Indianapolis | Chicago | New York,Seattle->Denver | Denver->Kansas City | Kansas City->Indianapolis | Indianapolis->Chicago | Chicago->New York,1
24,abilene,11,0.8,current_demand_lp,random_failure_fixed,Seattle -> Denver & Denver -> Seattle,1,Indianapolis,Seattle,1,5.2775744,Indianapolis | Kansas City | Denver | Seattle,Indianapolis->Kansas City | Kansas City->Denver | Denver->Seattle,1
24,abilene,11,0.8,current_demand_lp,random_failure_fixed,Seattle -> Denver & Denver -> Seattle,2,Atlanta,Seattle,1,4.8668559,Atlanta | Indianapolis | Kansas City | Denver | Seattle,Atlanta->Indianapolis | Indianapolis->Kansas City | Kansas City->Denver | Denver->Seattle,1
24,abilene,11,0.8,current_demand_lp,random_failure_fixed,Seattle -> Denver & Denver -> Seattle,3,Seattle,New York,1,4.6635749,Seattle | Denver | Kansas City | Indianapolis | Chicago | New York,Seattle->Denver | Denver->Kansas City | Kansas City->Indianapolis | Indianapolis->Chicago | Chicago->New York,1
24,abilene,11,0.8,current_demand_lp,random_failure_fixed,Seattle -> Denver & Denver -> Seattle,4,Houston,Seattle,1,4.2422957,Houston | Kansas City | Denver | Seattle,Houston->Kansas City | Kansas City->Denver | Denver->Seattle,1
24,abilene,11,0.8,current_demand_lp,random_failure_fixed,Seattle -> Denver & Denver -> Seattle,5,Seattle,Indianapolis,1,3.6035105,Seattle | Denver | Kansas City | Indianapolis,Seattle->Denver | Denver->Kansas City | Kansas City->Indianapolis,1
24,abilene,11,0.8,robust_current_demand_lp,critical_failure_fixed,Denver -> Kansas City & Kansas City -> Denver,1,Kansas City,Sunnyvale,1,5.3377383,Kansas City | Denver | Sunnyvale,Kansas City->Denver | Denver->Sunnyvale,1
24,abilene,11,0.8,robust_current_demand_lp,critical_failure_fixed,Denver -> Kansas City & Kansas City -> Denver,2,Indianapolis,Seattle,1,5.2775744,Indianapolis | Kansas City | Denver | Seattle,Indianapolis->Kansas City | Kansas City->Denver | Denver->Seattle,1
24,abilene,11,0.8,robust_current_demand_lp,critical_failure_fixed,Denver -> Kansas City & Kansas City -> Denver,3,Denver,Washington DC,1,5.1030569,Denver | Kansas City | Indianapolis | Atlanta | Washington DC,Denver->Kansas City | Kansas City->Indianapolis | Indianapolis->Atlanta | Atlanta->Washington DC,1
24,abilene,11,0.8,robust_current_demand_lp,critical_failure_fixed,Denver -> Kansas City & Kansas City -> Denver,4,Sunnyvale,New York,1,4.8704466,Sunnyvale | Denver | Kansas City | Indianapolis | Chicago | New York,Sunnyvale->Denver | Denver->Kansas City | Kansas City->Indianapolis | Indianapolis->Chicago | Chicago->New York,1
24,abilene,11,0.8,robust_current_demand_lp,critical_failure_fixed,Denver -> Kansas City & Kansas City -> Denver,5,Atlanta,Seattle,1,4.8668559,Atlanta | Indianapolis | Kansas City | Denver | Seattle,Atlanta->Indianapolis | Indianapolis->Kansas City | Kansas City->Denver | Denver->Seattle,1
24,abilene,11,0.8,robust_current_demand_lp,random_failure_fixed,Seattle -> Denver & Denver -> Seattle,1,Indianapolis,Seattle,1,5.2775744,Indianapolis | Kansas City | Denver | Seattle,Indianapolis->Kansas City | Kansas City->Denver | Denver->Seattle,1
24,abilene,11,0.8,robust_current_demand_lp,random_failure_fixed,Seattle -> Denver & Denver -> Seattle,2,Atlanta,Seattle,1,4.8668559,Atlanta | Indianapolis | Kansas City | Denver | Seattle,Atlanta->Indianapolis | Indianapolis->Kansas City | Kansas City->Denver | Denver->Seattle,1
24,abilene,11,0.8,robust_current_demand_lp,random_failure_fixed,Seattle -> Denver & Denver -> Seattle,3,Seattle,New York,1,4.6635749,Seattle | Denver | Kansas City | Indianapolis | Chicago | New York,Seattle->Denver | Denver->Kansas City | Kansas City->Indianapolis | Indianapolis->Chicago | Chicago->New York,1
24,abilene,11,0.8,robust_current_demand_lp,random_failure_fixed,Seattle -> Denver & Denver -> Seattle,4,Houston,Seattle,1,4.2422957,Houston | Kansas City | Denver | Seattle,Houston->Kansas City | Kansas City->Denver | Denver->Seattle,1
24,abilene,11,0.8,robust_current_demand_lp,random_failure_fixed,Seattle -> Denver & Denver -> Seattle,5,Washington DC,Seattle,1,3.9936509,Washington DC | Atlanta | Indianapolis | Kansas City | Denver | Seattle,Washington DC->Atlanta | Atlanta->Indianapolis | Indianapolis->Kansas City | Kansas City->Denver | Denver->Seattle,1
24,abilene,11,0.8,moving_average,critical_failure_fixed,Denver -> Kansas City & Kansas City -> Denver,1,Atlanta,Sunnyvale,1,4.3273908,Atlanta | Indianapolis | Kansas City | Denver | Sunnyvale,Atlanta->Indianapolis | Indianapolis->Kansas City | Kansas City->Denver | Denver->Sunnyvale,1
24,abilene,11,0.8,moving_average,critical_failure_fixed,Denver -> Kansas City & Kansas City -> Denver,2,Kansas City,Sunnyvale,1,4.1872558,Kansas City | Denver | Sunnyvale,Kansas City->Denver | Denver->Sunnyvale,1
24,abilene,11,0.8,moving_average,critical_failure_fixed,Denver -> Kansas City & Kansas City -> Denver,3,Denver,Washington DC,1,4.1637573,Denver | Kansas City | Indianapolis | Atlanta | Washington DC,Denver->Kansas City | Kansas City->Indianapolis | Indianapolis->Atlanta | Atlanta->Washington DC,1
24,abilene,11,0.8,moving_average,critical_failure_fixed,Denver -> Kansas City & Kansas City -> Denver,4,Indianapolis,Seattle,1,4.0736191,Indianapolis | Kansas City | Denver | Seattle,Indianapolis->Kansas City | Kansas City->Denver | Denver->Seattle,1
24,abilene,11,0.8,moving_average,critical_failure_fixed,Denver -> Kansas City & Kansas City -> Denver,5,Sunnyvale,Indianapolis,1,3.9947639,Sunnyvale | Denver | Kansas City | Indianapolis,Sunnyvale->Denver | Denver->Kansas City | Kansas City->Indianapolis,1
24,abilene,11,0.8,moving_average,random_failure_fixed,Seattle -> Denver & Denver -> Seattle,1,Indianapolis,Seattle,1,4.0736191,Indianapolis | Kansas City | Denver | Seattle,Indianapolis->Kansas City | Kansas City->Denver | Denver->Seattle,1
24,abilene,11,0.8,moving_average,random_failure_fixed,Seattle -> Denver & Denver -> Seattle,2,Seattle,New York,1,3.9827652,Seattle | Denver | Kansas City | Indianapolis | Chicago | New York,Seattle->Denver | Denver->Kansas City | Kansas City->Indianapolis | Indianapolis->Chicago | Chicago->New York,1
24,abilene,11,0.8,moving_average,random_failure_fixed,Seattle -> Denver & Denver -> Seattle,3,Atlanta,Seattle,1,3.9538513,Atlanta | Indianapolis | Kansas City | Denver | Seattle,Atlanta->Indianapolis | Indianapolis->Kansas City | Kansas City->Denver | Denver->Seattle,1
24,abilene,11,0.8,moving_average,random_failure_fixed,Seattle -> Denver & Denver -> Seattle,4,Houston,Seattle,1,3.9256364,Houston | Kansas City | Denver | Seattle,Houston->Kansas City | Kansas City->Denver | Denver->Seattle,1
24,abilene,11,0.8,moving_average,random_failure_fixed,Seattle -> Denver & Denver -> Seattle,5,Seattle,Chicago,1,3.0444529,Seattle | Denver | Kansas City | Indianapolis | Chicago,Seattle->Denver | Denver->Kansas City | Kansas City->Indianapolis | Indianapolis->Chicago,1
24,abilene,11,0.8,linear_autoregressive,critical_failure_fixed,Denver -> Kansas City & Kansas City -> Denver,1,Denver,Washington DC,1,4.7700485,Denver | Kansas City | Indianapolis | Atlanta | Washington DC,Denver->Kansas City | Kansas City->Indianapolis | Indianapolis->Atlanta | Atlanta->Washington DC,1
24,abilene,11,0.8,linear_autoregressive,critical_failure_fixed,Denver -> Kansas City & Kansas City -> Denver,2,Houston,Seattle,1,4.7475989,Houston | Kansas City | Denver | Seattle,Houston->Kansas City | Kansas City->Denver | Denver->Seattle,1
24,abilene,11,0.8,linear_autoregressive,critical_failure_fixed,Denver -> Kansas City & Kansas City -> Denver,3,Indianapolis,Seattle,1,4.7403659,Indianapolis | Kansas City | Denver | Seattle,Indianapolis->Kansas City | Kansas City->Denver | Denver->Seattle,1
24,abilene,11,0.8,linear_autoregressive,critical_failure_fixed,Denver -> Kansas City & Kansas City -> Denver,4,Kansas City,Sunnyvale,1,4.7325543,Kansas City | Denver | Sunnyvale,Kansas City->Denver | Denver->Sunnyvale,1
24,abilene,11,0.8,linear_autoregressive,critical_failure_fixed,Denver -> Kansas City & Kansas City -> Denver,5,Seattle,New York,1,4.720526,Seattle | Denver | Kansas City | Indianapolis | Chicago | New York,Seattle->Denver | Denver->Kansas City | Kansas City->Indianapolis | Indianapolis->Chicago | Chicago->New York,1
24,abilene,11,0.8,linear_autoregressive,random_failure_fixed,Seattle -> Denver & Denver -> Seattle,1,Houston,Seattle,1,4.7475989,Houston | Kansas City | Denver | Seattle,Houston->Kansas City | Kansas City->Denver | Denver->Seattle,1
24,abilene,11,0.8,linear_autoregressive,random_failure_fixed,Seattle -> Denver & Denver -> Seattle,2,Indianapolis,Seattle,1,4.7403659,Indianapolis | Kansas City | Denver | Seattle,Indianapolis->Kansas City | Kansas City->Denver | Denver->Seattle,1
24,abilene,11,0.8,linear_autoregressive,random_failure_fixed,Seattle -> Denver & Denver -> Seattle,3,Seattle,New York,1,4.720526,Seattle | Denver | Kansas City | Indianapolis | Chicago | New York,Seattle->Denver | Denver->Kansas City | Kansas City->Indianapolis | Indianapolis->Chicago | Chicago->New York,1
24,abilene,11,0.8,linear_autoregressive,random_failure_fixed,Seattle -> Denver & Denver -> Seattle,4,Atlanta,Seattle,1,4.3881973,Atlanta | Indianapolis | Kansas City | Denver | Seattle,Atlanta->Indianapolis | Indianapolis->Kansas City | Kansas City->Denver | Denver->Seattle,1
24,abilene,11,0.8,linear_autoregressive,random_failure_fixed,Seattle -> Denver & Denver -> Seattle,5,Seattle,Indianapolis,1,3.6760894,Seattle | Denver | Kansas City | Indianapolis,Seattle->Denver | Denver->Kansas City | Kansas City->Indianapolis,1
24,abilene,11,0.8,lstm,critical_failure_fixed,Denver -> Kansas City & Kansas City -> Denver,1,Kansas City,Sunnyvale,1,4.1926012,Kansas City | Denver | Sunnyvale,Kansas City->Denver | Denver->Sunnyvale,1
24,abilene,11,0.8,lstm,critical_failure_fixed,Denver -> Kansas City & Kansas City -> Denver,2,Denver,Washington DC,1,4.1237659,Denver | Kansas City | Indianapolis | Atlanta | Washington DC,Denver->Kansas City | Kansas City->Indianapolis | Indianapolis->Atlanta | Atlanta->Washington DC,1
24,abilene,11,0.8,lstm,critical_failure_fixed,Denver -> Kansas City & Kansas City -> Denver,3,Atlanta,Sunnyvale,1,4.1221619,Atlanta | Indianapolis | Kansas City | Denver | Sunnyvale,Atlanta->Indianapolis | Indianapolis->Kansas City | Kansas City->Denver | Denver->Sunnyvale,1
24,abilene,11,0.8,lstm,critical_failure_fixed,Denver -> Kansas City & Kansas City -> Denver,4,Seattle,New York,1,4.0936832,Seattle | Denver | Kansas City | Indianapolis | Chicago | New York,Seattle->Denver | Denver->Kansas City | Kansas City->Indianapolis | Indianapolis->Chicago | Chicago->New York,1
24,abilene,11,0.8,lstm,critical_failure_fixed,Denver -> Kansas City & Kansas City -> Denver,5,Indianapolis,Seattle,1,4.0658789,Indianapolis | Kansas City | Denver | Seattle,Indianapolis->Kansas City | Kansas City->Denver | Denver->Seattle,1
24,abilene,11,0.8,lstm,random_failure_fixed,Seattle -> Denver & Denver -> Seattle,1,Seattle,New York,1,4.0936832,Seattle | Denver | Kansas City | Indianapolis | Chicago | New York,Seattle->Denver | Denver->Kansas City | Kansas City->Indianapolis | Indianapolis->Chicago | Chicago->New York,1
24,abilene,11,0.8,lstm,random_failure_fixed,Seattle -> Denver & Denver -> Seattle,2,Indianapolis,Seattle,1,4.0658789,Indianapolis | Kansas City | Denver | Seattle,Indianapolis->Kansas City | Kansas City->Denver | Denver->Seattle,1
24,abilene,11,0.8,lstm,random_failure_fixed,Seattle -> Denver & Denver -> Seattle,3,Houston,Seattle,1,4.0089455,Houston | Kansas City | Denver | Seattle,Houston->Kansas City | Kansas City->Denver | Denver->Seattle,1
24,abilene,11,0.8,lstm,random_failure_fixed,Seattle -> Denver & Denver -> Seattle,4,Atlanta,Seattle,1,3.793025,Atlanta | Indianapolis | Kansas City | Denver | Seattle,Atlanta->Indianapolis | Indianapolis->Kansas City | Kansas City->Denver | Denver->Seattle,1
24,abilene,11,0.8,lstm,random_failure_fixed,Seattle -> Denver & Denver -> Seattle,5,Seattle,Indianapolis,1,3.0045424,Seattle | Denver | Kansas City | Indianapolis,Seattle->Denver | Denver->Kansas City | Kansas City->Indianapolis,1
24,abilene,11,0.8,uncertainty_aware_lstm_robust_lp,critical_failure_fixed,Denver -> Kansas City & Kansas City -> Denver,1,Kansas City,Sunnyvale,1,4.4116249,Kansas City | Denver | Sunnyvale,Kansas City->Denver | Denver->Sunnyvale,1
24,abilene,11,0.8,uncertainty_aware_lstm_robust_lp,critical_failure_fixed,Denver -> Kansas City & Kansas City -> Denver,2,Denver,Washington DC,1,4.3088555,Denver | Kansas City | Indianapolis | Atlanta | Washington DC,Denver->Kansas City | Kansas City->Indianapolis | Indianapolis->Atlanta | Atlanta->Washington DC,1
24,abilene,11,0.8,uncertainty_aware_lstm_robust_lp,critical_failure_fixed,Denver -> Kansas City & Kansas City -> Denver,3,Chicago,Sunnyvale,1,4.2925715,Chicago | Indianapolis | Kansas City | Denver | Sunnyvale,Chicago->Indianapolis | Indianapolis->Kansas City | Kansas City->Denver | Denver->Sunnyvale,1
24,abilene,11,0.8,uncertainty_aware_lstm_robust_lp,critical_failure_fixed,Denver -> Kansas City & Kansas City -> Denver,4,Seattle,New York,1,4.2874012,Seattle | Denver | Kansas City | Indianapolis | Chicago | New York,Seattle->Denver | Denver->Kansas City | Kansas City->Indianapolis | Indianapolis->Chicago | Chicago->New York,1
24,abilene,11,0.8,uncertainty_aware_lstm_robust_lp,critical_failure_fixed,Denver -> Kansas City & Kansas City -> Denver,5,Indianapolis,Seattle,1,4.2656898,Indianapolis | Kansas City | Denver | Seattle,Indianapolis->Kansas City | Kansas City->Denver | Denver->Seattle,1
24,abilene,11,0.8,uncertainty_aware_lstm_robust_lp,random_failure_fixed,Seattle -> Denver & Denver -> Seattle,1,Seattle,New York,1,4.2874012,Seattle | Denver | Kansas City | Indianapolis | Chicago | New York,Seattle->Denver | Denver->Kansas City | Kansas City->Indianapolis | Indianapolis->Chicago | Chicago->New York,1
24,abilene,11,0.8,uncertainty_aware_lstm_robust_lp,random_failure_fixed,Seattle -> Denver & Denver -> Seattle,2,Indianapolis,Seattle,1,4.2656898,Indianapolis | Kansas City | Denver | Seattle,Indianapolis->Kansas City | Kansas City->Denver | Denver->Seattle,1
24,abilene,11,0.8,uncertainty_aware_lstm_robust_lp,random_failure_fixed,Seattle -> Denver & Denver -> Seattle,3,Houston,Seattle,1,4.2160211,Houston | Kansas City | Denver | Seattle,Houston->Kansas City | Kansas City->Denver | Denver->Seattle,1
24,abilene,11,0.8,uncertainty_aware_lstm_robust_lp,random_failure_fixed,Seattle -> Denver & Denver -> Seattle,4,Atlanta,Seattle,1,3.9719043,Atlanta | Indianapolis | Kansas City | Denver | Seattle,Atlanta->Indianapolis | Indianapolis->Kansas City | Kansas City->Denver | Denver->Seattle,1
24,abilene,11,0.8,uncertainty_aware_lstm_robust_lp,random_failure_fixed,Seattle -> Denver & Denver -> Seattle,5,Washington DC,Seattle,1,3.5180187,Washington DC | Atlanta | Indianapolis | Kansas City | Denver | Seattle,Washington DC->Atlanta | Atlanta->Indianapolis | Indianapolis->Kansas City | Kansas City->Denver | Denver->Seattle,1
25,abilene,11,0.8,current_demand_lp,critical_failure_fixed,Kansas City -> Indianapolis & Indianapolis -> Kansas City,1,Atlanta,Seattle,1,5.6349939,Atlanta | Indianapolis | Kansas City | Denver | Seattle,Atlanta->Indianapolis | Indianapolis->Kansas City | Kansas City->Denver | Denver->Seattle,1
25,abilene,11,0.8,current_demand_lp,critical_failure_fixed,Kansas City -> Indianapolis & Indianapolis -> Kansas City,2,Indianapolis,Seattle,1,5.5685939,Indianapolis | Kansas City | Denver | Seattle,Indianapolis->Kansas City | Kansas City->Denver | Denver->Seattle,1
25,abilene,11,0.8,current_demand_lp,critical_failure_fixed,Kansas City -> Indianapolis & Indianapolis -> Kansas City,3,Kansas City,New York,1,5.5444332,Kansas City | Indianapolis | Chicago | New York,Kansas City->Indianapolis | Indianapolis->Chicago | Chicago->New York,1
25,abilene,11,0.8,current_demand_lp,critical_failure_fixed,Kansas City -> Indianapolis & Indianapolis -> Kansas City,4,Sunnyvale,Indianapolis,1,5.5213621,Sunnyvale | Denver | Kansas City | Indianapolis,Sunnyvale->Denver | Denver->Kansas City | Kansas City->Indianapolis,1
25,abilene,11,0.8,current_demand_lp,critical_failure_fixed,Kansas City -> Indianapolis & Indianapolis -> Kansas City,5,Seattle,New York,1,5.3809746,Seattle | Denver | Kansas City | Indianapolis | Chicago | New York,Seattle->Denver | Denver->Kansas City | Kansas City->Indianapolis | Indianapolis->Chicago | Chicago->New York,1
25,abilene,11,0.8,current_demand_lp,random_failure_fixed,Sunnyvale -> Denver & Denver -> Sunnyvale,1,Kansas City,Sunnyvale,1,5.6041033,Kansas City | Denver | Sunnyvale,Kansas City->Denver | Denver->Sunnyvale,1
25,abilene,11,0.8,current_demand_lp,random_failure_fixed,Sunnyvale -> Denver & Denver -> Sunnyvale,2,Denver,Sunnyvale,1,5.5911638,Denver | Sunnyvale,Denver->Sunnyvale,1
25,abilene,11,0.8,current_demand_lp,random_failure_fixed,Sunnyvale -> Denver & Denver -> Sunnyvale,3,Sunnyvale,Indianapolis,1,5.5213621,Sunnyvale | Denver | Kansas City | Indianapolis,Sunnyvale->Denver | Denver->Kansas City | Kansas City->Indianapolis,1
25,abilene,11,0.8,current_demand_lp,random_failure_fixed,Sunnyvale -> Denver & Denver -> Sunnyvale,4,Los Angeles,Denver,1,5.0016664,Los Angeles | Sunnyvale | Denver,Los Angeles->Sunnyvale | Sunnyvale->Denver,1
25,abilene,11,0.8,current_demand_lp,random_failure_fixed,Sunnyvale -> Denver & Denver -> Sunnyvale,5,Chicago,Sunnyvale,1,4.8217526,Chicago | Indianapolis | Kansas City | Denver | Sunnyvale,Chicago->Indianapolis | Indianapolis->Kansas City | Kansas City->Denver | Denver->Sunnyvale,1
25,abilene,11,0.8,robust_current_demand_lp,critical_failure_fixed,Denver -> Kansas City & Kansas City -> Denver,1,Atlanta,Seattle,1,5.6349939,Atlanta | Indianapolis | Kansas City | Denver | Seattle,Atlanta->Indianapolis | Indianapolis->Kansas City | Kansas City->Denver | Denver->Seattle,1
25,abilene,11,0.8,robust_current_demand_lp,critical_failure_fixed,Denver -> Kansas City & Kansas City -> Denver,2,Kansas City,Sunnyvale,1,5.6041033,Kansas City | Denver | Sunnyvale,Kansas City->Denver | Denver->Sunnyvale,1
25,abilene,11,0.8,robust_current_demand_lp,critical_failure_fixed,Denver -> Kansas City & Kansas City -> Denver,3,Indianapolis,Seattle,1,5.5685939,Indianapolis | Kansas City | Denver | Seattle,Indianapolis->Kansas City | Kansas City->Denver | Denver->Seattle,1
25,abilene,11,0.8,robust_current_demand_lp,critical_failure_fixed,Denver -> Kansas City & Kansas City -> Denver,4,Sunnyvale,Indianapolis,1,5.5213621,Sunnyvale | Denver | Kansas City | Indianapolis,Sunnyvale->Denver | Denver->Kansas City | Kansas City->Indianapolis,1
25,abilene,11,0.8,robust_current_demand_lp,critical_failure_fixed,Denver -> Kansas City & Kansas City -> Denver,5,Sunnyvale,New York,1,5.4873554,Sunnyvale | Denver | Kansas City | Indianapolis | Chicago | New York,Sunnyvale->Denver | Denver->Kansas City | Kansas City->Indianapolis | Indianapolis->Chicago | Chicago->New York,1
25,abilene,11,0.8,robust_current_demand_lp,random_failure_fixed,Sunnyvale -> Denver & Denver -> Sunnyvale,1,Kansas City,Sunnyvale,1,5.6041033,Kansas City | Denver | Sunnyvale,Kansas City->Denver | Denver->Sunnyvale,1
25,abilene,11,0.8,robust_current_demand_lp,random_failure_fixed,Sunnyvale -> Denver & Denver -> Sunnyvale,2,Denver,Sunnyvale,1,5.5911638,Denver | Sunnyvale,Denver->Sunnyvale,1
25,abilene,11,0.8,robust_current_demand_lp,random_failure_fixed,Sunnyvale -> Denver & Denver -> Sunnyvale,3,Sunnyvale,Indianapolis,1,5.5213621,Sunnyvale | Denver | Kansas City | Indianapolis,Sunnyvale->Denver | Denver->Kansas City | Kansas City->Indianapolis,1
25,abilene,11,0.8,robust_current_demand_lp,random_failure_fixed,Sunnyvale -> Denver & Denver -> Sunnyvale,4,Sunnyvale,New York,1,5.4873554,Sunnyvale | Denver | Kansas City | Indianapolis | Chicago | New York,Sunnyvale->Denver | Denver->Kansas City | Kansas City->Indianapolis | Indianapolis->Chicago | Chicago->New York,1
25,abilene,11,0.8,robust_current_demand_lp,random_failure_fixed,Sunnyvale -> Denver & Denver -> Sunnyvale,5,Los Angeles,Denver,1,5.0016664,Los Angeles | Sunnyvale | Denver,Los Angeles->Sunnyvale | Sunnyvale->Denver,1
25,abilene,11,0.8,moving_average,critical_failure_fixed,Kansas City -> Indianapolis & Indianapolis -> Kansas City,1,Indianapolis,Seattle,1,4.6541945,Indianapolis | Kansas City | Denver | Seattle,Indianapolis->Kansas City | Kansas City->Denver | Denver->Seattle,1
25,abilene,11,0.8,moving_average,critical_failure_fixed,Kansas City -> Indianapolis & Indianapolis -> Kansas City,2,Sunnyvale,Indianapolis,1,4.6020172,Sunnyvale | Denver | Kansas City | Indianapolis,Sunnyvale->Denver | Denver->Kansas City | Kansas City->Indianapolis,1
25,abilene,11,0.8,moving_average,critical_failure_fixed,Kansas City -> Indianapolis & Indianapolis -> Kansas City,3,Atlanta,Seattle,1,4.5701097,Atlanta | Indianapolis | Kansas City | Denver | Seattle,Atlanta->Indianapolis | Indianapolis->Kansas City | Kansas City->Denver | Denver->Seattle,1
25,abilene,11,0.8,moving_average,critical_failure_fixed,Kansas City -> Indianapolis & Indianapolis -> Kansas City,4,Denver,Washington DC,1,4.5574248,Denver | Kansas City | Indianapolis | Atlanta | Washington DC,Denver->Kansas City | Kansas City->Indianapolis | Indianapolis->Atlanta | Atlanta->Washington DC,1
25,abilene,11,0.8,moving_average,critical_failure_fixed,Kansas City -> Indianapolis & Indianapolis -> Kansas City,5,Kansas City,New York,1,4.490586,Kansas City | Indianapolis | Chicago | New York,Kansas City->Indianapolis | Indianapolis->Chicago | Chicago->New York,1
25,abilene,11,0.8,moving_average,random_failure_fixed,Sunnyvale -> Denver & Denver -> Sunnyvale,1,Kansas City,Sunnyvale,1,4.6758464,Kansas City | Denver | Sunnyvale,Kansas City->Denver | Denver->Sunnyvale,1
25,abilene,11,0.8,moving_average,random_failure_fixed,Sunnyvale -> Denver & Denver -> Sunnyvale,2,Sunnyvale,Indianapolis,1,4.6020172,Sunnyvale | Denver | Kansas City | Indianapolis,Sunnyvale->Denver | Denver->Kansas City | Kansas City->Indianapolis,1
25,abilene,11,0.8,moving_average,random_failure_fixed,Sunnyvale -> Denver & Denver -> Sunnyvale,3,Los Angeles,Denver,1,4.4874313,Los Angeles | Sunnyvale | Denver,Los Angeles->Sunnyvale | Sunnyvale->Denver,1
25,abilene,11,0.8,moving_average,random_failure_fixed,Sunnyvale -> Denver & Denver -> Sunnyvale,4,Atlanta,Sunnyvale,1,0.19410218,Atlanta | Houston | Los Angeles | Sunnyvale,Atlanta->Houston | Houston->Los Angeles | Los Angeles->Sunnyvale,0
25,abilene,11,0.8,moving_average,random_failure_fixed,Sunnyvale -> Denver & Denver -> Sunnyvale,4,Atlanta,Sunnyvale,2,4.450909,Atlanta | Indianapolis | Kansas City | Denver | Sunnyvale,Atlanta->Indianapolis | Indianapolis->Kansas City | Kansas City->Denver | Denver->Sunnyvale,1
25,abilene,11,0.8,moving_average,random_failure_fixed,Sunnyvale -> Denver & Denver -> Sunnyvale,5,Denver,Sunnyvale,1,4.2143876,Denver | Sunnyvale,Denver->Sunnyvale,1
25,abilene,11,0.8,linear_autoregressive,critical_failure_fixed,Kansas City -> Indianapolis & Indianapolis -> Kansas City,1,Atlanta,Sunnyvale,1,5.2586356,Atlanta | Indianapolis | Kansas City | Denver | Sunnyvale,Atlanta->Indianapolis | Indianapolis->Kansas City | Kansas City->Denver | Denver->Sunnyvale,1
25,abilene,11,0.8,linear_autoregressive,critical_failure_fixed,Kansas City -> Indianapolis & Indianapolis -> Kansas City,2,Seattle,New York,1,5.2468153,Seattle | Denver | Kansas City | Indianapolis | Chicago | New York,Seattle->Denver | Denver->Kansas City | Kansas City->Indianapolis | Indianapolis->Chicago | Chicago->New York,1
25,abilene,11,0.8,linear_autoregressive,critical_failure_fixed,Kansas City -> Indianapolis & Indianapolis -> Kansas City,3,Kansas City,New York,1,5.0784252,Kansas City | Indianapolis | Chicago | New York,Kansas City->Indianapolis | Indianapolis->Chicago | Chicago->New York,1
25,abilene,11,0.8,linear_autoregressive,critical_failure_fixed,Kansas City -> Indianapolis & Indianapolis -> Kansas City,4,Denver,Washington DC,1,5.058906,Denver | Kansas City | Indianapolis | Atlanta | Washington DC,Denver->Kansas City | Kansas City->Indianapolis | Indianapolis->Atlanta | Atlanta->Washington DC,1
25,abilene,11,0.8,linear_autoregressive,critical_failure_fixed,Kansas City -> Indianapolis & Indianapolis -> Kansas City,5,Indianapolis,Seattle,1,5.0339151,Indianapolis | Kansas City | Denver | Seattle,Indianapolis->Kansas City | Kansas City->Denver | Denver->Seattle,1
25,abilene,11,0.8,linear_autoregressive,random_failure_fixed,Sunnyvale -> Denver & Denver -> Sunnyvale,1,Atlanta,Sunnyvale,1,5.2586356,Atlanta | Indianapolis | Kansas City | Denver | Sunnyvale,Atlanta->Indianapolis | Indianapolis->Kansas City | Kansas City->Denver | Denver->Sunnyvale,1
25,abilene,11,0.8,linear_autoregressive,random_failure_fixed,Sunnyvale -> Denver & Denver -> Sunnyvale,2,Kansas City,Sunnyvale,1,5.1759965,Kansas City | Denver | Sunnyvale,Kansas City->Denver | Denver->Sunnyvale,1
25,abilene,11,0.8,linear_autoregressive,random_failure_fixed,Sunnyvale -> Denver & Denver -> Sunnyvale,3,Sunnyvale,Indianapolis,1,4.9689872,Sunnyvale | Denver | Kansas City | Indianapolis,Sunnyvale->Denver | Denver->Kansas City | Kansas City->Indianapolis,1
25,abilene,11,0.8,linear_autoregressive,random_failure_fixed,Sunnyvale -> Denver & Denver -> Sunnyvale,4,Los Angeles,Denver,1,4.9121139,Los Angeles | Sunnyvale | Denver,Los Angeles->Sunnyvale | Sunnyvale->Denver,1
25,abilene,11,0.8,linear_autoregressive,random_failure_fixed,Sunnyvale -> Denver & Denver -> Sunnyvale,5,Denver,Sunnyvale,1,4.7015824,Denver | Sunnyvale,Denver->Sunnyvale,1
25,abilene,11,0.8,lstm,critical_failure_fixed,Denver -> Kansas City & Kansas City -> Denver,1,Kansas City,Sunnyvale,1,4.1926012,Kansas City | Denver | Sunnyvale,Kansas City->Denver | Denver->Sunnyvale,1
25,abilene,11,0.8,lstm,critical_failure_fixed,Denver -> Kansas City & Kansas City -> Denver,2,Denver,Washington DC,1,4.1237659,Denver | Kansas City | Indianapolis | Atlanta | Washington DC,Denver->Kansas City | Kansas City->Indianapolis | Indianapolis->Atlanta | Atlanta->Washington DC,1
25,abilene,11,0.8,lstm,critical_failure_fixed,Denver -> Kansas City & Kansas City -> Denver,3,Atlanta,Sunnyvale,1,4.1221619,Atlanta | Indianapolis | Kansas City | Denver | Sunnyvale,Atlanta->Indianapolis | Indianapolis->Kansas City | Kansas City->Denver | Denver->Sunnyvale,1
25,abilene,11,0.8,lstm,critical_failure_fixed,Denver -> Kansas City & Kansas City -> Denver,4,Seattle,New York,1,4.0936832,Seattle | Denver | Kansas City | Indianapolis | Chicago | New York,Seattle->Denver | Denver->Kansas City | Kansas City->Indianapolis | Indianapolis->Chicago | Chicago->New York,1
25,abilene,11,0.8,lstm,critical_failure_fixed,Denver -> Kansas City & Kansas City -> Denver,5,Indianapolis,Seattle,1,4.0658789,Indianapolis | Kansas City | Denver | Seattle,Indianapolis->Kansas City | Kansas City->Denver | Denver->Seattle,1
25,abilene,11,0.8,lstm,random_failure_fixed,Sunnyvale -> Denver & Denver -> Sunnyvale,1,Kansas City,Sunnyvale,1,4.1926012,Kansas City | Denver | Sunnyvale,Kansas City->Denver | Denver->Sunnyvale,1
25,abilene,11,0.8,lstm,random_failure_fixed,Sunnyvale -> Denver & Denver -> Sunnyvale,2,Atlanta,Sunnyvale,1,4.1221619,Atlanta | Indianapolis | Kansas City | Denver | Sunnyvale,Atlanta->Indianapolis | Indianapolis->Kansas City | Kansas City->Denver | Denver->Sunnyvale,1
25,abilene,11,0.8,lstm,random_failure_fixed,Sunnyvale -> Denver & Denver -> Sunnyvale,3,Chicago,Sunnyvale,1,4.0210824,Chicago | Indianapolis | Kansas City | Denver | Sunnyvale,Chicago->Indianapolis | Indianapolis->Kansas City | Kansas City->Denver | Denver->Sunnyvale,1
25,abilene,11,0.8,lstm,random_failure_fixed,Sunnyvale -> Denver & Denver -> Sunnyvale,4,Sunnyvale,Indianapolis,1,3.9333792,Sunnyvale | Denver | Kansas City | Indianapolis,Sunnyvale->Denver | Denver->Kansas City | Kansas City->Indianapolis,1
25,abilene,11,0.8,lstm,random_failure_fixed,Sunnyvale -> Denver & Denver -> Sunnyvale,5,Los Angeles,Denver,1,3.8127499,Los Angeles | Sunnyvale | Denver,Los Angeles->Sunnyvale | Sunnyvale->Denver,1
25,abilene,11,0.8,uncertainty_aware_lstm_robust_lp,critical_failure_fixed,Denver -> Kansas City & Kansas City -> Denver,1,Kansas City,Sunnyvale,1,4.4116249,Kansas City | Denver | Sunnyvale,Kansas City->Denver | Denver->Sunnyvale,1
25,abilene,11,0.8,uncertainty_aware_lstm_robust_lp,critical_failure_fixed,Denver -> Kansas City & Kansas City -> Denver,2,Denver,Washington DC,1,4.3088555,Denver | Kansas City | Indianapolis | Atlanta | Washington DC,Denver->Kansas City | Kansas City->Indianapolis | Indianapolis->Atlanta | Atlanta->Washington DC,1
25,abilene,11,0.8,uncertainty_aware_lstm_robust_lp,critical_failure_fixed,Denver -> Kansas City & Kansas City -> Denver,3,Chicago,Sunnyvale,1,4.2925715,Chicago | Indianapolis | Kansas City | Denver | Sunnyvale,Chicago->Indianapolis | Indianapolis->Kansas City | Kansas City->Denver | Denver->Sunnyvale,1
25,abilene,11,0.8,uncertainty_aware_lstm_robust_lp,critical_failure_fixed,Denver -> Kansas City & Kansas City -> Denver,4,Seattle,New York,1,4.2874012,Seattle | Denver | Kansas City | Indianapolis | Chicago | New York,Seattle->Denver | Denver->Kansas City | Kansas City->Indianapolis | Indianapolis->Chicago | Chicago->New York,1
25,abilene,11,0.8,uncertainty_aware_lstm_robust_lp,critical_failure_fixed,Denver -> Kansas City & Kansas City -> Denver,5,Indianapolis,Seattle,1,4.2656898,Indianapolis | Kansas City | Denver | Seattle,Indianapolis->Kansas City | Kansas City->Denver | Denver->Seattle,1
25,abilene,11,0.8,uncertainty_aware_lstm_robust_lp,random_failure_fixed,Sunnyvale -> Denver & Denver -> Sunnyvale,1,Kansas City,Sunnyvale,1,4.4116249,Kansas City | Denver | Sunnyvale,Kansas City->Denver | Denver->Sunnyvale,1
25,abilene,11,0.8,uncertainty_aware_lstm_robust_lp,random_failure_fixed,Sunnyvale -> Denver & Denver -> Sunnyvale,2,Chicago,Sunnyvale,1,4.2925715,Chicago | Indianapolis | Kansas City | Denver | Sunnyvale,Chicago->Indianapolis | Indianapolis->Kansas City | Kansas City->Denver | Denver->Sunnyvale,1
25,abilene,11,0.8,uncertainty_aware_lstm_robust_lp,random_failure_fixed,Sunnyvale -> Denver & Denver -> Sunnyvale,3,Sunnyvale,New York,1,4.2239099,Sunnyvale | Denver | Kansas City | Indianapolis | Chicago | New York,Sunnyvale->Denver | Denver->Kansas City | Kansas City->Indianapolis | Indianapolis->Chicago | Chicago->New York,1
25,abilene,11,0.8,uncertainty_aware_lstm_robust_lp,random_failure_fixed,Sunnyvale -> Denver & Denver -> Sunnyvale,4,Sunnyvale,Indianapolis,1,4.1234279,Sunnyvale | Denver | Kansas City | Indianapolis,Sunnyvale->Denver | Denver->Kansas City | Kansas City->Indianapolis,1
25,abilene,11,0.8,uncertainty_aware_lstm_robust_lp,random_failure_fixed,Sunnyvale -> Denver & Denver -> Sunnyvale,5,Los Angeles,Denver,1,3.9977245,Los Angeles | Sunnyvale | Denver,Los Angeles->Sunnyvale | Sunnyvale->Denver,1
26,abilene,11,0.8,current_demand_lp,critical_failure_fixed,Denver -> Kansas City & Kansas City -> Denver,1,Kansas City,Sunnyvale,1,6.2553523,Kansas City | Denver | Sunnyvale,Kansas City->Denver | Denver->Sunnyvale,1
26,abilene,11,0.8,current_demand_lp,critical_failure_fixed,Denver -> Kansas City & Kansas City -> Denver,2,Washington DC,Denver,1,5.9681739,Washington DC | Atlanta | Houston | Kansas City | Denver,Washington DC->Atlanta | Atlanta->Houston | Houston->Kansas City | Kansas City->Denver,1
26,abilene,11,0.8,current_demand_lp,critical_failure_fixed,Denver -> Kansas City & Kansas City -> Denver,3,Atlanta,Sunnyvale,1,5.9054244,Atlanta | Indianapolis | Kansas City | Denver | Sunnyvale,Atlanta->Indianapolis | Indianapolis->Kansas City | Kansas City->Denver | Denver->Sunnyvale,1
26,abilene,11,0.8,current_demand_lp,critical_failure_fixed,Denver -> Kansas City & Kansas City -> Denver,4,Seattle,New York,1,5.8090627,Seattle | Denver | Kansas City | Indianapolis | Chicago | New York,Seattle->Denver | Denver->Kansas City | Kansas City->Indianapolis | Indianapolis->Chicago | Chicago->New York,1
26,abilene,11,0.8,current_demand_lp,critical_failure_fixed,Denver -> Kansas City & Kansas City -> Denver,5,Denver,Washington DC,1,5.600111,Denver | Kansas City | Indianapolis | Atlanta | Washington DC,Denver->Kansas City | Kansas City->Indianapolis | Indianapolis->Atlanta | Atlanta->Washington DC,1
26,abilene,11,0.8,current_demand_lp,random_failure_fixed,Houston -> Atlanta & Atlanta -> Houston,1,New York,Houston,1,6.004473,New York | Washington DC | Atlanta | Houston,New York->Washington DC | Washington DC->Atlanta | Atlanta->Houston,1
26,abilene,11,0.8,current_demand_lp,random_failure_fixed,Houston -> Atlanta & Atlanta -> Houston,2,Houston,Atlanta,1,6.0010364,Houston | Atlanta,Houston->Atlanta,1
26,abilene,11,0.8,current_demand_lp,random_failure_fixed,Houston -> Atlanta & Atlanta -> Houston,3,Washington DC,Denver,1,5.9681739,Washington DC | Atlanta | Houston | Kansas City | Denver,Washington DC->Atlanta | Atlanta->Houston | Houston->Kansas City | Kansas City->Denver,1
26,abilene,11,0.8,current_demand_lp,random_failure_fixed,Houston -> Atlanta & Atlanta -> Houston,4,Washington DC,Los Angeles,1,5.8603007,Washington DC | Atlanta | Houston | Los Angeles,Washington DC->Atlanta | Atlanta->Houston | Houston->Los Angeles,1
26,abilene,11,0.8,current_demand_lp,random_failure_fixed,Houston -> Atlanta & Atlanta -> Houston,5,Sunnyvale,New York,1,5.7943651,Sunnyvale | Los Angeles | Houston | Atlanta | Washington DC | New York,Sunnyvale->Los Angeles | Los Angeles->Houston | Houston->Atlanta | Atlanta->Washington DC | Washington DC->New York,1
26,abilene,11,0.8,robust_current_demand_lp,critical_failure_fixed,Denver -> Kansas City & Kansas City -> Denver,1,Kansas City,Sunnyvale,1,6.2553523,Kansas City | Denver | Sunnyvale,Kansas City->Denver | Denver->Sunnyvale,1
26,abilene,11,0.8,robust_current_demand_lp,critical_failure_fixed,Denver -> Kansas City & Kansas City -> Denver,2,Washington DC,Denver,1,5.9681739,Washington DC | Atlanta | Indianapolis | Kansas City | Denver,Washington DC->Atlanta | Atlanta->Indianapolis | Indianapolis->Kansas City | Kansas City->Denver,1
26,abilene,11,0.8,robust_current_demand_lp,critical_failure_fixed,Denver -> Kansas City & Kansas City -> Denver,3,Seattle,New York,1,5.8090627,Seattle | Denver | Kansas City | Indianapolis | Chicago | New York,Seattle->Denver | Denver->Kansas City | Kansas City->Indianapolis | Indianapolis->Chicago | Chicago->New York,1
26,abilene,11,0.8,robust_current_demand_lp,critical_failure_fixed,Denver -> Kansas City & Kansas City -> Denver,4,Sunnyvale,New York,1,5.7943651,Sunnyvale | Denver | Kansas City | Indianapolis | Chicago | New York,Sunnyvale->Denver | Denver->Kansas City | Kansas City->Indianapolis | Indianapolis->Chicago | Chicago->New York,1
26,abilene,11,0.8,robust_current_demand_lp,critical_failure_fixed,Denver -> Kansas City & Kansas City -> Denver,5,Denver,Washington DC,1,5.600111,Denver | Kansas City | Houston | Atlanta | Washington DC,Denver->Kansas City | Kansas City->Houston | Houston->Atlanta | Atlanta->Washington DC,1
26,abilene,11,0.8,robust_current_demand_lp,random_failure_fixed,Houston -> Atlanta & Atlanta -> Houston,1,New York,Houston,1,6.004473,New York | Washington DC | Atlanta | Houston,New York->Washington DC | Washington DC->Atlanta | Atlanta->Houston,1
26,abilene,11,0.8,robust_current_demand_lp,random_failure_fixed,Houston -> Atlanta & Atlanta -> Houston,2,Houston,Atlanta,1,6.0010364,Houston | Atlanta,Houston->Atlanta,1
26,abilene,11,0.8,robust_current_demand_lp,random_failure_fixed,Houston -> Atlanta & Atlanta -> Houston,3,Atlanta,Sunnyvale,1,4.0766937,Atlanta | Houston | Los Angeles | Sunnyvale,Atlanta->Houston | Houston->Los Angeles | Los Angeles->Sunnyvale,1
26,abilene,11,0.8,robust_current_demand_lp,random_failure_fixed,Houston -> Atlanta & Atlanta -> Houston,3,Atlanta,Sunnyvale,2,1.8287307,Atlanta | Houston | Kansas City | Denver | Sunnyvale,Atlanta->Houston | Houston->Kansas City | Kansas City->Denver | Denver->Sunnyvale,1
26,abilene,11,0.8,robust_current_demand_lp,random_failure_fixed,Houston -> Atlanta & Atlanta -> Houston,4,Washington DC,Los Angeles,1,5.8603007,Washington DC | Atlanta | Houston | Los Angeles,Washington DC->Atlanta | Atlanta->Houston | Houston->Los Angeles,1
26,abilene,11,0.8,robust_current_demand_lp,random_failure_fixed,Houston -> Atlanta & Atlanta -> Houston,5,New York,Los Angeles,1,5.6859189,New York | Washington DC | Atlanta | Houston | Los Angeles,New York->Washington DC | Washington DC->Atlanta | Atlanta->Houston | Houston->Los Angeles,1
26,abilene,11,0.8,moving_average,critical_failure_fixed,Denver -> Kansas City & Kansas City -> Denver,1,Kansas City,Sunnyvale,1,5.3868017,Kansas City | Denver | Sunnyvale,Kansas City->Denver | Denver->Sunnyvale,1
26,abilene,11,0.8,moving_average,critical_failure_fixed,Denver -> Kansas City & Kansas City -> Denver,2,Indianapolis,Seattle,1,5.1642325,Indianapolis | Kansas City | Denver | Seattle,Indianapolis->Kansas City | Kansas City->Denver | Denver->Seattle,1
26,abilene,11,0.8,moving_average,critical_failure_fixed,Denver -> Kansas City & Kansas City -> Denver,3,Atlanta,Sunnyvale,1,0.094541486,Atlanta | Houston | Los Angeles | Sunnyvale,Atlanta->Houston | Houston->Los Angeles | Los Angeles->Sunnyvale,0
26,abilene,11,0.8,moving_average,critical_failure_fixed,Denver -> Kansas City & Kansas City -> Denver,3,Atlanta,Sunnyvale,2,5.1545694,Atlanta | Indianapolis | Kansas City | Denver | Sunnyvale,Atlanta->Indianapolis | Indianapolis->Kansas City | Kansas City->Denver | Denver->Sunnyvale,1
26,abilene,11,0.8,moving_average,critical_failure_fixed,Denver -> Kansas City & Kansas City -> Denver,4,Denver,Washington DC,1,5.0988363,Denver | Kansas City | Indianapolis | Atlanta | Washington DC,Denver->Kansas City | Kansas City->Indianapolis | Indianapolis->Atlanta | Atlanta->Washington DC,1
26,abilene,11,0.8,moving_average,critical_failure_fixed,Denver -> Kansas City & Kansas City -> Denver,5,Atlanta,Seattle,1,5.0880014,Atlanta | Indianapolis | Kansas City | Denver | Seattle,Atlanta->Indianapolis | Indianapolis->Kansas City | Kansas City->Denver | Denver->Seattle,1
26,abilene,11,0.8,moving_average,random_failure_fixed,Houston -> Atlanta & Atlanta -> Houston,1,New York,Houston,1,5.1974946,New York | Washington DC | Atlanta | Houston,New York->Washington DC | Washington DC->Atlanta | Atlanta->Houston,1
26,abilene,11,0.8,moving_average,random_failure_fixed,Houston -> Atlanta & Atlanta -> Houston,2,Houston,Atlanta,1,5.1900516,Houston | Atlanta,Houston->Atlanta,1
26,abilene,11,0.8,moving_average,random_failure_fixed,Houston -> Atlanta & Atlanta -> Houston,3,Sunnyvale,New York,1,5.1788394,Sunnyvale | Los Angeles | Houston | Atlanta | Washington DC | New York,Sunnyvale->Los Angeles | Los Angeles->Houston | Houston->Atlanta | Atlanta->Washington DC | Washington DC->New York,1
26,abilene,11,0.8,moving_average,random_failure_fixed,Houston -> Atlanta & Atlanta -> Houston,4,New York,Los Angeles,1,5.0492134,New York | Washington DC | Atlanta | Houston | Los Angeles,New York->Washington DC | Washington DC->Atlanta | Atlanta->Houston | Houston->Los Angeles,1
26,abilene,11,0.8,moving_average,random_failure_fixed,Houston -> Atlanta & Atlanta -> Houston,5,Washington DC,Denver,1,4.9868697,Washington DC | Atlanta | Houston | Kansas City | Denver,Washington DC->Atlanta | Atlanta->Houston | Houston->Kansas City | Kansas City->Denver,1
26,abilene,11,0.8,linear_autoregressive,critical_failure_fixed,Denver -> Kansas City & Kansas City -> Denver,1,Seattle,New York,1,5.8766934,Seattle | Denver | Kansas City | Indianapolis | Chicago | New York,Seattle->Denver | Denver->Kansas City | Kansas City->Indianapolis | Indianapolis->Chicago | Chicago->New York,1
26,abilene,11,0.8,linear_autoregressive,critical_failure_fixed,Denver -> Kansas City & Kansas City -> Denver,2,Chicago,Sunnyvale,1,5.7781389,Chicago | Indianapolis | Kansas City | Denver | Sunnyvale,Chicago->Indianapolis | Indianapolis->Kansas City | Kansas City->Denver | Denver->Sunnyvale,1
26,abilene,11,0.8,linear_autoregressive,critical_failure_fixed,Denver -> Kansas City & Kansas City -> Denver,3,Denver,Washington DC,1,5.7646904,Denver | Kansas City | Indianapolis | Atlanta | Washington DC,Denver->Kansas City | Kansas City->Indianapolis | Indianapolis->Atlanta | Atlanta->Washington DC,1
26,abilene,11,0.8,linear_autoregressive,critical_failure_fixed,Denver -> Kansas City & Kansas City -> Denver,4,Kansas City,Sunnyvale,1,5.6053278,Kansas City | Denver | Sunnyvale,Kansas City->Denver | Denver->Sunnyvale,1
26,abilene,11,0.8,linear_autoregressive,critical_failure_fixed,Denver -> Kansas City & Kansas City -> Denver,5,Atlanta,Sunnyvale,1,5.580069,Atlanta | Indianapolis | Kansas City | Denver | Sunnyvale,Atlanta->Indianapolis | Indianapolis->Kansas City | Kansas City->Denver | Denver->Sunnyvale,1
26,abilene,11,0.8,linear_autoregressive,random_failure_fixed,Houston -> Atlanta & Atlanta -> Houston,1,New York,Houston,1,6.0323582,New York | Washington DC | Atlanta | Houston,New York->Washington DC | Washington DC->Atlanta | Atlanta->Houston,1
26,abilene,11,0.8,linear_autoregressive,random_failure_fixed,Houston -> Atlanta & Atlanta -> Houston,2,Washington DC,Los Angeles,1,5.9476202,Washington DC | Atlanta | Houston | Los Angeles,Washington DC->Atlanta | Atlanta->Houston | Houston->Los Angeles,1
26,abilene,11,0.8,linear_autoregressive,random_failure_fixed,Houston -> Atlanta & Atlanta -> Houston,3,Sunnyvale,New York,1,5.814762,Sunnyvale | Los Angeles | Houston | Atlanta | Washington DC | New York,Sunnyvale->Los Angeles | Los Angeles->Houston | Houston->Atlanta | Atlanta->Washington DC | Washington DC->New York,1
26,abilene,11,0.8,linear_autoregressive,random_failure_fixed,Houston -> Atlanta & Atlanta -> Houston,4,New York,Los Angeles,1,5.7208666,New York | Washington DC | Atlanta | Houston | Los Angeles,New York->Washington DC | Washington DC->Atlanta | Atlanta->Houston | Houston->Los Angeles,1
26,abilene,11,0.8,linear_autoregressive,random_failure_fixed,Houston -> Atlanta & Atlanta -> Houston,5,Houston,Atlanta,1,5.6772359,Houston | Atlanta,Houston->Atlanta,1
26,abilene,11,0.8,lstm,critical_failure_fixed,Denver -> Kansas City & Kansas City -> Denver,1,Kansas City,Sunnyvale,1,4.1926012,Kansas City | Denver | Sunnyvale,Kansas City->Denver | Denver->Sunnyvale,1
26,abilene,11,0.8,lstm,critical_failure_fixed,Denver -> Kansas City & Kansas City -> Denver,2,Denver,Washington DC,1,4.1237659,Denver | Kansas City | Indianapolis | Atlanta | Washington DC,Denver->Kansas City | Kansas City->Indianapolis | Indianapolis->Atlanta | Atlanta->Washington DC,1
26,abilene,11,0.8,lstm,critical_failure_fixed,Denver -> Kansas City & Kansas City -> Denver,3,Atlanta,Sunnyvale,1,4.1221619,Atlanta | Indianapolis | Kansas City | Denver | Sunnyvale,Atlanta->Indianapolis | Indianapolis->Kansas City | Kansas City->Denver | Denver->Sunnyvale,1
26,abilene,11,0.8,lstm,critical_failure_fixed,Denver -> Kansas City & Kansas City -> Denver,4,Seattle,New York,1,4.0936832,Seattle | Denver | Kansas City | Indianapolis | Chicago | New York,Seattle->Denver | Denver->Kansas City | Kansas City->Indianapolis | Indianapolis->Chicago | Chicago->New York,1
26,abilene,11,0.8,lstm,critical_failure_fixed,Denver -> Kansas City & Kansas City -> Denver,5,Indianapolis,Seattle,1,4.0658789,Indianapolis | Kansas City | Denver | Seattle,Indianapolis->Kansas City | Kansas City->Denver | Denver->Seattle,1
26,abilene,11,0.8,lstm,random_failure_fixed,Houston -> Atlanta & Atlanta -> Houston,1,New York,Los Angeles,1,4.2928081,New York | Washington DC | Atlanta | Houston | Los Angeles,New York->Washington DC | Washington DC->Atlanta | Atlanta->Houston | Houston->Los Angeles,1
26,abilene,11,0.8,lstm,random_failure_fixed,Houston -> Atlanta & Atlanta -> Houston,2,New York,Houston,1,4.2444348,New York | Washington DC | Atlanta | Houston,New York->Washington DC | Washington DC->Atlanta | Atlanta->Houston,1
26,abilene,11,0.8,lstm,random_failure_fixed,Houston -> Atlanta & Atlanta -> Houston,3,Houston,Atlanta,1,4.1433568,Houston | Atlanta,Houston->Atlanta,1
26,abilene,11,0.8,lstm,random_failure_fixed,Houston -> Atlanta & Atlanta -> Houston,4,Sunnyvale,New York,1,4.0476966,Sunnyvale | Los Angeles | Houston | Atlanta | Washington DC | New York,Sunnyvale->Los Angeles | Los Angeles->Houston | Houston->Atlanta | Atlanta->Washington DC | Washington DC->New York,1
26,abilene,11,0.8,lstm,random_failure_fixed,Houston -> Atlanta & Atlanta -> Houston,5,Washington DC,Denver,1,3.9720726,Washington DC | Atlanta | Houston | Kansas City | Denver,Washington DC->Atlanta | Atlanta->Houston | Houston->Kansas City | Kansas City->Denver,1
26,abilene,11,0.8,uncertainty_aware_lstm_robust_lp,critical_failure_fixed,Denver -> Kansas City & Kansas City -> Denver,1,Kansas City,Sunnyvale,1,4.4116249,Kansas City | Denver | Sunnyvale,Kansas City->Denver | Denver->Sunnyvale,1
26,abilene,11,0.8,uncertainty_aware_lstm_robust_lp,critical_failure_fixed,Denver -> Kansas City & Kansas City -> Denver,2,Denver,Washington DC,1,4.3088555,Denver | Kansas City | Indianapolis | Atlanta | Washington DC,Denver->Kansas City | Kansas City->Indianapolis | Indianapolis->Atlanta | Atlanta->Washington DC,1
26,abilene,11,0.8,uncertainty_aware_lstm_robust_lp,critical_failure_fixed,Denver -> Kansas City & Kansas City -> Denver,3,Chicago,Sunnyvale,1,4.2925715,Chicago | Indianapolis | Kansas City | Denver | Sunnyvale,Chicago->Indianapolis | Indianapolis->Kansas City | Kansas City->Denver | Denver->Sunnyvale,1
26,abilene,11,0.8,uncertainty_aware_lstm_robust_lp,critical_failure_fixed,Denver -> Kansas City & Kansas City -> Denver,4,Seattle,New York,1,4.2874012,Seattle | Denver | Kansas City | Indianapolis | Chicago | New York,Seattle->Denver | Denver->Kansas City | Kansas City->Indianapolis | Indianapolis->Chicago | Chicago->New York,1
26,abilene,11,0.8,uncertainty_aware_lstm_robust_lp,critical_failure_fixed,Denver -> Kansas City & Kansas City -> Denver,5,Indianapolis,Seattle,1,4.2656898,Indianapolis | Kansas City | Denver | Seattle,Indianapolis->Kansas City | Kansas City->Denver | Denver->Seattle,1
26,abilene,11,0.8,uncertainty_aware_lstm_robust_lp,random_failure_fixed,Houston -> Atlanta & Atlanta -> Houston,1,New York,Los Angeles,1,4.5175171,New York | Washington DC | Atlanta | Houston | Los Angeles,New York->Washington DC | Washington DC->Atlanta | Atlanta->Houston | Houston->Los Angeles,1
26,abilene,11,0.8,uncertainty_aware_lstm_robust_lp,random_failure_fixed,Houston -> Atlanta & Atlanta -> Houston,2,New York,Houston,1,4.4555297,New York | Washington DC | Atlanta | Houston,New York->Washington DC | Washington DC->Atlanta | Atlanta->Houston,1
26,abilene,11,0.8,uncertainty_aware_lstm_robust_lp,random_failure_fixed,Houston -> Atlanta & Atlanta -> Houston,3,Houston,Atlanta,1,4.3605452,Houston | Atlanta,Houston->Atlanta,1
26,abilene,11,0.8,uncertainty_aware_lstm_robust_lp,random_failure_fixed,Houston -> Atlanta & Atlanta -> Houston,4,Washington DC,Los Angeles,1,4.1961799,Washington DC | Atlanta | Houston | Los Angeles,Washington DC->Atlanta | Atlanta->Houston | Houston->Los Angeles,1
26,abilene,11,0.8,uncertainty_aware_lstm_robust_lp,random_failure_fixed,Houston -> Atlanta & Atlanta -> Houston,5,Kansas City,Atlanta,1,4.0148969,Kansas City | Houston | Atlanta,Kansas City->Houston | Houston->Atlanta,1
27,abilene,11,0.8,current_demand_lp,critical_failure_fixed,Denver -> Kansas City & Kansas City -> Denver,1,Chicago,Sunnyvale,1,10.717198,Chicago | Indianapolis | Kansas City | Denver | Sunnyvale,Chicago->Indianapolis | Indianapolis->Kansas City | Kansas City->Denver | Denver->Sunnyvale,1
27,abilene,11,0.8,current_demand_lp,critical_failure_fixed,Denver -> Kansas City & Kansas City -> Denver,2,Kansas City,Sunnyvale,1,6.0334193,Kansas City | Denver | Sunnyvale,Kansas City->Denver | Denver->Sunnyvale,1
27,abilene,11,0.8,current_demand_lp,critical_failure_fixed,Denver -> Kansas City & Kansas City -> Denver,3,Indianapolis,Seattle,1,5.9656552,Indianapolis | Kansas City | Denver | Seattle,Indianapolis->Kansas City | Kansas City->Denver | Denver->Seattle,1
27,abilene,11,0.8,current_demand_lp,critical_failure_fixed,Denver -> Kansas City & Kansas City -> Denver,4,Denver,Washington DC,1,5.9423966,Denver | Kansas City | Indianapolis | Atlanta | Washington DC,Denver->Kansas City | Kansas City->Indianapolis | Indianapolis->Atlanta | Atlanta->Washington DC,1
27,abilene,11,0.8,current_demand_lp,critical_failure_fixed,Denver -> Kansas City & Kansas City -> Denver,5,Sunnyvale,Indianapolis,1,5.8905808,Sunnyvale | Denver | Kansas City | Indianapolis,Sunnyvale->Denver | Denver->Kansas City | Kansas City->Indianapolis,1
27,abilene,11,0.8,current_demand_lp,random_failure_fixed,New York -> Chicago & Chicago -> New York,1,Seattle,New York,1,5.651216,Seattle | Denver | Kansas City | Indianapolis | Chicago | New York,Seattle->Denver | Denver->Kansas City | Kansas City->Indianapolis | Indianapolis->Chicago | Chicago->New York,1
27,abilene,11,0.8,current_demand_lp,random_failure_fixed,New York -> Chicago & Chicago -> New York,2,Kansas City,New York,1,5.5411958,Kansas City | Indianapolis | Chicago | New York,Kansas City->Indianapolis | Indianapolis->Chicago | Chicago->New York,1
27,abilene,11,0.8,current_demand_lp,random_failure_fixed,New York -> Chicago & Chicago -> New York,3,New York,Seattle,1,5.3634037,New York | Chicago | Indianapolis | Kansas City | Denver | Seattle,New York->Chicago | Chicago->Indianapolis | Indianapolis->Kansas City | Kansas City->Denver | Denver->Seattle,1
27,abilene,11,0.8,current_demand_lp,random_failure_fixed,New York -> Chicago & Chicago -> New York,4,Chicago,New York,1,4.4964822,Chicago | New York,Chicago->New York,1
27,abilene,11,0.8,current_demand_lp,random_failure_fixed,New York -> Chicago & Chicago -> New York,5,New York,Indianapolis,1,4.2163081,New York | Chicago | Indianapolis,New York->Chicago | Chicago->Indianapolis,1
27,abilene,11,0.8,robust_current_demand_lp,critical_failure_fixed,Denver -> Kansas City & Kansas City -> Denver,1,Chicago,Sunnyvale,1,10.717198,Chicago | Indianapolis | Kansas City | Denver | Sunnyvale,Chicago->Indianapolis | Indianapolis->Kansas City | Kansas City->Denver | Denver->Sunnyvale,1
27,abilene,11,0.8,robust_current_demand_lp,critical_failure_fixed,Denver -> Kansas City & Kansas City -> Denver,2,Kansas City,Sunnyvale,1,6.0334193,Kansas City | Denver | Sunnyvale,Kansas City->Denver | Denver->Sunnyvale,1
27,abilene,11,0.8,robust_current_demand_lp,critical_failure_fixed,Denver -> Kansas City & Kansas City -> Denver,3,Indianapolis,Seattle,1,5.9656552,Indianapolis | Kansas City | Denver | Seattle,Indianapolis->Kansas City | Kansas City->Denver | Denver->Seattle,1
27,abilene,11,0.8,robust_current_demand_lp,critical_failure_fixed,Denver -> Kansas City & Kansas City -> Denver,4,Denver,Washington DC,1,5.9423966,Denver | Kansas City | Houston | Atlanta | Washington DC,Denver->Kansas City | Kansas City->Houston | Houston->Atlanta | Atlanta->Washington DC,1
27,abilene,11,0.8,robust_current_demand_lp,critical_failure_fixed,Denver -> Kansas City & Kansas City -> Denver,5,Sunnyvale,Indianapolis,1,5.8905808,Sunnyvale | Denver | Kansas City | Indianapolis,Sunnyvale->Denver | Denver->Kansas City | Kansas City->Indianapolis,1
27,abilene,11,0.8,robust_current_demand_lp,random_failure_fixed,New York -> Chicago & Chicago -> New York,1,Sunnyvale,New York,1,5.8214665,Sunnyvale | Denver | Kansas City | Indianapolis | Chicago | New York,Sunnyvale->Denver | Denver->Kansas City | Kansas City->Indianapolis | Indianapolis->Chicago | Chicago->New York,1
27,abilene,11,0.8,robust_current_demand_lp,random_failure_fixed,New York -> Chicago & Chicago -> New York,2,Seattle,New York,1,5.651216,Seattle | Denver | Kansas City | Indianapolis | Chicago | New York,Seattle->Denver | Denver->Kansas City | Kansas City->Indianapolis | Indianapolis->Chicago | Chicago->New York,1
27,abilene,11,0.8,robust_current_demand_lp,random_failure_fixed,New York -> Chicago & Chicago -> New York,3,Kansas City,New York,1,5.5411958,Kansas City | Indianapolis | Chicago | New York,Kansas City->Indianapolis | Indianapolis->Chicago | Chicago->New York,1
27,abilene,11,0.8,robust_current_demand_lp,random_failure_fixed,New York -> Chicago & Chicago -> New York,4,New York,Seattle,1,5.3634037,New York | Chicago | Indianapolis | Kansas City | Denver | Seattle,New York->Chicago | Chicago->Indianapolis | Indianapolis->Kansas City | Kansas City->Denver | Denver->Seattle,1
27,abilene,11,0.8,robust_current_demand_lp,random_failure_fixed,New York -> Chicago & Chicago -> New York,5,Chicago,New York,1,4.4964822,Chicago | New York,Chicago->New York,1
27,abilene,11,0.8,moving_average,critical_failure_fixed,Denver -> Kansas City & Kansas City -> Denver,1,Chicago,Sunnyvale,1,6.2613756,Chicago | Indianapolis | Kansas City | Denver | Sunnyvale,Chicago->Indianapolis | Indianapolis->Kansas City | Kansas City->Denver | Denver->Sunnyvale,1
27,abilene,11,0.8,moving_average,critical_failure_fixed,Denver -> Kansas City & Kansas City -> Denver,2,Kansas City,Sunnyvale,1,5.8076533,Kansas City | Denver | Sunnyvale,Kansas City->Denver | Denver->Sunnyvale,1
27,abilene,11,0.8,moving_average,critical_failure_fixed,Denver -> Kansas City & Kansas City -> Denver,3,Indianapolis,Seattle,1,5.5474142,Indianapolis | Kansas City | Denver | Seattle,Indianapolis->Kansas City | Kansas City->Denver | Denver->Seattle,1
27,abilene,11,0.8,moving_average,critical_failure_fixed,Denver -> Kansas City & Kansas City -> Denver,4,Atlanta,Sunnyvale,1,5.5470263,Atlanta | Indianapolis | Kansas City | Denver | Sunnyvale,Atlanta->Indianapolis | Indianapolis->Kansas City | Kansas City->Denver | Denver->Sunnyvale,1
27,abilene,11,0.8,moving_average,critical_failure_fixed,Denver -> Kansas City & Kansas City -> Denver,5,Denver,Washington DC,1,5.4805501,Denver | Kansas City | Indianapolis | Atlanta | Washington DC,Denver->Kansas City | Kansas City->Indianapolis | Indianapolis->Atlanta | Atlanta->Washington DC,1
27,abilene,11,0.8,moving_average,random_failure_fixed,New York -> Chicago & Chicago -> New York,1,Seattle,New York,1,5.376207,Seattle | Denver | Kansas City | Indianapolis | Chicago | New York,Seattle->Denver | Denver->Kansas City | Kansas City->Indianapolis | Indianapolis->Chicago | Chicago->New York,1
27,abilene,11,0.8,moving_average,random_failure_fixed,New York -> Chicago & Chicago -> New York,2,Kansas City,New York,1,5.3600625,Kansas City | Indianapolis | Chicago | New York,Kansas City->Indianapolis | Indianapolis->Chicago | Chicago->New York,1
27,abilene,11,0.8,moving_average,random_failure_fixed,New York -> Chicago & Chicago -> New York,3,Chicago,New York,1,4.0771074,Chicago | New York,Chicago->New York,1
27,abilene,11,0.8,moving_average,random_failure_fixed,New York -> Chicago & Chicago -> New York,4,New York,Chicago,1,4.0551333,New York | Chicago,New York->Chicago,1
27,abilene,11,0.8,moving_average,random_failure_fixed,New York -> Chicago & Chicago -> New York,5,Washington DC,Chicago,1,3.8708292,Washington DC | New York | Chicago,Washington DC->New York | New York->Chicago,1
27,abilene,11,0.8,linear_autoregressive,critical_failure_fixed,Denver -> Kansas City & Kansas City -> Denver,1,Kansas City,Sunnyvale,1,6.5373623,Kansas City | Denver | Sunnyvale,Kansas City->Denver | Denver->Sunnyvale,1
27,abilene,11,0.8,linear_autoregressive,critical_failure_fixed,Denver -> Kansas City & Kansas City -> Denver,2,Houston,Seattle,1,6.3129362,Houston | Kansas City | Denver | Seattle,Houston->Kansas City | Kansas City->Denver | Denver->Seattle,1
27,abilene,11,0.8,linear_autoregressive,critical_failure_fixed,Denver -> Kansas City & Kansas City -> Denver,3,Indianapolis,Seattle,1,6.2573025,Indianapolis | Kansas City | Denver | Seattle,Indianapolis->Kansas City | Kansas City->Denver | Denver->Seattle,1
27,abilene,11,0.8,linear_autoregressive,critical_failure_fixed,Denver -> Kansas City & Kansas City -> Denver,4,Sunnyvale,Indianapolis,1,6.2384799,Sunnyvale | Denver | Kansas City | Indianapolis,Sunnyvale->Denver | Denver->Kansas City | Kansas City->Indianapolis,1
27,abilene,11,0.8,linear_autoregressive,critical_failure_fixed,Denver -> Kansas City & Kansas City -> Denver,5,Atlanta,Sunnyvale,1,6.1104917,Atlanta | Indianapolis | Kansas City | Denver | Sunnyvale,Atlanta->Indianapolis | Indianapolis->Kansas City | Kansas City->Denver | Denver->Sunnyvale,1
27,abilene,11,0.8,linear_autoregressive,random_failure_fixed,New York -> Chicago & Chicago -> New York,1,Seattle,New York,1,5.94627,Seattle | Denver | Kansas City | Indianapolis | Chicago | New York,Seattle->Denver | Denver->Kansas City | Kansas City->Indianapolis | Indianapolis->Chicago | Chicago->New York,1
27,abilene,11,0.8,linear_autoregressive,random_failure_fixed,New York -> Chicago & Chicago -> New York,2,Kansas City,New York,1,5.9046584,Kansas City | Indianapolis | Chicago | New York,Kansas City->Indianapolis | Indianapolis->Chicago | Chicago->New York,1
27,abilene,11,0.8,linear_autoregressive,random_failure_fixed,New York -> Chicago & Chicago -> New York,3,Washington DC,Chicago,1,4.8900402,Washington DC | New York | Chicago,Washington DC->New York | New York->Chicago,1
27,abilene,11,0.8,linear_autoregressive,random_failure_fixed,New York -> Chicago & Chicago -> New York,4,Chicago,New York,1,4.817619,Chicago | New York,Chicago->New York,1
27,abilene,11,0.8,linear_autoregressive,random_failure_fixed,New York -> Chicago & Chicago -> New York,5,New York,Indianapolis,1,4.5680196,New York | Chicago | Indianapolis,New York->Chicago | Chicago->Indianapolis,1
27,abilene,11,0.8,lstm,critical_failure_fixed,Denver -> Kansas City & Kansas City -> Denver,1,Kansas City,Sunnyvale,1,4.1926012,Kansas City | Denver | Sunnyvale,Kansas City->Denver | Denver->Sunnyvale,1
27,abilene,11,0.8,lstm,critical_failure_fixed,Denver -> Kansas City & Kansas City -> Denver,2,Denver,Washington DC,1,4.1237659,Denver | Kansas City | Indianapolis | Atlanta | Washington DC,Denver->Kansas City | Kansas City->Indianapolis | Indianapolis->Atlanta | Atlanta->Washington DC,1
27,abilene,11,0.8,lstm,critical_failure_fixed,Denver -> Kansas City & Kansas City -> Denver,3,Atlanta,Sunnyvale,1,4.1221619,Atlanta | Indianapolis | Kansas City | Denver | Sunnyvale,Atlanta->Indianapolis | Indianapolis->Kansas City | Kansas City->Denver | Denver->Sunnyvale,1
27,abilene,11,0.8,lstm,critical_failure_fixed,Denver -> Kansas City & Kansas City -> Denver,4,Seattle,New York,1,4.0936832,Seattle | Denver | Kansas City | Indianapolis | Chicago | New York,Seattle->Denver | Denver->Kansas City | Kansas City->Indianapolis | Indianapolis->Chicago | Chicago->New York,1
27,abilene,11,0.8,lstm,critical_failure_fixed,Denver -> Kansas City & Kansas City -> Denver,5,Indianapolis,Seattle,1,4.0658789,Indianapolis | Kansas City | Denver | Seattle,Indianapolis->Kansas City | Kansas City->Denver | Denver->Seattle,1
27,abilene,11,0.8,lstm,random_failure_fixed,New York -> Chicago & Chicago -> New York,1,Seattle,New York,1,4.0936832,Seattle | Denver | Kansas City | Indianapolis | Chicago | New York,Seattle->Denver | Denver->Kansas City | Kansas City->Indianapolis | Indianapolis->Chicago | Chicago->New York,1
27,abilene,11,0.8,lstm,random_failure_fixed,New York -> Chicago & Chicago -> New York,2,Kansas City,New York,1,3.9912579,Kansas City | Indianapolis | Chicago | New York,Kansas City->Indianapolis | Indianapolis->Chicago | Chicago->New York,1
27,abilene,11,0.8,lstm,random_failure_fixed,New York -> Chicago & Chicago -> New York,3,Washington DC,Chicago,1,3.0730023,Washington DC | New York | Chicago,Washington DC->New York | New York->Chicago,1
27,abilene,11,0.8,lstm,random_failure_fixed,New York -> Chicago & Chicago -> New York,4,Chicago,New York,1,3.0479269,Chicago | New York,Chicago->New York,1
27,abilene,11,0.8,lstm,random_failure_fixed,New York -> Chicago & Chicago -> New York,5,New York,Chicago,1,3.0404568,New York | Chicago,New York->Chicago,1
27,abilene,11,0.8,uncertainty_aware_lstm_robust_lp,critical_failure_fixed,Denver -> Kansas City & Kansas City -> Denver,1,Kansas City,Sunnyvale,1,4.4116249,Kansas City | Denver | Sunnyvale,Kansas City->Denver | Denver->Sunnyvale,1
27,abilene,11,0.8,uncertainty_aware_lstm_robust_lp,critical_failure_fixed,Denver -> Kansas City & Kansas City -> Denver,2,Denver,Washington DC,1,4.3088555,Denver | Kansas City | Indianapolis | Atlanta | Washington DC,Denver->Kansas City | Kansas City->Indianapolis | Indianapolis->Atlanta | Atlanta->Washington DC,1
27,abilene,11,0.8,uncertainty_aware_lstm_robust_lp,critical_failure_fixed,Denver -> Kansas City & Kansas City -> Denver,3,Chicago,Sunnyvale,1,4.2925715,Chicago | Indianapolis | Kansas City | Denver | Sunnyvale,Chicago->Indianapolis | Indianapolis->Kansas City | Kansas City->Denver | Denver->Sunnyvale,1
27,abilene,11,0.8,uncertainty_aware_lstm_robust_lp,critical_failure_fixed,Denver -> Kansas City & Kansas City -> Denver,4,Seattle,New York,1,4.2874012,Seattle | Denver | Kansas City | Indianapolis | Chicago | New York,Seattle->Denver | Denver->Kansas City | Kansas City->Indianapolis | Indianapolis->Chicago | Chicago->New York,1
27,abilene,11,0.8,uncertainty_aware_lstm_robust_lp,critical_failure_fixed,Denver -> Kansas City & Kansas City -> Denver,5,Indianapolis,Seattle,1,4.2656898,Indianapolis | Kansas City | Denver | Seattle,Indianapolis->Kansas City | Kansas City->Denver | Denver->Seattle,1
27,abilene,11,0.8,uncertainty_aware_lstm_robust_lp,random_failure_fixed,New York -> Chicago & Chicago -> New York,1,Seattle,New York,1,4.2874012,Seattle | Denver | Kansas City | Indianapolis | Chicago | New York,Seattle->Denver | Denver->Kansas City | Kansas City->Indianapolis | Indianapolis->Chicago | Chicago->New York,1
27,abilene,11,0.8,uncertainty_aware_lstm_robust_lp,random_failure_fixed,New York -> Chicago & Chicago -> New York,2,Sunnyvale,New York,1,4.2239099,Sunnyvale | Denver | Kansas City | Indianapolis | Chicago | New York,Sunnyvale->Denver | Denver->Kansas City | Kansas City->Indianapolis | Indianapolis->Chicago | Chicago->New York,1
27,abilene,11,0.8,uncertainty_aware_lstm_robust_lp,random_failure_fixed,New York -> Chicago & Chicago -> New York,3,Kansas City,New York,1,4.1970782,Kansas City | Indianapolis | Chicago | New York,Kansas City->Indianapolis | Indianapolis->Chicago | Chicago->New York,1
27,abilene,11,0.8,uncertainty_aware_lstm_robust_lp,random_failure_fixed,New York -> Chicago & Chicago -> New York,4,Washington DC,Chicago,1,3.2237659,Washington DC | New York | Chicago,Washington DC->New York | New York->Chicago,1
27,abilene,11,0.8,uncertainty_aware_lstm_robust_lp,random_failure_fixed,New York -> Chicago & Chicago -> New York,5,Chicago,New York,1,3.2095599,Chicago | New York,Chicago->New York,1
28,abilene,11,0.8,current_demand_lp,critical_failure_fixed,Denver -> Kansas City & Kansas City -> Denver,1,Kansas City,Sunnyvale,1,6.1261494,Kansas City | Denver | Sunnyvale,Kansas City->Denver | Denver->Sunnyvale,1
28,abilene,11,0.8,current_demand_lp,critical_failure_fixed,Denver -> Kansas City & Kansas City -> Denver,2,Atlanta,Sunnyvale,1,5.9659433,Atlanta | Indianapolis | Kansas City | Denver | Sunnyvale,Atlanta->Indianapolis | Indianapolis->Kansas City | Kansas City->Denver | Denver->Sunnyvale,1
28,abilene,11,0.8,current_demand_lp,critical_failure_fixed,Denver -> Kansas City & Kansas City -> Denver,3,Indianapolis,Seattle,1,5.8704975,Indianapolis | Kansas City | Denver | Seattle,Indianapolis->Kansas City | Kansas City->Denver | Denver->Seattle,1
28,abilene,11,0.8,current_demand_lp,critical_failure_fixed,Denver -> Kansas City & Kansas City -> Denver,4,Washington DC,Denver,1,5.5105328,Washington DC | Atlanta | Houston | Kansas City | Denver,Washington DC->Atlanta | Atlanta->Houston | Houston->Kansas City | Kansas City->Denver,1
28,abilene,11,0.8,current_demand_lp,critical_failure_fixed,Denver -> Kansas City & Kansas City -> Denver,5,Chicago,Sunnyvale,1,5.4467852,Chicago | Indianapolis | Kansas City | Denver | Sunnyvale,Chicago->Indianapolis | Indianapolis->Kansas City | Kansas City->Denver | Denver->Sunnyvale,1
28,abilene,11,0.8,current_demand_lp,random_failure_fixed,Denver -> Kansas City & Kansas City -> Denver,1,Kansas City,Sunnyvale,1,6.1261494,Kansas City | Denver | Sunnyvale,Kansas City->Denver | Denver->Sunnyvale,1
28,abilene,11,0.8,current_demand_lp,random_failure_fixed,Denver -> Kansas City & Kansas City -> Denver,2,Atlanta,Sunnyvale,1,5.9659433,Atlanta | Indianapolis | Kansas City | Denver | Sunnyvale,Atlanta->Indianapolis | Indianapolis->Kansas City | Kansas City->Denver | Denver->Sunnyvale,1
28,abilene,11,0.8,current_demand_lp,random_failure_fixed,Denver -> Kansas City & Kansas City -> Denver,3,Indianapolis,Seattle,1,5.8704975,Indianapolis | Kansas City | Denver | Seattle,Indianapolis->Kansas City | Kansas City->Denver | Denver->Seattle,1
28,abilene,11,0.8,current_demand_lp,random_failure_fixed,Denver -> Kansas City & Kansas City -> Denver,4,Washington DC,Denver,1,5.5105328,Washington DC | Atlanta | Houston | Kansas City | Denver,Washington DC->Atlanta | Atlanta->Houston | Houston->Kansas City | Kansas City->Denver,1
28,abilene,11,0.8,current_demand_lp,random_failure_fixed,Denver -> Kansas City & Kansas City -> Denver,5,Chicago,Sunnyvale,1,5.4467852,Chicago | Indianapolis | Kansas City | Denver | Sunnyvale,Chicago->Indianapolis | Indianapolis->Kansas City | Kansas City->Denver | Denver->Sunnyvale,1
28,abilene,11,0.8,robust_current_demand_lp,critical_failure_fixed,Denver -> Kansas City & Kansas City -> Denver,1,Kansas City,Sunnyvale,1,6.1261494,Kansas City | Denver | Sunnyvale,Kansas City->Denver | Denver->Sunnyvale,1
28,abilene,11,0.8,robust_current_demand_lp,critical_failure_fixed,Denver -> Kansas City & Kansas City -> Denver,2,Indianapolis,Seattle,1,5.8704975,Indianapolis | Kansas City | Denver | Seattle,Indianapolis->Kansas City | Kansas City->Denver | Denver->Seattle,1
28,abilene,11,0.8,robust_current_demand_lp,critical_failure_fixed,Denver -> Kansas City & Kansas City -> Denver,3,Sunnyvale,New York,1,5.6565131,Sunnyvale | Denver | Kansas City | Indianapolis | Chicago | New York,Sunnyvale->Denver | Denver->Kansas City | Kansas City->Indianapolis | Indianapolis->Chicago | Chicago->New York,1
28,abilene,11,0.8,robust_current_demand_lp,critical_failure_fixed,Denver -> Kansas City & Kansas City -> Denver,4,Washington DC,Denver,1,5.5105328,Washington DC | Atlanta | Indianapolis | Kansas City | Denver,Washington DC->Atlanta | Atlanta->Indianapolis | Indianapolis->Kansas City | Kansas City->Denver,1
28,abilene,11,0.8,robust_current_demand_lp,critical_failure_fixed,Denver -> Kansas City & Kansas City -> Denver,5,Chicago,Sunnyvale,1,5.4467852,Chicago | Indianapolis | Kansas City | Denver | Sunnyvale,Chicago->Indianapolis | Indianapolis->Kansas City | Kansas City->Denver | Denver->Sunnyvale,1
28,abilene,11,0.8,robust_current_demand_lp,random_failure_fixed,Denver -> Kansas City & Kansas City -> Denver,1,Kansas City,Sunnyvale,1,6.1261494,Kansas City | Denver | Sunnyvale,Kansas City->Denver | Denver->Sunnyvale,1
28,abilene,11,0.8,robust_current_demand_lp,random_failure_fixed,Denver -> Kansas City & Kansas City -> Denver,2,Indianapolis,Seattle,1,5.8704975,Indianapolis | Kansas City | Denver | Seattle,Indianapolis->Kansas City | Kansas City->Denver | Denver->Seattle,1
28,abilene,11,0.8,robust_current_demand_lp,random_failure_fixed,Denver -> Kansas City & Kansas City -> Denver,3,Sunnyvale,New York,1,5.6565131,Sunnyvale | Denver | Kansas City | Indianapolis | Chicago | New York,Sunnyvale->Denver | Denver->Kansas City | Kansas City->Indianapolis | Indianapolis->Chicago | Chicago->New York,1
28,abilene,11,0.8,robust_current_demand_lp,random_failure_fixed,Denver -> Kansas City & Kansas City -> Denver,4,Washington DC,Denver,1,5.5105328,Washington DC | Atlanta | Indianapolis | Kansas City | Denver,Washington DC->Atlanta | Atlanta->Indianapolis | Indianapolis->Kansas City | Kansas City->Denver,1
28,abilene,11,0.8,robust_current_demand_lp,random_failure_fixed,Denver -> Kansas City & Kansas City -> Denver,5,Chicago,Sunnyvale,1,5.4467852,Chicago | Indianapolis | Kansas City | Denver | Sunnyvale,Chicago->Indianapolis | Indianapolis->Kansas City | Kansas City->Denver | Denver->Sunnyvale,1
28,abilene,11,0.8,moving_average,critical_failure_fixed,Denver -> Kansas City & Kansas City -> Denver,1,Chicago,Sunnyvale,1,6.5264895,Chicago | Indianapolis | Kansas City | Denver | Sunnyvale,Chicago->Indianapolis | Indianapolis->Kansas City | Kansas City->Denver | Denver->Sunnyvale,1
28,abilene,11,0.8,moving_average,critical_failure_fixed,Denver -> Kansas City & Kansas City -> Denver,2,Kansas City,Sunnyvale,1,6.0047561,Kansas City | Denver | Sunnyvale,Kansas City->Denver | Denver->Sunnyvale,1
28,abilene,11,0.8,moving_average,critical_failure_fixed,Denver -> Kansas City & Kansas City -> Denver,3,Atlanta,Sunnyvale,1,5.7069989,Atlanta | Indianapolis | Kansas City | Denver | Sunnyvale,Atlanta->Indianapolis | Indianapolis->Kansas City | Kansas City->Denver | Denver->Sunnyvale,1
28,abilene,11,0.8,moving_average,critical_failure_fixed,Denver -> Kansas City & Kansas City -> Denver,4,Indianapolis,Seattle,1,5.6956449,Indianapolis | Kansas City | Denver | Seattle,Indianapolis->Kansas City | Kansas City->Denver | Denver->Seattle,1
28,abilene,11,0.8,moving_average,critical_failure_fixed,Denver -> Kansas City & Kansas City -> Denver,5,Washington DC,Denver,1,5.6197219,Washington DC | Atlanta | Houston | Kansas City | Denver,Washington DC->Atlanta | Atlanta->Houston | Houston->Kansas City | Kansas City->Denver,1
28,abilene,11,0.8,moving_average,random_failure_fixed,Denver -> Kansas City & Kansas City -> Denver,1,Chicago,Sunnyvale,1,6.5264895,Chicago | Indianapolis | Kansas City | Denver | Sunnyvale,Chicago->Indianapolis | Indianapolis->Kansas City | Kansas City->Denver | Denver->Sunnyvale,1
28,abilene,11,0.8,moving_average,random_failure_fixed,Denver -> Kansas City & Kansas City -> Denver,2,Kansas City,Sunnyvale,1,6.0047561,Kansas City | Denver | Sunnyvale,Kansas City->Denver | Denver->Sunnyvale,1
28,abilene,11,0.8,moving_average,random_failure_fixed,Denver -> Kansas City & Kansas City -> Denver,3,Atlanta,Sunnyvale,1,5.7069989,Atlanta | Indianapolis | Kansas City | Denver | Sunnyvale,Atlanta->Indianapolis | Indianapolis->Kansas City | Kansas City->Denver | Denver->Sunnyvale,1
28,abilene,11,0.8,moving_average,random_failure_fixed,Denver -> Kansas City & Kansas City -> Denver,4,Indianapolis,Seattle,1,5.6956449,Indianapolis | Kansas City | Denver | Seattle,Indianapolis->Kansas City | Kansas City->Denver | Denver->Seattle,1
28,abilene,11,0.8,moving_average,random_failure_fixed,Denver -> Kansas City & Kansas City -> Denver,5,Washington DC,Denver,1,5.6197219,Washington DC | Atlanta | Houston | Kansas City | Denver,Washington DC->Atlanta | Atlanta->Houston | Houston->Kansas City | Kansas City->Denver,1
28,abilene,11,0.8,linear_autoregressive,critical_failure_fixed,Kansas City -> Indianapolis & Indianapolis -> Kansas City,1,Atlanta,Sunnyvale,1,5.1806483,Atlanta | Indianapolis | Kansas City | Denver | Sunnyvale,Atlanta->Indianapolis | Indianapolis->Kansas City | Kansas City->Denver | Denver->Sunnyvale,1
28,abilene,11,0.8,linear_autoregressive,critical_failure_fixed,Kansas City -> Indianapolis & Indianapolis -> Kansas City,2,Seattle,New York,1,5.1354195,Seattle | Denver | Kansas City | Indianapolis | Chicago | New York,Seattle->Denver | Denver->Kansas City | Kansas City->Indianapolis | Indianapolis->Chicago | Chicago->New York,1
28,abilene,11,0.8,linear_autoregressive,critical_failure_fixed,Kansas City -> Indianapolis & Indianapolis -> Kansas City,3,Kansas City,New York,1,5.0749199,Kansas City | Indianapolis | Chicago | New York,Kansas City->Indianapolis | Indianapolis->Chicago | Chicago->New York,1
28,abilene,11,0.8,linear_autoregressive,critical_failure_fixed,Kansas City -> Indianapolis & Indianapolis -> Kansas City,4,Indianapolis,Seattle,1,5.053263,Indianapolis | Kansas City | Denver | Seattle,Indianapolis->Kansas City | Kansas City->Denver | Denver->Seattle,1
28,abilene,11,0.8,linear_autoregressive,critical_failure_fixed,Kansas City -> Indianapolis & Indianapolis -> Kansas City,5,Denver,Washington DC,1,5.0482673,Denver | Kansas City | Indianapolis | Atlanta | Washington DC,Denver->Kansas City | Kansas City->Indianapolis | Indianapolis->Atlanta | Atlanta->Washington DC,1
28,abilene,11,0.8,linear_autoregressive,random_failure_fixed,Denver -> Kansas City & Kansas City -> Denver,1,Kansas City,Sunnyvale,1,5.3094335,Kansas City | Denver | Sunnyvale,Kansas City->Denver | Denver->Sunnyvale,1
28,abilene,11,0.8,linear_autoregressive,random_failure_fixed,Denver -> Kansas City & Kansas City -> Denver,2,Atlanta,Sunnyvale,1,5.1806483,Atlanta | Indianapolis | Kansas City | Denver | Sunnyvale,Atlanta->Indianapolis | Indianapolis->Kansas City | Kansas City->Denver | Denver->Sunnyvale,1
28,abilene,11,0.8,linear_autoregressive,random_failure_fixed,Denver -> Kansas City & Kansas City -> Denver,3,Seattle,New York,1,5.1354195,Seattle | Denver | Kansas City | Indianapolis | Chicago | New York,Seattle->Denver | Denver->Kansas City | Kansas City->Indianapolis | Indianapolis->Chicago | Chicago->New York,1
28,abilene,11,0.8,linear_autoregressive,random_failure_fixed,Denver -> Kansas City & Kansas City -> Denver,4,Washington DC,Denver,1,5.0593495,Washington DC | Atlanta | Houston | Kansas City | Denver,Washington DC->Atlanta | Atlanta->Houston | Houston->Kansas City | Kansas City->Denver,1
28,abilene,11,0.8,linear_autoregressive,random_failure_fixed,Denver -> Kansas City & Kansas City -> Denver,5,Indianapolis,Seattle,1,5.053263,Indianapolis | Kansas City | Denver | Seattle,Indianapolis->Kansas City | Kansas City->Denver | Denver->Seattle,1
28,abilene,11,0.8,lstm,critical_failure_fixed,Denver -> Kansas City & Kansas City -> Denver,1,Kansas City,Sunnyvale,1,4.1926012,Kansas City | Denver | Sunnyvale,Kansas City->Denver | Denver->Sunnyvale,1
28,abilene,11,0.8,lstm,critical_failure_fixed,Denver -> Kansas City & Kansas City -> Denver,2,Denver,Washington DC,1,4.1237659,Denver | Kansas City | Indianapolis | Atlanta | Washington DC,Denver->Kansas City | Kansas City->Indianapolis | Indianapolis->Atlanta | Atlanta->Washington DC,1
28,abilene,11,0.8,lstm,critical_failure_fixed,Denver -> Kansas City & Kansas City -> Denver,3,Atlanta,Sunnyvale,1,4.1221619,Atlanta | Indianapolis | Kansas City | Denver | Sunnyvale,Atlanta->Indianapolis | Indianapolis->Kansas City | Kansas City->Denver | Denver->Sunnyvale,1
28,abilene,11,0.8,lstm,critical_failure_fixed,Denver -> Kansas City & Kansas City -> Denver,4,Seattle,New York,1,4.0936832,Seattle | Denver | Kansas City | Indianapolis | Chicago | New York,Seattle->Denver | Denver->Kansas City | Kansas City->Indianapolis | Indianapolis->Chicago | Chicago->New York,1
28,abilene,11,0.8,lstm,critical_failure_fixed,Denver -> Kansas City & Kansas City -> Denver,5,Indianapolis,Seattle,1,4.0658789,Indianapolis | Kansas City | Denver | Seattle,Indianapolis->Kansas City | Kansas City->Denver | Denver->Seattle,1
28,abilene,11,0.8,lstm,random_failure_fixed,Denver -> Kansas City & Kansas City -> Denver,1,Kansas City,Sunnyvale,1,4.1926012,Kansas City | Denver | Sunnyvale,Kansas City->Denver | Denver->Sunnyvale,1
28,abilene,11,0.8,lstm,random_failure_fixed,Denver -> Kansas City & Kansas City -> Denver,2,Denver,Washington DC,1,4.1237659,Denver | Kansas City | Indianapolis | Atlanta | Washington DC,Denver->Kansas City | Kansas City->Indianapolis | Indianapolis->Atlanta | Atlanta->Washington DC,1
28,abilene,11,0.8,lstm,random_failure_fixed,Denver -> Kansas City & Kansas City -> Denver,3,Atlanta,Sunnyvale,1,4.1221619,Atlanta | Indianapolis | Kansas City | Denver | Sunnyvale,Atlanta->Indianapolis | Indianapolis->Kansas City | Kansas City->Denver | Denver->Sunnyvale,1
28,abilene,11,0.8,lstm,random_failure_fixed,Denver -> Kansas City & Kansas City -> Denver,4,Seattle,New York,1,4.0936832,Seattle | Denver | Kansas City | Indianapolis | Chicago | New York,Seattle->Denver | Denver->Kansas City | Kansas City->Indianapolis | Indianapolis->Chicago | Chicago->New York,1
28,abilene,11,0.8,lstm,random_failure_fixed,Denver -> Kansas City & Kansas City -> Denver,5,Indianapolis,Seattle,1,4.0658789,Indianapolis | Kansas City | Denver | Seattle,Indianapolis->Kansas City | Kansas City->Denver | Denver->Seattle,1
28,abilene,11,0.8,uncertainty_aware_lstm_robust_lp,critical_failure_fixed,Denver -> Kansas City & Kansas City -> Denver,1,Kansas City,Sunnyvale,1,4.4116249,Kansas City | Denver | Sunnyvale,Kansas City->Denver | Denver->Sunnyvale,1
28,abilene,11,0.8,uncertainty_aware_lstm_robust_lp,critical_failure_fixed,Denver -> Kansas City & Kansas City -> Denver,2,Denver,Washington DC,1,4.3088555,Denver | Kansas City | Indianapolis | Atlanta | Washington DC,Denver->Kansas City | Kansas City->Indianapolis | Indianapolis->Atlanta | Atlanta->Washington DC,1
28,abilene,11,0.8,uncertainty_aware_lstm_robust_lp,critical_failure_fixed,Denver -> Kansas City & Kansas City -> Denver,3,Chicago,Sunnyvale,1,4.2925715,Chicago | Indianapolis | Kansas City | Denver | Sunnyvale,Chicago->Indianapolis | Indianapolis->Kansas City | Kansas City->Denver | Denver->Sunnyvale,1
28,abilene,11,0.8,uncertainty_aware_lstm_robust_lp,critical_failure_fixed,Denver -> Kansas City & Kansas City -> Denver,4,Seattle,New York,1,4.2874012,Seattle | Denver | Kansas City | Indianapolis | Chicago | New York,Seattle->Denver | Denver->Kansas City | Kansas City->Indianapolis | Indianapolis->Chicago | Chicago->New York,1
28,abilene,11,0.8,uncertainty_aware_lstm_robust_lp,critical_failure_fixed,Denver -> Kansas City & Kansas City -> Denver,5,Indianapolis,Seattle,1,4.2656898,Indianapolis | Kansas City | Denver | Seattle,Indianapolis->Kansas City | Kansas City->Denver | Denver->Seattle,1
28,abilene,11,0.8,uncertainty_aware_lstm_robust_lp,random_failure_fixed,Denver -> Kansas City & Kansas City -> Denver,1,Kansas City,Sunnyvale,1,4.4116249,Kansas City | Denver | Sunnyvale,Kansas City->Denver | Denver->Sunnyvale,1
28,abilene,11,0.8,uncertainty_aware_lstm_robust_lp,random_failure_fixed,Denver -> Kansas City & Kansas City -> Denver,2,Denver,Washington DC,1,4.3088555,Denver | Kansas City | Indianapolis | Atlanta | Washington DC,Denver->Kansas City | Kansas City->Indianapolis | Indianapolis->Atlanta | Atlanta->Washington DC,1
28,abilene,11,0.8,uncertainty_aware_lstm_robust_lp,random_failure_fixed,Denver -> Kansas City & Kansas City -> Denver,3,Chicago,Sunnyvale,1,4.2925715,Chicago | Indianapolis | Kansas City | Denver | Sunnyvale,Chicago->Indianapolis | Indianapolis->Kansas City | Kansas City->Denver | Denver->Sunnyvale,1
28,abilene,11,0.8,uncertainty_aware_lstm_robust_lp,random_failure_fixed,Denver -> Kansas City & Kansas City -> Denver,4,Seattle,New York,1,4.2874012,Seattle | Denver | Kansas City | Indianapolis | Chicago | New York,Seattle->Denver | Denver->Kansas City | Kansas City->Indianapolis | Indianapolis->Chicago | Chicago->New York,1
28,abilene,11,0.8,uncertainty_aware_lstm_robust_lp,random_failure_fixed,Denver -> Kansas City & Kansas City -> Denver,5,Indianapolis,Seattle,1,4.2656898,Indianapolis | Kansas City | Denver | Seattle,Indianapolis->Kansas City | Kansas City->Denver | Denver->Seattle,1
29,abilene,11,0.8,current_demand_lp,critical_failure_fixed,Denver -> Kansas City & Kansas City -> Denver,1,Atlanta,Sunnyvale,1,5.1428169,Atlanta | Indianapolis | Kansas City | Denver | Sunnyvale,Atlanta->Indianapolis | Indianapolis->Kansas City | Kansas City->Denver | Denver->Sunnyvale,1
29,abilene,11,0.8,current_demand_lp,critical_failure_fixed,Denver -> Kansas City & Kansas City -> Denver,2,Kansas City,Sunnyvale,1,5.103263,Kansas City | Denver | Sunnyvale,Kansas City->Denver | Denver->Sunnyvale,1
29,abilene,11,0.8,current_demand_lp,critical_failure_fixed,Denver -> Kansas City & Kansas City -> Denver,3,Atlanta,Seattle,1,4.9573426,Atlanta | Indianapolis | Kansas City | Denver | Seattle,Atlanta->Indianapolis | Indianapolis->Kansas City | Kansas City->Denver | Denver->Seattle,1
29,abilene,11,0.8,current_demand_lp,critical_failure_fixed,Denver -> Kansas City & Kansas City -> Denver,4,Sunnyvale,Indianapolis,1,4.9005821,Sunnyvale | Denver | Kansas City | Indianapolis,Sunnyvale->Denver | Denver->Kansas City | Kansas City->Indianapolis,1
29,abilene,11,0.8,current_demand_lp,critical_failure_fixed,Denver -> Kansas City & Kansas City -> Denver,5,Houston,Seattle,1,4.9002098,Houston | Kansas City | Denver | Seattle,Houston->Kansas City | Kansas City->Denver | Denver->Seattle,1
29,abilene,11,0.8,current_demand_lp,random_failure_fixed,Atlanta -> Indianapolis & Indianapolis -> Atlanta,1,Atlanta,Sunnyvale,1,5.1428169,Atlanta | Indianapolis | Kansas City | Denver | Sunnyvale,Atlanta->Indianapolis | Indianapolis->Kansas City | Kansas City->Denver | Denver->Sunnyvale,1
29,abilene,11,0.8,current_demand_lp,random_failure_fixed,Atlanta -> Indianapolis & Indianapolis -> Atlanta,2,Chicago,Atlanta,1,4.9583074,Chicago | Indianapolis | Atlanta,Chicago->Indianapolis | Indianapolis->Atlanta,1
29,abilene,11,0.8,current_demand_lp,random_failure_fixed,Atlanta -> Indianapolis & Indianapolis -> Atlanta,3,Atlanta,Seattle,1,4.9573426,Atlanta | Indianapolis | Kansas City | Denver | Seattle,Atlanta->Indianapolis | Indianapolis->Kansas City | Kansas City->Denver | Denver->Seattle,1
29,abilene,11,0.8,current_demand_lp,random_failure_fixed,Atlanta -> Indianapolis & Indianapolis -> Atlanta,4,Denver,Washington DC,1,4.8834934,Denver | Kansas City | Indianapolis | Atlanta | Washington DC,Denver->Kansas City | Kansas City->Indianapolis | Indianapolis->Atlanta | Atlanta->Washington DC,1
29,abilene,11,0.8,current_demand_lp,random_failure_fixed,Atlanta -> Indianapolis & Indianapolis -> Atlanta,5,Kansas City,Atlanta,1,4.5567734,Kansas City | Indianapolis | Atlanta,Kansas City->Indianapolis | Indianapolis->Atlanta,1
29,abilene,11,0.8,robust_current_demand_lp,critical_failure_fixed,Denver -> Kansas City & Kansas City -> Denver,1,Kansas City,Sunnyvale,1,5.103263,Kansas City | Denver | Sunnyvale,Kansas City->Denver | Denver->Sunnyvale,1
29,abilene,11,0.8,robust_current_demand_lp,critical_failure_fixed,Denver -> Kansas City & Kansas City -> Denver,2,Atlanta,Seattle,1,4.9573426,Atlanta | Indianapolis | Kansas City | Denver | Seattle,Atlanta->Indianapolis | Indianapolis->Kansas City | Kansas City->Denver | Denver->Seattle,1
29,abilene,11,0.8,robust_current_demand_lp,critical_failure_fixed,Denver -> Kansas City & Kansas City -> Denver,3,Sunnyvale,Indianapolis,1,4.9005821,Sunnyvale | Denver | Kansas City | Indianapolis,Sunnyvale->Denver | Denver->Kansas City | Kansas City->Indianapolis,1
29,abilene,11,0.8,robust_current_demand_lp,critical_failure_fixed,Denver -> Kansas City & Kansas City -> Denver,4,Houston,Seattle,1,4.9002098,Houston | Kansas City | Denver | Seattle,Houston->Kansas City | Kansas City->Denver | Denver->Seattle,1
29,abilene,11,0.8,robust_current_demand_lp,critical_failure_fixed,Denver -> Kansas City & Kansas City -> Denver,5,Denver,Washington DC,1,4.8834934,Denver | Kansas City | Houston | Atlanta | Washington DC,Denver->Kansas City | Kansas City->Houston | Houston->Atlanta | Atlanta->Washington DC,1
29,abilene,11,0.8,robust_current_demand_lp,random_failure_fixed,Atlanta -> Indianapolis & Indianapolis -> Atlanta,1,Chicago,Atlanta,1,4.9583074,Chicago | Indianapolis | Atlanta,Chicago->Indianapolis | Indianapolis->Atlanta,1
29,abilene,11,0.8,robust_current_demand_lp,random_failure_fixed,Atlanta -> Indianapolis & Indianapolis -> Atlanta,2,Atlanta,Seattle,1,4.9573426,Atlanta | Indianapolis | Kansas City | Denver | Seattle,Atlanta->Indianapolis | Indianapolis->Kansas City | Kansas City->Denver | Denver->Seattle,1
29,abilene,11,0.8,robust_current_demand_lp,random_failure_fixed,Atlanta -> Indianapolis & Indianapolis -> Atlanta,3,Washington DC,Denver,1,4.7443531,Washington DC | Atlanta | Indianapolis | Kansas City | Denver,Washington DC->Atlanta | Atlanta->Indianapolis | Indianapolis->Kansas City | Kansas City->Denver,1
29,abilene,11,0.8,robust_current_demand_lp,random_failure_fixed,Atlanta -> Indianapolis & Indianapolis -> Atlanta,4,Denver,Atlanta,1,4.1756245,Denver | Kansas City | Indianapolis | Atlanta,Denver->Kansas City | Kansas City->Indianapolis | Indianapolis->Atlanta,1
29,abilene,11,0.8,robust_current_demand_lp,random_failure_fixed,Atlanta -> Indianapolis & Indianapolis -> Atlanta,5,Seattle,Atlanta,1,3.4512218,Seattle | Denver | Kansas City | Indianapolis | Atlanta,Seattle->Denver | Denver->Kansas City | Kansas City->Indianapolis | Indianapolis->Atlanta,1
29,abilene,11,0.8,moving_average,critical_failure_fixed,Denver -> Kansas City & Kansas City -> Denver,1,Chicago,Sunnyvale,1,6.4889631,Chicago | Indianapolis | Kansas City | Denver | Sunnyvale,Chicago->Indianapolis | Indianapolis->Kansas City | Kansas City->Denver | Denver->Sunnyvale,1
29,abilene,11,0.8,moving_average,critical_failure_fixed,Denver -> Kansas City & Kansas City -> Denver,2,Kansas City,Sunnyvale,1,5.879546,Kansas City | Denver | Sunnyvale,Kansas City->Denver | Denver->Sunnyvale,1
29,abilene,11,0.8,moving_average,critical_failure_fixed,Denver -> Kansas City & Kansas City -> Denver,3,Atlanta,Sunnyvale,1,5.6814021,Atlanta | Indianapolis | Kansas City | Denver | Sunnyvale,Atlanta->Indianapolis | Indianapolis->Kansas City | Kansas City->Denver | Denver->Sunnyvale,1
29,abilene,11,0.8,moving_average,critical_failure_fixed,Denver -> Kansas City & Kansas City -> Denver,4,Indianapolis,Seattle,1,5.504991,Indianapolis | Kansas City | Denver | Seattle,Indianapolis->Kansas City | Kansas City->Denver | Denver->Seattle,1
29,abilene,11,0.8,moving_average,critical_failure_fixed,Denver -> Kansas City & Kansas City -> Denver,5,Washington DC,Denver,1,5.4784331,Washington DC | Atlanta | Houston | Kansas City | Denver,Washington DC->Atlanta | Atlanta->Houston | Houston->Kansas City | Kansas City->Denver,1
29,abilene,11,0.8,moving_average,random_failure_fixed,Atlanta -> Indianapolis & Indianapolis -> Atlanta,1,Chicago,Atlanta,1,5.7638472,Chicago | Indianapolis | Atlanta,Chicago->Indianapolis | Indianapolis->Atlanta,1
29,abilene,11,0.8,moving_average,random_failure_fixed,Atlanta -> Indianapolis & Indianapolis -> Atlanta,2,Atlanta,Sunnyvale,1,5.6814021,Atlanta | Indianapolis | Kansas City | Denver | Sunnyvale,Atlanta->Indianapolis | Indianapolis->Kansas City | Kansas City->Denver | Denver->Sunnyvale,1
29,abilene,11,0.8,moving_average,random_failure_fixed,Atlanta -> Indianapolis & Indianapolis -> Atlanta,3,Denver,Washington DC,1,5.4335762,Denver | Kansas City | Indianapolis | Atlanta | Washington DC,Denver->Kansas City | Kansas City->Indianapolis | Indianapolis->Atlanta | Atlanta->Washington DC,1
29,abilene,11,0.8,moving_average,random_failure_fixed,Atlanta -> Indianapolis & Indianapolis -> Atlanta,4,Kansas City,Atlanta,1,5.2532791,Kansas City | Indianapolis | Atlanta,Kansas City->Indianapolis | Indianapolis->Atlanta,1
29,abilene,11,0.8,moving_average,random_failure_fixed,Atlanta -> Indianapolis & Indianapolis -> Atlanta,5,Atlanta,Seattle,1,5.1877262,Atlanta | Indianapolis | Kansas City | Denver | Seattle,Atlanta->Indianapolis | Indianapolis->Kansas City | Kansas City->Denver | Denver->Seattle,1
29,abilene,11,0.8,linear_autoregressive,critical_failure_fixed,Kansas City -> Indianapolis & Indianapolis -> Kansas City,1,Denver,Washington DC,1,5.017123,Denver | Kansas City | Indianapolis | Atlanta | Washington DC,Denver->Kansas City | Kansas City->Indianapolis | Indianapolis->Atlanta | Atlanta->Washington DC,1
29,abilene,11,0.8,linear_autoregressive,critical_failure_fixed,Kansas City -> Indianapolis & Indianapolis -> Kansas City,2,Atlanta,Sunnyvale,1,4.979362,Atlanta | Indianapolis | Kansas City | Denver | Sunnyvale,Atlanta->Indianapolis | Indianapolis->Kansas City | Kansas City->Denver | Denver->Sunnyvale,1
29,abilene,11,0.8,linear_autoregressive,critical_failure_fixed,Kansas City -> Indianapolis & Indianapolis -> Kansas City,3,Seattle,New York,1,4.9223876,Seattle | Denver | Kansas City | Indianapolis | Chicago | New York,Seattle->Denver | Denver->Kansas City | Kansas City->Indianapolis | Indianapolis->Chicago | Chicago->New York,1
29,abilene,11,0.8,linear_autoregressive,critical_failure_fixed,Kansas City -> Indianapolis & Indianapolis -> Kansas City,4,Indianapolis,Seattle,1,4.8429177,Indianapolis | Kansas City | Denver | Seattle,Indianapolis->Kansas City | Kansas City->Denver | Denver->Seattle,1
29,abilene,11,0.8,linear_autoregressive,critical_failure_fixed,Kansas City -> Indianapolis & Indianapolis -> Kansas City,5,Sunnyvale,Indianapolis,1,4.8212462,Sunnyvale | Denver | Kansas City | Indianapolis,Sunnyvale->Denver | Denver->Kansas City | Kansas City->Indianapolis,1
29,abilene,11,0.8,linear_autoregressive,random_failure_fixed,Atlanta -> Indianapolis & Indianapolis -> Atlanta,1,Chicago,Atlanta,1,5.240336,Chicago | Indianapolis | Atlanta,Chicago->Indianapolis | Indianapolis->Atlanta,1
29,abilene,11,0.8,linear_autoregressive,random_failure_fixed,Atlanta -> Indianapolis & Indianapolis -> Atlanta,2,Denver,Washington DC,1,5.017123,Denver | Kansas City | Indianapolis | Atlanta | Washington DC,Denver->Kansas City | Kansas City->Indianapolis | Indianapolis->Atlanta | Atlanta->Washington DC,1
29,abilene,11,0.8,linear_autoregressive,random_failure_fixed,Atlanta -> Indianapolis & Indianapolis -> Atlanta,3,Atlanta,Sunnyvale,1,4.979362,Atlanta | Indianapolis | Kansas City | Denver | Sunnyvale,Atlanta->Indianapolis | Indianapolis->Kansas City | Kansas City->Denver | Denver->Sunnyvale,1
29,abilene,11,0.8,linear_autoregressive,random_failure_fixed,Atlanta -> Indianapolis & Indianapolis -> Atlanta,4,Kansas City,Atlanta,1,4.5690796,Kansas City | Indianapolis | Atlanta,Kansas City->Indianapolis | Indianapolis->Atlanta,1
29,abilene,11,0.8,linear_autoregressive,random_failure_fixed,Atlanta -> Indianapolis & Indianapolis -> Atlanta,5,Atlanta,Seattle,1,4.5108256,Atlanta | Indianapolis | Kansas City | Denver | Seattle,Atlanta->Indianapolis | Indianapolis->Kansas City | Kansas City->Denver | Denver->Seattle,1
29,abilene,11,0.8,lstm,critical_failure_fixed,Denver -> Kansas City & Kansas City -> Denver,1,Kansas City,Sunnyvale,1,4.1926012,Kansas City | Denver | Sunnyvale,Kansas City->Denver | Denver->Sunnyvale,1
29,abilene,11,0.8,lstm,critical_failure_fixed,Denver -> Kansas City & Kansas City -> Denver,2,Denver,Washington DC,1,4.1237659,Denver | Kansas City | Indianapolis | Atlanta | Washington DC,Denver->Kansas City | Kansas City->Indianapolis | Indianapolis->Atlanta | Atlanta->Washington DC,1
29,abilene,11,0.8,lstm,critical_failure_fixed,Denver -> Kansas City & Kansas City -> Denver,3,Atlanta,Sunnyvale,1,4.1221619,Atlanta | Indianapolis | Kansas City | Denver | Sunnyvale,Atlanta->Indianapolis | Indianapolis->Kansas City | Kansas City->Denver | Denver->Sunnyvale,1
29,abilene,11,0.8,lstm,critical_failure_fixed,Denver -> Kansas City & Kansas City -> Denver,4,Seattle,New York,1,4.0936832,Seattle | Denver | Kansas City | Indianapolis | Chicago | New York,Seattle->Denver | Denver->Kansas City | Kansas City->Indianapolis | Indianapolis->Chicago | Chicago->New York,1
29,abilene,11,0.8,lstm,critical_failure_fixed,Denver -> Kansas City & Kansas City -> Denver,5,Indianapolis,Seattle,1,4.0658789,Indianapolis | Kansas City | Denver | Seattle,Indianapolis->Kansas City | Kansas City->Denver | Denver->Seattle,1
29,abilene,11,0.8,lstm,random_failure_fixed,Atlanta -> Indianapolis & Indianapolis -> Atlanta,1,Chicago,Atlanta,1,4.2323747,Chicago | Indianapolis | Atlanta,Chicago->Indianapolis | Indianapolis->Atlanta,1
29,abilene,11,0.8,lstm,random_failure_fixed,Atlanta -> Indianapolis & Indianapolis -> Atlanta,2,Denver,Washington DC,1,4.1237659,Denver | Kansas City | Indianapolis | Atlanta | Washington DC,Denver->Kansas City | Kansas City->Indianapolis | Indianapolis->Atlanta | Atlanta->Washington DC,1
29,abilene,11,0.8,lstm,random_failure_fixed,Atlanta -> Indianapolis & Indianapolis -> Atlanta,3,Atlanta,Sunnyvale,1,4.1221619,Atlanta | Indianapolis | Kansas City | Denver | Sunnyvale,Atlanta->Indianapolis | Indianapolis->Kansas City | Kansas City->Denver | Denver->Sunnyvale,1
29,abilene,11,0.8,lstm,random_failure_fixed,Atlanta -> Indianapolis & Indianapolis -> Atlanta,4,Kansas City,Atlanta,1,3.8186123,Kansas City | Indianapolis | Atlanta,Kansas City->Indianapolis | Indianapolis->Atlanta,1
29,abilene,11,0.8,lstm,random_failure_fixed,Atlanta -> Indianapolis & Indianapolis -> Atlanta,5,Atlanta,Seattle,1,3.793025,Atlanta | Indianapolis | Kansas City | Denver | Seattle,Atlanta->Indianapolis | Indianapolis->Kansas City | Kansas City->Denver | Denver->Seattle,1
29,abilene,11,0.8,uncertainty_aware_lstm_robust_lp,critical_failure_fixed,Denver -> Kansas City & Kansas City -> Denver,1,Kansas City,Sunnyvale,1,4.4116249,Kansas City | Denver | Sunnyvale,Kansas City->Denver | Denver->Sunnyvale,1
29,abilene,11,0.8,uncertainty_aware_lstm_robust_lp,critical_failure_fixed,Denver -> Kansas City & Kansas City -> Denver,2,Denver,Washington DC,1,4.3088555,Denver | Kansas City | Indianapolis | Atlanta | Washington DC,Denver->Kansas City | Kansas City->Indianapolis | Indianapolis->Atlanta | Atlanta->Washington DC,1
29,abilene,11,0.8,uncertainty_aware_lstm_robust_lp,critical_failure_fixed,Denver -> Kansas City & Kansas City -> Denver,3,Chicago,Sunnyvale,1,4.2925715,Chicago | Indianapolis | Kansas City | Denver | Sunnyvale,Chicago->Indianapolis | Indianapolis->Kansas City | Kansas City->Denver | Denver->Sunnyvale,1
29,abilene,11,0.8,uncertainty_aware_lstm_robust_lp,critical_failure_fixed,Denver -> Kansas City & Kansas City -> Denver,4,Seattle,New York,1,4.2874012,Seattle | Denver | Kansas City | Indianapolis | Chicago | New York,Seattle->Denver | Denver->Kansas City | Kansas City->Indianapolis | Indianapolis->Chicago | Chicago->New York,1
29,abilene,11,0.8,uncertainty_aware_lstm_robust_lp,critical_failure_fixed,Denver -> Kansas City & Kansas City -> Denver,5,Indianapolis,Seattle,1,4.2656898,Indianapolis | Kansas City | Denver | Seattle,Indianapolis->Kansas City | Kansas City->Denver | Denver->Seattle,1
29,abilene,11,0.8,uncertainty_aware_lstm_robust_lp,random_failure_fixed,Atlanta -> Indianapolis & Indianapolis -> Atlanta,1,Chicago,Atlanta,1,4.4417233,Chicago | Indianapolis | Atlanta,Chicago->Indianapolis | Indianapolis->Atlanta,1
29,abilene,11,0.8,uncertainty_aware_lstm_robust_lp,random_failure_fixed,Atlanta -> Indianapolis & Indianapolis -> Atlanta,2,Denver,Washington DC,1,4.3088555,Denver | Kansas City | Indianapolis | Atlanta | Washington DC,Denver->Kansas City | Kansas City->Indianapolis | Indianapolis->Atlanta | Atlanta->Washington DC,1
29,abilene,11,0.8,uncertainty_aware_lstm_robust_lp,random_failure_fixed,Atlanta -> Indianapolis & Indianapolis -> Atlanta,3,Washington DC,Denver,1,4.1572881,Washington DC | Atlanta | Indianapolis | Kansas City | Denver,Washington DC->Atlanta | Atlanta->Indianapolis | Indianapolis->Kansas City | Kansas City->Denver,1
29,abilene,11,0.8,uncertainty_aware_lstm_robust_lp,random_failure_fixed,Atlanta -> Indianapolis & Indianapolis -> Atlanta,4,Atlanta,Seattle,1,3.9719043,Atlanta | Indianapolis | Kansas City | Denver | Seattle,Atlanta->Indianapolis | Indianapolis->Kansas City | Kansas City->Denver | Denver->Seattle,1
29,abilene,11,0.8,uncertainty_aware_lstm_robust_lp,random_failure_fixed,Atlanta -> Indianapolis & Indianapolis -> Atlanta,5,Denver,Atlanta,1,3.8165388,Denver | Kansas City | Indianapolis | Atlanta,Denver->Kansas City | Kansas City->Indianapolis | Indianapolis->Atlanta,1
30,abilene,11,0.8,current_demand_lp,critical_failure_fixed,Denver -> Kansas City & Kansas City -> Denver,1,Houston,Seattle,1,4.4182297,Houston | Kansas City | Denver | Seattle,Houston->Kansas City | Kansas City->Denver | Denver->Seattle,1
30,abilene,11,0.8,current_demand_lp,critical_failure_fixed,Denver -> Kansas City & Kansas City -> Denver,2,Kansas City,Sunnyvale,1,4.3578899,Kansas City | Denver | Sunnyvale,Kansas City->Denver | Denver->Sunnyvale,1
30,abilene,11,0.8,current_demand_lp,critical_failure_fixed,Denver -> Kansas City & Kansas City -> Denver,3,Washington DC,Denver,1,4.3237379,Washington DC | Atlanta | Houston | Kansas City | Denver,Washington DC->Atlanta | Atlanta->Houston | Houston->Kansas City | Kansas City->Denver,1
30,abilene,11,0.8,current_demand_lp,critical_failure_fixed,Denver -> Kansas City & Kansas City -> Denver,4,Sunnyvale,Indianapolis,1,4.2845427,Sunnyvale | Denver | Kansas City | Indianapolis,Sunnyvale->Denver | Denver->Kansas City | Kansas City->Indianapolis,1
30,abilene,11,0.8,current_demand_lp,critical_failure_fixed,Denver -> Kansas City & Kansas City -> Denver,5,Atlanta,Seattle,1,4.2348727,Atlanta | Indianapolis | Kansas City | Denver | Seattle,Atlanta->Indianapolis | Indianapolis->Kansas City | Kansas City->Denver | Denver->Seattle,1
30,abilene,11,0.8,current_demand_lp,random_failure_fixed,New York -> Washington DC & Washington DC -> New York,1,Sunnyvale,New York,1,4.5556857,Sunnyvale | Los Angeles | Houston | Atlanta | Washington DC | New York,Sunnyvale->Los Angeles | Los Angeles->Houston | Houston->Atlanta | Atlanta->Washington DC | Washington DC->New York,1
30,abilene,11,0.8,current_demand_lp,random_failure_fixed,New York -> Washington DC & Washington DC -> New York,2,New York,Los Angeles,1,4.0918013,New York | Washington DC | Atlanta | Houston | Los Angeles,New York->Washington DC | Washington DC->Atlanta | Atlanta->Houston | Houston->Los Angeles,1
30,abilene,11,0.8,current_demand_lp,random_failure_fixed,New York -> Washington DC & Washington DC -> New York,3,New York,Houston,1,4.0898666,New York | Washington DC | Atlanta | Houston,New York->Washington DC | Washington DC->Atlanta | Atlanta->Houston,1
30,abilene,11,0.8,current_demand_lp,random_failure_fixed,New York -> Washington DC & Washington DC -> New York,4,New York,Washington DC,1,3.6474193,New York | Washington DC,New York->Washington DC,1
30,abilene,11,0.8,current_demand_lp,random_failure_fixed,New York -> Washington DC & Washington DC -> New York,5,Atlanta,New York,1,3.6377723,Atlanta | Washington DC | New York,Atlanta->Washington DC | Washington DC->New York,1
30,abilene,11,0.8,robust_current_demand_lp,critical_failure_fixed,Denver -> Kansas City & Kansas City -> Denver,1,Houston,Seattle,1,4.4182297,Houston | Kansas City | Denver | Seattle,Houston->Kansas City | Kansas City->Denver | Denver->Seattle,1
30,abilene,11,0.8,robust_current_demand_lp,critical_failure_fixed,Denver -> Kansas City & Kansas City -> Denver,2,Kansas City,Sunnyvale,1,4.3578899,Kansas City | Denver | Sunnyvale,Kansas City->Denver | Denver->Sunnyvale,1
30,abilene,11,0.8,robust_current_demand_lp,critical_failure_fixed,Denver -> Kansas City & Kansas City -> Denver,3,Washington DC,Denver,1,4.3237379,Washington DC | Atlanta | Indianapolis | Kansas City | Denver,Washington DC->Atlanta | Atlanta->Indianapolis | Indianapolis->Kansas City | Kansas City->Denver,1
30,abilene,11,0.8,robust_current_demand_lp,critical_failure_fixed,Denver -> Kansas City & Kansas City -> Denver,4,Sunnyvale,Indianapolis,1,4.2845427,Sunnyvale | Denver | Kansas City | Indianapolis,Sunnyvale->Denver | Denver->Kansas City | Kansas City->Indianapolis,1
30,abilene,11,0.8,robust_current_demand_lp,critical_failure_fixed,Denver -> Kansas City & Kansas City -> Denver,5,Atlanta,Seattle,1,4.2348727,Atlanta | Indianapolis | Kansas City | Denver | Seattle,Atlanta->Indianapolis | Indianapolis->Kansas City | Kansas City->Denver | Denver->Seattle,1
30,abilene,11,0.8,robust_current_demand_lp,random_failure_fixed,New York -> Washington DC & Washington DC -> New York,1,New York,Los Angeles,1,4.0918013,New York | Washington DC | Atlanta | Houston | Los Angeles,New York->Washington DC | Washington DC->Atlanta | Atlanta->Houston | Houston->Los Angeles,1
30,abilene,11,0.8,robust_current_demand_lp,random_failure_fixed,New York -> Washington DC & Washington DC -> New York,2,New York,Houston,1,4.0898666,New York | Washington DC | Atlanta | Houston,New York->Washington DC | Washington DC->Atlanta | Atlanta->Houston,1
30,abilene,11,0.8,robust_current_demand_lp,random_failure_fixed,New York -> Washington DC & Washington DC -> New York,3,New York,Washington DC,1,3.6474193,New York | Washington DC,New York->Washington DC,1
30,abilene,11,0.8,robust_current_demand_lp,random_failure_fixed,New York -> Washington DC & Washington DC -> New York,4,Atlanta,New York,1,3.6377723,Atlanta | Washington DC | New York,Atlanta->Washington DC | Washington DC->New York,1
30,abilene,11,0.8,robust_current_demand_lp,random_failure_fixed,New York -> Washington DC & Washington DC -> New York,5,New York,Atlanta,1,3.6173128,New York | Washington DC | Atlanta,New York->Washington DC | Washington DC->Atlanta,1
30,abilene,11,0.8,moving_average,critical_failure_fixed,Denver -> Kansas City & Kansas City -> Denver,1,Chicago,Sunnyvale,1,6.1511684,Chicago | Indianapolis | Kansas City | Denver | Sunnyvale,Chicago->Indianapolis | Indianapolis->Kansas City | Kansas City->Denver | Denver->Sunnyvale,1
30,abilene,11,0.8,moving_average,critical_failure_fixed,Denver -> Kansas City & Kansas City -> Denver,2,Kansas City,Sunnyvale,1,5.4051804,Kansas City | Denver | Sunnyvale,Kansas City->Denver | Denver->Sunnyvale,1
30,abilene,11,0.8,moving_average,critical_failure_fixed,Denver -> Kansas City & Kansas City -> Denver,3,Atlanta,Sunnyvale,1,5.2086047,Atlanta | Indianapolis | Kansas City | Denver | Sunnyvale,Atlanta->Indianapolis | Indianapolis->Kansas City | Kansas City->Denver | Denver->Sunnyvale,1
30,abilene,11,0.8,moving_average,critical_failure_fixed,Denver -> Kansas City & Kansas City -> Denver,4,Denver,Washington DC,1,5.0833007,Denver | Kansas City | Indianapolis | Atlanta | Washington DC,Denver->Kansas City | Kansas City->Indianapolis | Indianapolis->Atlanta | Atlanta->Washington DC,1
30,abilene,11,0.8,moving_average,critical_failure_fixed,Denver -> Kansas City & Kansas City -> Denver,5,Indianapolis,Seattle,1,5.0674924,Indianapolis | Kansas City | Denver | Seattle,Indianapolis->Kansas City | Kansas City->Denver | Denver->Seattle,1
30,abilene,11,0.8,moving_average,random_failure_fixed,New York -> Washington DC & Washington DC -> New York,1,New York,Los Angeles,1,5.3254713,New York | Washington DC | Atlanta | Houston | Los Angeles,New York->Washington DC | Washington DC->Atlanta | Atlanta->Houston | Houston->Los Angeles,1
30,abilene,11,0.8,moving_average,random_failure_fixed,New York -> Washington DC & Washington DC -> New York,2,Sunnyvale,New York,1,5.1552506,Sunnyvale | Los Angeles | Houston | Atlanta | Washington DC | New York,Sunnyvale->Los Angeles | Los Angeles->Houston | Houston->Atlanta | Atlanta->Washington DC | Washington DC->New York,1
30,abilene,11,0.8,moving_average,random_failure_fixed,New York -> Washington DC & Washington DC -> New York,3,New York,Houston,1,5.0283841,New York | Washington DC | Atlanta | Houston,New York->Washington DC | Washington DC->Atlanta | Atlanta->Houston,1
30,abilene,11,0.8,moving_average,random_failure_fixed,New York -> Washington DC & Washington DC -> New York,4,New York,Washington DC,1,4.3038352,New York | Washington DC,New York->Washington DC,1
30,abilene,11,0.8,moving_average,random_failure_fixed,New York -> Washington DC & Washington DC -> New York,5,New York,Atlanta,1,4.2153455,New York | Washington DC | Atlanta,New York->Washington DC | Washington DC->Atlanta,1
30,abilene,11,0.8,linear_autoregressive,critical_failure_fixed,Kansas City -> Indianapolis & Indianapolis -> Kansas City,1,Atlanta,Sunnyvale,1,4.1812345,Atlanta | Indianapolis | Kansas City | Denver | Sunnyvale,Atlanta->Indianapolis | Indianapolis->Kansas City | Kansas City->Denver | Denver->Sunnyvale,1
30,abilene,11,0.8,linear_autoregressive,critical_failure_fixed,Kansas City -> Indianapolis & Indianapolis -> Kansas City,2,Denver,Washington DC,1,4.1557,Denver | Kansas City | Indianapolis | Atlanta | Washington DC,Denver->Kansas City | Kansas City->Indianapolis | Indianapolis->Atlanta | Atlanta->Washington DC,1
30,abilene,11,0.8,linear_autoregressive,critical_failure_fixed,Kansas City -> Indianapolis & Indianapolis -> Kansas City,3,Seattle,New York,1,4.1427183,Seattle | Denver | Kansas City | Indianapolis | Chicago | New York,Seattle->Denver | Denver->Kansas City | Kansas City->Indianapolis | Indianapolis->Chicago | Chicago->New York,1
30,abilene,11,0.8,linear_autoregressive,critical_failure_fixed,Kansas City -> Indianapolis & Indianapolis -> Kansas City,4,Indianapolis,Seattle,1,4.1081233,Indianapolis | Kansas City | Denver | Seattle,Indianapolis->Kansas City | Kansas City->Denver | Denver->Seattle,1
30,abilene,11,0.8,linear_autoregressive,critical_failure_fixed,Kansas City -> Indianapolis & Indianapolis -> Kansas City,5,Chicago,Sunnyvale,1,4.0872892,Chicago | Indianapolis | Kansas City | Denver | Sunnyvale,Chicago->Indianapolis | Indianapolis->Kansas City | Kansas City->Denver | Denver->Sunnyvale,1
30,abilene,11,0.8,linear_autoregressive,random_failure_fixed,New York -> Washington DC & Washington DC -> New York,1,New York,Los Angeles,1,4.3066771,New York | Washington DC | Atlanta | Houston | Los Angeles,New York->Washington DC | Washington DC->Atlanta | Atlanta->Houston | Houston->Los Angeles,1
30,abilene,11,0.8,linear_autoregressive,random_failure_fixed,New York -> Washington DC & Washington DC -> New York,2,Sunnyvale,New York,1,4.2541007,Sunnyvale | Los Angeles | Houston | Atlanta | Washington DC | New York,Sunnyvale->Los Angeles | Los Angeles->Houston | Houston->Atlanta | Atlanta->Washington DC | Washington DC->New York,1
30,abilene,11,0.8,linear_autoregressive,random_failure_fixed,New York -> Washington DC & Washington DC -> New York,3,New York,Houston,1,4.1722393,New York | Washington DC | Atlanta | Houston,New York->Washington DC | Washington DC->Atlanta | Atlanta->Houston,1
30,abilene,11,0.8,linear_autoregressive,random_failure_fixed,New York -> Washington DC & Washington DC -> New York,4,Los Angeles,New York,1,3.5570399,Los Angeles | Houston | Atlanta | Washington DC | New York,Los Angeles->Houston | Houston->Atlanta | Atlanta->Washington DC | Washington DC->New York,1
30,abilene,11,0.8,linear_autoregressive,random_failure_fixed,New York -> Washington DC & Washington DC -> New York,5,Atlanta,New York,1,3.4716413,Atlanta | Washington DC | New York,Atlanta->Washington DC | Washington DC->New York,1
30,abilene,11,0.8,lstm,critical_failure_fixed,Denver -> Kansas City & Kansas City -> Denver,1,Kansas City,Sunnyvale,1,4.1926012,Kansas City | Denver | Sunnyvale,Kansas City->Denver | Denver->Sunnyvale,1
30,abilene,11,0.8,lstm,critical_failure_fixed,Denver -> Kansas City & Kansas City -> Denver,2,Denver,Washington DC,1,4.1237659,Denver | Kansas City | Indianapolis | Atlanta | Washington DC,Denver->Kansas City | Kansas City->Indianapolis | Indianapolis->Atlanta | Atlanta->Washington DC,1
30,abilene,11,0.8,lstm,critical_failure_fixed,Denver -> Kansas City & Kansas City -> Denver,3,Atlanta,Sunnyvale,1,4.1221619,Atlanta | Indianapolis | Kansas City | Denver | Sunnyvale,Atlanta->Indianapolis | Indianapolis->Kansas City | Kansas City->Denver | Denver->Sunnyvale,1
30,abilene,11,0.8,lstm,critical_failure_fixed,Denver -> Kansas City & Kansas City -> Denver,4,Seattle,New York,1,4.0936832,Seattle | Denver | Kansas City | Indianapolis | Chicago | New York,Seattle->Denver | Denver->Kansas City | Kansas City->Indianapolis | Indianapolis->Chicago | Chicago->New York,1
30,abilene,11,0.8,lstm,critical_failure_fixed,Denver -> Kansas City & Kansas City -> Denver,5,Indianapolis,Seattle,1,4.0658789,Indianapolis | Kansas City | Denver | Seattle,Indianapolis->Kansas City | Kansas City->Denver | Denver->Seattle,1
30,abilene,11,0.8,lstm,random_failure_fixed,New York -> Washington DC & Washington DC -> New York,1,New York,Los Angeles,1,4.2928081,New York | Washington DC | Atlanta | Houston | Los Angeles,New York->Washington DC | Washington DC->Atlanta | Atlanta->Houston | Houston->Los Angeles,1
30,abilene,11,0.8,lstm,random_failure_fixed,New York -> Washington DC & Washington DC -> New York,2,New York,Houston,1,4.2444348,New York | Washington DC | Atlanta | Houston,New York->Washington DC | Washington DC->Atlanta | Atlanta->Houston,1
30,abilene,11,0.8,lstm,random_failure_fixed,New York -> Washington DC & Washington DC -> New York,3,Sunnyvale,New York,1,4.0476966,Sunnyvale | Los Angeles | Houston | Atlanta | Washington DC | New York,Sunnyvale->Los Angeles | Los Angeles->Houston | Houston->Atlanta | Atlanta->Washington DC | Washington DC->New York,1
30,abilene,11,0.8,lstm,random_failure_fixed,New York -> Washington DC & Washington DC -> New York,4,Atlanta,New York,1,3.4321256,Atlanta | Washington DC | New York,Atlanta->Washington DC | Washington DC->New York,1
30,abilene,11,0.8,lstm,random_failure_fixed,New York -> Washington DC & Washington DC -> New York,5,New York,Washington DC,1,3.4052293,New York | Washington DC,New York->Washington DC,1
30,abilene,11,0.8,uncertainty_aware_lstm_robust_lp,critical_failure_fixed,Denver -> Kansas City & Kansas City -> Denver,1,Kansas City,Sunnyvale,1,4.4116249,Kansas City | Denver | Sunnyvale,Kansas City->Denver | Denver->Sunnyvale,1
30,abilene,11,0.8,uncertainty_aware_lstm_robust_lp,critical_failure_fixed,Denver -> Kansas City & Kansas City -> Denver,2,Denver,Washington DC,1,4.3088555,Denver | Kansas City | Indianapolis | Atlanta | Washington DC,Denver->Kansas City | Kansas City->Indianapolis | Indianapolis->Atlanta | Atlanta->Washington DC,1
30,abilene,11,0.8,uncertainty_aware_lstm_robust_lp,critical_failure_fixed,Denver -> Kansas City & Kansas City -> Denver,3,Chicago,Sunnyvale,1,4.2925715,Chicago | Indianapolis | Kansas City | Denver | Sunnyvale,Chicago->Indianapolis | Indianapolis->Kansas City | Kansas City->Denver | Denver->Sunnyvale,1
30,abilene,11,0.8,uncertainty_aware_lstm_robust_lp,critical_failure_fixed,Denver -> Kansas City & Kansas City -> Denver,4,Seattle,New York,1,4.2874012,Seattle | Denver | Kansas City | Indianapolis | Chicago | New York,Seattle->Denver | Denver->Kansas City | Kansas City->Indianapolis | Indianapolis->Chicago | Chicago->New York,1
30,abilene,11,0.8,uncertainty_aware_lstm_robust_lp,critical_failure_fixed,Denver -> Kansas City & Kansas City -> Denver,5,Indianapolis,Seattle,1,4.2656898,Indianapolis | Kansas City | Denver | Seattle,Indianapolis->Kansas City | Kansas City->Denver | Denver->Seattle,1
30,abilene,11,0.8,uncertainty_aware_lstm_robust_lp,random_failure_fixed,New York -> Washington DC & Washington DC -> New York,1,New York,Los Angeles,1,4.5175171,New York | Washington DC | Atlanta | Houston | Los Angeles,New York->Washington DC | Washington DC->Atlanta | Atlanta->Houston | Houston->Los Angeles,1
30,abilene,11,0.8,uncertainty_aware_lstm_robust_lp,random_failure_fixed,New York -> Washington DC & Washington DC -> New York,2,New York,Houston,1,4.4555297,New York | Washington DC | Atlanta | Houston,New York->Washington DC | Washington DC->Atlanta | Atlanta->Houston,1
30,abilene,11,0.8,uncertainty_aware_lstm_robust_lp,random_failure_fixed,New York -> Washington DC & Washington DC -> New York,3,New York,Washington DC,1,3.5844176,New York | Washington DC,New York->Washington DC,1
30,abilene,11,0.8,uncertainty_aware_lstm_robust_lp,random_failure_fixed,New York -> Washington DC & Washington DC -> New York,4,Atlanta,New York,1,3.5769382,Atlanta | Washington DC | New York,Atlanta->Washington DC | Washington DC->New York,1
30,abilene,11,0.8,uncertainty_aware_lstm_robust_lp,random_failure_fixed,New York -> Washington DC & Washington DC -> New York,5,New York,Atlanta,1,3.569037,New York | Washington DC | Atlanta,New York->Washington DC | Washington DC->Atlanta,1
31,abilene,11,0.8,current_demand_lp,critical_failure_fixed,Kansas City -> Indianapolis & Indianapolis -> Kansas City,1,Seattle,New York,1,3.5262737,Seattle | Denver | Kansas City | Indianapolis | Chicago | New York,Seattle->Denver | Denver->Kansas City | Kansas City->Indianapolis | Indianapolis->Chicago | Chicago->New York,1
31,abilene,11,0.8,current_demand_lp,critical_failure_fixed,Kansas City -> Indianapolis & Indianapolis -> Kansas City,2,Kansas City,New York,1,3.5087702,Kansas City | Indianapolis | Chicago | New York,Kansas City->Indianapolis | Indianapolis->Chicago | Chicago->New York,1
31,abilene,11,0.8,current_demand_lp,critical_failure_fixed,Kansas City -> Indianapolis & Indianapolis -> Kansas City,3,Denver,Washington DC,1,3.4935772,Denver | Kansas City | Indianapolis | Atlanta | Washington DC,Denver->Kansas City | Kansas City->Indianapolis | Indianapolis->Atlanta | Atlanta->Washington DC,1
31,abilene,11,0.8,current_demand_lp,critical_failure_fixed,Kansas City -> Indianapolis & Indianapolis -> Kansas City,4,Sunnyvale,Indianapolis,1,3.4308039,Sunnyvale | Denver | Kansas City | Indianapolis,Sunnyvale->Denver | Denver->Kansas City | Kansas City->Indianapolis,1
31,abilene,11,0.8,current_demand_lp,critical_failure_fixed,Kansas City -> Indianapolis & Indianapolis -> Kansas City,5,Atlanta,Seattle,1,3.3701354,Atlanta | Indianapolis | Kansas City | Denver | Seattle,Atlanta->Indianapolis | Indianapolis->Kansas City | Kansas City->Denver | Denver->Seattle,1
31,abilene,11,0.8,current_demand_lp,random_failure_fixed,Sunnyvale -> Denver & Denver -> Sunnyvale,1,Kansas City,Sunnyvale,1,3.8474173,Kansas City | Denver | Sunnyvale,Kansas City->Denver | Denver->Sunnyvale,1
31,abilene,11,0.8,current_demand_lp,random_failure_fixed,Sunnyvale -> Denver & Denver -> Sunnyvale,2,Sunnyvale,Indianapolis,1,3.4308039,Sunnyvale | Denver | Kansas City | Indianapolis,Sunnyvale->Denver | Denver->Kansas City | Kansas City->Indianapolis,1
31,abilene,11,0.8,current_demand_lp,random_failure_fixed,Sunnyvale -> Denver & Denver -> Sunnyvale,3,Chicago,Sunnyvale,1,3.3266846,Chicago | Indianapolis | Kansas City | Denver | Sunnyvale,Chicago->Indianapolis | Indianapolis->Kansas City | Kansas City->Denver | Denver->Sunnyvale,1
31,abilene,11,0.8,current_demand_lp,random_failure_fixed,Sunnyvale -> Denver & Denver -> Sunnyvale,4,Los Angeles,Denver,1,3.2745549,Los Angeles | Sunnyvale | Denver,Los Angeles->Sunnyvale | Sunnyvale->Denver,1
31,abilene,11,0.8,current_demand_lp,random_failure_fixed,Sunnyvale -> Denver & Denver -> Sunnyvale,5,Atlanta,Sunnyvale,1,3.1979042,Atlanta | Indianapolis | Kansas City | Denver | Sunnyvale,Atlanta->Indianapolis | Indianapolis->Kansas City | Kansas City->Denver | Denver->Sunnyvale,1
31,abilene,11,0.8,robust_current_demand_lp,critical_failure_fixed,Kansas City -> Indianapolis & Indianapolis -> Kansas City,1,Washington DC,Denver,1,3.9180282,Washington DC | Atlanta | Indianapolis | Kansas City | Denver,Washington DC->Atlanta | Atlanta->Indianapolis | Indianapolis->Kansas City | Kansas City->Denver,1
31,abilene,11,0.8,robust_current_demand_lp,critical_failure_fixed,Kansas City -> Indianapolis & Indianapolis -> Kansas City,2,Sunnyvale,New York,1,3.6581291,Sunnyvale | Denver | Kansas City | Indianapolis | Chicago | New York,Sunnyvale->Denver | Denver->Kansas City | Kansas City->Indianapolis | Indianapolis->Chicago | Chicago->New York,1
31,abilene,11,0.8,robust_current_demand_lp,critical_failure_fixed,Kansas City -> Indianapolis & Indianapolis -> Kansas City,3,Seattle,New York,1,3.5262737,Seattle | Denver | Kansas City | Indianapolis | Chicago | New York,Seattle->Denver | Denver->Kansas City | Kansas City->Indianapolis | Indianapolis->Chicago | Chicago->New York,1
31,abilene,11,0.8,robust_current_demand_lp,critical_failure_fixed,Kansas City -> Indianapolis & Indianapolis -> Kansas City,4,Kansas City,New York,1,3.5087702,Kansas City | Indianapolis | Chicago | New York,Kansas City->Indianapolis | Indianapolis->Chicago | Chicago->New York,1
31,abilene,11,0.8,robust_current_demand_lp,critical_failure_fixed,Kansas City -> Indianapolis & Indianapolis -> Kansas City,5,Denver,Washington DC,1,3.4935772,Denver | Kansas City | Indianapolis | Atlanta | Washington DC,Denver->Kansas City | Kansas City->Indianapolis | Indianapolis->Atlanta | Atlanta->Washington DC,1
31,abilene,11,0.8,robust_current_demand_lp,random_failure_fixed,Sunnyvale -> Denver & Denver -> Sunnyvale,1,Kansas City,Sunnyvale,1,3.8474173,Kansas City | Denver | Sunnyvale,Kansas City->Denver | Denver->Sunnyvale,1
31,abilene,11,0.8,robust_current_demand_lp,random_failure_fixed,Sunnyvale -> Denver & Denver -> Sunnyvale,2,Sunnyvale,New York,1,3.6581291,Sunnyvale | Denver | Kansas City | Indianapolis | Chicago | New York,Sunnyvale->Denver | Denver->Kansas City | Kansas City->Indianapolis | Indianapolis->Chicago | Chicago->New York,1
31,abilene,11,0.8,robust_current_demand_lp,random_failure_fixed,Sunnyvale -> Denver & Denver -> Sunnyvale,3,Sunnyvale,Indianapolis,1,3.4308039,Sunnyvale | Denver | Kansas City | Indianapolis,Sunnyvale->Denver | Denver->Kansas City | Kansas City->Indianapolis,1
31,abilene,11,0.8,robust_current_demand_lp,random_failure_fixed,Sunnyvale -> Denver & Denver -> Sunnyvale,4,Chicago,Sunnyvale,1,3.3266846,Chicago | Indianapolis | Kansas City | Denver | Sunnyvale,Chicago->Indianapolis | Indianapolis->Kansas City | Kansas City->Denver | Denver->Sunnyvale,1
31,abilene,11,0.8,robust_current_demand_lp,random_failure_fixed,Sunnyvale -> Denver & Denver -> Sunnyvale,5,Los Angeles,Denver,1,3.2745549,Los Angeles | Sunnyvale | Denver,Los Angeles->Sunnyvale | Sunnyvale->Denver,1
31,abilene,11,0.8,moving_average,critical_failure_fixed,Kansas City -> Indianapolis & Indianapolis -> Kansas City,1,Atlanta,Sunnyvale,1,4.5802248,Atlanta | Indianapolis | Kansas City | Denver | Sunnyvale,Atlanta->Indianapolis | Indianapolis->Kansas City | Kansas City->Denver | Denver->Sunnyvale,1
31,abilene,11,0.8,moving_average,critical_failure_fixed,Kansas City -> Indianapolis & Indianapolis -> Kansas City,2,Denver,Washington DC,1,4.4710959,Denver | Kansas City | Indianapolis | Atlanta | Washington DC,Denver->Kansas City | Kansas City->Indianapolis | Indianapolis->Atlanta | Atlanta->Washington DC,1
31,abilene,11,0.8,moving_average,critical_failure_fixed,Kansas City -> Indianapolis & Indianapolis -> Kansas City,3,Kansas City,New York,1,4.4699418,Kansas City | Indianapolis | Chicago | New York,Kansas City->Indianapolis | Indianapolis->Chicago | Chicago->New York,1
31,abilene,11,0.8,moving_average,critical_failure_fixed,Kansas City -> Indianapolis & Indianapolis -> Kansas City,4,Sunnyvale,Indianapolis,1,4.441225,Sunnyvale | Denver | Kansas City | Indianapolis,Sunnyvale->Denver | Denver->Kansas City | Kansas City->Indianapolis,1
31,abilene,11,0.8,moving_average,critical_failure_fixed,Kansas City -> Indianapolis & Indianapolis -> Kansas City,5,Seattle,New York,1,4.4250295,Seattle | Denver | Kansas City | Indianapolis | Chicago | New York,Seattle->Denver | Denver->Kansas City | Kansas City->Indianapolis | Indianapolis->Chicago | Chicago->New York,1
31,abilene,11,0.8,moving_average,random_failure_fixed,Sunnyvale -> Denver & Denver -> Sunnyvale,1,Kansas City,Sunnyvale,1,4.8586799,Kansas City | Denver | Sunnyvale,Kansas City->Denver | Denver->Sunnyvale,1
31,abilene,11,0.8,moving_average,random_failure_fixed,Sunnyvale -> Denver & Denver -> Sunnyvale,2,Atlanta,Sunnyvale,1,4.5802248,Atlanta | Indianapolis | Kansas City | Denver | Sunnyvale,Atlanta->Indianapolis | Indianapolis->Kansas City | Kansas City->Denver | Denver->Sunnyvale,1
31,abilene,11,0.8,moving_average,random_failure_fixed,Sunnyvale -> Denver & Denver -> Sunnyvale,3,Sunnyvale,Indianapolis,1,4.441225,Sunnyvale | Denver | Kansas City | Indianapolis,Sunnyvale->Denver | Denver->Kansas City | Kansas City->Indianapolis,1
31,abilene,11,0.8,moving_average,random_failure_fixed,Sunnyvale -> Denver & Denver -> Sunnyvale,4,Chicago,Sunnyvale,1,4.3035399,Chicago | Indianapolis | Kansas City | Denver | Sunnyvale,Chicago->Indianapolis | Indianapolis->Kansas City | Kansas City->Denver | Denver->Sunnyvale,1
31,abilene,11,0.8,moving_average,random_failure_fixed,Sunnyvale -> Denver & Denver -> Sunnyvale,5,Denver,Sunnyvale,1,4.1569878,Denver | Sunnyvale,Denver->Sunnyvale,1
31,abilene,11,0.8,linear_autoregressive,critical_failure_fixed,Denver -> Kansas City & Kansas City -> Denver,1,Chicago,Sunnyvale,1,3.5464348,Chicago | Indianapolis | Kansas City | Denver | Sunnyvale,Chicago->Indianapolis | Indianapolis->Kansas City | Kansas City->Denver | Denver->Sunnyvale,1
31,abilene,11,0.8,linear_autoregressive,critical_failure_fixed,Denver -> Kansas City & Kansas City -> Denver,2,Seattle,New York,1,3.4343724,Seattle | Denver | Kansas City | Indianapolis | Chicago | New York,Seattle->Denver | Denver->Kansas City | Kansas City->Indianapolis | Indianapolis->Chicago | Chicago->New York,1
31,abilene,11,0.8,linear_autoregressive,critical_failure_fixed,Denver -> Kansas City & Kansas City -> Denver,3,Atlanta,Sunnyvale,1,3.3666443,Atlanta | Indianapolis | Kansas City | Denver | Sunnyvale,Atlanta->Indianapolis | Indianapolis->Kansas City | Kansas City->Denver | Denver->Sunnyvale,1
31,abilene,11,0.8,linear_autoregressive,critical_failure_fixed,Denver -> Kansas City & Kansas City -> Denver,4,Kansas City,Sunnyvale,1,3.2852669,Kansas City | Denver | Sunnyvale,Kansas City->Denver | Denver->Sunnyvale,1
31,abilene,11,0.8,linear_autoregressive,critical_failure_fixed,Denver -> Kansas City & Kansas City -> Denver,5,Washington DC,Denver,1,3.2717351,Washington DC | Atlanta | Houston | Kansas City | Denver,Washington DC->Atlanta | Atlanta->Houston | Houston->Kansas City | Kansas City->Denver,1
31,abilene,11,0.8,linear_autoregressive,random_failure_fixed,Sunnyvale -> Denver & Denver -> Sunnyvale,1,Chicago,Sunnyvale,1,3.5464348,Chicago | Indianapolis | Kansas City | Denver | Sunnyvale,Chicago->Indianapolis | Indianapolis->Kansas City | Kansas City->Denver | Denver->Sunnyvale,1
31,abilene,11,0.8,linear_autoregressive,random_failure_fixed,Sunnyvale -> Denver & Denver -> Sunnyvale,2,Atlanta,Sunnyvale,1,3.3666443,Atlanta | Indianapolis | Kansas City | Denver | Sunnyvale,Atlanta->Indianapolis | Indianapolis->Kansas City | Kansas City->Denver | Denver->Sunnyvale,1
31,abilene,11,0.8,linear_autoregressive,random_failure_fixed,Sunnyvale -> Denver & Denver -> Sunnyvale,3,Kansas City,Sunnyvale,1,3.2852669,Kansas City | Denver | Sunnyvale,Kansas City->Denver | Denver->Sunnyvale,1
31,abilene,11,0.8,linear_autoregressive,random_failure_fixed,Sunnyvale -> Denver & Denver -> Sunnyvale,4,Sunnyvale,Indianapolis,1,3.1396496,Sunnyvale | Denver | Kansas City | Indianapolis,Sunnyvale->Denver | Denver->Kansas City | Kansas City->Indianapolis,1
31,abilene,11,0.8,linear_autoregressive,random_failure_fixed,Sunnyvale -> Denver & Denver -> Sunnyvale,5,Los Angeles,Denver,1,3.0385906,Los Angeles | Sunnyvale | Denver,Los Angeles->Sunnyvale | Sunnyvale->Denver,1
31,abilene,11,0.8,lstm,critical_failure_fixed,Denver -> Kansas City & Kansas City -> Denver,1,Kansas City,Sunnyvale,1,4.1926012,Kansas City | Denver | Sunnyvale,Kansas City->Denver | Denver->Sunnyvale,1
31,abilene,11,0.8,lstm,critical_failure_fixed,Denver -> Kansas City & Kansas City -> Denver,2,Denver,Washington DC,1,4.1237659,Denver | Kansas City | Indianapolis | Atlanta | Washington DC,Denver->Kansas City | Kansas City->Indianapolis | Indianapolis->Atlanta | Atlanta->Washington DC,1
31,abilene,11,0.8,lstm,critical_failure_fixed,Denver -> Kansas City & Kansas City -> Denver,3,Atlanta,Sunnyvale,1,4.1221619,Atlanta | Indianapolis | Kansas City | Denver | Sunnyvale,Atlanta->Indianapolis | Indianapolis->Kansas City | Kansas City->Denver | Denver->Sunnyvale,1
31,abilene,11,0.8,lstm,critical_failure_fixed,Denver -> Kansas City & Kansas City -> Denver,4,Seattle,New York,1,4.0936832,Seattle | Denver | Kansas City | Indianapolis | Chicago | New York,Seattle->Denver | Denver->Kansas City | Kansas City->Indianapolis | Indianapolis->Chicago | Chicago->New York,1
31,abilene,11,0.8,lstm,critical_failure_fixed,Denver -> Kansas City & Kansas City -> Denver,5,Indianapolis,Seattle,1,4.0658789,Indianapolis | Kansas City | Denver | Seattle,Indianapolis->Kansas City | Kansas City->Denver | Denver->Seattle,1
31,abilene,11,0.8,lstm,random_failure_fixed,Sunnyvale -> Denver & Denver -> Sunnyvale,1,Kansas City,Sunnyvale,1,4.1926012,Kansas City | Denver | Sunnyvale,Kansas City->Denver | Denver->Sunnyvale,1
31,abilene,11,0.8,lstm,random_failure_fixed,Sunnyvale -> Denver & Denver -> Sunnyvale,2,Atlanta,Sunnyvale,1,4.1221619,Atlanta | Indianapolis | Kansas City | Denver | Sunnyvale,Atlanta->Indianapolis | Indianapolis->Kansas City | Kansas City->Denver | Denver->Sunnyvale,1
31,abilene,11,0.8,lstm,random_failure_fixed,Sunnyvale -> Denver & Denver -> Sunnyvale,3,Chicago,Sunnyvale,1,4.0210824,Chicago | Indianapolis | Kansas City | Denver | Sunnyvale,Chicago->Indianapolis | Indianapolis->Kansas City | Kansas City->Denver | Denver->Sunnyvale,1
31,abilene,11,0.8,lstm,random_failure_fixed,Sunnyvale -> Denver & Denver -> Sunnyvale,4,Sunnyvale,Indianapolis,1,3.9333792,Sunnyvale | Denver | Kansas City | Indianapolis,Sunnyvale->Denver | Denver->Kansas City | Kansas City->Indianapolis,1
31,abilene,11,0.8,lstm,random_failure_fixed,Sunnyvale -> Denver & Denver -> Sunnyvale,5,Los Angeles,Denver,1,3.8127501,Los Angeles | Sunnyvale | Denver,Los Angeles->Sunnyvale | Sunnyvale->Denver,1
31,abilene,11,0.8,uncertainty_aware_lstm_robust_lp,critical_failure_fixed,Denver -> Kansas City & Kansas City -> Denver,1,Kansas City,Sunnyvale,1,4.4116249,Kansas City | Denver | Sunnyvale,Kansas City->Denver | Denver->Sunnyvale,1
31,abilene,11,0.8,uncertainty_aware_lstm_robust_lp,critical_failure_fixed,Denver -> Kansas City & Kansas City -> Denver,2,Denver,Washington DC,1,4.3088555,Denver | Kansas City | Indianapolis | Atlanta | Washington DC,Denver->Kansas City | Kansas City->Indianapolis | Indianapolis->Atlanta | Atlanta->Washington DC,1
31,abilene,11,0.8,uncertainty_aware_lstm_robust_lp,critical_failure_fixed,Denver -> Kansas City & Kansas City -> Denver,3,Chicago,Sunnyvale,1,4.2925715,Chicago | Indianapolis | Kansas City | Denver | Sunnyvale,Chicago->Indianapolis | Indianapolis->Kansas City | Kansas City->Denver | Denver->Sunnyvale,1
31,abilene,11,0.8,uncertainty_aware_lstm_robust_lp,critical_failure_fixed,Denver -> Kansas City & Kansas City -> Denver,4,Seattle,New York,1,4.2874012,Seattle | Denver | Kansas City | Indianapolis | Chicago | New York,Seattle->Denver | Denver->Kansas City | Kansas City->Indianapolis | Indianapolis->Chicago | Chicago->New York,1
31,abilene,11,0.8,uncertainty_aware_lstm_robust_lp,critical_failure_fixed,Denver -> Kansas City & Kansas City -> Denver,5,Indianapolis,Seattle,1,4.2656898,Indianapolis | Kansas City | Denver | Seattle,Indianapolis->Kansas City | Kansas City->Denver | Denver->Seattle,1
31,abilene,11,0.8,uncertainty_aware_lstm_robust_lp,random_failure_fixed,Sunnyvale -> Denver & Denver -> Sunnyvale,1,Kansas City,Sunnyvale,1,4.4116249,Kansas City | Denver | Sunnyvale,Kansas City->Denver | Denver->Sunnyvale,1
31,abilene,11,0.8,uncertainty_aware_lstm_robust_lp,random_failure_fixed,Sunnyvale -> Denver & Denver -> Sunnyvale,2,Chicago,Sunnyvale,1,4.2925715,Chicago | Indianapolis | Kansas City | Denver | Sunnyvale,Chicago->Indianapolis | Indianapolis->Kansas City | Kansas City->Denver | Denver->Sunnyvale,1
31,abilene,11,0.8,uncertainty_aware_lstm_robust_lp,random_failure_fixed,Sunnyvale -> Denver & Denver -> Sunnyvale,3,Sunnyvale,New York,1,4.2239099,Sunnyvale | Denver | Kansas City | Indianapolis | Chicago | New York,Sunnyvale->Denver | Denver->Kansas City | Kansas City->Indianapolis | Indianapolis->Chicago | Chicago->New York,1
31,abilene,11,0.8,uncertainty_aware_lstm_robust_lp,random_failure_fixed,Sunnyvale -> Denver & Denver -> Sunnyvale,4,Sunnyvale,Indianapolis,1,4.1234279,Sunnyvale | Denver | Kansas City | Indianapolis,Sunnyvale->Denver | Denver->Kansas City | Kansas City->Indianapolis,1
31,abilene,11,0.8,uncertainty_aware_lstm_robust_lp,random_failure_fixed,Sunnyvale -> Denver & Denver -> Sunnyvale,5,Los Angeles,Denver,1,3.9977248,Los Angeles | Sunnyvale | Denver,Los Angeles->Sunnyvale | Sunnyvale->Denver,1
32,abilene,11,0.8,current_demand_lp,critical_failure_fixed,Kansas City -> Indianapolis & Indianapolis -> Kansas City,1,Denver,Washington DC,1,3.489484,Denver | Kansas City | Indianapolis | Atlanta | Washington DC,Denver->Kansas City | Kansas City->Indianapolis | Indianapolis->Atlanta | Atlanta->Washington DC,1
32,abilene,11,0.8,current_demand_lp,critical_failure_fixed,Kansas City -> Indianapolis & Indianapolis -> Kansas City,2,Indianapolis,Seattle,1,3.3352323,Indianapolis | Kansas City | Denver | Seattle,Indianapolis->Kansas City | Kansas City->Denver | Denver->Seattle,1
32,abilene,11,0.8,current_demand_lp,critical_failure_fixed,Kansas City -> Indianapolis & Indianapolis -> Kansas City,3,Seattle,New York,1,3.2104801,Seattle | Denver | Kansas City | Indianapolis | Chicago | New York,Seattle->Denver | Denver->Kansas City | Kansas City->Indianapolis | Indianapolis->Chicago | Chicago->New York,1
32,abilene,11,0.8,current_demand_lp,critical_failure_fixed,Kansas City -> Indianapolis & Indianapolis -> Kansas City,4,Atlanta,Seattle,1,3.143132,Atlanta | Indianapolis | Kansas City | Denver | Seattle,Atlanta->Indianapolis | Indianapolis->Kansas City | Kansas City->Denver | Denver->Seattle,1
32,abilene,11,0.8,current_demand_lp,critical_failure_fixed,Kansas City -> Indianapolis & Indianapolis -> Kansas City,5,Sunnyvale,Indianapolis,1,3.0758314,Sunnyvale | Denver | Kansas City | Indianapolis,Sunnyvale->Denver | Denver->Kansas City | Kansas City->Indianapolis,1
32,abilene,11,0.8,current_demand_lp,random_failure_fixed,Houston -> Atlanta & Atlanta -> Houston,1,Houston,Atlanta,1,3.5283466,Houston | Atlanta,Houston->Atlanta,1
32,abilene,11,0.8,current_demand_lp,random_failure_fixed,Houston -> Atlanta & Atlanta -> Houston,2,Sunnyvale,New York,1,3.3399253,Sunnyvale | Los Angeles | Houston | Atlanta | Washington DC | New York,Sunnyvale->Los Angeles | Los Angeles->Houston | Houston->Atlanta | Atlanta->Washington DC | Washington DC->New York,1
32,abilene,11,0.8,current_demand_lp,random_failure_fixed,Houston -> Atlanta & Atlanta -> Houston,3,New York,Los Angeles,1,3.3100945,New York | Washington DC | Atlanta | Houston | Los Angeles,New York->Washington DC | Washington DC->Atlanta | Atlanta->Houston | Houston->Los Angeles,1
32,abilene,11,0.8,current_demand_lp,random_failure_fixed,Houston -> Atlanta & Atlanta -> Houston,4,Washington DC,Los Angeles,1,3.23056,Washington DC | Atlanta | Houston | Los Angeles,Washington DC->Atlanta | Atlanta->Houston | Houston->Los Angeles,1
32,abilene,11,0.8,current_demand_lp,random_failure_fixed,Houston -> Atlanta & Atlanta -> Houston,5,New York,Houston,1,2.9548345,New York | Washington DC | Atlanta | Houston,New York->Washington DC | Washington DC->Atlanta | Atlanta->Houston,1
32,abilene,11,0.8,robust_current_demand_lp,critical_failure_fixed,Denver -> Kansas City & Kansas City -> Denver,1,Denver,Washington DC,1,3.489484,Denver | Kansas City | Indianapolis | Atlanta | Washington DC,Denver->Kansas City | Kansas City->Indianapolis | Indianapolis->Atlanta | Atlanta->Washington DC,1
32,abilene,11,0.8,robust_current_demand_lp,critical_failure_fixed,Denver -> Kansas City & Kansas City -> Denver,2,Sunnyvale,New York,1,3.3399253,Sunnyvale | Denver | Kansas City | Indianapolis | Chicago | New York,Sunnyvale->Denver | Denver->Kansas City | Kansas City->Indianapolis | Indianapolis->Chicago | Chicago->New York,1
32,abilene,11,0.8,robust_current_demand_lp,critical_failure_fixed,Denver -> Kansas City & Kansas City -> Denver,3,Indianapolis,Seattle,1,3.3352323,Indianapolis | Kansas City | Denver | Seattle,Indianapolis->Kansas City | Kansas City->Denver | Denver->Seattle,1
32,abilene,11,0.8,robust_current_demand_lp,critical_failure_fixed,Denver -> Kansas City & Kansas City -> Denver,4,Kansas City,Sunnyvale,1,3.2452004,Kansas City | Denver | Sunnyvale,Kansas City->Denver | Denver->Sunnyvale,1
32,abilene,11,0.8,robust_current_demand_lp,critical_failure_fixed,Denver -> Kansas City & Kansas City -> Denver,5,Seattle,New York,1,3.2104801,Seattle | Denver | Kansas City | Indianapolis | Chicago | New York,Seattle->Denver | Denver->Kansas City | Kansas City->Indianapolis | Indianapolis->Chicago | Chicago->New York,1
32,abilene,11,0.8,robust_current_demand_lp,random_failure_fixed,Houston -> Atlanta & Atlanta -> Houston,1,Houston,Atlanta,1,3.5283466,Houston | Atlanta,Houston->Atlanta,1
32,abilene,11,0.8,robust_current_demand_lp,random_failure_fixed,Houston -> Atlanta & Atlanta -> Houston,2,New York,Los Angeles,1,3.3100945,New York | Washington DC | Atlanta | Houston | Los Angeles,New York->Washington DC | Washington DC->Atlanta | Atlanta->Houston | Houston->Los Angeles,1
32,abilene,11,0.8,robust_current_demand_lp,random_failure_fixed,Houston -> Atlanta & Atlanta -> Houston,3,Washington DC,Los Angeles,1,3.23056,Washington DC | Atlanta | Houston | Los Angeles,Washington DC->Atlanta | Atlanta->Houston | Houston->Los Angeles,1
32,abilene,11,0.8,robust_current_demand_lp,random_failure_fixed,Houston -> Atlanta & Atlanta -> Houston,4,New York,Houston,1,2.9548345,New York | Washington DC | Atlanta | Houston,New York->Washington DC | Washington DC->Atlanta | Atlanta->Houston,1
32,abilene,11,0.8,robust_current_demand_lp,random_failure_fixed,Houston -> Atlanta & Atlanta -> Houston,5,Chicago,Los Angeles,1,2.7694184,Chicago | Indianapolis | Atlanta | Houston | Los Angeles,Chicago->Indianapolis | Indianapolis->Atlanta | Atlanta->Houston | Houston->Los Angeles,1
32,abilene,11,0.8,moving_average,critical_failure_fixed,Denver -> Kansas City & Kansas City -> Denver,1,Kansas City,Sunnyvale,1,4.1384427,Kansas City | Denver | Sunnyvale,Kansas City->Denver | Denver->Sunnyvale,1
32,abilene,11,0.8,moving_average,critical_failure_fixed,Denver -> Kansas City & Kansas City -> Denver,2,Denver,Washington DC,1,4.0163909,Denver | Kansas City | Indianapolis | Atlanta | Washington DC,Denver->Kansas City | Kansas City->Indianapolis | Indianapolis->Atlanta | Atlanta->Washington DC,1
32,abilene,11,0.8,moving_average,critical_failure_fixed,Denver -> Kansas City & Kansas City -> Denver,3,Washington DC,Denver,1,3.9566603,Washington DC | Atlanta | Houston | Kansas City | Denver,Washington DC->Atlanta | Atlanta->Houston | Houston->Kansas City | Kansas City->Denver,1
32,abilene,11,0.8,moving_average,critical_failure_fixed,Denver -> Kansas City & Kansas City -> Denver,4,Houston,Seattle,1,3.9291384,Houston | Kansas City | Denver | Seattle,Houston->Kansas City | Kansas City->Denver | Denver->Seattle,1
32,abilene,11,0.8,moving_average,critical_failure_fixed,Denver -> Kansas City & Kansas City -> Denver,5,Atlanta,Seattle,1,3.9263707,Atlanta | Indianapolis | Kansas City | Denver | Seattle,Atlanta->Indianapolis | Indianapolis->Kansas City | Kansas City->Denver | Denver->Seattle,1
32,abilene,11,0.8,moving_average,random_failure_fixed,Houston -> Atlanta & Atlanta -> Houston,1,Houston,Atlanta,1,4.1400428,Houston | Atlanta,Houston->Atlanta,1
32,abilene,11,0.8,moving_average,random_failure_fixed,Houston -> Atlanta & Atlanta -> Houston,2,Sunnyvale,New York,1,4.0352694,Sunnyvale | Los Angeles | Houston | Atlanta | Washington DC | New York,Sunnyvale->Los Angeles | Los Angeles->Houston | Houston->Atlanta | Atlanta->Washington DC | Washington DC->New York,1
32,abilene,11,0.8,moving_average,random_failure_fixed,Houston -> Atlanta & Atlanta -> Houston,3,New York,Los Angeles,1,3.9899839,New York | Washington DC | Atlanta | Houston | Los Angeles,New York->Washington DC | Washington DC->Atlanta | Atlanta->Houston | Houston->Los Angeles,1
32,abilene,11,0.8,moving_average,random_failure_fixed,Houston -> Atlanta & Atlanta -> Houston,4,Washington DC,Denver,1,3.9566603,Washington DC | Atlanta | Houston | Kansas City | Denver,Washington DC->Atlanta | Atlanta->Houston | Houston->Kansas City | Kansas City->Denver,1
32,abilene,11,0.8,moving_average,random_failure_fixed,Houston -> Atlanta & Atlanta -> Houston,5,New York,Houston,1,3.8350498,New York | Washington DC | Atlanta | Houston,New York->Washington DC | Washington DC->Atlanta | Atlanta->Houston,1
32,abilene,11,0.8,linear_autoregressive,critical_failure_fixed,Denver -> Kansas City & Kansas City -> Denver,1,Chicago,Sunnyvale,1,3.3271965,Chicago | Indianapolis | Kansas City | Denver | Sunnyvale,Chicago->Indianapolis | Indianapolis->Kansas City | Kansas City->Denver | Denver->Sunnyvale,1
32,abilene,11,0.8,linear_autoregressive,critical_failure_fixed,Denver -> Kansas City & Kansas City -> Denver,2,Kansas City,Sunnyvale,1,3.1161154,Kansas City | Denver | Sunnyvale,Kansas City->Denver | Denver->Sunnyvale,1
32,abilene,11,0.8,linear_autoregressive,critical_failure_fixed,Denver -> Kansas City & Kansas City -> Denver,3,Indianapolis,Seattle,1,2.9097405,Indianapolis | Kansas City | Denver | Seattle,Indianapolis->Kansas City | Kansas City->Denver | Denver->Seattle,1
32,abilene,11,0.8,linear_autoregressive,critical_failure_fixed,Denver -> Kansas City & Kansas City -> Denver,4,Atlanta,Sunnyvale,1,2.9051775,Atlanta | Indianapolis | Kansas City | Denver | Sunnyvale,Atlanta->Indianapolis | Indianapolis->Kansas City | Kansas City->Denver | Denver->Sunnyvale,1
32,abilene,11,0.8,linear_autoregressive,critical_failure_fixed,Denver -> Kansas City & Kansas City -> Denver,5,Denver,Washington DC,1,2.8671054,Denver | Kansas City | Indianapolis | Atlanta | Washington DC,Denver->Kansas City | Kansas City->Indianapolis | Indianapolis->Atlanta | Atlanta->Washington DC,1
32,abilene,11,0.8,linear_autoregressive,random_failure_fixed,Houston -> Atlanta & Atlanta -> Houston,1,Washington DC,Los Angeles,1,3.3511266,Washington DC | Atlanta | Houston | Los Angeles,Washington DC->Atlanta | Atlanta->Houston | Houston->Los Angeles,1
32,abilene,11,0.8,linear_autoregressive,random_failure_fixed,Houston -> Atlanta & Atlanta -> Houston,2,New York,Houston,1,2.9671253,New York | Washington DC | Atlanta | Houston,New York->Washington DC | Washington DC->Atlanta | Atlanta->Houston,1
32,abilene,11,0.8,linear_autoregressive,random_failure_fixed,Houston -> Atlanta & Atlanta -> Houston,3,Houston,Atlanta,1,2.9638249,Houston | Atlanta,Houston->Atlanta,1
32,abilene,11,0.8,linear_autoregressive,random_failure_fixed,Houston -> Atlanta & Atlanta -> Houston,4,Sunnyvale,New York,1,2.9391781,Sunnyvale | Los Angeles | Houston | Atlanta | Washington DC | New York,Sunnyvale->Los Angeles | Los Angeles->Houston | Houston->Atlanta | Atlanta->Washington DC | Washington DC->New York,1
32,abilene,11,0.8,linear_autoregressive,random_failure_fixed,Houston -> Atlanta & Atlanta -> Houston,5,New York,Los Angeles,1,2.8949234,New York | Washington DC | Atlanta | Houston | Los Angeles,New York->Washington DC | Washington DC->Atlanta | Atlanta->Houston | Houston->Los Angeles,1
32,abilene,11,0.8,lstm,critical_failure_fixed,Denver -> Kansas City & Kansas City -> Denver,1,Kansas City,Sunnyvale,1,4.1926017,Kansas City | Denver | Sunnyvale,Kansas City->Denver | Denver->Sunnyvale,1
32,abilene,11,0.8,lstm,critical_failure_fixed,Denver -> Kansas City & Kansas City -> Denver,2,Denver,Washington DC,1,4.1237655,Denver | Kansas City | Indianapolis | Atlanta | Washington DC,Denver->Kansas City | Kansas City->Indianapolis | Indianapolis->Atlanta | Atlanta->Washington DC,1
32,abilene,11,0.8,lstm,critical_failure_fixed,Denver -> Kansas City & Kansas City -> Denver,3,Atlanta,Sunnyvale,1,4.1221614,Atlanta | Indianapolis | Kansas City | Denver | Sunnyvale,Atlanta->Indianapolis | Indianapolis->Kansas City | Kansas City->Denver | Denver->Sunnyvale,1
32,abilene,11,0.8,lstm,critical_failure_fixed,Denver -> Kansas City & Kansas City -> Denver,4,Seattle,New York,1,4.0936828,Seattle | Denver | Kansas City | Indianapolis | Chicago | New York,Seattle->Denver | Denver->Kansas City | Kansas City->Indianapolis | Indianapolis->Chicago | Chicago->New York,1
32,abilene,11,0.8,lstm,critical_failure_fixed,Denver -> Kansas City & Kansas City -> Denver,5,Indianapolis,Seattle,1,4.0658798,Indianapolis | Kansas City | Denver | Seattle,Indianapolis->Kansas City | Kansas City->Denver | Denver->Seattle,1
32,abilene,11,0.8,lstm,random_failure_fixed,Houston -> Atlanta & Atlanta -> Houston,1,New York,Los Angeles,1,4.2928076,New York | Washington DC | Atlanta | Houston | Los Angeles,New York->Washington DC | Washington DC->Atlanta | Atlanta->Houston | Houston->Los Angeles,1
32,abilene,11,0.8,lstm,random_failure_fixed,Houston -> Atlanta & Atlanta -> Houston,2,New York,Houston,1,4.2444348,New York | Washington DC | Atlanta | Houston,New York->Washington DC | Washington DC->Atlanta | Atlanta->Houston,1
32,abilene,11,0.8,lstm,random_failure_fixed,Houston -> Atlanta & Atlanta -> Houston,3,Houston,Atlanta,1,4.1433573,Houston | Atlanta,Houston->Atlanta,1
32,abilene,11,0.8,lstm,random_failure_fixed,Houston -> Atlanta & Atlanta -> Houston,4,Sunnyvale,New York,1,4.0476966,Sunnyvale | Los Angeles | Houston | Atlanta | Washington DC | New York,Sunnyvale->Los Angeles | Los Angeles->Houston | Houston->Atlanta | Atlanta->Washington DC | Washington DC->New York,1
32,abilene,11,0.8,lstm,random_failure_fixed,Houston -> Atlanta & Atlanta -> Houston,5,Washington DC,Denver,1,3.9720733,Washington DC | Atlanta | Houston | Kansas City | Denver,Washington DC->Atlanta | Atlanta->Houston | Houston->Kansas City | Kansas City->Denver,1
32,abilene,11,0.8,uncertainty_aware_lstm_robust_lp,critical_failure_fixed,Denver -> Kansas City & Kansas City -> Denver,1,Kansas City,Sunnyvale,1,4.4116254,Kansas City | Denver | Sunnyvale,Kansas City->Denver | Denver->Sunnyvale,1
32,abilene,11,0.8,uncertainty_aware_lstm_robust_lp,critical_failure_fixed,Denver -> Kansas City & Kansas City -> Denver,2,Denver,Washington DC,1,4.3088551,Denver | Kansas City | Indianapolis | Atlanta | Washington DC,Denver->Kansas City | Kansas City->Indianapolis | Indianapolis->Atlanta | Atlanta->Washington DC,1
32,abilene,11,0.8,uncertainty_aware_lstm_robust_lp,critical_failure_fixed,Denver -> Kansas City & Kansas City -> Denver,3,Chicago,Sunnyvale,1,4.2925725,Chicago | Indianapolis | Kansas City | Denver | Sunnyvale,Chicago->Indianapolis | Indianapolis->Kansas City | Kansas City->Denver | Denver->Sunnyvale,1
32,abilene,11,0.8,uncertainty_aware_lstm_robust_lp,critical_failure_fixed,Denver -> Kansas City & Kansas City -> Denver,4,Seattle,New York,1,4.2874007,Seattle | Denver | Kansas City | Indianapolis | Chicago | New York,Seattle->Denver | Denver->Kansas City | Kansas City->Indianapolis | Indianapolis->Chicago | Chicago->New York,1
32,abilene,11,0.8,uncertainty_aware_lstm_robust_lp,critical_failure_fixed,Denver -> Kansas City & Kansas City -> Denver,5,Indianapolis,Seattle,1,4.2656908,Indianapolis | Kansas City | Denver | Seattle,Indianapolis->Kansas City | Kansas City->Denver | Denver->Seattle,1
32,abilene,11,0.8,uncertainty_aware_lstm_robust_lp,random_failure_fixed,Houston -> Atlanta & Atlanta -> Houston,1,New York,Los Angeles,1,4.5175166,New York | Washington DC | Atlanta | Houston | Los Angeles,New York->Washington DC | Washington DC->Atlanta | Atlanta->Houston | Houston->Los Angeles,1
32,abilene,11,0.8,uncertainty_aware_lstm_robust_lp,random_failure_fixed,Houston -> Atlanta & Atlanta -> Houston,2,New York,Houston,1,4.4555297,New York | Washington DC | Atlanta | Houston,New York->Washington DC | Washington DC->Atlanta | Atlanta->Houston,1
32,abilene,11,0.8,uncertainty_aware_lstm_robust_lp,random_failure_fixed,Houston -> Atlanta & Atlanta -> Houston,3,Houston,Atlanta,1,4.3605456,Houston | Atlanta,Houston->Atlanta,1
32,abilene,11,0.8,uncertainty_aware_lstm_robust_lp,random_failure_fixed,Houston -> Atlanta & Atlanta -> Houston,4,Washington DC,Los Angeles,1,4.1961799,Washington DC | Atlanta | Houston | Los Angeles,Washington DC->Atlanta | Atlanta->Houston | Houston->Los Angeles,1
32,abilene,11,0.8,uncertainty_aware_lstm_robust_lp,random_failure_fixed,Houston -> Atlanta & Atlanta -> Houston,5,Kansas City,Atlanta,1,4.0148978,Kansas City | Houston | Atlanta,Kansas City->Houston | Houston->Atlanta,1
33,abilene,11,0.8,current_demand_lp,critical_failure_fixed,Kansas City -> Indianapolis & Indianapolis -> Kansas City,1,Kansas City,New York,1,3.252765,Kansas City | Indianapolis | Chicago | New York,Kansas City->Indianapolis | Indianapolis->Chicago | Chicago->New York,1
33,abilene,11,0.8,current_demand_lp,critical_failure_fixed,Kansas City -> Indianapolis & Indianapolis -> Kansas City,2,Chicago,Kansas City,1,3.007724,Chicago | Indianapolis | Kansas City,Chicago->Indianapolis | Indianapolis->Kansas City,1
33,abilene,11,0.8,current_demand_lp,critical_failure_fixed,Kansas City -> Indianapolis & Indianapolis -> Kansas City,3,Sunnyvale,Indianapolis,1,2.8672747,Sunnyvale | Denver | Kansas City | Indianapolis,Sunnyvale->Denver | Denver->Kansas City | Kansas City->Indianapolis,1
33,abilene,11,0.8,current_demand_lp,critical_failure_fixed,Kansas City -> Indianapolis & Indianapolis -> Kansas City,4,Indianapolis,Seattle,1,2.7895237,Indianapolis | Kansas City | Denver | Seattle,Indianapolis->Kansas City | Kansas City->Denver | Denver->Seattle,1
33,abilene,11,0.8,current_demand_lp,critical_failure_fixed,Kansas City -> Indianapolis & Indianapolis -> Kansas City,5,Denver,Washington DC,1,2.7884417,Denver | Kansas City | Indianapolis | Atlanta | Washington DC,Denver->Kansas City | Kansas City->Indianapolis | Indianapolis->Atlanta | Atlanta->Washington DC,1
33,abilene,11,0.8,current_demand_lp,random_failure_fixed,Houston -> Atlanta & Atlanta -> Houston,1,Washington DC,Denver,1,3.4537843,Washington DC | Atlanta | Houston | Kansas City | Denver,Washington DC->Atlanta | Atlanta->Houston | Houston->Kansas City | Kansas City->Denver,1
33,abilene,11,0.8,current_demand_lp,random_failure_fixed,Houston -> Atlanta & Atlanta -> Houston,2,Atlanta,Los Angeles,1,3.0959753,Atlanta | Houston | Los Angeles,Atlanta->Houston | Houston->Los Angeles,1
33,abilene,11,0.8,current_demand_lp,random_failure_fixed,Houston -> Atlanta & Atlanta -> Houston,3,Sunnyvale,New York,1,2.9994087,Sunnyvale | Los Angeles | Houston | Atlanta | Washington DC | New York,Sunnyvale->Los Angeles | Los Angeles->Houston | Houston->Atlanta | Atlanta->Washington DC | Washington DC->New York,1
33,abilene,11,0.8,current_demand_lp,random_failure_fixed,Houston -> Atlanta & Atlanta -> Houston,4,New York,Los Angeles,1,2.8602744,New York | Washington DC | Atlanta | Houston | Los Angeles,New York->Washington DC | Washington DC->Atlanta | Atlanta->Houston | Houston->Los Angeles,1
33,abilene,11,0.8,current_demand_lp,random_failure_fixed,Houston -> Atlanta & Atlanta -> Houston,5,New York,Houston,1,2.8511846,New York | Washington DC | Atlanta | Houston,New York->Washington DC | Washington DC->Atlanta | Atlanta->Houston,1
33,abilene,11,0.8,robust_current_demand_lp,critical_failure_fixed,Kansas City -> Indianapolis & Indianapolis -> Kansas City,1,Washington DC,Denver,1,3.4537843,Washington DC | Atlanta | Indianapolis | Kansas City | Denver,Washington DC->Atlanta | Atlanta->Indianapolis | Indianapolis->Kansas City | Kansas City->Denver,1
33,abilene,11,0.8,robust_current_demand_lp,critical_failure_fixed,Kansas City -> Indianapolis & Indianapolis -> Kansas City,2,Kansas City,New York,1,3.252765,Kansas City | Indianapolis | Chicago | New York,Kansas City->Indianapolis | Indianapolis->Chicago | Chicago->New York,1
33,abilene,11,0.8,robust_current_demand_lp,critical_failure_fixed,Kansas City -> Indianapolis & Indianapolis -> Kansas City,3,Chicago,Kansas City,1,3.007724,Chicago | Indianapolis | Kansas City,Chicago->Indianapolis | Indianapolis->Kansas City,1
33,abilene,11,0.8,robust_current_demand_lp,critical_failure_fixed,Kansas City -> Indianapolis & Indianapolis -> Kansas City,4,Sunnyvale,New York,1,2.9994087,Sunnyvale | Denver | Kansas City | Indianapolis | Chicago | New York,Sunnyvale->Denver | Denver->Kansas City | Kansas City->Indianapolis | Indianapolis->Chicago | Chicago->New York,1
33,abilene,11,0.8,robust_current_demand_lp,critical_failure_fixed,Kansas City -> Indianapolis & Indianapolis -> Kansas City,5,Sunnyvale,Indianapolis,1,2.8672747,Sunnyvale | Denver | Kansas City | Indianapolis,Sunnyvale->Denver | Denver->Kansas City | Kansas City->Indianapolis,1
33,abilene,11,0.8,robust_current_demand_lp,random_failure_fixed,Houston -> Atlanta & Atlanta -> Houston,1,Atlanta,Los Angeles,1,3.0959753,Atlanta | Houston | Los Angeles,Atlanta->Houston | Houston->Los Angeles,1
33,abilene,11,0.8,robust_current_demand_lp,random_failure_fixed,Houston -> Atlanta & Atlanta -> Houston,2,New York,Los Angeles,1,2.8602744,New York | Washington DC | Atlanta | Houston | Los Angeles,New York->Washington DC | Washington DC->Atlanta | Atlanta->Houston | Houston->Los Angeles,1
33,abilene,11,0.8,robust_current_demand_lp,random_failure_fixed,Houston -> Atlanta & Atlanta -> Houston,3,New York,Houston,1,2.8511846,New York | Washington DC | Atlanta | Houston,New York->Washington DC | Washington DC->Atlanta | Atlanta->Houston,1
33,abilene,11,0.8,robust_current_demand_lp,random_failure_fixed,Houston -> Atlanta & Atlanta -> Houston,4,Washington DC,Los Angeles,1,2.7445284,Washington DC | Atlanta | Houston | Los Angeles,Washington DC->Atlanta | Atlanta->Houston | Houston->Los Angeles,1
33,abilene,11,0.8,robust_current_demand_lp,random_failure_fixed,Houston -> Atlanta & Atlanta -> Houston,5,Los Angeles,New York,1,2.6349252,Los Angeles | Houston | Atlanta | Washington DC | New York,Los Angeles->Houston | Houston->Atlanta | Atlanta->Washington DC | Washington DC->New York,1
33,abilene,11,0.8,moving_average,critical_failure_fixed,Denver -> Kansas City & Kansas City -> Denver,1,Kansas City,Sunnyvale,1,3.6649736,Kansas City | Denver | Sunnyvale,Kansas City->Denver | Denver->Sunnyvale,1
33,abilene,11,0.8,moving_average,critical_failure_fixed,Denver -> Kansas City & Kansas City -> Denver,2,Washington DC,Denver,1,3.6340181,Washington DC | Atlanta | Houston | Kansas City | Denver,Washington DC->Atlanta | Atlanta->Houston | Houston->Kansas City | Kansas City->Denver,1
33,abilene,11,0.8,moving_average,critical_failure_fixed,Denver -> Kansas City & Kansas City -> Denver,3,Denver,Washington DC,1,3.492628,Denver | Kansas City | Indianapolis | Atlanta | Washington DC,Denver->Kansas City | Kansas City->Indianapolis | Indianapolis->Atlanta | Atlanta->Washington DC,1
33,abilene,11,0.8,moving_average,critical_failure_fixed,Denver -> Kansas City & Kansas City -> Denver,4,Sunnyvale,Indianapolis,1,3.4146132,Sunnyvale | Denver | Kansas City | Indianapolis,Sunnyvale->Denver | Denver->Kansas City | Kansas City->Indianapolis,1
33,abilene,11,0.8,moving_average,critical_failure_fixed,Denver -> Kansas City & Kansas City -> Denver,5,Seattle,New York,1,3.4068272,Seattle | Denver | Kansas City | Indianapolis | Chicago | New York,Seattle->Denver | Denver->Kansas City | Kansas City->Indianapolis | Indianapolis->Chicago | Chicago->New York,1
33,abilene,11,0.8,moving_average,random_failure_fixed,Houston -> Atlanta & Atlanta -> Houston,1,Sunnyvale,New York,1,3.6382872,Sunnyvale | Los Angeles | Houston | Atlanta | Washington DC | New York,Sunnyvale->Los Angeles | Los Angeles->Houston | Houston->Atlanta | Atlanta->Washington DC | Washington DC->New York,1
33,abilene,11,0.8,moving_average,random_failure_fixed,Houston -> Atlanta & Atlanta -> Houston,2,Washington DC,Denver,1,3.6340181,Washington DC | Atlanta | Houston | Kansas City | Denver,Washington DC->Atlanta | Atlanta->Houston | Houston->Kansas City | Kansas City->Denver,1
33,abilene,11,0.8,moving_average,random_failure_fixed,Houston -> Atlanta & Atlanta -> Houston,3,Houston,Atlanta,1,3.4849175,Houston | Atlanta,Houston->Atlanta,1
33,abilene,11,0.8,moving_average,random_failure_fixed,Houston -> Atlanta & Atlanta -> Houston,4,New York,Los Angeles,1,3.3888061,New York | Washington DC | Atlanta | Houston | Los Angeles,New York->Washington DC | Washington DC->Atlanta | Atlanta->Houston | Houston->Los Angeles,1
33,abilene,11,0.8,moving_average,random_failure_fixed,Houston -> Atlanta & Atlanta -> Houston,5,New York,Houston,1,3.3327557,New York | Washington DC | Atlanta | Houston,New York->Washington DC | Washington DC->Atlanta | Atlanta->Houston,1
33,abilene,11,0.8,linear_autoregressive,critical_failure_fixed,Denver -> Kansas City & Kansas City -> Denver,1,Chicago,Sunnyvale,1,2.7025199,Chicago | Indianapolis | Kansas City | Denver | Sunnyvale,Chicago->Indianapolis | Indianapolis->Kansas City | Kansas City->Denver | Denver->Sunnyvale,1
33,abilene,11,0.8,linear_autoregressive,critical_failure_fixed,Denver -> Kansas City & Kansas City -> Denver,2,Houston,Seattle,1,2.5776881,Houston | Kansas City | Denver | Seattle,Houston->Kansas City | Kansas City->Denver | Denver->Seattle,1
33,abilene,11,0.8,linear_autoregressive,critical_failure_fixed,Denver -> Kansas City & Kansas City -> Denver,3,Denver,Washington DC,1,2.5542785,Denver | Kansas City | Indianapolis | Atlanta | Washington DC,Denver->Kansas City | Kansas City->Indianapolis | Indianapolis->Atlanta | Atlanta->Washington DC,1
33,abilene,11,0.8,linear_autoregressive,critical_failure_fixed,Denver -> Kansas City & Kansas City -> Denver,4,Indianapolis,Seattle,1,2.5307945,Indianapolis | Kansas City | Denver | Seattle,Indianapolis->Kansas City | Kansas City->Denver | Denver->Seattle,1
33,abilene,11,0.8,linear_autoregressive,critical_failure_fixed,Denver -> Kansas City & Kansas City -> Denver,5,Atlanta,Sunnyvale,1,2.5131875,Atlanta | Indianapolis | Kansas City | Denver | Sunnyvale,Atlanta->Indianapolis | Indianapolis->Kansas City | Kansas City->Denver | Denver->Sunnyvale,1
33,abilene,11,0.8,linear_autoregressive,random_failure_fixed,Houston -> Atlanta & Atlanta -> Houston,1,Washington DC,Los Angeles,1,2.6959558,Washington DC | Atlanta | Houston | Los Angeles,Washington DC->Atlanta | Atlanta->Houston | Houston->Los Angeles,1
33,abilene,11,0.8,linear_autoregressive,random_failure_fixed,Houston -> Atlanta & Atlanta -> Houston,2,Houston,Atlanta,1,2.616716,Houston | Atlanta,Houston->Atlanta,1
33,abilene,11,0.8,linear_autoregressive,random_failure_fixed,Houston -> Atlanta & Atlanta -> Houston,3,Sunnyvale,New York,1,2.5642079,Sunnyvale | Los Angeles | Houston | Atlanta | Washington DC | New York,Sunnyvale->Los Angeles | Los Angeles->Houston | Houston->Atlanta | Atlanta->Washington DC | Washington DC->New York,1
33,abilene,11,0.8,linear_autoregressive,random_failure_fixed,Houston -> Atlanta & Atlanta -> Houston,4,New York,Houston,1,2.5542664,New York | Washington DC | Atlanta | Houston,New York->Washington DC | Washington DC->Atlanta | Atlanta->Houston,1
33,abilene,11,0.8,linear_autoregressive,random_failure_fixed,Houston -> Atlanta & Atlanta -> Houston,5,New York,Los Angeles,1,2.5066572,New York | Washington DC | Atlanta | Houston | Los Angeles,New York->Washington DC | Washington DC->Atlanta | Atlanta->Houston | Houston->Los Angeles,1
33,abilene,11,0.8,lstm,critical_failure_fixed,Denver -> Kansas City & Kansas City -> Denver,1,Kansas City,Sunnyvale,1,4.1926017,Kansas City | Denver | Sunnyvale,Kansas City->Denver | Denver->Sunnyvale,1
33,abilene,11,0.8,lstm,critical_failure_fixed,Denver -> Kansas City & Kansas City -> Denver,2,Denver,Washington DC,1,4.1237655,Denver | Kansas City | Indianapolis | Atlanta | Washington DC,Denver->Kansas City | Kansas City->Indianapolis | Indianapolis->Atlanta | Atlanta->Washington DC,1
33,abilene,11,0.8,lstm,critical_failure_fixed,Denver -> Kansas City & Kansas City -> Denver,3,Atlanta,Sunnyvale,1,4.1221614,Atlanta | Indianapolis | Kansas City | Denver | Sunnyvale,Atlanta->Indianapolis | Indianapolis->Kansas City | Kansas City->Denver | Denver->Sunnyvale,1
33,abilene,11,0.8,lstm,critical_failure_fixed,Denver -> Kansas City & Kansas City -> Denver,4,Seattle,New York,1,4.0936823,Seattle | Denver | Kansas City | Indianapolis | Chicago | New York,Seattle->Denver | Denver->Kansas City | Kansas City->Indianapolis | Indianapolis->Chicago | Chicago->New York,1
33,abilene,11,0.8,lstm,critical_failure_fixed,Denver -> Kansas City & Kansas City -> Denver,5,Indianapolis,Seattle,1,4.0658803,Indianapolis | Kansas City | Denver | Seattle,Indianapolis->Kansas City | Kansas City->Denver | Denver->Seattle,1
33,abilene,11,0.8,lstm,random_failure_fixed,Houston -> Atlanta & Atlanta -> Houston,1,New York,Los Angeles,1,4.2928076,New York | Washington DC | Atlanta | Houston | Los Angeles,New York->Washington DC | Washington DC->Atlanta | Atlanta->Houston | Houston->Los Angeles,1
33,abilene,11,0.8,lstm,random_failure_fixed,Houston -> Atlanta & Atlanta -> Houston,2,New York,Houston,1,4.2444348,New York | Washington DC | Atlanta | Houston,New York->Washington DC | Washington DC->Atlanta | Atlanta->Houston,1
33,abilene,11,0.8,lstm,random_failure_fixed,Houston -> Atlanta & Atlanta -> Houston,3,Houston,Atlanta,1,4.1433573,Houston | Atlanta,Houston->Atlanta,1
33,abilene,11,0.8,lstm,random_failure_fixed,Houston -> Atlanta & Atlanta -> Houston,4,Sunnyvale,New York,1,4.0476966,Sunnyvale | Los Angeles | Houston | Atlanta | Washington DC | New York,Sunnyvale->Los Angeles | Los Angeles->Houston | Houston->Atlanta | Atlanta->Washington DC | Washington DC->New York,1
33,abilene,11,0.8,lstm,random_failure_fixed,Houston -> Atlanta & Atlanta -> Houston,5,Washington DC,Denver,1,3.9720736,Washington DC | Atlanta | Houston | Kansas City | Denver,Washington DC->Atlanta | Atlanta->Houston | Houston->Kansas City | Kansas City->Denver,1
33,abilene,11,0.8,uncertainty_aware_lstm_robust_lp,critical_failure_fixed,Denver -> Kansas City & Kansas City -> Denver,1,Kansas City,Sunnyvale,1,4.4116254,Kansas City | Denver | Sunnyvale,Kansas City->Denver | Denver->Sunnyvale,1
33,abilene,11,0.8,uncertainty_aware_lstm_robust_lp,critical_failure_fixed,Denver -> Kansas City & Kansas City -> Denver,2,Denver,Washington DC,1,4.3088551,Denver | Kansas City | Indianapolis | Atlanta | Washington DC,Denver->Kansas City | Kansas City->Indianapolis | Indianapolis->Atlanta | Atlanta->Washington DC,1
33,abilene,11,0.8,uncertainty_aware_lstm_robust_lp,critical_failure_fixed,Denver -> Kansas City & Kansas City -> Denver,3,Chicago,Sunnyvale,1,4.2925725,Chicago | Indianapolis | Kansas City | Denver | Sunnyvale,Chicago->Indianapolis | Indianapolis->Kansas City | Kansas City->Denver | Denver->Sunnyvale,1
33,abilene,11,0.8,uncertainty_aware_lstm_robust_lp,critical_failure_fixed,Denver -> Kansas City & Kansas City -> Denver,4,Seattle,New York,1,4.2874002,Seattle | Denver | Kansas City | Indianapolis | Chicago | New York,Seattle->Denver | Denver->Kansas City | Kansas City->Indianapolis | Indianapolis->Chicago | Chicago->New York,1
33,abilene,11,0.8,uncertainty_aware_lstm_robust_lp,critical_failure_fixed,Denver -> Kansas City & Kansas City -> Denver,5,Indianapolis,Seattle,1,4.2656913,Indianapolis | Kansas City | Denver | Seattle,Indianapolis->Kansas City | Kansas City->Denver | Denver->Seattle,1
33,abilene,11,0.8,uncertainty_aware_lstm_robust_lp,random_failure_fixed,Houston -> Atlanta & Atlanta -> Houston,1,New York,Los Angeles,1,4.5175166,New York | Washington DC | Atlanta | Houston | Los Angeles,New York->Washington DC | Washington DC->Atlanta | Atlanta->Houston | Houston->Los Angeles,1
33,abilene,11,0.8,uncertainty_aware_lstm_robust_lp,random_failure_fixed,Houston -> Atlanta & Atlanta -> Houston,2,New York,Houston,1,4.4555297,New York | Washington DC | Atlanta | Houston,New York->Washington DC | Washington DC->Atlanta | Atlanta->Houston,1
33,abilene,11,0.8,uncertainty_aware_lstm_robust_lp,random_failure_fixed,Houston -> Atlanta & Atlanta -> Houston,3,Houston,Atlanta,1,4.3605456,Houston | Atlanta,Houston->Atlanta,1
33,abilene,11,0.8,uncertainty_aware_lstm_robust_lp,random_failure_fixed,Houston -> Atlanta & Atlanta -> Houston,4,Washington DC,Los Angeles,1,4.1961794,Washington DC | Atlanta | Houston | Los Angeles,Washington DC->Atlanta | Atlanta->Houston | Houston->Los Angeles,1
33,abilene,11,0.8,uncertainty_aware_lstm_robust_lp,random_failure_fixed,Houston -> Atlanta & Atlanta -> Houston,5,Kansas City,Atlanta,1,4.0148978,Kansas City | Houston | Atlanta,Kansas City->Houston | Houston->Atlanta,1
34,abilene,11,0.8,current_demand_lp,critical_failure_fixed,Denver -> Kansas City & Kansas City -> Denver,1,Sunnyvale,Kansas City,1,3.0803753,Sunnyvale | Denver | Kansas City,Sunnyvale->Denver | Denver->Kansas City,1
34,abilene,11,0.8,current_demand_lp,critical_failure_fixed,Denver -> Kansas City & Kansas City -> Denver,2,Kansas City,Sunnyvale,1,3.0462339,Kansas City | Denver | Sunnyvale,Kansas City->Denver | Denver->Sunnyvale,1
34,abilene,11,0.8,current_demand_lp,critical_failure_fixed,Denver -> Kansas City & Kansas City -> Denver,3,Chicago,Sunnyvale,1,2.9959249,Chicago | Indianapolis | Kansas City | Denver | Sunnyvale,Chicago->Indianapolis | Indianapolis->Kansas City | Kansas City->Denver | Denver->Sunnyvale,1
34,abilene,11,0.8,current_demand_lp,critical_failure_fixed,Denver -> Kansas City & Kansas City -> Denver,4,Denver,Atlanta,1,2.8603632,Denver | Kansas City | Houston | Atlanta,Denver->Kansas City | Kansas City->Houston | Houston->Atlanta,1
34,abilene,11,0.8,current_demand_lp,critical_failure_fixed,Denver -> Kansas City & Kansas City -> Denver,5,Atlanta,Sunnyvale,1,2.7914074,Atlanta | Indianapolis | Kansas City | Denver | Sunnyvale,Atlanta->Indianapolis | Indianapolis->Kansas City | Kansas City->Denver | Denver->Sunnyvale,1
34,abilene,11,0.8,current_demand_lp,random_failure_fixed,New York -> Chicago & Chicago -> New York,1,Kansas City,New York,1,2.9875944,Kansas City | Indianapolis | Chicago | New York,Kansas City->Indianapolis | Indianapolis->Chicago | Chicago->New York,1
34,abilene,11,0.8,current_demand_lp,random_failure_fixed,New York -> Chicago & Chicago -> New York,2,Seattle,New York,1,2.4776477,Seattle | Denver | Kansas City | Indianapolis | Chicago | New York,Seattle->Denver | Denver->Kansas City | Kansas City->Indianapolis | Indianapolis->Chicago | Chicago->New York,1
34,abilene,11,0.8,current_demand_lp,random_failure_fixed,New York -> Chicago & Chicago -> New York,3,Washington DC,Chicago,1,2.2000157,Washington DC | New York | Chicago,Washington DC->New York | New York->Chicago,1
34,abilene,11,0.8,current_demand_lp,random_failure_fixed,New York -> Chicago & Chicago -> New York,4,Chicago,New York,1,2.163823,Chicago | New York,Chicago->New York,1
34,abilene,11,0.8,current_demand_lp,random_failure_fixed,New York -> Chicago & Chicago -> New York,5,Chicago,Washington DC,1,2.1023608,Chicago | New York | Washington DC,Chicago->New York | New York->Washington DC,1
34,abilene,11,0.8,robust_current_demand_lp,critical_failure_fixed,Denver -> Kansas City & Kansas City -> Denver,1,Sunnyvale,Kansas City,1,3.0803753,Sunnyvale | Denver | Kansas City,Sunnyvale->Denver | Denver->Kansas City,1
34,abilene,11,0.8,robust_current_demand_lp,critical_failure_fixed,Denver -> Kansas City & Kansas City -> Denver,2,Sunnyvale,New York,1,3.0675835,Sunnyvale | Denver | Kansas City | Indianapolis | Chicago | New York,Sunnyvale->Denver | Denver->Kansas City | Kansas City->Indianapolis | Indianapolis->Chicago | Chicago->New York,1
34,abilene,11,0.8,robust_current_demand_lp,critical_failure_fixed,Denver -> Kansas City & Kansas City -> Denver,3,Kansas City,Sunnyvale,1,3.0462339,Kansas City | Denver | Sunnyvale,Kansas City->Denver | Denver->Sunnyvale,1
34,abilene,11,0.8,robust_current_demand_lp,critical_failure_fixed,Denver -> Kansas City & Kansas City -> Denver,4,Chicago,Sunnyvale,1,2.9959249,Chicago | Indianapolis | Kansas City | Denver | Sunnyvale,Chicago->Indianapolis | Indianapolis->Kansas City | Kansas City->Denver | Denver->Sunnyvale,1
34,abilene,11,0.8,robust_current_demand_lp,critical_failure_fixed,Denver -> Kansas City & Kansas City -> Denver,5,Denver,Atlanta,1,2.8603632,Denver | Kansas City | Indianapolis | Atlanta,Denver->Kansas City | Kansas City->Indianapolis | Indianapolis->Atlanta,1
34,abilene,11,0.8,robust_current_demand_lp,random_failure_fixed,New York -> Chicago & Chicago -> New York,1,Sunnyvale,New York,1,3.0675835,Sunnyvale | Denver | Kansas City | Indianapolis | Chicago | New York,Sunnyvale->Denver | Denver->Kansas City | Kansas City->Indianapolis | Indianapolis->Chicago | Chicago->New York,1
34,abilene,11,0.8,robust_current_demand_lp,random_failure_fixed,New York -> Chicago & Chicago -> New York,2,Kansas City,New York,1,2.9875944,Kansas City | Indianapolis | Chicago | New York,Kansas City->Indianapolis | Indianapolis->Chicago | Chicago->New York,1
34,abilene,11,0.8,robust_current_demand_lp,random_failure_fixed,New York -> Chicago & Chicago -> New York,3,Seattle,New York,1,2.4776477,Seattle | Denver | Kansas City | Indianapolis | Chicago | New York,Seattle->Denver | Denver->Kansas City | Kansas City->Indianapolis | Indianapolis->Chicago | Chicago->New York,1
34,abilene,11,0.8,robust_current_demand_lp,random_failure_fixed,New York -> Chicago & Chicago -> New York,4,Washington DC,Chicago,1,2.2000157,Washington DC | New York | Chicago,Washington DC->New York | New York->Chicago,1
34,abilene,11,0.8,robust_current_demand_lp,random_failure_fixed,New York -> Chicago & Chicago -> New York,5,Chicago,New York,1,2.163823,Chicago | New York,Chicago->New York,1
34,abilene,11,0.8,moving_average,critical_failure_fixed,Kansas City -> Indianapolis & Indianapolis -> Kansas City,1,Kansas City,New York,1,3.2022378,Kansas City | Indianapolis | Chicago | New York,Kansas City->Indianapolis | Indianapolis->Chicago | Chicago->New York,1
34,abilene,11,0.8,moving_average,critical_failure_fixed,Kansas City -> Indianapolis & Indianapolis -> Kansas City,2,Denver,Washington DC,1,3.1313986,Denver | Kansas City | Indianapolis | Atlanta | Washington DC,Denver->Kansas City | Kansas City->Indianapolis | Indianapolis->Atlanta | Atlanta->Washington DC,1
34,abilene,11,0.8,moving_average,critical_failure_fixed,Kansas City -> Indianapolis & Indianapolis -> Kansas City,3,Seattle,New York,1,2.9713165,Seattle | Denver | Kansas City | Indianapolis | Chicago | New York,Seattle->Denver | Denver->Kansas City | Kansas City->Indianapolis | Indianapolis->Chicago | Chicago->New York,1
34,abilene,11,0.8,moving_average,critical_failure_fixed,Kansas City -> Indianapolis & Indianapolis -> Kansas City,4,Sunnyvale,Indianapolis,1,2.9326661,Sunnyvale | Denver | Kansas City | Indianapolis,Sunnyvale->Denver | Denver->Kansas City | Kansas City->Indianapolis,1
34,abilene,11,0.8,moving_average,critical_failure_fixed,Kansas City -> Indianapolis & Indianapolis -> Kansas City,5,Chicago,Kansas City,1,2.9323967,Chicago | Indianapolis | Kansas City,Chicago->Indianapolis | Indianapolis->Kansas City,1
34,abilene,11,0.8,moving_average,random_failure_fixed,New York -> Chicago & Chicago -> New York,1,Kansas City,New York,1,3.2022378,Kansas City | Indianapolis | Chicago | New York,Kansas City->Indianapolis | Indianapolis->Chicago | Chicago->New York,1
34,abilene,11,0.8,moving_average,random_failure_fixed,New York -> Chicago & Chicago -> New York,2,Seattle,New York,1,2.9713165,Seattle | Denver | Kansas City | Indianapolis | Chicago | New York,Seattle->Denver | Denver->Kansas City | Kansas City->Indianapolis | Indianapolis->Chicago | Chicago->New York,1
34,abilene,11,0.8,moving_average,random_failure_fixed,New York -> Chicago & Chicago -> New York,3,Washington DC,Chicago,1,2.4654151,Washington DC | New York | Chicago,Washington DC->New York | New York->Chicago,1
34,abilene,11,0.8,moving_average,random_failure_fixed,New York -> Chicago & Chicago -> New York,4,Chicago,New York,1,2.4017143,Chicago | New York,Chicago->New York,1
34,abilene,11,0.8,moving_average,random_failure_fixed,New York -> Chicago & Chicago -> New York,5,New York,Chicago,1,2.2640511,New York | Chicago,New York->Chicago,1
34,abilene,11,0.8,linear_autoregressive,critical_failure_fixed,Kansas City -> Indianapolis & Indianapolis -> Kansas City,1,Kansas City,New York,1,2.8954785,Kansas City | Indianapolis | Chicago | New York,Kansas City->Indianapolis | Indianapolis->Chicago | Chicago->New York,1
34,abilene,11,0.8,linear_autoregressive,critical_failure_fixed,Kansas City -> Indianapolis & Indianapolis -> Kansas City,2,Chicago,Kansas City,1,2.8643223,Chicago | Indianapolis | Kansas City,Chicago->Indianapolis | Indianapolis->Kansas City,1
34,abilene,11,0.8,linear_autoregressive,critical_failure_fixed,Kansas City -> Indianapolis & Indianapolis -> Kansas City,3,Seattle,New York,1,2.8602,Seattle | Denver | Kansas City | Indianapolis | Chicago | New York,Seattle->Denver | Denver->Kansas City | Kansas City->Indianapolis | Indianapolis->Chicago | Chicago->New York,1
34,abilene,11,0.8,linear_autoregressive,critical_failure_fixed,Kansas City -> Indianapolis & Indianapolis -> Kansas City,4,Indianapolis,Seattle,1,2.8536042,Indianapolis | Kansas City | Denver | Seattle,Indianapolis->Kansas City | Kansas City->Denver | Denver->Seattle,1
34,abilene,11,0.8,linear_autoregressive,critical_failure_fixed,Kansas City -> Indianapolis & Indianapolis -> Kansas City,5,Denver,Washington DC,1,2.8002656,Denver | Kansas City | Indianapolis | Atlanta | Washington DC,Denver->Kansas City | Kansas City->Indianapolis | Indianapolis->Atlanta | Atlanta->Washington DC,1
34,abilene,11,0.8,linear_autoregressive,random_failure_fixed,New York -> Chicago & Chicago -> New York,1,Kansas City,New York,1,2.8954785,Kansas City | Indianapolis | Chicago | New York,Kansas City->Indianapolis | Indianapolis->Chicago | Chicago->New York,1
34,abilene,11,0.8,linear_autoregressive,random_failure_fixed,New York -> Chicago & Chicago -> New York,2,Seattle,New York,1,2.8602,Seattle | Denver | Kansas City | Indianapolis | Chicago | New York,Seattle->Denver | Denver->Kansas City | Kansas City->Indianapolis | Indianapolis->Chicago | Chicago->New York,1
34,abilene,11,0.8,linear_autoregressive,random_failure_fixed,New York -> Chicago & Chicago -> New York,3,Washington DC,Chicago,1,2.0887845,Washington DC | New York | Chicago,Washington DC->New York | New York->Chicago,1
34,abilene,11,0.8,linear_autoregressive,random_failure_fixed,New York -> Chicago & Chicago -> New York,4,Chicago,New York,1,2.0357576,Chicago | New York,Chicago->New York,1
34,abilene,11,0.8,linear_autoregressive,random_failure_fixed,New York -> Chicago & Chicago -> New York,5,New York,Chicago,1,1.8729645,New York | Chicago,New York->Chicago,1
34,abilene,11,0.8,lstm,critical_failure_fixed,Denver -> Kansas City & Kansas City -> Denver,1,Kansas City,Sunnyvale,1,4.1926026,Kansas City | Denver | Sunnyvale,Kansas City->Denver | Denver->Sunnyvale,1
34,abilene,11,0.8,lstm,critical_failure_fixed,Denver -> Kansas City & Kansas City -> Denver,2,Denver,Washington DC,1,4.123765,Denver | Kansas City | Indianapolis | Atlanta | Washington DC,Denver->Kansas City | Kansas City->Indianapolis | Indianapolis->Atlanta | Atlanta->Washington DC,1
34,abilene,11,0.8,lstm,critical_failure_fixed,Denver -> Kansas City & Kansas City -> Denver,3,Atlanta,Sunnyvale,1,4.1221609,Atlanta | Indianapolis | Kansas City | Denver | Sunnyvale,Atlanta->Indianapolis | Indianapolis->Kansas City | Kansas City->Denver | Denver->Sunnyvale,1
34,abilene,11,0.8,lstm,critical_failure_fixed,Denver -> Kansas City & Kansas City -> Denver,4,Seattle,New York,1,4.0936818,Seattle | Denver | Kansas City | Indianapolis | Chicago | New York,Seattle->Denver | Denver->Kansas City | Kansas City->Indianapolis | Indianapolis->Chicago | Chicago->New York,1
34,abilene,11,0.8,lstm,critical_failure_fixed,Denver -> Kansas City & Kansas City -> Denver,5,Indianapolis,Seattle,1,4.0658813,Indianapolis | Kansas City | Denver | Seattle,Indianapolis->Kansas City | Kansas City->Denver | Denver->Seattle,1
34,abilene,11,0.8,lstm,random_failure_fixed,New York -> Chicago & Chicago -> New York,1,Seattle,New York,1,4.0936818,Seattle | Denver | Kansas City | Indianapolis | Chicago | New York,Seattle->Denver | Denver->Kansas City | Kansas City->Indianapolis | Indianapolis->Chicago | Chicago->New York,1
34,abilene,11,0.8,lstm,random_failure_fixed,New York -> Chicago & Chicago -> New York,2,Kansas City,New York,1,3.9912593,Kansas City | Indianapolis | Chicago | New York,Kansas City->Indianapolis | Indianapolis->Chicago | Chicago->New York,1
34,abilene,11,0.8,lstm,random_failure_fixed,New York -> Chicago & Chicago -> New York,3,Washington DC,Chicago,1,3.0730011,Washington DC | New York | Chicago,Washington DC->New York | New York->Chicago,1
34,abilene,11,0.8,lstm,random_failure_fixed,New York -> Chicago & Chicago -> New York,4,Chicago,New York,1,3.0479295,Chicago | New York,Chicago->New York,1
34,abilene,11,0.8,lstm,random_failure_fixed,New York -> Chicago & Chicago -> New York,5,New York,Chicago,1,3.0404584,New York | Chicago,New York->Chicago,1
34,abilene,11,0.8,uncertainty_aware_lstm_robust_lp,critical_failure_fixed,Denver -> Kansas City & Kansas City -> Denver,1,Kansas City,Sunnyvale,1,4.4116263,Kansas City | Denver | Sunnyvale,Kansas City->Denver | Denver->Sunnyvale,1
34,abilene,11,0.8,uncertainty_aware_lstm_robust_lp,critical_failure_fixed,Denver -> Kansas City & Kansas City -> Denver,2,Denver,Washington DC,1,4.3088546,Denver | Kansas City | Indianapolis | Atlanta | Washington DC,Denver->Kansas City | Kansas City->Indianapolis | Indianapolis->Atlanta | Atlanta->Washington DC,1
34,abilene,11,0.8,uncertainty_aware_lstm_robust_lp,critical_failure_fixed,Denver -> Kansas City & Kansas City -> Denver,3,Chicago,Sunnyvale,1,4.2925735,Chicago | Indianapolis | Kansas City | Denver | Sunnyvale,Chicago->Indianapolis | Indianapolis->Kansas City | Kansas City->Denver | Denver->Sunnyvale,1
34,abilene,11,0.8,uncertainty_aware_lstm_robust_lp,critical_failure_fixed,Denver -> Kansas City & Kansas City -> Denver,4,Seattle,New York,1,4.2873998,Seattle | Denver | Kansas City | Indianapolis | Chicago | New York,Seattle->Denver | Denver->Kansas City | Kansas City->Indianapolis | Indianapolis->Chicago | Chicago->New York,1
34,abilene,11,0.8,uncertainty_aware_lstm_robust_lp,critical_failure_fixed,Denver -> Kansas City & Kansas City -> Denver,5,Indianapolis,Seattle,1,4.2656922,Indianapolis | Kansas City | Denver | Seattle,Indianapolis->Kansas City | Kansas City->Denver | Denver->Seattle,1
34,abilene,11,0.8,uncertainty_aware_lstm_robust_lp,random_failure_fixed,New York -> Chicago & Chicago -> New York,1,Seattle,New York,1,4.2873998,Seattle | Denver | Kansas City | Indianapolis | Chicago | New York,Seattle->Denver | Denver->Kansas City | Kansas City->Indianapolis | Indianapolis->Chicago | Chicago->New York,1
34,abilene,11,0.8,uncertainty_aware_lstm_robust_lp,random_failure_fixed,New York -> Chicago & Chicago -> New York,2,Sunnyvale,New York,1,4.2239103,Sunnyvale | Denver | Kansas City | Indianapolis | Chicago | New York,Sunnyvale->Denver | Denver->Kansas City | Kansas City->Indianapolis | Indianapolis->Chicago | Chicago->New York,1
34,abilene,11,0.8,uncertainty_aware_lstm_robust_lp,random_failure_fixed,New York -> Chicago & Chicago -> New York,3,Kansas City,New York,1,4.1970797,Kansas City | Indianapolis | Chicago | New York,Kansas City->Indianapolis | Indianapolis->Chicago | Chicago->New York,1
34,abilene,11,0.8,uncertainty_aware_lstm_robust_lp,random_failure_fixed,New York -> Chicago & Chicago -> New York,4,Washington DC,Chicago,1,3.2237647,Washington DC | New York | Chicago,Washington DC->New York | New York->Chicago,1
34,abilene,11,0.8,uncertainty_aware_lstm_robust_lp,random_failure_fixed,New York -> Chicago & Chicago -> New York,5,Chicago,New York,1,3.2095625,Chicago | New York,Chicago->New York,1
