time_step,topology,seed,load_scale,method,scenario,failed_link,commodity_rank,source,destination,path_rank,path_flow,path_nodes,path_edges,contains_failed_link
22,sample_backbone,11,1.2,current_demand_lp,critical_failure_fixed,2 -> 3 & 3 -> 2,1,3,2,1,5.5827481,3 | 2,3->2,1
22,sample_backbone,11,1.2,current_demand_lp,critical_failure_fixed,2 -> 3 & 3 -> 2,2,2,3,1,5.4894946,2 | 3,2->3,1
22,sample_backbone,11,1.2,current_demand_lp,critical_failure_fixed,2 -> 3 & 3 -> 2,3,0,5,1,0.73086345,0 | 1 | 3 | 5,0->1 | 1->3 | 3->5,0
22,sample_backbone,11,1.2,current_demand_lp,critical_failure_fixed,2 -> 3 & 3 -> 2,3,0,5,2,1.41163365,0 | 2 | 3 | 5,0->2 | 2->3 | 3->5,1
22,sample_backbone,11,1.2,current_demand_lp,critical_failure_fixed,2 -> 3 & 3 -> 2,3,0,5,3,3.8046035500000004,0 | 2 | 3 | 4 | 5,0->2 | 2->3 | 3->4 | 4->5,1
22,sample_backbone,11,1.2,current_demand_lp,critical_failure_fixed,2 -> 3 & 3 -> 2,4,2,5,1,4.3696771,2 | 3 | 5,2->3 | 3->5,1
22,sample_backbone,11,1.2,current_demand_lp,critical_failure_fixed,2 -> 3 & 3 -> 2,5,5,2,1,2.9732035,5 | 3 | 2,5->3 | 3->2,1
22,sample_backbone,11,1.2,current_demand_lp,random_failure_fixed,3 -> 4 & 4 -> 3,1,4,3,1,5.2819006,4 | 3,4->3,1
22,sample_backbone,11,1.2,current_demand_lp,random_failure_fixed,3 -> 4 & 4 -> 3,2,3,4,1,4.3688366,3 | 4,3->4,1
22,sample_backbone,11,1.2,current_demand_lp,random_failure_fixed,3 -> 4 & 4 -> 3,3,0,5,1,0.73086345,0 | 1 | 3 | 5,0->1 | 1->3 | 3->5,0
22,sample_backbone,11,1.2,current_demand_lp,random_failure_fixed,3 -> 4 & 4 -> 3,3,0,5,2,1.41163365,0 | 2 | 3 | 5,0->2 | 2->3 | 3->5,0
22,sample_backbone,11,1.2,current_demand_lp,random_failure_fixed,3 -> 4 & 4 -> 3,3,0,5,3,3.8046035500000004,0 | 2 | 3 | 4 | 5,0->2 | 2->3 | 3->4 | 4->5,1
22,sample_backbone,11,1.2,current_demand_lp,random_failure_fixed,3 -> 4 & 4 -> 3,4,4,1,1,2.3351981,4 | 2 | 1,4->2 | 2->1,0
22,sample_backbone,11,1.2,current_demand_lp,random_failure_fixed,3 -> 4 & 4 -> 3,4,4,1,2,1.7937256,4 | 3 | 1,4->3 | 3->1,1
22,sample_backbone,11,1.2,current_demand_lp,random_failure_fixed,3 -> 4 & 4 -> 3,5,2,4,1,3.6329107,2 | 4,2->4,0
22,sample_backbone,11,1.2,current_demand_lp,random_failure_fixed,3 -> 4 & 4 -> 3,5,2,4,2,1.6174445,2 | 3 | 4,2->3 | 3->4,1
22,sample_backbone,11,1.2,robust_current_demand_lp,critical_failure_fixed,2 -> 3 & 3 -> 2,1,0,5,1,5.9471007,0 | 2 | 3 | 5,0->2 | 2->3 | 3->5,1
22,sample_backbone,11,1.2,robust_current_demand_lp,critical_failure_fixed,2 -> 3 & 3 -> 2,2,3,2,1,5.5827481,3 | 2,3->2,1
22,sample_backbone,11,1.2,robust_current_demand_lp,critical_failure_fixed,2 -> 3 & 3 -> 2,3,2,3,1,5.4894946,2 | 3,2->3,1
22,sample_backbone,11,1.2,robust_current_demand_lp,critical_failure_fixed,2 -> 3 & 3 -> 2,4,2,4,1,5.2503553,2 | 3 | 4,2->3 | 3->4,1
22,sample_backbone,11,1.2,robust_current_demand_lp,critical_failure_fixed,2 -> 3 & 3 -> 2,5,5,0,1,2.3302864,5 | 3 | 2 | 0,5->3 | 3->2 | 2->0,1
22,sample_backbone,11,1.2,robust_current_demand_lp,critical_failure_fixed,2 -> 3 & 3 -> 2,5,5,0,2,1.4410537,5 | 4 | 3 | 2 | 0,5->4 | 4->3 | 3->2 | 2->0,1
22,sample_backbone,11,1.2,robust_current_demand_lp,random_failure_fixed,3 -> 4 & 4 -> 3,1,4,3,1,5.2819006,4 | 3,4->3,1
22,sample_backbone,11,1.2,robust_current_demand_lp,random_failure_fixed,3 -> 4 & 4 -> 3,2,2,4,1,5.2503553,2 | 3 | 4,2->3 | 3->4,1
22,sample_backbone,11,1.2,robust_current_demand_lp,random_failure_fixed,3 -> 4 & 4 -> 3,3,3,4,1,4.3688366,3 | 4,3->4,1
22,sample_backbone,11,1.2,robust_current_demand_lp,random_failure_fixed,3 -> 4 & 4 -> 3,4,5,0,1,2.3302864,5 | 3 | 2 | 0,5->3 | 3->2 | 2->0,0
22,sample_backbone,11,1.2,robust_current_demand_lp,random_failure_fixed,3 -> 4 & 4 -> 3,4,5,0,2,1.4410537,5 | 4 | 3 | 2 | 0,5->4 | 4->3 | 3->2 | 2->0,1
22,sample_backbone,11,1.2,robust_current_demand_lp,random_failure_fixed,3 -> 4 & 4 -> 3,5,4,0,1,3.3618175,4 | 2 | 0,4->2 | 2->0,0
22,sample_backbone,11,1.2,robust_current_demand_lp,random_failure_fixed,3 -> 4 & 4 -> 3,5,4,0,2,0.35267187,4 | 3 | 2 | 0,4->3 | 3->2 | 2->0,1
22,sample_backbone,11,1.2,moving_average,critical_failure_fixed,2 -> 3 & 3 -> 2,1,3,2,1,5.5723905,3 | 2,3->2,1
22,sample_backbone,11,1.2,moving_average,critical_failure_fixed,2 -> 3 & 3 -> 2,2,2,3,1,4.9417333,2 | 3,2->3,1
22,sample_backbone,11,1.2,moving_average,critical_failure_fixed,2 -> 3 & 3 -> 2,3,0,5,1,0.90020936,0 | 1 | 3 | 5,0->1 | 1->3 | 3->5,0
22,sample_backbone,11,1.2,moving_average,critical_failure_fixed,2 -> 3 & 3 -> 2,3,0,5,2,0.72536184,0 | 2 | 3 | 5,0->2 | 2->3 | 3->5,1
22,sample_backbone,11,1.2,moving_average,critical_failure_fixed,2 -> 3 & 3 -> 2,3,0,5,3,4.0203484,0 | 2 | 3 | 4 | 5,0->2 | 2->3 | 3->4 | 4->5,1
22,sample_backbone,11,1.2,moving_average,critical_failure_fixed,2 -> 3 & 3 -> 2,4,3,1,1,0.098317701,3 | 1,3->1,0
22,sample_backbone,11,1.2,moving_average,critical_failure_fixed,2 -> 3 & 3 -> 2,4,3,1,2,4.1873681,3 | 2 | 1,3->2 | 2->1,1
22,sample_backbone,11,1.2,moving_average,critical_failure_fixed,2 -> 3 & 3 -> 2,5,2,5,1,4.1672453,2 | 3 | 5,2->3 | 3->5,1
22,sample_backbone,11,1.2,moving_average,random_failure_fixed,3 -> 4 & 4 -> 3,1,4,3,1,4.8931417,4 | 3,4->3,1
22,sample_backbone,11,1.2,moving_average,random_failure_fixed,3 -> 4 & 4 -> 3,2,3,4,1,4.1292751,3 | 4,3->4,1
22,sample_backbone,11,1.2,moving_average,random_failure_fixed,3 -> 4 & 4 -> 3,3,0,5,1,0.90020936,0 | 1 | 3 | 5,0->1 | 1->3 | 3->5,0
22,sample_backbone,11,1.2,moving_average,random_failure_fixed,3 -> 4 & 4 -> 3,3,0,5,2,0.72536184,0 | 2 | 3 | 5,0->2 | 2->3 | 3->5,0
22,sample_backbone,11,1.2,moving_average,random_failure_fixed,3 -> 4 & 4 -> 3,3,0,5,3,4.0203484,0 | 2 | 3 | 4 | 5,0->2 | 2->3 | 3->4 | 4->5,1
22,sample_backbone,11,1.2,moving_average,random_failure_fixed,3 -> 4 & 4 -> 3,4,4,1,1,1.4437241,4 | 2 | 1,4->2 | 2->1,0
22,sample_backbone,11,1.2,moving_average,random_failure_fixed,3 -> 4 & 4 -> 3,4,4,1,2,2.9599226,4 | 3 | 1,4->3 | 3->1,1
22,sample_backbone,11,1.2,moving_average,random_failure_fixed,3 -> 4 & 4 -> 3,5,2,4,1,3.1070429,2 | 4,2->4,0
22,sample_backbone,11,1.2,moving_average,random_failure_fixed,3 -> 4 & 4 -> 3,5,2,4,2,1.6785881,2 | 3 | 4,2->3 | 3->4,1
22,sample_backbone,11,1.2,linear_autoregressive,critical_failure_fixed,2 -> 3 & 3 -> 2,1,3,2,1,7.7873625,3 | 2,3->2,1
22,sample_backbone,11,1.2,linear_autoregressive,critical_failure_fixed,2 -> 3 & 3 -> 2,2,2,5,1,6.8357156,2 | 3 | 5,2->3 | 3->5,1
22,sample_backbone,11,1.2,linear_autoregressive,critical_failure_fixed,2 -> 3 & 3 -> 2,3,2,3,1,5.5442008,2 | 3,2->3,1
22,sample_backbone,11,1.2,linear_autoregressive,critical_failure_fixed,2 -> 3 & 3 -> 2,4,0,5,1,2.0437021,0 | 1 | 3 | 5,0->1 | 1->3 | 3->5,0
22,sample_backbone,11,1.2,linear_autoregressive,critical_failure_fixed,2 -> 3 & 3 -> 2,4,0,5,2,0.16101650000000012,0 | 1 | 3 | 4 | 5,0->1 | 1->3 | 3->4 | 4->5,0
22,sample_backbone,11,1.2,linear_autoregressive,critical_failure_fixed,2 -> 3 & 3 -> 2,4,0,5,3,5.3544117,0 | 2 | 3 | 4 | 5,0->2 | 2->3 | 3->4 | 4->5,1
22,sample_backbone,11,1.2,linear_autoregressive,critical_failure_fixed,2 -> 3 & 3 -> 2,5,5,0,1,5.0115226,5 | 3 | 2 | 0,5->3 | 3->2 | 2->0,1
22,sample_backbone,11,1.2,linear_autoregressive,critical_failure_fixed,2 -> 3 & 3 -> 2,5,5,0,2,0.6216255999999998,5 | 4 | 2 | 0,5->4 | 4->2 | 2->0,0
22,sample_backbone,11,1.2,linear_autoregressive,random_failure_fixed,3 -> 4 & 4 -> 3,1,4,3,1,7.0957708,4 | 3,4->3,1
22,sample_backbone,11,1.2,linear_autoregressive,random_failure_fixed,3 -> 4 & 4 -> 3,2,0,5,1,2.0437021,0 | 1 | 3 | 5,0->1 | 1->3 | 3->5,0
22,sample_backbone,11,1.2,linear_autoregressive,random_failure_fixed,3 -> 4 & 4 -> 3,2,0,5,2,0.16101650000000012,0 | 1 | 3 | 4 | 5,0->1 | 1->3 | 3->4 | 4->5,1
22,sample_backbone,11,1.2,linear_autoregressive,random_failure_fixed,3 -> 4 & 4 -> 3,2,0,5,3,5.3544117,0 | 2 | 3 | 4 | 5,0->2 | 2->3 | 3->4 | 4->5,1
22,sample_backbone,11,1.2,linear_autoregressive,random_failure_fixed,3 -> 4 & 4 -> 3,3,3,4,1,4.731179,3 | 4,3->4,1
22,sample_backbone,11,1.2,linear_autoregressive,random_failure_fixed,3 -> 4 & 4 -> 3,4,2,4,1,2.6706701,2 | 4,2->4,0
22,sample_backbone,11,1.2,linear_autoregressive,random_failure_fixed,3 -> 4 & 4 -> 3,4,2,4,2,2.538027,2 | 3 | 4,2->3 | 3->4,1
22,sample_backbone,11,1.2,linear_autoregressive,random_failure_fixed,3 -> 4 & 4 -> 3,5,4,1,1,3.5146989,4 | 2 | 1,4->2 | 2->1,0
22,sample_backbone,11,1.2,linear_autoregressive,random_failure_fixed,3 -> 4 & 4 -> 3,5,4,1,2,1.9018632,4 | 3 | 1,4->3 | 3->1,1
22,sample_backbone,11,1.2,lstm,critical_failure_fixed,2 -> 3 & 3 -> 2,1,3,2,1,5.9448185,3 | 2,3->2,1
22,sample_backbone,11,1.2,lstm,critical_failure_fixed,2 -> 3 & 3 -> 2,2,2,3,1,5.2148676,2 | 3,2->3,1
22,sample_backbone,11,1.2,lstm,critical_failure_fixed,2 -> 3 & 3 -> 2,3,2,5,1,4.7463703,2 | 3 | 5,2->3 | 3->5,1
22,sample_backbone,11,1.2,lstm,critical_failure_fixed,2 -> 3 & 3 -> 2,4,0,5,1,1.616667,0 | 1 | 3 | 5,0->1 | 1->3 | 3->5,0
22,sample_backbone,11,1.2,lstm,critical_failure_fixed,2 -> 3 & 3 -> 2,4,0,5,2,0.057358599999999926,0 | 1 | 3 | 4 | 5,0->1 | 1->3 | 3->4 | 4->5,0
22,sample_backbone,11,1.2,lstm,critical_failure_fixed,2 -> 3 & 3 -> 2,4,0,5,3,4.0882801,0 | 2 | 3 | 4 | 5,0->2 | 2->3 | 3->4 | 4->5,1
22,sample_backbone,11,1.2,lstm,critical_failure_fixed,2 -> 3 & 3 -> 2,5,0,3,1,3.0346386,0 | 2 | 3,0->2 | 2->3,1
22,sample_backbone,11,1.2,lstm,random_failure_fixed,3 -> 4 & 4 -> 3,1,4,3,1,5.1265979,4 | 3,4->3,1
22,sample_backbone,11,1.2,lstm,random_failure_fixed,3 -> 4 & 4 -> 3,2,3,4,1,4.309083,3 | 4,3->4,1
22,sample_backbone,11,1.2,lstm,random_failure_fixed,3 -> 4 & 4 -> 3,3,0,5,1,1.616667,0 | 1 | 3 | 5,0->1 | 1->3 | 3->5,0
22,sample_backbone,11,1.2,lstm,random_failure_fixed,3 -> 4 & 4 -> 3,3,0,5,2,0.057358599999999926,0 | 1 | 3 | 4 | 5,0->1 | 1->3 | 3->4 | 4->5,1
22,sample_backbone,11,1.2,lstm,random_failure_fixed,3 -> 4 & 4 -> 3,3,0,5,3,4.0882801,0 | 2 | 3 | 4 | 5,0->2 | 2->3 | 3->4 | 4->5,1
22,sample_backbone,11,1.2,lstm,random_failure_fixed,3 -> 4 & 4 -> 3,4,4,1,1,2.2200368,4 | 2 | 1,4->2 | 2->1,0
22,sample_backbone,11,1.2,lstm,random_failure_fixed,3 -> 4 & 4 -> 3,4,4,1,2,2.2566263,4 | 3 | 1,4->3 | 3->1,1
22,sample_backbone,11,1.2,lstm,random_failure_fixed,3 -> 4 & 4 -> 3,5,2,4,1,3.0938342,2 | 4,2->4,0
22,sample_backbone,11,1.2,lstm,random_failure_fixed,3 -> 4 & 4 -> 3,5,2,4,2,1.6116926,2 | 3 | 4,2->3 | 3->4,1
22,sample_backbone,11,1.2,uncertainty_aware_lstm_robust_lp,critical_failure_fixed,2 -> 3 & 3 -> 2,1,3,2,1,6.2019763,3 | 2,3->2,1
22,sample_backbone,11,1.2,uncertainty_aware_lstm_robust_lp,critical_failure_fixed,2 -> 3 & 3 -> 2,2,0,5,1,5.9894066,0 | 2 | 3 | 5,0->2 | 2->3 | 3->5,1
22,sample_backbone,11,1.2,uncertainty_aware_lstm_robust_lp,critical_failure_fixed,2 -> 3 & 3 -> 2,3,2,3,1,5.4093237,2 | 3,2->3,1
22,sample_backbone,11,1.2,uncertainty_aware_lstm_robust_lp,critical_failure_fixed,2 -> 3 & 3 -> 2,4,2,4,1,4.8615994,2 | 3 | 4,2->3 | 3->4,1
22,sample_backbone,11,1.2,uncertainty_aware_lstm_robust_lp,critical_failure_fixed,2 -> 3 & 3 -> 2,5,5,0,1,3.008249,5 | 3 | 2 | 0,5->3 | 3->2 | 2->0,1
22,sample_backbone,11,1.2,uncertainty_aware_lstm_robust_lp,critical_failure_fixed,2 -> 3 & 3 -> 2,5,5,0,2,1.3441098,5 | 4 | 3 | 2 | 0,5->4 | 4->3 | 3->2 | 2->0,1
22,sample_backbone,11,1.2,uncertainty_aware_lstm_robust_lp,random_failure_fixed,3 -> 4 & 4 -> 3,1,4,3,1,5.3416858,4 | 3,4->3,1
22,sample_backbone,11,1.2,uncertainty_aware_lstm_robust_lp,random_failure_fixed,3 -> 4 & 4 -> 3,2,2,4,1,4.8615994,2 | 3 | 4,2->3 | 3->4,1
22,sample_backbone,11,1.2,uncertainty_aware_lstm_robust_lp,random_failure_fixed,3 -> 4 & 4 -> 3,3,3,4,1,4.4925756,3 | 4,3->4,1
22,sample_backbone,11,1.2,uncertainty_aware_lstm_robust_lp,random_failure_fixed,3 -> 4 & 4 -> 3,4,5,0,1,3.008249,5 | 3 | 2 | 0,5->3 | 3->2 | 2->0,0
22,sample_backbone,11,1.2,uncertainty_aware_lstm_robust_lp,random_failure_fixed,3 -> 4 & 4 -> 3,4,5,0,2,1.3441098,5 | 4 | 3 | 2 | 0,5->4 | 4->3 | 3->2 | 2->0,1
22,sample_backbone,11,1.2,uncertainty_aware_lstm_robust_lp,random_failure_fixed,3 -> 4 & 4 -> 3,5,1,4,1,3.3540188,1 | 2 | 4,1->2 | 2->4,0
22,sample_backbone,11,1.2,uncertainty_aware_lstm_robust_lp,random_failure_fixed,3 -> 4 & 4 -> 3,5,1,4,2,1.1424441,1 | 3 | 4,1->3 | 3->4,1
23,sample_backbone,11,1.2,current_demand_lp,critical_failure_fixed,2 -> 3 & 3 -> 2,1,3,2,1,6.3658729,3 | 2,3->2,1
23,sample_backbone,11,1.2,current_demand_lp,critical_failure_fixed,2 -> 3 & 3 -> 2,2,2,3,1,6.1649462,2 | 3,2->3,1
23,sample_backbone,11,1.2,current_demand_lp,critical_failure_fixed,2 -> 3 & 3 -> 2,3,3,1,1,5.0584663,3 | 2 | 1,3->2 | 2->1,1
23,sample_backbone,11,1.2,current_demand_lp,critical_failure_fixed,2 -> 3 & 3 -> 2,4,0,5,1,1.1583311,0 | 1 | 3 | 5,0->1 | 1->3 | 3->5,0
23,sample_backbone,11,1.2,current_demand_lp,critical_failure_fixed,2 -> 3 & 3 -> 2,4,0,5,2,0.2602781999999999,0 | 1 | 3 | 4 | 5,0->1 | 1->3 | 3->4 | 4->5,0
23,sample_backbone,11,1.2,current_demand_lp,critical_failure_fixed,2 -> 3 & 3 -> 2,4,0,5,3,5.016145799999999,0 | 2 | 3 | 4 | 5,0->2 | 2->3 | 3->4 | 4->5,1
23,sample_backbone,11,1.2,current_demand_lp,critical_failure_fixed,2 -> 3 & 3 -> 2,5,2,5,1,4.8615994,2 | 3 | 5,2->3 | 3->5,1
23,sample_backbone,11,1.2,current_demand_lp,random_failure_fixed,0 -> 1 & 1 -> 0,1,0,1,1,4.7932473,0 | 1,0->1,1
23,sample_backbone,11,1.2,current_demand_lp,random_failure_fixed,0 -> 1 & 1 -> 0,2,3,0,1,4.2767939,3 | 1 | 0,3->1 | 1->0,1
23,sample_backbone,11,1.2,current_demand_lp,random_failure_fixed,0 -> 1 & 1 -> 0,2,3,0,2,1.4447491,3 | 2 | 0,3->2 | 2->0,0
23,sample_backbone,11,1.2,current_demand_lp,random_failure_fixed,0 -> 1 & 1 -> 0,3,1,0,1,3.2186153,1 | 0,1->0,1
23,sample_backbone,11,1.2,current_demand_lp,random_failure_fixed,0 -> 1 & 1 -> 0,4,0,5,1,1.1583311,0 | 1 | 3 | 5,0->1 | 1->3 | 3->5,1
23,sample_backbone,11,1.2,current_demand_lp,random_failure_fixed,0 -> 1 & 1 -> 0,4,0,5,2,0.2602781999999999,0 | 1 | 3 | 4 | 5,0->1 | 1->3 | 3->4 | 4->5,1
23,sample_backbone,11,1.2,current_demand_lp,random_failure_fixed,0 -> 1 & 1 -> 0,4,0,5,3,5.016145799999999,0 | 2 | 3 | 4 | 5,0->2 | 2->3 | 3->4 | 4->5,0
23,sample_backbone,11,1.2,current_demand_lp,random_failure_fixed,0 -> 1 & 1 -> 0,5,0,4,1,2.7062264,0 | 2 | 4,0->2 | 2->4,0
23,sample_backbone,11,1.2,current_demand_lp,random_failure_fixed,0 -> 1 & 1 -> 0,5,0,4,2,0.88049918,0 | 1 | 2 | 4,0->1 | 1->2 | 2->4,1
23,sample_backbone,11,1.2,robust_current_demand_lp,critical_failure_fixed,2 -> 3 & 3 -> 2,1,0,5,1,6.4347551,0 | 2 | 3 | 5,0->2 | 2->3 | 3->5,1
23,sample_backbone,11,1.2,robust_current_demand_lp,critical_failure_fixed,2 -> 3 & 3 -> 2,2,3,2,1,6.3658729,3 | 2,3->2,1
23,sample_backbone,11,1.2,robust_current_demand_lp,critical_failure_fixed,2 -> 3 & 3 -> 2,3,2,3,1,6.1649462,2 | 3,2->3,1
23,sample_backbone,11,1.2,robust_current_demand_lp,critical_failure_fixed,2 -> 3 & 3 -> 2,4,2,4,1,5.0905645,2 | 3 | 4,2->3 | 3->4,1
23,sample_backbone,11,1.2,robust_current_demand_lp,critical_failure_fixed,2 -> 3 & 3 -> 2,5,5,0,1,2.0329227,5 | 3 | 2 | 0,5->3 | 3->2 | 2->0,1
23,sample_backbone,11,1.2,robust_current_demand_lp,critical_failure_fixed,2 -> 3 & 3 -> 2,5,5,0,2,2.582707,5 | 4 | 3 | 2 | 0,5->4 | 4->3 | 3->2 | 2->0,1
23,sample_backbone,11,1.2,robust_current_demand_lp,random_failure_fixed,0 -> 1 & 1 -> 0,1,0,1,1,4.7932473,0 | 1,0->1,1
23,sample_backbone,11,1.2,robust_current_demand_lp,random_failure_fixed,0 -> 1 & 1 -> 0,2,3,0,1,4.2767939,3 | 1 | 0,3->1 | 1->0,1
23,sample_backbone,11,1.2,robust_current_demand_lp,random_failure_fixed,0 -> 1 & 1 -> 0,2,3,0,2,1.4447491,3 | 2 | 0,3->2 | 2->0,0
23,sample_backbone,11,1.2,robust_current_demand_lp,random_failure_fixed,0 -> 1 & 1 -> 0,3,1,0,1,3.2186153,1 | 0,1->0,1
23,sample_backbone,11,1.2,robust_current_demand_lp,random_failure_fixed,0 -> 1 & 1 -> 0,4,0,2,1,3.2448947,0 | 2,0->2,0
23,sample_backbone,11,1.2,robust_current_demand_lp,random_failure_fixed,0 -> 1 & 1 -> 0,4,0,2,2,2.2409539,0 | 1 | 2,0->1 | 1->2,1
23,sample_backbone,11,1.2,robust_current_demand_lp,random_failure_fixed,0 -> 1 & 1 -> 0,5,0,3,1,0.058154499,0 | 1 | 3,0->1 | 1->3,1
23,sample_backbone,11,1.2,robust_current_demand_lp,random_failure_fixed,0 -> 1 & 1 -> 0,5,0,3,2,2.7753775,0 | 2 | 3,0->2 | 2->3,0
23,sample_backbone,11,1.2,moving_average,critical_failure_fixed,2 -> 3 & 3 -> 2,1,3,2,1,5.7444629,3 | 2,3->2,1
23,sample_backbone,11,1.2,moving_average,critical_failure_fixed,2 -> 3 & 3 -> 2,2,2,3,1,5.2526746,2 | 3,2->3,1
23,sample_backbone,11,1.2,moving_average,critical_failure_fixed,2 -> 3 & 3 -> 2,3,0,5,1,0.98001864,0 | 1 | 3 | 5,0->1 | 1->3 | 3->5,0
23,sample_backbone,11,1.2,moving_average,critical_failure_fixed,2 -> 3 & 3 -> 2,3,0,5,2,0.46934336,0 | 2 | 3 | 5,0->2 | 2->3 | 3->5,1
23,sample_backbone,11,1.2,moving_average,critical_failure_fixed,2 -> 3 & 3 -> 2,3,0,5,3,4.3363273,0 | 2 | 3 | 4 | 5,0->2 | 2->3 | 3->4 | 4->5,1
23,sample_backbone,11,1.2,moving_average,critical_failure_fixed,2 -> 3 & 3 -> 2,4,3,1,1,4.448787,3 | 2 | 1,3->2 | 2->1,1
23,sample_backbone,11,1.2,moving_average,critical_failure_fixed,2 -> 3 & 3 -> 2,5,2,5,1,4.2898169,2 | 3 | 5,2->3 | 3->5,1
23,sample_backbone,11,1.2,moving_average,random_failure_fixed,0 -> 1 & 1 -> 0,1,0,1,1,4.142939,0 | 1,0->1,1
23,sample_backbone,11,1.2,moving_average,random_failure_fixed,0 -> 1 & 1 -> 0,2,3,0,1,3.6262696,3 | 1 | 0,3->1 | 1->0,1
23,sample_backbone,11,1.2,moving_average,random_failure_fixed,0 -> 1 & 1 -> 0,2,3,0,2,1.6941128,3 | 2 | 0,3->2 | 2->0,0
23,sample_backbone,11,1.2,moving_average,random_failure_fixed,0 -> 1 & 1 -> 0,3,1,0,1,2.8489888,1 | 0,1->0,1
23,sample_backbone,11,1.2,moving_average,random_failure_fixed,0 -> 1 & 1 -> 0,4,0,5,1,0.98001864,0 | 1 | 3 | 5,0->1 | 1->3 | 3->5,1
23,sample_backbone,11,1.2,moving_average,random_failure_fixed,0 -> 1 & 1 -> 0,4,0,5,2,0.46934336,0 | 2 | 3 | 5,0->2 | 2->3 | 3->5,0
23,sample_backbone,11,1.2,moving_average,random_failure_fixed,0 -> 1 & 1 -> 0,4,0,5,3,4.3363273,0 | 2 | 3 | 4 | 5,0->2 | 2->3 | 3->4 | 4->5,0
23,sample_backbone,11,1.2,moving_average,random_failure_fixed,0 -> 1 & 1 -> 0,5,0,4,1,2.3646368,0 | 2 | 4,0->2 | 2->4,0
23,sample_backbone,11,1.2,moving_average,random_failure_fixed,0 -> 1 & 1 -> 0,5,0,4,2,0.78469989,0 | 1 | 2 | 4,0->1 | 1->2 | 2->4,1
23,sample_backbone,11,1.2,linear_autoregressive,critical_failure_fixed,2 -> 3 & 3 -> 2,1,3,2,1,6.7163274,3 | 2,3->2,1
23,sample_backbone,11,1.2,linear_autoregressive,critical_failure_fixed,2 -> 3 & 3 -> 2,2,2,3,1,6.0203729,2 | 3,2->3,1
23,sample_backbone,11,1.2,linear_autoregressive,critical_failure_fixed,2 -> 3 & 3 -> 2,3,2,5,1,5.3851289,2 | 3 | 5,2->3 | 3->5,1
23,sample_backbone,11,1.2,linear_autoregressive,critical_failure_fixed,2 -> 3 & 3 -> 2,4,3,1,1,0.39241918,3 | 1,3->1,0
23,sample_backbone,11,1.2,linear_autoregressive,critical_failure_fixed,2 -> 3 & 3 -> 2,4,3,1,2,4.3311512,3 | 2 | 1,3->2 | 2->1,1
23,sample_backbone,11,1.2,linear_autoregressive,critical_failure_fixed,2 -> 3 & 3 -> 2,5,0,5,1,1.7944217,0 | 1 | 3 | 5,0->1 | 1->3 | 3->5,0
23,sample_backbone,11,1.2,linear_autoregressive,critical_failure_fixed,2 -> 3 & 3 -> 2,5,0,5,2,0.4496378000000001,0 | 2 | 3 | 5,0->2 | 2->3 | 3->5,1
23,sample_backbone,11,1.2,linear_autoregressive,critical_failure_fixed,2 -> 3 & 3 -> 2,5,0,5,3,3.8753621,0 | 2 | 3 | 4 | 5,0->2 | 2->3 | 3->4 | 4->5,1
23,sample_backbone,11,1.2,linear_autoregressive,random_failure_fixed,0 -> 1 & 1 -> 0,1,0,1,1,4.4332397,0 | 1,0->1,1
23,sample_backbone,11,1.2,linear_autoregressive,random_failure_fixed,0 -> 1 & 1 -> 0,2,3,0,1,4.4057305,3 | 1 | 0,3->1 | 1->0,1
23,sample_backbone,11,1.2,linear_autoregressive,random_failure_fixed,0 -> 1 & 1 -> 0,2,3,0,2,1.6752173,3 | 2 | 0,3->2 | 2->0,0
23,sample_backbone,11,1.2,linear_autoregressive,random_failure_fixed,0 -> 1 & 1 -> 0,3,1,0,1,2.3639806,1 | 0,1->0,1
23,sample_backbone,11,1.2,linear_autoregressive,random_failure_fixed,0 -> 1 & 1 -> 0,4,0,5,1,1.7944217,0 | 1 | 3 | 5,0->1 | 1->3 | 3->5,1
23,sample_backbone,11,1.2,linear_autoregressive,random_failure_fixed,0 -> 1 & 1 -> 0,4,0,5,2,0.4496378000000001,0 | 2 | 3 | 5,0->2 | 2->3 | 3->5,0
23,sample_backbone,11,1.2,linear_autoregressive,random_failure_fixed,0 -> 1 & 1 -> 0,4,0,5,3,3.8753621,0 | 2 | 3 | 4 | 5,0->2 | 2->3 | 3->4 | 4->5,0
23,sample_backbone,11,1.2,lstm,critical_failure_fixed,2 -> 3 & 3 -> 2,1,3,2,1,6.2856565,3 | 2,3->2,1
23,sample_backbone,11,1.2,lstm,critical_failure_fixed,2 -> 3 & 3 -> 2,2,2,3,1,5.6491599,2 | 3,2->3,1
23,sample_backbone,11,1.2,lstm,critical_failure_fixed,2 -> 3 & 3 -> 2,3,2,5,1,5.1159215,2 | 3 | 5,2->3 | 3->5,1
23,sample_backbone,11,1.2,lstm,critical_failure_fixed,2 -> 3 & 3 -> 2,4,0,5,1,1.6633636,0 | 1 | 3 | 5,0->1 | 1->3 | 3->5,0
23,sample_backbone,11,1.2,lstm,critical_failure_fixed,2 -> 3 & 3 -> 2,4,0,5,2,0.12961199999999984,0 | 1 | 3 | 4 | 5,0->1 | 1->3 | 3->4 | 4->5,0
23,sample_backbone,11,1.2,lstm,critical_failure_fixed,2 -> 3 & 3 -> 2,4,0,5,3,4.2840613,0 | 2 | 3 | 4 | 5,0->2 | 2->3 | 3->4 | 4->5,1
23,sample_backbone,11,1.2,lstm,critical_failure_fixed,2 -> 3 & 3 -> 2,5,3,1,1,1.1578357,3 | 1,3->1,0
23,sample_backbone,11,1.2,lstm,critical_failure_fixed,2 -> 3 & 3 -> 2,5,3,1,2,3.4471105,3 | 2 | 1,3->2 | 2->1,1
23,sample_backbone,11,1.2,lstm,random_failure_fixed,0 -> 1 & 1 -> 0,1,0,1,1,4.581984,0 | 1,0->1,1
23,sample_backbone,11,1.2,lstm,random_failure_fixed,0 -> 1 & 1 -> 0,2,3,0,1,3.6422161,3 | 1 | 0,3->1 | 1->0,1
23,sample_backbone,11,1.2,lstm,random_failure_fixed,0 -> 1 & 1 -> 0,2,3,0,2,2.0966946,3 | 2 | 0,3->2 | 2->0,0
23,sample_backbone,11,1.2,lstm,random_failure_fixed,0 -> 1 & 1 -> 0,3,1,0,1,2.9213316,1 | 0,1->0,1
23,sample_backbone,11,1.2,lstm,random_failure_fixed,0 -> 1 & 1 -> 0,4,0,5,1,1.6633636,0 | 1 | 3 | 5,0->1 | 1->3 | 3->5,1
23,sample_backbone,11,1.2,lstm,random_failure_fixed,0 -> 1 & 1 -> 0,4,0,5,2,0.12961199999999984,0 | 1 | 3 | 4 | 5,0->1 | 1->3 | 3->4 | 4->5,1
23,sample_backbone,11,1.2,lstm,random_failure_fixed,0 -> 1 & 1 -> 0,4,0,5,3,4.2840613,0 | 2 | 3 | 4 | 5,0->2 | 2->3 | 3->4 | 4->5,0
23,sample_backbone,11,1.2,lstm,random_failure_fixed,0 -> 1 & 1 -> 0,5,0,4,1,3.1354404,0 | 2 | 4,0->2 | 2->4,0
23,sample_backbone,11,1.2,lstm,random_failure_fixed,0 -> 1 & 1 -> 0,5,0,4,2,0.17235628,0 | 1 | 2 | 4,0->1 | 1->2 | 2->4,1
23,sample_backbone,11,1.2,uncertainty_aware_lstm_robust_lp,critical_failure_fixed,2 -> 3 & 3 -> 2,1,3,2,1,6.5428143,3 | 2,3->2,1
23,sample_backbone,11,1.2,uncertainty_aware_lstm_robust_lp,critical_failure_fixed,2 -> 3 & 3 -> 2,2,0,5,1,6.3041377,0 | 2 | 3 | 5,0->2 | 2->3 | 3->5,1
23,sample_backbone,11,1.2,uncertainty_aware_lstm_robust_lp,critical_failure_fixed,2 -> 3 & 3 -> 2,3,2,3,1,5.843616,2 | 3,2->3,1
23,sample_backbone,11,1.2,uncertainty_aware_lstm_robust_lp,critical_failure_fixed,2 -> 3 & 3 -> 2,4,2,4,1,5.2458835,2 | 3 | 4,2->3 | 3->4,1
23,sample_backbone,11,1.2,uncertainty_aware_lstm_robust_lp,critical_failure_fixed,2 -> 3 & 3 -> 2,5,5,0,1,3.0743092,5 | 3 | 2 | 0,5->3 | 3->2 | 2->0,1
23,sample_backbone,11,1.2,uncertainty_aware_lstm_robust_lp,critical_failure_fixed,2 -> 3 & 3 -> 2,5,5,0,2,1.6085526,5 | 4 | 3 | 2 | 0,5->4 | 4->3 | 3->2 | 2->0,1
23,sample_backbone,11,1.2,uncertainty_aware_lstm_robust_lp,random_failure_fixed,0 -> 1 & 1 -> 0,1,0,1,1,4.7412424,0 | 1,0->1,1
23,sample_backbone,11,1.2,uncertainty_aware_lstm_robust_lp,random_failure_fixed,0 -> 1 & 1 -> 0,2,3,0,1,3.7041456,3 | 1 | 0,3->1 | 1->0,1
23,sample_backbone,11,1.2,uncertainty_aware_lstm_robust_lp,random_failure_fixed,0 -> 1 & 1 -> 0,2,3,0,2,2.242328,3 | 2 | 0,3->2 | 2->0,0
23,sample_backbone,11,1.2,uncertainty_aware_lstm_robust_lp,random_failure_fixed,0 -> 1 & 1 -> 0,3,1,0,1,3.0329952,1 | 0,1->0,1
23,sample_backbone,11,1.2,uncertainty_aware_lstm_robust_lp,random_failure_fixed,0 -> 1 & 1 -> 0,4,0,2,1,3.7986062,0 | 2,0->2,0
23,sample_backbone,11,1.2,uncertainty_aware_lstm_robust_lp,random_failure_fixed,0 -> 1 & 1 -> 0,4,0,2,2,1.2949369,0 | 1 | 2,0->1 | 1->2,1
23,sample_backbone,11,1.2,uncertainty_aware_lstm_robust_lp,random_failure_fixed,0 -> 1 & 1 -> 0,5,0,3,1,0.75535144,0 | 1 | 3,0->1 | 1->3,1
23,sample_backbone,11,1.2,uncertainty_aware_lstm_robust_lp,random_failure_fixed,0 -> 1 & 1 -> 0,5,0,3,2,2.7897569,0 | 2 | 3,0->2 | 2->3,0
24,sample_backbone,11,1.2,current_demand_lp,critical_failure_fixed,2 -> 3 & 3 -> 2,1,3,2,1,7.1015959,3 | 2,3->2,1
24,sample_backbone,11,1.2,current_demand_lp,critical_failure_fixed,2 -> 3 & 3 -> 2,2,2,3,1,6.3972139,2 | 3,2->3,1
24,sample_backbone,11,1.2,current_demand_lp,critical_failure_fixed,2 -> 3 & 3 -> 2,3,0,5,1,1.5437729,0 | 1 | 3 | 5,0->1 | 1->3 | 3->5,0
24,sample_backbone,11,1.2,current_demand_lp,critical_failure_fixed,2 -> 3 & 3 -> 2,3,0,5,2,0.3625301999999999,0 | 2 | 3 | 5,0->2 | 2->3 | 3->5,1
24,sample_backbone,11,1.2,current_demand_lp,critical_failure_fixed,2 -> 3 & 3 -> 2,3,0,5,3,5.5429214,0 | 2 | 3 | 4 | 5,0->2 | 2->3 | 3->4 | 4->5,1
24,sample_backbone,11,1.2,current_demand_lp,critical_failure_fixed,2 -> 3 & 3 -> 2,4,3,1,1,5.5775378,3 | 2 | 1,3->2 | 2->1,1
24,sample_backbone,11,1.2,current_demand_lp,critical_failure_fixed,2 -> 3 & 3 -> 2,5,2,5,1,5.3732893,2 | 3 | 5,2->3 | 3->5,1
24,sample_backbone,11,1.2,current_demand_lp,random_failure_fixed,1 -> 3 & 3 -> 1,1,1,3,1,6.1443877,1 | 3,1->3,1
24,sample_backbone,11,1.2,current_demand_lp,random_failure_fixed,1 -> 3 & 3 -> 1,2,3,0,1,5.4082282,3 | 1 | 0,3->1 | 1->0,1
24,sample_backbone,11,1.2,current_demand_lp,random_failure_fixed,1 -> 3 & 3 -> 1,2,3,0,2,1.524791,3 | 2 | 0,3->2 | 2->0,0
24,sample_backbone,11,1.2,current_demand_lp,random_failure_fixed,1 -> 3 & 3 -> 1,3,1,5,1,5.3091006,1 | 3 | 5,1->3 | 3->5,1
24,sample_backbone,11,1.2,current_demand_lp,random_failure_fixed,1 -> 3 & 3 -> 1,4,5,1,1,4.7812009,5 | 3 | 1,5->3 | 3->1,1
24,sample_backbone,11,1.2,current_demand_lp,random_failure_fixed,1 -> 3 & 3 -> 1,5,4,1,1,1.2694713,4 | 2 | 1,4->2 | 2->1,0
24,sample_backbone,11,1.2,current_demand_lp,random_failure_fixed,1 -> 3 & 3 -> 1,5,4,1,2,2.8078322,4 | 3 | 1,4->3 | 3->1,1
24,sample_backbone,11,1.2,current_demand_lp,random_failure_fixed,1 -> 3 & 3 -> 1,5,4,1,3,1.3197194999999997,4 | 3 | 2 | 1,4->3 | 3->2 | 2->1,0
24,sample_backbone,11,1.2,robust_current_demand_lp,critical_failure_fixed,2 -> 3 & 3 -> 2,1,0,5,1,7.4492245,0 | 2 | 3 | 5,0->2 | 2->3 | 3->5,1
24,sample_backbone,11,1.2,robust_current_demand_lp,critical_failure_fixed,2 -> 3 & 3 -> 2,2,3,2,1,7.1015959,3 | 2,3->2,1
24,sample_backbone,11,1.2,robust_current_demand_lp,critical_failure_fixed,2 -> 3 & 3 -> 2,3,2,3,1,6.3972139,2 | 3,2->3,1
24,sample_backbone,11,1.2,robust_current_demand_lp,critical_failure_fixed,2 -> 3 & 3 -> 2,4,2,4,1,6.3687817,2 | 3 | 4,2->3 | 3->4,1
24,sample_backbone,11,1.2,robust_current_demand_lp,critical_failure_fixed,2 -> 3 & 3 -> 2,5,5,0,1,2.5087679,5 | 3 | 2 | 0,5->3 | 3->2 | 2->0,1
24,sample_backbone,11,1.2,robust_current_demand_lp,critical_failure_fixed,2 -> 3 & 3 -> 2,5,5,0,2,3.0823341999999996,5 | 4 | 3 | 2 | 0,5->4 | 4->3 | 3->2 | 2->0,1
24,sample_backbone,11,1.2,robust_current_demand_lp,random_failure_fixed,1 -> 3 & 3 -> 1,1,1,3,1,6.1443877,1 | 3,1->3,1
24,sample_backbone,11,1.2,robust_current_demand_lp,random_failure_fixed,1 -> 3 & 3 -> 1,2,3,1,1,5.5775378,3 | 1,3->1,1
24,sample_backbone,11,1.2,robust_current_demand_lp,random_failure_fixed,1 -> 3 & 3 -> 1,3,3,0,1,5.4082282,3 | 1 | 0,3->1 | 1->0,1
24,sample_backbone,11,1.2,robust_current_demand_lp,random_failure_fixed,1 -> 3 & 3 -> 1,3,3,0,2,1.524791,3 | 2 | 0,3->2 | 2->0,0
24,sample_backbone,11,1.2,robust_current_demand_lp,random_failure_fixed,1 -> 3 & 3 -> 1,4,1,5,1,5.1394684,1 | 3 | 5,1->3 | 3->5,1
24,sample_backbone,11,1.2,robust_current_demand_lp,random_failure_fixed,1 -> 3 & 3 -> 1,4,1,5,2,0.16963219999999968,1 | 3 | 4 | 5,1->3 | 3->4 | 4->5,1
24,sample_backbone,11,1.2,robust_current_demand_lp,random_failure_fixed,1 -> 3 & 3 -> 1,5,5,1,1,2.0114953,5 | 3 | 1,5->3 | 3->1,1
24,sample_backbone,11,1.2,robust_current_demand_lp,random_failure_fixed,1 -> 3 & 3 -> 1,5,5,1,2,2.7697056,5 | 3 | 2 | 1,5->3 | 3->2 | 2->1,0
24,sample_backbone,11,1.2,moving_average,critical_failure_fixed,2 -> 3 & 3 -> 2,1,3,2,1,6.18479,3 | 2,3->2,1
24,sample_backbone,11,1.2,moving_average,critical_failure_fixed,2 -> 3 & 3 -> 2,2,2,3,1,5.6542481,2 | 3,2->3,1
24,sample_backbone,11,1.2,moving_average,critical_failure_fixed,2 -> 3 & 3 -> 2,3,0,5,1,1.0689315,0 | 1 | 3 | 5,0->1 | 1->3 | 3->5,0
24,sample_backbone,11,1.2,moving_average,critical_failure_fixed,2 -> 3 & 3 -> 2,3,0,5,2,0.5378896,0 | 2 | 3 | 5,0->2 | 2->3 | 3->5,1
24,sample_backbone,11,1.2,moving_average,critical_failure_fixed,2 -> 3 & 3 -> 2,3,0,5,3,4.6005749,0 | 2 | 3 | 4 | 5,0->2 | 2->3 | 3->4 | 4->5,1
24,sample_backbone,11,1.2,moving_average,critical_failure_fixed,2 -> 3 & 3 -> 2,4,3,1,1,4.8391427,3 | 2 | 1,3->2 | 2->1,1
24,sample_backbone,11,1.2,moving_average,critical_failure_fixed,2 -> 3 & 3 -> 2,5,2,5,1,4.6124164,2 | 3 | 5,2->3 | 3->5,1
24,sample_backbone,11,1.2,moving_average,random_failure_fixed,1 -> 3 & 3 -> 1,1,1,3,1,5.3486055,1 | 3,1->3,1
24,sample_backbone,11,1.2,moving_average,random_failure_fixed,1 -> 3 & 3 -> 1,2,1,5,1,4.6916196,1 | 3 | 5,1->3 | 3->5,1
24,sample_backbone,11,1.2,moving_average,random_failure_fixed,1 -> 3 & 3 -> 1,3,3,0,1,4.2383603,3 | 1 | 0,3->1 | 1->0,1
24,sample_backbone,11,1.2,moving_average,random_failure_fixed,1 -> 3 & 3 -> 1,3,3,0,2,1.5052874,3 | 2 | 0,3->2 | 2->0,0
24,sample_backbone,11,1.2,moving_average,random_failure_fixed,1 -> 3 & 3 -> 1,4,5,1,1,3.9567057,5 | 3 | 1,5->3 | 3->1,1
24,sample_backbone,11,1.2,moving_average,random_failure_fixed,1 -> 3 & 3 -> 1,5,4,1,1,1.1575602,4 | 2 | 1,4->2 | 2->1,0
24,sample_backbone,11,1.2,moving_average,random_failure_fixed,1 -> 3 & 3 -> 1,5,4,1,2,2.9140906,4 | 3 | 1,4->3 | 3->1,1
24,sample_backbone,11,1.2,moving_average,random_failure_fixed,1 -> 3 & 3 -> 1,5,4,1,3,0.7615569,4 | 3 | 2 | 1,4->3 | 3->2 | 2->1,0
24,sample_backbone,11,1.2,linear_autoregressive,critical_failure_fixed,2 -> 3 & 3 -> 2,1,3,2,1,8.3161718,3 | 2,3->2,1
24,sample_backbone,11,1.2,linear_autoregressive,critical_failure_fixed,2 -> 3 & 3 -> 2,2,2,3,1,7.2035923,2 | 3,2->3,1
24,sample_backbone,11,1.2,linear_autoregressive,critical_failure_fixed,2 -> 3 & 3 -> 2,3,2,5,1,6.4568562,2 | 3 | 5,2->3 | 3->5,1
24,sample_backbone,11,1.2,linear_autoregressive,critical_failure_fixed,2 -> 3 & 3 -> 2,4,0,5,1,1.8175503,0 | 1 | 3 | 5,0->1 | 1->3 | 3->5,0
24,sample_backbone,11,1.2,linear_autoregressive,critical_failure_fixed,2 -> 3 & 3 -> 2,4,0,5,2,0.5141831000000001,0 | 2 | 3 | 5,0->2 | 2->3 | 3->5,1
24,sample_backbone,11,1.2,linear_autoregressive,critical_failure_fixed,2 -> 3 & 3 -> 2,4,0,5,3,5.579708999999999,0 | 2 | 3 | 4 | 5,0->2 | 2->3 | 3->4 | 4->5,1
24,sample_backbone,11,1.2,linear_autoregressive,critical_failure_fixed,2 -> 3 & 3 -> 2,5,3,1,1,6.0935577,3 | 2 | 1,3->2 | 2->1,1
24,sample_backbone,11,1.2,linear_autoregressive,random_failure_fixed,1 -> 3 & 3 -> 1,1,1,3,1,6.8437154,1 | 3,1->3,1
24,sample_backbone,11,1.2,linear_autoregressive,random_failure_fixed,1 -> 3 & 3 -> 1,2,3,0,1,6.6355972,3 | 1 | 0,3->1 | 1->0,1
24,sample_backbone,11,1.2,linear_autoregressive,random_failure_fixed,1 -> 3 & 3 -> 1,2,3,0,2,1.0116751,3 | 2 | 0,3->2 | 2->0,0
24,sample_backbone,11,1.2,linear_autoregressive,random_failure_fixed,1 -> 3 & 3 -> 1,3,1,5,1,5.5510179,1 | 3 | 5,1->3 | 3->5,1
24,sample_backbone,11,1.2,linear_autoregressive,random_failure_fixed,1 -> 3 & 3 -> 1,4,5,1,1,4.0598846,5 | 3 | 1,5->3 | 3->1,1
24,sample_backbone,11,1.2,linear_autoregressive,random_failure_fixed,1 -> 3 & 3 -> 1,5,4,1,1,0.9239634,4 | 2 | 1,4->2 | 2->1,0
24,sample_backbone,11,1.2,linear_autoregressive,random_failure_fixed,1 -> 3 & 3 -> 1,5,4,1,2,3.5168019,4 | 3 | 1,4->3 | 3->1,1
24,sample_backbone,11,1.2,linear_autoregressive,random_failure_fixed,1 -> 3 & 3 -> 1,5,4,1,3,1.5130605,4 | 3 | 2 | 1,4->3 | 3->2 | 2->1,0
24,sample_backbone,11,1.2,lstm,critical_failure_fixed,2 -> 3 & 3 -> 2,1,3,2,1,6.4364309,3 | 2,3->2,1
24,sample_backbone,11,1.2,lstm,critical_failure_fixed,2 -> 3 & 3 -> 2,2,2,3,1,5.8412747,2 | 3,2->3,1
24,sample_backbone,11,1.2,lstm,critical_failure_fixed,2 -> 3 & 3 -> 2,3,2,5,1,5.279398,2 | 3 | 5,2->3 | 3->5,1
24,sample_backbone,11,1.2,lstm,critical_failure_fixed,2 -> 3 & 3 -> 2,4,0,5,1,1.6840211,0 | 1 | 3 | 5,0->1 | 1->3 | 3->5,0
24,sample_backbone,11,1.2,lstm,critical_failure_fixed,2 -> 3 & 3 -> 2,4,0,5,2,0.16157409999999994,0 | 1 | 3 | 4 | 5,0->1 | 1->3 | 3->4 | 4->5,0
24,sample_backbone,11,1.2,lstm,critical_failure_fixed,2 -> 3 & 3 -> 2,4,0,5,3,4.3706676,0 | 2 | 3 | 4 | 5,0->2 | 2->3 | 3->4 | 4->5,1
24,sample_backbone,11,1.2,lstm,critical_failure_fixed,2 -> 3 & 3 -> 2,5,3,1,1,1.0280047,3 | 1,3->1,0
24,sample_backbone,11,1.2,lstm,critical_failure_fixed,2 -> 3 & 3 -> 2,5,3,1,2,3.7281351,3 | 2 | 1,3->2 | 2->1,1
24,sample_backbone,11,1.2,lstm,random_failure_fixed,1 -> 3 & 3 -> 1,1,1,3,1,5.0762134,1 | 3,1->3,1
24,sample_backbone,11,1.2,lstm,random_failure_fixed,1 -> 3 & 3 -> 1,2,1,5,1,4.6415911,1 | 3 | 5,1->3 | 3->5,1
24,sample_backbone,11,1.2,lstm,random_failure_fixed,1 -> 3 & 3 -> 1,3,5,1,1,3.8171942,5 | 3 | 1,5->3 | 3->1,1
24,sample_backbone,11,1.2,lstm,random_failure_fixed,1 -> 3 & 3 -> 1,4,3,0,1,3.7491735,3 | 1 | 0,3->1 | 1->0,1
24,sample_backbone,11,1.2,lstm,random_failure_fixed,1 -> 3 & 3 -> 1,4,3,0,2,2.1259318,3 | 2 | 0,3->2 | 2->0,0
24,sample_backbone,11,1.2,lstm,random_failure_fixed,1 -> 3 & 3 -> 1,5,4,1,1,1.9910249,4 | 2 | 1,4->2 | 2->1,0
24,sample_backbone,11,1.2,lstm,random_failure_fixed,1 -> 3 & 3 -> 1,5,4,1,2,2.9690271,4 | 3 | 1,4->3 | 3->1,1
24,sample_backbone,11,1.2,uncertainty_aware_lstm_robust_lp,critical_failure_fixed,2 -> 3 & 3 -> 2,1,3,2,1,6.6935887,3 | 2,3->2,1
24,sample_backbone,11,1.2,uncertainty_aware_lstm_robust_lp,critical_failure_fixed,2 -> 3 & 3 -> 2,2,0,5,1,6.4433637,0 | 2 | 3 | 5,0->2 | 2->3 | 3->5,1
24,sample_backbone,11,1.2,uncertainty_aware_lstm_robust_lp,critical_failure_fixed,2 -> 3 & 3 -> 2,3,2,3,1,6.0357308,2 | 3,2->3,1
24,sample_backbone,11,1.2,uncertainty_aware_lstm_robust_lp,critical_failure_fixed,2 -> 3 & 3 -> 2,4,2,4,1,5.4158773,2 | 3 | 4,2->3 | 3->4,1
24,sample_backbone,11,1.2,uncertainty_aware_lstm_robust_lp,critical_failure_fixed,2 -> 3 & 3 -> 2,5,5,0,1,3.1035336,5 | 3 | 2 | 0,5->3 | 3->2 | 2->0,1
24,sample_backbone,11,1.2,uncertainty_aware_lstm_robust_lp,critical_failure_fixed,2 -> 3 & 3 -> 2,5,5,0,2,1.7255303,5 | 4 | 3 | 2 | 0,5->4 | 4->3 | 3->2 | 2->0,1
24,sample_backbone,11,1.2,uncertainty_aware_lstm_robust_lp,random_failure_fixed,1 -> 3 & 3 -> 1,1,1,3,1,5.2525573,1 | 3,1->3,1
24,sample_backbone,11,1.2,uncertainty_aware_lstm_robust_lp,random_failure_fixed,1 -> 3 & 3 -> 1,2,3,1,1,4.9252486,3 | 1,3->1,1
24,sample_backbone,11,1.2,uncertainty_aware_lstm_robust_lp,random_failure_fixed,1 -> 3 & 3 -> 1,3,1,5,1,4.7862663,1 | 3 | 5,1->3 | 3->5,1
24,sample_backbone,11,1.2,uncertainty_aware_lstm_robust_lp,random_failure_fixed,1 -> 3 & 3 -> 1,4,3,0,1,3.811103,3 | 1 | 0,3->1 | 1->0,1
24,sample_backbone,11,1.2,uncertainty_aware_lstm_robust_lp,random_failure_fixed,1 -> 3 & 3 -> 1,4,3,0,2,2.2715653,3 | 2 | 0,3->2 | 2->0,0
24,sample_backbone,11,1.2,uncertainty_aware_lstm_robust_lp,random_failure_fixed,1 -> 3 & 3 -> 1,5,5,1,1,3.2796728,5 | 3 | 1,5->3 | 3->1,1
24,sample_backbone,11,1.2,uncertainty_aware_lstm_robust_lp,random_failure_fixed,1 -> 3 & 3 -> 1,5,5,1,2,0.6872813999999998,5 | 3 | 2 | 1,5->3 | 3->2 | 2->1,0
25,sample_backbone,11,1.2,current_demand_lp,critical_failure_fixed,2 -> 3 & 3 -> 2,1,3,2,1,8.6964788,3 | 2,3->2,1
25,sample_backbone,11,1.2,current_demand_lp,critical_failure_fixed,2 -> 3 & 3 -> 2,2,2,3,1,7.9710619,2 | 3,2->3,1
25,sample_backbone,11,1.2,current_demand_lp,critical_failure_fixed,2 -> 3 & 3 -> 2,3,2,5,1,6.471849,2 | 3 | 5,2->3 | 3->5,1
25,sample_backbone,11,1.2,current_demand_lp,critical_failure_fixed,2 -> 3 & 3 -> 2,4,0,5,1,1.8917566,0 | 1 | 3 | 5,0->1 | 1->3 | 3->5,0
25,sample_backbone,11,1.2,current_demand_lp,critical_failure_fixed,2 -> 3 & 3 -> 2,4,0,5,2,0.203179,0 | 1 | 3 | 4 | 5,0->1 | 1->3 | 3->4 | 4->5,0
25,sample_backbone,11,1.2,current_demand_lp,critical_failure_fixed,2 -> 3 & 3 -> 2,4,0,5,3,6.4001635,0 | 2 | 3 | 4 | 5,0->2 | 2->3 | 3->4 | 4->5,1
25,sample_backbone,11,1.2,current_demand_lp,critical_failure_fixed,2 -> 3 & 3 -> 2,5,3,1,1,1.9004115,3 | 1,3->1,0
25,sample_backbone,11,1.2,current_demand_lp,critical_failure_fixed,2 -> 3 & 3 -> 2,5,3,1,2,4.7569625,3 | 2 | 1,3->2 | 2->1,1
25,sample_backbone,11,1.2,current_demand_lp,random_failure_fixed,2 -> 3 & 3 -> 2,1,3,2,1,8.6964788,3 | 2,3->2,1
25,sample_backbone,11,1.2,current_demand_lp,random_failure_fixed,2 -> 3 & 3 -> 2,2,2,3,1,7.9710619,2 | 3,2->3,1
25,sample_backbone,11,1.2,current_demand_lp,random_failure_fixed,2 -> 3 & 3 -> 2,3,2,5,1,6.471849,2 | 3 | 5,2->3 | 3->5,1
25,sample_backbone,11,1.2,current_demand_lp,random_failure_fixed,2 -> 3 & 3 -> 2,4,0,5,1,1.8917566,0 | 1 | 3 | 5,0->1 | 1->3 | 3->5,0
25,sample_backbone,11,1.2,current_demand_lp,random_failure_fixed,2 -> 3 & 3 -> 2,4,0,5,2,0.203179,0 | 1 | 3 | 4 | 5,0->1 | 1->3 | 3->4 | 4->5,0
25,sample_backbone,11,1.2,current_demand_lp,random_failure_fixed,2 -> 3 & 3 -> 2,4,0,5,3,6.4001635,0 | 2 | 3 | 4 | 5,0->2 | 2->3 | 3->4 | 4->5,1
25,sample_backbone,11,1.2,current_demand_lp,random_failure_fixed,2 -> 3 & 3 -> 2,5,3,1,1,1.9004115,3 | 1,3->1,0
25,sample_backbone,11,1.2,current_demand_lp,random_failure_fixed,2 -> 3 & 3 -> 2,5,3,1,2,4.7569625,3 | 2 | 1,3->2 | 2->1,1
25,sample_backbone,11,1.2,robust_current_demand_lp,critical_failure_fixed,2 -> 3 & 3 -> 2,1,3,2,1,8.6964788,3 | 2,3->2,1
25,sample_backbone,11,1.2,robust_current_demand_lp,critical_failure_fixed,2 -> 3 & 3 -> 2,2,0,5,1,8.4950991,0 | 2 | 3 | 5,0->2 | 2->3 | 3->5,1
25,sample_backbone,11,1.2,robust_current_demand_lp,critical_failure_fixed,2 -> 3 & 3 -> 2,3,2,3,1,7.9710619,2 | 3,2->3,1
25,sample_backbone,11,1.2,robust_current_demand_lp,critical_failure_fixed,2 -> 3 & 3 -> 2,4,2,4,1,7.3533193,2 | 3 | 4,2->3 | 3->4,1
25,sample_backbone,11,1.2,robust_current_demand_lp,critical_failure_fixed,2 -> 3 & 3 -> 2,5,5,0,1,3.9203646,5 | 3 | 2 | 0,5->3 | 3->2 | 2->0,1
25,sample_backbone,11,1.2,robust_current_demand_lp,critical_failure_fixed,2 -> 3 & 3 -> 2,5,5,0,2,1.8656343,5 | 4 | 3 | 2 | 0,5->4 | 4->3 | 3->2 | 2->0,1
25,sample_backbone,11,1.2,robust_current_demand_lp,random_failure_fixed,2 -> 3 & 3 -> 2,1,3,2,1,8.6964788,3 | 2,3->2,1
25,sample_backbone,11,1.2,robust_current_demand_lp,random_failure_fixed,2 -> 3 & 3 -> 2,2,0,5,1,8.4950991,0 | 2 | 3 | 5,0->2 | 2->3 | 3->5,1
25,sample_backbone,11,1.2,robust_current_demand_lp,random_failure_fixed,2 -> 3 & 3 -> 2,3,2,3,1,7.9710619,2 | 3,2->3,1
25,sample_backbone,11,1.2,robust_current_demand_lp,random_failure_fixed,2 -> 3 & 3 -> 2,4,2,4,1,7.3533193,2 | 3 | 4,2->3 | 3->4,1
25,sample_backbone,11,1.2,robust_current_demand_lp,random_failure_fixed,2 -> 3 & 3 -> 2,5,5,0,1,3.9203646,5 | 3 | 2 | 0,5->3 | 3->2 | 2->0,1
25,sample_backbone,11,1.2,robust_current_demand_lp,random_failure_fixed,2 -> 3 & 3 -> 2,5,5,0,2,1.8656343,5 | 4 | 3 | 2 | 0,5->4 | 4->3 | 3->2 | 2->0,1
25,sample_backbone,11,1.2,moving_average,critical_failure_fixed,2 -> 3 & 3 -> 2,1,3,2,1,6.9366739,3 | 2,3->2,1
25,sample_backbone,11,1.2,moving_average,critical_failure_fixed,2 -> 3 & 3 -> 2,2,2,3,1,6.5056791,2 | 3,2->3,1
25,sample_backbone,11,1.2,moving_average,critical_failure_fixed,2 -> 3 & 3 -> 2,3,0,5,1,1.436554,0 | 1 | 3 | 5,0->1 | 1->3 | 3->5,0
25,sample_backbone,11,1.2,moving_average,critical_failure_fixed,2 -> 3 & 3 -> 2,3,0,5,2,0.3234800999999998,0 | 2 | 3 | 5,0->2 | 2->3 | 3->5,1
25,sample_backbone,11,1.2,moving_average,critical_failure_fixed,2 -> 3 & 3 -> 2,3,0,5,3,5.3215107,0 | 2 | 3 | 4 | 5,0->2 | 2->3 | 3->4 | 4->5,1
25,sample_backbone,11,1.2,moving_average,critical_failure_fixed,2 -> 3 & 3 -> 2,4,3,1,1,0.066337732,3 | 1,3->1,0
25,sample_backbone,11,1.2,moving_average,critical_failure_fixed,2 -> 3 & 3 -> 2,4,3,1,2,5.3667184,3 | 2 | 1,3->2 | 2->1,1
25,sample_backbone,11,1.2,moving_average,critical_failure_fixed,2 -> 3 & 3 -> 2,5,2,5,1,5.2691037,2 | 3 | 5,2->3 | 3->5,1
25,sample_backbone,11,1.2,moving_average,random_failure_fixed,2 -> 3 & 3 -> 2,1,3,2,1,6.9366739,3 | 2,3->2,1
25,sample_backbone,11,1.2,moving_average,random_failure_fixed,2 -> 3 & 3 -> 2,2,2,3,1,6.5056791,2 | 3,2->3,1
25,sample_backbone,11,1.2,moving_average,random_failure_fixed,2 -> 3 & 3 -> 2,3,0,5,1,1.436554,0 | 1 | 3 | 5,0->1 | 1->3 | 3->5,0
25,sample_backbone,11,1.2,moving_average,random_failure_fixed,2 -> 3 & 3 -> 2,3,0,5,2,0.3234800999999998,0 | 2 | 3 | 5,0->2 | 2->3 | 3->5,1
25,sample_backbone,11,1.2,moving_average,random_failure_fixed,2 -> 3 & 3 -> 2,3,0,5,3,5.3215107,0 | 2 | 3 | 4 | 5,0->2 | 2->3 | 3->4 | 4->5,1
25,sample_backbone,11,1.2,moving_average,random_failure_fixed,2 -> 3 & 3 -> 2,4,3,1,1,0.066337732,3 | 1,3->1,0
25,sample_backbone,11,1.2,moving_average,random_failure_fixed,2 -> 3 & 3 -> 2,4,3,1,2,5.3667184,3 | 2 | 1,3->2 | 2->1,1
25,sample_backbone,11,1.2,moving_average,random_failure_fixed,2 -> 3 & 3 -> 2,5,2,5,1,5.2691037,2 | 3 | 5,2->3 | 3->5,1
25,sample_backbone,11,1.2,linear_autoregressive,critical_failure_fixed,2 -> 3 & 3 -> 2,1,3,2,1,10.247858,3 | 2,3->2,1
25,sample_backbone,11,1.2,linear_autoregressive,critical_failure_fixed,2 -> 3 & 3 -> 2,2,2,3,1,9.2088496,2 | 3,2->3,1
25,sample_backbone,11,1.2,linear_autoregressive,critical_failure_fixed,2 -> 3 & 3 -> 2,3,0,5,1,1.8341084,0 | 1 | 3 | 5,0->1 | 1->3 | 3->5,0
25,sample_backbone,11,1.2,linear_autoregressive,critical_failure_fixed,2 -> 3 & 3 -> 2,3,0,5,2,0.5268963999999998,0 | 1 | 3 | 4 | 5,0->1 | 1->3 | 3->4 | 4->5,0
25,sample_backbone,11,1.2,linear_autoregressive,critical_failure_fixed,2 -> 3 & 3 -> 2,3,0,5,3,7.971225499999999,0 | 2 | 3 | 4 | 5,0->2 | 2->3 | 3->4 | 4->5,1
25,sample_backbone,11,1.2,linear_autoregressive,critical_failure_fixed,2 -> 3 & 3 -> 2,4,2,5,1,7.842064,2 | 3 | 5,2->3 | 3->5,1
25,sample_backbone,11,1.2,linear_autoregressive,critical_failure_fixed,2 -> 3 & 3 -> 2,5,3,1,1,7.5873405,3 | 2 | 1,3->2 | 2->1,1
25,sample_backbone,11,1.2,linear_autoregressive,random_failure_fixed,2 -> 3 & 3 -> 2,1,3,2,1,10.247858,3 | 2,3->2,1
25,sample_backbone,11,1.2,linear_autoregressive,random_failure_fixed,2 -> 3 & 3 -> 2,2,2,3,1,9.2088496,2 | 3,2->3,1
25,sample_backbone,11,1.2,linear_autoregressive,random_failure_fixed,2 -> 3 & 3 -> 2,3,0,5,1,1.8341084,0 | 1 | 3 | 5,0->1 | 1->3 | 3->5,0
25,sample_backbone,11,1.2,linear_autoregressive,random_failure_fixed,2 -> 3 & 3 -> 2,3,0,5,2,0.5268963999999998,0 | 1 | 3 | 4 | 5,0->1 | 1->3 | 3->4 | 4->5,0
25,sample_backbone,11,1.2,linear_autoregressive,random_failure_fixed,2 -> 3 & 3 -> 2,3,0,5,3,7.971225499999999,0 | 2 | 3 | 4 | 5,0->2 | 2->3 | 3->4 | 4->5,1
25,sample_backbone,11,1.2,linear_autoregressive,random_failure_fixed,2 -> 3 & 3 -> 2,4,2,5,1,7.842064,2 | 3 | 5,2->3 | 3->5,1
25,sample_backbone,11,1.2,linear_autoregressive,random_failure_fixed,2 -> 3 & 3 -> 2,5,3,1,1,7.5873405,3 | 2 | 1,3->2 | 2->1,1
25,sample_backbone,11,1.2,lstm,critical_failure_fixed,2 -> 3 & 3 -> 2,1,3,2,1,6.4674778,3 | 2,3->2,1
25,sample_backbone,11,1.2,lstm,critical_failure_fixed,2 -> 3 & 3 -> 2,2,2,3,1,5.8808341,2 | 3,2->3,1
25,sample_backbone,11,1.2,lstm,critical_failure_fixed,2 -> 3 & 3 -> 2,3,2,5,1,5.3130593,2 | 3 | 5,2->3 | 3->5,1
25,sample_backbone,11,1.2,lstm,critical_failure_fixed,2 -> 3 & 3 -> 2,4,0,5,1,1.6882756,0 | 1 | 3 | 5,0->1 | 1->3 | 3->5,0
25,sample_backbone,11,1.2,lstm,critical_failure_fixed,2 -> 3 & 3 -> 2,4,0,5,2,0.1681554999999999,0 | 1 | 3 | 4 | 5,0->1 | 1->3 | 3->4 | 4->5,0
25,sample_backbone,11,1.2,lstm,critical_failure_fixed,2 -> 3 & 3 -> 2,4,0,5,3,4.388501,0 | 2 | 3 | 4 | 5,0->2 | 2->3 | 3->4 | 4->5,1
25,sample_backbone,11,1.2,lstm,critical_failure_fixed,2 -> 3 & 3 -> 2,5,3,1,1,1.0012719,3 | 1,3->1,0
25,sample_backbone,11,1.2,lstm,critical_failure_fixed,2 -> 3 & 3 -> 2,5,3,1,2,3.7860006,3 | 2 | 1,3->2 | 2->1,1
25,sample_backbone,11,1.2,lstm,random_failure_fixed,2 -> 3 & 3 -> 2,1,3,2,1,6.4674778,3 | 2,3->2,1
25,sample_backbone,11,1.2,lstm,random_failure_fixed,2 -> 3 & 3 -> 2,2,2,3,1,5.8808341,2 | 3,2->3,1
25,sample_backbone,11,1.2,lstm,random_failure_fixed,2 -> 3 & 3 -> 2,3,2,5,1,5.3130593,2 | 3 | 5,2->3 | 3->5,1
25,sample_backbone,11,1.2,lstm,random_failure_fixed,2 -> 3 & 3 -> 2,4,0,5,1,1.6882756,0 | 1 | 3 | 5,0->1 | 1->3 | 3->5,0
25,sample_backbone,11,1.2,lstm,random_failure_fixed,2 -> 3 & 3 -> 2,4,0,5,2,0.1681554999999999,0 | 1 | 3 | 4 | 5,0->1 | 1->3 | 3->4 | 4->5,0
25,sample_backbone,11,1.2,lstm,random_failure_fixed,2 -> 3 & 3 -> 2,4,0,5,3,4.388501,0 | 2 | 3 | 4 | 5,0->2 | 2->3 | 3->4 | 4->5,1
25,sample_backbone,11,1.2,lstm,random_failure_fixed,2 -> 3 & 3 -> 2,5,3,1,1,1.0012719,3 | 1,3->1,0
25,sample_backbone,11,1.2,lstm,random_failure_fixed,2 -> 3 & 3 -> 2,5,3,1,2,3.7860006,3 | 2 | 1,3->2 | 2->1,1
25,sample_backbone,11,1.2,uncertainty_aware_lstm_robust_lp,critical_failure_fixed,2 -> 3 & 3 -> 2,1,3,2,1,6.7246356,3 | 2,3->2,1
25,sample_backbone,11,1.2,uncertainty_aware_lstm_robust_lp,critical_failure_fixed,2 -> 3 & 3 -> 2,2,0,5,1,6.472033,0 | 2 | 3 | 5,0->2 | 2->3 | 3->5,1
25,sample_backbone,11,1.2,uncertainty_aware_lstm_robust_lp,critical_failure_fixed,2 -> 3 & 3 -> 2,3,2,3,1,6.0752902,2 | 3,2->3,1
25,sample_backbone,11,1.2,uncertainty_aware_lstm_robust_lp,critical_failure_fixed,2 -> 3 & 3 -> 2,4,2,4,1,5.4508805,2 | 3 | 4,2->3 | 3->4,1
25,sample_backbone,11,1.2,uncertainty_aware_lstm_robust_lp,critical_failure_fixed,2 -> 3 & 3 -> 2,5,5,0,1,3.1095519,5 | 3 | 2 | 0,5->3 | 3->2 | 2->0,1
25,sample_backbone,11,1.2,uncertainty_aware_lstm_robust_lp,critical_failure_fixed,2 -> 3 & 3 -> 2,5,5,0,2,1.7496166,5 | 4 | 3 | 2 | 0,5->4 | 4->3 | 3->2 | 2->0,1
25,sample_backbone,11,1.2,uncertainty_aware_lstm_robust_lp,random_failure_fixed,2 -> 3 & 3 -> 2,1,3,2,1,6.7246356,3 | 2,3->2,1
25,sample_backbone,11,1.2,uncertainty_aware_lstm_robust_lp,random_failure_fixed,2 -> 3 & 3 -> 2,2,0,5,1,6.472033,0 | 2 | 3 | 5,0->2 | 2->3 | 3->5,1
25,sample_backbone,11,1.2,uncertainty_aware_lstm_robust_lp,random_failure_fixed,2 -> 3 & 3 -> 2,3,2,3,1,6.0752902,2 | 3,2->3,1
25,sample_backbone,11,1.2,uncertainty_aware_lstm_robust_lp,random_failure_fixed,2 -> 3 & 3 -> 2,4,2,4,1,5.4508805,2 | 3 | 4,2->3 | 3->4,1
25,sample_backbone,11,1.2,uncertainty_aware_lstm_robust_lp,random_failure_fixed,2 -> 3 & 3 -> 2,5,5,0,1,3.1095519,5 | 3 | 2 | 0,5->3 | 3->2 | 2->0,1
25,sample_backbone,11,1.2,uncertainty_aware_lstm_robust_lp,random_failure_fixed,2 -> 3 & 3 -> 2,5,5,0,2,1.7496166,5 | 4 | 3 | 2 | 0,5->4 | 4->3 | 3->2 | 2->0,1
26,sample_backbone,11,1.2,current_demand_lp,critical_failure_fixed,2 -> 3 & 3 -> 2,1,3,2,1,9.0948665,3 | 2,3->2,1
26,sample_backbone,11,1.2,current_demand_lp,critical_failure_fixed,2 -> 3 & 3 -> 2,2,2,3,1,7.4477211,2 | 3,2->3,1
26,sample_backbone,11,1.2,current_demand_lp,critical_failure_fixed,2 -> 3 & 3 -> 2,3,3,1,1,6.9470547,3 | 2 | 1,3->2 | 2->1,1
26,sample_backbone,11,1.2,current_demand_lp,critical_failure_fixed,2 -> 3 & 3 -> 2,4,0,5,1,1.8600993,0 | 1 | 3 | 5,0->1 | 1->3 | 3->5,0
26,sample_backbone,11,1.2,current_demand_lp,critical_failure_fixed,2 -> 3 & 3 -> 2,4,0,5,2,0.11126380000000013,0 | 1 | 3 | 4 | 5,0->1 | 1->3 | 3->4 | 4->5,0
26,sample_backbone,11,1.2,current_demand_lp,critical_failure_fixed,2 -> 3 & 3 -> 2,4,0,5,3,6.7855232999999995,0 | 2 | 3 | 4 | 5,0->2 | 2->3 | 3->4 | 4->5,1
26,sample_backbone,11,1.2,current_demand_lp,critical_failure_fixed,2 -> 3 & 3 -> 2,5,2,5,1,6.5817315,2 | 3 | 5,2->3 | 3->5,1
26,sample_backbone,11,1.2,current_demand_lp,random_failure_fixed,3 -> 5 & 5 -> 3,1,5,3,1,8.6488133,5 | 3,5->3,1
26,sample_backbone,11,1.2,current_demand_lp,random_failure_fixed,3 -> 5 & 5 -> 3,2,1,5,1,6.8443647,1 | 3 | 5,1->3 | 3->5,1
26,sample_backbone,11,1.2,current_demand_lp,random_failure_fixed,3 -> 5 & 5 -> 3,3,2,5,1,6.5817315,2 | 3 | 5,2->3 | 3->5,1
26,sample_backbone,11,1.2,current_demand_lp,random_failure_fixed,3 -> 5 & 5 -> 3,4,3,5,1,6.5483662,3 | 5,3->5,1
26,sample_backbone,11,1.2,current_demand_lp,random_failure_fixed,3 -> 5 & 5 -> 3,5,5,1,1,5.553229,5 | 3 | 1,5->3 | 3->1,1
26,sample_backbone,11,1.2,robust_current_demand_lp,critical_failure_fixed,2 -> 3 & 3 -> 2,1,3,2,1,9.0948665,3 | 2,3->2,1
26,sample_backbone,11,1.2,robust_current_demand_lp,critical_failure_fixed,2 -> 3 & 3 -> 2,2,0,5,1,8.7568864,0 | 2 | 3 | 5,0->2 | 2->3 | 3->5,1
26,sample_backbone,11,1.2,robust_current_demand_lp,critical_failure_fixed,2 -> 3 & 3 -> 2,3,2,3,1,7.4477211,2 | 3,2->3,1
26,sample_backbone,11,1.2,robust_current_demand_lp,critical_failure_fixed,2 -> 3 & 3 -> 2,4,2,4,1,7.3428969,2 | 3 | 4,2->3 | 3->4,1
26,sample_backbone,11,1.2,robust_current_demand_lp,critical_failure_fixed,2 -> 3 & 3 -> 2,5,5,0,1,3.0927743,5 | 3 | 2 | 0,5->3 | 3->2 | 2->0,1
26,sample_backbone,11,1.2,robust_current_demand_lp,critical_failure_fixed,2 -> 3 & 3 -> 2,5,5,0,2,3.2421925,5 | 4 | 3 | 2 | 0,5->4 | 4->3 | 3->2 | 2->0,1
26,sample_backbone,11,1.2,robust_current_demand_lp,random_failure_fixed,3 -> 5 & 5 -> 3,1,0,5,1,8.7568864,0 | 2 | 3 | 5,0->2 | 2->3 | 3->5,1
26,sample_backbone,11,1.2,robust_current_demand_lp,random_failure_fixed,3 -> 5 & 5 -> 3,2,5,3,1,8.6488133,5 | 3,5->3,1
26,sample_backbone,11,1.2,robust_current_demand_lp,random_failure_fixed,3 -> 5 & 5 -> 3,3,3,5,1,6.5483662,3 | 5,3->5,1
26,sample_backbone,11,1.2,robust_current_demand_lp,random_failure_fixed,3 -> 5 & 5 -> 3,4,1,5,1,6.5293092,1 | 3 | 5,1->3 | 3->5,1
26,sample_backbone,11,1.2,robust_current_demand_lp,random_failure_fixed,3 -> 5 & 5 -> 3,4,1,5,2,0.3150554999999997,1 | 3 | 4 | 5,1->3 | 3->4 | 4->5,0
26,sample_backbone,11,1.2,robust_current_demand_lp,random_failure_fixed,3 -> 5 & 5 -> 3,5,5,1,1,2.619874,5 | 3 | 1,5->3 | 3->1,1
26,sample_backbone,11,1.2,robust_current_demand_lp,random_failure_fixed,3 -> 5 & 5 -> 3,5,5,1,2,2.933355,5 | 3 | 2 | 1,5->3 | 3->2 | 2->1,1
26,sample_backbone,11,1.2,moving_average,critical_failure_fixed,2 -> 3 & 3 -> 2,1,3,2,1,7.8147035,3 | 2,3->2,1
26,sample_backbone,11,1.2,moving_average,critical_failure_fixed,2 -> 3 & 3 -> 2,2,2,3,1,6.9952358,2 | 3,2->3,1
26,sample_backbone,11,1.2,moving_average,critical_failure_fixed,2 -> 3 & 3 -> 2,3,0,5,1,1.5703714,0 | 1 | 3 | 5,0->1 | 1->3 | 3->5,0
26,sample_backbone,11,1.2,moving_average,critical_failure_fixed,2 -> 3 & 3 -> 2,3,0,5,2,0.09126230000000013,0 | 1 | 3 | 4 | 5,0->1 | 1->3 | 3->4 | 4->5,0
26,sample_backbone,11,1.2,moving_average,critical_failure_fixed,2 -> 3 & 3 -> 2,3,0,5,3,6.1223576,0 | 2 | 3 | 4 | 5,0->2 | 2->3 | 3->4 | 4->5,1
26,sample_backbone,11,1.2,moving_average,critical_failure_fixed,2 -> 3 & 3 -> 2,4,3,1,1,6.0601082,3 | 2 | 1,3->2 | 2->1,1
26,sample_backbone,11,1.2,moving_average,critical_failure_fixed,2 -> 3 & 3 -> 2,5,2,5,1,5.8221173,2 | 3 | 5,2->3 | 3->5,1
26,sample_backbone,11,1.2,moving_average,random_failure_fixed,3 -> 5 & 5 -> 3,1,5,3,1,7.5921438,5 | 3,5->3,1
26,sample_backbone,11,1.2,moving_average,random_failure_fixed,3 -> 5 & 5 -> 3,2,1,5,1,5.8927103,1 | 3 | 5,1->3 | 3->5,1
26,sample_backbone,11,1.2,moving_average,random_failure_fixed,3 -> 5 & 5 -> 3,3,3,5,1,5.8705064,3 | 5,3->5,1
26,sample_backbone,11,1.2,moving_average,random_failure_fixed,3 -> 5 & 5 -> 3,4,2,5,1,5.8221173,2 | 3 | 5,2->3 | 3->5,1
26,sample_backbone,11,1.2,moving_average,random_failure_fixed,3 -> 5 & 5 -> 3,5,5,1,1,4.8594019,5 | 3 | 1,5->3 | 3->1,1
26,sample_backbone,11,1.2,linear_autoregressive,critical_failure_fixed,2 -> 3 & 3 -> 2,1,2,5,1,10.645356,2 | 3 | 5,2->3 | 3->5,1
26,sample_backbone,11,1.2,linear_autoregressive,critical_failure_fixed,2 -> 3 & 3 -> 2,2,3,2,1,10.590035,3 | 2,3->2,1
26,sample_backbone,11,1.2,linear_autoregressive,critical_failure_fixed,2 -> 3 & 3 -> 2,3,2,3,1,9.4664278,2 | 3,2->3,1
26,sample_backbone,11,1.2,linear_autoregressive,critical_failure_fixed,2 -> 3 & 3 -> 2,4,0,5,1,1.8062379,0 | 1 | 3 | 5,0->1 | 1->3 | 3->5,0
26,sample_backbone,11,1.2,linear_autoregressive,critical_failure_fixed,2 -> 3 & 3 -> 2,4,0,5,2,0.7622639,0 | 1 | 3 | 4 | 5,0->1 | 1->3 | 3->4 | 4->5,0
26,sample_backbone,11,1.2,linear_autoregressive,critical_failure_fixed,2 -> 3 & 3 -> 2,4,0,5,3,7.6951996,0 | 2 | 3 | 4 | 5,0->2 | 2->3 | 3->4 | 4->5,1
26,sample_backbone,11,1.2,linear_autoregressive,critical_failure_fixed,2 -> 3 & 3 -> 2,5,0,3,1,6.7563718,0 | 2 | 3,0->2 | 2->3,1
26,sample_backbone,11,1.2,linear_autoregressive,random_failure_fixed,3 -> 5 & 5 -> 3,1,2,5,1,10.645356,2 | 3 | 5,2->3 | 3->5,1
26,sample_backbone,11,1.2,linear_autoregressive,random_failure_fixed,3 -> 5 & 5 -> 3,2,5,3,1,9.341781,5 | 3,5->3,1
26,sample_backbone,11,1.2,linear_autoregressive,random_failure_fixed,3 -> 5 & 5 -> 3,3,3,5,1,7.4165845,3 | 5,3->5,1
26,sample_backbone,11,1.2,linear_autoregressive,random_failure_fixed,3 -> 5 & 5 -> 3,4,1,5,1,7.0144313,1 | 3 | 5,1->3 | 3->5,1
26,sample_backbone,11,1.2,linear_autoregressive,random_failure_fixed,3 -> 5 & 5 -> 3,5,5,0,1,6.3323464,5 | 3 | 2 | 0,5->3 | 3->2 | 2->0,1
26,sample_backbone,11,1.2,linear_autoregressive,random_failure_fixed,3 -> 5 & 5 -> 3,5,5,0,2,0.9500468,5 | 4 | 2 | 0,5->4 | 4->2 | 2->0,0
26,sample_backbone,11,1.2,lstm,critical_failure_fixed,2 -> 3 & 3 -> 2,1,3,2,1,6.4692125,3 | 2,3->2,1
26,sample_backbone,11,1.2,lstm,critical_failure_fixed,2 -> 3 & 3 -> 2,2,2,3,1,5.8830442,2 | 3,2->3,1
26,sample_backbone,11,1.2,lstm,critical_failure_fixed,2 -> 3 & 3 -> 2,3,2,5,1,5.31494,2 | 3 | 5,2->3 | 3->5,1
26,sample_backbone,11,1.2,lstm,critical_failure_fixed,2 -> 3 & 3 -> 2,4,0,5,1,1.6885129,0 | 1 | 3 | 5,0->1 | 1->3 | 3->5,0
26,sample_backbone,11,1.2,lstm,critical_failure_fixed,2 -> 3 & 3 -> 2,4,0,5,2,0.16852369999999994,0 | 1 | 3 | 4 | 5,0->1 | 1->3 | 3->4 | 4->5,0
26,sample_backbone,11,1.2,lstm,critical_failure_fixed,2 -> 3 & 3 -> 2,4,0,5,3,4.3894972,0 | 2 | 3 | 4 | 5,0->2 | 2->3 | 3->4 | 4->5,1
26,sample_backbone,11,1.2,lstm,critical_failure_fixed,2 -> 3 & 3 -> 2,5,3,1,1,0.99978133,3 | 1,3->1,0
26,sample_backbone,11,1.2,lstm,critical_failure_fixed,2 -> 3 & 3 -> 2,5,3,1,2,3.7892301,3 | 2 | 1,3->2 | 2->1,1
26,sample_backbone,11,1.2,lstm,random_failure_fixed,3 -> 5 & 5 -> 3,1,5,3,1,6.1647358,5 | 3,5->3,1
26,sample_backbone,11,1.2,lstm,random_failure_fixed,3 -> 5 & 5 -> 3,2,2,5,1,5.31494,2 | 3 | 5,2->3 | 3->5,1
26,sample_backbone,11,1.2,lstm,random_failure_fixed,3 -> 5 & 5 -> 3,3,1,5,1,4.6756487,1 | 3 | 5,1->3 | 3->5,1
26,sample_backbone,11,1.2,lstm,random_failure_fixed,3 -> 5 & 5 -> 3,4,3,5,1,4.6195164,3 | 5,3->5,1
26,sample_backbone,11,1.2,lstm,random_failure_fixed,3 -> 5 & 5 -> 3,5,5,1,1,3.8531342,5 | 3 | 1,5->3 | 3->1,1
26,sample_backbone,11,1.2,uncertainty_aware_lstm_robust_lp,critical_failure_fixed,2 -> 3 & 3 -> 2,1,3,2,1,6.7263703,3 | 2,3->2,1
26,sample_backbone,11,1.2,uncertainty_aware_lstm_robust_lp,critical_failure_fixed,2 -> 3 & 3 -> 2,2,0,5,1,6.4736347,0 | 2 | 3 | 5,0->2 | 2->3 | 3->5,1
26,sample_backbone,11,1.2,uncertainty_aware_lstm_robust_lp,critical_failure_fixed,2 -> 3 & 3 -> 2,3,2,3,1,6.0775003,2 | 3,2->3,1
26,sample_backbone,11,1.2,uncertainty_aware_lstm_robust_lp,critical_failure_fixed,2 -> 3 & 3 -> 2,4,2,4,1,5.4528365,2 | 3 | 4,2->3 | 3->4,1
26,sample_backbone,11,1.2,uncertainty_aware_lstm_robust_lp,critical_failure_fixed,2 -> 3 & 3 -> 2,5,5,0,1,3.1098898,5 | 3 | 2 | 0,5->3 | 3->2 | 2->0,1
26,sample_backbone,11,1.2,uncertainty_aware_lstm_robust_lp,critical_failure_fixed,2 -> 3 & 3 -> 2,5,5,0,2,1.7509605,5 | 4 | 3 | 2 | 0,5->4 | 4->3 | 3->2 | 2->0,1
26,sample_backbone,11,1.2,uncertainty_aware_lstm_robust_lp,random_failure_fixed,3 -> 5 & 5 -> 3,1,0,5,1,6.4736347,0 | 2 | 3 | 5,0->2 | 2->3 | 3->5,1
26,sample_backbone,11,1.2,uncertainty_aware_lstm_robust_lp,random_failure_fixed,3 -> 5 & 5 -> 3,2,5,3,1,6.3878717,5 | 3,5->3,1
26,sample_backbone,11,1.2,uncertainty_aware_lstm_robust_lp,random_failure_fixed,3 -> 5 & 5 -> 3,3,1,5,1,4.8203239,1 | 3 | 5,1->3 | 3->5,1
26,sample_backbone,11,1.2,uncertainty_aware_lstm_robust_lp,random_failure_fixed,3 -> 5 & 5 -> 3,4,3,5,1,4.7878737,3 | 5,3->5,1
26,sample_backbone,11,1.2,uncertainty_aware_lstm_robust_lp,random_failure_fixed,3 -> 5 & 5 -> 3,5,5,1,1,3.3020176,5 | 3 | 1,5->3 | 3->1,1
26,sample_backbone,11,1.2,uncertainty_aware_lstm_robust_lp,random_failure_fixed,3 -> 5 & 5 -> 3,5,5,1,2,0.7008767999999996,5 | 3 | 2 | 1,5->3 | 3->2 | 2->1,1
27,sample_backbone,11,1.2,current_demand_lp,critical_failure_fixed,2 -> 3 & 3 -> 2,1,2,5,1,12.187383,2 | 3 | 5,2->3 | 3->5,1
27,sample_backbone,11,1.2,current_demand_lp,critical_failure_fixed,2 -> 3 & 3 -> 2,2,3,2,1,9.451874,3 | 2,3->2,1
27,sample_backbone,11,1.2,current_demand_lp,critical_failure_fixed,2 -> 3 & 3 -> 2,3,2,3,1,7.908633,2 | 3,2->3,1
27,sample_backbone,11,1.2,current_demand_lp,critical_failure_fixed,2 -> 3 & 3 -> 2,4,0,3,1,7.8153842,0 | 2 | 3,0->2 | 2->3,1
27,sample_backbone,11,1.2,current_demand_lp,critical_failure_fixed,2 -> 3 & 3 -> 2,5,0,5,1,1.2076923,0 | 1 | 3 | 5,0->1 | 1->3 | 3->5,0
27,sample_backbone,11,1.2,current_demand_lp,critical_failure_fixed,2 -> 3 & 3 -> 2,5,0,5,2,0.5618721,0 | 1 | 3 | 4 | 5,0->1 | 1->3 | 3->4 | 4->5,0
27,sample_backbone,11,1.2,current_demand_lp,critical_failure_fixed,2 -> 3 & 3 -> 2,5,0,5,3,6.7057445,0 | 2 | 3 | 4 | 5,0->2 | 2->3 | 3->4 | 4->5,1
27,sample_backbone,11,1.2,current_demand_lp,random_failure_fixed,0 -> 1 & 1 -> 0,1,0,1,1,5.8139434,0 | 1,0->1,1
27,sample_backbone,11,1.2,current_demand_lp,random_failure_fixed,0 -> 1 & 1 -> 0,2,1,0,1,4.0368395,1 | 0,1->0,1
27,sample_backbone,11,1.2,current_demand_lp,random_failure_fixed,0 -> 1 & 1 -> 0,3,3,0,1,2.1946274,3 | 1 | 0,3->1 | 1->0,1
27,sample_backbone,11,1.2,current_demand_lp,random_failure_fixed,0 -> 1 & 1 -> 0,3,3,0,2,6.4807546,3 | 2 | 0,3->2 | 2->0,0
27,sample_backbone,11,1.2,current_demand_lp,random_failure_fixed,0 -> 1 & 1 -> 0,4,0,5,1,1.2076923,0 | 1 | 3 | 5,0->1 | 1->3 | 3->5,1
27,sample_backbone,11,1.2,current_demand_lp,random_failure_fixed,0 -> 1 & 1 -> 0,4,0,5,2,0.5618721,0 | 1 | 3 | 4 | 5,0->1 | 1->3 | 3->4 | 4->5,1
27,sample_backbone,11,1.2,current_demand_lp,random_failure_fixed,0 -> 1 & 1 -> 0,4,0,5,3,6.7057445,0 | 2 | 3 | 4 | 5,0->2 | 2->3 | 3->4 | 4->5,0
27,sample_backbone,11,1.2,robust_current_demand_lp,critical_failure_fixed,2 -> 3 & 3 -> 2,1,3,2,1,9.451874,3 | 2,3->2,1
27,sample_backbone,11,1.2,robust_current_demand_lp,critical_failure_fixed,2 -> 3 & 3 -> 2,2,0,5,1,8.4753089,0 | 2 | 3 | 5,0->2 | 2->3 | 3->5,1
27,sample_backbone,11,1.2,robust_current_demand_lp,critical_failure_fixed,2 -> 3 & 3 -> 2,3,2,3,1,7.908633,2 | 3,2->3,1
27,sample_backbone,11,1.2,robust_current_demand_lp,critical_failure_fixed,2 -> 3 & 3 -> 2,4,2,4,1,7.2003036,2 | 3 | 4,2->3 | 3->4,1
27,sample_backbone,11,1.2,robust_current_demand_lp,critical_failure_fixed,2 -> 3 & 3 -> 2,5,5,0,1,6.6071934,5 | 3 | 2 | 0,5->3 | 3->2 | 2->0,1
27,sample_backbone,11,1.2,robust_current_demand_lp,random_failure_fixed,0 -> 1 & 1 -> 0,1,3,0,1,6.8416396,3 | 1 | 0,3->1 | 1->0,1
27,sample_backbone,11,1.2,robust_current_demand_lp,random_failure_fixed,0 -> 1 & 1 -> 0,1,3,0,2,1.8337425,3 | 2 | 0,3->2 | 2->0,0
27,sample_backbone,11,1.2,robust_current_demand_lp,random_failure_fixed,0 -> 1 & 1 -> 0,2,0,1,1,5.8139434,0 | 1,0->1,1
27,sample_backbone,11,1.2,robust_current_demand_lp,random_failure_fixed,0 -> 1 & 1 -> 0,3,1,0,1,4.0368395,1 | 0,1->0,1
27,sample_backbone,11,1.2,robust_current_demand_lp,random_failure_fixed,0 -> 1 & 1 -> 0,4,0,3,1,1.5701544,0 | 1 | 3,0->1 | 1->3,1
27,sample_backbone,11,1.2,robust_current_demand_lp,random_failure_fixed,0 -> 1 & 1 -> 0,4,0,3,2,6.2452298,0 | 2 | 3,0->2 | 2->3,0
27,sample_backbone,11,1.2,robust_current_demand_lp,random_failure_fixed,0 -> 1 & 1 -> 0,5,0,2,1,7.5536456,0 | 2,0->2,0
27,sample_backbone,11,1.2,robust_current_demand_lp,random_failure_fixed,0 -> 1 & 1 -> 0,5,0,2,2,0.19941002,0 | 1 | 2,0->1 | 1->2,1
27,sample_backbone,11,1.2,moving_average,critical_failure_fixed,2 -> 3 & 3 -> 2,1,3,2,1,8.5862038,3 | 2,3->2,1
27,sample_backbone,11,1.2,moving_average,critical_failure_fixed,2 -> 3 & 3 -> 2,2,2,5,1,7.6535632,2 | 3 | 5,2->3 | 3->5,1
27,sample_backbone,11,1.2,moving_average,critical_failure_fixed,2 -> 3 & 3 -> 2,3,2,3,1,7.4311575,2 | 3,2->3,1
27,sample_backbone,11,1.2,moving_average,critical_failure_fixed,2 -> 3 & 3 -> 2,4,0,5,1,1.5973995,0 | 1 | 3 | 5,0->1 | 1->3 | 3->5,0
27,sample_backbone,11,1.2,moving_average,critical_failure_fixed,2 -> 3 & 3 -> 2,4,0,5,2,1.0625862,0 | 1 | 3 | 4 | 5,0->1 | 1->3 | 3->4 | 4->5,0
27,sample_backbone,11,1.2,moving_average,critical_failure_fixed,2 -> 3 & 3 -> 2,4,0,5,3,5.634144099999999,0 | 2 | 3 | 4 | 5,0->2 | 2->3 | 3->4 | 4->5,1
27,sample_backbone,11,1.2,moving_average,critical_failure_fixed,2 -> 3 & 3 -> 2,5,0,3,1,4.6961078,0 | 2 | 3,0->2 | 2->3,1
27,sample_backbone,11,1.2,moving_average,random_failure_fixed,0 -> 1 & 1 -> 0,1,0,1,1,6.0988978,0 | 1,0->1,1
27,sample_backbone,11,1.2,moving_average,random_failure_fixed,0 -> 1 & 1 -> 0,2,3,0,1,4.6463113,3 | 1 | 0,3->1 | 1->0,1
27,sample_backbone,11,1.2,moving_average,random_failure_fixed,0 -> 1 & 1 -> 0,2,3,0,2,3.2123693,3 | 2 | 0,3->2 | 2->0,0
27,sample_backbone,11,1.2,moving_average,random_failure_fixed,0 -> 1 & 1 -> 0,3,1,0,1,4.0136073,1 | 0,1->0,1
27,sample_backbone,11,1.2,moving_average,random_failure_fixed,0 -> 1 & 1 -> 0,4,0,5,1,1.5973995,0 | 1 | 3 | 5,0->1 | 1->3 | 3->5,1
27,sample_backbone,11,1.2,moving_average,random_failure_fixed,0 -> 1 & 1 -> 0,4,0,5,2,1.0625862,0 | 1 | 3 | 4 | 5,0->1 | 1->3 | 3->4 | 4->5,1
27,sample_backbone,11,1.2,moving_average,random_failure_fixed,0 -> 1 & 1 -> 0,4,0,5,3,5.634144099999999,0 | 2 | 3 | 4 | 5,0->2 | 2->3 | 3->4 | 4->5,0
27,sample_backbone,11,1.2,moving_average,random_failure_fixed,0 -> 1 & 1 -> 0,5,0,4,1,4.5100266,0 | 2 | 4,0->2 | 2->4,0
27,sample_backbone,11,1.2,moving_average,random_failure_fixed,0 -> 1 & 1 -> 0,5,0,4,2,0.03836726,0 | 1 | 2 | 4,0->1 | 1->2 | 2->4,1
27,sample_backbone,11,1.2,linear_autoregressive,critical_failure_fixed,2 -> 3 & 3 -> 2,1,3,2,1,8.1689295,3 | 2,3->2,1
27,sample_backbone,11,1.2,linear_autoregressive,critical_failure_fixed,2 -> 3 & 3 -> 2,2,2,3,1,7.7729718,2 | 3,2->3,1
27,sample_backbone,11,1.2,linear_autoregressive,critical_failure_fixed,2 -> 3 & 3 -> 2,3,0,5,1,1.1815337,0 | 1 | 3 | 5,0->1 | 1->3 | 3->5,0
27,sample_backbone,11,1.2,linear_autoregressive,critical_failure_fixed,2 -> 3 & 3 -> 2,3,0,5,2,0.08388590000000007,0 | 2 | 3 | 5,0->2 | 2->3 | 3->5,1
27,sample_backbone,11,1.2,linear_autoregressive,critical_failure_fixed,2 -> 3 & 3 -> 2,3,0,5,3,7.133163799999999,0 | 2 | 3 | 4 | 5,0->2 | 2->3 | 3->4 | 4->5,1
27,sample_backbone,11,1.2,linear_autoregressive,critical_failure_fixed,2 -> 3 & 3 -> 2,4,2,5,1,6.433634,2 | 3 | 5,2->3 | 3->5,1
27,sample_backbone,11,1.2,linear_autoregressive,critical_failure_fixed,2 -> 3 & 3 -> 2,5,3,1,1,5.839484,3 | 2 | 1,3->2 | 2->1,1
27,sample_backbone,11,1.2,linear_autoregressive,random_failure_fixed,0 -> 1 & 1 -> 0,1,0,1,1,6.2707379,0 | 1,0->1,1
27,sample_backbone,11,1.2,linear_autoregressive,random_failure_fixed,0 -> 1 & 1 -> 0,2,3,0,1,6.1041556,3 | 1 | 0,3->1 | 1->0,1
27,sample_backbone,11,1.2,linear_autoregressive,random_failure_fixed,0 -> 1 & 1 -> 0,2,3,0,2,1.7022225,3 | 2 | 0,3->2 | 2->0,0
27,sample_backbone,11,1.2,linear_autoregressive,random_failure_fixed,0 -> 1 & 1 -> 0,3,1,0,1,4.2125697,1 | 0,1->0,1
27,sample_backbone,11,1.2,linear_autoregressive,random_failure_fixed,0 -> 1 & 1 -> 0,4,0,4,1,1.9283413,0 | 2 | 4,0->2 | 2->4,0
27,sample_backbone,11,1.2,linear_autoregressive,random_failure_fixed,0 -> 1 & 1 -> 0,4,0,4,2,1.9491006,0 | 1 | 2 | 4,0->1 | 1->2 | 2->4,1
27,sample_backbone,11,1.2,linear_autoregressive,random_failure_fixed,0 -> 1 & 1 -> 0,5,0,5,1,1.1815337,0 | 1 | 3 | 5,0->1 | 1->3 | 3->5,1
27,sample_backbone,11,1.2,linear_autoregressive,random_failure_fixed,0 -> 1 & 1 -> 0,5,0,5,2,0.08388590000000007,0 | 2 | 3 | 5,0->2 | 2->3 | 3->5,0
27,sample_backbone,11,1.2,linear_autoregressive,random_failure_fixed,0 -> 1 & 1 -> 0,5,0,5,3,7.133163799999999,0 | 2 | 3 | 4 | 5,0->2 | 2->3 | 3->4 | 4->5,0
27,sample_backbone,11,1.2,lstm,critical_failure_fixed,2 -> 3 & 3 -> 2,1,3,2,1,6.4675193,3 | 2,3->2,1
27,sample_backbone,11,1.2,lstm,critical_failure_fixed,2 -> 3 & 3 -> 2,2,2,3,1,5.8808861,2 | 3,2->3,1
27,sample_backbone,11,1.2,lstm,critical_failure_fixed,2 -> 3 & 3 -> 2,3,2,5,1,5.3131042,2 | 3 | 5,2->3 | 3->5,1
27,sample_backbone,11,1.2,lstm,critical_failure_fixed,2 -> 3 & 3 -> 2,4,0,5,1,1.6882811,0 | 1 | 3 | 5,0->1 | 1->3 | 3->5,0
27,sample_backbone,11,1.2,lstm,critical_failure_fixed,2 -> 3 & 3 -> 2,4,0,5,2,0.16816469999999994,0 | 1 | 3 | 4 | 5,0->1 | 1->3 | 3->4 | 4->5,0
27,sample_backbone,11,1.2,lstm,critical_failure_fixed,2 -> 3 & 3 -> 2,4,0,5,3,4.3885245,0 | 2 | 3 | 4 | 5,0->2 | 2->3 | 3->4 | 4->5,1
27,sample_backbone,11,1.2,lstm,critical_failure_fixed,2 -> 3 & 3 -> 2,5,3,1,1,1.0012395,3 | 1,3->1,0
27,sample_backbone,11,1.2,lstm,critical_failure_fixed,2 -> 3 & 3 -> 2,5,3,1,2,3.7860734,3 | 2 | 1,3->2 | 2->1,1
27,sample_backbone,11,1.2,lstm,random_failure_fixed,0 -> 1 & 1 -> 0,1,0,1,1,4.7534032,0 | 1,0->1,1
27,sample_backbone,11,1.2,lstm,random_failure_fixed,0 -> 1 & 1 -> 0,2,3,0,1,3.7712259,3 | 1 | 0,3->1 | 1->0,1
27,sample_backbone,11,1.2,lstm,random_failure_fixed,0 -> 1 & 1 -> 0,2,3,0,2,2.1319604,3 | 2 | 0,3->2 | 2->0,0
27,sample_backbone,11,1.2,lstm,random_failure_fixed,0 -> 1 & 1 -> 0,3,1,0,1,3.0953958,1 | 0,1->0,1
27,sample_backbone,11,1.2,lstm,random_failure_fixed,0 -> 1 & 1 -> 0,4,0,5,1,1.6882811,0 | 1 | 3 | 5,0->1 | 1->3 | 3->5,1
27,sample_backbone,11,1.2,lstm,random_failure_fixed,0 -> 1 & 1 -> 0,4,0,5,2,0.16816469999999994,0 | 1 | 3 | 4 | 5,0->1 | 1->3 | 3->4 | 4->5,1
27,sample_backbone,11,1.2,lstm,random_failure_fixed,0 -> 1 & 1 -> 0,4,0,5,3,4.3885245,0 | 2 | 3 | 4 | 5,0->2 | 2->3 | 3->4 | 4->5,0
27,sample_backbone,11,1.2,lstm,random_failure_fixed,0 -> 1 & 1 -> 0,5,0,4,1,3.304065,0 | 2 | 4,0->2 | 2->4,0
27,sample_backbone,11,1.2,lstm,random_failure_fixed,0 -> 1 & 1 -> 0,5,0,4,2,0.14873599999999998,0 | 1 | 2 | 4,0->1 | 1->2 | 2->4,1
27,sample_backbone,11,1.2,uncertainty_aware_lstm_robust_lp,critical_failure_fixed,2 -> 3 & 3 -> 2,1,3,2,1,6.7246771,3 | 2,3->2,1
27,sample_backbone,11,1.2,uncertainty_aware_lstm_robust_lp,critical_failure_fixed,2 -> 3 & 3 -> 2,2,0,5,1,6.4720712,0 | 2 | 3 | 5,0->2 | 2->3 | 3->5,1
27,sample_backbone,11,1.2,uncertainty_aware_lstm_robust_lp,critical_failure_fixed,2 -> 3 & 3 -> 2,3,2,3,1,6.0753422,2 | 3,2->3,1
27,sample_backbone,11,1.2,uncertainty_aware_lstm_robust_lp,critical_failure_fixed,2 -> 3 & 3 -> 2,4,2,4,1,5.4509273,2 | 3 | 4,2->3 | 3->4,1
27,sample_backbone,11,1.2,uncertainty_aware_lstm_robust_lp,critical_failure_fixed,2 -> 3 & 3 -> 2,5,5,0,1,3.1095619,5 | 3 | 2 | 0,5->3 | 3->2 | 2->0,1
27,sample_backbone,11,1.2,uncertainty_aware_lstm_robust_lp,critical_failure_fixed,2 -> 3 & 3 -> 2,5,5,0,2,1.7496462,5 | 4 | 3 | 2 | 0,5->4 | 4->3 | 3->2 | 2->0,1
27,sample_backbone,11,1.2,uncertainty_aware_lstm_robust_lp,random_failure_fixed,0 -> 1 & 1 -> 0,1,0,1,1,4.9126616,0 | 1,0->1,1
27,sample_backbone,11,1.2,uncertainty_aware_lstm_robust_lp,random_failure_fixed,0 -> 1 & 1 -> 0,2,3,0,1,3.8331554,3 | 1 | 0,3->1 | 1->0,1
27,sample_backbone,11,1.2,uncertainty_aware_lstm_robust_lp,random_failure_fixed,0 -> 1 & 1 -> 0,2,3,0,2,2.2775938,3 | 2 | 0,3->2 | 2->0,0
27,sample_backbone,11,1.2,uncertainty_aware_lstm_robust_lp,random_failure_fixed,0 -> 1 & 1 -> 0,3,1,0,1,3.2070594,1 | 0,1->0,1
27,sample_backbone,11,1.2,uncertainty_aware_lstm_robust_lp,random_failure_fixed,0 -> 1 & 1 -> 0,4,0,2,1,3.9704028,0 | 2,0->2,0
27,sample_backbone,11,1.2,uncertainty_aware_lstm_robust_lp,random_failure_fixed,0 -> 1 & 1 -> 0,4,0,2,2,1.2856101,0 | 1 | 2,0->1 | 1->2,1
27,sample_backbone,11,1.2,uncertainty_aware_lstm_robust_lp,random_failure_fixed,0 -> 1 & 1 -> 0,5,0,3,1,0.80452811,0 | 1 | 3,0->1 | 1->3,1
27,sample_backbone,11,1.2,uncertainty_aware_lstm_robust_lp,random_failure_fixed,0 -> 1 & 1 -> 0,5,0,3,2,2.9144975,0 | 2 | 3,0->2 | 2->3,0
28,sample_backbone,11,1.2,current_demand_lp,critical_failure_fixed,2 -> 3 & 3 -> 2,1,3,2,1,8.6068147,3 | 2,3->2,1
28,sample_backbone,11,1.2,current_demand_lp,critical_failure_fixed,2 -> 3 & 3 -> 2,2,2,3,1,7.7206681,2 | 3,2->3,1
28,sample_backbone,11,1.2,current_demand_lp,critical_failure_fixed,2 -> 3 & 3 -> 2,3,0,5,1,1.2987594,0 | 1 | 3 | 5,0->1 | 1->3 | 3->5,0
28,sample_backbone,11,1.2,current_demand_lp,critical_failure_fixed,2 -> 3 & 3 -> 2,3,0,5,2,0.7322692999999998,0 | 2 | 3 | 5,0->2 | 2->3 | 3->5,1
28,sample_backbone,11,1.2,current_demand_lp,critical_failure_fixed,2 -> 3 & 3 -> 2,3,0,5,3,6.223818700000001,0 | 2 | 3 | 4 | 5,0->2 | 2->3 | 3->4 | 4->5,1
28,sample_backbone,11,1.2,current_demand_lp,critical_failure_fixed,2 -> 3 & 3 -> 2,4,3,1,1,6.1289194,3 | 2 | 1,3->2 | 2->1,1
28,sample_backbone,11,1.2,current_demand_lp,critical_failure_fixed,2 -> 3 & 3 -> 2,5,2,5,1,5.8910534,2 | 3 | 5,2->3 | 3->5,1
28,sample_backbone,11,1.2,current_demand_lp,random_failure_fixed,2 -> 4 & 4 -> 2,1,4,0,1,5.7326549,4 | 2 | 0,4->2 | 2->0,1
28,sample_backbone,11,1.2,current_demand_lp,random_failure_fixed,2 -> 4 & 4 -> 2,2,1,4,1,5.5532151,1 | 2 | 4,1->2 | 2->4,1
28,sample_backbone,11,1.2,current_demand_lp,random_failure_fixed,2 -> 4 & 4 -> 2,3,4,2,1,5.0222457,4 | 2,4->2,1
28,sample_backbone,11,1.2,current_demand_lp,random_failure_fixed,2 -> 4 & 4 -> 2,4,2,4,1,4.7561256,2 | 4,2->4,1
28,sample_backbone,11,1.2,current_demand_lp,random_failure_fixed,2 -> 4 & 4 -> 2,4,2,4,2,2.264821,2 | 3 | 4,2->3 | 3->4,0
28,sample_backbone,11,1.2,current_demand_lp,random_failure_fixed,2 -> 4 & 4 -> 2,5,0,4,1,2.9914154,0 | 2 | 4,0->2 | 2->4,1
28,sample_backbone,11,1.2,current_demand_lp,random_failure_fixed,2 -> 4 & 4 -> 2,5,0,4,2,1.5740869999999996,0 | 1 | 2 | 4,0->1 | 1->2 | 2->4,1
28,sample_backbone,11,1.2,robust_current_demand_lp,critical_failure_fixed,2 -> 3 & 3 -> 2,1,3,2,1,8.6068147,3 | 2,3->2,1
28,sample_backbone,11,1.2,robust_current_demand_lp,critical_failure_fixed,2 -> 3 & 3 -> 2,2,0,5,1,8.2548475,0 | 2 | 3 | 5,0->2 | 2->3 | 3->5,1
28,sample_backbone,11,1.2,robust_current_demand_lp,critical_failure_fixed,2 -> 3 & 3 -> 2,3,2,3,1,7.7206681,2 | 3,2->3,1
28,sample_backbone,11,1.2,robust_current_demand_lp,critical_failure_fixed,2 -> 3 & 3 -> 2,4,2,4,1,7.0209466,2 | 3 | 4,2->3 | 3->4,1
28,sample_backbone,11,1.2,robust_current_demand_lp,critical_failure_fixed,2 -> 3 & 3 -> 2,5,5,0,1,2.9174387,5 | 3 | 2 | 0,5->3 | 3->2 | 2->0,1
28,sample_backbone,11,1.2,robust_current_demand_lp,critical_failure_fixed,2 -> 3 & 3 -> 2,5,5,0,2,3.1041711,5 | 4 | 3 | 2 | 0,5->4 | 4->3 | 3->2 | 2->0,1
28,sample_backbone,11,1.2,robust_current_demand_lp,random_failure_fixed,2 -> 4 & 4 -> 2,1,4,1,1,7.0529836,4 | 2 | 1,4->2 | 2->1,1
28,sample_backbone,11,1.2,robust_current_demand_lp,random_failure_fixed,2 -> 4 & 4 -> 2,2,2,5,1,5.8910534,2 | 4 | 5,2->4 | 4->5,1
28,sample_backbone,11,1.2,robust_current_demand_lp,random_failure_fixed,2 -> 4 & 4 -> 2,3,4,2,1,5.0222457,4 | 2,4->2,1
28,sample_backbone,11,1.2,robust_current_demand_lp,random_failure_fixed,2 -> 4 & 4 -> 2,4,0,4,1,4.5655024,0 | 2 | 4,0->2 | 2->4,1
28,sample_backbone,11,1.2,robust_current_demand_lp,random_failure_fixed,2 -> 4 & 4 -> 2,5,1,4,1,4.4182874,1 | 2 | 4,1->2 | 2->4,1
28,sample_backbone,11,1.2,robust_current_demand_lp,random_failure_fixed,2 -> 4 & 4 -> 2,5,1,4,2,1.1349278,1 | 3 | 4,1->3 | 3->4,0
28,sample_backbone,11,1.2,moving_average,critical_failure_fixed,2 -> 3 & 3 -> 2,1,3,2,1,8.9625085,3 | 2,3->2,1
28,sample_backbone,11,1.2,moving_average,critical_failure_fixed,2 -> 3 & 3 -> 2,2,2,5,1,7.7830042,2 | 3 | 5,2->3 | 3->5,1
28,sample_backbone,11,1.2,moving_average,critical_failure_fixed,2 -> 3 & 3 -> 2,3,2,3,1,7.762021,2 | 3,2->3,1
28,sample_backbone,11,1.2,moving_average,critical_failure_fixed,2 -> 3 & 3 -> 2,4,0,5,1,1.6285809,0 | 1 | 3 | 5,0->1 | 1->3 | 3->5,0
28,sample_backbone,11,1.2,moving_average,critical_failure_fixed,2 -> 3 & 3 -> 2,4,0,5,2,0.9701514,0 | 1 | 3 | 4 | 5,0->1 | 1->3 | 3->4 | 4->5,0
28,sample_backbone,11,1.2,moving_average,critical_failure_fixed,2 -> 3 & 3 -> 2,4,0,5,3,5.8968032,0 | 2 | 3 | 4 | 5,0->2 | 2->3 | 3->4 | 4->5,1
28,sample_backbone,11,1.2,moving_average,critical_failure_fixed,2 -> 3 & 3 -> 2,5,0,3,1,4.8160585,0 | 2 | 3,0->2 | 2->3,1
28,sample_backbone,11,1.2,moving_average,random_failure_fixed,2 -> 4 & 4 -> 2,1,1,4,1,6.9333577,1 | 2 | 4,1->2 | 2->4,1
28,sample_backbone,11,1.2,moving_average,random_failure_fixed,2 -> 4 & 4 -> 2,2,4,0,1,5.773991,4 | 2 | 0,4->2 | 2->0,1
28,sample_backbone,11,1.2,moving_average,random_failure_fixed,2 -> 4 & 4 -> 2,3,4,2,1,5.1812431,4 | 2,4->2,1
28,sample_backbone,11,1.2,moving_average,random_failure_fixed,2 -> 4 & 4 -> 2,4,0,4,1,4.6953201,0 | 2 | 4,0->2 | 2->4,1
28,sample_backbone,11,1.2,moving_average,random_failure_fixed,2 -> 4 & 4 -> 2,4,0,4,2,0.03187979999999957,0 | 1 | 2 | 4,0->1 | 1->2 | 2->4,1
28,sample_backbone,11,1.2,moving_average,random_failure_fixed,2 -> 4 & 4 -> 2,5,2,4,1,4.4636607,2 | 4,2->4,1
28,sample_backbone,11,1.2,moving_average,random_failure_fixed,2 -> 4 & 4 -> 2,5,2,4,2,2.7657059,2 | 3 | 4,2->3 | 3->4,0
28,sample_backbone,11,1.2,linear_autoregressive,critical_failure_fixed,2 -> 3 & 3 -> 2,1,2,5,1,8.9740249,2 | 3 | 5,2->3 | 3->5,1
28,sample_backbone,11,1.2,linear_autoregressive,critical_failure_fixed,2 -> 3 & 3 -> 2,2,3,2,1,7.9515746,3 | 2,3->2,1
28,sample_backbone,11,1.2,linear_autoregressive,critical_failure_fixed,2 -> 3 & 3 -> 2,3,2,3,1,7.8859415,2 | 3,2->3,1
28,sample_backbone,11,1.2,linear_autoregressive,critical_failure_fixed,2 -> 3 & 3 -> 2,4,0,5,1,1.2199631,0 | 1 | 3 | 5,0->1 | 1->3 | 3->5,0
28,sample_backbone,11,1.2,linear_autoregressive,critical_failure_fixed,2 -> 3 & 3 -> 2,4,0,5,2,0.42100040000000005,0 | 1 | 3 | 4 | 5,0->1 | 1->3 | 3->4 | 4->5,0
28,sample_backbone,11,1.2,linear_autoregressive,critical_failure_fixed,2 -> 3 & 3 -> 2,4,0,5,3,7.0219994,0 | 2 | 3 | 4 | 5,0->2 | 2->3 | 3->4 | 4->5,1
28,sample_backbone,11,1.2,linear_autoregressive,critical_failure_fixed,2 -> 3 & 3 -> 2,5,0,3,1,5.4747401,0 | 2 | 3,0->2 | 2->3,1
28,sample_backbone,11,1.2,linear_autoregressive,random_failure_fixed,2 -> 4 & 4 -> 2,1,2,4,1,7.1016944,2 | 4,2->4,1
28,sample_backbone,11,1.2,linear_autoregressive,random_failure_fixed,2 -> 4 & 4 -> 2,2,1,4,1,5.5271778,1 | 2 | 4,1->2 | 2->4,1
28,sample_backbone,11,1.2,linear_autoregressive,random_failure_fixed,2 -> 4 & 4 -> 2,2,1,4,2,1.490421,1 | 3 | 4,1->3 | 3->4,0
28,sample_backbone,11,1.2,linear_autoregressive,random_failure_fixed,2 -> 4 & 4 -> 2,3,4,2,1,5.2049374,4 | 2,4->2,1
28,sample_backbone,11,1.2,linear_autoregressive,random_failure_fixed,2 -> 4 & 4 -> 2,4,4,0,1,4.996625,4 | 2 | 0,4->2 | 2->0,1
28,sample_backbone,11,1.2,linear_autoregressive,random_failure_fixed,2 -> 4 & 4 -> 2,5,4,1,1,4.6940506,4 | 2 | 1,4->2 | 2->1,1
28,sample_backbone,11,1.2,linear_autoregressive,random_failure_fixed,2 -> 4 & 4 -> 2,5,4,1,2,2.226308,4 | 3 | 1,4->3 | 3->1,0
28,sample_backbone,11,1.2,lstm,critical_failure_fixed,2 -> 3 & 3 -> 2,1,3,2,1,6.4685626,3 | 2,3->2,1
28,sample_backbone,11,1.2,lstm,critical_failure_fixed,2 -> 3 & 3 -> 2,2,2,3,1,5.882216,2 | 3,2->3,1
28,sample_backbone,11,1.2,lstm,critical_failure_fixed,2 -> 3 & 3 -> 2,3,2,5,1,5.3142352,2 | 3 | 5,2->3 | 3->5,1
28,sample_backbone,11,1.2,lstm,critical_failure_fixed,2 -> 3 & 3 -> 2,4,0,5,1,1.6884244,0 | 1 | 3 | 5,0->1 | 1->3 | 3->5,0
28,sample_backbone,11,1.2,lstm,critical_failure_fixed,2 -> 3 & 3 -> 2,4,0,5,2,0.16838520000000012,0 | 1 | 3 | 4 | 5,0->1 | 1->3 | 3->4 | 4->5,0
28,sample_backbone,11,1.2,lstm,critical_failure_fixed,2 -> 3 & 3 -> 2,4,0,5,3,4.3891244,0 | 2 | 3 | 4 | 5,0->2 | 2->3 | 3->4 | 4->5,1
28,sample_backbone,11,1.2,lstm,critical_failure_fixed,2 -> 3 & 3 -> 2,5,3,1,1,1.0003392,3 | 1,3->1,0
28,sample_backbone,11,1.2,lstm,critical_failure_fixed,2 -> 3 & 3 -> 2,5,3,1,2,3.7880204,3 | 2 | 1,3->2 | 2->1,1
28,sample_backbone,11,1.2,lstm,random_failure_fixed,2 -> 4 & 4 -> 2,1,1,4,1,4.722137,1 | 2 | 4,1->2 | 2->4,1
28,sample_backbone,11,1.2,lstm,random_failure_fixed,2 -> 4 & 4 -> 2,2,4,0,1,4.1759586,4 | 2 | 0,4->2 | 2->0,1
28,sample_backbone,11,1.2,lstm,random_failure_fixed,2 -> 4 & 4 -> 2,3,4,2,1,3.7419536,4 | 2,4->2,1
28,sample_backbone,11,1.2,lstm,random_failure_fixed,2 -> 4 & 4 -> 2,4,2,4,1,3.4645445,2 | 4,2->4,1
28,sample_backbone,11,1.2,lstm,random_failure_fixed,2 -> 4 & 4 -> 2,4,2,4,2,1.831487,2 | 3 | 4,2->3 | 3->4,0
28,sample_backbone,11,1.2,lstm,random_failure_fixed,2 -> 4 & 4 -> 2,5,0,4,1,3.3050318,0 | 2 | 4,0->2 | 2->4,1
28,sample_backbone,11,1.2,lstm,random_failure_fixed,2 -> 4 & 4 -> 2,5,0,4,2,0.14860129999999971,0 | 1 | 2 | 4,0->1 | 1->2 | 2->4,1
28,sample_backbone,11,1.2,uncertainty_aware_lstm_robust_lp,critical_failure_fixed,2 -> 3 & 3 -> 2,1,3,2,1,6.7257204,3 | 2,3->2,1
28,sample_backbone,11,1.2,uncertainty_aware_lstm_robust_lp,critical_failure_fixed,2 -> 3 & 3 -> 2,2,0,5,1,6.4730349,0 | 2 | 3 | 5,0->2 | 2->3 | 3->5,1
28,sample_backbone,11,1.2,uncertainty_aware_lstm_robust_lp,critical_failure_fixed,2 -> 3 & 3 -> 2,3,2,3,1,6.0766721,2 | 3,2->3,1
28,sample_backbone,11,1.2,uncertainty_aware_lstm_robust_lp,critical_failure_fixed,2 -> 3 & 3 -> 2,4,2,4,1,5.4521041,2 | 3 | 4,2->3 | 3->4,1
28,sample_backbone,11,1.2,uncertainty_aware_lstm_robust_lp,critical_failure_fixed,2 -> 3 & 3 -> 2,5,5,0,1,3.1097629,5 | 3 | 2 | 0,5->3 | 3->2 | 2->0,1
28,sample_backbone,11,1.2,uncertainty_aware_lstm_robust_lp,critical_failure_fixed,2 -> 3 & 3 -> 2,5,5,0,2,1.7504575,5 | 4 | 3 | 2 | 0,5->4 | 4->3 | 3->2 | 2->0,1
28,sample_backbone,11,1.2,uncertainty_aware_lstm_robust_lp,random_failure_fixed,2 -> 4 & 4 -> 2,1,4,1,1,5.1629667,4 | 2 | 1,4->2 | 2->1,1
28,sample_backbone,11,1.2,uncertainty_aware_lstm_robust_lp,random_failure_fixed,2 -> 4 & 4 -> 2,2,2,5,1,0.85026691,2 | 3 | 5,2->3 | 3->5,0
28,sample_backbone,11,1.2,uncertainty_aware_lstm_robust_lp,random_failure_fixed,2 -> 4 & 4 -> 2,2,2,5,2,4.7441783,2 | 4 | 5,2->4 | 4->5,1
28,sample_backbone,11,1.2,uncertainty_aware_lstm_robust_lp,random_failure_fixed,2 -> 4 & 4 -> 2,3,4,2,1,3.8623188,4 | 2,4->2,1
28,sample_backbone,11,1.2,uncertainty_aware_lstm_robust_lp,random_failure_fixed,2 -> 4 & 4 -> 2,4,1,4,1,3.7782827,1 | 2 | 4,1->2 | 2->4,1
28,sample_backbone,11,1.2,uncertainty_aware_lstm_robust_lp,random_failure_fixed,2 -> 4 & 4 -> 2,4,1,4,2,1.1836047,1 | 3 | 4,1->3 | 3->4,0
28,sample_backbone,11,1.2,uncertainty_aware_lstm_robust_lp,random_failure_fixed,2 -> 4 & 4 -> 2,5,0,4,1,3.5704784,0 | 2 | 4,0->2 | 2->4,1
29,sample_backbone,11,1.2,current_demand_lp,critical_failure_fixed,2 -> 3 & 3 -> 2,1,3,2,1,7.6815144,3 | 2,3->2,1
29,sample_backbone,11,1.2,current_demand_lp,critical_failure_fixed,2 -> 3 & 3 -> 2,2,2,3,1,7.1364986,2 | 3,2->3,1
29,sample_backbone,11,1.2,current_demand_lp,critical_failure_fixed,2 -> 3 & 3 -> 2,3,0,5,1,1.6058228,0 | 1 | 3 | 5,0->1 | 1->3 | 3->5,0
29,sample_backbone,11,1.2,current_demand_lp,critical_failure_fixed,2 -> 3 & 3 -> 2,3,0,5,2,0.4850136999999999,0 | 2 | 3 | 5,0->2 | 2->3 | 3->5,1
29,sample_backbone,11,1.2,current_demand_lp,critical_failure_fixed,2 -> 3 & 3 -> 2,3,0,5,3,5.3581525,0 | 2 | 3 | 4 | 5,0->2 | 2->3 | 3->4 | 4->5,1
29,sample_backbone,11,1.2,current_demand_lp,critical_failure_fixed,2 -> 3 & 3 -> 2,4,3,1,1,0.14108334,3 | 1,3->1,0
29,sample_backbone,11,1.2,current_demand_lp,critical_failure_fixed,2 -> 3 & 3 -> 2,4,3,1,2,5.7498138,3 | 2 | 1,3->2 | 2->1,1
29,sample_backbone,11,1.2,current_demand_lp,critical_failure_fixed,2 -> 3 & 3 -> 2,5,2,5,1,5.4095563,2 | 3 | 5,2->3 | 3->5,1
29,sample_backbone,11,1.2,current_demand_lp,random_failure_fixed,4 -> 5 & 5 -> 4,1,0,5,1,1.6058228,0 | 1 | 3 | 5,0->1 | 1->3 | 3->5,0
29,sample_backbone,11,1.2,current_demand_lp,random_failure_fixed,4 -> 5 & 5 -> 4,1,0,5,2,0.4850136999999999,0 | 2 | 3 | 5,0->2 | 2->3 | 3->5,0
29,sample_backbone,11,1.2,current_demand_lp,random_failure_fixed,4 -> 5 & 5 -> 4,1,0,5,3,5.3581525,0 | 2 | 3 | 4 | 5,0->2 | 2->3 | 3->4 | 4->5,1
29,sample_backbone,11,1.2,current_demand_lp,random_failure_fixed,4 -> 5 & 5 -> 4,2,5,4,1,5.3263609,5 | 4,5->4,1
29,sample_backbone,11,1.2,current_demand_lp,random_failure_fixed,4 -> 5 & 5 -> 4,3,4,5,1,3.8989359,4 | 5,4->5,1
29,sample_backbone,11,1.2,current_demand_lp,random_failure_fixed,4 -> 5 & 5 -> 4,4,5,0,1,3.3545164,5 | 3 | 2 | 0,5->3 | 3->2 | 2->0,0
29,sample_backbone,11,1.2,current_demand_lp,random_failure_fixed,4 -> 5 & 5 -> 4,4,5,0,2,2.2805214,5 | 4 | 2 | 0,5->4 | 4->2 | 2->0,1
29,sample_backbone,11,1.2,robust_current_demand_lp,critical_failure_fixed,2 -> 3 & 3 -> 2,1,3,2,1,7.6815144,3 | 2,3->2,1
29,sample_backbone,11,1.2,robust_current_demand_lp,critical_failure_fixed,2 -> 3 & 3 -> 2,2,0,5,1,7.4489891,0 | 2 | 3 | 5,0->2 | 2->3 | 3->5,1
29,sample_backbone,11,1.2,robust_current_demand_lp,critical_failure_fixed,2 -> 3 & 3 -> 2,3,2,3,1,7.1364986,2 | 3,2->3,1
29,sample_backbone,11,1.2,robust_current_demand_lp,critical_failure_fixed,2 -> 3 & 3 -> 2,4,2,4,1,6.2222553,2 | 3 | 4,2->3 | 3->4,1
29,sample_backbone,11,1.2,robust_current_demand_lp,critical_failure_fixed,2 -> 3 & 3 -> 2,5,5,0,1,3.3545164,5 | 3 | 2 | 0,5->3 | 3->2 | 2->0,1
29,sample_backbone,11,1.2,robust_current_demand_lp,critical_failure_fixed,2 -> 3 & 3 -> 2,5,5,0,2,2.2805214,5 | 4 | 3 | 2 | 0,5->4 | 4->3 | 3->2 | 2->0,1
29,sample_backbone,11,1.2,robust_current_demand_lp,random_failure_fixed,4 -> 5 & 5 -> 4,1,2,5,1,0.051403762,2 | 3 | 5,2->3 | 3->5,0
29,sample_backbone,11,1.2,robust_current_demand_lp,random_failure_fixed,4 -> 5 & 5 -> 4,1,2,5,2,5.3581526,2 | 4 | 5,2->4 | 4->5,1
29,sample_backbone,11,1.2,robust_current_demand_lp,random_failure_fixed,4 -> 5 & 5 -> 4,2,5,4,1,5.3263609,5 | 4,5->4,1
29,sample_backbone,11,1.2,robust_current_demand_lp,random_failure_fixed,4 -> 5 & 5 -> 4,3,4,5,1,3.8989359,4 | 5,4->5,1
29,sample_backbone,11,1.2,robust_current_demand_lp,random_failure_fixed,4 -> 5 & 5 -> 4,4,5,0,1,3.3545164,5 | 3 | 2 | 0,5->3 | 3->2 | 2->0,0
29,sample_backbone,11,1.2,robust_current_demand_lp,random_failure_fixed,4 -> 5 & 5 -> 4,4,5,0,2,2.2805214,5 | 4 | 3 | 2 | 0,5->4 | 4->3 | 3->2 | 2->0,1
29,sample_backbone,11,1.2,moving_average,critical_failure_fixed,2 -> 3 & 3 -> 2,1,3,2,1,8.7087674,3 | 2,3->2,1
29,sample_backbone,11,1.2,moving_average,critical_failure_fixed,2 -> 3 & 3 -> 2,2,2,3,1,7.5533802,2 | 3,2->3,1
29,sample_backbone,11,1.2,moving_average,critical_failure_fixed,2 -> 3 & 3 -> 2,3,2,5,1,7.5174311,2 | 3 | 5,2->3 | 3->5,1
29,sample_backbone,11,1.2,moving_average,critical_failure_fixed,2 -> 3 & 3 -> 2,4,0,5,1,1.6783509,0 | 1 | 3 | 5,0->1 | 1->3 | 3->5,0
29,sample_backbone,11,1.2,moving_average,critical_failure_fixed,2 -> 3 & 3 -> 2,4,0,5,2,0.7981032000000001,0 | 1 | 3 | 4 | 5,0->1 | 1->3 | 3->4 | 4->5,0
29,sample_backbone,11,1.2,moving_average,critical_failure_fixed,2 -> 3 & 3 -> 2,4,0,5,3,5.7575539,0 | 2 | 3 | 4 | 5,0->2 | 2->3 | 3->4 | 4->5,1
29,sample_backbone,11,1.2,moving_average,critical_failure_fixed,2 -> 3 & 3 -> 2,5,0,3,1,4.8204459,0 | 2 | 3,0->2 | 2->3,1
29,sample_backbone,11,1.2,moving_average,random_failure_fixed,4 -> 5 & 5 -> 4,1,0,5,1,1.6783509,0 | 1 | 3 | 5,0->1 | 1->3 | 3->5,0
29,sample_backbone,11,1.2,moving_average,random_failure_fixed,4 -> 5 & 5 -> 4,1,0,5,2,0.7981032000000001,0 | 1 | 3 | 4 | 5,0->1 | 1->3 | 3->4 | 4->5,1
29,sample_backbone,11,1.2,moving_average,random_failure_fixed,4 -> 5 & 5 -> 4,1,0,5,3,5.7575539,0 | 2 | 3 | 4 | 5,0->2 | 2->3 | 3->4 | 4->5,1
29,sample_backbone,11,1.2,moving_average,random_failure_fixed,4 -> 5 & 5 -> 4,2,5,4,1,5.9175819,5 | 4,5->4,1
29,sample_backbone,11,1.2,moving_average,random_failure_fixed,4 -> 5 & 5 -> 4,3,4,5,1,4.3420189,4 | 5,4->5,1
29,sample_backbone,11,1.2,moving_average,random_failure_fixed,4 -> 5 & 5 -> 4,4,5,0,1,4.3708302,5 | 3 | 2 | 0,5->3 | 3->2 | 2->0,0
29,sample_backbone,11,1.2,moving_average,random_failure_fixed,4 -> 5 & 5 -> 4,4,5,0,2,1.7788716999999998,5 | 4 | 2 | 0,5->4 | 4->2 | 2->0,1
29,sample_backbone,11,1.2,linear_autoregressive,critical_failure_fixed,2 -> 3 & 3 -> 2,1,3,2,1,7.288005,3 | 2,3->2,1
29,sample_backbone,11,1.2,linear_autoregressive,critical_failure_fixed,2 -> 3 & 3 -> 2,2,2,3,1,6.9911615,2 | 3,2->3,1
29,sample_backbone,11,1.2,linear_autoregressive,critical_failure_fixed,2 -> 3 & 3 -> 2,3,0,5,1,1.8419926,0 | 1 | 3 | 5,0->1 | 1->3 | 3->5,0
29,sample_backbone,11,1.2,linear_autoregressive,critical_failure_fixed,2 -> 3 & 3 -> 2,3,0,5,2,0.04389810000000005,0 | 2 | 3 | 5,0->2 | 2->3 | 3->5,1
29,sample_backbone,11,1.2,linear_autoregressive,critical_failure_fixed,2 -> 3 & 3 -> 2,3,0,5,3,5.6104761000000005,0 | 2 | 3 | 4 | 5,0->2 | 2->3 | 3->4 | 4->5,1
29,sample_backbone,11,1.2,linear_autoregressive,critical_failure_fixed,2 -> 3 & 3 -> 2,4,3,1,1,5.3749231,3 | 2 | 1,3->2 | 2->1,1
29,sample_backbone,11,1.2,linear_autoregressive,critical_failure_fixed,2 -> 3 & 3 -> 2,5,2,5,1,5.0104858,2 | 3 | 5,2->3 | 3->5,1
29,sample_backbone,11,1.2,linear_autoregressive,random_failure_fixed,4 -> 5 & 5 -> 4,1,0,5,1,1.8419926,0 | 1 | 3 | 5,0->1 | 1->3 | 3->5,0
29,sample_backbone,11,1.2,linear_autoregressive,random_failure_fixed,4 -> 5 & 5 -> 4,1,0,5,2,0.04389810000000005,0 | 2 | 3 | 5,0->2 | 2->3 | 3->5,0
29,sample_backbone,11,1.2,linear_autoregressive,random_failure_fixed,4 -> 5 & 5 -> 4,1,0,5,3,5.6104761000000005,0 | 2 | 3 | 4 | 5,0->2 | 2->3 | 3->4 | 4->5,1
29,sample_backbone,11,1.2,linear_autoregressive,random_failure_fixed,4 -> 5 & 5 -> 4,2,5,4,1,4.6891879,5 | 4,5->4,1
29,sample_backbone,11,1.2,linear_autoregressive,random_failure_fixed,4 -> 5 & 5 -> 4,3,4,5,1,3.713633,4 | 5,4->5,1
29,sample_backbone,11,1.2,linear_autoregressive,random_failure_fixed,4 -> 5 & 5 -> 4,4,5,0,1,2.0678321,5 | 3 | 2 | 0,5->3 | 3->2 | 2->0,0
29,sample_backbone,11,1.2,linear_autoregressive,random_failure_fixed,4 -> 5 & 5 -> 4,4,5,0,2,3.1313918,5 | 4 | 2 | 0,5->4 | 4->2 | 2->0,1
29,sample_backbone,11,1.2,lstm,critical_failure_fixed,2 -> 3 & 3 -> 2,1,3,2,1,6.4490633,3 | 2,3->2,1
29,sample_backbone,11,1.2,lstm,critical_failure_fixed,2 -> 3 & 3 -> 2,2,2,3,1,5.8573699,2 | 3,2->3,1
29,sample_backbone,11,1.2,lstm,critical_failure_fixed,2 -> 3 & 3 -> 2,3,2,5,1,5.2930932,2 | 3 | 5,2->3 | 3->5,1
29,sample_backbone,11,1.2,lstm,critical_failure_fixed,2 -> 3 & 3 -> 2,4,0,5,1,1.6857521,0 | 1 | 3 | 5,0->1 | 1->3 | 3->5,0
29,sample_backbone,11,1.2,lstm,critical_failure_fixed,2 -> 3 & 3 -> 2,4,0,5,2,0.1642517000000001,0 | 1 | 3 | 4 | 5,0->1 | 1->3 | 3->4 | 4->5,0
29,sample_backbone,11,1.2,lstm,critical_failure_fixed,2 -> 3 & 3 -> 2,4,0,5,3,4.377923399999999,0 | 2 | 3 | 4 | 5,0->2 | 2->3 | 3->4 | 4->5,1
29,sample_backbone,11,1.2,lstm,critical_failure_fixed,2 -> 3 & 3 -> 2,5,3,1,1,1.0171293,3 | 1,3->1,0
29,sample_backbone,11,1.2,lstm,critical_failure_fixed,2 -> 3 & 3 -> 2,5,3,1,2,3.7516772,3 | 2 | 1,3->2 | 2->1,1
29,sample_backbone,11,1.2,lstm,random_failure_fixed,4 -> 5 & 5 -> 4,1,0,5,1,1.6857521,0 | 1 | 3 | 5,0->1 | 1->3 | 3->5,0
29,sample_backbone,11,1.2,lstm,random_failure_fixed,4 -> 5 & 5 -> 4,1,0,5,2,0.1642517000000001,0 | 1 | 3 | 4 | 5,0->1 | 1->3 | 3->4 | 4->5,1
29,sample_backbone,11,1.2,lstm,random_failure_fixed,4 -> 5 & 5 -> 4,1,0,5,3,4.377923399999999,0 | 2 | 3 | 4 | 5,0->2 | 2->3 | 3->4 | 4->5,1
29,sample_backbone,11,1.2,lstm,random_failure_fixed,4 -> 5 & 5 -> 4,2,5,4,1,4.5320811,5 | 4,5->4,1
29,sample_backbone,11,1.2,lstm,random_failure_fixed,4 -> 5 & 5 -> 4,3,4,5,1,3.3528149,4 | 5,4->5,1
29,sample_backbone,11,1.2,lstm,random_failure_fixed,4 -> 5 & 5 -> 4,4,5,0,1,2.9425141,5 | 3 | 2 | 0,5->3 | 3->2 | 2->0,0
29,sample_backbone,11,1.2,lstm,random_failure_fixed,4 -> 5 & 5 -> 4,4,5,0,2,1.7312162,5 | 4 | 2 | 0,5->4 | 4->2 | 2->0,1
29,sample_backbone,11,1.2,uncertainty_aware_lstm_robust_lp,critical_failure_fixed,2 -> 3 & 3 -> 2,1,3,2,1,6.7062211,3 | 2,3->2,1
29,sample_backbone,11,1.2,uncertainty_aware_lstm_robust_lp,critical_failure_fixed,2 -> 3 & 3 -> 2,2,0,5,1,6.4550281,0 | 2 | 3 | 5,0->2 | 2->3 | 3->5,1
29,sample_backbone,11,1.2,uncertainty_aware_lstm_robust_lp,critical_failure_fixed,2 -> 3 & 3 -> 2,3,2,3,1,6.051826,2 | 3,2->3,1
29,sample_backbone,11,1.2,uncertainty_aware_lstm_robust_lp,critical_failure_fixed,2 -> 3 & 3 -> 2,4,2,4,1,5.430119,2 | 3 | 4,2->3 | 3->4,1
29,sample_backbone,11,1.2,uncertainty_aware_lstm_robust_lp,critical_failure_fixed,2 -> 3 & 3 -> 2,5,5,0,1,3.1059822,5 | 3 | 2 | 0,5->3 | 3->2 | 2->0,1
29,sample_backbone,11,1.2,uncertainty_aware_lstm_robust_lp,critical_failure_fixed,2 -> 3 & 3 -> 2,5,5,0,2,1.7353301999999995,5 | 4 | 3 | 2 | 0,5->4 | 4->3 | 3->2 | 2->0,1
29,sample_backbone,11,1.2,uncertainty_aware_lstm_robust_lp,random_failure_fixed,4 -> 5 & 5 -> 4,1,2,5,1,0.84445946,2 | 3 | 5,2->3 | 3->5,0
29,sample_backbone,11,1.2,uncertainty_aware_lstm_robust_lp,random_failure_fixed,4 -> 5 & 5 -> 4,1,2,5,2,4.7288438,2 | 4 | 5,2->4 | 4->5,1
29,sample_backbone,11,1.2,uncertainty_aware_lstm_robust_lp,random_failure_fixed,4 -> 5 & 5 -> 4,2,5,4,1,4.675992,5 | 4,5->4,1
29,sample_backbone,11,1.2,uncertainty_aware_lstm_robust_lp,random_failure_fixed,4 -> 5 & 5 -> 4,3,4,5,1,3.4843667,4 | 5,4->5,1
29,sample_backbone,11,1.2,uncertainty_aware_lstm_robust_lp,random_failure_fixed,4 -> 5 & 5 -> 4,4,5,0,1,3.1059822,5 | 3 | 2 | 0,5->3 | 3->2 | 2->0,0
29,sample_backbone,11,1.2,uncertainty_aware_lstm_robust_lp,random_failure_fixed,4 -> 5 & 5 -> 4,4,5,0,2,1.7353301999999995,5 | 4 | 3 | 2 | 0,5->4 | 4->3 | 3->2 | 2->0,1
30,sample_backbone,11,1.2,current_demand_lp,critical_failure_fixed,2 -> 3 & 3 -> 2,1,3,2,1,6.8824052,3 | 2,3->2,1
30,sample_backbone,11,1.2,current_demand_lp,critical_failure_fixed,2 -> 3 & 3 -> 2,2,2,3,1,6.2295443,2 | 3,2->3,1
30,sample_backbone,11,1.2,current_demand_lp,critical_failure_fixed,2 -> 3 & 3 -> 2,3,2,5,1,5.4701003,2 | 3 | 5,2->3 | 3->5,1
30,sample_backbone,11,1.2,current_demand_lp,critical_failure_fixed,2 -> 3 & 3 -> 2,4,0,5,1,1.5147613,0 | 1 | 3 | 5,0->1 | 1->3 | 3->5,0
30,sample_backbone,11,1.2,current_demand_lp,critical_failure_fixed,2 -> 3 & 3 -> 2,4,0,5,2,0.0298153000000001,0 | 2 | 3 | 5,0->2 | 2->3 | 3->5,1
30,sample_backbone,11,1.2,current_demand_lp,critical_failure_fixed,2 -> 3 & 3 -> 2,4,0,5,3,5.0012717,0 | 2 | 3 | 4 | 5,0->2 | 2->3 | 3->4 | 4->5,1
30,sample_backbone,11,1.2,current_demand_lp,critical_failure_fixed,2 -> 3 & 3 -> 2,5,5,0,1,3.7459306,5 | 3 | 2 | 0,5->3 | 3->2 | 2->0,1
30,sample_backbone,11,1.2,current_demand_lp,critical_failure_fixed,2 -> 3 & 3 -> 2,5,5,0,2,0.98525029,5 | 4 | 2 | 0,5->4 | 4->2 | 2->0,0
30,sample_backbone,11,1.2,current_demand_lp,random_failure_fixed,0 -> 1 & 1 -> 0,1,0,1,1,4.7609241,0 | 1,0->1,1
30,sample_backbone,11,1.2,current_demand_lp,random_failure_fixed,0 -> 1 & 1 -> 0,2,1,0,1,3.2267942,1 | 0,1->0,1
30,sample_backbone,11,1.2,current_demand_lp,random_failure_fixed,0 -> 1 & 1 -> 0,3,3,0,1,3.0934846,3 | 1 | 0,3->1 | 1->0,1
30,sample_backbone,11,1.2,current_demand_lp,random_failure_fixed,0 -> 1 & 1 -> 0,3,3,0,2,3.2788689,3 | 2 | 0,3->2 | 2->0,0
30,sample_backbone,11,1.2,current_demand_lp,random_failure_fixed,0 -> 1 & 1 -> 0,4,0,5,1,1.5147613,0 | 1 | 3 | 5,0->1 | 1->3 | 3->5,1
30,sample_backbone,11,1.2,current_demand_lp,random_failure_fixed,0 -> 1 & 1 -> 0,4,0,5,2,0.0298153000000001,0 | 2 | 3 | 5,0->2 | 2->3 | 3->5,0
30,sample_backbone,11,1.2,current_demand_lp,random_failure_fixed,0 -> 1 & 1 -> 0,4,0,5,3,5.0012717,0 | 2 | 3 | 4 | 5,0->2 | 2->3 | 3->4 | 4->5,0
30,sample_backbone,11,1.2,robust_current_demand_lp,critical_failure_fixed,2 -> 3 & 3 -> 2,1,3,2,1,6.8824052,3 | 2,3->2,1
30,sample_backbone,11,1.2,robust_current_demand_lp,critical_failure_fixed,2 -> 3 & 3 -> 2,2,0,5,1,6.5458483,0 | 2 | 3 | 5,0->2 | 2->3 | 3->5,1
30,sample_backbone,11,1.2,robust_current_demand_lp,critical_failure_fixed,2 -> 3 & 3 -> 2,3,2,3,1,6.2295443,2 | 3,2->3,1
30,sample_backbone,11,1.2,robust_current_demand_lp,critical_failure_fixed,2 -> 3 & 3 -> 2,4,2,4,1,5.6320137,2 | 3 | 4,2->3 | 3->4,1
30,sample_backbone,11,1.2,robust_current_demand_lp,critical_failure_fixed,2 -> 3 & 3 -> 2,5,5,0,1,3.7459306,5 | 3 | 2 | 0,5->3 | 3->2 | 2->0,1
30,sample_backbone,11,1.2,robust_current_demand_lp,critical_failure_fixed,2 -> 3 & 3 -> 2,5,5,0,2,0.98525029,5 | 4 | 3 | 2 | 0,5->4 | 4->3 | 3->2 | 2->0,1
30,sample_backbone,11,1.2,robust_current_demand_lp,random_failure_fixed,0 -> 1 & 1 -> 0,1,0,1,1,4.7609241,0 | 1,0->1,1
30,sample_backbone,11,1.2,robust_current_demand_lp,random_failure_fixed,0 -> 1 & 1 -> 0,2,1,0,1,3.2267942,1 | 0,1->0,1
30,sample_backbone,11,1.2,robust_current_demand_lp,random_failure_fixed,0 -> 1 & 1 -> 0,3,3,0,1,3.0934846,3 | 1 | 0,3->1 | 1->0,1
30,sample_backbone,11,1.2,robust_current_demand_lp,random_failure_fixed,0 -> 1 & 1 -> 0,3,3,0,2,3.2788689,3 | 2 | 0,3->2 | 2->0,0
30,sample_backbone,11,1.2,robust_current_demand_lp,random_failure_fixed,0 -> 1 & 1 -> 0,4,0,2,1,4.0191789,0 | 2,0->2,0
30,sample_backbone,11,1.2,robust_current_demand_lp,random_failure_fixed,0 -> 1 & 1 -> 0,4,0,2,2,0.84126235,0 | 1 | 2,0->1 | 1->2,1
30,sample_backbone,11,1.2,robust_current_demand_lp,random_failure_fixed,0 -> 1 & 1 -> 0,5,0,3,1,0.673499,0 | 1 | 3,0->1 | 1->3,1
30,sample_backbone,11,1.2,robust_current_demand_lp,random_failure_fixed,0 -> 1 & 1 -> 0,5,0,3,2,2.6729149,0 | 2 | 3,0->2 | 2->3,0
30,sample_backbone,11,1.2,moving_average,critical_failure_fixed,2 -> 3 & 3 -> 2,1,3,2,1,8.1556521,3 | 2,3->2,1
30,sample_backbone,11,1.2,moving_average,critical_failure_fixed,2 -> 3 & 3 -> 2,2,2,3,1,7.248836,2 | 3,2->3,1
30,sample_backbone,11,1.2,moving_average,critical_failure_fixed,2 -> 3 & 3 -> 2,3,2,5,1,7.2395232,2 | 3 | 5,2->3 | 3->5,1
30,sample_backbone,11,1.2,moving_average,critical_failure_fixed,2 -> 3 & 3 -> 2,4,0,5,1,1.7185335,0 | 1 | 3 | 5,0->1 | 1->3 | 3->5,0
30,sample_backbone,11,1.2,moving_average,critical_failure_fixed,2 -> 3 & 3 -> 2,4,0,5,2,0.6027914000000001,0 | 1 | 3 | 4 | 5,0->1 | 1->3 | 3->4 | 4->5,0
30,sample_backbone,11,1.2,moving_average,critical_failure_fixed,2 -> 3 & 3 -> 2,4,0,5,3,5.3599235,0 | 2 | 3 | 4 | 5,0->2 | 2->3 | 3->4 | 4->5,1
30,sample_backbone,11,1.2,moving_average,critical_failure_fixed,2 -> 3 & 3 -> 2,5,0,3,1,4.7138474,0 | 2 | 3,0->2 | 2->3,1
30,sample_backbone,11,1.2,moving_average,random_failure_fixed,0 -> 1 & 1 -> 0,1,0,1,1,5.6350838,0 | 1,0->1,1
30,sample_backbone,11,1.2,moving_average,random_failure_fixed,0 -> 1 & 1 -> 0,2,3,0,1,4.1050261,3 | 1 | 0,3->1 | 1->0,1
30,sample_backbone,11,1.2,moving_average,random_failure_fixed,0 -> 1 & 1 -> 0,2,3,0,2,3.4790971,3 | 2 | 0,3->2 | 2->0,0
30,sample_backbone,11,1.2,moving_average,random_failure_fixed,0 -> 1 & 1 -> 0,3,1,0,1,3.8045362,1 | 0,1->0,1
30,sample_backbone,11,1.2,moving_average,random_failure_fixed,0 -> 1 & 1 -> 0,4,0,5,1,1.7185335,0 | 1 | 3 | 5,0->1 | 1->3 | 3->5,1
30,sample_backbone,11,1.2,moving_average,random_failure_fixed,0 -> 1 & 1 -> 0,4,0,5,2,0.6027914000000001,0 | 1 | 3 | 4 | 5,0->1 | 1->3 | 3->4 | 4->5,1
30,sample_backbone,11,1.2,moving_average,random_failure_fixed,0 -> 1 & 1 -> 0,4,0,5,3,5.3599235,0 | 2 | 3 | 4 | 5,0->2 | 2->3 | 3->4 | 4->5,0
30,sample_backbone,11,1.2,linear_autoregressive,critical_failure_fixed,2 -> 3 & 3 -> 2,1,3,2,1,6.7909765,3 | 2,3->2,1
30,sample_backbone,11,1.2,linear_autoregressive,critical_failure_fixed,2 -> 3 & 3 -> 2,2,2,3,1,5.7415679,2 | 3,2->3,1
30,sample_backbone,11,1.2,linear_autoregressive,critical_failure_fixed,2 -> 3 & 3 -> 2,3,0,5,1,1.1220913,0 | 1 | 3 | 5,0->1 | 1->3 | 3->5,0
30,sample_backbone,11,1.2,linear_autoregressive,critical_failure_fixed,2 -> 3 & 3 -> 2,3,0,5,2,0.8040314000000002,0 | 2 | 3 | 5,0->2 | 2->3 | 3->5,1
30,sample_backbone,11,1.2,linear_autoregressive,critical_failure_fixed,2 -> 3 & 3 -> 2,3,0,5,3,4.632802,0 | 2 | 3 | 4 | 5,0->2 | 2->3 | 3->4 | 4->5,1
30,sample_backbone,11,1.2,linear_autoregressive,critical_failure_fixed,2 -> 3 & 3 -> 2,4,3,1,1,5.014341,3 | 2 | 1,3->2 | 2->1,1
30,sample_backbone,11,1.2,linear_autoregressive,critical_failure_fixed,2 -> 3 & 3 -> 2,5,2,5,1,4.4236827,2 | 3 | 5,2->3 | 3->5,1
30,sample_backbone,11,1.2,linear_autoregressive,random_failure_fixed,0 -> 1 & 1 -> 0,1,0,1,1,4.9087571,0 | 1,0->1,1
30,sample_backbone,11,1.2,linear_autoregressive,random_failure_fixed,0 -> 1 & 1 -> 0,2,3,0,1,4.2464545,3 | 1 | 0,3->1 | 1->0,1
30,sample_backbone,11,1.2,linear_autoregressive,random_failure_fixed,0 -> 1 & 1 -> 0,2,3,0,2,1.8917118,3 | 2 | 0,3->2 | 2->0,0
30,sample_backbone,11,1.2,linear_autoregressive,random_failure_fixed,0 -> 1 & 1 -> 0,3,1,0,1,3.7715427,1 | 0,1->0,1
30,sample_backbone,11,1.2,linear_autoregressive,random_failure_fixed,0 -> 1 & 1 -> 0,4,0,5,1,1.1220913,0 | 1 | 3 | 5,0->1 | 1->3 | 3->5,1
30,sample_backbone,11,1.2,linear_autoregressive,random_failure_fixed,0 -> 1 & 1 -> 0,4,0,5,2,0.8040314000000002,0 | 2 | 3 | 5,0->2 | 2->3 | 3->5,0
30,sample_backbone,11,1.2,linear_autoregressive,random_failure_fixed,0 -> 1 & 1 -> 0,4,0,5,3,4.632802,0 | 2 | 3 | 4 | 5,0->2 | 2->3 | 3->4 | 4->5,0
30,sample_backbone,11,1.2,linear_autoregressive,random_failure_fixed,0 -> 1 & 1 -> 0,5,0,4,1,2.6353535,0 | 2 | 4,0->2 | 2->4,0
30,sample_backbone,11,1.2,linear_autoregressive,random_failure_fixed,0 -> 1 & 1 -> 0,5,0,4,2,1.0012524,0 | 1 | 2 | 4,0->1 | 1->2 | 2->4,1
30,sample_backbone,11,1.2,lstm,critical_failure_fixed,2 -> 3 & 3 -> 2,1,3,2,1,6.2529464,3 | 2,3->2,1
30,sample_backbone,11,1.2,lstm,critical_failure_fixed,2 -> 3 & 3 -> 2,2,2,3,1,5.607481,2 | 3,2->3,1
30,sample_backbone,11,1.2,lstm,critical_failure_fixed,2 -> 3 & 3 -> 2,3,2,5,1,5.0804558,2 | 3 | 5,2->3 | 3->5,1
30,sample_backbone,11,1.2,lstm,critical_failure_fixed,2 -> 3 & 3 -> 2,4,0,5,1,1.6588813,0 | 1 | 3 | 5,0->1 | 1->3 | 3->5,0
30,sample_backbone,11,1.2,lstm,critical_failure_fixed,2 -> 3 & 3 -> 2,4,0,5,2,0.12267699999999992,0 | 1 | 3 | 4 | 5,0->1 | 1->3 | 3->4 | 4->5,0
30,sample_backbone,11,1.2,lstm,critical_failure_fixed,2 -> 3 & 3 -> 2,4,0,5,3,4.2652728,0 | 2 | 3 | 4 | 5,0->2 | 2->3 | 3->4 | 4->5,1
30,sample_backbone,11,1.2,lstm,critical_failure_fixed,2 -> 3 & 3 -> 2,5,3,1,1,1.1860001,3 | 1,3->1,0
30,sample_backbone,11,1.2,lstm,critical_failure_fixed,2 -> 3 & 3 -> 2,5,3,1,2,3.3861453,3 | 2 | 1,3->2 | 2->1,1
30,sample_backbone,11,1.2,lstm,random_failure_fixed,0 -> 1 & 1 -> 0,1,0,1,1,4.5511518,0 | 1,0->1,1
30,sample_backbone,11,1.2,lstm,random_failure_fixed,0 -> 1 & 1 -> 0,2,3,0,1,3.6190127,3 | 1 | 0,3->1 | 1->0,1
30,sample_backbone,11,1.2,lstm,random_failure_fixed,0 -> 1 & 1 -> 0,2,3,0,2,2.0903517,3 | 2 | 0,3->2 | 2->0,0
30,sample_backbone,11,1.2,lstm,random_failure_fixed,0 -> 1 & 1 -> 0,3,1,0,1,2.8900235,1 | 0,1->0,1
30,sample_backbone,11,1.2,lstm,random_failure_fixed,0 -> 1 & 1 -> 0,4,0,5,1,1.6588813,0 | 1 | 3 | 5,0->1 | 1->3 | 3->5,1
30,sample_backbone,11,1.2,lstm,random_failure_fixed,0 -> 1 & 1 -> 0,4,0,5,2,0.12267699999999992,0 | 1 | 3 | 4 | 5,0->1 | 1->3 | 3->4 | 4->5,1
30,sample_backbone,11,1.2,lstm,random_failure_fixed,0 -> 1 & 1 -> 0,4,0,5,3,4.2652728,0 | 2 | 3 | 4 | 5,0->2 | 2->3 | 3->4 | 4->5,0
30,sample_backbone,11,1.2,lstm,random_failure_fixed,0 -> 1 & 1 -> 0,5,0,4,1,3.1051117,0 | 2 | 4,0->2 | 2->4,0
30,sample_backbone,11,1.2,lstm,random_failure_fixed,0 -> 1 & 1 -> 0,5,0,4,2,0.17660389,0 | 1 | 2 | 4,0->1 | 1->2 | 2->4,1
30,sample_backbone,11,1.2,uncertainty_aware_lstm_robust_lp,critical_failure_fixed,2 -> 3 & 3 -> 2,1,3,2,1,6.5101042,3 | 2,3->2,1
30,sample_backbone,11,1.2,uncertainty_aware_lstm_robust_lp,critical_failure_fixed,2 -> 3 & 3 -> 2,2,0,5,1,6.273932,0 | 2 | 3 | 5,0->2 | 2->3 | 3->5,1
30,sample_backbone,11,1.2,uncertainty_aware_lstm_robust_lp,critical_failure_fixed,2 -> 3 & 3 -> 2,3,2,3,1,5.8019371,2 | 3,2->3,1
30,sample_backbone,11,1.2,uncertainty_aware_lstm_robust_lp,critical_failure_fixed,2 -> 3 & 3 -> 2,4,2,4,1,5.2090034,2 | 3 | 4,2->3 | 3->4,1
30,sample_backbone,11,1.2,uncertainty_aware_lstm_robust_lp,critical_failure_fixed,2 -> 3 & 3 -> 2,5,5,0,1,3.0679675,5 | 3 | 2 | 0,5->3 | 3->2 | 2->0,1
30,sample_backbone,11,1.2,uncertainty_aware_lstm_robust_lp,critical_failure_fixed,2 -> 3 & 3 -> 2,5,5,0,2,1.5831765000000004,5 | 4 | 3 | 2 | 0,5->4 | 4->3 | 3->2 | 2->0,1
30,sample_backbone,11,1.2,uncertainty_aware_lstm_robust_lp,random_failure_fixed,0 -> 1 & 1 -> 0,1,0,1,1,4.7104101,0 | 1,0->1,1
30,sample_backbone,11,1.2,uncertainty_aware_lstm_robust_lp,random_failure_fixed,0 -> 1 & 1 -> 0,2,3,0,1,3.6809422,3 | 1 | 0,3->1 | 1->0,1
30,sample_backbone,11,1.2,uncertainty_aware_lstm_robust_lp,random_failure_fixed,0 -> 1 & 1 -> 0,2,3,0,2,2.2359851,3 | 2 | 0,3->2 | 2->0,0
30,sample_backbone,11,1.2,uncertainty_aware_lstm_robust_lp,random_failure_fixed,0 -> 1 & 1 -> 0,3,1,0,1,3.001687,1 | 0,1->0,1
30,sample_backbone,11,1.2,uncertainty_aware_lstm_robust_lp,random_failure_fixed,0 -> 1 & 1 -> 0,4,0,2,1,3.7677067,0 | 2,0->2,0
30,sample_backbone,11,1.2,uncertainty_aware_lstm_robust_lp,random_failure_fixed,0 -> 1 & 1 -> 0,4,0,2,2,1.2966129,0 | 1 | 2,0->1 | 1->2,1
30,sample_backbone,11,1.2,uncertainty_aware_lstm_robust_lp,random_failure_fixed,0 -> 1 & 1 -> 0,5,0,3,1,0.74650579,0 | 1 | 3,0->1 | 1->3,1
30,sample_backbone,11,1.2,uncertainty_aware_lstm_robust_lp,random_failure_fixed,0 -> 1 & 1 -> 0,5,0,3,2,2.7673206,0 | 2 | 3,0->2 | 2->3,0
31,sample_backbone,11,1.2,current_demand_lp,critical_failure_fixed,2 -> 3 & 3 -> 2,1,3,2,1,5.9248524,3 | 2,3->2,1
31,sample_backbone,11,1.2,current_demand_lp,critical_failure_fixed,2 -> 3 & 3 -> 2,2,2,3,1,4.9478408,2 | 3,2->3,1
31,sample_backbone,11,1.2,current_demand_lp,critical_failure_fixed,2 -> 3 & 3 -> 2,3,0,5,1,1.4878724,0 | 1 | 3 | 5,0->1 | 1->3 | 3->5,0
31,sample_backbone,11,1.2,current_demand_lp,critical_failure_fixed,2 -> 3 & 3 -> 2,3,0,5,2,0.7361366,0 | 2 | 3 | 5,0->2 | 2->3 | 3->5,1
31,sample_backbone,11,1.2,current_demand_lp,critical_failure_fixed,2 -> 3 & 3 -> 2,3,0,5,3,3.5882413,0 | 2 | 3 | 4 | 5,0->2 | 2->3 | 3->4 | 4->5,1
31,sample_backbone,11,1.2,current_demand_lp,critical_failure_fixed,2 -> 3 & 3 -> 2,4,3,1,1,3.9959926,3 | 2 | 1,3->2 | 2->1,1
31,sample_backbone,11,1.2,current_demand_lp,critical_failure_fixed,2 -> 3 & 3 -> 2,5,2,5,1,3.5918374,2 | 3 | 5,2->3 | 3->5,1
31,sample_backbone,11,1.2,current_demand_lp,random_failure_fixed,2 -> 3 & 3 -> 2,1,3,2,1,5.9248524,3 | 2,3->2,1
31,sample_backbone,11,1.2,current_demand_lp,random_failure_fixed,2 -> 3 & 3 -> 2,2,2,3,1,4.9478408,2 | 3,2->3,1
31,sample_backbone,11,1.2,current_demand_lp,random_failure_fixed,2 -> 3 & 3 -> 2,3,0,5,1,1.4878724,0 | 1 | 3 | 5,0->1 | 1->3 | 3->5,0
31,sample_backbone,11,1.2,current_demand_lp,random_failure_fixed,2 -> 3 & 3 -> 2,3,0,5,2,0.7361366,0 | 2 | 3 | 5,0->2 | 2->3 | 3->5,1
31,sample_backbone,11,1.2,current_demand_lp,random_failure_fixed,2 -> 3 & 3 -> 2,3,0,5,3,3.5882413,0 | 2 | 3 | 4 | 5,0->2 | 2->3 | 3->4 | 4->5,1
31,sample_backbone,11,1.2,current_demand_lp,random_failure_fixed,2 -> 3 & 3 -> 2,4,3,1,1,3.9959926,3 | 2 | 1,3->2 | 2->1,1
31,sample_backbone,11,1.2,current_demand_lp,random_failure_fixed,2 -> 3 & 3 -> 2,5,2,5,1,3.5918374,2 | 3 | 5,2->3 | 3->5,1
31,sample_backbone,11,1.2,robust_current_demand_lp,critical_failure_fixed,2 -> 3 & 3 -> 2,1,3,2,1,5.9248524,3 | 2,3->2,1
31,sample_backbone,11,1.2,robust_current_demand_lp,critical_failure_fixed,2 -> 3 & 3 -> 2,2,0,5,1,5.8122504,0 | 2 | 3 | 5,0->2 | 2->3 | 3->5,1
31,sample_backbone,11,1.2,robust_current_demand_lp,critical_failure_fixed,2 -> 3 & 3 -> 2,3,2,3,1,4.9478408,2 | 3,2->3,1
31,sample_backbone,11,1.2,robust_current_demand_lp,critical_failure_fixed,2 -> 3 & 3 -> 2,4,2,4,1,4.4929914,2 | 3 | 4,2->3 | 3->4,1
31,sample_backbone,11,1.2,robust_current_demand_lp,critical_failure_fixed,2 -> 3 & 3 -> 2,5,5,0,1,3.2710172,5 | 3 | 2 | 0,5->3 | 3->2 | 2->0,1
31,sample_backbone,11,1.2,robust_current_demand_lp,critical_failure_fixed,2 -> 3 & 3 -> 2,5,5,0,2,1.092765,5 | 4 | 3 | 2 | 0,5->4 | 4->3 | 3->2 | 2->0,1
31,sample_backbone,11,1.2,robust_current_demand_lp,random_failure_fixed,2 -> 3 & 3 -> 2,1,3,2,1,5.9248524,3 | 2,3->2,1
31,sample_backbone,11,1.2,robust_current_demand_lp,random_failure_fixed,2 -> 3 & 3 -> 2,2,0,5,1,5.8122504,0 | 2 | 3 | 5,0->2 | 2->3 | 3->5,1
31,sample_backbone,11,1.2,robust_current_demand_lp,random_failure_fixed,2 -> 3 & 3 -> 2,3,2,3,1,4.9478408,2 | 3,2->3,1
31,sample_backbone,11,1.2,robust_current_demand_lp,random_failure_fixed,2 -> 3 & 3 -> 2,4,2,4,1,4.4929914,2 | 3 | 4,2->3 | 3->4,1
31,sample_backbone,11,1.2,robust_current_demand_lp,random_failure_fixed,2 -> 3 & 3 -> 2,5,5,0,1,3.2710172,5 | 3 | 2 | 0,5->3 | 3->2 | 2->0,1
31,sample_backbone,11,1.2,robust_current_demand_lp,random_failure_fixed,2 -> 3 & 3 -> 2,5,5,0,2,1.092765,5 | 4 | 3 | 2 | 0,5->4 | 4->3 | 3->2 | 2->0,1
31,sample_backbone,11,1.2,moving_average,critical_failure_fixed,2 -> 3 & 3 -> 2,1,3,2,1,7.2738967,3 | 2,3->2,1
31,sample_backbone,11,1.2,moving_average,critical_failure_fixed,2 -> 3 & 3 -> 2,2,2,3,1,6.508638,2 | 3,2->3,1
31,sample_backbone,11,1.2,moving_average,critical_failure_fixed,2 -> 3 & 3 -> 2,3,0,5,1,1.5012522,0 | 1 | 3 | 5,0->1 | 1->3 | 3->5,0
31,sample_backbone,11,1.2,moving_average,critical_failure_fixed,2 -> 3 & 3 -> 2,3,0,5,2,0.4125377000000001,0 | 2 | 3 | 5,0->2 | 2->3 | 3->5,1
31,sample_backbone,11,1.2,moving_average,critical_failure_fixed,2 -> 3 & 3 -> 2,3,0,5,3,5.101693899999999,0 | 2 | 3 | 4 | 5,0->2 | 2->3 | 3->4 | 4->5,1
31,sample_backbone,11,1.2,moving_average,critical_failure_fixed,2 -> 3 & 3 -> 2,4,3,1,1,5.3352935,3 | 2 | 1,3->2 | 2->1,1
31,sample_backbone,11,1.2,moving_average,critical_failure_fixed,2 -> 3 & 3 -> 2,5,2,5,1,5.0906369,2 | 3 | 5,2->3 | 3->5,1
31,sample_backbone,11,1.2,moving_average,random_failure_fixed,2 -> 3 & 3 -> 2,1,3,2,1,7.2738967,3 | 2,3->2,1
31,sample_backbone,11,1.2,moving_average,random_failure_fixed,2 -> 3 & 3 -> 2,2,2,3,1,6.508638,2 | 3,2->3,1
31,sample_backbone,11,1.2,moving_average,random_failure_fixed,2 -> 3 & 3 -> 2,3,0,5,1,1.5012522,0 | 1 | 3 | 5,0->1 | 1->3 | 3->5,0
31,sample_backbone,11,1.2,moving_average,random_failure_fixed,2 -> 3 & 3 -> 2,3,0,5,2,0.4125377000000001,0 | 2 | 3 | 5,0->2 | 2->3 | 3->5,1
31,sample_backbone,11,1.2,moving_average,random_failure_fixed,2 -> 3 & 3 -> 2,3,0,5,3,5.101693899999999,0 | 2 | 3 | 4 | 5,0->2 | 2->3 | 3->4 | 4->5,1
31,sample_backbone,11,1.2,moving_average,random_failure_fixed,2 -> 3 & 3 -> 2,4,3,1,1,5.3352935,3 | 2 | 1,3->2 | 2->1,1
31,sample_backbone,11,1.2,moving_average,random_failure_fixed,2 -> 3 & 3 -> 2,5,2,5,1,5.0906369,2 | 3 | 5,2->3 | 3->5,1
31,sample_backbone,11,1.2,linear_autoregressive,critical_failure_fixed,2 -> 3 & 3 -> 2,1,3,2,1,5.872768,3 | 2,3->2,1
31,sample_backbone,11,1.2,linear_autoregressive,critical_failure_fixed,2 -> 3 & 3 -> 2,2,2,5,1,5.3321046,2 | 3 | 5,2->3 | 3->5,1
31,sample_backbone,11,1.2,linear_autoregressive,critical_failure_fixed,2 -> 3 & 3 -> 2,3,2,3,1,5.0808273,2 | 3,2->3,1
31,sample_backbone,11,1.2,linear_autoregressive,critical_failure_fixed,2 -> 3 & 3 -> 2,4,0,5,1,1.0918359,0 | 1 | 3 | 5,0->1 | 1->3 | 3->5,0
31,sample_backbone,11,1.2,linear_autoregressive,critical_failure_fixed,2 -> 3 & 3 -> 2,4,0,5,2,0.13311589999999995,0 | 2 | 3 | 5,0->2 | 2->3 | 3->5,1
31,sample_backbone,11,1.2,linear_autoregressive,critical_failure_fixed,2 -> 3 & 3 -> 2,4,0,5,3,4.5767174,0 | 2 | 3 | 4 | 5,0->2 | 2->3 | 3->4 | 4->5,1
31,sample_backbone,11,1.2,linear_autoregressive,critical_failure_fixed,2 -> 3 & 3 -> 2,5,3,0,1,2.3175995,3 | 1 | 0,3->1 | 1->0,0
31,sample_backbone,11,1.2,linear_autoregressive,critical_failure_fixed,2 -> 3 & 3 -> 2,5,3,0,2,3.3642732,3 | 2 | 0,3->2 | 2->0,1
31,sample_backbone,11,1.2,linear_autoregressive,random_failure_fixed,2 -> 3 & 3 -> 2,1,3,2,1,5.872768,3 | 2,3->2,1
31,sample_backbone,11,1.2,linear_autoregressive,random_failure_fixed,2 -> 3 & 3 -> 2,2,2,5,1,5.3321046,2 | 3 | 5,2->3 | 3->5,1
31,sample_backbone,11,1.2,linear_autoregressive,random_failure_fixed,2 -> 3 & 3 -> 2,3,2,3,1,5.0808273,2 | 3,2->3,1
31,sample_backbone,11,1.2,linear_autoregressive,random_failure_fixed,2 -> 3 & 3 -> 2,4,0,5,1,1.0918359,0 | 1 | 3 | 5,0->1 | 1->3 | 3->5,0
31,sample_backbone,11,1.2,linear_autoregressive,random_failure_fixed,2 -> 3 & 3 -> 2,4,0,5,2,0.13311589999999995,0 | 2 | 3 | 5,0->2 | 2->3 | 3->5,1
31,sample_backbone,11,1.2,linear_autoregressive,random_failure_fixed,2 -> 3 & 3 -> 2,4,0,5,3,4.5767174,0 | 2 | 3 | 4 | 5,0->2 | 2->3 | 3->4 | 4->5,1
31,sample_backbone,11,1.2,linear_autoregressive,random_failure_fixed,2 -> 3 & 3 -> 2,5,3,0,1,2.3175995,3 | 1 | 0,3->1 | 1->0,0
31,sample_backbone,11,1.2,linear_autoregressive,random_failure_fixed,2 -> 3 & 3 -> 2,5,3,0,2,3.3642732,3 | 2 | 0,3->2 | 2->0,1
31,sample_backbone,11,1.2,lstm,critical_failure_fixed,2 -> 3 & 3 -> 2,1,3,2,1,5.8555183,3 | 2,3->2,1
31,sample_backbone,11,1.2,lstm,critical_failure_fixed,2 -> 3 & 3 -> 2,2,2,3,1,5.1010833,2 | 3,2->3,1
31,sample_backbone,11,1.2,lstm,critical_failure_fixed,2 -> 3 & 3 -> 2,3,2,5,1,4.6495481,2 | 3 | 5,2->3 | 3->5,1
31,sample_backbone,11,1.2,lstm,critical_failure_fixed,2 -> 3 & 3 -> 2,4,0,5,1,1.6044293,0 | 1 | 3 | 5,0->1 | 1->3 | 3->5,0
31,sample_backbone,11,1.2,lstm,critical_failure_fixed,2 -> 3 & 3 -> 2,4,0,5,2,0.03842649999999992,0 | 1 | 3 | 4 | 5,0->1 | 1->3 | 3->4 | 4->5,0
31,sample_backbone,11,1.2,lstm,critical_failure_fixed,2 -> 3 & 3 -> 2,4,0,5,3,4.0369871,0 | 2 | 3 | 4 | 5,0->2 | 2->3 | 3->4 | 4->5,1
31,sample_backbone,11,1.2,lstm,critical_failure_fixed,2 -> 3 & 3 -> 2,5,0,3,1,2.9492402,0 | 2 | 3,0->2 | 2->3,1
31,sample_backbone,11,1.2,lstm,random_failure_fixed,2 -> 3 & 3 -> 2,1,3,2,1,5.8555183,3 | 2,3->2,1
31,sample_backbone,11,1.2,lstm,random_failure_fixed,2 -> 3 & 3 -> 2,2,2,3,1,5.1010833,2 | 3,2->3,1
31,sample_backbone,11,1.2,lstm,random_failure_fixed,2 -> 3 & 3 -> 2,3,2,5,1,4.6495481,2 | 3 | 5,2->3 | 3->5,1
31,sample_backbone,11,1.2,lstm,random_failure_fixed,2 -> 3 & 3 -> 2,4,0,5,1,1.6044293,0 | 1 | 3 | 5,0->1 | 1->3 | 3->5,0
31,sample_backbone,11,1.2,lstm,random_failure_fixed,2 -> 3 & 3 -> 2,4,0,5,2,0.03842649999999992,0 | 1 | 3 | 4 | 5,0->1 | 1->3 | 3->4 | 4->5,0
31,sample_backbone,11,1.2,lstm,random_failure_fixed,2 -> 3 & 3 -> 2,4,0,5,3,4.0369871,0 | 2 | 3 | 4 | 5,0->2 | 2->3 | 3->4 | 4->5,1
31,sample_backbone,11,1.2,lstm,random_failure_fixed,2 -> 3 & 3 -> 2,5,0,3,1,2.9492402,0 | 2 | 3,0->2 | 2->3,1
31,sample_backbone,11,1.2,uncertainty_aware_lstm_robust_lp,critical_failure_fixed,2 -> 3 & 3 -> 2,1,3,2,1,6.1126761,3 | 2,3->2,1
31,sample_backbone,11,1.2,uncertainty_aware_lstm_robust_lp,critical_failure_fixed,2 -> 3 & 3 -> 2,2,0,5,1,5.9069438,0 | 2 | 3 | 5,0->2 | 2->3 | 3->5,1
31,sample_backbone,11,1.2,uncertainty_aware_lstm_robust_lp,critical_failure_fixed,2 -> 3 & 3 -> 2,3,2,3,1,5.2955394,2 | 3,2->3,1
31,sample_backbone,11,1.2,uncertainty_aware_lstm_robust_lp,critical_failure_fixed,2 -> 3 & 3 -> 2,4,2,4,1,4.7609172,2 | 3 | 4,2->3 | 3->4,1
31,sample_backbone,11,1.2,uncertainty_aware_lstm_robust_lp,critical_failure_fixed,2 -> 3 & 3 -> 2,5,5,0,1,2.9909323,5 | 3 | 2 | 0,5->3 | 3->2 | 2->0,1
31,sample_backbone,11,1.2,uncertainty_aware_lstm_robust_lp,critical_failure_fixed,2 -> 3 & 3 -> 2,5,5,0,2,1.2748381000000002,5 | 4 | 3 | 2 | 0,5->4 | 4->3 | 3->2 | 2->0,1
31,sample_backbone,11,1.2,uncertainty_aware_lstm_robust_lp,random_failure_fixed,2 -> 3 & 3 -> 2,1,3,2,1,6.1126761,3 | 2,3->2,1
31,sample_backbone,11,1.2,uncertainty_aware_lstm_robust_lp,random_failure_fixed,2 -> 3 & 3 -> 2,2,0,5,1,5.9069438,0 | 2 | 3 | 5,0->2 | 2->3 | 3->5,1
31,sample_backbone,11,1.2,uncertainty_aware_lstm_robust_lp,random_failure_fixed,2 -> 3 & 3 -> 2,3,2,3,1,5.2955394,2 | 3,2->3,1
31,sample_backbone,11,1.2,uncertainty_aware_lstm_robust_lp,random_failure_fixed,2 -> 3 & 3 -> 2,4,2,4,1,4.7609172,2 | 3 | 4,2->3 | 3->4,1
31,sample_backbone,11,1.2,uncertainty_aware_lstm_robust_lp,random_failure_fixed,2 -> 3 & 3 -> 2,5,5,0,1,2.9909323,5 | 3 | 2 | 0,5->3 | 3->2 | 2->0,1
31,sample_backbone,11,1.2,uncertainty_aware_lstm_robust_lp,random_failure_fixed,2 -> 3 & 3 -> 2,5,5,0,2,1.2748381000000002,5 | 4 | 3 | 2 | 0,5->4 | 4->3 | 3->2 | 2->0,1
32,sample_backbone,11,1.2,current_demand_lp,critical_failure_fixed,2 -> 3 & 3 -> 2,1,3,2,1,4.5476394,3 | 2,3->2,1
32,sample_backbone,11,1.2,current_demand_lp,critical_failure_fixed,2 -> 3 & 3 -> 2,2,2,3,1,4.0083091,2 | 3,2->3,1
32,sample_backbone,11,1.2,current_demand_lp,critical_failure_fixed,2 -> 3 & 3 -> 2,3,0,5,1,1.0503185,0 | 1 | 3 | 5,0->1 | 1->3 | 3->5,0
32,sample_backbone,11,1.2,current_demand_lp,critical_failure_fixed,2 -> 3 & 3 -> 2,3,0,5,2,0.16005179999999997,0 | 2 | 3 | 5,0->2 | 2->3 | 3->5,1
32,sample_backbone,11,1.2,current_demand_lp,critical_failure_fixed,2 -> 3 & 3 -> 2,3,0,5,3,3.5572837,0 | 2 | 3 | 4 | 5,0->2 | 2->3 | 3->4 | 4->5,1
32,sample_backbone,11,1.2,current_demand_lp,critical_failure_fixed,2 -> 3 & 3 -> 2,4,2,5,1,3.4079137,2 | 3 | 5,2->3 | 3->5,1
32,sample_backbone,11,1.2,current_demand_lp,critical_failure_fixed,2 -> 3 & 3 -> 2,5,3,1,1,0.81064453,3 | 1,3->1,0
32,sample_backbone,11,1.2,current_demand_lp,critical_failure_fixed,2 -> 3 & 3 -> 2,5,3,1,2,2.6657797,3 | 2 | 1,3->2 | 2->1,1
32,sample_backbone,11,1.2,current_demand_lp,random_failure_fixed,3 -> 5 & 5 -> 3,1,5,3,1,4.4666136,5 | 3,5->3,1
32,sample_backbone,11,1.2,current_demand_lp,random_failure_fixed,3 -> 5 & 5 -> 3,2,3,5,1,3.5090594,3 | 5,3->5,1
32,sample_backbone,11,1.2,current_demand_lp,random_failure_fixed,3 -> 5 & 5 -> 3,3,1,5,1,3.4180274,1 | 3 | 5,1->3 | 3->5,1
32,sample_backbone,11,1.2,current_demand_lp,random_failure_fixed,3 -> 5 & 5 -> 3,4,2,5,1,3.4079137,2 | 3 | 5,2->3 | 3->5,1
32,sample_backbone,11,1.2,current_demand_lp,random_failure_fixed,3 -> 5 & 5 -> 3,5,5,1,1,2.680542,5 | 3 | 1,5->3 | 3->1,1
32,sample_backbone,11,1.2,robust_current_demand_lp,critical_failure_fixed,2 -> 3 & 3 -> 2,1,0,5,1,4.767654,0 | 2 | 3 | 5,0->2 | 2->3 | 3->5,1
32,sample_backbone,11,1.2,robust_current_demand_lp,critical_failure_fixed,2 -> 3 & 3 -> 2,2,2,4,1,4.5666372,2 | 3 | 4,2->3 | 3->4,1
32,sample_backbone,11,1.2,robust_current_demand_lp,critical_failure_fixed,2 -> 3 & 3 -> 2,3,3,2,1,4.5476394,3 | 2,3->2,1
32,sample_backbone,11,1.2,robust_current_demand_lp,critical_failure_fixed,2 -> 3 & 3 -> 2,4,2,3,1,4.0083091,2 | 3,2->3,1
32,sample_backbone,11,1.2,robust_current_demand_lp,critical_failure_fixed,2 -> 3 & 3 -> 2,5,5,0,1,1.8616009,5 | 3 | 2 | 0,5->3 | 3->2 | 2->0,1
32,sample_backbone,11,1.2,robust_current_demand_lp,critical_failure_fixed,2 -> 3 & 3 -> 2,5,5,0,2,1.6323785,5 | 4 | 3 | 2 | 0,5->4 | 4->3 | 3->2 | 2->0,1
32,sample_backbone,11,1.2,robust_current_demand_lp,random_failure_fixed,3 -> 5 & 5 -> 3,1,0,5,1,4.767654,0 | 2 | 3 | 5,0->2 | 2->3 | 3->5,1
32,sample_backbone,11,1.2,robust_current_demand_lp,random_failure_fixed,3 -> 5 & 5 -> 3,2,5,3,1,4.4666136,5 | 3,5->3,1
32,sample_backbone,11,1.2,robust_current_demand_lp,random_failure_fixed,3 -> 5 & 5 -> 3,3,3,5,1,3.5090594,3 | 5,3->5,1
32,sample_backbone,11,1.2,robust_current_demand_lp,random_failure_fixed,3 -> 5 & 5 -> 3,4,1,5,1,3.2686573,1 | 3 | 5,1->3 | 3->5,1
32,sample_backbone,11,1.2,robust_current_demand_lp,random_failure_fixed,3 -> 5 & 5 -> 3,4,1,5,2,0.14937004,1 | 3 | 4 | 5,1->3 | 3->4 | 4->5,0
32,sample_backbone,11,1.2,robust_current_demand_lp,random_failure_fixed,3 -> 5 & 5 -> 3,5,5,1,1,2.2642312,5 | 3 | 1,5->3 | 3->1,1
32,sample_backbone,11,1.2,robust_current_demand_lp,random_failure_fixed,3 -> 5 & 5 -> 3,5,5,1,2,0.41631079999999976,5 | 3 | 2 | 1,5->3 | 3->2 | 2->1,1
32,sample_backbone,11,1.2,moving_average,critical_failure_fixed,2 -> 3 & 3 -> 2,1,3,2,1,6.2591028,3 | 2,3->2,1
32,sample_backbone,11,1.2,moving_average,critical_failure_fixed,2 -> 3 & 3 -> 2,2,2,3,1,5.5805482,2 | 3,2->3,1
32,sample_backbone,11,1.2,moving_average,critical_failure_fixed,2 -> 3 & 3 -> 2,3,0,5,1,1.4391419,0 | 1 | 3 | 5,0->1 | 1->3 | 3->5,0
32,sample_backbone,11,1.2,moving_average,critical_failure_fixed,2 -> 3 & 3 -> 2,3,0,5,2,0.26948339999999993,0 | 2 | 3 | 5,0->2 | 2->3 | 3->5,1
32,sample_backbone,11,1.2,moving_average,critical_failure_fixed,2 -> 3 & 3 -> 2,3,0,5,3,4.435060099999999,0 | 2 | 3 | 4 | 5,0->2 | 2->3 | 3->4 | 4->5,1
32,sample_backbone,11,1.2,moving_average,critical_failure_fixed,2 -> 3 & 3 -> 2,4,2,5,1,4.4698519,2 | 3 | 5,2->3 | 3->5,1
32,sample_backbone,11,1.2,moving_average,critical_failure_fixed,2 -> 3 & 3 -> 2,5,3,1,1,0.38989512,3 | 1,3->1,0
32,sample_backbone,11,1.2,moving_average,critical_failure_fixed,2 -> 3 & 3 -> 2,5,3,1,2,4.2822746,3 | 2 | 1,3->2 | 2->1,1
32,sample_backbone,11,1.2,moving_average,random_failure_fixed,3 -> 5 & 5 -> 3,1,5,3,1,5.5469492,5 | 3,5->3,1
32,sample_backbone,11,1.2,moving_average,random_failure_fixed,3 -> 5 & 5 -> 3,2,2,5,1,4.4698519,2 | 3 | 5,2->3 | 3->5,1
32,sample_backbone,11,1.2,moving_average,random_failure_fixed,3 -> 5 & 5 -> 3,3,3,5,1,4.4644271,3 | 5,3->5,1
32,sample_backbone,11,1.2,moving_average,random_failure_fixed,3 -> 5 & 5 -> 3,4,1,5,1,4.4350606,1 | 3 | 5,1->3 | 3->5,1
32,sample_backbone,11,1.2,moving_average,random_failure_fixed,3 -> 5 & 5 -> 3,5,5,1,1,3.5914729,5 | 3 | 1,5->3 | 3->1,1
32,sample_backbone,11,1.2,linear_autoregressive,critical_failure_fixed,2 -> 3 & 3 -> 2,1,3,2,1,6.183789,3 | 2,3->2,1
32,sample_backbone,11,1.2,linear_autoregressive,critical_failure_fixed,2 -> 3 & 3 -> 2,2,2,5,1,5.7679116,2 | 3 | 5,2->3 | 3->5,1
32,sample_backbone,11,1.2,linear_autoregressive,critical_failure_fixed,2 -> 3 & 3 -> 2,3,2,3,1,4.9745075,2 | 3,2->3,1
32,sample_backbone,11,1.2,linear_autoregressive,critical_failure_fixed,2 -> 3 & 3 -> 2,4,5,0,1,4.4309896,5 | 3 | 2 | 0,5->3 | 3->2 | 2->0,1
32,sample_backbone,11,1.2,linear_autoregressive,critical_failure_fixed,2 -> 3 & 3 -> 2,5,0,5,1,1.5677373,0 | 1 | 3 | 5,0->1 | 1->3 | 3->5,0
32,sample_backbone,11,1.2,linear_autoregressive,critical_failure_fixed,2 -> 3 & 3 -> 2,5,0,5,2,0.06366380000000005,0 | 1 | 3 | 4 | 5,0->1 | 1->3 | 3->4 | 4->5,0
32,sample_backbone,11,1.2,linear_autoregressive,critical_failure_fixed,2 -> 3 & 3 -> 2,5,0,5,3,4.091610299999999,0 | 2 | 3 | 4 | 5,0->2 | 2->3 | 3->4 | 4->5,1
32,sample_backbone,11,1.2,linear_autoregressive,random_failure_fixed,3 -> 5 & 5 -> 3,1,2,5,1,5.7679116,2 | 3 | 5,2->3 | 3->5,1
32,sample_backbone,11,1.2,linear_autoregressive,random_failure_fixed,3 -> 5 & 5 -> 3,2,5,3,1,4.6940472,5 | 3,5->3,1
32,sample_backbone,11,1.2,linear_autoregressive,random_failure_fixed,3 -> 5 & 5 -> 3,3,5,0,1,4.4309896,5 | 3 | 2 | 0,5->3 | 3->2 | 2->0,1
32,sample_backbone,11,1.2,linear_autoregressive,random_failure_fixed,3 -> 5 & 5 -> 3,4,1,5,1,4.3827497,1 | 3 | 5,1->3 | 3->5,1
32,sample_backbone,11,1.2,linear_autoregressive,random_failure_fixed,3 -> 5 & 5 -> 3,5,3,5,1,3.9014341,3 | 5,3->5,1
32,sample_backbone,11,1.2,lstm,critical_failure_fixed,2 -> 3 & 3 -> 2,1,3,2,1,5.7392673,3 | 2,3->2,1
32,sample_backbone,11,1.2,lstm,critical_failure_fixed,2 -> 3 & 3 -> 2,2,2,3,1,4.9529591,2 | 3,2->3,1
32,sample_backbone,11,1.2,lstm,critical_failure_fixed,2 -> 3 & 3 -> 2,3,2,5,1,4.52351,2 | 3 | 5,2->3 | 3->5,1
32,sample_backbone,11,1.2,lstm,critical_failure_fixed,2 -> 3 & 3 -> 2,4,0,5,1,1.5884904,0 | 1 | 3 | 5,0->1 | 1->3 | 3->5,0
32,sample_backbone,11,1.2,lstm,critical_failure_fixed,2 -> 3 & 3 -> 2,4,0,5,2,0.01377739999999994,0 | 1 | 3 | 4 | 5,0->1 | 1->3 | 3->4 | 4->5,0
32,sample_backbone,11,1.2,lstm,critical_failure_fixed,2 -> 3 & 3 -> 2,4,0,5,3,3.9702181,0 | 2 | 3 | 4 | 5,0->2 | 2->3 | 3->4 | 4->5,1
32,sample_backbone,11,1.2,lstm,critical_failure_fixed,2 -> 3 & 3 -> 2,5,0,3,1,2.8380768,0 | 2 | 3,0->2 | 2->3,1
32,sample_backbone,11,1.2,lstm,random_failure_fixed,3 -> 5 & 5 -> 3,1,5,3,1,5.381021,5 | 3,5->3,1
32,sample_backbone,11,1.2,lstm,random_failure_fixed,3 -> 5 & 5 -> 3,2,2,5,1,4.52351,2 | 3 | 5,2->3 | 3->5,1
32,sample_backbone,11,1.2,lstm,random_failure_fixed,3 -> 5 & 5 -> 3,3,1,5,1,3.9172888,1 | 3 | 5,1->3 | 3->5,1
32,sample_backbone,11,1.2,lstm,random_failure_fixed,3 -> 5 & 5 -> 3,4,3,5,1,3.8230827,3 | 5,3->5,1
32,sample_backbone,11,1.2,lstm,random_failure_fixed,3 -> 5 & 5 -> 3,5,5,1,1,3.0528507,5 | 3 | 1,5->3 | 3->1,1
32,sample_backbone,11,1.2,uncertainty_aware_lstm_robust_lp,critical_failure_fixed,2 -> 3 & 3 -> 2,1,3,2,1,5.9964252,3 | 2,3->2,1
32,sample_backbone,11,1.2,uncertainty_aware_lstm_robust_lp,critical_failure_fixed,2 -> 3 & 3 -> 2,2,0,5,1,5.7995868,0 | 2 | 3 | 5,0->2 | 2->3 | 3->5,1
32,sample_backbone,11,1.2,uncertainty_aware_lstm_robust_lp,critical_failure_fixed,2 -> 3 & 3 -> 2,3,2,3,1,5.1474152,2 | 3,2->3,1
32,sample_backbone,11,1.2,uncertainty_aware_lstm_robust_lp,critical_failure_fixed,2 -> 3 & 3 -> 2,4,2,4,1,4.629859,2 | 3 | 4,2->3 | 3->4,1
32,sample_backbone,11,1.2,uncertainty_aware_lstm_robust_lp,critical_failure_fixed,2 -> 3 & 3 -> 2,5,5,0,1,2.9683673,5 | 3 | 2 | 0,5->3 | 3->2 | 2->0,1
32,sample_backbone,11,1.2,uncertainty_aware_lstm_robust_lp,critical_failure_fixed,2 -> 3 & 3 -> 2,5,5,0,2,1.1846903,5 | 4 | 3 | 2 | 0,5->4 | 4->3 | 3->2 | 2->0,1
32,sample_backbone,11,1.2,uncertainty_aware_lstm_robust_lp,random_failure_fixed,3 -> 5 & 5 -> 3,1,0,5,1,5.7995868,0 | 2 | 3 | 5,0->2 | 2->3 | 3->5,1
32,sample_backbone,11,1.2,uncertainty_aware_lstm_robust_lp,random_failure_fixed,3 -> 5 & 5 -> 3,2,5,3,1,5.604157,5 | 3,5->3,1
32,sample_backbone,11,1.2,uncertainty_aware_lstm_robust_lp,random_failure_fixed,3 -> 5 & 5 -> 3,3,1,5,1,4.061964,1 | 3 | 5,1->3 | 3->5,1
32,sample_backbone,11,1.2,uncertainty_aware_lstm_robust_lp,random_failure_fixed,3 -> 5 & 5 -> 3,4,3,5,1,3.9914403,3 | 5,3->5,1
32,sample_backbone,11,1.2,uncertainty_aware_lstm_robust_lp,random_failure_fixed,3 -> 5 & 5 -> 3,5,5,1,1,2.8044689,5 | 3 | 1,5->3 | 3->1,1
32,sample_backbone,11,1.2,uncertainty_aware_lstm_robust_lp,random_failure_fixed,3 -> 5 & 5 -> 3,5,5,1,2,0.39814179,5 | 3 | 2 | 1,5->3 | 3->2 | 2->1,1
33,sample_backbone,11,1.2,current_demand_lp,critical_failure_fixed,2 -> 3 & 3 -> 2,1,2,3,1,4.1806977,2 | 3,2->3,1
33,sample_backbone,11,1.2,current_demand_lp,critical_failure_fixed,2 -> 3 & 3 -> 2,2,3,2,1,4.1210828,3 | 2,3->2,1
33,sample_backbone,11,1.2,current_demand_lp,critical_failure_fixed,2 -> 3 & 3 -> 2,3,0,5,1,0.45307418,0 | 1 | 3 | 5,0->1 | 1->3 | 3->5,0
33,sample_backbone,11,1.2,current_demand_lp,critical_failure_fixed,2 -> 3 & 3 -> 2,3,0,5,2,0.7115665200000001,0 | 2 | 3 | 5,0->2 | 2->3 | 3->5,1
33,sample_backbone,11,1.2,current_demand_lp,critical_failure_fixed,2 -> 3 & 3 -> 2,3,0,5,3,2.8781482799999996,0 | 2 | 3 | 4 | 5,0->2 | 2->3 | 3->4 | 4->5,1
33,sample_backbone,11,1.2,current_demand_lp,critical_failure_fixed,2 -> 3 & 3 -> 2,4,3,1,1,3.4957838,3 | 2 | 1,3->2 | 2->1,1
33,sample_backbone,11,1.2,current_demand_lp,critical_failure_fixed,2 -> 3 & 3 -> 2,5,2,5,1,2.9739574,2 | 3 | 5,2->3 | 3->5,1
33,sample_backbone,11,1.2,current_demand_lp,random_failure_fixed,3 -> 5 & 5 -> 3,1,5,3,1,4.2255806,5 | 3,5->3,1
33,sample_backbone,11,1.2,current_demand_lp,random_failure_fixed,3 -> 5 & 5 -> 3,2,1,5,1,3.6952347,1 | 3 | 5,1->3 | 3->5,1
33,sample_backbone,11,1.2,current_demand_lp,random_failure_fixed,3 -> 5 & 5 -> 3,3,3,5,1,3.1726194,3 | 5,3->5,1
33,sample_backbone,11,1.2,current_demand_lp,random_failure_fixed,3 -> 5 & 5 -> 3,4,5,1,1,3.1353923,5 | 3 | 1,5->3 | 3->1,1
33,sample_backbone,11,1.2,current_demand_lp,random_failure_fixed,3 -> 5 & 5 -> 3,5,2,5,1,2.9739574,2 | 3 | 5,2->3 | 3->5,1
33,sample_backbone,11,1.2,robust_current_demand_lp,critical_failure_fixed,2 -> 3 & 3 -> 2,1,2,3,1,4.1806977,2 | 3,2->3,1
33,sample_backbone,11,1.2,robust_current_demand_lp,critical_failure_fixed,2 -> 3 & 3 -> 2,2,3,2,1,4.1210828,3 | 2,3->2,1
33,sample_backbone,11,1.2,robust_current_demand_lp,critical_failure_fixed,2 -> 3 & 3 -> 2,3,0,5,1,4.042789,0 | 2 | 3 | 5,0->2 | 2->3 | 3->5,1
33,sample_backbone,11,1.2,robust_current_demand_lp,critical_failure_fixed,2 -> 3 & 3 -> 2,4,2,4,1,3.6630396,2 | 3 | 4,2->3 | 3->4,1
33,sample_backbone,11,1.2,robust_current_demand_lp,critical_failure_fixed,2 -> 3 & 3 -> 2,5,5,0,1,1.5119064,5 | 3 | 2 | 0,5->3 | 3->2 | 2->0,1
33,sample_backbone,11,1.2,robust_current_demand_lp,critical_failure_fixed,2 -> 3 & 3 -> 2,5,5,0,2,1.9688805,5 | 4 | 3 | 2 | 0,5->4 | 4->3 | 3->2 | 2->0,1
33,sample_backbone,11,1.2,robust_current_demand_lp,random_failure_fixed,3 -> 5 & 5 -> 3,1,5,3,1,4.2255806,5 | 3,5->3,1
33,sample_backbone,11,1.2,robust_current_demand_lp,random_failure_fixed,3 -> 5 & 5 -> 3,2,0,5,1,4.042789,0 | 2 | 3 | 5,0->2 | 2->3 | 3->5,1
33,sample_backbone,11,1.2,robust_current_demand_lp,random_failure_fixed,3 -> 5 & 5 -> 3,3,1,5,1,3.6952347,1 | 3 | 5,1->3 | 3->5,1
33,sample_backbone,11,1.2,robust_current_demand_lp,random_failure_fixed,3 -> 5 & 5 -> 3,4,3,5,1,3.1726194,3 | 5,3->5,1
33,sample_backbone,11,1.2,robust_current_demand_lp,random_failure_fixed,3 -> 5 & 5 -> 3,5,5,1,1,1.2099176,5 | 3 | 1,5->3 | 3->1,1
33,sample_backbone,11,1.2,robust_current_demand_lp,random_failure_fixed,3 -> 5 & 5 -> 3,5,5,1,2,1.9254746999999999,5 | 3 | 2 | 1,5->3 | 3->2 | 2->1,1
33,sample_backbone,11,1.2,moving_average,critical_failure_fixed,2 -> 3 & 3 -> 2,1,3,2,1,5.3689949,3 | 2,3->2,1
33,sample_backbone,11,1.2,moving_average,critical_failure_fixed,2 -> 3 & 3 -> 2,2,2,3,1,4.841598,2 | 3,2->3,1
33,sample_backbone,11,1.2,moving_average,critical_failure_fixed,2 -> 3 & 3 -> 2,3,0,5,1,1.124706,0 | 1 | 3 | 5,0->1 | 1->3 | 3->5,0
33,sample_backbone,11,1.2,moving_average,critical_failure_fixed,2 -> 3 & 3 -> 2,3,0,5,2,0.31562200000000007,0 | 2 | 3 | 5,0->2 | 2->3 | 3->5,1
33,sample_backbone,11,1.2,moving_average,critical_failure_fixed,2 -> 3 & 3 -> 2,3,0,5,3,3.8518073999999993,0 | 2 | 3 | 4 | 5,0->2 | 2->3 | 3->4 | 4->5,1
33,sample_backbone,11,1.2,moving_average,critical_failure_fixed,2 -> 3 & 3 -> 2,4,3,1,1,4.0733914,3 | 2 | 1,3->2 | 2->1,1
33,sample_backbone,11,1.2,moving_average,critical_failure_fixed,2 -> 3 & 3 -> 2,5,2,5,1,3.8609522,2 | 3 | 5,2->3 | 3->5,1
33,sample_backbone,11,1.2,moving_average,random_failure_fixed,3 -> 5 & 5 -> 3,1,5,3,1,4.7952381,5 | 3,5->3,1
33,sample_backbone,11,1.2,moving_average,random_failure_fixed,3 -> 5 & 5 -> 3,2,1,5,1,3.9582135,1 | 3 | 5,1->3 | 3->5,1
33,sample_backbone,11,1.2,moving_average,random_failure_fixed,3 -> 5 & 5 -> 3,3,2,5,1,3.8609522,2 | 3 | 5,2->3 | 3->5,1
33,sample_backbone,11,1.2,moving_average,random_failure_fixed,3 -> 5 & 5 -> 3,4,3,5,1,3.8548415,3 | 5,3->5,1
33,sample_backbone,11,1.2,moving_average,random_failure_fixed,3 -> 5 & 5 -> 3,5,5,1,1,3.2211424,5 | 3 | 1,5->3 | 3->1,1
33,sample_backbone,11,1.2,linear_autoregressive,critical_failure_fixed,2 -> 3 & 3 -> 2,1,3,2,1,4.7701886,3 | 2,3->2,1
33,sample_backbone,11,1.2,linear_autoregressive,critical_failure_fixed,2 -> 3 & 3 -> 2,2,2,5,1,4.0252837,2 | 3 | 5,2->3 | 3->5,1
33,sample_backbone,11,1.2,linear_autoregressive,critical_failure_fixed,2 -> 3 & 3 -> 2,3,2,3,1,3.8752881,2 | 3,2->3,1
33,sample_backbone,11,1.2,linear_autoregressive,critical_failure_fixed,2 -> 3 & 3 -> 2,4,0,5,1,1.264371,0 | 1 | 3 | 5,0->1 | 1->3 | 3->5,0
33,sample_backbone,11,1.2,linear_autoregressive,critical_failure_fixed,2 -> 3 & 3 -> 2,4,0,5,2,0.09450370000000019,0 | 1 | 3 | 4 | 5,0->1 | 1->3 | 3->4 | 4->5,0
33,sample_backbone,11,1.2,linear_autoregressive,critical_failure_fixed,2 -> 3 & 3 -> 2,4,0,5,3,3.4489425999999996,0 | 2 | 3 | 4 | 5,0->2 | 2->3 | 3->4 | 4->5,1
33,sample_backbone,11,1.2,linear_autoregressive,critical_failure_fixed,2 -> 3 & 3 -> 2,5,5,2,1,2.8955506,5 | 3 | 2,5->3 | 3->2,1
33,sample_backbone,11,1.2,linear_autoregressive,random_failure_fixed,3 -> 5 & 5 -> 3,1,5,3,1,4.265189,5 | 3,5->3,1
33,sample_backbone,11,1.2,linear_autoregressive,random_failure_fixed,3 -> 5 & 5 -> 3,2,2,5,1,4.0252837,2 | 3 | 5,2->3 | 3->5,1
33,sample_backbone,11,1.2,linear_autoregressive,random_failure_fixed,3 -> 5 & 5 -> 3,3,1,5,1,3.2535385,1 | 3 | 5,1->3 | 3->5,1
33,sample_backbone,11,1.2,linear_autoregressive,random_failure_fixed,3 -> 5 & 5 -> 3,4,3,5,1,3.1995342,3 | 5,3->5,1
33,sample_backbone,11,1.2,linear_autoregressive,random_failure_fixed,3 -> 5 & 5 -> 3,5,5,2,1,2.8955506,5 | 3 | 2,5->3 | 3->2,1
33,sample_backbone,11,1.2,lstm,critical_failure_fixed,2 -> 3 & 3 -> 2,1,3,2,1,5.7310085,3 | 2,3->2,1
33,sample_backbone,11,1.2,lstm,critical_failure_fixed,2 -> 3 & 3 -> 2,2,2,3,1,4.9424367,2 | 3,2->3,1
33,sample_backbone,11,1.2,lstm,critical_failure_fixed,2 -> 3 & 3 -> 2,3,2,5,1,4.5145597,2 | 3 | 5,2->3 | 3->5,1
33,sample_backbone,11,1.2,lstm,critical_failure_fixed,2 -> 3 & 3 -> 2,4,0,5,1,1.587353,0 | 1 | 3 | 5,0->1 | 1->3 | 3->5,0
33,sample_backbone,11,1.2,lstm,critical_failure_fixed,2 -> 3 & 3 -> 2,4,0,5,2,0.012022399999999989,0 | 1 | 3 | 4 | 5,0->1 | 1->3 | 3->4 | 4->5,0
33,sample_backbone,11,1.2,lstm,critical_failure_fixed,2 -> 3 & 3 -> 2,4,0,5,3,3.9654778,0 | 2 | 3 | 4 | 5,0->2 | 2->3 | 3->4 | 4->5,1
33,sample_backbone,11,1.2,lstm,critical_failure_fixed,2 -> 3 & 3 -> 2,5,0,3,1,2.8301845,0 | 2 | 3,0->2 | 2->3,1
33,sample_backbone,11,1.2,lstm,random_failure_fixed,3 -> 5 & 5 -> 3,1,5,3,1,5.3721633,5 | 3,5->3,1
33,sample_backbone,11,1.2,lstm,random_failure_fixed,3 -> 5 & 5 -> 3,2,2,5,1,4.5145597,2 | 3 | 5,2->3 | 3->5,1
33,sample_backbone,11,1.2,lstm,random_failure_fixed,3 -> 5 & 5 -> 3,3,1,5,1,3.9087212,1 | 3 | 5,1->3 | 3->5,1
33,sample_backbone,11,1.2,lstm,random_failure_fixed,3 -> 5 & 5 -> 3,4,3,5,1,3.8140702,3 | 5,3->5,1
33,sample_backbone,11,1.2,lstm,random_failure_fixed,3 -> 5 & 5 -> 3,5,5,1,1,3.0438085,5 | 3 | 1,5->3 | 3->1,1
33,sample_backbone,11,1.2,uncertainty_aware_lstm_robust_lp,critical_failure_fixed,2 -> 3 & 3 -> 2,1,3,2,1,5.9881663,3 | 2,3->2,1
33,sample_backbone,11,1.2,uncertainty_aware_lstm_robust_lp,critical_failure_fixed,2 -> 3 & 3 -> 2,2,0,5,1,5.791954,0 | 2 | 3 | 5,0->2 | 2->3 | 3->5,1
33,sample_backbone,11,1.2,uncertainty_aware_lstm_robust_lp,critical_failure_fixed,2 -> 3 & 3 -> 2,3,2,3,1,5.1368928,2 | 3,2->3,1
33,sample_backbone,11,1.2,uncertainty_aware_lstm_robust_lp,critical_failure_fixed,2 -> 3 & 3 -> 2,4,2,4,1,4.6205525,2 | 3 | 4,2->3 | 3->4,1
33,sample_backbone,11,1.2,uncertainty_aware_lstm_robust_lp,critical_failure_fixed,2 -> 3 & 3 -> 2,5,5,0,1,2.9667481,5 | 3 | 2 | 0,5->3 | 3->2 | 2->0,1
33,sample_backbone,11,1.2,uncertainty_aware_lstm_robust_lp,critical_failure_fixed,2 -> 3 & 3 -> 2,5,5,0,2,1.1783085999999994,5 | 4 | 3 | 2 | 0,5->4 | 4->3 | 3->2 | 2->0,1
33,sample_backbone,11,1.2,uncertainty_aware_lstm_robust_lp,random_failure_fixed,3 -> 5 & 5 -> 3,1,0,5,1,5.791954,0 | 2 | 3 | 5,0->2 | 2->3 | 3->5,1
33,sample_backbone,11,1.2,uncertainty_aware_lstm_robust_lp,random_failure_fixed,3 -> 5 & 5 -> 3,2,5,3,1,5.5952992,5 | 3,5->3,1
33,sample_backbone,11,1.2,uncertainty_aware_lstm_robust_lp,random_failure_fixed,3 -> 5 & 5 -> 3,3,1,5,1,4.0533962,1 | 3 | 5,1->3 | 3->5,1
33,sample_backbone,11,1.2,uncertainty_aware_lstm_robust_lp,random_failure_fixed,3 -> 5 & 5 -> 3,4,3,5,1,3.9824278,3 | 5,3->5,1
33,sample_backbone,11,1.2,uncertainty_aware_lstm_robust_lp,random_failure_fixed,3 -> 5 & 5 -> 3,5,5,1,1,2.7988399,5 | 3 | 1,5->3 | 3->1,1
33,sample_backbone,11,1.2,uncertainty_aware_lstm_robust_lp,random_failure_fixed,3 -> 5 & 5 -> 3,5,5,1,2,0.39472856,5 | 3 | 2 | 1,5->3 | 3->2 | 2->1,1
34,sample_backbone,11,1.2,current_demand_lp,critical_failure_fixed,2 -> 3 & 3 -> 2,1,2,3,1,4.2346018,2 | 3,2->3,1
34,sample_backbone,11,1.2,current_demand_lp,critical_failure_fixed,2 -> 3 & 3 -> 2,2,3,2,1,4.1529619,3 | 2,3->2,1
34,sample_backbone,11,1.2,current_demand_lp,critical_failure_fixed,2 -> 3 & 3 -> 2,3,2,5,1,3.306204,2 | 3 | 5,2->3 | 3->5,1
34,sample_backbone,11,1.2,current_demand_lp,critical_failure_fixed,2 -> 3 & 3 -> 2,4,0,5,1,0.4794281,0 | 1 | 3 | 5,0->1 | 1->3 | 3->5,0
34,sample_backbone,11,1.2,current_demand_lp,critical_failure_fixed,2 -> 3 & 3 -> 2,4,0,5,2,0.5935523999999999,0 | 1 | 3 | 4 | 5,0->1 | 1->3 | 3->4 | 4->5,0
34,sample_backbone,11,1.2,current_demand_lp,critical_failure_fixed,2 -> 3 & 3 -> 2,4,0,5,3,3.2805548,0 | 2 | 3 | 4 | 5,0->2 | 2->3 | 3->4 | 4->5,1
34,sample_backbone,11,1.2,current_demand_lp,critical_failure_fixed,2 -> 3 & 3 -> 2,5,3,1,1,3.1771446,3 | 2 | 1,3->2 | 2->1,1
34,sample_backbone,11,1.2,current_demand_lp,random_failure_fixed,0 -> 1 & 1 -> 0,1,0,1,1,3.4453415,0 | 1,0->1,1
34,sample_backbone,11,1.2,current_demand_lp,random_failure_fixed,0 -> 1 & 1 -> 0,2,3,0,1,2.626754,3 | 1 | 0,3->1 | 1->0,1
34,sample_backbone,11,1.2,current_demand_lp,random_failure_fixed,0 -> 1 & 1 -> 0,2,3,0,2,1.3871917,3 | 2 | 0,3->2 | 2->0,0
34,sample_backbone,11,1.2,current_demand_lp,random_failure_fixed,0 -> 1 & 1 -> 0,3,1,0,1,2.1135056,1 | 0,1->0,1
34,sample_backbone,11,1.2,current_demand_lp,random_failure_fixed,0 -> 1 & 1 -> 0,4,0,5,1,0.4794281,0 | 1 | 3 | 5,0->1 | 1->3 | 3->5,1
34,sample_backbone,11,1.2,current_demand_lp,random_failure_fixed,0 -> 1 & 1 -> 0,4,0,5,2,0.5935523999999999,0 | 1 | 3 | 4 | 5,0->1 | 1->3 | 3->4 | 4->5,1
34,sample_backbone,11,1.2,current_demand_lp,random_failure_fixed,0 -> 1 & 1 -> 0,4,0,5,3,3.2805548,0 | 2 | 3 | 4 | 5,0->2 | 2->3 | 3->4 | 4->5,0
34,sample_backbone,11,1.2,current_demand_lp,random_failure_fixed,0 -> 1 & 1 -> 0,5,0,4,1,2.0264472,0 | 2 | 4,0->2 | 2->4,0
34,sample_backbone,11,1.2,current_demand_lp,random_failure_fixed,0 -> 1 & 1 -> 0,5,0,4,2,0.11426279,0 | 1 | 2 | 4,0->1 | 1->2 | 2->4,1
34,sample_backbone,11,1.2,robust_current_demand_lp,critical_failure_fixed,2 -> 3 & 3 -> 2,1,0,5,1,4.3535353,0 | 2 | 3 | 5,0->2 | 2->3 | 3->5,1
34,sample_backbone,11,1.2,robust_current_demand_lp,critical_failure_fixed,2 -> 3 & 3 -> 2,2,2,3,1,4.2346018,2 | 3,2->3,1
34,sample_backbone,11,1.2,robust_current_demand_lp,critical_failure_fixed,2 -> 3 & 3 -> 2,3,3,2,1,4.1529619,3 | 2,3->2,1
34,sample_backbone,11,1.2,robust_current_demand_lp,critical_failure_fixed,2 -> 3 & 3 -> 2,4,2,4,1,3.512727,2 | 3 | 4,2->3 | 3->4,1
34,sample_backbone,11,1.2,robust_current_demand_lp,critical_failure_fixed,2 -> 3 & 3 -> 2,5,5,0,1,1.4319592,5 | 3 | 2 | 0,5->3 | 3->2 | 2->0,1
34,sample_backbone,11,1.2,robust_current_demand_lp,critical_failure_fixed,2 -> 3 & 3 -> 2,5,5,0,2,1.5574901999999997,5 | 4 | 3 | 2 | 0,5->4 | 4->3 | 3->2 | 2->0,1
34,sample_backbone,11,1.2,robust_current_demand_lp,random_failure_fixed,0 -> 1 & 1 -> 0,1,0,1,1,3.4453415,0 | 1,0->1,1
34,sample_backbone,11,1.2,robust_current_demand_lp,random_failure_fixed,0 -> 1 & 1 -> 0,2,3,0,1,2.626754,3 | 1 | 0,3->1 | 1->0,1
34,sample_backbone,11,1.2,robust_current_demand_lp,random_failure_fixed,0 -> 1 & 1 -> 0,2,3,0,2,1.3871917,3 | 2 | 0,3->2 | 2->0,0
34,sample_backbone,11,1.2,robust_current_demand_lp,random_failure_fixed,0 -> 1 & 1 -> 0,3,1,0,1,2.1135056,1 | 0,1->0,1
34,sample_backbone,11,1.2,robust_current_demand_lp,random_failure_fixed,0 -> 1 & 1 -> 0,4,0,2,1,2.5116079,0 | 2,0->2,0
34,sample_backbone,11,1.2,robust_current_demand_lp,random_failure_fixed,0 -> 1 & 1 -> 0,4,0,2,2,0.8327384,0 | 1 | 2,0->1 | 1->2,1
34,sample_backbone,11,1.2,robust_current_demand_lp,random_failure_fixed,0 -> 1 & 1 -> 0,5,0,3,1,0.35450488,0 | 1 | 3,0->1 | 1->3,1
34,sample_backbone,11,1.2,robust_current_demand_lp,random_failure_fixed,0 -> 1 & 1 -> 0,5,0,3,2,1.8266852,0 | 2 | 3,0->2 | 2->3,0
34,sample_backbone,11,1.2,moving_average,critical_failure_fixed,2 -> 3 & 3 -> 2,1,3,2,1,4.6866341,3 | 2,3->2,1
34,sample_backbone,11,1.2,moving_average,critical_failure_fixed,2 -> 3 & 3 -> 2,2,2,3,1,4.3428623,2 | 3,2->3,1
34,sample_backbone,11,1.2,moving_average,critical_failure_fixed,2 -> 3 & 3 -> 2,3,0,5,1,0.94779631,0 | 1 | 3 | 5,0->1 | 1->3 | 3->5,0
34,sample_backbone,11,1.2,moving_average,critical_failure_fixed,2 -> 3 & 3 -> 2,3,0,5,2,0.22624459000000008,0 | 2 | 3 | 5,0->2 | 2->3 | 3->5,1
34,sample_backbone,11,1.2,moving_average,critical_failure_fixed,2 -> 3 & 3 -> 2,3,0,5,3,3.5700162,0 | 2 | 3 | 4 | 5,0->2 | 2->3 | 3->4 | 4->5,1
34,sample_backbone,11,1.2,moving_average,critical_failure_fixed,2 -> 3 & 3 -> 2,4,3,1,1,3.5363363,3 | 2 | 1,3->2 | 2->1,1
34,sample_backbone,11,1.2,moving_average,critical_failure_fixed,2 -> 3 & 3 -> 2,5,2,5,1,3.3199781,2 | 3 | 5,2->3 | 3->5,1
34,sample_backbone,11,1.2,moving_average,random_failure_fixed,0 -> 1 & 1 -> 0,1,0,1,1,3.5019463,0 | 1,0->1,1
34,sample_backbone,11,1.2,moving_average,random_failure_fixed,0 -> 1 & 1 -> 0,2,3,0,1,3.2956028,3 | 1 | 0,3->1 | 1->0,1
34,sample_backbone,11,1.2,moving_average,random_failure_fixed,0 -> 1 & 1 -> 0,2,3,0,2,1.0648004,3 | 2 | 0,3->2 | 2->0,0
34,sample_backbone,11,1.2,moving_average,random_failure_fixed,0 -> 1 & 1 -> 0,3,1,0,1,2.1623147,1 | 0,1->0,1
34,sample_backbone,11,1.2,moving_average,random_failure_fixed,0 -> 1 & 1 -> 0,4,0,5,1,0.94779631,0 | 1 | 3 | 5,0->1 | 1->3 | 3->5,1
34,sample_backbone,11,1.2,moving_average,random_failure_fixed,0 -> 1 & 1 -> 0,4,0,5,2,0.22624459000000008,0 | 2 | 3 | 5,0->2 | 2->3 | 3->5,0
34,sample_backbone,11,1.2,moving_average,random_failure_fixed,0 -> 1 & 1 -> 0,4,0,5,3,3.5700162,0 | 2 | 3 | 4 | 5,0->2 | 2->3 | 3->4 | 4->5,0
34,sample_backbone,11,1.2,moving_average,random_failure_fixed,0 -> 1 & 1 -> 0,5,0,4,1,1.9816924,0 | 2 | 4,0->2 | 2->4,0
34,sample_backbone,11,1.2,moving_average,random_failure_fixed,0 -> 1 & 1 -> 0,5,0,4,2,0.4114619999999998,0 | 1 | 2 | 4,0->1 | 1->2 | 2->4,1
34,sample_backbone,11,1.2,linear_autoregressive,critical_failure_fixed,2 -> 3 & 3 -> 2,1,2,3,1,3.3314152,2 | 3,2->3,1
34,sample_backbone,11,1.2,linear_autoregressive,critical_failure_fixed,2 -> 3 & 3 -> 2,2,3,2,1,3.2222865,3 | 2,3->2,1
34,sample_backbone,11,1.2,linear_autoregressive,critical_failure_fixed,2 -> 3 & 3 -> 2,3,0,5,1,0.55472831,0 | 1 | 3 | 5,0->1 | 1->3 | 3->5,0
34,sample_backbone,11,1.2,linear_autoregressive,critical_failure_fixed,2 -> 3 & 3 -> 2,3,0,5,2,0.5298623899999999,0 | 1 | 3 | 4 | 5,0->1 | 1->3 | 3->4 | 4->5,0
34,sample_backbone,11,1.2,linear_autoregressive,critical_failure_fixed,2 -> 3 & 3 -> 2,3,0,5,3,2.6735366,0 | 2 | 3 | 4 | 5,0->2 | 2->3 | 3->4 | 4->5,1
34,sample_backbone,11,1.2,linear_autoregressive,critical_failure_fixed,2 -> 3 & 3 -> 2,4,2,5,1,2.6382598,2 | 3 | 5,2->3 | 3->5,1
34,sample_backbone,11,1.2,linear_autoregressive,critical_failure_fixed,2 -> 3 & 3 -> 2,5,3,1,1,2.3204249,3 | 2 | 1,3->2 | 2->1,1
34,sample_backbone,11,1.2,linear_autoregressive,random_failure_fixed,0 -> 1 & 1 -> 0,1,0,1,1,2.8341353,0 | 1,0->1,1
34,sample_backbone,11,1.2,linear_autoregressive,random_failure_fixed,0 -> 1 & 1 -> 0,2,1,0,1,1.7843023,1 | 0,1->0,1
34,sample_backbone,11,1.2,linear_autoregressive,random_failure_fixed,0 -> 1 & 1 -> 0,3,3,0,1,1.5017768,3 | 1 | 0,3->1 | 1->0,1
34,sample_backbone,11,1.2,linear_autoregressive,random_failure_fixed,0 -> 1 & 1 -> 0,3,3,0,2,1.3920335,3 | 2 | 0,3->2 | 2->0,0
34,sample_backbone,11,1.2,linear_autoregressive,random_failure_fixed,0 -> 1 & 1 -> 0,4,0,5,1,0.55472831,0 | 1 | 3 | 5,0->1 | 1->3 | 3->5,1
34,sample_backbone,11,1.2,linear_autoregressive,random_failure_fixed,0 -> 1 & 1 -> 0,4,0,5,2,0.5298623899999999,0 | 1 | 3 | 4 | 5,0->1 | 1->3 | 3->4 | 4->5,1
34,sample_backbone,11,1.2,linear_autoregressive,random_failure_fixed,0 -> 1 & 1 -> 0,4,0,5,3,2.6735366,0 | 2 | 3 | 4 | 5,0->2 | 2->3 | 3->4 | 4->5,0
34,sample_backbone,11,1.2,linear_autoregressive,random_failure_fixed,0 -> 1 & 1 -> 0,5,0,4,1,1.5952131,0 | 2 | 4,0->2 | 2->4,0
34,sample_backbone,11,1.2,linear_autoregressive,random_failure_fixed,0 -> 1 & 1 -> 0,5,0,4,2,0.02799409999999991,0 | 1 | 2 | 4,0->1 | 1->2 | 2->4,1
34,sample_backbone,11,1.2,lstm,critical_failure_fixed,2 -> 3 & 3 -> 2,1,3,2,1,5.7303772,3 | 2,3->2,1
34,sample_backbone,11,1.2,lstm,critical_failure_fixed,2 -> 3 & 3 -> 2,2,2,3,1,4.9416318,2 | 3,2->3,1
34,sample_backbone,11,1.2,lstm,critical_failure_fixed,2 -> 3 & 3 -> 2,3,2,5,1,4.5138745,2 | 3 | 5,2->3 | 3->5,1
34,sample_backbone,11,1.2,lstm,critical_failure_fixed,2 -> 3 & 3 -> 2,4,0,5,1,1.5872703,0 | 1 | 3 | 5,0->1 | 1->3 | 3->5,0
34,sample_backbone,11,1.2,lstm,critical_failure_fixed,2 -> 3 & 3 -> 2,4,0,5,2,0.011893700000000118,0 | 1 | 3 | 4 | 5,0->1 | 1->3 | 3->4 | 4->5,0
34,sample_backbone,11,1.2,lstm,critical_failure_fixed,2 -> 3 & 3 -> 2,4,0,5,3,3.9651113,0 | 2 | 3 | 4 | 5,0->2 | 2->3 | 3->4 | 4->5,1
34,sample_backbone,11,1.2,lstm,critical_failure_fixed,2 -> 3 & 3 -> 2,5,0,3,1,2.8295829,0 | 2 | 3,0->2 | 2->3,1
34,sample_backbone,11,1.2,lstm,random_failure_fixed,0 -> 1 & 1 -> 0,1,0,1,1,4.05861,0 | 1,0->1,1
34,sample_backbone,11,1.2,lstm,random_failure_fixed,0 -> 1 & 1 -> 0,2,3,0,1,3.2483094,3 | 1 | 0,3->1 | 1->0,1
34,sample_backbone,11,1.2,lstm,random_failure_fixed,0 -> 1 & 1 -> 0,2,3,0,2,1.9890258,3 | 2 | 0,3->2 | 2->0,0
34,sample_backbone,11,1.2,lstm,random_failure_fixed,0 -> 1 & 1 -> 0,3,1,0,1,2.3898771,1 | 0,1->0,1
34,sample_backbone,11,1.2,lstm,random_failure_fixed,0 -> 1 & 1 -> 0,4,0,5,1,1.5872703,0 | 1 | 3 | 5,0->1 | 1->3 | 3->5,1
34,sample_backbone,11,1.2,lstm,random_failure_fixed,0 -> 1 & 1 -> 0,4,0,5,2,0.011893700000000118,0 | 1 | 3 | 4 | 5,0->1 | 1->3 | 3->4 | 4->5,1
34,sample_backbone,11,1.2,lstm,random_failure_fixed,0 -> 1 & 1 -> 0,4,0,5,3,3.9651113,0 | 2 | 3 | 4 | 5,0->2 | 2->3 | 3->4 | 4->5,0
34,sample_backbone,11,1.2,lstm,random_failure_fixed,0 -> 1 & 1 -> 0,5,0,4,1,2.6205969,0 | 2 | 4,0->2 | 2->4,0
34,sample_backbone,11,1.2,lstm,random_failure_fixed,0 -> 1 & 1 -> 0,5,0,4,2,0.24446270000000014,0 | 1 | 2 | 4,0->1 | 1->2 | 2->4,1
34,sample_backbone,11,1.2,uncertainty_aware_lstm_robust_lp,critical_failure_fixed,2 -> 3 & 3 -> 2,1,3,2,1,5.987535,3 | 2,3->2,1
34,sample_backbone,11,1.2,uncertainty_aware_lstm_robust_lp,critical_failure_fixed,2 -> 3 & 3 -> 2,2,0,5,1,5.7913761,0 | 2 | 3 | 5,0->2 | 2->3 | 3->5,1
34,sample_backbone,11,1.2,uncertainty_aware_lstm_robust_lp,critical_failure_fixed,2 -> 3 & 3 -> 2,3,2,3,1,5.1360879,2 | 3,2->3,1
34,sample_backbone,11,1.2,uncertainty_aware_lstm_robust_lp,critical_failure_fixed,2 -> 3 & 3 -> 2,4,2,4,1,4.619843,2 | 3 | 4,2->3 | 3->4,1
34,sample_backbone,11,1.2,uncertainty_aware_lstm_robust_lp,critical_failure_fixed,2 -> 3 & 3 -> 2,5,5,0,1,2.9666403,5 | 3 | 2 | 0,5->3 | 3->2 | 2->0,1
34,sample_backbone,11,1.2,uncertainty_aware_lstm_robust_lp,critical_failure_fixed,2 -> 3 & 3 -> 2,5,5,0,2,1.1777994,5 | 4 | 3 | 2 | 0,5->4 | 4->3 | 3->2 | 2->0,1
34,sample_backbone,11,1.2,uncertainty_aware_lstm_robust_lp,random_failure_fixed,0 -> 1 & 1 -> 0,1,0,1,1,4.2178683,0 | 1,0->1,1
34,sample_backbone,11,1.2,uncertainty_aware_lstm_robust_lp,random_failure_fixed,0 -> 1 & 1 -> 0,2,3,0,1,3.3102387,3 | 1 | 0,3->1 | 1->0,1
34,sample_backbone,11,1.2,uncertainty_aware_lstm_robust_lp,random_failure_fixed,0 -> 1 & 1 -> 0,2,3,0,2,2.1346594,3 | 2 | 0,3->2 | 2->0,0
34,sample_backbone,11,1.2,uncertainty_aware_lstm_robust_lp,random_failure_fixed,0 -> 1 & 1 -> 0,3,1,0,1,2.5015407,1 | 0,1->0,1
34,sample_backbone,11,1.2,uncertainty_aware_lstm_robust_lp,random_failure_fixed,0 -> 1 & 1 -> 0,4,0,2,1,3.274075,0 | 2,0->2,0
34,sample_backbone,11,1.2,uncertainty_aware_lstm_robust_lp,random_failure_fixed,0 -> 1 & 1 -> 0,4,0,2,2,1.32339,0 | 1 | 2,0->1 | 1->2,1
34,sample_backbone,11,1.2,uncertainty_aware_lstm_robust_lp,random_failure_fixed,0 -> 1 & 1 -> 0,5,0,3,1,0.60519328,0 | 1 | 3,0->1 | 1->3,1
34,sample_backbone,11,1.2,uncertainty_aware_lstm_robust_lp,random_failure_fixed,0 -> 1 & 1 -> 0,5,0,3,2,2.4089097,0 | 2 | 3,0->2 | 2->3,0
