time_step,topology,seed,load_scale,method,scenario,failed_link,commodity_rank,source,destination,disrupted_amount,demand_value,commodity_disruption_ratio
22,nsfnet,11,1.0,moving_average,critical_failure_fixed,"NCSA, University of Illinois, Champaign -> Merit Univ of Michigan, Ann Arbor & Merit Univ of Michigan, Ann Arbor -> NCSA, University of Illinois, Champaign",1,Pittsburgh Supercomputer Center,"MIDnet, Lincoln, NE",4.8114881,4.811488070458845,1.000000006139713
22,nsfnet,11,1.0,moving_average,critical_failure_fixed,"NCSA, University of Illinois, Champaign -> Merit Univ of Michigan, Ann Arbor & Merit Univ of Michigan, Ann Arbor -> NCSA, University of Illinois, Champaign",2,"MIDnet, Lincoln, NE","Cornell Theory Center, Ithaca NY",4.8106953,4.810695314480935,0.9999999969898458
22,nsfnet,11,1.0,moving_average,critical_failure_fixed,"NCSA, University of Illinois, Champaign -> Merit Univ of Michigan, Ann Arbor & Merit Univ of Michigan, Ann Arbor -> NCSA, University of Illinois, Champaign",3,"Merit Univ of Michigan, Ann Arbor","NCSA, University of Illinois, Champaign",4.7606748,4.760674816979997,0.9999999964332794
22,nsfnet,11,1.0,moving_average,critical_failure_fixed,"NCSA, University of Illinois, Champaign -> Merit Univ of Michigan, Ann Arbor & Merit Univ of Michigan, Ann Arbor -> NCSA, University of Illinois, Champaign",4,"SURANET, Georgia Tech, Atlanta","Merit Univ of Michigan, Ann Arbor",4.4413439,4.44134392726649,0.9999999938607568
22,nsfnet,11,1.0,moving_average,critical_failure_fixed,"NCSA, University of Illinois, Champaign -> Merit Univ of Michigan, Ann Arbor & Merit Univ of Michigan, Ann Arbor -> NCSA, University of Illinois, Champaign",5,San Diego Supercomputer Center,"Merit Univ of Michigan, Ann Arbor",4.2723736,4.352504956068677,0.9815896002698513
22,nsfnet,11,1.0,moving_average,random_failure_fixed,"Westnet, Salt Lake City -> NCAR, Boulder & NCAR, Boulder -> Westnet, Salt Lake City",1,"Westnet, Salt Lake City","Cornell Theory Center, Ithaca NY",5.0709166,5.070916572481373,1.0000000054267562
22,nsfnet,11,1.0,moving_average,random_failure_fixed,"Westnet, Salt Lake City -> NCAR, Boulder & NCAR, Boulder -> Westnet, Salt Lake City",2,"SEQSUINET, Rice University, Houston","Westnet, Salt Lake City",4.5632459,4.56324594933549,0.9999999891885095
22,nsfnet,11,1.0,moving_average,random_failure_fixed,"Westnet, Salt Lake City -> NCAR, Boulder & NCAR, Boulder -> Westnet, Salt Lake City",3,"Westnet, Salt Lake City","NCAR, Boulder",4.3391161,4.339116054113896,1.0000000105749889
22,nsfnet,11,1.0,moving_average,random_failure_fixed,"Westnet, Salt Lake City -> NCAR, Boulder & NCAR, Boulder -> Westnet, Salt Lake City",4,"BARRnet, Palo Alto","Westnet, Salt Lake City",4.2380061,4.238006061377269,1.0000000091134205
22,nsfnet,11,1.0,moving_average,random_failure_fixed,"Westnet, Salt Lake City -> NCAR, Boulder & NCAR, Boulder -> Westnet, Salt Lake City",5,"Westnet, Salt Lake City","SEQSUINET, Rice University, Houston",4.1972291,4.197229077545632,1.0000000053498077
22,nsfnet,11,1.0,linear_autoregressive,critical_failure_fixed,"NCSA, University of Illinois, Champaign -> Merit Univ of Michigan, Ann Arbor & Merit Univ of Michigan, Ann Arbor -> NCSA, University of Illinois, Champaign",1,Pittsburgh Supercomputer Center,"MIDnet, Lincoln, NE",4.9847539,4.984753923674394,0.9999999952506394
22,nsfnet,11,1.0,linear_autoregressive,critical_failure_fixed,"NCSA, University of Illinois, Champaign -> Merit Univ of Michigan, Ann Arbor & Merit Univ of Michigan, Ann Arbor -> NCSA, University of Illinois, Champaign",2,"MIDnet, Lincoln, NE","Cornell Theory Center, Ithaca NY",4.9423334,4.942333433020551,0.9999999933188338
22,nsfnet,11,1.0,linear_autoregressive,critical_failure_fixed,"NCSA, University of Illinois, Champaign -> Merit Univ of Michigan, Ann Arbor & Merit Univ of Michigan, Ann Arbor -> NCSA, University of Illinois, Champaign",3,"Merit Univ of Michigan, Ann Arbor","NCSA, University of Illinois, Champaign",4.9267892,4.926789163814002,1.0000000073447426
22,nsfnet,11,1.0,linear_autoregressive,critical_failure_fixed,"NCSA, University of Illinois, Champaign -> Merit Univ of Michigan, Ann Arbor & Merit Univ of Michigan, Ann Arbor -> NCSA, University of Illinois, Champaign",4,"SURANET, Georgia Tech, Atlanta","Merit Univ of Michigan, Ann Arbor",4.7125562,4.712556243969009,0.9999999906698177
22,nsfnet,11,1.0,linear_autoregressive,critical_failure_fixed,"NCSA, University of Illinois, Champaign -> Merit Univ of Michigan, Ann Arbor & Merit Univ of Michigan, Ann Arbor -> NCSA, University of Illinois, Champaign",5,"NCSA, University of Illinois, Champaign",Pittsburgh Supercomputer Center,4.43298,4.4329799886727015,1.0000000025552334
22,nsfnet,11,1.0,linear_autoregressive,random_failure_fixed,"Westnet, Salt Lake City -> NCAR, Boulder & NCAR, Boulder -> Westnet, Salt Lake City",1,"Westnet, Salt Lake City","Cornell Theory Center, Ithaca NY",5.1820107,5.1820107351358455,0.9999999932196503
22,nsfnet,11,1.0,linear_autoregressive,random_failure_fixed,"Westnet, Salt Lake City -> NCAR, Boulder & NCAR, Boulder -> Westnet, Salt Lake City",2,"SEQSUINET, Rice University, Houston","Westnet, Salt Lake City",4.886667,4.886666952075624,1.0000000098071706
22,nsfnet,11,1.0,linear_autoregressive,random_failure_fixed,"Westnet, Salt Lake City -> NCAR, Boulder & NCAR, Boulder -> Westnet, Salt Lake City",3,"Westnet, Salt Lake City","NCAR, Boulder",4.7325159,4.732515926748888,0.9999999943478505
22,nsfnet,11,1.0,linear_autoregressive,random_failure_fixed,"Westnet, Salt Lake City -> NCAR, Boulder & NCAR, Boulder -> Westnet, Salt Lake City",4,"MIDnet, Lincoln, NE","Westnet, Salt Lake City",4.5241646,4.524164601234641,0.9999999997271009
22,nsfnet,11,1.0,linear_autoregressive,random_failure_fixed,"Westnet, Salt Lake City -> NCAR, Boulder & NCAR, Boulder -> Westnet, Salt Lake City",5,"Westnet, Salt Lake City","SEQSUINET, Rice University, Houston",4.5012442,4.501244241937721,0.9999999906830825
22,nsfnet,11,1.0,lstm,critical_failure_fixed,"NCSA, University of Illinois, Champaign -> Merit Univ of Michigan, Ann Arbor & Merit Univ of Michigan, Ann Arbor -> NCSA, University of Illinois, Champaign",1,"MIDnet, Lincoln, NE","Cornell Theory Center, Ithaca NY",5.3441658,5.344165802001953,0.9999999996253947
22,nsfnet,11,1.0,lstm,critical_failure_fixed,"NCSA, University of Illinois, Champaign -> Merit Univ of Michigan, Ann Arbor & Merit Univ of Michigan, Ann Arbor -> NCSA, University of Illinois, Champaign",2,"Merit Univ of Michigan, Ann Arbor","NCSA, University of Illinois, Champaign",5.3239465,5.323946475982666,1.0000000045111899
22,nsfnet,11,1.0,lstm,critical_failure_fixed,"NCSA, University of Illinois, Champaign -> Merit Univ of Michigan, Ann Arbor & Merit Univ of Michigan, Ann Arbor -> NCSA, University of Illinois, Champaign",3,Pittsburgh Supercomputer Center,"MIDnet, Lincoln, NE",5.3098097,5.309809684753418,1.000000002871399
22,nsfnet,11,1.0,lstm,critical_failure_fixed,"NCSA, University of Illinois, Champaign -> Merit Univ of Michigan, Ann Arbor & Merit Univ of Michigan, Ann Arbor -> NCSA, University of Illinois, Champaign",4,"SURANET, Georgia Tech, Atlanta","Merit Univ of Michigan, Ann Arbor",5.0678587,5.067858695983887,1.0000000007924676
22,nsfnet,11,1.0,lstm,critical_failure_fixed,"NCSA, University of Illinois, Champaign -> Merit Univ of Michigan, Ann Arbor & Merit Univ of Michigan, Ann Arbor -> NCSA, University of Illinois, Champaign",5,San Diego Supercomputer Center,"Merit Univ of Michigan, Ann Arbor",4.9937043,4.993704319000244,0.9999999961951603
22,nsfnet,11,1.0,lstm,random_failure_fixed,"Westnet, Salt Lake City -> NCAR, Boulder & NCAR, Boulder -> Westnet, Salt Lake City",1,"Westnet, Salt Lake City","Cornell Theory Center, Ithaca NY",5.4916019,5.491601943969727,0.9999999919932786
22,nsfnet,11,1.0,lstm,random_failure_fixed,"Westnet, Salt Lake City -> NCAR, Boulder & NCAR, Boulder -> Westnet, Salt Lake City",2,"SEQSUINET, Rice University, Houston","Westnet, Salt Lake City",5.0695314,5.069531440734863,0.9999999919647675
22,nsfnet,11,1.0,lstm,random_failure_fixed,"Westnet, Salt Lake City -> NCAR, Boulder & NCAR, Boulder -> Westnet, Salt Lake City",3,"Westnet, Salt Lake City","NCAR, Boulder",4.9360609,4.936060905456543,0.9999999988945553
22,nsfnet,11,1.0,lstm,random_failure_fixed,"Westnet, Salt Lake City -> NCAR, Boulder & NCAR, Boulder -> Westnet, Salt Lake City",4,"MIDnet, Lincoln, NE","Westnet, Salt Lake City",4.7127452,4.712745189666748,1.0000000021926183
22,nsfnet,11,1.0,lstm,random_failure_fixed,"Westnet, Salt Lake City -> NCAR, Boulder & NCAR, Boulder -> Westnet, Salt Lake City",5,"Westnet, Salt Lake City","SEQSUINET, Rice University, Houston",4.6935658,4.693565845489502,0.9999999903081147
22,nsfnet,11,1.0,transformer,critical_failure_fixed,"NCSA, University of Illinois, Champaign -> Merit Univ of Michigan, Ann Arbor & Merit Univ of Michigan, Ann Arbor -> NCSA, University of Illinois, Champaign",1,"MIDnet, Lincoln, NE","Cornell Theory Center, Ithaca NY",5.4377203,5.43772029876709,1.0000000002267329
22,nsfnet,11,1.0,transformer,critical_failure_fixed,"NCSA, University of Illinois, Champaign -> Merit Univ of Michigan, Ann Arbor & Merit Univ of Michigan, Ann Arbor -> NCSA, University of Illinois, Champaign",2,Pittsburgh Supercomputer Center,"MIDnet, Lincoln, NE",5.3604331,5.360433101654053,0.9999999996914329
22,nsfnet,11,1.0,transformer,critical_failure_fixed,"NCSA, University of Illinois, Champaign -> Merit Univ of Michigan, Ann Arbor & Merit Univ of Michigan, Ann Arbor -> NCSA, University of Illinois, Champaign",3,"Merit Univ of Michigan, Ann Arbor","NCSA, University of Illinois, Champaign",5.3288627,5.32886266708374,1.0000000061769765
22,nsfnet,11,1.0,transformer,critical_failure_fixed,"NCSA, University of Illinois, Champaign -> Merit Univ of Michigan, Ann Arbor & Merit Univ of Michigan, Ann Arbor -> NCSA, University of Illinois, Champaign",4,"SURANET, Georgia Tech, Atlanta","Merit Univ of Michigan, Ann Arbor",5.1067305,5.1067304611206055,1.0000000076133635
22,nsfnet,11,1.0,transformer,critical_failure_fixed,"NCSA, University of Illinois, Champaign -> Merit Univ of Michigan, Ann Arbor & Merit Univ of Michigan, Ann Arbor -> NCSA, University of Illinois, Champaign",5,San Diego Supercomputer Center,"Merit Univ of Michigan, Ann Arbor",5.0929198,5.092919826507568,0.9999999947952118
22,nsfnet,11,1.0,transformer,random_failure_fixed,"Westnet, Salt Lake City -> NCAR, Boulder & NCAR, Boulder -> Westnet, Salt Lake City",1,"Westnet, Salt Lake City","Cornell Theory Center, Ithaca NY",5.6058259,5.605825901031494,0.9999999998159961
22,nsfnet,11,1.0,transformer,random_failure_fixed,"Westnet, Salt Lake City -> NCAR, Boulder & NCAR, Boulder -> Westnet, Salt Lake City",2,"SEQSUINET, Rice University, Houston","Westnet, Salt Lake City",5.1316776,5.131677627563477,0.9999999946287591
22,nsfnet,11,1.0,transformer,random_failure_fixed,"Westnet, Salt Lake City -> NCAR, Boulder & NCAR, Boulder -> Westnet, Salt Lake City",3,"Westnet, Salt Lake City","NCAR, Boulder",4.9970059,4.997005939483643,0.99999999209854
22,nsfnet,11,1.0,transformer,random_failure_fixed,"Westnet, Salt Lake City -> NCAR, Boulder & NCAR, Boulder -> Westnet, Salt Lake City",4,"MIDnet, Lincoln, NE","Westnet, Salt Lake City",4.7871943,4.78719425201416,1.0000000100237922
22,nsfnet,11,1.0,transformer,random_failure_fixed,"Westnet, Salt Lake City -> NCAR, Boulder & NCAR, Boulder -> Westnet, Salt Lake City",5,"Westnet, Salt Lake City","SEQSUINET, Rice University, Houston",4.7435622,4.7435622215271,0.9999999954618284
23,nsfnet,11,1.0,moving_average,critical_failure_fixed,"NCSA, University of Illinois, Champaign -> Merit Univ of Michigan, Ann Arbor & Merit Univ of Michigan, Ann Arbor -> NCSA, University of Illinois, Champaign",1,"Merit Univ of Michigan, Ann Arbor","NCSA, University of Illinois, Champaign",4.9716873,4.971687306821204,0.9999999986279902
23,nsfnet,11,1.0,moving_average,critical_failure_fixed,"NCSA, University of Illinois, Champaign -> Merit Univ of Michigan, Ann Arbor & Merit Univ of Michigan, Ann Arbor -> NCSA, University of Illinois, Champaign",2,Pittsburgh Supercomputer Center,"MIDnet, Lincoln, NE",4.8905731,4.890573085812847,1.0000000029009182
23,nsfnet,11,1.0,moving_average,critical_failure_fixed,"NCSA, University of Illinois, Champaign -> Merit Univ of Michigan, Ann Arbor & Merit Univ of Michigan, Ann Arbor -> NCSA, University of Illinois, Champaign",3,"MIDnet, Lincoln, NE","Cornell Theory Center, Ithaca NY",4.8773029,4.877302861946363,1.0000000078021887
23,nsfnet,11,1.0,moving_average,critical_failure_fixed,"NCSA, University of Illinois, Champaign -> Merit Univ of Michigan, Ann Arbor & Merit Univ of Michigan, Ann Arbor -> NCSA, University of Illinois, Champaign",4,San Diego Supercomputer Center,"Merit Univ of Michigan, Ann Arbor",4.5739922,4.573992178996171,1.0000000045920123
23,nsfnet,11,1.0,moving_average,critical_failure_fixed,"NCSA, University of Illinois, Champaign -> Merit Univ of Michigan, Ann Arbor & Merit Univ of Michigan, Ann Arbor -> NCSA, University of Illinois, Champaign",5,"SURANET, Georgia Tech, Atlanta","Merit Univ of Michigan, Ann Arbor",4.57241,4.572409996664273,1.0000000007295335
23,nsfnet,11,1.0,moving_average,random_failure_fixed,"SEQSUINET, Rice University, Houston -> SURANET, Georgia Tech, Atlanta & SURANET, Georgia Tech, Atlanta -> SEQSUINET, Rice University, Houston",1,"Jon Von Neumann Center, Princeton, NJ",San Diego Supercomputer Center,5.0951579,5.095157875065163,1.0000000048938302
23,nsfnet,11,1.0,moving_average,random_failure_fixed,"SEQSUINET, Rice University, Houston -> SURANET, Georgia Tech, Atlanta & SURANET, Georgia Tech, Atlanta -> SEQSUINET, Rice University, Houston",2,"SURANET, Georgia Tech, Atlanta",San Diego Supercomputer Center,4.6487849,4.648784927669045,0.9999999940481125
23,nsfnet,11,1.0,moving_average,random_failure_fixed,"SEQSUINET, Rice University, Houston -> SURANET, Georgia Tech, Atlanta & SURANET, Georgia Tech, Atlanta -> SEQSUINET, Rice University, Houston",3,"SURANET, Georgia Tech, Atlanta","Merit Univ of Michigan, Ann Arbor",4.57241,4.572409996664273,1.0000000007295335
23,nsfnet,11,1.0,moving_average,random_failure_fixed,"SEQSUINET, Rice University, Houston -> SURANET, Georgia Tech, Atlanta & SURANET, Georgia Tech, Atlanta -> SEQSUINET, Rice University, Houston",4,"Jon Von Neumann Center, Princeton, NJ","NorthWestNet, Seattle",4.5203415,4.52034151294085,0.9999999971371963
23,nsfnet,11,1.0,moving_average,random_failure_fixed,"SEQSUINET, Rice University, Houston -> SURANET, Georgia Tech, Atlanta & SURANET, Georgia Tech, Atlanta -> SEQSUINET, Rice University, Houston",5,"NCSA, University of Illinois, Champaign","SURANET, Georgia Tech, Atlanta",4.3072736,4.307273563851556,1.000000008392419
23,nsfnet,11,1.0,linear_autoregressive,critical_failure_fixed,"NCSA, University of Illinois, Champaign -> Merit Univ of Michigan, Ann Arbor & Merit Univ of Michigan, Ann Arbor -> NCSA, University of Illinois, Champaign",1,Pittsburgh Supercomputer Center,"MIDnet, Lincoln, NE",5.4014744,5.401474404566421,0.9999999991545973
23,nsfnet,11,1.0,linear_autoregressive,critical_failure_fixed,"NCSA, University of Illinois, Champaign -> Merit Univ of Michigan, Ann Arbor & Merit Univ of Michigan, Ann Arbor -> NCSA, University of Illinois, Champaign",2,"Merit Univ of Michigan, Ann Arbor","NCSA, University of Illinois, Champaign",5.3288703,5.3288702993124435,1.0000000001290248
23,nsfnet,11,1.0,linear_autoregressive,critical_failure_fixed,"NCSA, University of Illinois, Champaign -> Merit Univ of Michigan, Ann Arbor & Merit Univ of Michigan, Ann Arbor -> NCSA, University of Illinois, Champaign",3,"SURANET, Georgia Tech, Atlanta","Merit Univ of Michigan, Ann Arbor",5.2000149,5.200014899796141,1.0000000000392035
23,nsfnet,11,1.0,linear_autoregressive,critical_failure_fixed,"NCSA, University of Illinois, Champaign -> Merit Univ of Michigan, Ann Arbor & Merit Univ of Michigan, Ann Arbor -> NCSA, University of Illinois, Champaign",4,"MIDnet, Lincoln, NE","Cornell Theory Center, Ithaca NY",5.1646511,5.16465113136809,0.9999999939263875
23,nsfnet,11,1.0,linear_autoregressive,critical_failure_fixed,"NCSA, University of Illinois, Champaign -> Merit Univ of Michigan, Ann Arbor & Merit Univ of Michigan, Ann Arbor -> NCSA, University of Illinois, Champaign",5,San Diego Supercomputer Center,"Merit Univ of Michigan, Ann Arbor",4.8196608,4.819660798732042,1.0000000002630804
23,nsfnet,11,1.0,linear_autoregressive,random_failure_fixed,"SEQSUINET, Rice University, Houston -> SURANET, Georgia Tech, Atlanta & SURANET, Georgia Tech, Atlanta -> SEQSUINET, Rice University, Houston",1,"Jon Von Neumann Center, Princeton, NJ",San Diego Supercomputer Center,5.4581494,5.458149440991078,0.9999999924899311
23,nsfnet,11,1.0,linear_autoregressive,random_failure_fixed,"SEQSUINET, Rice University, Houston -> SURANET, Georgia Tech, Atlanta & SURANET, Georgia Tech, Atlanta -> SEQSUINET, Rice University, Houston",2,"SURANET, Georgia Tech, Atlanta","Merit Univ of Michigan, Ann Arbor",5.2000149,5.200014899796141,1.0000000000392035
23,nsfnet,11,1.0,linear_autoregressive,random_failure_fixed,"SEQSUINET, Rice University, Houston -> SURANET, Georgia Tech, Atlanta & SURANET, Georgia Tech, Atlanta -> SEQSUINET, Rice University, Houston",3,"SURANET, Georgia Tech, Atlanta",San Diego Supercomputer Center,4.9848623,4.984862279086827,1.000000004195336
23,nsfnet,11,1.0,linear_autoregressive,random_failure_fixed,"SEQSUINET, Rice University, Houston -> SURANET, Georgia Tech, Atlanta & SURANET, Georgia Tech, Atlanta -> SEQSUINET, Rice University, Houston",4,"Jon Von Neumann Center, Princeton, NJ","NorthWestNet, Seattle",4.7328068,4.732806751911722,1.0000000101606257
23,nsfnet,11,1.0,linear_autoregressive,random_failure_fixed,"SEQSUINET, Rice University, Houston -> SURANET, Georgia Tech, Atlanta & SURANET, Georgia Tech, Atlanta -> SEQSUINET, Rice University, Houston",5,San Diego Supercomputer Center,"Jon Von Neumann Center, Princeton, NJ",4.644779,4.644779022993143,0.9999999950496798
23,nsfnet,11,1.0,lstm,critical_failure_fixed,"NCSA, University of Illinois, Champaign -> Merit Univ of Michigan, Ann Arbor & Merit Univ of Michigan, Ann Arbor -> NCSA, University of Illinois, Champaign",1,"MIDnet, Lincoln, NE","Cornell Theory Center, Ithaca NY",5.3441658,5.344165802001953,0.9999999996253947
23,nsfnet,11,1.0,lstm,critical_failure_fixed,"NCSA, University of Illinois, Champaign -> Merit Univ of Michigan, Ann Arbor & Merit Univ of Michigan, Ann Arbor -> NCSA, University of Illinois, Champaign",2,"Merit Univ of Michigan, Ann Arbor","NCSA, University of Illinois, Champaign",5.3239465,5.323946475982666,1.0000000045111899
23,nsfnet,11,1.0,lstm,critical_failure_fixed,"NCSA, University of Illinois, Champaign -> Merit Univ of Michigan, Ann Arbor & Merit Univ of Michigan, Ann Arbor -> NCSA, University of Illinois, Champaign",3,Pittsburgh Supercomputer Center,"MIDnet, Lincoln, NE",5.3098097,5.309809684753418,1.000000002871399
23,nsfnet,11,1.0,lstm,critical_failure_fixed,"NCSA, University of Illinois, Champaign -> Merit Univ of Michigan, Ann Arbor & Merit Univ of Michigan, Ann Arbor -> NCSA, University of Illinois, Champaign",4,"SURANET, Georgia Tech, Atlanta","Merit Univ of Michigan, Ann Arbor",5.0678587,5.067858695983887,1.0000000007924676
23,nsfnet,11,1.0,lstm,critical_failure_fixed,"NCSA, University of Illinois, Champaign -> Merit Univ of Michigan, Ann Arbor & Merit Univ of Michigan, Ann Arbor -> NCSA, University of Illinois, Champaign",5,San Diego Supercomputer Center,"Merit Univ of Michigan, Ann Arbor",4.9937043,4.993704319000244,0.9999999961951603
23,nsfnet,11,1.0,lstm,random_failure_fixed,"SEQSUINET, Rice University, Houston -> SURANET, Georgia Tech, Atlanta & SURANET, Georgia Tech, Atlanta -> SEQSUINET, Rice University, Houston",1,"Jon Von Neumann Center, Princeton, NJ",San Diego Supercomputer Center,5.3069906,5.306990623474121,0.9999999955767547
23,nsfnet,11,1.0,lstm,random_failure_fixed,"SEQSUINET, Rice University, Houston -> SURANET, Georgia Tech, Atlanta & SURANET, Georgia Tech, Atlanta -> SEQSUINET, Rice University, Houston",2,"SURANET, Georgia Tech, Atlanta","Merit Univ of Michigan, Ann Arbor",5.0678587,5.067858695983887,1.0000000007924676
23,nsfnet,11,1.0,lstm,random_failure_fixed,"SEQSUINET, Rice University, Houston -> SURANET, Georgia Tech, Atlanta & SURANET, Georgia Tech, Atlanta -> SEQSUINET, Rice University, Houston",3,"SURANET, Georgia Tech, Atlanta",San Diego Supercomputer Center,5.0091758,5.009175777435303,1.0000000045046729
23,nsfnet,11,1.0,lstm,random_failure_fixed,"SEQSUINET, Rice University, Houston -> SURANET, Georgia Tech, Atlanta & SURANET, Georgia Tech, Atlanta -> SEQSUINET, Rice University, Houston",4,"Jon Von Neumann Center, Princeton, NJ","NorthWestNet, Seattle",4.7840877,4.784087657928467,1.0000000087940557
23,nsfnet,11,1.0,lstm,random_failure_fixed,"SEQSUINET, Rice University, Houston -> SURANET, Georgia Tech, Atlanta & SURANET, Georgia Tech, Atlanta -> SEQSUINET, Rice University, Houston",5,"NCSA, University of Illinois, Champaign","SURANET, Georgia Tech, Atlanta",4.6973424,4.697342395782471,1.0000000008978545
23,nsfnet,11,1.0,transformer,critical_failure_fixed,"NCSA, University of Illinois, Champaign -> Merit Univ of Michigan, Ann Arbor & Merit Univ of Michigan, Ann Arbor -> NCSA, University of Illinois, Champaign",1,"MIDnet, Lincoln, NE","Cornell Theory Center, Ithaca NY",5.4377651,5.437765121459961,0.999999996053533
23,nsfnet,11,1.0,transformer,critical_failure_fixed,"NCSA, University of Illinois, Champaign -> Merit Univ of Michigan, Ann Arbor & Merit Univ of Michigan, Ann Arbor -> NCSA, University of Illinois, Champaign",2,Pittsburgh Supercomputer Center,"MIDnet, Lincoln, NE",5.3604393,5.360439300537109,0.9999999998998013
23,nsfnet,11,1.0,transformer,critical_failure_fixed,"NCSA, University of Illinois, Champaign -> Merit Univ of Michigan, Ann Arbor & Merit Univ of Michigan, Ann Arbor -> NCSA, University of Illinois, Champaign",3,"Merit Univ of Michigan, Ann Arbor","NCSA, University of Illinois, Champaign",5.3288603,5.328860282897949,1.0000000032093261
23,nsfnet,11,1.0,transformer,critical_failure_fixed,"NCSA, University of Illinois, Champaign -> Merit Univ of Michigan, Ann Arbor & Merit Univ of Michigan, Ann Arbor -> NCSA, University of Illinois, Champaign",4,"SURANET, Georgia Tech, Atlanta","Merit Univ of Michigan, Ann Arbor",5.1067224,5.106722354888916,1.000000008833667
23,nsfnet,11,1.0,transformer,critical_failure_fixed,"NCSA, University of Illinois, Champaign -> Merit Univ of Michigan, Ann Arbor & Merit Univ of Michigan, Ann Arbor -> NCSA, University of Illinois, Champaign",5,San Diego Supercomputer Center,"Merit Univ of Michigan, Ann Arbor",5.092937,5.092936992645264,1.000000001444105
23,nsfnet,11,1.0,transformer,random_failure_fixed,"SEQSUINET, Rice University, Houston -> SURANET, Georgia Tech, Atlanta & SURANET, Georgia Tech, Atlanta -> SEQSUINET, Rice University, Houston",1,"Jon Von Neumann Center, Princeton, NJ",San Diego Supercomputer Center,5.3293309,5.329330921173096,0.9999999960270631
23,nsfnet,11,1.0,transformer,random_failure_fixed,"SEQSUINET, Rice University, Houston -> SURANET, Georgia Tech, Atlanta & SURANET, Georgia Tech, Atlanta -> SEQSUINET, Rice University, Houston",2,"SURANET, Georgia Tech, Atlanta","Merit Univ of Michigan, Ann Arbor",5.1067224,5.106722354888916,1.000000008833667
23,nsfnet,11,1.0,transformer,random_failure_fixed,"SEQSUINET, Rice University, Houston -> SURANET, Georgia Tech, Atlanta & SURANET, Georgia Tech, Atlanta -> SEQSUINET, Rice University, Houston",3,"SURANET, Georgia Tech, Atlanta",San Diego Supercomputer Center,5.047636,5.047636032104492,0.9999999936396974
23,nsfnet,11,1.0,transformer,random_failure_fixed,"SEQSUINET, Rice University, Houston -> SURANET, Georgia Tech, Atlanta & SURANET, Georgia Tech, Atlanta -> SEQSUINET, Rice University, Houston",4,"Jon Von Neumann Center, Princeton, NJ","NorthWestNet, Seattle",4.7869964,4.786996364593506,1.0000000073963904
23,nsfnet,11,1.0,transformer,random_failure_fixed,"SEQSUINET, Rice University, Houston -> SURANET, Georgia Tech, Atlanta & SURANET, Georgia Tech, Atlanta -> SEQSUINET, Rice University, Houston",5,"NCSA, University of Illinois, Champaign","SURANET, Georgia Tech, Atlanta",4.7339263,4.733926296234131,1.0000000007955065
24,nsfnet,11,1.0,moving_average,critical_failure_fixed,"NCSA, University of Illinois, Champaign -> Merit Univ of Michigan, Ann Arbor & Merit Univ of Michigan, Ann Arbor -> NCSA, University of Illinois, Champaign",1,"Merit Univ of Michigan, Ann Arbor","NCSA, University of Illinois, Champaign",5.4361481,5.436148070332898,1.0000000054573757
24,nsfnet,11,1.0,moving_average,critical_failure_fixed,"NCSA, University of Illinois, Champaign -> Merit Univ of Michigan, Ann Arbor & Merit Univ of Michigan, Ann Arbor -> NCSA, University of Illinois, Champaign",2,"MIDnet, Lincoln, NE","Cornell Theory Center, Ithaca NY",5.4162036,5.416203619188975,0.9999999964571171
24,nsfnet,11,1.0,moving_average,critical_failure_fixed,"NCSA, University of Illinois, Champaign -> Merit Univ of Michigan, Ann Arbor & Merit Univ of Michigan, Ann Arbor -> NCSA, University of Illinois, Champaign",3,Pittsburgh Supercomputer Center,"MIDnet, Lincoln, NE",5.2923373,5.292337336379733,0.999999993125961
24,nsfnet,11,1.0,moving_average,critical_failure_fixed,"NCSA, University of Illinois, Champaign -> Merit Univ of Michigan, Ann Arbor & Merit Univ of Michigan, Ann Arbor -> NCSA, University of Illinois, Champaign",4,San Diego Supercomputer Center,"Merit Univ of Michigan, Ann Arbor",4.8733241,5.179499671741537,0.9408870371375871
24,nsfnet,11,1.0,moving_average,critical_failure_fixed,"NCSA, University of Illinois, Champaign -> Merit Univ of Michigan, Ann Arbor & Merit Univ of Michigan, Ann Arbor -> NCSA, University of Illinois, Champaign",5,"SURANET, Georgia Tech, Atlanta","Merit Univ of Michigan, Ann Arbor",4.8108757,4.810875731000726,0.9999999935561159
24,nsfnet,11,1.0,moving_average,random_failure_fixed,"Pittsburgh Supercomputer Center -> Merit Univ of Michigan, Ann Arbor & Merit Univ of Michigan, Ann Arbor -> Pittsburgh Supercomputer Center",1,"BARRnet, Palo Alto",Pittsburgh Supercomputer Center,5.5199931,5.519993070739364,1.0000000053008464
24,nsfnet,11,1.0,moving_average,random_failure_fixed,"Pittsburgh Supercomputer Center -> Merit Univ of Michigan, Ann Arbor & Merit Univ of Michigan, Ann Arbor -> Pittsburgh Supercomputer Center",2,Pittsburgh Supercomputer Center,"MIDnet, Lincoln, NE",5.2923373,5.292337336379733,0.999999993125961
24,nsfnet,11,1.0,moving_average,random_failure_fixed,"Pittsburgh Supercomputer Center -> Merit Univ of Michigan, Ann Arbor & Merit Univ of Michigan, Ann Arbor -> Pittsburgh Supercomputer Center",3,"NorthWestNet, Seattle",Pittsburgh Supercomputer Center,5.0697841,5.069784069409782,1.0000000060338305
24,nsfnet,11,1.0,moving_average,random_failure_fixed,"Pittsburgh Supercomputer Center -> Merit Univ of Michigan, Ann Arbor & Merit Univ of Michigan, Ann Arbor -> Pittsburgh Supercomputer Center",4,Pittsburgh Supercomputer Center,"NorthWestNet, Seattle",4.9754442,4.975444166689492,1.000000006694982
24,nsfnet,11,1.0,moving_average,random_failure_fixed,"Pittsburgh Supercomputer Center -> Merit Univ of Michigan, Ann Arbor & Merit Univ of Michigan, Ann Arbor -> Pittsburgh Supercomputer Center",5,"Merit Univ of Michigan, Ann Arbor",Pittsburgh Supercomputer Center,4.5468335,4.54683346665623,1.0000000073334048
24,nsfnet,11,1.0,linear_autoregressive,critical_failure_fixed,"NCSA, University of Illinois, Champaign -> Merit Univ of Michigan, Ann Arbor & Merit Univ of Michigan, Ann Arbor -> NCSA, University of Illinois, Champaign",1,"MIDnet, Lincoln, NE","Cornell Theory Center, Ithaca NY",6.5173334,6.517333421074059,0.9999999967664599
24,nsfnet,11,1.0,linear_autoregressive,critical_failure_fixed,"NCSA, University of Illinois, Champaign -> Merit Univ of Michigan, Ann Arbor & Merit Univ of Michigan, Ann Arbor -> NCSA, University of Illinois, Champaign",2,Pittsburgh Supercomputer Center,"MIDnet, Lincoln, NE",6.4400697,6.440069730892716,0.9999999952030463
24,nsfnet,11,1.0,linear_autoregressive,critical_failure_fixed,"NCSA, University of Illinois, Champaign -> Merit Univ of Michigan, Ann Arbor & Merit Univ of Michigan, Ann Arbor -> NCSA, University of Illinois, Champaign",3,"Merit Univ of Michigan, Ann Arbor","NCSA, University of Illinois, Champaign",6.4296914,6.429691434248322,0.9999999946734114
24,nsfnet,11,1.0,linear_autoregressive,critical_failure_fixed,"NCSA, University of Illinois, Champaign -> Merit Univ of Michigan, Ann Arbor & Merit Univ of Michigan, Ann Arbor -> NCSA, University of Illinois, Champaign",4,"SURANET, Georgia Tech, Atlanta","Merit Univ of Michigan, Ann Arbor",5.9975543,5.997554273645707,1.0000000043941732
24,nsfnet,11,1.0,linear_autoregressive,critical_failure_fixed,"NCSA, University of Illinois, Champaign -> Merit Univ of Michigan, Ann Arbor & Merit Univ of Michigan, Ann Arbor -> NCSA, University of Illinois, Champaign",5,"NCSA, University of Illinois, Champaign",Pittsburgh Supercomputer Center,5.6956248,5.69562476010433,1.0000000070046169
24,nsfnet,11,1.0,linear_autoregressive,random_failure_fixed,"Pittsburgh Supercomputer Center -> Merit Univ of Michigan, Ann Arbor & Merit Univ of Michigan, Ann Arbor -> Pittsburgh Supercomputer Center",1,"BARRnet, Palo Alto",Pittsburgh Supercomputer Center,6.5134916,6.51349157870271,1.0000000032697194
24,nsfnet,11,1.0,linear_autoregressive,random_failure_fixed,"Pittsburgh Supercomputer Center -> Merit Univ of Michigan, Ann Arbor & Merit Univ of Michigan, Ann Arbor -> Pittsburgh Supercomputer Center",2,Pittsburgh Supercomputer Center,"MIDnet, Lincoln, NE",6.4400697,6.440069730892716,0.9999999952030463
24,nsfnet,11,1.0,linear_autoregressive,random_failure_fixed,"Pittsburgh Supercomputer Center -> Merit Univ of Michigan, Ann Arbor & Merit Univ of Michigan, Ann Arbor -> Pittsburgh Supercomputer Center",3,Pittsburgh Supercomputer Center,"NorthWestNet, Seattle",6.3797139,6.3797138583348225,1.000000006530885
24,nsfnet,11,1.0,linear_autoregressive,random_failure_fixed,"Pittsburgh Supercomputer Center -> Merit Univ of Michigan, Ann Arbor & Merit Univ of Michigan, Ann Arbor -> Pittsburgh Supercomputer Center",4,"NorthWestNet, Seattle",Pittsburgh Supercomputer Center,6.0505848,6.050584762609237,1.000000006179694
24,nsfnet,11,1.0,linear_autoregressive,random_failure_fixed,"Pittsburgh Supercomputer Center -> Merit Univ of Michigan, Ann Arbor & Merit Univ of Michigan, Ann Arbor -> Pittsburgh Supercomputer Center",5,"NCSA, University of Illinois, Champaign",Pittsburgh Supercomputer Center,5.6956248,5.69562476010433,1.0000000070046169
24,nsfnet,11,1.0,lstm,critical_failure_fixed,"NCSA, University of Illinois, Champaign -> Merit Univ of Michigan, Ann Arbor & Merit Univ of Michigan, Ann Arbor -> NCSA, University of Illinois, Champaign",1,"MIDnet, Lincoln, NE","Cornell Theory Center, Ithaca NY",5.3441658,5.344165802001953,0.9999999996253947
24,nsfnet,11,1.0,lstm,critical_failure_fixed,"NCSA, University of Illinois, Champaign -> Merit Univ of Michigan, Ann Arbor & Merit Univ of Michigan, Ann Arbor -> NCSA, University of Illinois, Champaign",2,"Merit Univ of Michigan, Ann Arbor","NCSA, University of Illinois, Champaign",5.3239465,5.323946475982666,1.0000000045111899
24,nsfnet,11,1.0,lstm,critical_failure_fixed,"NCSA, University of Illinois, Champaign -> Merit Univ of Michigan, Ann Arbor & Merit Univ of Michigan, Ann Arbor -> NCSA, University of Illinois, Champaign",3,Pittsburgh Supercomputer Center,"MIDnet, Lincoln, NE",5.3098097,5.309809684753418,1.000000002871399
24,nsfnet,11,1.0,lstm,critical_failure_fixed,"NCSA, University of Illinois, Champaign -> Merit Univ of Michigan, Ann Arbor & Merit Univ of Michigan, Ann Arbor -> NCSA, University of Illinois, Champaign",4,"SURANET, Georgia Tech, Atlanta","Merit Univ of Michigan, Ann Arbor",5.0678587,5.067858695983887,1.0000000007924676
24,nsfnet,11,1.0,lstm,critical_failure_fixed,"NCSA, University of Illinois, Champaign -> Merit Univ of Michigan, Ann Arbor & Merit Univ of Michigan, Ann Arbor -> NCSA, University of Illinois, Champaign",5,San Diego Supercomputer Center,"Merit Univ of Michigan, Ann Arbor",4.9937043,4.993704319000244,0.9999999961951603
24,nsfnet,11,1.0,lstm,random_failure_fixed,"Pittsburgh Supercomputer Center -> Merit Univ of Michigan, Ann Arbor & Merit Univ of Michigan, Ann Arbor -> Pittsburgh Supercomputer Center",1,"BARRnet, Palo Alto",Pittsburgh Supercomputer Center,5.3947377,5.394737720489502,0.9999999962019467
24,nsfnet,11,1.0,lstm,random_failure_fixed,"Pittsburgh Supercomputer Center -> Merit Univ of Michigan, Ann Arbor & Merit Univ of Michigan, Ann Arbor -> Pittsburgh Supercomputer Center",2,Pittsburgh Supercomputer Center,"MIDnet, Lincoln, NE",5.3098097,5.309809684753418,1.000000002871399
24,nsfnet,11,1.0,lstm,random_failure_fixed,"Pittsburgh Supercomputer Center -> Merit Univ of Michigan, Ann Arbor & Merit Univ of Michigan, Ann Arbor -> Pittsburgh Supercomputer Center",3,Pittsburgh Supercomputer Center,"NorthWestNet, Seattle",5.1167474,5.1167473793029785,1.0000000040449568
24,nsfnet,11,1.0,lstm,random_failure_fixed,"Pittsburgh Supercomputer Center -> Merit Univ of Michigan, Ann Arbor & Merit Univ of Michigan, Ann Arbor -> Pittsburgh Supercomputer Center",4,"NorthWestNet, Seattle",Pittsburgh Supercomputer Center,4.986558,4.986557960510254,1.0000000079192393
24,nsfnet,11,1.0,lstm,random_failure_fixed,"Pittsburgh Supercomputer Center -> Merit Univ of Michigan, Ann Arbor & Merit Univ of Michigan, Ann Arbor -> Pittsburgh Supercomputer Center",5,"NCSA, University of Illinois, Champaign",Pittsburgh Supercomputer Center,4.5781717,4.578171730041504,0.9999999934381003
24,nsfnet,11,1.0,transformer,critical_failure_fixed,"NCSA, University of Illinois, Champaign -> Merit Univ of Michigan, Ann Arbor & Merit Univ of Michigan, Ann Arbor -> NCSA, University of Illinois, Champaign",1,"MIDnet, Lincoln, NE","Cornell Theory Center, Ithaca NY",5.4378128,5.437812805175781,0.9999999990481869
24,nsfnet,11,1.0,transformer,critical_failure_fixed,"NCSA, University of Illinois, Champaign -> Merit Univ of Michigan, Ann Arbor & Merit Univ of Michigan, Ann Arbor -> NCSA, University of Illinois, Champaign",2,Pittsburgh Supercomputer Center,"MIDnet, Lincoln, NE",5.3604522,5.360452175140381,1.0000000046375974
24,nsfnet,11,1.0,transformer,critical_failure_fixed,"NCSA, University of Illinois, Champaign -> Merit Univ of Michigan, Ann Arbor & Merit Univ of Michigan, Ann Arbor -> NCSA, University of Illinois, Champaign",3,"Merit Univ of Michigan, Ann Arbor","NCSA, University of Illinois, Champaign",5.3288622,5.328862190246582,1.0000000018303001
24,nsfnet,11,1.0,transformer,critical_failure_fixed,"NCSA, University of Illinois, Champaign -> Merit Univ of Michigan, Ann Arbor & Merit Univ of Michigan, Ann Arbor -> NCSA, University of Illinois, Champaign",4,"SURANET, Georgia Tech, Atlanta","Merit Univ of Michigan, Ann Arbor",5.1067109,5.106710910797119,0.9999999978857
24,nsfnet,11,1.0,transformer,critical_failure_fixed,"NCSA, University of Illinois, Champaign -> Merit Univ of Michigan, Ann Arbor & Merit Univ of Michigan, Ann Arbor -> NCSA, University of Illinois, Champaign",5,San Diego Supercomputer Center,"Merit Univ of Michigan, Ann Arbor",5.0929508,5.092950820922852,0.9999999958918017
24,nsfnet,11,1.0,transformer,random_failure_fixed,"Pittsburgh Supercomputer Center -> Merit Univ of Michigan, Ann Arbor & Merit Univ of Michigan, Ann Arbor -> Pittsburgh Supercomputer Center",1,"BARRnet, Palo Alto",Pittsburgh Supercomputer Center,5.4990163,5.499016284942627,1.000000002738194
24,nsfnet,11,1.0,transformer,random_failure_fixed,"Pittsburgh Supercomputer Center -> Merit Univ of Michigan, Ann Arbor & Merit Univ of Michigan, Ann Arbor -> Pittsburgh Supercomputer Center",2,Pittsburgh Supercomputer Center,"MIDnet, Lincoln, NE",5.3604522,5.360452175140381,1.0000000046375974
24,nsfnet,11,1.0,transformer,random_failure_fixed,"Pittsburgh Supercomputer Center -> Merit Univ of Michigan, Ann Arbor & Merit Univ of Michigan, Ann Arbor -> Pittsburgh Supercomputer Center",3,Pittsburgh Supercomputer Center,"NorthWestNet, Seattle",5.0973148,5.097314834594727,0.999999993213147
24,nsfnet,11,1.0,transformer,random_failure_fixed,"Pittsburgh Supercomputer Center -> Merit Univ of Michigan, Ann Arbor & Merit Univ of Michigan, Ann Arbor -> Pittsburgh Supercomputer Center",4,"NorthWestNet, Seattle",Pittsburgh Supercomputer Center,5.0508976,5.050897598266602,1.0000000003431861
24,nsfnet,11,1.0,transformer,random_failure_fixed,"Pittsburgh Supercomputer Center -> Merit Univ of Michigan, Ann Arbor & Merit Univ of Michigan, Ann Arbor -> Pittsburgh Supercomputer Center",5,"Merit Univ of Michigan, Ann Arbor",Pittsburgh Supercomputer Center,4.624115,4.624114990234375,1.0000000021118904
25,nsfnet,11,1.0,moving_average,critical_failure_fixed,"NCSA, University of Illinois, Champaign -> Merit Univ of Michigan, Ann Arbor & Merit Univ of Michigan, Ann Arbor -> NCSA, University of Illinois, Champaign",1,Pittsburgh Supercomputer Center,"MIDnet, Lincoln, NE",6.0621912,6.062191161616568,1.0000000063316103
25,nsfnet,11,1.0,moving_average,critical_failure_fixed,"NCSA, University of Illinois, Champaign -> Merit Univ of Michigan, Ann Arbor & Merit Univ of Michigan, Ann Arbor -> NCSA, University of Illinois, Champaign",2,"MIDnet, Lincoln, NE","Cornell Theory Center, Ithaca NY",6.0148146,6.014814593276779,1.000000001117777
25,nsfnet,11,1.0,moving_average,critical_failure_fixed,"NCSA, University of Illinois, Champaign -> Merit Univ of Michigan, Ann Arbor & Merit Univ of Michigan, Ann Arbor -> NCSA, University of Illinois, Champaign",3,"Merit Univ of Michigan, Ann Arbor","NCSA, University of Illinois, Champaign",5.9182138,5.918213843184244,0.9999999927031626
25,nsfnet,11,1.0,moving_average,critical_failure_fixed,"NCSA, University of Illinois, Champaign -> Merit Univ of Michigan, Ann Arbor & Merit Univ of Michigan, Ann Arbor -> NCSA, University of Illinois, Champaign",4,San Diego Supercomputer Center,"Merit Univ of Michigan, Ann Arbor",5.7758832,5.775883159866874,1.0000000069483965
25,nsfnet,11,1.0,moving_average,critical_failure_fixed,"NCSA, University of Illinois, Champaign -> Merit Univ of Michigan, Ann Arbor & Merit Univ of Michigan, Ann Arbor -> NCSA, University of Illinois, Champaign",5,"SURANET, Georgia Tech, Atlanta","Merit Univ of Michigan, Ann Arbor",5.4417693,5.441769266134649,1.0000000062232242
25,nsfnet,11,1.0,moving_average,random_failure_fixed,"NorthWestNet, Seattle -> NCAR, Boulder & NCAR, Boulder -> NorthWestNet, Seattle",1,"MIDnet, Lincoln, NE","NorthWestNet, Seattle",5.7050243,5.705024338743641,0.9999999932088561
25,nsfnet,11,1.0,moving_average,random_failure_fixed,"NorthWestNet, Seattle -> NCAR, Boulder & NCAR, Boulder -> NorthWestNet, Seattle",2,"NCSA, University of Illinois, Champaign","NorthWestNet, Seattle",5.2653272,5.265327236671164,0.9999999930353495
25,nsfnet,11,1.0,moving_average,random_failure_fixed,"NorthWestNet, Seattle -> NCAR, Boulder & NCAR, Boulder -> NorthWestNet, Seattle",3,"BARRnet, Palo Alto","Westnet, Salt Lake City",5.2514815,5.251481530053714,0.999999994277098
25,nsfnet,11,1.0,moving_average,random_failure_fixed,"NorthWestNet, Seattle -> NCAR, Boulder & NCAR, Boulder -> NorthWestNet, Seattle",4,"NorthWestNet, Seattle","MIDnet, Lincoln, NE",5.1148796,5.114879582980745,1.000000003327401
25,nsfnet,11,1.0,moving_average,random_failure_fixed,"NorthWestNet, Seattle -> NCAR, Boulder & NCAR, Boulder -> NorthWestNet, Seattle",5,"NCAR, Boulder","BARRnet, Palo Alto",4.7202172,4.720217176810409,1.0000000049128228
25,nsfnet,11,1.0,linear_autoregressive,critical_failure_fixed,"NCSA, University of Illinois, Champaign -> Merit Univ of Michigan, Ann Arbor & Merit Univ of Michigan, Ann Arbor -> NCSA, University of Illinois, Champaign",1,"MIDnet, Lincoln, NE","Cornell Theory Center, Ithaca NY",7.3188292,7.318829166055923,1.0000000046379107
25,nsfnet,11,1.0,linear_autoregressive,critical_failure_fixed,"NCSA, University of Illinois, Champaign -> Merit Univ of Michigan, Ann Arbor & Merit Univ of Michigan, Ann Arbor -> NCSA, University of Illinois, Champaign",2,"Merit Univ of Michigan, Ann Arbor","NCSA, University of Illinois, Champaign",7.2785357,7.278535680512027,1.0000000026774578
25,nsfnet,11,1.0,linear_autoregressive,critical_failure_fixed,"NCSA, University of Illinois, Champaign -> Merit Univ of Michigan, Ann Arbor & Merit Univ of Michigan, Ann Arbor -> NCSA, University of Illinois, Champaign",3,Pittsburgh Supercomputer Center,"MIDnet, Lincoln, NE",7.1636866,7.163686629686627,0.9999999958559569
25,nsfnet,11,1.0,linear_autoregressive,critical_failure_fixed,"NCSA, University of Illinois, Champaign -> Merit Univ of Michigan, Ann Arbor & Merit Univ of Michigan, Ann Arbor -> NCSA, University of Illinois, Champaign",4,"SURANET, Georgia Tech, Atlanta","Merit Univ of Michigan, Ann Arbor",6.7470114,6.747011447911953,0.9999999928987887
25,nsfnet,11,1.0,linear_autoregressive,critical_failure_fixed,"NCSA, University of Illinois, Champaign -> Merit Univ of Michigan, Ann Arbor & Merit Univ of Michigan, Ann Arbor -> NCSA, University of Illinois, Champaign",5,"Westnet, Salt Lake City","Cornell Theory Center, Ithaca NY",6.6408018,7.548510753558789,0.87974992906636
25,nsfnet,11,1.0,linear_autoregressive,random_failure_fixed,"NorthWestNet, Seattle -> NCAR, Boulder & NCAR, Boulder -> NorthWestNet, Seattle",1,"MIDnet, Lincoln, NE","NorthWestNet, Seattle",7.1612106,7.1612105624016476,1.0000000052502789
25,nsfnet,11,1.0,linear_autoregressive,random_failure_fixed,"NorthWestNet, Seattle -> NCAR, Boulder & NCAR, Boulder -> NorthWestNet, Seattle",2,"NCSA, University of Illinois, Champaign","NorthWestNet, Seattle",6.5699033,6.569903306845861,0.9999999989579967
25,nsfnet,11,1.0,linear_autoregressive,random_failure_fixed,"NorthWestNet, Seattle -> NCAR, Boulder & NCAR, Boulder -> NorthWestNet, Seattle",3,"BARRnet, Palo Alto","Westnet, Salt Lake City",6.404055,6.404054994330292,1.000000000885331
25,nsfnet,11,1.0,linear_autoregressive,random_failure_fixed,"NorthWestNet, Seattle -> NCAR, Boulder & NCAR, Boulder -> NorthWestNet, Seattle",4,"Cornell Theory Center, Ithaca NY","NCAR, Boulder",6.311529,6.311529037814473,0.999999994008667
25,nsfnet,11,1.0,linear_autoregressive,random_failure_fixed,"NorthWestNet, Seattle -> NCAR, Boulder & NCAR, Boulder -> NorthWestNet, Seattle",5,"NorthWestNet, Seattle","MIDnet, Lincoln, NE",6.2184581,6.218458066473862,1.000000005391391
25,nsfnet,11,1.0,lstm,critical_failure_fixed,"NCSA, University of Illinois, Champaign -> Merit Univ of Michigan, Ann Arbor & Merit Univ of Michigan, Ann Arbor -> NCSA, University of Illinois, Champaign",1,"MIDnet, Lincoln, NE","Cornell Theory Center, Ithaca NY",5.3441658,5.344165802001953,0.9999999996253947
25,nsfnet,11,1.0,lstm,critical_failure_fixed,"NCSA, University of Illinois, Champaign -> Merit Univ of Michigan, Ann Arbor & Merit Univ of Michigan, Ann Arbor -> NCSA, University of Illinois, Champaign",2,"Merit Univ of Michigan, Ann Arbor","NCSA, University of Illinois, Champaign",5.3239465,5.323946475982666,1.0000000045111899
25,nsfnet,11,1.0,lstm,critical_failure_fixed,"NCSA, University of Illinois, Champaign -> Merit Univ of Michigan, Ann Arbor & Merit Univ of Michigan, Ann Arbor -> NCSA, University of Illinois, Champaign",3,Pittsburgh Supercomputer Center,"MIDnet, Lincoln, NE",5.3098097,5.309809684753418,1.000000002871399
25,nsfnet,11,1.0,lstm,critical_failure_fixed,"NCSA, University of Illinois, Champaign -> Merit Univ of Michigan, Ann Arbor & Merit Univ of Michigan, Ann Arbor -> NCSA, University of Illinois, Champaign",4,"SURANET, Georgia Tech, Atlanta","Merit Univ of Michigan, Ann Arbor",5.0678587,5.067858695983887,1.0000000007924676
25,nsfnet,11,1.0,lstm,critical_failure_fixed,"NCSA, University of Illinois, Champaign -> Merit Univ of Michigan, Ann Arbor & Merit Univ of Michigan, Ann Arbor -> NCSA, University of Illinois, Champaign",5,San Diego Supercomputer Center,"Merit Univ of Michigan, Ann Arbor",4.9937043,4.993704319000244,0.9999999961951603
25,nsfnet,11,1.0,lstm,random_failure_fixed,"NorthWestNet, Seattle -> NCAR, Boulder & NCAR, Boulder -> NorthWestNet, Seattle",1,"MIDnet, Lincoln, NE","NorthWestNet, Seattle",5.1582317,5.158231735229492,0.9999999931702386
25,nsfnet,11,1.0,lstm,random_failure_fixed,"NorthWestNet, Seattle -> NCAR, Boulder & NCAR, Boulder -> NorthWestNet, Seattle",2,"Cornell Theory Center, Ithaca NY","NCAR, Boulder",4.7731972,4.773197174072266,1.000000005431943
25,nsfnet,11,1.0,lstm,random_failure_fixed,"NorthWestNet, Seattle -> NCAR, Boulder & NCAR, Boulder -> NorthWestNet, Seattle",3,"NCSA, University of Illinois, Champaign","NorthWestNet, Seattle",4.7424774,4.7424774169921875,0.9999999964170231
25,nsfnet,11,1.0,lstm,random_failure_fixed,"NorthWestNet, Seattle -> NCAR, Boulder & NCAR, Boulder -> NorthWestNet, Seattle",4,"BARRnet, Palo Alto","Westnet, Salt Lake City",4.6000738,4.60007381439209,0.9999999968713349
25,nsfnet,11,1.0,lstm,random_failure_fixed,"NorthWestNet, Seattle -> NCAR, Boulder & NCAR, Boulder -> NorthWestNet, Seattle",5,"NorthWestNet, Seattle","MIDnet, Lincoln, NE",4.4491673,4.449167251586914,1.0000000108813814
25,nsfnet,11,1.0,transformer,critical_failure_fixed,"NCSA, University of Illinois, Champaign -> Merit Univ of Michigan, Ann Arbor & Merit Univ of Michigan, Ann Arbor -> NCSA, University of Illinois, Champaign",1,"MIDnet, Lincoln, NE","Cornell Theory Center, Ithaca NY",5.4378333,5.437833309173584,0.9999999983130076
25,nsfnet,11,1.0,transformer,critical_failure_fixed,"NCSA, University of Illinois, Champaign -> Merit Univ of Michigan, Ann Arbor & Merit Univ of Michigan, Ann Arbor -> NCSA, University of Illinois, Champaign",2,Pittsburgh Supercomputer Center,"MIDnet, Lincoln, NE",5.3604579,5.360457897186279,1.000000000524903
25,nsfnet,11,1.0,transformer,critical_failure_fixed,"NCSA, University of Illinois, Champaign -> Merit Univ of Michigan, Ann Arbor & Merit Univ of Michigan, Ann Arbor -> NCSA, University of Illinois, Champaign",3,"Merit Univ of Michigan, Ann Arbor","NCSA, University of Illinois, Champaign",5.3288617,5.328861713409424,0.9999999974836232
25,nsfnet,11,1.0,transformer,critical_failure_fixed,"NCSA, University of Illinois, Champaign -> Merit Univ of Michigan, Ann Arbor & Merit Univ of Michigan, Ann Arbor -> NCSA, University of Illinois, Champaign",4,"SURANET, Georgia Tech, Atlanta","Merit Univ of Michigan, Ann Arbor",5.1067057,5.106705665588379,1.0000000067385166
25,nsfnet,11,1.0,transformer,critical_failure_fixed,"NCSA, University of Illinois, Champaign -> Merit Univ of Michigan, Ann Arbor & Merit Univ of Michigan, Ann Arbor -> NCSA, University of Illinois, Champaign",5,San Diego Supercomputer Center,"Merit Univ of Michigan, Ann Arbor",5.0929546,5.092954635620117,0.9999999930060014
25,nsfnet,11,1.0,transformer,random_failure_fixed,"NorthWestNet, Seattle -> NCAR, Boulder & NCAR, Boulder -> NorthWestNet, Seattle",1,"MIDnet, Lincoln, NE","NorthWestNet, Seattle",5.0715418,5.071541786193848,1.0000000027222793
25,nsfnet,11,1.0,transformer,random_failure_fixed,"NorthWestNet, Seattle -> NCAR, Boulder & NCAR, Boulder -> NorthWestNet, Seattle",2,"NCSA, University of Illinois, Champaign","NorthWestNet, Seattle",4.8011074,4.801107406616211,0.9999999986219407
25,nsfnet,11,1.0,transformer,random_failure_fixed,"NorthWestNet, Seattle -> NCAR, Boulder & NCAR, Boulder -> NorthWestNet, Seattle",3,"Cornell Theory Center, Ithaca NY","NCAR, Boulder",4.7760434,4.77604341506958,0.9999999968447565
25,nsfnet,11,1.0,transformer,random_failure_fixed,"NorthWestNet, Seattle -> NCAR, Boulder & NCAR, Boulder -> NorthWestNet, Seattle",4,"BARRnet, Palo Alto","Westnet, Salt Lake City",4.5986371,4.598637104034424,0.9999999991226914
25,nsfnet,11,1.0,transformer,random_failure_fixed,"NorthWestNet, Seattle -> NCAR, Boulder & NCAR, Boulder -> NorthWestNet, Seattle",5,"NorthWestNet, Seattle","MIDnet, Lincoln, NE",4.4986448,4.498644828796387,0.9999999935988753
26,nsfnet,11,1.0,moving_average,critical_failure_fixed,"NCSA, University of Illinois, Champaign -> Merit Univ of Michigan, Ann Arbor & Merit Univ of Michigan, Ann Arbor -> NCSA, University of Illinois, Champaign",1,Pittsburgh Supercomputer Center,"MIDnet, Lincoln, NE",6.7584606,6.758460615829512,0.9999999976578229
26,nsfnet,11,1.0,moving_average,critical_failure_fixed,"NCSA, University of Illinois, Champaign -> Merit Univ of Michigan, Ann Arbor & Merit Univ of Michigan, Ann Arbor -> NCSA, University of Illinois, Champaign",2,"Merit Univ of Michigan, Ann Arbor","NCSA, University of Illinois, Champaign",6.6056456,6.605645612619494,0.9999999980895896
26,nsfnet,11,1.0,moving_average,critical_failure_fixed,"NCSA, University of Illinois, Champaign -> Merit Univ of Michigan, Ann Arbor & Merit Univ of Michigan, Ann Arbor -> NCSA, University of Illinois, Champaign",3,"MIDnet, Lincoln, NE","Cornell Theory Center, Ithaca NY",6.5490373,6.549037285405369,1.0000000022285156
26,nsfnet,11,1.0,moving_average,critical_failure_fixed,"NCSA, University of Illinois, Champaign -> Merit Univ of Michigan, Ann Arbor & Merit Univ of Michigan, Ann Arbor -> NCSA, University of Illinois, Champaign",4,San Diego Supercomputer Center,"Merit Univ of Michigan, Ann Arbor",6.3195566,6.319556634833648,0.9999999944879602
26,nsfnet,11,1.0,moving_average,critical_failure_fixed,"NCSA, University of Illinois, Champaign -> Merit Univ of Michigan, Ann Arbor & Merit Univ of Michigan, Ann Arbor -> NCSA, University of Illinois, Champaign",5,"SURANET, Georgia Tech, Atlanta","Merit Univ of Michigan, Ann Arbor",6.1679822,6.167982243807325,0.9999999928976246
26,nsfnet,11,1.0,moving_average,random_failure_fixed,"NCAR, Boulder -> NCSA, University of Illinois, Champaign & NCSA, University of Illinois, Champaign -> NCAR, Boulder",1,"SEQSUINET, Rice University, Houston","Westnet, Salt Lake City",6.674101,6.674101028436336,0.999999995739301
26,nsfnet,11,1.0,moving_average,random_failure_fixed,"NCAR, Boulder -> NCSA, University of Illinois, Champaign & NCSA, University of Illinois, Champaign -> NCAR, Boulder",2,"MIDnet, Lincoln, NE","NorthWestNet, Seattle",6.3769157,6.376915731255115,0.9999999950987097
26,nsfnet,11,1.0,moving_average,random_failure_fixed,"NCAR, Boulder -> NCSA, University of Illinois, Champaign & NCSA, University of Illinois, Champaign -> NCAR, Boulder",3,"MIDnet, Lincoln, NE","Westnet, Salt Lake City",6.0200321,6.020032093070656,1.0000000011510477
26,nsfnet,11,1.0,moving_average,random_failure_fixed,"NCAR, Boulder -> NCSA, University of Illinois, Champaign & NCSA, University of Illinois, Champaign -> NCAR, Boulder",4,"NCSA, University of Illinois, Champaign","NorthWestNet, Seattle",5.8219206,5.821920618981279,0.9999999967396878
26,nsfnet,11,1.0,moving_average,random_failure_fixed,"NCAR, Boulder -> NCSA, University of Illinois, Champaign & NCSA, University of Illinois, Champaign -> NCAR, Boulder",5,"NorthWestNet, Seattle","MIDnet, Lincoln, NE",5.6597434,5.659743436730496,0.999999993510219
26,nsfnet,11,1.0,linear_autoregressive,critical_failure_fixed,"NCSA, University of Illinois, Champaign -> Merit Univ of Michigan, Ann Arbor & Merit Univ of Michigan, Ann Arbor -> NCSA, University of Illinois, Champaign",1,"Merit Univ of Michigan, Ann Arbor","NCSA, University of Illinois, Champaign",7.7181589,7.718158934489419,0.999999995531393
26,nsfnet,11,1.0,linear_autoregressive,critical_failure_fixed,"NCSA, University of Illinois, Champaign -> Merit Univ of Michigan, Ann Arbor & Merit Univ of Michigan, Ann Arbor -> NCSA, University of Illinois, Champaign",2,Pittsburgh Supercomputer Center,"MIDnet, Lincoln, NE",7.6915375,7.691537493248619,1.0000000008777674
26,nsfnet,11,1.0,linear_autoregressive,critical_failure_fixed,"NCSA, University of Illinois, Champaign -> Merit Univ of Michigan, Ann Arbor & Merit Univ of Michigan, Ann Arbor -> NCSA, University of Illinois, Champaign",3,"MIDnet, Lincoln, NE","Cornell Theory Center, Ithaca NY",7.5658834,7.565883434768167,0.9999999954046124
26,nsfnet,11,1.0,linear_autoregressive,critical_failure_fixed,"NCSA, University of Illinois, Champaign -> Merit Univ of Michigan, Ann Arbor & Merit Univ of Michigan, Ann Arbor -> NCSA, University of Illinois, Champaign",4,"SURANET, Georgia Tech, Atlanta","Merit Univ of Michigan, Ann Arbor",7.3321775,7.332177524276616,0.9999999966890306
26,nsfnet,11,1.0,linear_autoregressive,critical_failure_fixed,"NCSA, University of Illinois, Champaign -> Merit Univ of Michigan, Ann Arbor & Merit Univ of Michigan, Ann Arbor -> NCSA, University of Illinois, Champaign",5,"NCSA, University of Illinois, Champaign",Pittsburgh Supercomputer Center,6.8196107,6.819610661514575,1.0000000056433465
26,nsfnet,11,1.0,linear_autoregressive,random_failure_fixed,"NCAR, Boulder -> NCSA, University of Illinois, Champaign & NCSA, University of Illinois, Champaign -> NCAR, Boulder",1,"SEQSUINET, Rice University, Houston","Westnet, Salt Lake City",7.4358211,7.435821107911216,0.999999998936067
26,nsfnet,11,1.0,linear_autoregressive,random_failure_fixed,"NCAR, Boulder -> NCSA, University of Illinois, Champaign & NCSA, University of Illinois, Champaign -> NCAR, Boulder",2,"MIDnet, Lincoln, NE","NorthWestNet, Seattle",7.2848516,7.284851574144149,1.0000000035492624
26,nsfnet,11,1.0,linear_autoregressive,random_failure_fixed,"NCAR, Boulder -> NCSA, University of Illinois, Champaign & NCSA, University of Illinois, Champaign -> NCAR, Boulder",3,"MIDnet, Lincoln, NE","Westnet, Salt Lake City",7.1752215,7.175221505401811,0.9999999992471577
26,nsfnet,11,1.0,linear_autoregressive,random_failure_fixed,"NCAR, Boulder -> NCSA, University of Illinois, Champaign & NCSA, University of Illinois, Champaign -> NCAR, Boulder",4,"NCSA, University of Illinois, Champaign","NorthWestNet, Seattle",7.0113453,7.011345302283038,0.9999999996743795
26,nsfnet,11,1.0,linear_autoregressive,random_failure_fixed,"NCAR, Boulder -> NCSA, University of Illinois, Champaign & NCSA, University of Illinois, Champaign -> NCAR, Boulder",5,"Westnet, Salt Lake City","SEQSUINET, Rice University, Houston",6.8035186,6.80351857587501,1.0000000035459577
26,nsfnet,11,1.0,lstm,critical_failure_fixed,"NCSA, University of Illinois, Champaign -> Merit Univ of Michigan, Ann Arbor & Merit Univ of Michigan, Ann Arbor -> NCSA, University of Illinois, Champaign",1,"MIDnet, Lincoln, NE","Cornell Theory Center, Ithaca NY",5.3441658,5.344165802001953,0.9999999996253947
26,nsfnet,11,1.0,lstm,critical_failure_fixed,"NCSA, University of Illinois, Champaign -> Merit Univ of Michigan, Ann Arbor & Merit Univ of Michigan, Ann Arbor -> NCSA, University of Illinois, Champaign",2,"Merit Univ of Michigan, Ann Arbor","NCSA, University of Illinois, Champaign",5.3239465,5.323946475982666,1.0000000045111899
26,nsfnet,11,1.0,lstm,critical_failure_fixed,"NCSA, University of Illinois, Champaign -> Merit Univ of Michigan, Ann Arbor & Merit Univ of Michigan, Ann Arbor -> NCSA, University of Illinois, Champaign",3,Pittsburgh Supercomputer Center,"MIDnet, Lincoln, NE",5.3098097,5.309809684753418,1.000000002871399
26,nsfnet,11,1.0,lstm,critical_failure_fixed,"NCSA, University of Illinois, Champaign -> Merit Univ of Michigan, Ann Arbor & Merit Univ of Michigan, Ann Arbor -> NCSA, University of Illinois, Champaign",4,"SURANET, Georgia Tech, Atlanta","Merit Univ of Michigan, Ann Arbor",5.0678587,5.067858695983887,1.0000000007924676
26,nsfnet,11,1.0,lstm,critical_failure_fixed,"NCSA, University of Illinois, Champaign -> Merit Univ of Michigan, Ann Arbor & Merit Univ of Michigan, Ann Arbor -> NCSA, University of Illinois, Champaign",5,San Diego Supercomputer Center,"Merit Univ of Michigan, Ann Arbor",4.9937043,4.993704319000244,0.9999999961951603
26,nsfnet,11,1.0,lstm,random_failure_fixed,"NCAR, Boulder -> NCSA, University of Illinois, Champaign & NCSA, University of Illinois, Champaign -> NCAR, Boulder",1,"MIDnet, Lincoln, NE","NorthWestNet, Seattle",5.1582317,5.158231735229492,0.9999999931702386
26,nsfnet,11,1.0,lstm,random_failure_fixed,"NCAR, Boulder -> NCSA, University of Illinois, Champaign & NCSA, University of Illinois, Champaign -> NCAR, Boulder",2,"SEQSUINET, Rice University, Houston","Westnet, Salt Lake City",5.0695314,5.069531440734863,0.9999999919647675
26,nsfnet,11,1.0,lstm,random_failure_fixed,"NCAR, Boulder -> NCSA, University of Illinois, Champaign & NCSA, University of Illinois, Champaign -> NCAR, Boulder",3,"NCSA, University of Illinois, Champaign","NorthWestNet, Seattle",4.7424774,4.7424774169921875,0.9999999964170231
26,nsfnet,11,1.0,lstm,random_failure_fixed,"NCAR, Boulder -> NCSA, University of Illinois, Champaign & NCSA, University of Illinois, Champaign -> NCAR, Boulder",4,"MIDnet, Lincoln, NE","Westnet, Salt Lake City",4.7127452,4.712745189666748,1.0000000021926183
26,nsfnet,11,1.0,lstm,random_failure_fixed,"NCAR, Boulder -> NCSA, University of Illinois, Champaign & NCSA, University of Illinois, Champaign -> NCAR, Boulder",5,"Westnet, Salt Lake City","SEQSUINET, Rice University, Houston",4.6935658,4.693565845489502,0.9999999903081147
26,nsfnet,11,1.0,transformer,critical_failure_fixed,"NCSA, University of Illinois, Champaign -> Merit Univ of Michigan, Ann Arbor & Merit Univ of Michigan, Ann Arbor -> NCSA, University of Illinois, Champaign",1,"MIDnet, Lincoln, NE","Cornell Theory Center, Ithaca NY",5.437809,5.437808990478516,1.000000001750978
26,nsfnet,11,1.0,transformer,critical_failure_fixed,"NCSA, University of Illinois, Champaign -> Merit Univ of Michigan, Ann Arbor & Merit Univ of Michigan, Ann Arbor -> NCSA, University of Illinois, Champaign",2,Pittsburgh Supercomputer Center,"MIDnet, Lincoln, NE",5.3604565,5.360456466674805,1.0000000062168577
26,nsfnet,11,1.0,transformer,critical_failure_fixed,"NCSA, University of Illinois, Champaign -> Merit Univ of Michigan, Ann Arbor & Merit Univ of Michigan, Ann Arbor -> NCSA, University of Illinois, Champaign",3,"Merit Univ of Michigan, Ann Arbor","NCSA, University of Illinois, Champaign",5.3288608,5.328860759735107,1.0000000075560038
26,nsfnet,11,1.0,transformer,critical_failure_fixed,"NCSA, University of Illinois, Champaign -> Merit Univ of Michigan, Ann Arbor & Merit Univ of Michigan, Ann Arbor -> NCSA, University of Illinois, Champaign",4,"SURANET, Georgia Tech, Atlanta","Merit Univ of Michigan, Ann Arbor",5.10671,5.106709957122803,1.0000000083962468
26,nsfnet,11,1.0,transformer,critical_failure_fixed,"NCSA, University of Illinois, Champaign -> Merit Univ of Michigan, Ann Arbor & Merit Univ of Michigan, Ann Arbor -> NCSA, University of Illinois, Champaign",5,San Diego Supercomputer Center,"Merit Univ of Michigan, Ann Arbor",5.0929441,5.092944145202637,0.9999999911244587
26,nsfnet,11,1.0,transformer,random_failure_fixed,"NCAR, Boulder -> NCSA, University of Illinois, Champaign & NCSA, University of Illinois, Champaign -> NCAR, Boulder",1,"SEQSUINET, Rice University, Houston","Westnet, Salt Lake City",5.1317501,5.131750106811523,0.9999999986726704
26,nsfnet,11,1.0,transformer,random_failure_fixed,"NCAR, Boulder -> NCSA, University of Illinois, Champaign & NCSA, University of Illinois, Champaign -> NCAR, Boulder",2,"MIDnet, Lincoln, NE","NorthWestNet, Seattle",5.0715251,5.0715250968933105,1.0000000006125749
26,nsfnet,11,1.0,transformer,random_failure_fixed,"NCAR, Boulder -> NCSA, University of Illinois, Champaign & NCSA, University of Illinois, Champaign -> NCAR, Boulder",3,"NCSA, University of Illinois, Champaign","NorthWestNet, Seattle",4.8010902,4.801090240478516,0.9999999915688909
26,nsfnet,11,1.0,transformer,random_failure_fixed,"NCAR, Boulder -> NCSA, University of Illinois, Champaign & NCSA, University of Illinois, Champaign -> NCAR, Boulder",4,"MIDnet, Lincoln, NE","Westnet, Salt Lake City",4.7872753,4.787275314331055,0.9999999970064277
26,nsfnet,11,1.0,transformer,random_failure_fixed,"NCAR, Boulder -> NCSA, University of Illinois, Champaign & NCSA, University of Illinois, Champaign -> NCAR, Boulder",5,"Westnet, Salt Lake City","SEQSUINET, Rice University, Houston",4.7436128,4.743612766265869,1.000000007111485
27,nsfnet,11,1.0,moving_average,critical_failure_fixed,"NCSA, University of Illinois, Champaign -> Merit Univ of Michigan, Ann Arbor & Merit Univ of Michigan, Ann Arbor -> NCSA, University of Illinois, Champaign",1,Pittsburgh Supercomputer Center,"MIDnet, Lincoln, NE",7.3503606,7.350360621437552,0.9999999970834693
27,nsfnet,11,1.0,moving_average,critical_failure_fixed,"NCSA, University of Illinois, Champaign -> Merit Univ of Michigan, Ann Arbor & Merit Univ of Michigan, Ann Arbor -> NCSA, University of Illinois, Champaign",2,"Merit Univ of Michigan, Ann Arbor","NCSA, University of Illinois, Champaign",7.2818933,7.281893258507811,1.0000000056979947
27,nsfnet,11,1.0,moving_average,critical_failure_fixed,"NCSA, University of Illinois, Champaign -> Merit Univ of Michigan, Ann Arbor & Merit Univ of Michigan, Ann Arbor -> NCSA, University of Illinois, Champaign",3,"MIDnet, Lincoln, NE","Cornell Theory Center, Ithaca NY",7.0766568,7.076656826864475,0.9999999962037901
27,nsfnet,11,1.0,moving_average,critical_failure_fixed,"NCSA, University of Illinois, Champaign -> Merit Univ of Michigan, Ann Arbor & Merit Univ of Michigan, Ann Arbor -> NCSA, University of Illinois, Champaign",4,"SURANET, Georgia Tech, Atlanta","Merit Univ of Michigan, Ann Arbor",6.7586998,6.758699751886904,1.0000000071186912
27,nsfnet,11,1.0,moving_average,critical_failure_fixed,"NCSA, University of Illinois, Champaign -> Merit Univ of Michigan, Ann Arbor & Merit Univ of Michigan, Ann Arbor -> NCSA, University of Illinois, Champaign",5,San Diego Supercomputer Center,"Merit Univ of Michigan, Ann Arbor",6.5071451,6.731814311088793,0.966625756340499
27,nsfnet,11,1.0,moving_average,random_failure_fixed,"SEQSUINET, Rice University, Houston -> SURANET, Georgia Tech, Atlanta & SURANET, Georgia Tech, Atlanta -> SEQSUINET, Rice University, Houston",1,"Jon Von Neumann Center, Princeton, NJ",San Diego Supercomputer Center,7.2875085,7.287508460019515,1.0000000054861666
27,nsfnet,11,1.0,moving_average,random_failure_fixed,"SEQSUINET, Rice University, Houston -> SURANET, Georgia Tech, Atlanta & SURANET, Georgia Tech, Atlanta -> SEQSUINET, Rice University, Houston",2,"SURANET, Georgia Tech, Atlanta",San Diego Supercomputer Center,6.765695,6.76569502866113,0.9999999957637566
27,nsfnet,11,1.0,moving_average,random_failure_fixed,"SEQSUINET, Rice University, Houston -> SURANET, Georgia Tech, Atlanta & SURANET, Georgia Tech, Atlanta -> SEQSUINET, Rice University, Houston",3,"SURANET, Georgia Tech, Atlanta","Merit Univ of Michigan, Ann Arbor",6.7586998,6.758699751886904,1.0000000071186912
27,nsfnet,11,1.0,moving_average,random_failure_fixed,"SEQSUINET, Rice University, Houston -> SURANET, Georgia Tech, Atlanta & SURANET, Georgia Tech, Atlanta -> SEQSUINET, Rice University, Houston",4,"NCSA, University of Illinois, Champaign","SURANET, Georgia Tech, Atlanta",6.6812025,6.681202500376147,0.9999999999437008
27,nsfnet,11,1.0,moving_average,random_failure_fixed,"SEQSUINET, Rice University, Houston -> SURANET, Georgia Tech, Atlanta & SURANET, Georgia Tech, Atlanta -> SEQSUINET, Rice University, Houston",5,"Jon Von Neumann Center, Princeton, NJ","NorthWestNet, Seattle",6.4579641,6.457964077363875,1.0000000035051488
27,nsfnet,11,1.0,linear_autoregressive,critical_failure_fixed,"NCSA, University of Illinois, Champaign -> Merit Univ of Michigan, Ann Arbor & Merit Univ of Michigan, Ann Arbor -> NCSA, University of Illinois, Champaign",1,"MIDnet, Lincoln, NE","Cornell Theory Center, Ithaca NY",7.9278723,7.927872333990938,0.9999999957124767
27,nsfnet,11,1.0,linear_autoregressive,critical_failure_fixed,"NCSA, University of Illinois, Champaign -> Merit Univ of Michigan, Ann Arbor & Merit Univ of Michigan, Ann Arbor -> NCSA, University of Illinois, Champaign",2,Pittsburgh Supercomputer Center,"MIDnet, Lincoln, NE",7.7523313,7.752331292867591,1.000000000920034
27,nsfnet,11,1.0,linear_autoregressive,critical_failure_fixed,"NCSA, University of Illinois, Champaign -> Merit Univ of Michigan, Ann Arbor & Merit Univ of Michigan, Ann Arbor -> NCSA, University of Illinois, Champaign",3,"Merit Univ of Michigan, Ann Arbor","NCSA, University of Illinois, Champaign",7.2289587,7.228958690255665,1.0000000013479584
27,nsfnet,11,1.0,linear_autoregressive,critical_failure_fixed,"NCSA, University of Illinois, Champaign -> Merit Univ of Michigan, Ann Arbor & Merit Univ of Michigan, Ann Arbor -> NCSA, University of Illinois, Champaign",4,"SURANET, Georgia Tech, Atlanta","Merit Univ of Michigan, Ann Arbor",7.170644,7.170644044400257,0.9999999938080517
27,nsfnet,11,1.0,linear_autoregressive,critical_failure_fixed,"NCSA, University of Illinois, Champaign -> Merit Univ of Michigan, Ann Arbor & Merit Univ of Michigan, Ann Arbor -> NCSA, University of Illinois, Champaign",5,San Diego Supercomputer Center,"Merit Univ of Michigan, Ann Arbor",6.851266,7.514240580263797,0.9117709137494074
27,nsfnet,11,1.0,linear_autoregressive,random_failure_fixed,"SEQSUINET, Rice University, Houston -> SURANET, Georgia Tech, Atlanta & SURANET, Georgia Tech, Atlanta -> SEQSUINET, Rice University, Houston",1,"Jon Von Neumann Center, Princeton, NJ",San Diego Supercomputer Center,8.0393205,8.039320527999676,0.999999996517159
27,nsfnet,11,1.0,linear_autoregressive,random_failure_fixed,"SEQSUINET, Rice University, Houston -> SURANET, Georgia Tech, Atlanta & SURANET, Georgia Tech, Atlanta -> SEQSUINET, Rice University, Houston",2,"SURANET, Georgia Tech, Atlanta",San Diego Supercomputer Center,7.3517747,7.351774716033036,0.9999999978191612
27,nsfnet,11,1.0,linear_autoregressive,random_failure_fixed,"SEQSUINET, Rice University, Houston -> SURANET, Georgia Tech, Atlanta & SURANET, Georgia Tech, Atlanta -> SEQSUINET, Rice University, Houston",3,"NCSA, University of Illinois, Champaign","SURANET, Georgia Tech, Atlanta",7.3049953,7.304995267268685,1.0000000044806756
27,nsfnet,11,1.0,linear_autoregressive,random_failure_fixed,"SEQSUINET, Rice University, Houston -> SURANET, Georgia Tech, Atlanta & SURANET, Georgia Tech, Atlanta -> SEQSUINET, Rice University, Houston",4,"SURANET, Georgia Tech, Atlanta","Merit Univ of Michigan, Ann Arbor",7.170644,7.170644044400257,0.9999999938080517
27,nsfnet,11,1.0,linear_autoregressive,random_failure_fixed,"SEQSUINET, Rice University, Houston -> SURANET, Georgia Tech, Atlanta & SURANET, Georgia Tech, Atlanta -> SEQSUINET, Rice University, Houston",5,"Jon Von Neumann Center, Princeton, NJ","NorthWestNet, Seattle",6.8065979,6.806597853652937,1.000000006809138
27,nsfnet,11,1.0,lstm,critical_failure_fixed,"NCSA, University of Illinois, Champaign -> Merit Univ of Michigan, Ann Arbor & Merit Univ of Michigan, Ann Arbor -> NCSA, University of Illinois, Champaign",1,"MIDnet, Lincoln, NE","Cornell Theory Center, Ithaca NY",5.3441658,5.344165802001953,0.9999999996253947
27,nsfnet,11,1.0,lstm,critical_failure_fixed,"NCSA, University of Illinois, Champaign -> Merit Univ of Michigan, Ann Arbor & Merit Univ of Michigan, Ann Arbor -> NCSA, University of Illinois, Champaign",2,"Merit Univ of Michigan, Ann Arbor","NCSA, University of Illinois, Champaign",5.3239465,5.323946475982666,1.0000000045111899
27,nsfnet,11,1.0,lstm,critical_failure_fixed,"NCSA, University of Illinois, Champaign -> Merit Univ of Michigan, Ann Arbor & Merit Univ of Michigan, Ann Arbor -> NCSA, University of Illinois, Champaign",3,Pittsburgh Supercomputer Center,"MIDnet, Lincoln, NE",5.3098097,5.309809684753418,1.000000002871399
27,nsfnet,11,1.0,lstm,critical_failure_fixed,"NCSA, University of Illinois, Champaign -> Merit Univ of Michigan, Ann Arbor & Merit Univ of Michigan, Ann Arbor -> NCSA, University of Illinois, Champaign",4,"SURANET, Georgia Tech, Atlanta","Merit Univ of Michigan, Ann Arbor",5.0678587,5.067858695983887,1.0000000007924676
27,nsfnet,11,1.0,lstm,critical_failure_fixed,"NCSA, University of Illinois, Champaign -> Merit Univ of Michigan, Ann Arbor & Merit Univ of Michigan, Ann Arbor -> NCSA, University of Illinois, Champaign",5,San Diego Supercomputer Center,"Merit Univ of Michigan, Ann Arbor",4.9937043,4.993704319000244,0.9999999961951603
27,nsfnet,11,1.0,lstm,random_failure_fixed,"SEQSUINET, Rice University, Houston -> SURANET, Georgia Tech, Atlanta & SURANET, Georgia Tech, Atlanta -> SEQSUINET, Rice University, Houston",1,"Jon Von Neumann Center, Princeton, NJ",San Diego Supercomputer Center,5.3069906,5.306990623474121,0.9999999955767547
27,nsfnet,11,1.0,lstm,random_failure_fixed,"SEQSUINET, Rice University, Houston -> SURANET, Georgia Tech, Atlanta & SURANET, Georgia Tech, Atlanta -> SEQSUINET, Rice University, Houston",2,"SURANET, Georgia Tech, Atlanta","Merit Univ of Michigan, Ann Arbor",5.0678587,5.067858695983887,1.0000000007924676
27,nsfnet,11,1.0,lstm,random_failure_fixed,"SEQSUINET, Rice University, Houston -> SURANET, Georgia Tech, Atlanta & SURANET, Georgia Tech, Atlanta -> SEQSUINET, Rice University, Houston",3,"SURANET, Georgia Tech, Atlanta",San Diego Supercomputer Center,5.0091758,5.009175777435303,1.0000000045046729
27,nsfnet,11,1.0,lstm,random_failure_fixed,"SEQSUINET, Rice University, Houston -> SURANET, Georgia Tech, Atlanta & SURANET, Georgia Tech, Atlanta -> SEQSUINET, Rice University, Houston",4,"Jon Von Neumann Center, Princeton, NJ","NorthWestNet, Seattle",4.7840877,4.784087657928467,1.0000000087940557
27,nsfnet,11,1.0,lstm,random_failure_fixed,"SEQSUINET, Rice University, Houston -> SURANET, Georgia Tech, Atlanta & SURANET, Georgia Tech, Atlanta -> SEQSUINET, Rice University, Houston",5,"NCSA, University of Illinois, Champaign","SURANET, Georgia Tech, Atlanta",4.6973424,4.697342395782471,1.0000000008978545
27,nsfnet,11,1.0,transformer,critical_failure_fixed,"NCSA, University of Illinois, Champaign -> Merit Univ of Michigan, Ann Arbor & Merit Univ of Michigan, Ann Arbor -> NCSA, University of Illinois, Champaign",1,"MIDnet, Lincoln, NE","Cornell Theory Center, Ithaca NY",5.437768,5.43776798248291,1.000000003221375
27,nsfnet,11,1.0,transformer,critical_failure_fixed,"NCSA, University of Illinois, Champaign -> Merit Univ of Michigan, Ann Arbor & Merit Univ of Michigan, Ann Arbor -> NCSA, University of Illinois, Champaign",2,Pittsburgh Supercomputer Center,"MIDnet, Lincoln, NE",5.3604503,5.360450267791748,1.0000000060084975
27,nsfnet,11,1.0,transformer,critical_failure_fixed,"NCSA, University of Illinois, Champaign -> Merit Univ of Michigan, Ann Arbor & Merit Univ of Michigan, Ann Arbor -> NCSA, University of Illinois, Champaign",3,"Merit Univ of Michigan, Ann Arbor","NCSA, University of Illinois, Champaign",5.3288612,5.328861236572266,0.9999999931369454
27,nsfnet,11,1.0,transformer,critical_failure_fixed,"NCSA, University of Illinois, Champaign -> Merit Univ of Michigan, Ann Arbor & Merit Univ of Michigan, Ann Arbor -> NCSA, University of Illinois, Champaign",4,"SURANET, Georgia Tech, Atlanta","Merit Univ of Michigan, Ann Arbor",5.10672,5.106719970703125,1.000000005736926
27,nsfnet,11,1.0,transformer,critical_failure_fixed,"NCSA, University of Illinois, Champaign -> Merit Univ of Michigan, Ann Arbor & Merit Univ of Michigan, Ann Arbor -> NCSA, University of Illinois, Champaign",5,San Diego Supercomputer Center,"Merit Univ of Michigan, Ann Arbor",5.0929294,5.092929363250732,1.0000000072157427
27,nsfnet,11,1.0,transformer,random_failure_fixed,"SEQSUINET, Rice University, Houston -> SURANET, Georgia Tech, Atlanta & SURANET, Georgia Tech, Atlanta -> SEQSUINET, Rice University, Houston",1,"Jon Von Neumann Center, Princeton, NJ",San Diego Supercomputer Center,5.3293285,5.329328536987305,0.9999999930596689
27,nsfnet,11,1.0,transformer,random_failure_fixed,"SEQSUINET, Rice University, Houston -> SURANET, Georgia Tech, Atlanta & SURANET, Georgia Tech, Atlanta -> SEQSUINET, Rice University, Houston",2,"SURANET, Georgia Tech, Atlanta","Merit Univ of Michigan, Ann Arbor",5.10672,5.106719970703125,1.000000005736926
27,nsfnet,11,1.0,transformer,random_failure_fixed,"SEQSUINET, Rice University, Houston -> SURANET, Georgia Tech, Atlanta & SURANET, Georgia Tech, Atlanta -> SEQSUINET, Rice University, Houston",3,"SURANET, Georgia Tech, Atlanta",San Diego Supercomputer Center,5.0476279,5.047627925872803,0.9999999948742652
27,nsfnet,11,1.0,transformer,random_failure_fixed,"SEQSUINET, Rice University, Houston -> SURANET, Georgia Tech, Atlanta & SURANET, Georgia Tech, Atlanta -> SEQSUINET, Rice University, Houston",4,"Jon Von Neumann Center, Princeton, NJ","NorthWestNet, Seattle",4.786994,4.786993980407715,1.0000000040928159
27,nsfnet,11,1.0,transformer,random_failure_fixed,"SEQSUINET, Rice University, Houston -> SURANET, Georgia Tech, Atlanta & SURANET, Georgia Tech, Atlanta -> SEQSUINET, Rice University, Houston",5,"NCSA, University of Illinois, Champaign","SURANET, Georgia Tech, Atlanta",4.7339334,4.733933448791504,0.9999999896932424
28,nsfnet,11,1.0,moving_average,critical_failure_fixed,"NCSA, University of Illinois, Champaign -> Merit Univ of Michigan, Ann Arbor & Merit Univ of Michigan, Ann Arbor -> NCSA, University of Illinois, Champaign",1,Pittsburgh Supercomputer Center,"MIDnet, Lincoln, NE",7.5200683,7.520068326539931,0.9999999964707859
28,nsfnet,11,1.0,moving_average,critical_failure_fixed,"NCSA, University of Illinois, Champaign -> Merit Univ of Michigan, Ann Arbor & Merit Univ of Michigan, Ann Arbor -> NCSA, University of Illinois, Champaign",2,"Merit Univ of Michigan, Ann Arbor","NCSA, University of Illinois, Champaign",7.4745675,7.474567461063881,1.000000005209147
28,nsfnet,11,1.0,moving_average,critical_failure_fixed,"NCSA, University of Illinois, Champaign -> Merit Univ of Michigan, Ann Arbor & Merit Univ of Michigan, Ann Arbor -> NCSA, University of Illinois, Champaign",3,"MIDnet, Lincoln, NE","Cornell Theory Center, Ithaca NY",7.2394616,7.239461592472798,1.000000001039746
28,nsfnet,11,1.0,moving_average,critical_failure_fixed,"NCSA, University of Illinois, Champaign -> Merit Univ of Michigan, Ann Arbor & Merit Univ of Michigan, Ann Arbor -> NCSA, University of Illinois, Champaign",4,"SURANET, Georgia Tech, Atlanta","Merit Univ of Michigan, Ann Arbor",7.0839727,7.083972689781222,1.000000001442521
28,nsfnet,11,1.0,moving_average,critical_failure_fixed,"NCSA, University of Illinois, Champaign -> Merit Univ of Michigan, Ann Arbor & Merit Univ of Michigan, Ann Arbor -> NCSA, University of Illinois, Champaign",5,San Diego Supercomputer Center,"Merit Univ of Michigan, Ann Arbor",6.8710931,6.8710930542018325,1.0000000066653394
28,nsfnet,11,1.0,moving_average,random_failure_fixed,"BARRnet, Palo Alto -> Merit Univ of Michigan, Ann Arbor & Merit Univ of Michigan, Ann Arbor -> BARRnet, Palo Alto",1,"BARRnet, Palo Alto","Cornell Theory Center, Ithaca NY",7.3534031,7.353403078352995,1.0000000029438079
28,nsfnet,11,1.0,moving_average,random_failure_fixed,"BARRnet, Palo Alto -> Merit Univ of Michigan, Ann Arbor & Merit Univ of Michigan, Ann Arbor -> BARRnet, Palo Alto",2,Pittsburgh Supercomputer Center,"NorthWestNet, Seattle",7.1938021,7.1938021248073785,0.9999999965515624
28,nsfnet,11,1.0,moving_average,random_failure_fixed,"BARRnet, Palo Alto -> Merit Univ of Michigan, Ann Arbor & Merit Univ of Michigan, Ann Arbor -> BARRnet, Palo Alto",3,"BARRnet, Palo Alto",Pittsburgh Supercomputer Center,7.1740821,7.174082061364305,1.0000000053854547
28,nsfnet,11,1.0,moving_average,random_failure_fixed,"BARRnet, Palo Alto -> Merit Univ of Michigan, Ann Arbor & Merit Univ of Michigan, Ann Arbor -> BARRnet, Palo Alto",4,"NorthWestNet, Seattle",Pittsburgh Supercomputer Center,6.9351086,6.935108563492259,1.0000000052641917
28,nsfnet,11,1.0,moving_average,random_failure_fixed,"BARRnet, Palo Alto -> Merit Univ of Michigan, Ann Arbor & Merit Univ of Michigan, Ann Arbor -> BARRnet, Palo Alto",5,"NorthWestNet, Seattle","Merit Univ of Michigan, Ann Arbor",6.6815014,6.68150141789553,0.9999999973216305
28,nsfnet,11,1.0,linear_autoregressive,critical_failure_fixed,"NCSA, University of Illinois, Champaign -> Merit Univ of Michigan, Ann Arbor & Merit Univ of Michigan, Ann Arbor -> NCSA, University of Illinois, Champaign",1,"Merit Univ of Michigan, Ann Arbor","NCSA, University of Illinois, Champaign",6.8880328,6.888032845467622,0.9999999933990411
28,nsfnet,11,1.0,linear_autoregressive,critical_failure_fixed,"NCSA, University of Illinois, Champaign -> Merit Univ of Michigan, Ann Arbor & Merit Univ of Michigan, Ann Arbor -> NCSA, University of Illinois, Champaign",2,Pittsburgh Supercomputer Center,"MIDnet, Lincoln, NE",6.7592034,6.759203404411929,0.9999999993472708
28,nsfnet,11,1.0,linear_autoregressive,critical_failure_fixed,"NCSA, University of Illinois, Champaign -> Merit Univ of Michigan, Ann Arbor & Merit Univ of Michigan, Ann Arbor -> NCSA, University of Illinois, Champaign",3,"MIDnet, Lincoln, NE","Cornell Theory Center, Ithaca NY",6.5858804,6.585880389582718,1.00000000158176
28,nsfnet,11,1.0,linear_autoregressive,critical_failure_fixed,"NCSA, University of Illinois, Champaign -> Merit Univ of Michigan, Ann Arbor & Merit Univ of Michigan, Ann Arbor -> NCSA, University of Illinois, Champaign",4,"SURANET, Georgia Tech, Atlanta","Merit Univ of Michigan, Ann Arbor",6.4042636,6.404263612144883,0.9999999981036255
28,nsfnet,11,1.0,linear_autoregressive,critical_failure_fixed,"NCSA, University of Illinois, Champaign -> Merit Univ of Michigan, Ann Arbor & Merit Univ of Michigan, Ann Arbor -> NCSA, University of Illinois, Champaign",5,"Westnet, Salt Lake City","Cornell Theory Center, Ithaca NY",6.3158112,6.824958384154115,0.9253992250947302
28,nsfnet,11,1.0,linear_autoregressive,random_failure_fixed,"BARRnet, Palo Alto -> Merit Univ of Michigan, Ann Arbor & Merit Univ of Michigan, Ann Arbor -> BARRnet, Palo Alto",1,"BARRnet, Palo Alto",Pittsburgh Supercomputer Center,6.9099954,6.909995417015618,0.9999999975375355
28,nsfnet,11,1.0,linear_autoregressive,random_failure_fixed,"BARRnet, Palo Alto -> Merit Univ of Michigan, Ann Arbor & Merit Univ of Michigan, Ann Arbor -> BARRnet, Palo Alto",2,"BARRnet, Palo Alto","Cornell Theory Center, Ithaca NY",6.6057187,6.605718662981013,1.0000000056040816
28,nsfnet,11,1.0,linear_autoregressive,random_failure_fixed,"BARRnet, Palo Alto -> Merit Univ of Michigan, Ann Arbor & Merit Univ of Michigan, Ann Arbor -> BARRnet, Palo Alto",3,Pittsburgh Supercomputer Center,"NorthWestNet, Seattle",6.5851424,6.585142443442698,0.999999993402922
28,nsfnet,11,1.0,linear_autoregressive,random_failure_fixed,"BARRnet, Palo Alto -> Merit Univ of Michigan, Ann Arbor & Merit Univ of Michigan, Ann Arbor -> BARRnet, Palo Alto",4,"NorthWestNet, Seattle",Pittsburgh Supercomputer Center,6.2382994,6.238299401384195,0.9999999997781134
28,nsfnet,11,1.0,linear_autoregressive,random_failure_fixed,"BARRnet, Palo Alto -> Merit Univ of Michigan, Ann Arbor & Merit Univ of Michigan, Ann Arbor -> BARRnet, Palo Alto",5,"Merit Univ of Michigan, Ann Arbor","NorthWestNet, Seattle",6.1230159,6.123015903756761,0.9999999993864527
28,nsfnet,11,1.0,lstm,critical_failure_fixed,"NCSA, University of Illinois, Champaign -> Merit Univ of Michigan, Ann Arbor & Merit Univ of Michigan, Ann Arbor -> NCSA, University of Illinois, Champaign",1,"MIDnet, Lincoln, NE","Cornell Theory Center, Ithaca NY",5.3441658,5.344165802001953,0.9999999996253947
28,nsfnet,11,1.0,lstm,critical_failure_fixed,"NCSA, University of Illinois, Champaign -> Merit Univ of Michigan, Ann Arbor & Merit Univ of Michigan, Ann Arbor -> NCSA, University of Illinois, Champaign",2,"Merit Univ of Michigan, Ann Arbor","NCSA, University of Illinois, Champaign",5.3239465,5.323946475982666,1.0000000045111899
28,nsfnet,11,1.0,lstm,critical_failure_fixed,"NCSA, University of Illinois, Champaign -> Merit Univ of Michigan, Ann Arbor & Merit Univ of Michigan, Ann Arbor -> NCSA, University of Illinois, Champaign",3,Pittsburgh Supercomputer Center,"MIDnet, Lincoln, NE",5.3098097,5.309809684753418,1.000000002871399
28,nsfnet,11,1.0,lstm,critical_failure_fixed,"NCSA, University of Illinois, Champaign -> Merit Univ of Michigan, Ann Arbor & Merit Univ of Michigan, Ann Arbor -> NCSA, University of Illinois, Champaign",4,"SURANET, Georgia Tech, Atlanta","Merit Univ of Michigan, Ann Arbor",5.0678587,5.067858695983887,1.0000000007924676
28,nsfnet,11,1.0,lstm,critical_failure_fixed,"NCSA, University of Illinois, Champaign -> Merit Univ of Michigan, Ann Arbor & Merit Univ of Michigan, Ann Arbor -> NCSA, University of Illinois, Champaign",5,San Diego Supercomputer Center,"Merit Univ of Michigan, Ann Arbor",4.9937043,4.993704319000244,0.9999999961951603
28,nsfnet,11,1.0,lstm,random_failure_fixed,"BARRnet, Palo Alto -> Merit Univ of Michigan, Ann Arbor & Merit Univ of Michigan, Ann Arbor -> BARRnet, Palo Alto",1,"BARRnet, Palo Alto",Pittsburgh Supercomputer Center,5.3947377,5.394737720489502,0.9999999962019467
28,nsfnet,11,1.0,lstm,random_failure_fixed,"BARRnet, Palo Alto -> Merit Univ of Michigan, Ann Arbor & Merit Univ of Michigan, Ann Arbor -> BARRnet, Palo Alto",2,Pittsburgh Supercomputer Center,"NorthWestNet, Seattle",5.1167474,5.1167473793029785,1.0000000040449568
28,nsfnet,11,1.0,lstm,random_failure_fixed,"BARRnet, Palo Alto -> Merit Univ of Michigan, Ann Arbor & Merit Univ of Michigan, Ann Arbor -> BARRnet, Palo Alto",3,"BARRnet, Palo Alto","Cornell Theory Center, Ithaca NY",5.1014905,5.101490497589111,1.000000000472585
28,nsfnet,11,1.0,lstm,random_failure_fixed,"BARRnet, Palo Alto -> Merit Univ of Michigan, Ann Arbor & Merit Univ of Michigan, Ann Arbor -> BARRnet, Palo Alto",4,"NorthWestNet, Seattle",Pittsburgh Supercomputer Center,4.986558,4.986557960510254,1.0000000079192393
28,nsfnet,11,1.0,lstm,random_failure_fixed,"BARRnet, Palo Alto -> Merit Univ of Michigan, Ann Arbor & Merit Univ of Michigan, Ann Arbor -> BARRnet, Palo Alto",5,"NorthWestNet, Seattle","Merit Univ of Michigan, Ann Arbor",4.8609104,4.860910415649414,0.9999999967805591
28,nsfnet,11,1.0,transformer,critical_failure_fixed,"NCSA, University of Illinois, Champaign -> Merit Univ of Michigan, Ann Arbor & Merit Univ of Michigan, Ann Arbor -> NCSA, University of Illinois, Champaign",1,"MIDnet, Lincoln, NE","Cornell Theory Center, Ithaca NY",5.4376998,5.437699794769287,1.0000000009619348
28,nsfnet,11,1.0,transformer,critical_failure_fixed,"NCSA, University of Illinois, Champaign -> Merit Univ of Michigan, Ann Arbor & Merit Univ of Michigan, Ann Arbor -> NCSA, University of Illinois, Champaign",2,Pittsburgh Supercomputer Center,"MIDnet, Lincoln, NE",5.3604369,5.360436916351318,0.9999999969496295
28,nsfnet,11,1.0,transformer,critical_failure_fixed,"NCSA, University of Illinois, Champaign -> Merit Univ of Michigan, Ann Arbor & Merit Univ of Michigan, Ann Arbor -> NCSA, University of Illinois, Champaign",3,"Merit Univ of Michigan, Ann Arbor","NCSA, University of Illinois, Champaign",5.3288665,5.328866481781006,1.000000003418925
28,nsfnet,11,1.0,transformer,critical_failure_fixed,"NCSA, University of Illinois, Champaign -> Merit Univ of Michigan, Ann Arbor & Merit Univ of Michigan, Ann Arbor -> NCSA, University of Illinois, Champaign",4,"SURANET, Georgia Tech, Atlanta","Merit Univ of Michigan, Ann Arbor",5.1067324,5.106732368469238,1.0000000061743517
28,nsfnet,11,1.0,transformer,critical_failure_fixed,"NCSA, University of Illinois, Champaign -> Merit Univ of Michigan, Ann Arbor & Merit Univ of Michigan, Ann Arbor -> NCSA, University of Illinois, Champaign",5,San Diego Supercomputer Center,"Merit Univ of Michigan, Ann Arbor",5.0929084,5.0929083824157715,1.0000000034526888
28,nsfnet,11,1.0,transformer,random_failure_fixed,"BARRnet, Palo Alto -> Merit Univ of Michigan, Ann Arbor & Merit Univ of Michigan, Ann Arbor -> BARRnet, Palo Alto",1,"BARRnet, Palo Alto",Pittsburgh Supercomputer Center,5.4989195,5.498919486999512,1.0000000023641897
28,nsfnet,11,1.0,transformer,random_failure_fixed,"BARRnet, Palo Alto -> Merit Univ of Michigan, Ann Arbor & Merit Univ of Michigan, Ann Arbor -> BARRnet, Palo Alto",2,"BARRnet, Palo Alto","Cornell Theory Center, Ithaca NY",5.157702,5.1577019691467285,1.0000000059819802
28,nsfnet,11,1.0,transformer,random_failure_fixed,"BARRnet, Palo Alto -> Merit Univ of Michigan, Ann Arbor & Merit Univ of Michigan, Ann Arbor -> BARRnet, Palo Alto",3,Pittsburgh Supercomputer Center,"NorthWestNet, Seattle",5.0973186,5.097318649291992,0.9999999903298195
28,nsfnet,11,1.0,transformer,random_failure_fixed,"BARRnet, Palo Alto -> Merit Univ of Michigan, Ann Arbor & Merit Univ of Michigan, Ann Arbor -> BARRnet, Palo Alto",4,"NorthWestNet, Seattle",Pittsburgh Supercomputer Center,5.05089,5.05088996887207,1.0000000061628604
28,nsfnet,11,1.0,transformer,random_failure_fixed,"BARRnet, Palo Alto -> Merit Univ of Michigan, Ann Arbor & Merit Univ of Michigan, Ann Arbor -> BARRnet, Palo Alto",5,"NorthWestNet, Seattle","Merit Univ of Michigan, Ann Arbor",4.9302573,4.930257320404053,0.9999999958614629
29,nsfnet,11,1.0,moving_average,critical_failure_fixed,"NCSA, University of Illinois, Champaign -> Merit Univ of Michigan, Ann Arbor & Merit Univ of Michigan, Ann Arbor -> NCSA, University of Illinois, Champaign",1,Pittsburgh Supercomputer Center,"MIDnet, Lincoln, NE",7.357461,7.357460984158673,1.0000000021530968
29,nsfnet,11,1.0,moving_average,critical_failure_fixed,"NCSA, University of Illinois, Champaign -> Merit Univ of Michigan, Ann Arbor & Merit Univ of Michigan, Ann Arbor -> NCSA, University of Illinois, Champaign",2,"Merit Univ of Michigan, Ann Arbor","NCSA, University of Illinois, Champaign",7.297165,7.297165001205739,0.9999999998347661
29,nsfnet,11,1.0,moving_average,critical_failure_fixed,"NCSA, University of Illinois, Champaign -> Merit Univ of Michigan, Ann Arbor & Merit Univ of Michigan, Ann Arbor -> NCSA, University of Illinois, Champaign",3,"MIDnet, Lincoln, NE","Cornell Theory Center, Ithaca NY",7.0801189,7.080118857141669,1.000000006053335
29,nsfnet,11,1.0,moving_average,critical_failure_fixed,"NCSA, University of Illinois, Champaign -> Merit Univ of Michigan, Ann Arbor & Merit Univ of Michigan, Ann Arbor -> NCSA, University of Illinois, Champaign",4,"SURANET, Georgia Tech, Atlanta","Merit Univ of Michigan, Ann Arbor",6.9696813,6.969681267786449,1.0000000046219548
29,nsfnet,11,1.0,moving_average,critical_failure_fixed,"NCSA, University of Illinois, Champaign -> Merit Univ of Michigan, Ann Arbor & Merit Univ of Michigan, Ann Arbor -> NCSA, University of Illinois, Champaign",5,San Diego Supercomputer Center,"Merit Univ of Michigan, Ann Arbor",6.7438537,6.743853657956517,1.0000000062343408
29,nsfnet,11,1.0,moving_average,random_failure_fixed,"NCSA, University of Illinois, Champaign -> Merit Univ of Michigan, Ann Arbor & Merit Univ of Michigan, Ann Arbor -> NCSA, University of Illinois, Champaign",1,Pittsburgh Supercomputer Center,"MIDnet, Lincoln, NE",7.357461,7.357460984158673,1.0000000021530968
29,nsfnet,11,1.0,moving_average,random_failure_fixed,"NCSA, University of Illinois, Champaign -> Merit Univ of Michigan, Ann Arbor & Merit Univ of Michigan, Ann Arbor -> NCSA, University of Illinois, Champaign",2,"Merit Univ of Michigan, Ann Arbor","NCSA, University of Illinois, Champaign",7.297165,7.297165001205739,0.9999999998347661
29,nsfnet,11,1.0,moving_average,random_failure_fixed,"NCSA, University of Illinois, Champaign -> Merit Univ of Michigan, Ann Arbor & Merit Univ of Michigan, Ann Arbor -> NCSA, University of Illinois, Champaign",3,"MIDnet, Lincoln, NE","Cornell Theory Center, Ithaca NY",7.0801189,7.080118857141669,1.000000006053335
29,nsfnet,11,1.0,moving_average,random_failure_fixed,"NCSA, University of Illinois, Champaign -> Merit Univ of Michigan, Ann Arbor & Merit Univ of Michigan, Ann Arbor -> NCSA, University of Illinois, Champaign",4,"SURANET, Georgia Tech, Atlanta","Merit Univ of Michigan, Ann Arbor",6.9696813,6.969681267786449,1.0000000046219548
29,nsfnet,11,1.0,moving_average,random_failure_fixed,"NCSA, University of Illinois, Champaign -> Merit Univ of Michigan, Ann Arbor & Merit Univ of Michigan, Ann Arbor -> NCSA, University of Illinois, Champaign",5,San Diego Supercomputer Center,"Merit Univ of Michigan, Ann Arbor",6.7438537,6.743853657956517,1.0000000062343408
29,nsfnet,11,1.0,linear_autoregressive,critical_failure_fixed,"NCSA, University of Illinois, Champaign -> Merit Univ of Michigan, Ann Arbor & Merit Univ of Michigan, Ann Arbor -> NCSA, University of Illinois, Champaign",1,"Merit Univ of Michigan, Ann Arbor","NCSA, University of Illinois, Champaign",6.4259614,6.4259614024953,0.9999999996116846
29,nsfnet,11,1.0,linear_autoregressive,critical_failure_fixed,"NCSA, University of Illinois, Champaign -> Merit Univ of Michigan, Ann Arbor & Merit Univ of Michigan, Ann Arbor -> NCSA, University of Illinois, Champaign",2,"MIDnet, Lincoln, NE","Cornell Theory Center, Ithaca NY",6.4207151,6.420715060808482,1.0000000061039178
29,nsfnet,11,1.0,linear_autoregressive,critical_failure_fixed,"NCSA, University of Illinois, Champaign -> Merit Univ of Michigan, Ann Arbor & Merit Univ of Michigan, Ann Arbor -> NCSA, University of Illinois, Champaign",3,Pittsburgh Supercomputer Center,"MIDnet, Lincoln, NE",6.4153366,6.415336626697685,0.9999999958384592
29,nsfnet,11,1.0,linear_autoregressive,critical_failure_fixed,"NCSA, University of Illinois, Champaign -> Merit Univ of Michigan, Ann Arbor & Merit Univ of Michigan, Ann Arbor -> NCSA, University of Illinois, Champaign",4,San Diego Supercomputer Center,"Merit Univ of Michigan, Ann Arbor",6.165888,6.165887994642108,1.0000000008689571
29,nsfnet,11,1.0,linear_autoregressive,critical_failure_fixed,"NCSA, University of Illinois, Champaign -> Merit Univ of Michigan, Ann Arbor & Merit Univ of Michigan, Ann Arbor -> NCSA, University of Illinois, Champaign",5,"SURANET, Georgia Tech, Atlanta","Merit Univ of Michigan, Ann Arbor",6.1279277,6.127927682175143,1.0000000029087903
29,nsfnet,11,1.0,linear_autoregressive,random_failure_fixed,"NCSA, University of Illinois, Champaign -> Merit Univ of Michigan, Ann Arbor & Merit Univ of Michigan, Ann Arbor -> NCSA, University of Illinois, Champaign",1,"Merit Univ of Michigan, Ann Arbor","NCSA, University of Illinois, Champaign",6.4259614,6.4259614024953,0.9999999996116846
29,nsfnet,11,1.0,linear_autoregressive,random_failure_fixed,"NCSA, University of Illinois, Champaign -> Merit Univ of Michigan, Ann Arbor & Merit Univ of Michigan, Ann Arbor -> NCSA, University of Illinois, Champaign",2,"MIDnet, Lincoln, NE","Cornell Theory Center, Ithaca NY",6.4207151,6.420715060808482,1.0000000061039178
29,nsfnet,11,1.0,linear_autoregressive,random_failure_fixed,"NCSA, University of Illinois, Champaign -> Merit Univ of Michigan, Ann Arbor & Merit Univ of Michigan, Ann Arbor -> NCSA, University of Illinois, Champaign",3,Pittsburgh Supercomputer Center,"MIDnet, Lincoln, NE",6.4153366,6.415336626697685,0.9999999958384592
29,nsfnet,11,1.0,linear_autoregressive,random_failure_fixed,"NCSA, University of Illinois, Champaign -> Merit Univ of Michigan, Ann Arbor & Merit Univ of Michigan, Ann Arbor -> NCSA, University of Illinois, Champaign",4,San Diego Supercomputer Center,"Merit Univ of Michigan, Ann Arbor",6.165888,6.165887994642108,1.0000000008689571
29,nsfnet,11,1.0,linear_autoregressive,random_failure_fixed,"NCSA, University of Illinois, Champaign -> Merit Univ of Michigan, Ann Arbor & Merit Univ of Michigan, Ann Arbor -> NCSA, University of Illinois, Champaign",5,"SURANET, Georgia Tech, Atlanta","Merit Univ of Michigan, Ann Arbor",6.1279277,6.127927682175143,1.0000000029087903
29,nsfnet,11,1.0,lstm,critical_failure_fixed,"NCSA, University of Illinois, Champaign -> Merit Univ of Michigan, Ann Arbor & Merit Univ of Michigan, Ann Arbor -> NCSA, University of Illinois, Champaign",1,"MIDnet, Lincoln, NE","Cornell Theory Center, Ithaca NY",5.3441658,5.344165802001953,0.9999999996253947
29,nsfnet,11,1.0,lstm,critical_failure_fixed,"NCSA, University of Illinois, Champaign -> Merit Univ of Michigan, Ann Arbor & Merit Univ of Michigan, Ann Arbor -> NCSA, University of Illinois, Champaign",2,"Merit Univ of Michigan, Ann Arbor","NCSA, University of Illinois, Champaign",5.3239465,5.323946475982666,1.0000000045111899
29,nsfnet,11,1.0,lstm,critical_failure_fixed,"NCSA, University of Illinois, Champaign -> Merit Univ of Michigan, Ann Arbor & Merit Univ of Michigan, Ann Arbor -> NCSA, University of Illinois, Champaign",3,Pittsburgh Supercomputer Center,"MIDnet, Lincoln, NE",5.3098097,5.309809684753418,1.000000002871399
29,nsfnet,11,1.0,lstm,critical_failure_fixed,"NCSA, University of Illinois, Champaign -> Merit Univ of Michigan, Ann Arbor & Merit Univ of Michigan, Ann Arbor -> NCSA, University of Illinois, Champaign",4,"SURANET, Georgia Tech, Atlanta","Merit Univ of Michigan, Ann Arbor",5.0678587,5.067858695983887,1.0000000007924676
29,nsfnet,11,1.0,lstm,critical_failure_fixed,"NCSA, University of Illinois, Champaign -> Merit Univ of Michigan, Ann Arbor & Merit Univ of Michigan, Ann Arbor -> NCSA, University of Illinois, Champaign",5,San Diego Supercomputer Center,"Merit Univ of Michigan, Ann Arbor",4.9937043,4.993704319000244,0.9999999961951603
29,nsfnet,11,1.0,lstm,random_failure_fixed,"NCSA, University of Illinois, Champaign -> Merit Univ of Michigan, Ann Arbor & Merit Univ of Michigan, Ann Arbor -> NCSA, University of Illinois, Champaign",1,"MIDnet, Lincoln, NE","Cornell Theory Center, Ithaca NY",5.3441658,5.344165802001953,0.9999999996253947
29,nsfnet,11,1.0,lstm,random_failure_fixed,"NCSA, University of Illinois, Champaign -> Merit Univ of Michigan, Ann Arbor & Merit Univ of Michigan, Ann Arbor -> NCSA, University of Illinois, Champaign",2,"Merit Univ of Michigan, Ann Arbor","NCSA, University of Illinois, Champaign",5.3239465,5.323946475982666,1.0000000045111899
29,nsfnet,11,1.0,lstm,random_failure_fixed,"NCSA, University of Illinois, Champaign -> Merit Univ of Michigan, Ann Arbor & Merit Univ of Michigan, Ann Arbor -> NCSA, University of Illinois, Champaign",3,Pittsburgh Supercomputer Center,"MIDnet, Lincoln, NE",5.3098097,5.309809684753418,1.000000002871399
29,nsfnet,11,1.0,lstm,random_failure_fixed,"NCSA, University of Illinois, Champaign -> Merit Univ of Michigan, Ann Arbor & Merit Univ of Michigan, Ann Arbor -> NCSA, University of Illinois, Champaign",4,"SURANET, Georgia Tech, Atlanta","Merit Univ of Michigan, Ann Arbor",5.0678587,5.067858695983887,1.0000000007924676
29,nsfnet,11,1.0,lstm,random_failure_fixed,"NCSA, University of Illinois, Champaign -> Merit Univ of Michigan, Ann Arbor & Merit Univ of Michigan, Ann Arbor -> NCSA, University of Illinois, Champaign",5,San Diego Supercomputer Center,"Merit Univ of Michigan, Ann Arbor",4.9937043,4.993704319000244,0.9999999961951603
29,nsfnet,11,1.0,transformer,critical_failure_fixed,"NCSA, University of Illinois, Champaign -> Merit Univ of Michigan, Ann Arbor & Merit Univ of Michigan, Ann Arbor -> NCSA, University of Illinois, Champaign",1,"MIDnet, Lincoln, NE","Cornell Theory Center, Ithaca NY",5.4376917,5.437691688537598,1.0000000021079538
29,nsfnet,11,1.0,transformer,critical_failure_fixed,"NCSA, University of Illinois, Champaign -> Merit Univ of Michigan, Ann Arbor & Merit Univ of Michigan, Ann Arbor -> NCSA, University of Illinois, Champaign",2,Pittsburgh Supercomputer Center,"MIDnet, Lincoln, NE",5.3604469,5.360446929931641,0.9999999944162044
29,nsfnet,11,1.0,transformer,critical_failure_fixed,"NCSA, University of Illinois, Champaign -> Merit Univ of Michigan, Ann Arbor & Merit Univ of Michigan, Ann Arbor -> NCSA, University of Illinois, Champaign",3,"Merit Univ of Michigan, Ann Arbor","NCSA, University of Illinois, Champaign",5.3288689,5.328868865966797,1.0000000063865717
29,nsfnet,11,1.0,transformer,critical_failure_fixed,"NCSA, University of Illinois, Champaign -> Merit Univ of Michigan, Ann Arbor & Merit Univ of Michigan, Ann Arbor -> NCSA, University of Illinois, Champaign",4,"SURANET, Georgia Tech, Atlanta","Merit Univ of Michigan, Ann Arbor",5.1067157,5.106715679168701,1.0000000040791968
29,nsfnet,11,1.0,transformer,critical_failure_fixed,"NCSA, University of Illinois, Champaign -> Merit Univ of Michigan, Ann Arbor & Merit Univ of Michigan, Ann Arbor -> NCSA, University of Illinois, Champaign",5,San Diego Supercomputer Center,"Merit Univ of Michigan, Ann Arbor",5.0928965,5.092896461486816,1.0000000075621376
29,nsfnet,11,1.0,transformer,random_failure_fixed,"NCSA, University of Illinois, Champaign -> Merit Univ of Michigan, Ann Arbor & Merit Univ of Michigan, Ann Arbor -> NCSA, University of Illinois, Champaign",1,"MIDnet, Lincoln, NE","Cornell Theory Center, Ithaca NY",5.4376917,5.437691688537598,1.0000000021079538
29,nsfnet,11,1.0,transformer,random_failure_fixed,"NCSA, University of Illinois, Champaign -> Merit Univ of Michigan, Ann Arbor & Merit Univ of Michigan, Ann Arbor -> NCSA, University of Illinois, Champaign",2,Pittsburgh Supercomputer Center,"MIDnet, Lincoln, NE",5.3604469,5.360446929931641,0.9999999944162044
29,nsfnet,11,1.0,transformer,random_failure_fixed,"NCSA, University of Illinois, Champaign -> Merit Univ of Michigan, Ann Arbor & Merit Univ of Michigan, Ann Arbor -> NCSA, University of Illinois, Champaign",3,"Merit Univ of Michigan, Ann Arbor","NCSA, University of Illinois, Champaign",5.3288689,5.328868865966797,1.0000000063865717
29,nsfnet,11,1.0,transformer,random_failure_fixed,"NCSA, University of Illinois, Champaign -> Merit Univ of Michigan, Ann Arbor & Merit Univ of Michigan, Ann Arbor -> NCSA, University of Illinois, Champaign",4,"SURANET, Georgia Tech, Atlanta","Merit Univ of Michigan, Ann Arbor",5.1067157,5.106715679168701,1.0000000040791968
29,nsfnet,11,1.0,transformer,random_failure_fixed,"NCSA, University of Illinois, Champaign -> Merit Univ of Michigan, Ann Arbor & Merit Univ of Michigan, Ann Arbor -> NCSA, University of Illinois, Champaign",5,San Diego Supercomputer Center,"Merit Univ of Michigan, Ann Arbor",5.0928965,5.092896461486816,1.0000000075621376
30,nsfnet,11,1.0,moving_average,critical_failure_fixed,"NCSA, University of Illinois, Champaign -> Merit Univ of Michigan, Ann Arbor & Merit Univ of Michigan, Ann Arbor -> NCSA, University of Illinois, Champaign",1,Pittsburgh Supercomputer Center,"MIDnet, Lincoln, NE",6.8704256,6.870425599147791,1.0000000001240401
30,nsfnet,11,1.0,moving_average,critical_failure_fixed,"NCSA, University of Illinois, Champaign -> Merit Univ of Michigan, Ann Arbor & Merit Univ of Michigan, Ann Arbor -> NCSA, University of Illinois, Champaign",2,"Merit Univ of Michigan, Ann Arbor","NCSA, University of Illinois, Champaign",6.806525,6.8065250010644895,0.9999999998436074
30,nsfnet,11,1.0,moving_average,critical_failure_fixed,"NCSA, University of Illinois, Champaign -> Merit Univ of Michigan, Ann Arbor & Merit Univ of Michigan, Ann Arbor -> NCSA, University of Illinois, Champaign",3,"MIDnet, Lincoln, NE","Cornell Theory Center, Ithaca NY",6.6628115,6.662811494248686,1.0000000008631962
30,nsfnet,11,1.0,moving_average,critical_failure_fixed,"NCSA, University of Illinois, Champaign -> Merit Univ of Michigan, Ann Arbor & Merit Univ of Michigan, Ann Arbor -> NCSA, University of Illinois, Champaign",4,"SURANET, Georgia Tech, Atlanta","Merit Univ of Michigan, Ann Arbor",6.5207606,6.520760591593285,1.0000000012892232
30,nsfnet,11,1.0,moving_average,critical_failure_fixed,"NCSA, University of Illinois, Champaign -> Merit Univ of Michigan, Ann Arbor & Merit Univ of Michigan, Ann Arbor -> NCSA, University of Illinois, Champaign",5,San Diego Supercomputer Center,"Merit Univ of Michigan, Ann Arbor",6.2881815,6.288181517963372,0.9999999971433121
30,nsfnet,11,1.0,moving_average,random_failure_fixed,"SEQSUINET, Rice University, Houston -> NCSA, University of Illinois, Champaign & NCSA, University of Illinois, Champaign -> SEQSUINET, Rice University, Houston",1,"SEQSUINET, Rice University, Houston","Westnet, Salt Lake City",6.5732365,6.5732365123313174,0.9999999981240113
30,nsfnet,11,1.0,moving_average,random_failure_fixed,"SEQSUINET, Rice University, Houston -> NCSA, University of Illinois, Champaign & NCSA, University of Illinois, Champaign -> SEQSUINET, Rice University, Houston",2,"SURANET, Georgia Tech, Atlanta","Merit Univ of Michigan, Ann Arbor",6.5207606,6.520760591593285,1.0000000012892232
30,nsfnet,11,1.0,moving_average,random_failure_fixed,"SEQSUINET, Rice University, Houston -> NCSA, University of Illinois, Champaign & NCSA, University of Illinois, Champaign -> SEQSUINET, Rice University, Houston",3,"NCSA, University of Illinois, Champaign","SURANET, Georgia Tech, Atlanta",6.5031306,6.503130596178915,1.0000000005875764
30,nsfnet,11,1.0,moving_average,random_failure_fixed,"SEQSUINET, Rice University, Houston -> NCSA, University of Illinois, Champaign & NCSA, University of Illinois, Champaign -> SEQSUINET, Rice University, Houston",4,"MIDnet, Lincoln, NE","SEQSUINET, Rice University, Houston",6.3866744,6.386674385936228,1.0000000022020494
30,nsfnet,11,1.0,moving_average,random_failure_fixed,"SEQSUINET, Rice University, Houston -> NCSA, University of Illinois, Champaign & NCSA, University of Illinois, Champaign -> SEQSUINET, Rice University, Houston",5,San Diego Supercomputer Center,"Merit Univ of Michigan, Ann Arbor",6.2881815,6.288181517963372,0.9999999971433121
30,nsfnet,11,1.0,linear_autoregressive,critical_failure_fixed,"NCSA, University of Illinois, Champaign -> Merit Univ of Michigan, Ann Arbor & Merit Univ of Michigan, Ann Arbor -> NCSA, University of Illinois, Champaign",1,"Merit Univ of Michigan, Ann Arbor","NCSA, University of Illinois, Champaign",5.3366349,5.336634936022839,0.9999999932498963
30,nsfnet,11,1.0,linear_autoregressive,critical_failure_fixed,"NCSA, University of Illinois, Champaign -> Merit Univ of Michigan, Ann Arbor & Merit Univ of Michigan, Ann Arbor -> NCSA, University of Illinois, Champaign",2,Pittsburgh Supercomputer Center,"MIDnet, Lincoln, NE",5.3359848,5.3359848422563765,0.9999999920808665
30,nsfnet,11,1.0,linear_autoregressive,critical_failure_fixed,"NCSA, University of Illinois, Champaign -> Merit Univ of Michigan, Ann Arbor & Merit Univ of Michigan, Ann Arbor -> NCSA, University of Illinois, Champaign",3,"MIDnet, Lincoln, NE","Cornell Theory Center, Ithaca NY",5.2219772,5.2219771523328555,1.0000000091281795
30,nsfnet,11,1.0,linear_autoregressive,critical_failure_fixed,"NCSA, University of Illinois, Champaign -> Merit Univ of Michigan, Ann Arbor & Merit Univ of Michigan, Ann Arbor -> NCSA, University of Illinois, Champaign",4,San Diego Supercomputer Center,"Merit Univ of Michigan, Ann Arbor",5.1086237,5.1086237031208315,0.9999999993891052
30,nsfnet,11,1.0,linear_autoregressive,critical_failure_fixed,"NCSA, University of Illinois, Champaign -> Merit Univ of Michigan, Ann Arbor & Merit Univ of Michigan, Ann Arbor -> NCSA, University of Illinois, Champaign",5,"SURANET, Georgia Tech, Atlanta","Merit Univ of Michigan, Ann Arbor",4.9666362,4.966636174780324,1.0000000050778184
30,nsfnet,11,1.0,linear_autoregressive,random_failure_fixed,"SEQSUINET, Rice University, Houston -> NCSA, University of Illinois, Champaign & NCSA, University of Illinois, Champaign -> SEQSUINET, Rice University, Houston",1,"SEQSUINET, Rice University, Houston","Westnet, Salt Lake City",5.2378578,5.237857750278178,1.0000000094927781
30,nsfnet,11,1.0,linear_autoregressive,random_failure_fixed,"SEQSUINET, Rice University, Houston -> NCSA, University of Illinois, Champaign & NCSA, University of Illinois, Champaign -> SEQSUINET, Rice University, Houston",2,San Diego Supercomputer Center,"Merit Univ of Michigan, Ann Arbor",5.1086237,5.1086237031208315,0.9999999993891052
30,nsfnet,11,1.0,linear_autoregressive,random_failure_fixed,"SEQSUINET, Rice University, Houston -> NCSA, University of Illinois, Champaign & NCSA, University of Illinois, Champaign -> SEQSUINET, Rice University, Houston",3,"MIDnet, Lincoln, NE","SEQSUINET, Rice University, Houston",5.0948738,5.094873817000738,0.9999999966631681
30,nsfnet,11,1.0,linear_autoregressive,random_failure_fixed,"SEQSUINET, Rice University, Houston -> NCSA, University of Illinois, Champaign & NCSA, University of Illinois, Champaign -> SEQSUINET, Rice University, Houston",4,"SURANET, Georgia Tech, Atlanta","Merit Univ of Michigan, Ann Arbor",4.9666362,4.966636174780324,1.0000000050778184
30,nsfnet,11,1.0,linear_autoregressive,random_failure_fixed,"SEQSUINET, Rice University, Houston -> NCSA, University of Illinois, Champaign & NCSA, University of Illinois, Champaign -> SEQSUINET, Rice University, Houston",5,San Diego Supercomputer Center,"NCSA, University of Illinois, Champaign",4.7420922,4.742092201422253,0.9999999997000791
30,nsfnet,11,1.0,lstm,critical_failure_fixed,"NCSA, University of Illinois, Champaign -> Merit Univ of Michigan, Ann Arbor & Merit Univ of Michigan, Ann Arbor -> NCSA, University of Illinois, Champaign",1,"MIDnet, Lincoln, NE","Cornell Theory Center, Ithaca NY",5.3441658,5.344165802001953,0.9999999996253947
30,nsfnet,11,1.0,lstm,critical_failure_fixed,"NCSA, University of Illinois, Champaign -> Merit Univ of Michigan, Ann Arbor & Merit Univ of Michigan, Ann Arbor -> NCSA, University of Illinois, Champaign",2,"Merit Univ of Michigan, Ann Arbor","NCSA, University of Illinois, Champaign",5.3239465,5.323946475982666,1.0000000045111899
30,nsfnet,11,1.0,lstm,critical_failure_fixed,"NCSA, University of Illinois, Champaign -> Merit Univ of Michigan, Ann Arbor & Merit Univ of Michigan, Ann Arbor -> NCSA, University of Illinois, Champaign",3,Pittsburgh Supercomputer Center,"MIDnet, Lincoln, NE",5.3098097,5.309809684753418,1.000000002871399
30,nsfnet,11,1.0,lstm,critical_failure_fixed,"NCSA, University of Illinois, Champaign -> Merit Univ of Michigan, Ann Arbor & Merit Univ of Michigan, Ann Arbor -> NCSA, University of Illinois, Champaign",4,"SURANET, Georgia Tech, Atlanta","Merit Univ of Michigan, Ann Arbor",5.0678587,5.067858695983887,1.0000000007924676
30,nsfnet,11,1.0,lstm,critical_failure_fixed,"NCSA, University of Illinois, Champaign -> Merit Univ of Michigan, Ann Arbor & Merit Univ of Michigan, Ann Arbor -> NCSA, University of Illinois, Champaign",5,San Diego Supercomputer Center,"Merit Univ of Michigan, Ann Arbor",4.9937043,4.993704319000244,0.9999999961951603
30,nsfnet,11,1.0,lstm,random_failure_fixed,"SEQSUINET, Rice University, Houston -> NCSA, University of Illinois, Champaign & NCSA, University of Illinois, Champaign -> SEQSUINET, Rice University, Houston",1,"MIDnet, Lincoln, NE","SEQSUINET, Rice University, Houston",5.1256142,5.125614166259766,1.0000000065826715
30,nsfnet,11,1.0,lstm,random_failure_fixed,"SEQSUINET, Rice University, Houston -> NCSA, University of Illinois, Champaign & NCSA, University of Illinois, Champaign -> SEQSUINET, Rice University, Houston",2,"SEQSUINET, Rice University, Houston","Westnet, Salt Lake City",5.0695314,5.069531440734863,0.9999999919647675
30,nsfnet,11,1.0,lstm,random_failure_fixed,"SEQSUINET, Rice University, Houston -> NCSA, University of Illinois, Champaign & NCSA, University of Illinois, Champaign -> SEQSUINET, Rice University, Houston",3,"SURANET, Georgia Tech, Atlanta","Merit Univ of Michigan, Ann Arbor",5.0678587,5.067858695983887,1.0000000007924676
30,nsfnet,11,1.0,lstm,random_failure_fixed,"SEQSUINET, Rice University, Houston -> NCSA, University of Illinois, Champaign & NCSA, University of Illinois, Champaign -> SEQSUINET, Rice University, Houston",4,San Diego Supercomputer Center,"Merit Univ of Michigan, Ann Arbor",4.9937043,4.993704319000244,0.9999999961951603
30,nsfnet,11,1.0,lstm,random_failure_fixed,"SEQSUINET, Rice University, Houston -> NCSA, University of Illinois, Champaign & NCSA, University of Illinois, Champaign -> SEQSUINET, Rice University, Houston",5,"NCSA, University of Illinois, Champaign","SEQSUINET, Rice University, Houston",4.8136163,4.8136162757873535,1.0000000050300324
30,nsfnet,11,1.0,transformer,critical_failure_fixed,"NCSA, University of Illinois, Champaign -> Merit Univ of Michigan, Ann Arbor & Merit Univ of Michigan, Ann Arbor -> NCSA, University of Illinois, Champaign",1,"MIDnet, Lincoln, NE","Cornell Theory Center, Ithaca NY",5.4376831,5.43768310546875,0.9999999989942867
30,nsfnet,11,1.0,transformer,critical_failure_fixed,"NCSA, University of Illinois, Champaign -> Merit Univ of Michigan, Ann Arbor & Merit Univ of Michigan, Ann Arbor -> NCSA, University of Illinois, Champaign",2,Pittsburgh Supercomputer Center,"MIDnet, Lincoln, NE",5.3604603,5.36046028137207,1.0000000034750616
30,nsfnet,11,1.0,transformer,critical_failure_fixed,"NCSA, University of Illinois, Champaign -> Merit Univ of Michigan, Ann Arbor & Merit Univ of Michigan, Ann Arbor -> NCSA, University of Illinois, Champaign",3,"Merit Univ of Michigan, Ann Arbor","NCSA, University of Illinois, Champaign",5.3288803,5.328880310058594,0.9999999981124377
30,nsfnet,11,1.0,transformer,critical_failure_fixed,"NCSA, University of Illinois, Champaign -> Merit Univ of Michigan, Ann Arbor & Merit Univ of Michigan, Ann Arbor -> NCSA, University of Illinois, Champaign",4,"SURANET, Georgia Tech, Atlanta","Merit Univ of Michigan, Ann Arbor",5.1066966,5.106696605682373,0.9999999988872703
30,nsfnet,11,1.0,transformer,critical_failure_fixed,"NCSA, University of Illinois, Champaign -> Merit Univ of Michigan, Ann Arbor & Merit Univ of Michigan, Ann Arbor -> NCSA, University of Illinois, Champaign",5,San Diego Supercomputer Center,"Merit Univ of Michigan, Ann Arbor",5.0928855,5.092885494232178,1.0000000011325254
30,nsfnet,11,1.0,transformer,random_failure_fixed,"SEQSUINET, Rice University, Houston -> NCSA, University of Illinois, Champaign & NCSA, University of Illinois, Champaign -> SEQSUINET, Rice University, Houston",1,"SEQSUINET, Rice University, Houston","Westnet, Salt Lake City",5.1316519,5.131651878356934,1.0000000042175632
30,nsfnet,11,1.0,transformer,random_failure_fixed,"SEQSUINET, Rice University, Houston -> NCSA, University of Illinois, Champaign & NCSA, University of Illinois, Champaign -> SEQSUINET, Rice University, Houston",2,"SURANET, Georgia Tech, Atlanta","Merit Univ of Michigan, Ann Arbor",5.1066966,5.106696605682373,0.9999999988872703
30,nsfnet,11,1.0,transformer,random_failure_fixed,"SEQSUINET, Rice University, Houston -> NCSA, University of Illinois, Champaign & NCSA, University of Illinois, Champaign -> SEQSUINET, Rice University, Houston",3,"MIDnet, Lincoln, NE","SEQSUINET, Rice University, Houston",5.0933928,5.093392848968506,0.999999990385877
30,nsfnet,11,1.0,transformer,random_failure_fixed,"SEQSUINET, Rice University, Houston -> NCSA, University of Illinois, Champaign & NCSA, University of Illinois, Champaign -> SEQSUINET, Rice University, Houston",4,San Diego Supercomputer Center,"Merit Univ of Michigan, Ann Arbor",5.0928855,5.092885494232178,1.0000000011325254
30,nsfnet,11,1.0,transformer,random_failure_fixed,"SEQSUINET, Rice University, Houston -> NCSA, University of Illinois, Champaign & NCSA, University of Illinois, Champaign -> SEQSUINET, Rice University, Houston",5,San Diego Supercomputer Center,"NCSA, University of Illinois, Champaign",4.881083,4.881083011627197,0.9999999976179064
31,nsfnet,11,1.0,moving_average,critical_failure_fixed,"NCSA, University of Illinois, Champaign -> Merit Univ of Michigan, Ann Arbor & Merit Univ of Michigan, Ann Arbor -> NCSA, University of Illinois, Champaign",1,Pittsburgh Supercomputer Center,"MIDnet, Lincoln, NE",6.0481367,6.048136658737693,1.0000000068223172
31,nsfnet,11,1.0,moving_average,critical_failure_fixed,"NCSA, University of Illinois, Champaign -> Merit Univ of Michigan, Ann Arbor & Merit Univ of Michigan, Ann Arbor -> NCSA, University of Illinois, Champaign",2,"Merit Univ of Michigan, Ann Arbor","NCSA, University of Illinois, Champaign",5.9380116,5.9380116439036605,0.9999999926063364
31,nsfnet,11,1.0,moving_average,critical_failure_fixed,"NCSA, University of Illinois, Champaign -> Merit Univ of Michigan, Ann Arbor & Merit Univ of Michigan, Ann Arbor -> NCSA, University of Illinois, Champaign",3,"SURANET, Georgia Tech, Atlanta","Merit Univ of Michigan, Ann Arbor",5.8960738,5.8960737748794365,1.000000004260558
31,nsfnet,11,1.0,moving_average,critical_failure_fixed,"NCSA, University of Illinois, Champaign -> Merit Univ of Michigan, Ann Arbor & Merit Univ of Michigan, Ann Arbor -> NCSA, University of Illinois, Champaign",4,"MIDnet, Lincoln, NE","Cornell Theory Center, Ithaca NY",5.8747203,5.874720324432538,0.9999999958410721
31,nsfnet,11,1.0,moving_average,critical_failure_fixed,"NCSA, University of Illinois, Champaign -> Merit Univ of Michigan, Ann Arbor & Merit Univ of Michigan, Ann Arbor -> NCSA, University of Illinois, Champaign",5,San Diego Supercomputer Center,"Merit Univ of Michigan, Ann Arbor",5.6568121,5.656812099759074,1.0000000000425904
31,nsfnet,11,1.0,moving_average,random_failure_fixed,"NorthWestNet, Seattle -> BARRnet, Palo Alto & BARRnet, Palo Alto -> NorthWestNet, Seattle",1,"SEQSUINET, Rice University, Houston","NorthWestNet, Seattle",5.7861514,5.786151413073154,0.9999999977406132
31,nsfnet,11,1.0,moving_average,random_failure_fixed,"NorthWestNet, Seattle -> BARRnet, Palo Alto & BARRnet, Palo Alto -> NorthWestNet, Seattle",2,Pittsburgh Supercomputer Center,"NorthWestNet, Seattle",5.7503128,5.750312806818036,0.9999999988143191
31,nsfnet,11,1.0,moving_average,random_failure_fixed,"NorthWestNet, Seattle -> BARRnet, Palo Alto & BARRnet, Palo Alto -> NorthWestNet, Seattle",3,"NorthWestNet, Seattle",Pittsburgh Supercomputer Center,5.625035,5.625034960030168,1.0000000071057038
31,nsfnet,11,1.0,moving_average,random_failure_fixed,"NorthWestNet, Seattle -> BARRnet, Palo Alto & BARRnet, Palo Alto -> NorthWestNet, Seattle",4,"Cornell Theory Center, Ithaca NY","NCAR, Boulder",5.4258561,5.425856123066498,0.9999999957487818
31,nsfnet,11,1.0,moving_average,random_failure_fixed,"NorthWestNet, Seattle -> BARRnet, Palo Alto & BARRnet, Palo Alto -> NorthWestNet, Seattle",5,"Jon Von Neumann Center, Princeton, NJ","NorthWestNet, Seattle",5.4213426,5.4213426005387335,0.9999999999006273
31,nsfnet,11,1.0,linear_autoregressive,critical_failure_fixed,"NCSA, University of Illinois, Champaign -> Merit Univ of Michigan, Ann Arbor & Merit Univ of Michigan, Ann Arbor -> NCSA, University of Illinois, Champaign",1,"Merit Univ of Michigan, Ann Arbor","NCSA, University of Illinois, Champaign",5.0602554,5.060255429597928,0.9999999941509025
31,nsfnet,11,1.0,linear_autoregressive,critical_failure_fixed,"NCSA, University of Illinois, Champaign -> Merit Univ of Michigan, Ann Arbor & Merit Univ of Michigan, Ann Arbor -> NCSA, University of Illinois, Champaign",2,"MIDnet, Lincoln, NE","Cornell Theory Center, Ithaca NY",4.9886275,4.988627503488298,0.9999999993007499
31,nsfnet,11,1.0,linear_autoregressive,critical_failure_fixed,"NCSA, University of Illinois, Champaign -> Merit Univ of Michigan, Ann Arbor & Merit Univ of Michigan, Ann Arbor -> NCSA, University of Illinois, Champaign",3,Pittsburgh Supercomputer Center,"MIDnet, Lincoln, NE",4.967294,4.967294003409529,0.9999999993136043
31,nsfnet,11,1.0,linear_autoregressive,critical_failure_fixed,"NCSA, University of Illinois, Champaign -> Merit Univ of Michigan, Ann Arbor & Merit Univ of Michigan, Ann Arbor -> NCSA, University of Illinois, Champaign",4,"SURANET, Georgia Tech, Atlanta","Merit Univ of Michigan, Ann Arbor",4.6954271,4.695427097054082,1.0000000006274015
31,nsfnet,11,1.0,linear_autoregressive,critical_failure_fixed,"NCSA, University of Illinois, Champaign -> Merit Univ of Michigan, Ann Arbor & Merit Univ of Michigan, Ann Arbor -> NCSA, University of Illinois, Champaign",5,San Diego Supercomputer Center,"Merit Univ of Michigan, Ann Arbor",4.6054824,4.936166346866407,0.9330079410560519
31,nsfnet,11,1.0,linear_autoregressive,random_failure_fixed,"NorthWestNet, Seattle -> BARRnet, Palo Alto & BARRnet, Palo Alto -> NorthWestNet, Seattle",1,"NorthWestNet, Seattle",Pittsburgh Supercomputer Center,5.0068751,5.006875058444212,1.0000000082997453
31,nsfnet,11,1.0,linear_autoregressive,random_failure_fixed,"NorthWestNet, Seattle -> BARRnet, Palo Alto & BARRnet, Palo Alto -> NorthWestNet, Seattle",2,"SEQSUINET, Rice University, Houston","NorthWestNet, Seattle",4.9385539,4.9385538547398395,1.0000000091646586
31,nsfnet,11,1.0,linear_autoregressive,random_failure_fixed,"NorthWestNet, Seattle -> BARRnet, Palo Alto & BARRnet, Palo Alto -> NorthWestNet, Seattle",3,"Merit Univ of Michigan, Ann Arbor","NorthWestNet, Seattle",4.8125715,4.812571479303845,1.0000000043004358
31,nsfnet,11,1.0,linear_autoregressive,random_failure_fixed,"NorthWestNet, Seattle -> BARRnet, Palo Alto & BARRnet, Palo Alto -> NorthWestNet, Seattle",4,"Jon Von Neumann Center, Princeton, NJ","NorthWestNet, Seattle",4.759736,4.7597359624054985,1.0000000078984428
31,nsfnet,11,1.0,linear_autoregressive,random_failure_fixed,"NorthWestNet, Seattle -> BARRnet, Palo Alto & BARRnet, Palo Alto -> NorthWestNet, Seattle",5,"NorthWestNet, Seattle","Merit Univ of Michigan, Ann Arbor",4.6470545,4.64705446835682,1.0000000068092985
31,nsfnet,11,1.0,lstm,critical_failure_fixed,"NCSA, University of Illinois, Champaign -> Merit Univ of Michigan, Ann Arbor & Merit Univ of Michigan, Ann Arbor -> NCSA, University of Illinois, Champaign",1,"MIDnet, Lincoln, NE","Cornell Theory Center, Ithaca NY",5.3441658,5.344165802001953,0.9999999996253947
31,nsfnet,11,1.0,lstm,critical_failure_fixed,"NCSA, University of Illinois, Champaign -> Merit Univ of Michigan, Ann Arbor & Merit Univ of Michigan, Ann Arbor -> NCSA, University of Illinois, Champaign",2,"Merit Univ of Michigan, Ann Arbor","NCSA, University of Illinois, Champaign",5.3239465,5.323946475982666,1.0000000045111899
31,nsfnet,11,1.0,lstm,critical_failure_fixed,"NCSA, University of Illinois, Champaign -> Merit Univ of Michigan, Ann Arbor & Merit Univ of Michigan, Ann Arbor -> NCSA, University of Illinois, Champaign",3,Pittsburgh Supercomputer Center,"MIDnet, Lincoln, NE",5.3098097,5.309809684753418,1.000000002871399
31,nsfnet,11,1.0,lstm,critical_failure_fixed,"NCSA, University of Illinois, Champaign -> Merit Univ of Michigan, Ann Arbor & Merit Univ of Michigan, Ann Arbor -> NCSA, University of Illinois, Champaign",4,"SURANET, Georgia Tech, Atlanta","Merit Univ of Michigan, Ann Arbor",5.0678587,5.067858695983887,1.0000000007924676
31,nsfnet,11,1.0,lstm,critical_failure_fixed,"NCSA, University of Illinois, Champaign -> Merit Univ of Michigan, Ann Arbor & Merit Univ of Michigan, Ann Arbor -> NCSA, University of Illinois, Champaign",5,San Diego Supercomputer Center,"Merit Univ of Michigan, Ann Arbor",4.9937043,4.993704319000244,0.9999999961951603
31,nsfnet,11,1.0,lstm,random_failure_fixed,"NorthWestNet, Seattle -> BARRnet, Palo Alto & BARRnet, Palo Alto -> NorthWestNet, Seattle",1,Pittsburgh Supercomputer Center,"NorthWestNet, Seattle",5.1167474,5.1167473793029785,1.0000000040449568
31,nsfnet,11,1.0,lstm,random_failure_fixed,"NorthWestNet, Seattle -> BARRnet, Palo Alto & BARRnet, Palo Alto -> NorthWestNet, Seattle",2,"SEQSUINET, Rice University, Houston","NorthWestNet, Seattle",5.0948629,5.094862937927246,0.9999999925557868
31,nsfnet,11,1.0,lstm,random_failure_fixed,"NorthWestNet, Seattle -> BARRnet, Palo Alto & BARRnet, Palo Alto -> NorthWestNet, Seattle",3,"NorthWestNet, Seattle",Pittsburgh Supercomputer Center,4.986558,4.986557960510254,1.0000000079192393
31,nsfnet,11,1.0,lstm,random_failure_fixed,"NorthWestNet, Seattle -> BARRnet, Palo Alto & BARRnet, Palo Alto -> NorthWestNet, Seattle",4,"NorthWestNet, Seattle","Merit Univ of Michigan, Ann Arbor",4.8609104,4.860910415649414,0.9999999967805591
31,nsfnet,11,1.0,lstm,random_failure_fixed,"NorthWestNet, Seattle -> BARRnet, Palo Alto & BARRnet, Palo Alto -> NorthWestNet, Seattle",5,"Merit Univ of Michigan, Ann Arbor","NorthWestNet, Seattle",4.7969804,4.796980381011963,1.0000000039583312
31,nsfnet,11,1.0,transformer,critical_failure_fixed,"NCSA, University of Illinois, Champaign -> Merit Univ of Michigan, Ann Arbor & Merit Univ of Michigan, Ann Arbor -> NCSA, University of Illinois, Champaign",1,"MIDnet, Lincoln, NE","Cornell Theory Center, Ithaca NY",5.4376779,5.43767786026001,1.0000000073082649
31,nsfnet,11,1.0,transformer,critical_failure_fixed,"NCSA, University of Illinois, Champaign -> Merit Univ of Michigan, Ann Arbor & Merit Univ of Michigan, Ann Arbor -> NCSA, University of Illinois, Champaign",2,Pittsburgh Supercomputer Center,"MIDnet, Lincoln, NE",5.3604703,5.360470294952393,1.0000000009416352
31,nsfnet,11,1.0,transformer,critical_failure_fixed,"NCSA, University of Illinois, Champaign -> Merit Univ of Michigan, Ann Arbor & Merit Univ of Michigan, Ann Arbor -> NCSA, University of Illinois, Champaign",3,"Merit Univ of Michigan, Ann Arbor","NCSA, University of Illinois, Champaign",5.3288903,5.328890323638916,0.9999999955640079
31,nsfnet,11,1.0,transformer,critical_failure_fixed,"NCSA, University of Illinois, Champaign -> Merit Univ of Michigan, Ann Arbor & Merit Univ of Michigan, Ann Arbor -> NCSA, University of Illinois, Champaign",4,"SURANET, Georgia Tech, Atlanta","Merit Univ of Michigan, Ann Arbor",5.1066871,5.106687068939209,1.0000000060823762
31,nsfnet,11,1.0,transformer,critical_failure_fixed,"NCSA, University of Illinois, Champaign -> Merit Univ of Michigan, Ann Arbor & Merit Univ of Michigan, Ann Arbor -> NCSA, University of Illinois, Champaign",5,San Diego Supercomputer Center,"Merit Univ of Michigan, Ann Arbor",5.0928764,5.092876434326172,0.9999999932599637
31,nsfnet,11,1.0,transformer,random_failure_fixed,"NorthWestNet, Seattle -> BARRnet, Palo Alto & BARRnet, Palo Alto -> NorthWestNet, Seattle",1,"SEQSUINET, Rice University, Houston","NorthWestNet, Seattle",5.1333442,5.1333441734313965,1.000000005175691
31,nsfnet,11,1.0,transformer,random_failure_fixed,"NorthWestNet, Seattle -> BARRnet, Palo Alto & BARRnet, Palo Alto -> NorthWestNet, Seattle",2,Pittsburgh Supercomputer Center,"NorthWestNet, Seattle",5.0972276,5.097227573394775,1.0000000052195481
31,nsfnet,11,1.0,transformer,random_failure_fixed,"NorthWestNet, Seattle -> BARRnet, Palo Alto & BARRnet, Palo Alto -> NorthWestNet, Seattle",3,"NorthWestNet, Seattle",Pittsburgh Supercomputer Center,5.0508242,5.050824165344238,1.0000000068614072
31,nsfnet,11,1.0,transformer,random_failure_fixed,"NorthWestNet, Seattle -> BARRnet, Palo Alto & BARRnet, Palo Alto -> NorthWestNet, Seattle",4,"NorthWestNet, Seattle","Merit Univ of Michigan, Ann Arbor",4.9302287,4.9302287101745605,0.9999999979362904
31,nsfnet,11,1.0,transformer,random_failure_fixed,"NorthWestNet, Seattle -> BARRnet, Palo Alto & BARRnet, Palo Alto -> NorthWestNet, Seattle",5,"Merit Univ of Michigan, Ann Arbor","NorthWestNet, Seattle",4.8681202,4.868120193481445,1.000000001339029
32,nsfnet,11,1.0,moving_average,critical_failure_fixed,"NCSA, University of Illinois, Champaign -> Merit Univ of Michigan, Ann Arbor & Merit Univ of Michigan, Ann Arbor -> NCSA, University of Illinois, Champaign",1,Pittsburgh Supercomputer Center,"MIDnet, Lincoln, NE",5.279571,5.2795710056315475,0.9999999989333324
32,nsfnet,11,1.0,moving_average,critical_failure_fixed,"NCSA, University of Illinois, Champaign -> Merit Univ of Michigan, Ann Arbor & Merit Univ of Michigan, Ann Arbor -> NCSA, University of Illinois, Champaign",2,"Merit Univ of Michigan, Ann Arbor","NCSA, University of Illinois, Champaign",5.0996062,5.099606217786322,0.9999999965122166
32,nsfnet,11,1.0,moving_average,critical_failure_fixed,"NCSA, University of Illinois, Champaign -> Merit Univ of Michigan, Ann Arbor & Merit Univ of Michigan, Ann Arbor -> NCSA, University of Illinois, Champaign",3,"SURANET, Georgia Tech, Atlanta","Merit Univ of Michigan, Ann Arbor",5.0213462,5.021346209150602,0.9999999981776596
32,nsfnet,11,1.0,moving_average,critical_failure_fixed,"NCSA, University of Illinois, Champaign -> Merit Univ of Michigan, Ann Arbor & Merit Univ of Michigan, Ann Arbor -> NCSA, University of Illinois, Champaign",4,"MIDnet, Lincoln, NE","Cornell Theory Center, Ithaca NY",4.9773214,4.977321418493499,0.9999999962844475
32,nsfnet,11,1.0,moving_average,critical_failure_fixed,"NCSA, University of Illinois, Champaign -> Merit Univ of Michigan, Ann Arbor & Merit Univ of Michigan, Ann Arbor -> NCSA, University of Illinois, Champaign",5,"NCSA, University of Illinois, Champaign",Pittsburgh Supercomputer Center,4.5267499,4.526749939898735,0.9999999911860086
32,nsfnet,11,1.0,moving_average,random_failure_fixed,"MIDnet, Lincoln, NE -> NCSA, University of Illinois, Champaign & NCSA, University of Illinois, Champaign -> MIDnet, Lincoln, NE",1,Pittsburgh Supercomputer Center,"MIDnet, Lincoln, NE",5.279571,5.2795710056315475,0.9999999989333324
32,nsfnet,11,1.0,moving_average,random_failure_fixed,"MIDnet, Lincoln, NE -> NCSA, University of Illinois, Champaign & NCSA, University of Illinois, Champaign -> MIDnet, Lincoln, NE",2,"MIDnet, Lincoln, NE","SEQSUINET, Rice University, Houston",5.0041947,5.004194737134363,0.9999999925793529
32,nsfnet,11,1.0,moving_average,random_failure_fixed,"MIDnet, Lincoln, NE -> NCSA, University of Illinois, Champaign & NCSA, University of Illinois, Champaign -> MIDnet, Lincoln, NE",3,"MIDnet, Lincoln, NE","Cornell Theory Center, Ithaca NY",4.9773214,4.977321418493499,0.9999999962844475
32,nsfnet,11,1.0,moving_average,random_failure_fixed,"MIDnet, Lincoln, NE -> NCSA, University of Illinois, Champaign & NCSA, University of Illinois, Champaign -> MIDnet, Lincoln, NE",4,"MIDnet, Lincoln, NE","NorthWestNet, Seattle",4.8671553,4.8671553151108915,0.999999996895334
32,nsfnet,11,1.0,moving_average,random_failure_fixed,"MIDnet, Lincoln, NE -> NCSA, University of Illinois, Champaign & NCSA, University of Illinois, Champaign -> MIDnet, Lincoln, NE",5,"SURANET, Georgia Tech, Atlanta","MIDnet, Lincoln, NE",4.4823602,4.482360170966126,1.000000006477363
32,nsfnet,11,1.0,linear_autoregressive,critical_failure_fixed,"NCSA, University of Illinois, Champaign -> Merit Univ of Michigan, Ann Arbor & Merit Univ of Michigan, Ann Arbor -> NCSA, University of Illinois, Champaign",1,"Merit Univ of Michigan, Ann Arbor","NCSA, University of Illinois, Champaign",4.0425176,4.042517607788418,0.9999999980733744
32,nsfnet,11,1.0,linear_autoregressive,critical_failure_fixed,"NCSA, University of Illinois, Champaign -> Merit Univ of Michigan, Ann Arbor & Merit Univ of Michigan, Ann Arbor -> NCSA, University of Illinois, Champaign",2,Pittsburgh Supercomputer Center,"MIDnet, Lincoln, NE",3.9924305,3.992430466638699,1.0000000083561382
32,nsfnet,11,1.0,linear_autoregressive,critical_failure_fixed,"NCSA, University of Illinois, Champaign -> Merit Univ of Michigan, Ann Arbor & Merit Univ of Michigan, Ann Arbor -> NCSA, University of Illinois, Champaign",3,"MIDnet, Lincoln, NE","Cornell Theory Center, Ithaca NY",3.9374332,3.937433234933179,0.999999991127931
32,nsfnet,11,1.0,linear_autoregressive,critical_failure_fixed,"NCSA, University of Illinois, Champaign -> Merit Univ of Michigan, Ann Arbor & Merit Univ of Michigan, Ann Arbor -> NCSA, University of Illinois, Champaign",4,"Westnet, Salt Lake City","Cornell Theory Center, Ithaca NY",3.9231129,3.992094896424477,0.9827203515411768
32,nsfnet,11,1.0,linear_autoregressive,critical_failure_fixed,"NCSA, University of Illinois, Champaign -> Merit Univ of Michigan, Ann Arbor & Merit Univ of Michigan, Ann Arbor -> NCSA, University of Illinois, Champaign",5,"SURANET, Georgia Tech, Atlanta","Merit Univ of Michigan, Ann Arbor",3.8615004,3.86150038141612,1.000000004812606
32,nsfnet,11,1.0,linear_autoregressive,random_failure_fixed,"MIDnet, Lincoln, NE -> NCSA, University of Illinois, Champaign & NCSA, University of Illinois, Champaign -> MIDnet, Lincoln, NE",1,"MIDnet, Lincoln, NE","SEQSUINET, Rice University, Houston",4.0879168,4.087916766532445,1.0000000081869462
32,nsfnet,11,1.0,linear_autoregressive,random_failure_fixed,"MIDnet, Lincoln, NE -> NCSA, University of Illinois, Champaign & NCSA, University of Illinois, Champaign -> MIDnet, Lincoln, NE",2,Pittsburgh Supercomputer Center,"MIDnet, Lincoln, NE",3.9924305,3.992430466638699,1.0000000083561382
32,nsfnet,11,1.0,linear_autoregressive,random_failure_fixed,"MIDnet, Lincoln, NE -> NCSA, University of Illinois, Champaign & NCSA, University of Illinois, Champaign -> MIDnet, Lincoln, NE",3,"MIDnet, Lincoln, NE","Cornell Theory Center, Ithaca NY",3.9374332,3.937433234933179,0.999999991127931
32,nsfnet,11,1.0,linear_autoregressive,random_failure_fixed,"MIDnet, Lincoln, NE -> NCSA, University of Illinois, Champaign & NCSA, University of Illinois, Champaign -> MIDnet, Lincoln, NE",4,"MIDnet, Lincoln, NE","NorthWestNet, Seattle",3.8364156,3.8364155729726437,1.0000000070449502
32,nsfnet,11,1.0,linear_autoregressive,random_failure_fixed,"MIDnet, Lincoln, NE -> NCSA, University of Illinois, Champaign & NCSA, University of Illinois, Champaign -> MIDnet, Lincoln, NE",5,"MIDnet, Lincoln, NE","Westnet, Salt Lake City",3.6218132,3.6218131966629934,1.0000000009213637
32,nsfnet,11,1.0,lstm,critical_failure_fixed,"NCSA, University of Illinois, Champaign -> Merit Univ of Michigan, Ann Arbor & Merit Univ of Michigan, Ann Arbor -> NCSA, University of Illinois, Champaign",1,"MIDnet, Lincoln, NE","Cornell Theory Center, Ithaca NY",5.3441658,5.344165802001953,0.9999999996253947
32,nsfnet,11,1.0,lstm,critical_failure_fixed,"NCSA, University of Illinois, Champaign -> Merit Univ of Michigan, Ann Arbor & Merit Univ of Michigan, Ann Arbor -> NCSA, University of Illinois, Champaign",2,"Merit Univ of Michigan, Ann Arbor","NCSA, University of Illinois, Champaign",5.3239465,5.323946475982666,1.0000000045111899
32,nsfnet,11,1.0,lstm,critical_failure_fixed,"NCSA, University of Illinois, Champaign -> Merit Univ of Michigan, Ann Arbor & Merit Univ of Michigan, Ann Arbor -> NCSA, University of Illinois, Champaign",3,Pittsburgh Supercomputer Center,"MIDnet, Lincoln, NE",5.3098097,5.309809684753418,1.000000002871399
32,nsfnet,11,1.0,lstm,critical_failure_fixed,"NCSA, University of Illinois, Champaign -> Merit Univ of Michigan, Ann Arbor & Merit Univ of Michigan, Ann Arbor -> NCSA, University of Illinois, Champaign",4,"SURANET, Georgia Tech, Atlanta","Merit Univ of Michigan, Ann Arbor",5.0678587,5.067858695983887,1.0000000007924676
32,nsfnet,11,1.0,lstm,critical_failure_fixed,"NCSA, University of Illinois, Champaign -> Merit Univ of Michigan, Ann Arbor & Merit Univ of Michigan, Ann Arbor -> NCSA, University of Illinois, Champaign",5,San Diego Supercomputer Center,"Merit Univ of Michigan, Ann Arbor",4.9937043,4.993704319000244,0.9999999961951603
32,nsfnet,11,1.0,lstm,random_failure_fixed,"MIDnet, Lincoln, NE -> NCSA, University of Illinois, Champaign & NCSA, University of Illinois, Champaign -> MIDnet, Lincoln, NE",1,"MIDnet, Lincoln, NE","Cornell Theory Center, Ithaca NY",5.3441658,5.344165802001953,0.9999999996253947
32,nsfnet,11,1.0,lstm,random_failure_fixed,"MIDnet, Lincoln, NE -> NCSA, University of Illinois, Champaign & NCSA, University of Illinois, Champaign -> MIDnet, Lincoln, NE",2,Pittsburgh Supercomputer Center,"MIDnet, Lincoln, NE",5.3098097,5.309809684753418,1.000000002871399
32,nsfnet,11,1.0,lstm,random_failure_fixed,"MIDnet, Lincoln, NE -> NCSA, University of Illinois, Champaign & NCSA, University of Illinois, Champaign -> MIDnet, Lincoln, NE",3,"MIDnet, Lincoln, NE","NorthWestNet, Seattle",5.1582317,5.158231735229492,0.9999999931702386
32,nsfnet,11,1.0,lstm,random_failure_fixed,"MIDnet, Lincoln, NE -> NCSA, University of Illinois, Champaign & NCSA, University of Illinois, Champaign -> MIDnet, Lincoln, NE",4,"MIDnet, Lincoln, NE","SEQSUINET, Rice University, Houston",5.1256142,5.125614166259766,1.0000000065826715
32,nsfnet,11,1.0,lstm,random_failure_fixed,"MIDnet, Lincoln, NE -> NCSA, University of Illinois, Champaign & NCSA, University of Illinois, Champaign -> MIDnet, Lincoln, NE",5,"MIDnet, Lincoln, NE","Westnet, Salt Lake City",4.7127452,4.712745189666748,1.0000000021926183
32,nsfnet,11,1.0,transformer,critical_failure_fixed,"NCSA, University of Illinois, Champaign -> Merit Univ of Michigan, Ann Arbor & Merit Univ of Michigan, Ann Arbor -> NCSA, University of Illinois, Champaign",1,"MIDnet, Lincoln, NE","Cornell Theory Center, Ithaca NY",5.4376774,5.437677383422852,1.0000000030485716
32,nsfnet,11,1.0,transformer,critical_failure_fixed,"NCSA, University of Illinois, Champaign -> Merit Univ of Michigan, Ann Arbor & Merit Univ of Michigan, Ann Arbor -> NCSA, University of Illinois, Champaign",2,Pittsburgh Supercomputer Center,"MIDnet, Lincoln, NE",5.3604712,5.360471248626709,0.9999999909286503
32,nsfnet,11,1.0,transformer,critical_failure_fixed,"NCSA, University of Illinois, Champaign -> Merit Univ of Michigan, Ann Arbor & Merit Univ of Michigan, Ann Arbor -> NCSA, University of Illinois, Champaign",3,"Merit Univ of Michigan, Ann Arbor","NCSA, University of Illinois, Champaign",5.3288951,5.328895092010498,1.0000000014992794
32,nsfnet,11,1.0,transformer,critical_failure_fixed,"NCSA, University of Illinois, Champaign -> Merit Univ of Michigan, Ann Arbor & Merit Univ of Michigan, Ann Arbor -> NCSA, University of Illinois, Champaign",4,"SURANET, Georgia Tech, Atlanta","Merit Univ of Michigan, Ann Arbor",5.1066833,5.106683254241943,1.000000008960426
32,nsfnet,11,1.0,transformer,critical_failure_fixed,"NCSA, University of Illinois, Champaign -> Merit Univ of Michigan, Ann Arbor & Merit Univ of Michigan, Ann Arbor -> NCSA, University of Illinois, Champaign",5,San Diego Supercomputer Center,"Merit Univ of Michigan, Ann Arbor",5.0928745,5.092874526977539,0.9999999947028856
32,nsfnet,11,1.0,transformer,random_failure_fixed,"MIDnet, Lincoln, NE -> NCSA, University of Illinois, Champaign & NCSA, University of Illinois, Champaign -> MIDnet, Lincoln, NE",1,"MIDnet, Lincoln, NE","Cornell Theory Center, Ithaca NY",5.4376774,5.437677383422852,1.0000000030485716
32,nsfnet,11,1.0,transformer,random_failure_fixed,"MIDnet, Lincoln, NE -> NCSA, University of Illinois, Champaign & NCSA, University of Illinois, Champaign -> MIDnet, Lincoln, NE",2,Pittsburgh Supercomputer Center,"MIDnet, Lincoln, NE",5.3604712,5.360471248626709,0.9999999909286503
32,nsfnet,11,1.0,transformer,random_failure_fixed,"MIDnet, Lincoln, NE -> NCSA, University of Illinois, Champaign & NCSA, University of Illinois, Champaign -> MIDnet, Lincoln, NE",3,"MIDnet, Lincoln, NE","SEQSUINET, Rice University, Houston",5.0933752,5.093375205993652,0.9999999988232454
32,nsfnet,11,1.0,transformer,random_failure_fixed,"MIDnet, Lincoln, NE -> NCSA, University of Illinois, Champaign & NCSA, University of Illinois, Champaign -> MIDnet, Lincoln, NE",4,"MIDnet, Lincoln, NE","NorthWestNet, Seattle",5.0714159,5.071415901184082,0.9999999997665184
32,nsfnet,11,1.0,transformer,random_failure_fixed,"MIDnet, Lincoln, NE -> NCSA, University of Illinois, Champaign & NCSA, University of Illinois, Champaign -> MIDnet, Lincoln, NE",5,"MIDnet, Lincoln, NE","Westnet, Salt Lake City",4.7872028,4.787202835083008,0.9999999926715017
33,nsfnet,11,1.0,moving_average,critical_failure_fixed,"NCSA, University of Illinois, Champaign -> Merit Univ of Michigan, Ann Arbor & Merit Univ of Michigan, Ann Arbor -> NCSA, University of Illinois, Champaign",1,"Merit Univ of Michigan, Ann Arbor","NCSA, University of Illinois, Champaign",4.4593669,4.459366878924363,1.0000000047261501
33,nsfnet,11,1.0,moving_average,critical_failure_fixed,"NCSA, University of Illinois, Champaign -> Merit Univ of Michigan, Ann Arbor & Merit Univ of Michigan, Ann Arbor -> NCSA, University of Illinois, Champaign",2,Pittsburgh Supercomputer Center,"MIDnet, Lincoln, NE",4.4197393,4.419739275711227,1.0000000054955216
33,nsfnet,11,1.0,moving_average,critical_failure_fixed,"NCSA, University of Illinois, Champaign -> Merit Univ of Michigan, Ann Arbor & Merit Univ of Michigan, Ann Arbor -> NCSA, University of Illinois, Champaign",3,"MIDnet, Lincoln, NE","Cornell Theory Center, Ithaca NY",4.3775525,4.377552487243429,1.0000000029140874
33,nsfnet,11,1.0,moving_average,critical_failure_fixed,"NCSA, University of Illinois, Champaign -> Merit Univ of Michigan, Ann Arbor & Merit Univ of Michigan, Ann Arbor -> NCSA, University of Illinois, Champaign",4,"SURANET, Georgia Tech, Atlanta","Merit Univ of Michigan, Ann Arbor",4.3589183,4.358918309126619,0.9999999979062194
33,nsfnet,11,1.0,moving_average,critical_failure_fixed,"NCSA, University of Illinois, Champaign -> Merit Univ of Michigan, Ann Arbor & Merit Univ of Michigan, Ann Arbor -> NCSA, University of Illinois, Champaign",5,San Diego Supercomputer Center,"Merit Univ of Michigan, Ann Arbor",4.2795861,4.279586120553011,0.9999999951974302
33,nsfnet,11,1.0,moving_average,random_failure_fixed,"MIDnet, Lincoln, NE -> NCSA, University of Illinois, Champaign & NCSA, University of Illinois, Champaign -> MIDnet, Lincoln, NE",1,Pittsburgh Supercomputer Center,"MIDnet, Lincoln, NE",4.4197393,4.419739275711227,1.0000000054955216
33,nsfnet,11,1.0,moving_average,random_failure_fixed,"MIDnet, Lincoln, NE -> NCSA, University of Illinois, Champaign & NCSA, University of Illinois, Champaign -> MIDnet, Lincoln, NE",2,"MIDnet, Lincoln, NE","Cornell Theory Center, Ithaca NY",4.3775525,4.377552487243429,1.0000000029140874
33,nsfnet,11,1.0,moving_average,random_failure_fixed,"MIDnet, Lincoln, NE -> NCSA, University of Illinois, Champaign & NCSA, University of Illinois, Champaign -> MIDnet, Lincoln, NE",3,"MIDnet, Lincoln, NE","SEQSUINET, Rice University, Houston",4.2466341,4.246634146084931,0.9999999891478922
33,nsfnet,11,1.0,moving_average,random_failure_fixed,"MIDnet, Lincoln, NE -> NCSA, University of Illinois, Champaign & NCSA, University of Illinois, Champaign -> MIDnet, Lincoln, NE",4,"MIDnet, Lincoln, NE","NorthWestNet, Seattle",4.2164543,4.216454266318405,1.0000000079881324
33,nsfnet,11,1.0,moving_average,random_failure_fixed,"MIDnet, Lincoln, NE -> NCSA, University of Illinois, Champaign & NCSA, University of Illinois, Champaign -> MIDnet, Lincoln, NE",5,"SURANET, Georgia Tech, Atlanta","MIDnet, Lincoln, NE",3.9643412,3.9643412240696994,0.9999999939284491
33,nsfnet,11,1.0,linear_autoregressive,critical_failure_fixed,"NCSA, University of Illinois, Champaign -> Merit Univ of Michigan, Ann Arbor & Merit Univ of Michigan, Ann Arbor -> NCSA, University of Illinois, Champaign",1,Pittsburgh Supercomputer Center,"MIDnet, Lincoln, NE",3.6928071,3.692807050232786,1.000000013476798
33,nsfnet,11,1.0,linear_autoregressive,critical_failure_fixed,"NCSA, University of Illinois, Champaign -> Merit Univ of Michigan, Ann Arbor & Merit Univ of Michigan, Ann Arbor -> NCSA, University of Illinois, Champaign",2,"Merit Univ of Michigan, Ann Arbor","NCSA, University of Illinois, Champaign",3.65368,3.6536799790281766,1.0000000057399179
33,nsfnet,11,1.0,linear_autoregressive,critical_failure_fixed,"NCSA, University of Illinois, Champaign -> Merit Univ of Michigan, Ann Arbor & Merit Univ of Michigan, Ann Arbor -> NCSA, University of Illinois, Champaign",3,"MIDnet, Lincoln, NE","Cornell Theory Center, Ithaca NY",3.6033978,3.6033978472335444,0.999999986891943
33,nsfnet,11,1.0,linear_autoregressive,critical_failure_fixed,"NCSA, University of Illinois, Champaign -> Merit Univ of Michigan, Ann Arbor & Merit Univ of Michigan, Ann Arbor -> NCSA, University of Illinois, Champaign",4,"SURANET, Georgia Tech, Atlanta","Merit Univ of Michigan, Ann Arbor",3.3532068,3.3532067511909487,1.0000000145559327
33,nsfnet,11,1.0,linear_autoregressive,critical_failure_fixed,"NCSA, University of Illinois, Champaign -> Merit Univ of Michigan, Ann Arbor & Merit Univ of Michigan, Ann Arbor -> NCSA, University of Illinois, Champaign",5,San Diego Supercomputer Center,"Merit Univ of Michigan, Ann Arbor",3.2779396,3.325534319483331,0.985688098539688
33,nsfnet,11,1.0,linear_autoregressive,random_failure_fixed,"MIDnet, Lincoln, NE -> NCSA, University of Illinois, Champaign & NCSA, University of Illinois, Champaign -> MIDnet, Lincoln, NE",1,Pittsburgh Supercomputer Center,"MIDnet, Lincoln, NE",3.6928071,3.692807050232786,1.000000013476798
33,nsfnet,11,1.0,linear_autoregressive,random_failure_fixed,"MIDnet, Lincoln, NE -> NCSA, University of Illinois, Champaign & NCSA, University of Illinois, Champaign -> MIDnet, Lincoln, NE",2,"MIDnet, Lincoln, NE","Cornell Theory Center, Ithaca NY",3.6033978,3.6033978472335444,0.999999986891943
33,nsfnet,11,1.0,linear_autoregressive,random_failure_fixed,"MIDnet, Lincoln, NE -> NCSA, University of Illinois, Champaign & NCSA, University of Illinois, Champaign -> MIDnet, Lincoln, NE",3,"MIDnet, Lincoln, NE","NorthWestNet, Seattle",3.4698077,3.4698077307790145,0.9999999911294755
33,nsfnet,11,1.0,linear_autoregressive,random_failure_fixed,"MIDnet, Lincoln, NE -> NCSA, University of Illinois, Champaign & NCSA, University of Illinois, Champaign -> MIDnet, Lincoln, NE",4,"MIDnet, Lincoln, NE","SEQSUINET, Rice University, Houston",3.4356413,3.435641292832828,1.0000000020861235
33,nsfnet,11,1.0,linear_autoregressive,random_failure_fixed,"MIDnet, Lincoln, NE -> NCSA, University of Illinois, Champaign & NCSA, University of Illinois, Champaign -> MIDnet, Lincoln, NE",5,"MIDnet, Lincoln, NE","BARRnet, Palo Alto",3.1187334,3.1187334452016806,0.9999999855063982
33,nsfnet,11,1.0,lstm,critical_failure_fixed,"NCSA, University of Illinois, Champaign -> Merit Univ of Michigan, Ann Arbor & Merit Univ of Michigan, Ann Arbor -> NCSA, University of Illinois, Champaign",1,"MIDnet, Lincoln, NE","Cornell Theory Center, Ithaca NY",5.3441658,5.344165802001953,0.9999999996253947
33,nsfnet,11,1.0,lstm,critical_failure_fixed,"NCSA, University of Illinois, Champaign -> Merit Univ of Michigan, Ann Arbor & Merit Univ of Michigan, Ann Arbor -> NCSA, University of Illinois, Champaign",2,"Merit Univ of Michigan, Ann Arbor","NCSA, University of Illinois, Champaign",5.3239465,5.323946475982666,1.0000000045111899
33,nsfnet,11,1.0,lstm,critical_failure_fixed,"NCSA, University of Illinois, Champaign -> Merit Univ of Michigan, Ann Arbor & Merit Univ of Michigan, Ann Arbor -> NCSA, University of Illinois, Champaign",3,Pittsburgh Supercomputer Center,"MIDnet, Lincoln, NE",5.3098097,5.309809684753418,1.000000002871399
33,nsfnet,11,1.0,lstm,critical_failure_fixed,"NCSA, University of Illinois, Champaign -> Merit Univ of Michigan, Ann Arbor & Merit Univ of Michigan, Ann Arbor -> NCSA, University of Illinois, Champaign",4,"SURANET, Georgia Tech, Atlanta","Merit Univ of Michigan, Ann Arbor",5.0678587,5.067858695983887,1.0000000007924676
33,nsfnet,11,1.0,lstm,critical_failure_fixed,"NCSA, University of Illinois, Champaign -> Merit Univ of Michigan, Ann Arbor & Merit Univ of Michigan, Ann Arbor -> NCSA, University of Illinois, Champaign",5,San Diego Supercomputer Center,"Merit Univ of Michigan, Ann Arbor",4.9937043,4.993704319000244,0.9999999961951603
33,nsfnet,11,1.0,lstm,random_failure_fixed,"MIDnet, Lincoln, NE -> NCSA, University of Illinois, Champaign & NCSA, University of Illinois, Champaign -> MIDnet, Lincoln, NE",1,"MIDnet, Lincoln, NE","Cornell Theory Center, Ithaca NY",5.3441658,5.344165802001953,0.9999999996253947
33,nsfnet,11,1.0,lstm,random_failure_fixed,"MIDnet, Lincoln, NE -> NCSA, University of Illinois, Champaign & NCSA, University of Illinois, Champaign -> MIDnet, Lincoln, NE",2,Pittsburgh Supercomputer Center,"MIDnet, Lincoln, NE",5.3098097,5.309809684753418,1.000000002871399
33,nsfnet,11,1.0,lstm,random_failure_fixed,"MIDnet, Lincoln, NE -> NCSA, University of Illinois, Champaign & NCSA, University of Illinois, Champaign -> MIDnet, Lincoln, NE",3,"MIDnet, Lincoln, NE","NorthWestNet, Seattle",5.1582317,5.158231735229492,0.9999999931702386
33,nsfnet,11,1.0,lstm,random_failure_fixed,"MIDnet, Lincoln, NE -> NCSA, University of Illinois, Champaign & NCSA, University of Illinois, Champaign -> MIDnet, Lincoln, NE",4,"MIDnet, Lincoln, NE","SEQSUINET, Rice University, Houston",5.1256142,5.125614166259766,1.0000000065826715
33,nsfnet,11,1.0,lstm,random_failure_fixed,"MIDnet, Lincoln, NE -> NCSA, University of Illinois, Champaign & NCSA, University of Illinois, Champaign -> MIDnet, Lincoln, NE",5,"MIDnet, Lincoln, NE","Westnet, Salt Lake City",4.7127452,4.712745189666748,1.0000000021926183
33,nsfnet,11,1.0,transformer,critical_failure_fixed,"NCSA, University of Illinois, Champaign -> Merit Univ of Michigan, Ann Arbor & Merit Univ of Michigan, Ann Arbor -> NCSA, University of Illinois, Champaign",1,"MIDnet, Lincoln, NE","Cornell Theory Center, Ithaca NY",5.4376783,5.437678337097168,0.9999999931777561
33,nsfnet,11,1.0,transformer,critical_failure_fixed,"NCSA, University of Illinois, Champaign -> Merit Univ of Michigan, Ann Arbor & Merit Univ of Michigan, Ann Arbor -> NCSA, University of Illinois, Champaign",2,Pittsburgh Supercomputer Center,"MIDnet, Lincoln, NE",5.3604636,5.360463619232178,0.9999999964122175
33,nsfnet,11,1.0,transformer,critical_failure_fixed,"NCSA, University of Illinois, Champaign -> Merit Univ of Michigan, Ann Arbor & Merit Univ of Michigan, Ann Arbor -> NCSA, University of Illinois, Champaign",3,"Merit Univ of Michigan, Ann Arbor","NCSA, University of Illinois, Champaign",5.3288922,5.328892230987549,0.9999999941849924
33,nsfnet,11,1.0,transformer,critical_failure_fixed,"NCSA, University of Illinois, Champaign -> Merit Univ of Michigan, Ann Arbor & Merit Univ of Michigan, Ann Arbor -> NCSA, University of Illinois, Champaign",4,"SURANET, Georgia Tech, Atlanta","Merit Univ of Michigan, Ann Arbor",5.1066928,5.106692790985107,1.0000000017653095
33,nsfnet,11,1.0,transformer,critical_failure_fixed,"NCSA, University of Illinois, Champaign -> Merit Univ of Michigan, Ann Arbor & Merit Univ of Michigan, Ann Arbor -> NCSA, University of Illinois, Champaign",5,San Diego Supercomputer Center,"Merit Univ of Michigan, Ann Arbor",5.0928817,5.092881679534912,1.000000004018371
33,nsfnet,11,1.0,transformer,random_failure_fixed,"MIDnet, Lincoln, NE -> NCSA, University of Illinois, Champaign & NCSA, University of Illinois, Champaign -> MIDnet, Lincoln, NE",1,"MIDnet, Lincoln, NE","Cornell Theory Center, Ithaca NY",5.4376783,5.437678337097168,0.9999999931777561
33,nsfnet,11,1.0,transformer,random_failure_fixed,"MIDnet, Lincoln, NE -> NCSA, University of Illinois, Champaign & NCSA, University of Illinois, Champaign -> MIDnet, Lincoln, NE",2,Pittsburgh Supercomputer Center,"MIDnet, Lincoln, NE",5.3604636,5.360463619232178,0.9999999964122175
33,nsfnet,11,1.0,transformer,random_failure_fixed,"MIDnet, Lincoln, NE -> NCSA, University of Illinois, Champaign & NCSA, University of Illinois, Champaign -> MIDnet, Lincoln, NE",3,"MIDnet, Lincoln, NE","SEQSUINET, Rice University, Houston",5.093389,5.09338903427124,0.999999993271427
33,nsfnet,11,1.0,transformer,random_failure_fixed,"MIDnet, Lincoln, NE -> NCSA, University of Illinois, Champaign & NCSA, University of Illinois, Champaign -> MIDnet, Lincoln, NE",4,"MIDnet, Lincoln, NE","NorthWestNet, Seattle",5.071414,5.071413993835449,1.0000000012155488
33,nsfnet,11,1.0,transformer,random_failure_fixed,"MIDnet, Lincoln, NE -> NCSA, University of Illinois, Champaign & NCSA, University of Illinois, Champaign -> MIDnet, Lincoln, NE",5,"MIDnet, Lincoln, NE","Westnet, Salt Lake City",4.7871962,4.787196159362793,1.0000000084887282
34,nsfnet,11,1.0,moving_average,critical_failure_fixed,"NCSA, University of Illinois, Champaign -> Merit Univ of Michigan, Ann Arbor & Merit Univ of Michigan, Ann Arbor -> NCSA, University of Illinois, Champaign",1,Pittsburgh Supercomputer Center,"MIDnet, Lincoln, NE",4.055237,4.0552369900342935,1.0000000024574904
34,nsfnet,11,1.0,moving_average,critical_failure_fixed,"NCSA, University of Illinois, Champaign -> Merit Univ of Michigan, Ann Arbor & Merit Univ of Michigan, Ann Arbor -> NCSA, University of Illinois, Champaign",2,"Merit Univ of Michigan, Ann Arbor","NCSA, University of Illinois, Champaign",3.9326141,3.932614066691307,1.0000000084698606
34,nsfnet,11,1.0,moving_average,critical_failure_fixed,"NCSA, University of Illinois, Champaign -> Merit Univ of Michigan, Ann Arbor & Merit Univ of Michigan, Ann Arbor -> NCSA, University of Illinois, Champaign",3,San Diego Supercomputer Center,"Merit Univ of Michigan, Ann Arbor",3.8992692,3.8992691881623807,1.0000000030358558
34,nsfnet,11,1.0,moving_average,critical_failure_fixed,"NCSA, University of Illinois, Champaign -> Merit Univ of Michigan, Ann Arbor & Merit Univ of Michigan, Ann Arbor -> NCSA, University of Illinois, Champaign",4,"SURANET, Georgia Tech, Atlanta","Merit Univ of Michigan, Ann Arbor",3.8406379,3.8406379007185376,0.9999999998129119
34,nsfnet,11,1.0,moving_average,critical_failure_fixed,"NCSA, University of Illinois, Champaign -> Merit Univ of Michigan, Ann Arbor & Merit Univ of Michigan, Ann Arbor -> NCSA, University of Illinois, Champaign",5,"MIDnet, Lincoln, NE","Cornell Theory Center, Ithaca NY",3.7917676,3.7917676424866307,0.9999999887950332
34,nsfnet,11,1.0,moving_average,random_failure_fixed,"SEQSUINET, Rice University, Houston -> SURANET, Georgia Tech, Atlanta & SURANET, Georgia Tech, Atlanta -> SEQSUINET, Rice University, Houston",1,"Jon Von Neumann Center, Princeton, NJ",San Diego Supercomputer Center,3.8699331,3.8699330884186,1.0000000029926615
34,nsfnet,11,1.0,moving_average,random_failure_fixed,"SEQSUINET, Rice University, Houston -> SURANET, Georgia Tech, Atlanta & SURANET, Georgia Tech, Atlanta -> SEQSUINET, Rice University, Houston",2,"SURANET, Georgia Tech, Atlanta","Merit Univ of Michigan, Ann Arbor",3.8406379,3.8406379007185376,0.9999999998129119
34,nsfnet,11,1.0,moving_average,random_failure_fixed,"SEQSUINET, Rice University, Houston -> SURANET, Georgia Tech, Atlanta & SURANET, Georgia Tech, Atlanta -> SEQSUINET, Rice University, Houston",3,"Jon Von Neumann Center, Princeton, NJ","NorthWestNet, Seattle",3.7809798,3.780979836669545,0.9999999903015762
34,nsfnet,11,1.0,moving_average,random_failure_fixed,"SEQSUINET, Rice University, Houston -> SURANET, Georgia Tech, Atlanta & SURANET, Georgia Tech, Atlanta -> SEQSUINET, Rice University, Houston",4,"NCSA, University of Illinois, Champaign","SURANET, Georgia Tech, Atlanta",3.591249,3.5912489854718728,1.0000000040454247
34,nsfnet,11,1.0,moving_average,random_failure_fixed,"SEQSUINET, Rice University, Houston -> SURANET, Georgia Tech, Atlanta & SURANET, Georgia Tech, Atlanta -> SEQSUINET, Rice University, Houston",5,"SURANET, Georgia Tech, Atlanta",San Diego Supercomputer Center,3.5838971,3.5838970958067926,1.0000000011700134
34,nsfnet,11,1.0,linear_autoregressive,critical_failure_fixed,"NCSA, University of Illinois, Champaign -> Merit Univ of Michigan, Ann Arbor & Merit Univ of Michigan, Ann Arbor -> NCSA, University of Illinois, Champaign",1,"Merit Univ of Michigan, Ann Arbor","NCSA, University of Illinois, Champaign",3.6222435,3.622243459858606,1.000000011081915
34,nsfnet,11,1.0,linear_autoregressive,critical_failure_fixed,"NCSA, University of Illinois, Champaign -> Merit Univ of Michigan, Ann Arbor & Merit Univ of Michigan, Ann Arbor -> NCSA, University of Illinois, Champaign",2,Pittsburgh Supercomputer Center,"MIDnet, Lincoln, NE",3.6095731,3.6095730895364273,1.0000000028988394
34,nsfnet,11,1.0,linear_autoregressive,critical_failure_fixed,"NCSA, University of Illinois, Champaign -> Merit Univ of Michigan, Ann Arbor & Merit Univ of Michigan, Ann Arbor -> NCSA, University of Illinois, Champaign",3,"SURANET, Georgia Tech, Atlanta","Merit Univ of Michigan, Ann Arbor",3.5175124,3.5175123505905086,1.0000000140467145
34,nsfnet,11,1.0,linear_autoregressive,critical_failure_fixed,"NCSA, University of Illinois, Champaign -> Merit Univ of Michigan, Ann Arbor & Merit Univ of Michigan, Ann Arbor -> NCSA, University of Illinois, Champaign",4,"MIDnet, Lincoln, NE","Cornell Theory Center, Ithaca NY",3.2764211,3.276421116280341,0.9999999950310596
34,nsfnet,11,1.0,linear_autoregressive,critical_failure_fixed,"NCSA, University of Illinois, Champaign -> Merit Univ of Michigan, Ann Arbor & Merit Univ of Michigan, Ann Arbor -> NCSA, University of Illinois, Champaign",5,"MIDnet, Lincoln, NE","BARRnet, Palo Alto",3.1137345,3.1137344835153917,1.00000000529416
34,nsfnet,11,1.0,linear_autoregressive,random_failure_fixed,"SEQSUINET, Rice University, Houston -> SURANET, Georgia Tech, Atlanta & SURANET, Georgia Tech, Atlanta -> SEQSUINET, Rice University, Houston",1,"Jon Von Neumann Center, Princeton, NJ",San Diego Supercomputer Center,3.5758238,3.575823807503698,0.9999999979015471
34,nsfnet,11,1.0,linear_autoregressive,random_failure_fixed,"SEQSUINET, Rice University, Houston -> SURANET, Georgia Tech, Atlanta & SURANET, Georgia Tech, Atlanta -> SEQSUINET, Rice University, Houston",2,"SURANET, Georgia Tech, Atlanta","Merit Univ of Michigan, Ann Arbor",3.5175124,3.5175123505905086,1.0000000140467145
34,nsfnet,11,1.0,linear_autoregressive,random_failure_fixed,"SEQSUINET, Rice University, Houston -> SURANET, Georgia Tech, Atlanta & SURANET, Georgia Tech, Atlanta -> SEQSUINET, Rice University, Houston",3,"SURANET, Georgia Tech, Atlanta",San Diego Supercomputer Center,3.1960379,3.196037872724373,1.0000000085342002
34,nsfnet,11,1.0,linear_autoregressive,random_failure_fixed,"SEQSUINET, Rice University, Houston -> SURANET, Georgia Tech, Atlanta & SURANET, Georgia Tech, Atlanta -> SEQSUINET, Rice University, Houston",4,"Jon Von Neumann Center, Princeton, NJ","NorthWestNet, Seattle",3.1691115,3.1691115328336616,0.9999999896394742
34,nsfnet,11,1.0,linear_autoregressive,random_failure_fixed,"SEQSUINET, Rice University, Houston -> SURANET, Georgia Tech, Atlanta & SURANET, Georgia Tech, Atlanta -> SEQSUINET, Rice University, Houston",5,San Diego Supercomputer Center,"Jon Von Neumann Center, Princeton, NJ",3.0366599,3.0366598521397146,1.000000015760832
34,nsfnet,11,1.0,lstm,critical_failure_fixed,"NCSA, University of Illinois, Champaign -> Merit Univ of Michigan, Ann Arbor & Merit Univ of Michigan, Ann Arbor -> NCSA, University of Illinois, Champaign",1,"MIDnet, Lincoln, NE","Cornell Theory Center, Ithaca NY",5.3441658,5.344165802001953,0.9999999996253947
34,nsfnet,11,1.0,lstm,critical_failure_fixed,"NCSA, University of Illinois, Champaign -> Merit Univ of Michigan, Ann Arbor & Merit Univ of Michigan, Ann Arbor -> NCSA, University of Illinois, Champaign",2,"Merit Univ of Michigan, Ann Arbor","NCSA, University of Illinois, Champaign",5.3239465,5.323946475982666,1.0000000045111899
34,nsfnet,11,1.0,lstm,critical_failure_fixed,"NCSA, University of Illinois, Champaign -> Merit Univ of Michigan, Ann Arbor & Merit Univ of Michigan, Ann Arbor -> NCSA, University of Illinois, Champaign",3,Pittsburgh Supercomputer Center,"MIDnet, Lincoln, NE",5.3098097,5.309809684753418,1.000000002871399
34,nsfnet,11,1.0,lstm,critical_failure_fixed,"NCSA, University of Illinois, Champaign -> Merit Univ of Michigan, Ann Arbor & Merit Univ of Michigan, Ann Arbor -> NCSA, University of Illinois, Champaign",4,"SURANET, Georgia Tech, Atlanta","Merit Univ of Michigan, Ann Arbor",5.0678587,5.067858695983887,1.0000000007924676
34,nsfnet,11,1.0,lstm,critical_failure_fixed,"NCSA, University of Illinois, Champaign -> Merit Univ of Michigan, Ann Arbor & Merit Univ of Michigan, Ann Arbor -> NCSA, University of Illinois, Champaign",5,San Diego Supercomputer Center,"Merit Univ of Michigan, Ann Arbor",4.9937043,4.993704319000244,0.9999999961951603
34,nsfnet,11,1.0,lstm,random_failure_fixed,"SEQSUINET, Rice University, Houston -> SURANET, Georgia Tech, Atlanta & SURANET, Georgia Tech, Atlanta -> SEQSUINET, Rice University, Houston",1,"Jon Von Neumann Center, Princeton, NJ",San Diego Supercomputer Center,5.3069906,5.306990623474121,0.9999999955767547
34,nsfnet,11,1.0,lstm,random_failure_fixed,"SEQSUINET, Rice University, Houston -> SURANET, Georgia Tech, Atlanta & SURANET, Georgia Tech, Atlanta -> SEQSUINET, Rice University, Houston",2,"SURANET, Georgia Tech, Atlanta","Merit Univ of Michigan, Ann Arbor",5.0678587,5.067858695983887,1.0000000007924676
34,nsfnet,11,1.0,lstm,random_failure_fixed,"SEQSUINET, Rice University, Houston -> SURANET, Georgia Tech, Atlanta & SURANET, Georgia Tech, Atlanta -> SEQSUINET, Rice University, Houston",3,"SURANET, Georgia Tech, Atlanta",San Diego Supercomputer Center,5.0091758,5.009175777435303,1.0000000045046729
34,nsfnet,11,1.0,lstm,random_failure_fixed,"SEQSUINET, Rice University, Houston -> SURANET, Georgia Tech, Atlanta & SURANET, Georgia Tech, Atlanta -> SEQSUINET, Rice University, Houston",4,"Jon Von Neumann Center, Princeton, NJ","NorthWestNet, Seattle",4.7840877,4.784087657928467,1.0000000087940557
34,nsfnet,11,1.0,lstm,random_failure_fixed,"SEQSUINET, Rice University, Houston -> SURANET, Georgia Tech, Atlanta & SURANET, Georgia Tech, Atlanta -> SEQSUINET, Rice University, Houston",5,"NCSA, University of Illinois, Champaign","SURANET, Georgia Tech, Atlanta",4.6973424,4.697342395782471,1.0000000008978545
34,nsfnet,11,1.0,transformer,critical_failure_fixed,"NCSA, University of Illinois, Champaign -> Merit Univ of Michigan, Ann Arbor & Merit Univ of Michigan, Ann Arbor -> NCSA, University of Illinois, Champaign",1,"MIDnet, Lincoln, NE","Cornell Theory Center, Ithaca NY",5.4376984,5.4376983642578125,1.0000000065730361
34,nsfnet,11,1.0,transformer,critical_failure_fixed,"NCSA, University of Illinois, Champaign -> Merit Univ of Michigan, Ann Arbor & Merit Univ of Michigan, Ann Arbor -> NCSA, University of Illinois, Champaign",2,Pittsburgh Supercomputer Center,"MIDnet, Lincoln, NE",5.3604441,5.360444068908691,1.0000000058001366
34,nsfnet,11,1.0,transformer,critical_failure_fixed,"NCSA, University of Illinois, Champaign -> Merit Univ of Michigan, Ann Arbor & Merit Univ of Michigan, Ann Arbor -> NCSA, University of Illinois, Champaign",3,"Merit Univ of Michigan, Ann Arbor","NCSA, University of Illinois, Champaign",5.3288755,5.328875541687012,0.9999999921771466
34,nsfnet,11,1.0,transformer,critical_failure_fixed,"NCSA, University of Illinois, Champaign -> Merit Univ of Michigan, Ann Arbor & Merit Univ of Michigan, Ann Arbor -> NCSA, University of Illinois, Champaign",4,"SURANET, Georgia Tech, Atlanta","Merit Univ of Michigan, Ann Arbor",5.1067109,5.106710910797119,0.9999999978857
34,nsfnet,11,1.0,transformer,critical_failure_fixed,"NCSA, University of Illinois, Champaign -> Merit Univ of Michigan, Ann Arbor & Merit Univ of Michigan, Ann Arbor -> NCSA, University of Illinois, Champaign",5,San Diego Supercomputer Center,"Merit Univ of Michigan, Ann Arbor",5.0929041,5.092904090881348,1.0000000017904622
34,nsfnet,11,1.0,transformer,random_failure_fixed,"SEQSUINET, Rice University, Houston -> SURANET, Georgia Tech, Atlanta & SURANET, Georgia Tech, Atlanta -> SEQSUINET, Rice University, Houston",1,"Jon Von Neumann Center, Princeton, NJ",San Diego Supercomputer Center,5.3292799,5.329279899597168,1.0000000000755884
34,nsfnet,11,1.0,transformer,random_failure_fixed,"SEQSUINET, Rice University, Houston -> SURANET, Georgia Tech, Atlanta & SURANET, Georgia Tech, Atlanta -> SEQSUINET, Rice University, Houston",2,"SURANET, Georgia Tech, Atlanta","Merit Univ of Michigan, Ann Arbor",5.1067109,5.106710910797119,0.9999999978857
34,nsfnet,11,1.0,transformer,random_failure_fixed,"SEQSUINET, Rice University, Houston -> SURANET, Georgia Tech, Atlanta & SURANET, Georgia Tech, Atlanta -> SEQSUINET, Rice University, Houston",3,"SURANET, Georgia Tech, Atlanta",San Diego Supercomputer Center,5.0476017,5.047601699829102,1.0000000000338574
34,nsfnet,11,1.0,transformer,random_failure_fixed,"SEQSUINET, Rice University, Houston -> SURANET, Georgia Tech, Atlanta & SURANET, Georgia Tech, Atlanta -> SEQSUINET, Rice University, Houston",4,"Jon Von Neumann Center, Princeton, NJ","NorthWestNet, Seattle",4.7870126,4.787012577056885,1.0000000047927835
34,nsfnet,11,1.0,transformer,random_failure_fixed,"SEQSUINET, Rice University, Houston -> SURANET, Georgia Tech, Atlanta & SURANET, Georgia Tech, Atlanta -> SEQSUINET, Rice University, Houston",5,"NCSA, University of Illinois, Champaign","SURANET, Georgia Tech, Atlanta",4.7338443,4.73384428024292,1.0000000041735806
