time_step,topology,seed,load_scale,method,scenario,failed_link,commodity_rank,source,destination,disrupted_amount,demand_value,commodity_disruption_ratio
22,nsfnet,11,1.2,current_demand_lp,critical_failure_fixed,"NCSA, University of Illinois, Champaign -> Merit Univ of Michigan, Ann Arbor & Merit Univ of Michigan, Ann Arbor -> NCSA, University of Illinois, Champaign",1,"MIDnet, Lincoln, NE","Cornell Theory Center, Ithaca NY",6.175325,6.1753249680788596,1.0000000051691433
22,nsfnet,11,1.2,current_demand_lp,critical_failure_fixed,"NCSA, University of Illinois, Champaign -> Merit Univ of Michigan, Ann Arbor & Merit Univ of Michigan, Ann Arbor -> NCSA, University of Illinois, Champaign",2,Pittsburgh Supercomputer Center,"MIDnet, Lincoln, NE",6.0362448,6.036244809378537,0.9999999984462963
22,nsfnet,11,1.2,current_demand_lp,critical_failure_fixed,"NCSA, University of Illinois, Champaign -> Merit Univ of Michigan, Ann Arbor & Merit Univ of Michigan, Ann Arbor -> NCSA, University of Illinois, Champaign",3,"Merit Univ of Michigan, Ann Arbor","NCSA, University of Illinois, Champaign",5.8115301,5.811530089814732,1.0000000017525965
22,nsfnet,11,1.2,current_demand_lp,critical_failure_fixed,"NCSA, University of Illinois, Champaign -> Merit Univ of Michigan, Ann Arbor & Merit Univ of Michigan, Ann Arbor -> NCSA, University of Illinois, Champaign",4,"SURANET, Georgia Tech, Atlanta","Merit Univ of Michigan, Ann Arbor",5.2884654,5.288465424257715,0.99999999541309
22,nsfnet,11,1.2,current_demand_lp,critical_failure_fixed,"NCSA, University of Illinois, Champaign -> Merit Univ of Michigan, Ann Arbor & Merit Univ of Michigan, Ann Arbor -> NCSA, University of Illinois, Champaign",5,San Diego Supercomputer Center,"Merit Univ of Michigan, Ann Arbor",5.158854,5.8296098815916215,0.8849398338455386
22,nsfnet,11,1.2,current_demand_lp,random_failure_fixed,"Westnet, Salt Lake City -> NCAR, Boulder & NCAR, Boulder -> Westnet, Salt Lake City",1,"Westnet, Salt Lake City","Cornell Theory Center, Ithaca NY",6.3065521,6.306552077318639,1.0000000035964756
22,nsfnet,11,1.2,current_demand_lp,random_failure_fixed,"Westnet, Salt Lake City -> NCAR, Boulder & NCAR, Boulder -> Westnet, Salt Lake City",2,"SEQSUINET, Rice University, Houston","Westnet, Salt Lake City",5.5636081,5.563608127288914,0.999999995095105
22,nsfnet,11,1.2,current_demand_lp,random_failure_fixed,"Westnet, Salt Lake City -> NCAR, Boulder & NCAR, Boulder -> Westnet, Salt Lake City",3,"MIDnet, Lincoln, NE","Westnet, Salt Lake City",5.3677377,5.367737719222056,0.9999999964189651
22,nsfnet,11,1.2,current_demand_lp,random_failure_fixed,"Westnet, Salt Lake City -> NCAR, Boulder & NCAR, Boulder -> Westnet, Salt Lake City",4,"BARRnet, Palo Alto","Westnet, Salt Lake City",5.2304169,5.230416929893409,0.9999999942846985
22,nsfnet,11,1.2,current_demand_lp,random_failure_fixed,"Westnet, Salt Lake City -> NCAR, Boulder & NCAR, Boulder -> Westnet, Salt Lake City",5,"Westnet, Salt Lake City","NCAR, Boulder",5.1326478,5.132647772156488,1.0000000054247853
22,nsfnet,11,1.2,robust_current_demand_lp,critical_failure_fixed,"NCSA, University of Illinois, Champaign -> Merit Univ of Michigan, Ann Arbor & Merit Univ of Michigan, Ann Arbor -> NCSA, University of Illinois, Champaign",1,"Westnet, Salt Lake City","Cornell Theory Center, Ithaca NY",6.3065521,6.306552077318639,1.0000000035964756
22,nsfnet,11,1.2,robust_current_demand_lp,critical_failure_fixed,"NCSA, University of Illinois, Champaign -> Merit Univ of Michigan, Ann Arbor & Merit Univ of Michigan, Ann Arbor -> NCSA, University of Illinois, Champaign",2,"MIDnet, Lincoln, NE","Cornell Theory Center, Ithaca NY",6.175325,6.1753249680788596,1.0000000051691433
22,nsfnet,11,1.2,robust_current_demand_lp,critical_failure_fixed,"NCSA, University of Illinois, Champaign -> Merit Univ of Michigan, Ann Arbor & Merit Univ of Michigan, Ann Arbor -> NCSA, University of Illinois, Champaign",3,Pittsburgh Supercomputer Center,"MIDnet, Lincoln, NE",6.0362448,6.036244809378537,0.9999999984462963
22,nsfnet,11,1.2,robust_current_demand_lp,critical_failure_fixed,"NCSA, University of Illinois, Champaign -> Merit Univ of Michigan, Ann Arbor & Merit Univ of Michigan, Ann Arbor -> NCSA, University of Illinois, Champaign",4,"Merit Univ of Michigan, Ann Arbor","NCSA, University of Illinois, Champaign",5.8115301,5.811530089814732,1.0000000017525965
22,nsfnet,11,1.2,robust_current_demand_lp,critical_failure_fixed,"NCSA, University of Illinois, Champaign -> Merit Univ of Michigan, Ann Arbor & Merit Univ of Michigan, Ann Arbor -> NCSA, University of Illinois, Champaign",5,"MIDnet, Lincoln, NE","BARRnet, Palo Alto",5.085117,5.085117015667866,0.9999999969188781
22,nsfnet,11,1.2,robust_current_demand_lp,random_failure_fixed,"Westnet, Salt Lake City -> NCAR, Boulder & NCAR, Boulder -> Westnet, Salt Lake City",1,"Westnet, Salt Lake City","Cornell Theory Center, Ithaca NY",6.3065521,6.306552077318639,1.0000000035964756
22,nsfnet,11,1.2,robust_current_demand_lp,random_failure_fixed,"Westnet, Salt Lake City -> NCAR, Boulder & NCAR, Boulder -> Westnet, Salt Lake City",2,"SEQSUINET, Rice University, Houston","Westnet, Salt Lake City",5.5636081,5.563608127288914,0.999999995095105
22,nsfnet,11,1.2,robust_current_demand_lp,random_failure_fixed,"Westnet, Salt Lake City -> NCAR, Boulder & NCAR, Boulder -> Westnet, Salt Lake City",3,"MIDnet, Lincoln, NE","Westnet, Salt Lake City",5.3677377,5.367737719222056,0.9999999964189651
22,nsfnet,11,1.2,robust_current_demand_lp,random_failure_fixed,"Westnet, Salt Lake City -> NCAR, Boulder & NCAR, Boulder -> Westnet, Salt Lake City",4,"BARRnet, Palo Alto","Westnet, Salt Lake City",5.2304169,5.230416929893409,0.9999999942846985
22,nsfnet,11,1.2,robust_current_demand_lp,random_failure_fixed,"Westnet, Salt Lake City -> NCAR, Boulder & NCAR, Boulder -> Westnet, Salt Lake City",5,"Westnet, Salt Lake City","NCAR, Boulder",5.1326478,5.132647772156488,1.0000000054247853
22,nsfnet,11,1.2,moving_average,critical_failure_fixed,"NCSA, University of Illinois, Champaign -> Merit Univ of Michigan, Ann Arbor & Merit Univ of Michigan, Ann Arbor -> NCSA, University of Illinois, Champaign",1,Pittsburgh Supercomputer Center,"MIDnet, Lincoln, NE",6.5880815,6.588081488624831,1.0000000017266284
22,nsfnet,11,1.2,moving_average,critical_failure_fixed,"NCSA, University of Illinois, Champaign -> Merit Univ of Michigan, Ann Arbor & Merit Univ of Michigan, Ann Arbor -> NCSA, University of Illinois, Champaign",2,"MIDnet, Lincoln, NE","Cornell Theory Center, Ithaca NY",6.5465176,6.546517592070168,1.0000000012113053
22,nsfnet,11,1.2,moving_average,critical_failure_fixed,"NCSA, University of Illinois, Champaign -> Merit Univ of Michigan, Ann Arbor & Merit Univ of Michigan, Ann Arbor -> NCSA, University of Illinois, Champaign",3,"Merit Univ of Michigan, Ann Arbor","NCSA, University of Illinois, Champaign",6.3884077,6.388407670963699,1.0000000045451547
22,nsfnet,11,1.2,moving_average,critical_failure_fixed,"NCSA, University of Illinois, Champaign -> Merit Univ of Michigan, Ann Arbor & Merit Univ of Michigan, Ann Arbor -> NCSA, University of Illinois, Champaign",4,"SURANET, Georgia Tech, Atlanta","Merit Univ of Michigan, Ann Arbor",6.1854558,6.185455760962644,1.0000000063111527
22,nsfnet,11,1.2,moving_average,critical_failure_fixed,"NCSA, University of Illinois, Champaign -> Merit Univ of Michigan, Ann Arbor & Merit Univ of Michigan, Ann Arbor -> NCSA, University of Illinois, Champaign",5,"NCSA, University of Illinois, Champaign",Pittsburgh Supercomputer Center,5.5579595,5.557959533562148,0.9999999939614264
22,nsfnet,11,1.2,moving_average,random_failure_fixed,"Westnet, Salt Lake City -> NCAR, Boulder & NCAR, Boulder -> Westnet, Salt Lake City",1,"Westnet, Salt Lake City","Cornell Theory Center, Ithaca NY",6.6572595,6.657259489002474,1.00000000165196
22,nsfnet,11,1.2,moving_average,random_failure_fixed,"Westnet, Salt Lake City -> NCAR, Boulder & NCAR, Boulder -> Westnet, Salt Lake City",2,"SEQSUINET, Rice University, Houston","Westnet, Salt Lake City",6.1889405,6.188940475944184,1.0000000038869037
22,nsfnet,11,1.2,moving_average,random_failure_fixed,"Westnet, Salt Lake City -> NCAR, Boulder & NCAR, Boulder -> Westnet, Salt Lake City",3,"Westnet, Salt Lake City","NCAR, Boulder",5.8010044,5.801004352766796,1.000000008142246
22,nsfnet,11,1.2,moving_average,random_failure_fixed,"Westnet, Salt Lake City -> NCAR, Boulder & NCAR, Boulder -> Westnet, Salt Lake City",4,"MIDnet, Lincoln, NE","Westnet, Salt Lake City",5.7937277,5.793727721708532,0.9999999962530977
22,nsfnet,11,1.2,moving_average,random_failure_fixed,"Westnet, Salt Lake City -> NCAR, Boulder & NCAR, Boulder -> Westnet, Salt Lake City",5,"BARRnet, Palo Alto","Westnet, Salt Lake City",5.7297458,5.7297458238150485,0.9999999958436117
22,nsfnet,11,1.2,linear_autoregressive,critical_failure_fixed,"NCSA, University of Illinois, Champaign -> Merit Univ of Michigan, Ann Arbor & Merit Univ of Michigan, Ann Arbor -> NCSA, University of Illinois, Champaign",1,Pittsburgh Supercomputer Center,"MIDnet, Lincoln, NE",5.9969383,5.996938277342728,1.0000000037781398
22,nsfnet,11,1.2,linear_autoregressive,critical_failure_fixed,"NCSA, University of Illinois, Champaign -> Merit Univ of Michigan, Ann Arbor & Merit Univ of Michigan, Ann Arbor -> NCSA, University of Illinois, Champaign",2,"Merit Univ of Michigan, Ann Arbor","NCSA, University of Illinois, Champaign",5.9334587,5.933458680170038,1.0000000033420577
22,nsfnet,11,1.2,linear_autoregressive,critical_failure_fixed,"NCSA, University of Illinois, Champaign -> Merit Univ of Michigan, Ann Arbor & Merit Univ of Michigan, Ann Arbor -> NCSA, University of Illinois, Champaign",3,"MIDnet, Lincoln, NE","Cornell Theory Center, Ithaca NY",5.9312184,5.931218434884088,0.9999999941185629
22,nsfnet,11,1.2,linear_autoregressive,critical_failure_fixed,"NCSA, University of Illinois, Champaign -> Merit Univ of Michigan, Ann Arbor & Merit Univ of Michigan, Ann Arbor -> NCSA, University of Illinois, Champaign",4,"SURANET, Georgia Tech, Atlanta","Merit Univ of Michigan, Ann Arbor",5.6690416,5.669041602707356,0.9999999995224315
22,nsfnet,11,1.2,linear_autoregressive,critical_failure_fixed,"NCSA, University of Illinois, Champaign -> Merit Univ of Michigan, Ann Arbor & Merit Univ of Michigan, Ann Arbor -> NCSA, University of Illinois, Champaign",5,"NCSA, University of Illinois, Champaign",Pittsburgh Supercomputer Center,5.3079976,5.3079976478231625,0.9999999909903573
22,nsfnet,11,1.2,linear_autoregressive,random_failure_fixed,"Westnet, Salt Lake City -> NCAR, Boulder & NCAR, Boulder -> Westnet, Salt Lake City",1,"Westnet, Salt Lake City","Cornell Theory Center, Ithaca NY",6.1958969,6.195896867230326,1.0000000052889315
22,nsfnet,11,1.2,linear_autoregressive,random_failure_fixed,"Westnet, Salt Lake City -> NCAR, Boulder & NCAR, Boulder -> Westnet, Salt Lake City",2,"SEQSUINET, Rice University, Houston","Westnet, Salt Lake City",5.8671572,5.867157233297805,0.9999999943247124
22,nsfnet,11,1.2,linear_autoregressive,random_failure_fixed,"Westnet, Salt Lake City -> NCAR, Boulder & NCAR, Boulder -> Westnet, Salt Lake City",3,"Westnet, Salt Lake City","NCAR, Boulder",5.6739067,5.673906742556555,0.9999999924996027
22,nsfnet,11,1.2,linear_autoregressive,random_failure_fixed,"Westnet, Salt Lake City -> NCAR, Boulder & NCAR, Boulder -> Westnet, Salt Lake City",4,"MIDnet, Lincoln, NE","Westnet, Salt Lake City",5.4273611,5.427361111602655,0.9999999978621921
22,nsfnet,11,1.2,linear_autoregressive,random_failure_fixed,"Westnet, Salt Lake City -> NCAR, Boulder & NCAR, Boulder -> Westnet, Salt Lake City",5,"Westnet, Salt Lake City","SEQSUINET, Rice University, Houston",5.375407,5.375406988837228,1.0000000020766375
22,nsfnet,11,1.2,lstm,critical_failure_fixed,"NCSA, University of Illinois, Champaign -> Merit Univ of Michigan, Ann Arbor & Merit Univ of Michigan, Ann Arbor -> NCSA, University of Illinois, Champaign",1,Pittsburgh Supercomputer Center,"MIDnet, Lincoln, NE",6.0398431,6.0398430824279785,1.0000000029093505
22,nsfnet,11,1.2,lstm,critical_failure_fixed,"NCSA, University of Illinois, Champaign -> Merit Univ of Michigan, Ann Arbor & Merit Univ of Michigan, Ann Arbor -> NCSA, University of Illinois, Champaign",2,"MIDnet, Lincoln, NE","Cornell Theory Center, Ithaca NY",6.0352044,6.0352044105529785,0.9999999982514297
22,nsfnet,11,1.2,lstm,critical_failure_fixed,"NCSA, University of Illinois, Champaign -> Merit Univ of Michigan, Ann Arbor & Merit Univ of Michigan, Ann Arbor -> NCSA, University of Illinois, Champaign",3,"Merit Univ of Michigan, Ann Arbor","NCSA, University of Illinois, Champaign",5.9332848,5.933284759521484,1.0000000068222776
22,nsfnet,11,1.2,lstm,critical_failure_fixed,"NCSA, University of Illinois, Champaign -> Merit Univ of Michigan, Ann Arbor & Merit Univ of Michigan, Ann Arbor -> NCSA, University of Illinois, Champaign",4,"SURANET, Georgia Tech, Atlanta","Merit Univ of Michigan, Ann Arbor",5.7587843,5.758784294128418,1.000000001019587
22,nsfnet,11,1.2,lstm,critical_failure_fixed,"NCSA, University of Illinois, Champaign -> Merit Univ of Michigan, Ann Arbor & Merit Univ of Michigan, Ann Arbor -> NCSA, University of Illinois, Champaign",5,San Diego Supercomputer Center,"Merit Univ of Michigan, Ann Arbor",5.3195621,5.627762317657471,0.9452357437536989
22,nsfnet,11,1.2,lstm,random_failure_fixed,"Westnet, Salt Lake City -> NCAR, Boulder & NCAR, Boulder -> Westnet, Salt Lake City",1,"Westnet, Salt Lake City","Cornell Theory Center, Ithaca NY",6.1549139,6.154913902282715,0.9999999996291232
22,nsfnet,11,1.2,lstm,random_failure_fixed,"Westnet, Salt Lake City -> NCAR, Boulder & NCAR, Boulder -> Westnet, Salt Lake City",2,"SEQSUINET, Rice University, Houston","Westnet, Salt Lake City",5.7352839,5.735283851623535,1.000000008434886
22,nsfnet,11,1.2,lstm,random_failure_fixed,"Westnet, Salt Lake City -> NCAR, Boulder & NCAR, Boulder -> Westnet, Salt Lake City",3,"Westnet, Salt Lake City","NCAR, Boulder",5.5383663,5.538366317749023,0.9999999967952601
22,nsfnet,11,1.2,lstm,random_failure_fixed,"Westnet, Salt Lake City -> NCAR, Boulder & NCAR, Boulder -> Westnet, Salt Lake City",4,"MIDnet, Lincoln, NE","Westnet, Salt Lake City",5.3936272,5.393627166748047,1.000000006165045
22,nsfnet,11,1.2,lstm,random_failure_fixed,"Westnet, Salt Lake City -> NCAR, Boulder & NCAR, Boulder -> Westnet, Salt Lake City",5,"Westnet, Salt Lake City","SEQSUINET, Rice University, Houston",5.2360024,5.236002445220947,0.9999999913634595
22,nsfnet,11,1.2,uncertainty_aware_lstm_robust_lp,critical_failure_fixed,"NCSA, University of Illinois, Champaign -> Merit Univ of Michigan, Ann Arbor & Merit Univ of Michigan, Ann Arbor -> NCSA, University of Illinois, Champaign",1,"Westnet, Salt Lake City","Cornell Theory Center, Ithaca NY",6.4338198,6.433819770812988,1.0000000045364983
22,nsfnet,11,1.2,uncertainty_aware_lstm_robust_lp,critical_failure_fixed,"NCSA, University of Illinois, Champaign -> Merit Univ of Michigan, Ann Arbor & Merit Univ of Michigan, Ann Arbor -> NCSA, University of Illinois, Champaign",2,"MIDnet, Lincoln, NE","Cornell Theory Center, Ithaca NY",6.3115487,6.311548709869385,0.9999999984362975
22,nsfnet,11,1.2,uncertainty_aware_lstm_robust_lp,critical_failure_fixed,"NCSA, University of Illinois, Champaign -> Merit Univ of Michigan, Ann Arbor & Merit Univ of Michigan, Ann Arbor -> NCSA, University of Illinois, Champaign",3,Pittsburgh Supercomputer Center,"MIDnet, Lincoln, NE",6.3083749,6.308374881744385,1.0000000028938696
22,nsfnet,11,1.2,uncertainty_aware_lstm_robust_lp,critical_failure_fixed,"NCSA, University of Illinois, Champaign -> Merit Univ of Michigan, Ann Arbor & Merit Univ of Michigan, Ann Arbor -> NCSA, University of Illinois, Champaign",4,"Merit Univ of Michigan, Ann Arbor","NCSA, University of Illinois, Champaign",6.178669,6.178668975830078,1.000000003911833
22,nsfnet,11,1.2,uncertainty_aware_lstm_robust_lp,critical_failure_fixed,"NCSA, University of Illinois, Champaign -> Merit Univ of Michigan, Ann Arbor & Merit Univ of Michigan, Ann Arbor -> NCSA, University of Illinois, Champaign",5,"Cornell Theory Center, Ithaca NY","NCAR, Boulder",5.5758581,5.575858116149902,0.9999999971036023
22,nsfnet,11,1.2,uncertainty_aware_lstm_robust_lp,random_failure_fixed,"Westnet, Salt Lake City -> NCAR, Boulder & NCAR, Boulder -> Westnet, Salt Lake City",1,"Westnet, Salt Lake City","Cornell Theory Center, Ithaca NY",6.4338198,6.433819770812988,1.0000000045364983
22,nsfnet,11,1.2,uncertainty_aware_lstm_robust_lp,random_failure_fixed,"Westnet, Salt Lake City -> NCAR, Boulder & NCAR, Boulder -> Westnet, Salt Lake City",2,"SEQSUINET, Rice University, Houston","Westnet, Salt Lake City",5.975729,5.975728988647461,1.0000000018997748
22,nsfnet,11,1.2,uncertainty_aware_lstm_robust_lp,random_failure_fixed,"Westnet, Salt Lake City -> NCAR, Boulder & NCAR, Boulder -> Westnet, Salt Lake City",3,"Westnet, Salt Lake City","NCAR, Boulder",5.7653723,5.765372276306152,1.0000000041096822
22,nsfnet,11,1.2,uncertainty_aware_lstm_robust_lp,random_failure_fixed,"Westnet, Salt Lake City -> NCAR, Boulder & NCAR, Boulder -> Westnet, Salt Lake City",4,"MIDnet, Lincoln, NE","Westnet, Salt Lake City",5.6440187,5.644018650054932,1.0000000088492034
22,nsfnet,11,1.2,uncertainty_aware_lstm_robust_lp,random_failure_fixed,"Westnet, Salt Lake City -> NCAR, Boulder & NCAR, Boulder -> Westnet, Salt Lake City",5,"Westnet, Salt Lake City","SEQSUINET, Rice University, Houston",5.4761038,5.476103782653809,1.0000000031676155
22,nsfnet,11,1.2,transformer,critical_failure_fixed,"NCSA, University of Illinois, Champaign -> Merit Univ of Michigan, Ann Arbor & Merit Univ of Michigan, Ann Arbor -> NCSA, University of Illinois, Champaign",1,Pittsburgh Supercomputer Center,"MIDnet, Lincoln, NE",5.8319707,5.831970691680908,1.0000000014264634
22,nsfnet,11,1.2,transformer,critical_failure_fixed,"NCSA, University of Illinois, Champaign -> Merit Univ of Michigan, Ann Arbor & Merit Univ of Michigan, Ann Arbor -> NCSA, University of Illinois, Champaign",2,"MIDnet, Lincoln, NE","Cornell Theory Center, Ithaca NY",5.789876,5.7898759841918945,1.000000002730301
22,nsfnet,11,1.2,transformer,critical_failure_fixed,"NCSA, University of Illinois, Champaign -> Merit Univ of Michigan, Ann Arbor & Merit Univ of Michigan, Ann Arbor -> NCSA, University of Illinois, Champaign",3,"Merit Univ of Michigan, Ann Arbor","NCSA, University of Illinois, Champaign",5.6223803,5.622380256652832,1.0000000077097537
22,nsfnet,11,1.2,transformer,critical_failure_fixed,"NCSA, University of Illinois, Champaign -> Merit Univ of Michigan, Ann Arbor & Merit Univ of Michigan, Ann Arbor -> NCSA, University of Illinois, Champaign",4,"SURANET, Georgia Tech, Atlanta","Merit Univ of Michigan, Ann Arbor",5.5625181,5.562518119812012,0.9999999964383016
22,nsfnet,11,1.2,transformer,critical_failure_fixed,"NCSA, University of Illinois, Champaign -> Merit Univ of Michigan, Ann Arbor & Merit Univ of Michigan, Ann Arbor -> NCSA, University of Illinois, Champaign",5,San Diego Supercomputer Center,"Merit Univ of Michigan, Ann Arbor",5.3440795,5.344079494476318,1.0000000010336076
22,nsfnet,11,1.2,transformer,random_failure_fixed,"Westnet, Salt Lake City -> NCAR, Boulder & NCAR, Boulder -> Westnet, Salt Lake City",1,"Westnet, Salt Lake City","Cornell Theory Center, Ithaca NY",5.9547324,5.954732418060303,0.9999999969670673
22,nsfnet,11,1.2,transformer,random_failure_fixed,"Westnet, Salt Lake City -> NCAR, Boulder & NCAR, Boulder -> Westnet, Salt Lake City",2,"SEQSUINET, Rice University, Houston","Westnet, Salt Lake City",5.6311722,5.631172180175781,1.0000000035204426
22,nsfnet,11,1.2,transformer,random_failure_fixed,"Westnet, Salt Lake City -> NCAR, Boulder & NCAR, Boulder -> Westnet, Salt Lake City",3,"Westnet, Salt Lake City","NCAR, Boulder",5.4071813,5.407181262969971,1.0000000068483057
22,nsfnet,11,1.2,transformer,random_failure_fixed,"Westnet, Salt Lake City -> NCAR, Boulder & NCAR, Boulder -> Westnet, Salt Lake City",4,"MIDnet, Lincoln, NE","Westnet, Salt Lake City",5.1699705,5.169970512390137,0.9999999976034415
22,nsfnet,11,1.2,transformer,random_failure_fixed,"Westnet, Salt Lake City -> NCAR, Boulder & NCAR, Boulder -> Westnet, Salt Lake City",5,"Westnet, Salt Lake City","SEQSUINET, Rice University, Houston",4.9038539,4.903853893280029,1.0000000013703447
23,nsfnet,11,1.2,current_demand_lp,critical_failure_fixed,"NCSA, University of Illinois, Champaign -> Merit Univ of Michigan, Ann Arbor & Merit Univ of Michigan, Ann Arbor -> NCSA, University of Illinois, Champaign",1,"Merit Univ of Michigan, Ann Arbor","NCSA, University of Illinois, Champaign",6.6252927,6.6252927180770165,0.9999999972715143
23,nsfnet,11,1.2,current_demand_lp,critical_failure_fixed,"NCSA, University of Illinois, Champaign -> Merit Univ of Michigan, Ann Arbor & Merit Univ of Michigan, Ann Arbor -> NCSA, University of Illinois, Champaign",2,Pittsburgh Supercomputer Center,"MIDnet, Lincoln, NE",6.485205,6.485205008285923,0.9999999987223345
23,nsfnet,11,1.2,current_demand_lp,critical_failure_fixed,"NCSA, University of Illinois, Champaign -> Merit Univ of Michigan, Ann Arbor & Merit Univ of Michigan, Ann Arbor -> NCSA, University of Illinois, Champaign",3,San Diego Supercomputer Center,"Merit Univ of Michigan, Ann Arbor",6.4837644,6.48376443203539,0.9999999950591372
23,nsfnet,11,1.2,current_demand_lp,critical_failure_fixed,"NCSA, University of Illinois, Champaign -> Merit Univ of Michigan, Ann Arbor & Merit Univ of Michigan, Ann Arbor -> NCSA, University of Illinois, Champaign",4,"MIDnet, Lincoln, NE","Cornell Theory Center, Ithaca NY",6.391278,6.391278014584583,0.999999997718049
23,nsfnet,11,1.2,current_demand_lp,critical_failure_fixed,"NCSA, University of Illinois, Champaign -> Merit Univ of Michigan, Ann Arbor & Merit Univ of Michigan, Ann Arbor -> NCSA, University of Illinois, Champaign",5,"MIDnet, Lincoln, NE","BARRnet, Palo Alto",6.0804255,6.080425486238744,1.000000002263206
23,nsfnet,11,1.2,current_demand_lp,random_failure_fixed,"SEQSUINET, Rice University, Houston -> SURANET, Georgia Tech, Atlanta & SURANET, Georgia Tech, Atlanta -> SEQSUINET, Rice University, Houston",1,"Jon Von Neumann Center, Princeton, NJ",San Diego Supercomputer Center,6.8409989,6.840998945849678,0.9999999932978095
23,nsfnet,11,1.2,current_demand_lp,random_failure_fixed,"SEQSUINET, Rice University, Houston -> SURANET, Georgia Tech, Atlanta & SURANET, Georgia Tech, Atlanta -> SEQSUINET, Rice University, Houston",2,"Jon Von Neumann Center, Princeton, NJ","NorthWestNet, Seattle",6.1466905,6.146690457559109,1.0000000069046735
23,nsfnet,11,1.2,current_demand_lp,random_failure_fixed,"SEQSUINET, Rice University, Houston -> SURANET, Georgia Tech, Atlanta & SURANET, Georgia Tech, Atlanta -> SEQSUINET, Rice University, Houston",3,"SURANET, Georgia Tech, Atlanta",San Diego Supercomputer Center,6.0636946,6.06369464323254,0.9999999928702643
23,nsfnet,11,1.2,current_demand_lp,random_failure_fixed,"SEQSUINET, Rice University, Houston -> SURANET, Georgia Tech, Atlanta & SURANET, Georgia Tech, Atlanta -> SEQSUINET, Rice University, Houston",4,"NCSA, University of Illinois, Champaign","SURANET, Georgia Tech, Atlanta",5.9653386,5.965338607129261,0.9999999988048858
23,nsfnet,11,1.2,current_demand_lp,random_failure_fixed,"SEQSUINET, Rice University, Houston -> SURANET, Georgia Tech, Atlanta & SURANET, Georgia Tech, Atlanta -> SEQSUINET, Rice University, Houston",5,"SURANET, Georgia Tech, Atlanta","Merit Univ of Michigan, Ann Arbor",5.8235604,5.823560394817244,1.0000000008899634
23,nsfnet,11,1.2,robust_current_demand_lp,critical_failure_fixed,"NCSA, University of Illinois, Champaign -> Merit Univ of Michigan, Ann Arbor & Merit Univ of Michigan, Ann Arbor -> NCSA, University of Illinois, Champaign",1,"Westnet, Salt Lake City","Cornell Theory Center, Ithaca NY",7.2849629,7.284962902619574,0.9999999996404135
23,nsfnet,11,1.2,robust_current_demand_lp,critical_failure_fixed,"NCSA, University of Illinois, Champaign -> Merit Univ of Michigan, Ann Arbor & Merit Univ of Michigan, Ann Arbor -> NCSA, University of Illinois, Champaign",2,"Merit Univ of Michigan, Ann Arbor","NCSA, University of Illinois, Champaign",6.6252927,6.6252927180770165,0.9999999972715143
23,nsfnet,11,1.2,robust_current_demand_lp,critical_failure_fixed,"NCSA, University of Illinois, Champaign -> Merit Univ of Michigan, Ann Arbor & Merit Univ of Michigan, Ann Arbor -> NCSA, University of Illinois, Champaign",3,Pittsburgh Supercomputer Center,"MIDnet, Lincoln, NE",6.485205,6.485205008285923,0.9999999987223345
23,nsfnet,11,1.2,robust_current_demand_lp,critical_failure_fixed,"NCSA, University of Illinois, Champaign -> Merit Univ of Michigan, Ann Arbor & Merit Univ of Michigan, Ann Arbor -> NCSA, University of Illinois, Champaign",4,"MIDnet, Lincoln, NE","Cornell Theory Center, Ithaca NY",6.391278,6.391278014584583,0.999999997718049
23,nsfnet,11,1.2,robust_current_demand_lp,critical_failure_fixed,"NCSA, University of Illinois, Champaign -> Merit Univ of Michigan, Ann Arbor & Merit Univ of Michigan, Ann Arbor -> NCSA, University of Illinois, Champaign",5,"MIDnet, Lincoln, NE","BARRnet, Palo Alto",6.0804255,6.080425486238744,1.000000002263206
23,nsfnet,11,1.2,robust_current_demand_lp,random_failure_fixed,"SEQSUINET, Rice University, Houston -> SURANET, Georgia Tech, Atlanta & SURANET, Georgia Tech, Atlanta -> SEQSUINET, Rice University, Houston",1,"Jon Von Neumann Center, Princeton, NJ",San Diego Supercomputer Center,6.8409989,6.840998945849678,0.9999999932978095
23,nsfnet,11,1.2,robust_current_demand_lp,random_failure_fixed,"SEQSUINET, Rice University, Houston -> SURANET, Georgia Tech, Atlanta & SURANET, Georgia Tech, Atlanta -> SEQSUINET, Rice University, Houston",2,"Jon Von Neumann Center, Princeton, NJ","NorthWestNet, Seattle",6.1466905,6.146690457559109,1.0000000069046735
23,nsfnet,11,1.2,robust_current_demand_lp,random_failure_fixed,"SEQSUINET, Rice University, Houston -> SURANET, Georgia Tech, Atlanta & SURANET, Georgia Tech, Atlanta -> SEQSUINET, Rice University, Houston",3,"SURANET, Georgia Tech, Atlanta",San Diego Supercomputer Center,6.0636946,6.06369464323254,0.9999999928702643
23,nsfnet,11,1.2,robust_current_demand_lp,random_failure_fixed,"SEQSUINET, Rice University, Houston -> SURANET, Georgia Tech, Atlanta & SURANET, Georgia Tech, Atlanta -> SEQSUINET, Rice University, Houston",4,"NCSA, University of Illinois, Champaign","SURANET, Georgia Tech, Atlanta",5.9653386,5.965338607129261,0.9999999988048858
23,nsfnet,11,1.2,robust_current_demand_lp,random_failure_fixed,"SEQSUINET, Rice University, Houston -> SURANET, Georgia Tech, Atlanta & SURANET, Georgia Tech, Atlanta -> SEQSUINET, Rice University, Houston",5,San Diego Supercomputer Center,"Jon Von Neumann Center, Princeton, NJ",5.5845658,5.584565769529101,1.00000000545627
23,nsfnet,11,1.2,moving_average,critical_failure_fixed,"NCSA, University of Illinois, Champaign -> Merit Univ of Michigan, Ann Arbor & Merit Univ of Michigan, Ann Arbor -> NCSA, University of Illinois, Champaign",1,Pittsburgh Supercomputer Center,"MIDnet, Lincoln, NE",6.4613444,6.461344366987426,1.0000000051092424
23,nsfnet,11,1.2,moving_average,critical_failure_fixed,"NCSA, University of Illinois, Champaign -> Merit Univ of Michigan, Ann Arbor & Merit Univ of Michigan, Ann Arbor -> NCSA, University of Illinois, Champaign",2,"MIDnet, Lincoln, NE","Cornell Theory Center, Ithaca NY",6.3336495,6.333649539409172,0.9999999937778098
23,nsfnet,11,1.2,moving_average,critical_failure_fixed,"NCSA, University of Illinois, Champaign -> Merit Univ of Michigan, Ann Arbor & Merit Univ of Michigan, Ann Arbor -> NCSA, University of Illinois, Champaign",3,"Merit Univ of Michigan, Ann Arbor","NCSA, University of Illinois, Champaign",6.2546823,6.2546823046327145,0.9999999992593206
23,nsfnet,11,1.2,moving_average,critical_failure_fixed,"NCSA, University of Illinois, Champaign -> Merit Univ of Michigan, Ann Arbor & Merit Univ of Michigan, Ann Arbor -> NCSA, University of Illinois, Champaign",4,"SURANET, Georgia Tech, Atlanta","Merit Univ of Michigan, Ann Arbor",5.9902037,5.990203672662347,1.0000000045637267
23,nsfnet,11,1.2,moving_average,critical_failure_fixed,"NCSA, University of Illinois, Champaign -> Merit Univ of Michigan, Ann Arbor & Merit Univ of Michigan, Ann Arbor -> NCSA, University of Illinois, Champaign",5,San Diego Supercomputer Center,"Merit Univ of Michigan, Ann Arbor",5.7921465,5.936354693184465,0.9757076184564863
23,nsfnet,11,1.2,moving_average,random_failure_fixed,"SEQSUINET, Rice University, Houston -> SURANET, Georgia Tech, Atlanta & SURANET, Georgia Tech, Atlanta -> SEQSUINET, Rice University, Houston",1,"Jon Von Neumann Center, Princeton, NJ",San Diego Supercomputer Center,6.495015,6.495014972895372,1.0000000041731434
23,nsfnet,11,1.2,moving_average,random_failure_fixed,"SEQSUINET, Rice University, Houston -> SURANET, Georgia Tech, Atlanta & SURANET, Georgia Tech, Atlanta -> SEQSUINET, Rice University, Houston",2,"SURANET, Georgia Tech, Atlanta",San Diego Supercomputer Center,6.0944476,6.0944476085829375,0.9999999985916791
23,nsfnet,11,1.2,moving_average,random_failure_fixed,"SEQSUINET, Rice University, Houston -> SURANET, Georgia Tech, Atlanta & SURANET, Georgia Tech, Atlanta -> SEQSUINET, Rice University, Houston",3,"SURANET, Georgia Tech, Atlanta","Merit Univ of Michigan, Ann Arbor",5.9902037,5.990203672662347,1.0000000045637267
23,nsfnet,11,1.2,moving_average,random_failure_fixed,"SEQSUINET, Rice University, Houston -> SURANET, Georgia Tech, Atlanta & SURANET, Georgia Tech, Atlanta -> SEQSUINET, Rice University, Houston",4,"NCSA, University of Illinois, Champaign","SURANET, Georgia Tech, Atlanta",5.7628417,5.762841665597429,1.0000000059697236
23,nsfnet,11,1.2,moving_average,random_failure_fixed,"SEQSUINET, Rice University, Houston -> SURANET, Georgia Tech, Atlanta & SURANET, Georgia Tech, Atlanta -> SEQSUINET, Rice University, Houston",5,"Jon Von Neumann Center, Princeton, NJ","NorthWestNet, Seattle",5.7337958,5.7337957520603355,1.000000008360895
23,nsfnet,11,1.2,linear_autoregressive,critical_failure_fixed,"NCSA, University of Illinois, Champaign -> Merit Univ of Michigan, Ann Arbor & Merit Univ of Michigan, Ann Arbor -> NCSA, University of Illinois, Champaign",1,Pittsburgh Supercomputer Center,"MIDnet, Lincoln, NE",6.4662098,6.466209809469163,0.999999998535593
23,nsfnet,11,1.2,linear_autoregressive,critical_failure_fixed,"NCSA, University of Illinois, Champaign -> Merit Univ of Michigan, Ann Arbor & Merit Univ of Michigan, Ann Arbor -> NCSA, University of Illinois, Champaign",2,"Merit Univ of Michigan, Ann Arbor","NCSA, University of Illinois, Champaign",6.3842237,6.384223685578414,1.0000000022589413
23,nsfnet,11,1.2,linear_autoregressive,critical_failure_fixed,"NCSA, University of Illinois, Champaign -> Merit Univ of Michigan, Ann Arbor & Merit Univ of Michigan, Ann Arbor -> NCSA, University of Illinois, Champaign",3,"MIDnet, Lincoln, NE","Cornell Theory Center, Ithaca NY",6.2080835,6.208083455473491,1.0000000071723438
23,nsfnet,11,1.2,linear_autoregressive,critical_failure_fixed,"NCSA, University of Illinois, Champaign -> Merit Univ of Michigan, Ann Arbor & Merit Univ of Michigan, Ann Arbor -> NCSA, University of Illinois, Champaign",4,"SURANET, Georgia Tech, Atlanta","Merit Univ of Michigan, Ann Arbor",6.2067413,6.206741263098948,1.0000000059453182
23,nsfnet,11,1.2,linear_autoregressive,critical_failure_fixed,"NCSA, University of Illinois, Champaign -> Merit Univ of Michigan, Ann Arbor & Merit Univ of Michigan, Ann Arbor -> NCSA, University of Illinois, Champaign",5,San Diego Supercomputer Center,"Merit Univ of Michigan, Ann Arbor",5.8212171,5.821217057046534,1.0000000073787776
23,nsfnet,11,1.2,linear_autoregressive,random_failure_fixed,"SEQSUINET, Rice University, Houston -> SURANET, Georgia Tech, Atlanta & SURANET, Georgia Tech, Atlanta -> SEQSUINET, Rice University, Houston",1,"Jon Von Neumann Center, Princeton, NJ",San Diego Supercomputer Center,6.5129239,6.512923905582778,0.9999999991428153
23,nsfnet,11,1.2,linear_autoregressive,random_failure_fixed,"SEQSUINET, Rice University, Houston -> SURANET, Georgia Tech, Atlanta & SURANET, Georgia Tech, Atlanta -> SEQSUINET, Rice University, Houston",2,"SURANET, Georgia Tech, Atlanta","Merit Univ of Michigan, Ann Arbor",6.2067413,6.206741263098948,1.0000000059453182
23,nsfnet,11,1.2,linear_autoregressive,random_failure_fixed,"SEQSUINET, Rice University, Houston -> SURANET, Georgia Tech, Atlanta & SURANET, Georgia Tech, Atlanta -> SEQSUINET, Rice University, Houston",3,"SURANET, Georgia Tech, Atlanta",San Diego Supercomputer Center,5.9881396,5.988139622349132,0.9999999962677671
23,nsfnet,11,1.2,linear_autoregressive,random_failure_fixed,"SEQSUINET, Rice University, Houston -> SURANET, Georgia Tech, Atlanta & SURANET, Georgia Tech, Atlanta -> SEQSUINET, Rice University, Houston",4,"Jon Von Neumann Center, Princeton, NJ","NorthWestNet, Seattle",5.6879825,5.687982486976891,1.0000000022895832
23,nsfnet,11,1.2,linear_autoregressive,random_failure_fixed,"SEQSUINET, Rice University, Houston -> SURANET, Georgia Tech, Atlanta & SURANET, Georgia Tech, Atlanta -> SEQSUINET, Rice University, Houston",5,"NCSA, University of Illinois, Champaign","SURANET, Georgia Tech, Atlanta",5.5573961,5.55739607947589,1.0000000036931163
23,nsfnet,11,1.2,lstm,critical_failure_fixed,"NCSA, University of Illinois, Champaign -> Merit Univ of Michigan, Ann Arbor & Merit Univ of Michigan, Ann Arbor -> NCSA, University of Illinois, Champaign",1,Pittsburgh Supercomputer Center,"MIDnet, Lincoln, NE",6.0398431,6.0398430824279785,1.0000000029093505
23,nsfnet,11,1.2,lstm,critical_failure_fixed,"NCSA, University of Illinois, Champaign -> Merit Univ of Michigan, Ann Arbor & Merit Univ of Michigan, Ann Arbor -> NCSA, University of Illinois, Champaign",2,"MIDnet, Lincoln, NE","Cornell Theory Center, Ithaca NY",6.0352044,6.0352044105529785,0.9999999982514297
23,nsfnet,11,1.2,lstm,critical_failure_fixed,"NCSA, University of Illinois, Champaign -> Merit Univ of Michigan, Ann Arbor & Merit Univ of Michigan, Ann Arbor -> NCSA, University of Illinois, Champaign",3,"Merit Univ of Michigan, Ann Arbor","NCSA, University of Illinois, Champaign",5.9332848,5.933284759521484,1.0000000068222776
23,nsfnet,11,1.2,lstm,critical_failure_fixed,"NCSA, University of Illinois, Champaign -> Merit Univ of Michigan, Ann Arbor & Merit Univ of Michigan, Ann Arbor -> NCSA, University of Illinois, Champaign",4,"SURANET, Georgia Tech, Atlanta","Merit Univ of Michigan, Ann Arbor",5.7587843,5.758784294128418,1.000000001019587
23,nsfnet,11,1.2,lstm,critical_failure_fixed,"NCSA, University of Illinois, Champaign -> Merit Univ of Michigan, Ann Arbor & Merit Univ of Michigan, Ann Arbor -> NCSA, University of Illinois, Champaign",5,San Diego Supercomputer Center,"Merit Univ of Michigan, Ann Arbor",5.3195621,5.627762317657471,0.9452357437536989
23,nsfnet,11,1.2,lstm,random_failure_fixed,"SEQSUINET, Rice University, Houston -> SURANET, Georgia Tech, Atlanta & SURANET, Georgia Tech, Atlanta -> SEQSUINET, Rice University, Houston",1,"Jon Von Neumann Center, Princeton, NJ",San Diego Supercomputer Center,6.0008745,6.0008745193481445,0.9999999967757792
23,nsfnet,11,1.2,lstm,random_failure_fixed,"SEQSUINET, Rice University, Houston -> SURANET, Georgia Tech, Atlanta & SURANET, Georgia Tech, Atlanta -> SEQSUINET, Rice University, Houston",2,"SURANET, Georgia Tech, Atlanta","Merit Univ of Michigan, Ann Arbor",5.7587843,5.758784294128418,1.000000001019587
23,nsfnet,11,1.2,lstm,random_failure_fixed,"SEQSUINET, Rice University, Houston -> SURANET, Georgia Tech, Atlanta & SURANET, Georgia Tech, Atlanta -> SEQSUINET, Rice University, Houston",3,"SURANET, Georgia Tech, Atlanta",San Diego Supercomputer Center,5.6417818,5.641781806945801,0.999999998768864
23,nsfnet,11,1.2,lstm,random_failure_fixed,"SEQSUINET, Rice University, Houston -> SURANET, Georgia Tech, Atlanta & SURANET, Georgia Tech, Atlanta -> SEQSUINET, Rice University, Houston",4,"Jon Von Neumann Center, Princeton, NJ","NorthWestNet, Seattle",5.3327699,5.332769870758057,1.0000000054834437
23,nsfnet,11,1.2,lstm,random_failure_fixed,"SEQSUINET, Rice University, Houston -> SURANET, Georgia Tech, Atlanta & SURANET, Georgia Tech, Atlanta -> SEQSUINET, Rice University, Houston",5,"NCSA, University of Illinois, Champaign","SURANET, Georgia Tech, Atlanta",5.2648282,5.264828205108643,0.9999999990296659
23,nsfnet,11,1.2,uncertainty_aware_lstm_robust_lp,critical_failure_fixed,"NCSA, University of Illinois, Champaign -> Merit Univ of Michigan, Ann Arbor & Merit Univ of Michigan, Ann Arbor -> NCSA, University of Illinois, Champaign",1,"Westnet, Salt Lake City","Cornell Theory Center, Ithaca NY",6.4338198,6.433819770812988,1.0000000045364983
23,nsfnet,11,1.2,uncertainty_aware_lstm_robust_lp,critical_failure_fixed,"NCSA, University of Illinois, Champaign -> Merit Univ of Michigan, Ann Arbor & Merit Univ of Michigan, Ann Arbor -> NCSA, University of Illinois, Champaign",2,"MIDnet, Lincoln, NE","Cornell Theory Center, Ithaca NY",6.3115487,6.311548709869385,0.9999999984362975
23,nsfnet,11,1.2,uncertainty_aware_lstm_robust_lp,critical_failure_fixed,"NCSA, University of Illinois, Champaign -> Merit Univ of Michigan, Ann Arbor & Merit Univ of Michigan, Ann Arbor -> NCSA, University of Illinois, Champaign",3,Pittsburgh Supercomputer Center,"MIDnet, Lincoln, NE",6.3083749,6.308374881744385,1.0000000028938696
23,nsfnet,11,1.2,uncertainty_aware_lstm_robust_lp,critical_failure_fixed,"NCSA, University of Illinois, Champaign -> Merit Univ of Michigan, Ann Arbor & Merit Univ of Michigan, Ann Arbor -> NCSA, University of Illinois, Champaign",4,"Merit Univ of Michigan, Ann Arbor","NCSA, University of Illinois, Champaign",6.178669,6.178668975830078,1.000000003911833
23,nsfnet,11,1.2,uncertainty_aware_lstm_robust_lp,critical_failure_fixed,"NCSA, University of Illinois, Champaign -> Merit Univ of Michigan, Ann Arbor & Merit Univ of Michigan, Ann Arbor -> NCSA, University of Illinois, Champaign",5,"Cornell Theory Center, Ithaca NY","NCAR, Boulder",5.5758581,5.575858116149902,0.9999999971036023
23,nsfnet,11,1.2,uncertainty_aware_lstm_robust_lp,random_failure_fixed,"SEQSUINET, Rice University, Houston -> SURANET, Georgia Tech, Atlanta & SURANET, Georgia Tech, Atlanta -> SEQSUINET, Rice University, Houston",1,"Jon Von Neumann Center, Princeton, NJ",San Diego Supercomputer Center,6.2672501,6.267250061035156,1.0000000062172154
23,nsfnet,11,1.2,uncertainty_aware_lstm_robust_lp,random_failure_fixed,"SEQSUINET, Rice University, Houston -> SURANET, Georgia Tech, Atlanta & SURANET, Georgia Tech, Atlanta -> SEQSUINET, Rice University, Houston",2,"SURANET, Georgia Tech, Atlanta",San Diego Supercomputer Center,5.9180503,5.918050289154053,1.0000000018326893
23,nsfnet,11,1.2,uncertainty_aware_lstm_robust_lp,random_failure_fixed,"SEQSUINET, Rice University, Houston -> SURANET, Georgia Tech, Atlanta & SURANET, Georgia Tech, Atlanta -> SEQSUINET, Rice University, Houston",3,"Jon Von Neumann Center, Princeton, NJ","NorthWestNet, Seattle",5.5640082,5.5640082359313965,0.9999999935421741
23,nsfnet,11,1.2,uncertainty_aware_lstm_robust_lp,random_failure_fixed,"SEQSUINET, Rice University, Houston -> SURANET, Georgia Tech, Atlanta & SURANET, Georgia Tech, Atlanta -> SEQSUINET, Rice University, Houston",4,"NCSA, University of Illinois, Champaign","SURANET, Georgia Tech, Atlanta",5.5369925,5.53699254989624,0.9999999909885665
23,nsfnet,11,1.2,uncertainty_aware_lstm_robust_lp,random_failure_fixed,"SEQSUINET, Rice University, Houston -> SURANET, Georgia Tech, Atlanta & SURANET, Georgia Tech, Atlanta -> SEQSUINET, Rice University, Houston",5,San Diego Supercomputer Center,"Jon Von Neumann Center, Princeton, NJ",5.3750181,5.375018119812012,0.9999999963140568
23,nsfnet,11,1.2,transformer,critical_failure_fixed,"NCSA, University of Illinois, Champaign -> Merit Univ of Michigan, Ann Arbor & Merit Univ of Michigan, Ann Arbor -> NCSA, University of Illinois, Champaign",1,Pittsburgh Supercomputer Center,"MIDnet, Lincoln, NE",6.4044766,6.404476642608643,0.9999999933470531
23,nsfnet,11,1.2,transformer,critical_failure_fixed,"NCSA, University of Illinois, Champaign -> Merit Univ of Michigan, Ann Arbor & Merit Univ of Michigan, Ann Arbor -> NCSA, University of Illinois, Champaign",2,"MIDnet, Lincoln, NE","Cornell Theory Center, Ithaca NY",6.325192,6.325191974639893,1.0000000040093815
23,nsfnet,11,1.2,transformer,critical_failure_fixed,"NCSA, University of Illinois, Champaign -> Merit Univ of Michigan, Ann Arbor & Merit Univ of Michigan, Ann Arbor -> NCSA, University of Illinois, Champaign",3,"Merit Univ of Michigan, Ann Arbor","NCSA, University of Illinois, Champaign",6.1484923,6.148492336273193,0.9999999941004736
23,nsfnet,11,1.2,transformer,critical_failure_fixed,"NCSA, University of Illinois, Champaign -> Merit Univ of Michigan, Ann Arbor & Merit Univ of Michigan, Ann Arbor -> NCSA, University of Illinois, Champaign",4,"SURANET, Georgia Tech, Atlanta","Merit Univ of Michigan, Ann Arbor",6.0900245,6.090024471282959,1.000000004715423
23,nsfnet,11,1.2,transformer,critical_failure_fixed,"NCSA, University of Illinois, Champaign -> Merit Univ of Michigan, Ann Arbor & Merit Univ of Michigan, Ann Arbor -> NCSA, University of Illinois, Champaign",5,San Diego Supercomputer Center,"Merit Univ of Michigan, Ann Arbor",5.8726764,5.872676372528076,1.0000000046779223
23,nsfnet,11,1.2,transformer,random_failure_fixed,"SEQSUINET, Rice University, Houston -> SURANET, Georgia Tech, Atlanta & SURANET, Georgia Tech, Atlanta -> SEQSUINET, Rice University, Houston",1,"Jon Von Neumann Center, Princeton, NJ",San Diego Supercomputer Center,6.3355393,6.3355393409729,0.9999999935328473
23,nsfnet,11,1.2,transformer,random_failure_fixed,"SEQSUINET, Rice University, Houston -> SURANET, Georgia Tech, Atlanta & SURANET, Georgia Tech, Atlanta -> SEQSUINET, Rice University, Houston",2,"SURANET, Georgia Tech, Atlanta","Merit Univ of Michigan, Ann Arbor",6.0900245,6.090024471282959,1.000000004715423
23,nsfnet,11,1.2,transformer,random_failure_fixed,"SEQSUINET, Rice University, Houston -> SURANET, Georgia Tech, Atlanta & SURANET, Georgia Tech, Atlanta -> SEQSUINET, Rice University, Houston",3,"SURANET, Georgia Tech, Atlanta",San Diego Supercomputer Center,5.9560285,5.956028461456299,1.0000000064713763
23,nsfnet,11,1.2,transformer,random_failure_fixed,"SEQSUINET, Rice University, Houston -> SURANET, Georgia Tech, Atlanta & SURANET, Georgia Tech, Atlanta -> SEQSUINET, Rice University, Houston",4,"Jon Von Neumann Center, Princeton, NJ","NorthWestNet, Seattle",5.619463,5.619462966918945,1.0000000058868712
23,nsfnet,11,1.2,transformer,random_failure_fixed,"SEQSUINET, Rice University, Houston -> SURANET, Georgia Tech, Atlanta & SURANET, Georgia Tech, Atlanta -> SEQSUINET, Rice University, Houston",5,"NCSA, University of Illinois, Champaign","SURANET, Georgia Tech, Atlanta",5.4248276,5.424827575683594,1.0000000044824293
24,nsfnet,11,1.2,current_demand_lp,critical_failure_fixed,"NCSA, University of Illinois, Champaign -> Merit Univ of Michigan, Ann Arbor & Merit Univ of Michigan, Ann Arbor -> NCSA, University of Illinois, Champaign",1,"MIDnet, Lincoln, NE","Cornell Theory Center, Ithaca NY",7.8281413,7.82814125883499,1.0000000052585931
24,nsfnet,11,1.2,current_demand_lp,critical_failure_fixed,"NCSA, University of Illinois, Champaign -> Merit Univ of Michigan, Ann Arbor & Merit Univ of Michigan, Ann Arbor -> NCSA, University of Illinois, Champaign",2,"Merit Univ of Michigan, Ann Arbor","NCSA, University of Illinois, Champaign",7.7229108,7.722910786263464,1.0000000017786734
24,nsfnet,11,1.2,current_demand_lp,critical_failure_fixed,"NCSA, University of Illinois, Champaign -> Merit Univ of Michigan, Ann Arbor & Merit Univ of Michigan, Ann Arbor -> NCSA, University of Illinois, Champaign",3,Pittsburgh Supercomputer Center,"MIDnet, Lincoln, NE",7.5747907,7.574790682155524,1.0000000023557716
24,nsfnet,11,1.2,current_demand_lp,critical_failure_fixed,"NCSA, University of Illinois, Champaign -> Merit Univ of Michigan, Ann Arbor & Merit Univ of Michigan, Ann Arbor -> NCSA, University of Illinois, Champaign",4,San Diego Supercomputer Center,"Merit Univ of Michigan, Ann Arbor",7.1008902,7.522332773016357,0.943974484281242
24,nsfnet,11,1.2,current_demand_lp,critical_failure_fixed,"NCSA, University of Illinois, Champaign -> Merit Univ of Michigan, Ann Arbor & Merit Univ of Michigan, Ann Arbor -> NCSA, University of Illinois, Champaign",5,"SURANET, Georgia Tech, Atlanta","Merit Univ of Michigan, Ann Arbor",6.9136614,6.913661421091283,0.9999999969493323
24,nsfnet,11,1.2,current_demand_lp,random_failure_fixed,"Pittsburgh Supercomputer Center -> Merit Univ of Michigan, Ann Arbor & Merit Univ of Michigan, Ann Arbor -> Pittsburgh Supercomputer Center",1,"BARRnet, Palo Alto",Pittsburgh Supercomputer Center,7.8951866,7.895186633050122,0.9999999958138897
24,nsfnet,11,1.2,current_demand_lp,random_failure_fixed,"Pittsburgh Supercomputer Center -> Merit Univ of Michigan, Ann Arbor & Merit Univ of Michigan, Ann Arbor -> Pittsburgh Supercomputer Center",2,Pittsburgh Supercomputer Center,"MIDnet, Lincoln, NE",7.5747907,7.574790682155524,1.0000000023557716
24,nsfnet,11,1.2,current_demand_lp,random_failure_fixed,"Pittsburgh Supercomputer Center -> Merit Univ of Michigan, Ann Arbor & Merit Univ of Michigan, Ann Arbor -> Pittsburgh Supercomputer Center",3,"NorthWestNet, Seattle",Pittsburgh Supercomputer Center,7.5585208,7.558520846041365,0.9999999939086807
24,nsfnet,11,1.2,current_demand_lp,random_failure_fixed,"Pittsburgh Supercomputer Center -> Merit Univ of Michigan, Ann Arbor & Merit Univ of Michigan, Ann Arbor -> Pittsburgh Supercomputer Center",4,Pittsburgh Supercomputer Center,"NorthWestNet, Seattle",6.9186514,6.918651424556237,0.9999999964507191
24,nsfnet,11,1.2,current_demand_lp,random_failure_fixed,"Pittsburgh Supercomputer Center -> Merit Univ of Michigan, Ann Arbor & Merit Univ of Michigan, Ann Arbor -> Pittsburgh Supercomputer Center",5,"Jon Von Neumann Center, Princeton, NJ",Pittsburgh Supercomputer Center,6.5115947,6.511594684972115,1.0000000023078655
24,nsfnet,11,1.2,robust_current_demand_lp,critical_failure_fixed,"NCSA, University of Illinois, Champaign -> Merit Univ of Michigan, Ann Arbor & Merit Univ of Michigan, Ann Arbor -> NCSA, University of Illinois, Champaign",1,"MIDnet, Lincoln, NE","Cornell Theory Center, Ithaca NY",7.8281413,7.82814125883499,1.0000000052585931
24,nsfnet,11,1.2,robust_current_demand_lp,critical_failure_fixed,"NCSA, University of Illinois, Champaign -> Merit Univ of Michigan, Ann Arbor & Merit Univ of Michigan, Ann Arbor -> NCSA, University of Illinois, Champaign",2,"Westnet, Salt Lake City","Cornell Theory Center, Ithaca NY",7.8171411,7.817141141085942,0.9999999947441217
24,nsfnet,11,1.2,robust_current_demand_lp,critical_failure_fixed,"NCSA, University of Illinois, Champaign -> Merit Univ of Michigan, Ann Arbor & Merit Univ of Michigan, Ann Arbor -> NCSA, University of Illinois, Champaign",3,"Merit Univ of Michigan, Ann Arbor","NCSA, University of Illinois, Champaign",7.7229108,7.722910786263464,1.0000000017786734
24,nsfnet,11,1.2,robust_current_demand_lp,critical_failure_fixed,"NCSA, University of Illinois, Champaign -> Merit Univ of Michigan, Ann Arbor & Merit Univ of Michigan, Ann Arbor -> NCSA, University of Illinois, Champaign",4,Pittsburgh Supercomputer Center,"MIDnet, Lincoln, NE",7.5747907,7.574790682155524,1.0000000023557716
24,nsfnet,11,1.2,robust_current_demand_lp,critical_failure_fixed,"NCSA, University of Illinois, Champaign -> Merit Univ of Michigan, Ann Arbor & Merit Univ of Michigan, Ann Arbor -> NCSA, University of Illinois, Champaign",5,"NCSA, University of Illinois, Champaign","Jon Von Neumann Center, Princeton, NJ",6.347435,6.347434981150469,1.0000000029696297
24,nsfnet,11,1.2,robust_current_demand_lp,random_failure_fixed,"Pittsburgh Supercomputer Center -> Merit Univ of Michigan, Ann Arbor & Merit Univ of Michigan, Ann Arbor -> Pittsburgh Supercomputer Center",1,"BARRnet, Palo Alto",Pittsburgh Supercomputer Center,7.8951866,7.895186633050122,0.9999999958138897
24,nsfnet,11,1.2,robust_current_demand_lp,random_failure_fixed,"Pittsburgh Supercomputer Center -> Merit Univ of Michigan, Ann Arbor & Merit Univ of Michigan, Ann Arbor -> Pittsburgh Supercomputer Center",2,Pittsburgh Supercomputer Center,"MIDnet, Lincoln, NE",7.5747907,7.574790682155524,1.0000000023557716
24,nsfnet,11,1.2,robust_current_demand_lp,random_failure_fixed,"Pittsburgh Supercomputer Center -> Merit Univ of Michigan, Ann Arbor & Merit Univ of Michigan, Ann Arbor -> Pittsburgh Supercomputer Center",3,"NorthWestNet, Seattle",Pittsburgh Supercomputer Center,7.5585208,7.558520846041365,0.9999999939086807
24,nsfnet,11,1.2,robust_current_demand_lp,random_failure_fixed,"Pittsburgh Supercomputer Center -> Merit Univ of Michigan, Ann Arbor & Merit Univ of Michigan, Ann Arbor -> Pittsburgh Supercomputer Center",4,Pittsburgh Supercomputer Center,"NorthWestNet, Seattle",6.9186514,6.918651424556237,0.9999999964507191
24,nsfnet,11,1.2,robust_current_demand_lp,random_failure_fixed,"Pittsburgh Supercomputer Center -> Merit Univ of Michigan, Ann Arbor & Merit Univ of Michigan, Ann Arbor -> Pittsburgh Supercomputer Center",5,"Jon Von Neumann Center, Princeton, NJ",Pittsburgh Supercomputer Center,6.5115947,6.511594684972115,1.0000000023078655
24,nsfnet,11,1.2,moving_average,critical_failure_fixed,"NCSA, University of Illinois, Champaign -> Merit Univ of Michigan, Ann Arbor & Merit Univ of Michigan, Ann Arbor -> NCSA, University of Illinois, Champaign",1,Pittsburgh Supercomputer Center,"MIDnet, Lincoln, NE",6.4126933,6.412693347517333,0.999999992590113
24,nsfnet,11,1.2,moving_average,critical_failure_fixed,"NCSA, University of Illinois, Champaign -> Merit Univ of Michigan, Ann Arbor & Merit Univ of Michigan, Ann Arbor -> NCSA, University of Illinois, Champaign",2,"MIDnet, Lincoln, NE","Cornell Theory Center, Ithaca NY",6.3455936,6.345593603400212,0.9999999994641617
24,nsfnet,11,1.2,moving_average,critical_failure_fixed,"NCSA, University of Illinois, Champaign -> Merit Univ of Michigan, Ann Arbor & Merit Univ of Michigan, Ann Arbor -> NCSA, University of Illinois, Champaign",3,"Merit Univ of Michigan, Ann Arbor","NCSA, University of Illinois, Champaign",6.3374476,6.337447594605359,1.0000000008512324
24,nsfnet,11,1.2,moving_average,critical_failure_fixed,"NCSA, University of Illinois, Champaign -> Merit Univ of Michigan, Ann Arbor & Merit Univ of Michigan, Ann Arbor -> NCSA, University of Illinois, Champaign",4,"SURANET, Georgia Tech, Atlanta","Merit Univ of Michigan, Ann Arbor",5.9501,5.950100042178788,0.9999999929112472
24,nsfnet,11,1.2,moving_average,critical_failure_fixed,"NCSA, University of Illinois, Champaign -> Merit Univ of Michigan, Ann Arbor & Merit Univ of Michigan, Ann Arbor -> NCSA, University of Illinois, Champaign",5,San Diego Supercomputer Center,"Merit Univ of Michigan, Ann Arbor",5.8431942,5.996138559934948,0.9744928576272581
24,nsfnet,11,1.2,moving_average,random_failure_fixed,"Pittsburgh Supercomputer Center -> Merit Univ of Michigan, Ann Arbor & Merit Univ of Michigan, Ann Arbor -> Pittsburgh Supercomputer Center",1,"BARRnet, Palo Alto",Pittsburgh Supercomputer Center,6.6800072,6.680007231741768,0.9999999952482436
24,nsfnet,11,1.2,moving_average,random_failure_fixed,"Pittsburgh Supercomputer Center -> Merit Univ of Michigan, Ann Arbor & Merit Univ of Michigan, Ann Arbor -> Pittsburgh Supercomputer Center",2,Pittsburgh Supercomputer Center,"MIDnet, Lincoln, NE",6.4126933,6.412693347517333,0.999999992590113
24,nsfnet,11,1.2,moving_average,random_failure_fixed,"Pittsburgh Supercomputer Center -> Merit Univ of Michigan, Ann Arbor & Merit Univ of Michigan, Ann Arbor -> Pittsburgh Supercomputer Center",3,Pittsburgh Supercomputer Center,"NorthWestNet, Seattle",6.0124,6.012400043261346,0.9999999928046461
24,nsfnet,11,1.2,moving_average,random_failure_fixed,"Pittsburgh Supercomputer Center -> Merit Univ of Michigan, Ann Arbor & Merit Univ of Michigan, Ann Arbor -> Pittsburgh Supercomputer Center",4,"NorthWestNet, Seattle",Pittsburgh Supercomputer Center,5.9739043,5.973904296137485,1.0000000006465646
24,nsfnet,11,1.2,moving_average,random_failure_fixed,"Pittsburgh Supercomputer Center -> Merit Univ of Michigan, Ann Arbor & Merit Univ of Michigan, Ann Arbor -> Pittsburgh Supercomputer Center",5,"Merit Univ of Michigan, Ann Arbor",Pittsburgh Supercomputer Center,5.4718642,5.4718641874798575,1.0000000022880944
24,nsfnet,11,1.2,linear_autoregressive,critical_failure_fixed,"NCSA, University of Illinois, Champaign -> Merit Univ of Michigan, Ann Arbor & Merit Univ of Michigan, Ann Arbor -> NCSA, University of Illinois, Champaign",1,"MIDnet, Lincoln, NE","Cornell Theory Center, Ithaca NY",7.8024349,7.802434878485817,1.0000000027573677
24,nsfnet,11,1.2,linear_autoregressive,critical_failure_fixed,"NCSA, University of Illinois, Champaign -> Merit Univ of Michigan, Ann Arbor & Merit Univ of Michigan, Ann Arbor -> NCSA, University of Illinois, Champaign",2,Pittsburgh Supercomputer Center,"MIDnet, Lincoln, NE",7.7516693,7.751669320975021,0.9999999972941285
24,nsfnet,11,1.2,linear_autoregressive,critical_failure_fixed,"NCSA, University of Illinois, Champaign -> Merit Univ of Michigan, Ann Arbor & Merit Univ of Michigan, Ann Arbor -> NCSA, University of Illinois, Champaign",3,"Merit Univ of Michigan, Ann Arbor","NCSA, University of Illinois, Champaign",7.7304946,7.730494606384278,0.9999999991741436
24,nsfnet,11,1.2,linear_autoregressive,critical_failure_fixed,"NCSA, University of Illinois, Champaign -> Merit Univ of Michigan, Ann Arbor & Merit Univ of Michigan, Ann Arbor -> NCSA, University of Illinois, Champaign",4,"SURANET, Georgia Tech, Atlanta","Merit Univ of Michigan, Ann Arbor",7.2375147,7.237514700498912,0.9999999999310658
24,nsfnet,11,1.2,linear_autoregressive,critical_failure_fixed,"NCSA, University of Illinois, Champaign -> Merit Univ of Michigan, Ann Arbor & Merit Univ of Michigan, Ann Arbor -> NCSA, University of Illinois, Champaign",5,"NCSA, University of Illinois, Champaign",Pittsburgh Supercomputer Center,6.8300131,6.8300130645884956,1.0000000051846907
24,nsfnet,11,1.2,linear_autoregressive,random_failure_fixed,"Pittsburgh Supercomputer Center -> Merit Univ of Michigan, Ann Arbor & Merit Univ of Michigan, Ann Arbor -> Pittsburgh Supercomputer Center",1,"BARRnet, Palo Alto",Pittsburgh Supercomputer Center,7.8101003,7.810100255669612,1.0000000056760332
24,nsfnet,11,1.2,linear_autoregressive,random_failure_fixed,"Pittsburgh Supercomputer Center -> Merit Univ of Michigan, Ann Arbor & Merit Univ of Michigan, Ann Arbor -> Pittsburgh Supercomputer Center",2,Pittsburgh Supercomputer Center,"MIDnet, Lincoln, NE",7.7516693,7.751669320975021,0.9999999972941285
24,nsfnet,11,1.2,linear_autoregressive,random_failure_fixed,"Pittsburgh Supercomputer Center -> Merit Univ of Michigan, Ann Arbor & Merit Univ of Michigan, Ann Arbor -> Pittsburgh Supercomputer Center",3,Pittsburgh Supercomputer Center,"NorthWestNet, Seattle",7.6222297,7.622229692980521,1.000000000920922
24,nsfnet,11,1.2,linear_autoregressive,random_failure_fixed,"Pittsburgh Supercomputer Center -> Merit Univ of Michigan, Ann Arbor & Merit Univ of Michigan, Ann Arbor -> Pittsburgh Supercomputer Center",4,"NorthWestNet, Seattle",Pittsburgh Supercomputer Center,7.2866383,7.2866383378948765,0.999999994799402
24,nsfnet,11,1.2,linear_autoregressive,random_failure_fixed,"Pittsburgh Supercomputer Center -> Merit Univ of Michigan, Ann Arbor & Merit Univ of Michigan, Ann Arbor -> Pittsburgh Supercomputer Center",5,"NCSA, University of Illinois, Champaign",Pittsburgh Supercomputer Center,6.8300131,6.8300130645884956,1.0000000051846907
24,nsfnet,11,1.2,lstm,critical_failure_fixed,"NCSA, University of Illinois, Champaign -> Merit Univ of Michigan, Ann Arbor & Merit Univ of Michigan, Ann Arbor -> NCSA, University of Illinois, Champaign",1,Pittsburgh Supercomputer Center,"MIDnet, Lincoln, NE",6.0398431,6.0398430824279785,1.0000000029093505
24,nsfnet,11,1.2,lstm,critical_failure_fixed,"NCSA, University of Illinois, Champaign -> Merit Univ of Michigan, Ann Arbor & Merit Univ of Michigan, Ann Arbor -> NCSA, University of Illinois, Champaign",2,"MIDnet, Lincoln, NE","Cornell Theory Center, Ithaca NY",6.0352044,6.0352044105529785,0.9999999982514297
24,nsfnet,11,1.2,lstm,critical_failure_fixed,"NCSA, University of Illinois, Champaign -> Merit Univ of Michigan, Ann Arbor & Merit Univ of Michigan, Ann Arbor -> NCSA, University of Illinois, Champaign",3,"Merit Univ of Michigan, Ann Arbor","NCSA, University of Illinois, Champaign",5.9332848,5.933284759521484,1.0000000068222776
24,nsfnet,11,1.2,lstm,critical_failure_fixed,"NCSA, University of Illinois, Champaign -> Merit Univ of Michigan, Ann Arbor & Merit Univ of Michigan, Ann Arbor -> NCSA, University of Illinois, Champaign",4,"SURANET, Georgia Tech, Atlanta","Merit Univ of Michigan, Ann Arbor",5.7587843,5.758784294128418,1.000000001019587
24,nsfnet,11,1.2,lstm,critical_failure_fixed,"NCSA, University of Illinois, Champaign -> Merit Univ of Michigan, Ann Arbor & Merit Univ of Michigan, Ann Arbor -> NCSA, University of Illinois, Champaign",5,San Diego Supercomputer Center,"Merit Univ of Michigan, Ann Arbor",5.3195621,5.627762317657471,0.9452357437536989
24,nsfnet,11,1.2,lstm,random_failure_fixed,"Pittsburgh Supercomputer Center -> Merit Univ of Michigan, Ann Arbor & Merit Univ of Michigan, Ann Arbor -> Pittsburgh Supercomputer Center",1,"BARRnet, Palo Alto",Pittsburgh Supercomputer Center,6.1413727,6.1413726806640625,1.0000000031484715
24,nsfnet,11,1.2,lstm,random_failure_fixed,"Pittsburgh Supercomputer Center -> Merit Univ of Michigan, Ann Arbor & Merit Univ of Michigan, Ann Arbor -> Pittsburgh Supercomputer Center",2,Pittsburgh Supercomputer Center,"MIDnet, Lincoln, NE",6.0398431,6.0398430824279785,1.0000000029093505
24,nsfnet,11,1.2,lstm,random_failure_fixed,"Pittsburgh Supercomputer Center -> Merit Univ of Michigan, Ann Arbor & Merit Univ of Michigan, Ann Arbor -> Pittsburgh Supercomputer Center",3,Pittsburgh Supercomputer Center,"NorthWestNet, Seattle",5.7278647,5.727864742279053,0.9999999926187061
24,nsfnet,11,1.2,lstm,random_failure_fixed,"Pittsburgh Supercomputer Center -> Merit Univ of Michigan, Ann Arbor & Merit Univ of Michigan, Ann Arbor -> Pittsburgh Supercomputer Center",4,"NorthWestNet, Seattle",Pittsburgh Supercomputer Center,5.6206408,5.620640754699707,1.0000000080596314
24,nsfnet,11,1.2,lstm,random_failure_fixed,"Pittsburgh Supercomputer Center -> Merit Univ of Michigan, Ann Arbor & Merit Univ of Michigan, Ann Arbor -> Pittsburgh Supercomputer Center",5,"NCSA, University of Illinois, Champaign",Pittsburgh Supercomputer Center,5.2067895,5.206789493560791,1.0000000012366947
24,nsfnet,11,1.2,uncertainty_aware_lstm_robust_lp,critical_failure_fixed,"NCSA, University of Illinois, Champaign -> Merit Univ of Michigan, Ann Arbor & Merit Univ of Michigan, Ann Arbor -> NCSA, University of Illinois, Champaign",1,"Westnet, Salt Lake City","Cornell Theory Center, Ithaca NY",6.4338198,6.433819770812988,1.0000000045364983
24,nsfnet,11,1.2,uncertainty_aware_lstm_robust_lp,critical_failure_fixed,"NCSA, University of Illinois, Champaign -> Merit Univ of Michigan, Ann Arbor & Merit Univ of Michigan, Ann Arbor -> NCSA, University of Illinois, Champaign",2,"MIDnet, Lincoln, NE","Cornell Theory Center, Ithaca NY",6.3115487,6.311548709869385,0.9999999984362975
24,nsfnet,11,1.2,uncertainty_aware_lstm_robust_lp,critical_failure_fixed,"NCSA, University of Illinois, Champaign -> Merit Univ of Michigan, Ann Arbor & Merit Univ of Michigan, Ann Arbor -> NCSA, University of Illinois, Champaign",3,Pittsburgh Supercomputer Center,"MIDnet, Lincoln, NE",6.3083749,6.308374881744385,1.0000000028938696
24,nsfnet,11,1.2,uncertainty_aware_lstm_robust_lp,critical_failure_fixed,"NCSA, University of Illinois, Champaign -> Merit Univ of Michigan, Ann Arbor & Merit Univ of Michigan, Ann Arbor -> NCSA, University of Illinois, Champaign",4,"Merit Univ of Michigan, Ann Arbor","NCSA, University of Illinois, Champaign",6.178669,6.178668975830078,1.000000003911833
24,nsfnet,11,1.2,uncertainty_aware_lstm_robust_lp,critical_failure_fixed,"NCSA, University of Illinois, Champaign -> Merit Univ of Michigan, Ann Arbor & Merit Univ of Michigan, Ann Arbor -> NCSA, University of Illinois, Champaign",5,"Cornell Theory Center, Ithaca NY","NCAR, Boulder",5.5758581,5.575858116149902,0.9999999971036023
24,nsfnet,11,1.2,uncertainty_aware_lstm_robust_lp,random_failure_fixed,"Pittsburgh Supercomputer Center -> Merit Univ of Michigan, Ann Arbor & Merit Univ of Michigan, Ann Arbor -> Pittsburgh Supercomputer Center",1,"BARRnet, Palo Alto",Pittsburgh Supercomputer Center,6.3894849,6.389484882354736,1.0000000027616098
24,nsfnet,11,1.2,uncertainty_aware_lstm_robust_lp,random_failure_fixed,"Pittsburgh Supercomputer Center -> Merit Univ of Michigan, Ann Arbor & Merit Univ of Michigan, Ann Arbor -> Pittsburgh Supercomputer Center",2,Pittsburgh Supercomputer Center,"MIDnet, Lincoln, NE",6.3083749,6.308374881744385,1.0000000028938696
24,nsfnet,11,1.2,uncertainty_aware_lstm_robust_lp,random_failure_fixed,"Pittsburgh Supercomputer Center -> Merit Univ of Michigan, Ann Arbor & Merit Univ of Michigan, Ann Arbor -> Pittsburgh Supercomputer Center",3,Pittsburgh Supercomputer Center,"NorthWestNet, Seattle",5.9667172,5.96671724319458,0.9999999927607462
24,nsfnet,11,1.2,uncertainty_aware_lstm_robust_lp,random_failure_fixed,"Pittsburgh Supercomputer Center -> Merit Univ of Michigan, Ann Arbor & Merit Univ of Michigan, Ann Arbor -> Pittsburgh Supercomputer Center",4,"NorthWestNet, Seattle",Pittsburgh Supercomputer Center,5.8686852,5.868685245513916,0.9999999922446146
24,nsfnet,11,1.2,uncertainty_aware_lstm_robust_lp,random_failure_fixed,"Pittsburgh Supercomputer Center -> Merit Univ of Michigan, Ann Arbor & Merit Univ of Michigan, Ann Arbor -> Pittsburgh Supercomputer Center",5,"NCSA, University of Illinois, Champaign",Pittsburgh Supercomputer Center,5.4306126,5.430612564086914,1.0000000066130819
24,nsfnet,11,1.2,transformer,critical_failure_fixed,"NCSA, University of Illinois, Champaign -> Merit Univ of Michigan, Ann Arbor & Merit Univ of Michigan, Ann Arbor -> NCSA, University of Illinois, Champaign",1,Pittsburgh Supercomputer Center,"MIDnet, Lincoln, NE",6.970675,6.970674991607666,1.0000000012039485
24,nsfnet,11,1.2,transformer,critical_failure_fixed,"NCSA, University of Illinois, Champaign -> Merit Univ of Michigan, Ann Arbor & Merit Univ of Michigan, Ann Arbor -> NCSA, University of Illinois, Champaign",2,"MIDnet, Lincoln, NE","Cornell Theory Center, Ithaca NY",6.9133501,6.9133501052856445,0.9999999992354438
24,nsfnet,11,1.2,transformer,critical_failure_fixed,"NCSA, University of Illinois, Champaign -> Merit Univ of Michigan, Ann Arbor & Merit Univ of Michigan, Ann Arbor -> NCSA, University of Illinois, Champaign",3,"Merit Univ of Michigan, Ann Arbor","NCSA, University of Illinois, Champaign",6.7162414,6.716241359710693,1.000000005998788
24,nsfnet,11,1.2,transformer,critical_failure_fixed,"NCSA, University of Illinois, Champaign -> Merit Univ of Michigan, Ann Arbor & Merit Univ of Michigan, Ann Arbor -> NCSA, University of Illinois, Champaign",4,"SURANET, Georgia Tech, Atlanta","Merit Univ of Michigan, Ann Arbor",6.6522169,6.652216911315918,0.9999999982989253
24,nsfnet,11,1.2,transformer,critical_failure_fixed,"NCSA, University of Illinois, Champaign -> Merit Univ of Michigan, Ann Arbor & Merit Univ of Michigan, Ann Arbor -> NCSA, University of Illinois, Champaign",5,San Diego Supercomputer Center,"Merit Univ of Michigan, Ann Arbor",5.9379615,6.468589782714844,0.9179684752721882
24,nsfnet,11,1.2,transformer,random_failure_fixed,"Pittsburgh Supercomputer Center -> Merit Univ of Michigan, Ann Arbor & Merit Univ of Michigan, Ann Arbor -> Pittsburgh Supercomputer Center",1,"BARRnet, Palo Alto",Pittsburgh Supercomputer Center,7.0252547,7.025254726409912,0.9999999962407181
24,nsfnet,11,1.2,transformer,random_failure_fixed,"Pittsburgh Supercomputer Center -> Merit Univ of Michigan, Ann Arbor & Merit Univ of Michigan, Ann Arbor -> Pittsburgh Supercomputer Center",2,Pittsburgh Supercomputer Center,"MIDnet, Lincoln, NE",6.970675,6.970674991607666,1.0000000012039485
24,nsfnet,11,1.2,transformer,random_failure_fixed,"Pittsburgh Supercomputer Center -> Merit Univ of Michigan, Ann Arbor & Merit Univ of Michigan, Ann Arbor -> Pittsburgh Supercomputer Center",3,Pittsburgh Supercomputer Center,"NorthWestNet, Seattle",6.5920258,6.5920257568359375,1.0000000065479209
24,nsfnet,11,1.2,transformer,random_failure_fixed,"Pittsburgh Supercomputer Center -> Merit Univ of Michigan, Ann Arbor & Merit Univ of Michigan, Ann Arbor -> Pittsburgh Supercomputer Center",4,"NorthWestNet, Seattle",Pittsburgh Supercomputer Center,6.5165043,6.516504287719727,1.000000001884488
24,nsfnet,11,1.2,transformer,random_failure_fixed,"Pittsburgh Supercomputer Center -> Merit Univ of Michigan, Ann Arbor & Merit Univ of Michigan, Ann Arbor -> Pittsburgh Supercomputer Center",5,"Merit Univ of Michigan, Ann Arbor",Pittsburgh Supercomputer Center,5.9447966,5.944796562194824,1.0000000063593726
25,nsfnet,11,1.2,current_demand_lp,critical_failure_fixed,"NCSA, University of Illinois, Champaign -> Merit Univ of Michigan, Ann Arbor & Merit Univ of Michigan, Ann Arbor -> NCSA, University of Illinois, Champaign",1,Pittsburgh Supercomputer Center,"MIDnet, Lincoln, NE",8.9867148,8.986714768024049,1.0000000035581358
25,nsfnet,11,1.2,current_demand_lp,critical_failure_fixed,"NCSA, University of Illinois, Champaign -> Merit Univ of Michigan, Ann Arbor & Merit Univ of Michigan, Ann Arbor -> NCSA, University of Illinois, Champaign",2,"MIDnet, Lincoln, NE","Cornell Theory Center, Ithaca NY",8.4072404,8.407240426210027,0.9999999968824458
25,nsfnet,11,1.2,current_demand_lp,critical_failure_fixed,"NCSA, University of Illinois, Champaign -> Merit Univ of Michigan, Ann Arbor & Merit Univ of Michigan, Ann Arbor -> NCSA, University of Illinois, Champaign",3,"SURANET, Georgia Tech, Atlanta","Merit Univ of Michigan, Ann Arbor",8.3126041,8.312604115294542,0.9999999981600781
25,nsfnet,11,1.2,current_demand_lp,critical_failure_fixed,"NCSA, University of Illinois, Champaign -> Merit Univ of Michigan, Ann Arbor & Merit Univ of Michigan, Ann Arbor -> NCSA, University of Illinois, Champaign",4,"Merit Univ of Michigan, Ann Arbor","NCSA, University of Illinois, Champaign",8.3001056,8.300105579882873,1.0000000024237194
25,nsfnet,11,1.2,current_demand_lp,critical_failure_fixed,"NCSA, University of Illinois, Champaign -> Merit Univ of Michigan, Ann Arbor & Merit Univ of Michigan, Ann Arbor -> NCSA, University of Illinois, Champaign",5,"NCSA, University of Illinois, Champaign","Jon Von Neumann Center, Princeton, NJ",7.7355232,7.735523197954904,1.0000000002643772
25,nsfnet,11,1.2,current_demand_lp,random_failure_fixed,"NorthWestNet, Seattle -> NCAR, Boulder & NCAR, Boulder -> NorthWestNet, Seattle",1,"MIDnet, Lincoln, NE","NorthWestNet, Seattle",8.1046602,8.104660231862786,0.9999999960685846
25,nsfnet,11,1.2,current_demand_lp,random_failure_fixed,"NorthWestNet, Seattle -> NCAR, Boulder & NCAR, Boulder -> NorthWestNet, Seattle",2,"Cornell Theory Center, Ithaca NY","NCAR, Boulder",7.7362886,7.736288629427877,0.9999999961961247
25,nsfnet,11,1.2,current_demand_lp,random_failure_fixed,"NorthWestNet, Seattle -> NCAR, Boulder & NCAR, Boulder -> NorthWestNet, Seattle",3,"NCSA, University of Illinois, Champaign","NorthWestNet, Seattle",7.7251342,7.725134183139796,1.0000000021825128
25,nsfnet,11,1.2,current_demand_lp,random_failure_fixed,"NorthWestNet, Seattle -> NCAR, Boulder & NCAR, Boulder -> NorthWestNet, Seattle",4,"NorthWestNet, Seattle","MIDnet, Lincoln, NE",7.2732375,7.273237476447818,1.0000000032381977
25,nsfnet,11,1.2,current_demand_lp,random_failure_fixed,"NorthWestNet, Seattle -> NCAR, Boulder & NCAR, Boulder -> NorthWestNet, Seattle",5,"BARRnet, Palo Alto","Westnet, Salt Lake City",7.1895774,7.189577418445086,0.9999999974344688
25,nsfnet,11,1.2,robust_current_demand_lp,critical_failure_fixed,"NCSA, University of Illinois, Champaign -> Merit Univ of Michigan, Ann Arbor & Merit Univ of Michigan, Ann Arbor -> NCSA, University of Illinois, Champaign",1,Pittsburgh Supercomputer Center,"MIDnet, Lincoln, NE",8.9867148,8.986714768024049,1.0000000035581358
25,nsfnet,11,1.2,robust_current_demand_lp,critical_failure_fixed,"NCSA, University of Illinois, Champaign -> Merit Univ of Michigan, Ann Arbor & Merit Univ of Michigan, Ann Arbor -> NCSA, University of Illinois, Champaign",2,"MIDnet, Lincoln, NE","Cornell Theory Center, Ithaca NY",8.4072404,8.407240426210027,0.9999999968824458
25,nsfnet,11,1.2,robust_current_demand_lp,critical_failure_fixed,"NCSA, University of Illinois, Champaign -> Merit Univ of Michigan, Ann Arbor & Merit Univ of Michigan, Ann Arbor -> NCSA, University of Illinois, Champaign",3,"Merit Univ of Michigan, Ann Arbor","NCSA, University of Illinois, Champaign",8.3001056,8.300105579882873,1.0000000024237194
25,nsfnet,11,1.2,robust_current_demand_lp,critical_failure_fixed,"NCSA, University of Illinois, Champaign -> Merit Univ of Michigan, Ann Arbor & Merit Univ of Michigan, Ann Arbor -> NCSA, University of Illinois, Champaign",4,"Westnet, Salt Lake City","Cornell Theory Center, Ithaca NY",8.2429052,8.242905172691529,1.0000000033129666
25,nsfnet,11,1.2,robust_current_demand_lp,critical_failure_fixed,"NCSA, University of Illinois, Champaign -> Merit Univ of Michigan, Ann Arbor & Merit Univ of Michigan, Ann Arbor -> NCSA, University of Illinois, Champaign",5,"NCSA, University of Illinois, Champaign","Jon Von Neumann Center, Princeton, NJ",7.7355232,7.735523197954904,1.0000000002643772
25,nsfnet,11,1.2,robust_current_demand_lp,random_failure_fixed,"NorthWestNet, Seattle -> NCAR, Boulder & NCAR, Boulder -> NorthWestNet, Seattle",1,"MIDnet, Lincoln, NE","NorthWestNet, Seattle",7.827669,8.104660231862786,0.9658232148000705
25,nsfnet,11,1.2,robust_current_demand_lp,random_failure_fixed,"NorthWestNet, Seattle -> NCAR, Boulder & NCAR, Boulder -> NorthWestNet, Seattle",2,"NCSA, University of Illinois, Champaign","NorthWestNet, Seattle",7.7251342,7.725134183139796,1.0000000021825128
25,nsfnet,11,1.2,robust_current_demand_lp,random_failure_fixed,"NorthWestNet, Seattle -> NCAR, Boulder & NCAR, Boulder -> NorthWestNet, Seattle",3,"NorthWestNet, Seattle","MIDnet, Lincoln, NE",7.2732375,7.273237476447818,1.0000000032381977
25,nsfnet,11,1.2,robust_current_demand_lp,random_failure_fixed,"NorthWestNet, Seattle -> NCAR, Boulder & NCAR, Boulder -> NorthWestNet, Seattle",4,"BARRnet, Palo Alto","Westnet, Salt Lake City",7.1895774,7.189577418445086,0.9999999974344688
25,nsfnet,11,1.2,robust_current_demand_lp,random_failure_fixed,"NorthWestNet, Seattle -> NCAR, Boulder & NCAR, Boulder -> NorthWestNet, Seattle",5,San Diego Supercomputer Center,"Westnet, Salt Lake City",6.9740766,6.974076644846897,0.9999999935694861
25,nsfnet,11,1.2,moving_average,critical_failure_fixed,"NCSA, University of Illinois, Champaign -> Merit Univ of Michigan, Ann Arbor & Merit Univ of Michigan, Ann Arbor -> NCSA, University of Illinois, Champaign",1,Pittsburgh Supercomputer Center,"MIDnet, Lincoln, NE",6.6373469,6.637346862217621,1.000000005692392
25,nsfnet,11,1.2,moving_average,critical_failure_fixed,"NCSA, University of Illinois, Champaign -> Merit Univ of Michigan, Ann Arbor & Merit Univ of Michigan, Ann Arbor -> NCSA, University of Illinois, Champaign",2,"MIDnet, Lincoln, NE","Cornell Theory Center, Ithaca NY",6.5422529,6.542252909590063,0.9999999985341345
25,nsfnet,11,1.2,moving_average,critical_failure_fixed,"NCSA, University of Illinois, Champaign -> Merit Univ of Michigan, Ann Arbor & Merit Univ of Michigan, Ann Arbor -> NCSA, University of Illinois, Champaign",3,"Merit Univ of Michigan, Ann Arbor","NCSA, University of Illinois, Champaign",6.5062492,6.506249168968727,1.0000000047694566
25,nsfnet,11,1.2,moving_average,critical_failure_fixed,"NCSA, University of Illinois, Champaign -> Merit Univ of Michigan, Ann Arbor & Merit Univ of Michigan, Ann Arbor -> NCSA, University of Illinois, Champaign",4,"SURANET, Georgia Tech, Atlanta","Merit Univ of Michigan, Ann Arbor",6.1736813,6.1736813366060845,0.999999994070623
25,nsfnet,11,1.2,moving_average,critical_failure_fixed,"NCSA, University of Illinois, Champaign -> Merit Univ of Michigan, Ann Arbor & Merit Univ of Michigan, Ann Arbor -> NCSA, University of Illinois, Champaign",5,San Diego Supercomputer Center,"Merit Univ of Michigan, Ann Arbor",6.0304842,6.1341931332975985,0.9830933048497208
25,nsfnet,11,1.2,moving_average,random_failure_fixed,"NorthWestNet, Seattle -> NCAR, Boulder & NCAR, Boulder -> NorthWestNet, Seattle",1,"MIDnet, Lincoln, NE","NorthWestNet, Seattle",6.2997762,6.299776215546484,0.9999999975322165
25,nsfnet,11,1.2,moving_average,random_failure_fixed,"NorthWestNet, Seattle -> NCAR, Boulder & NCAR, Boulder -> NorthWestNet, Seattle",2,"Cornell Theory Center, Ithaca NY","NCAR, Boulder",5.8719008,5.871900773148968,1.0000000045728006
25,nsfnet,11,1.2,moving_average,random_failure_fixed,"NorthWestNet, Seattle -> NCAR, Boulder & NCAR, Boulder -> NorthWestNet, Seattle",3,"BARRnet, Palo Alto","Westnet, Salt Lake City",5.7559766,5.7559765608022015,1.0000000068099302
25,nsfnet,11,1.2,moving_average,random_failure_fixed,"NorthWestNet, Seattle -> NCAR, Boulder & NCAR, Boulder -> NorthWestNet, Seattle",4,"NCSA, University of Illinois, Champaign","NorthWestNet, Seattle",5.6294591,5.629459074893003,1.0000000044599306
25,nsfnet,11,1.2,moving_average,random_failure_fixed,"NorthWestNet, Seattle -> NCAR, Boulder & NCAR, Boulder -> NorthWestNet, Seattle",5,"NorthWestNet, Seattle","MIDnet, Lincoln, NE",5.5836222,5.583622212712951,0.9999999977231713
25,nsfnet,11,1.2,linear_autoregressive,critical_failure_fixed,"NCSA, University of Illinois, Champaign -> Merit Univ of Michigan, Ann Arbor & Merit Univ of Michigan, Ann Arbor -> NCSA, University of Illinois, Champaign",1,"MIDnet, Lincoln, NE","Cornell Theory Center, Ithaca NY",8.7413468,8.741346822808037,0.9999999973907869
25,nsfnet,11,1.2,linear_autoregressive,critical_failure_fixed,"NCSA, University of Illinois, Champaign -> Merit Univ of Michigan, Ann Arbor & Merit Univ of Michigan, Ann Arbor -> NCSA, University of Illinois, Champaign",2,"Merit Univ of Michigan, Ann Arbor","NCSA, University of Illinois, Champaign",8.725564,8.725564022880851,0.9999999973777224
25,nsfnet,11,1.2,linear_autoregressive,critical_failure_fixed,"NCSA, University of Illinois, Champaign -> Merit Univ of Michigan, Ann Arbor & Merit Univ of Michigan, Ann Arbor -> NCSA, University of Illinois, Champaign",3,Pittsburgh Supercomputer Center,"MIDnet, Lincoln, NE",8.6189767,8.61897666707488,1.000000003820073
25,nsfnet,11,1.2,linear_autoregressive,critical_failure_fixed,"NCSA, University of Illinois, Champaign -> Merit Univ of Michigan, Ann Arbor & Merit Univ of Michigan, Ann Arbor -> NCSA, University of Illinois, Champaign",4,"SURANET, Georgia Tech, Atlanta","Merit Univ of Michigan, Ann Arbor",8.1222819,8.122281856005571,1.000000005416511
25,nsfnet,11,1.2,linear_autoregressive,critical_failure_fixed,"NCSA, University of Illinois, Champaign -> Merit Univ of Michigan, Ann Arbor & Merit Univ of Michigan, Ann Arbor -> NCSA, University of Illinois, Champaign",5,"Westnet, Salt Lake City","Cornell Theory Center, Ithaca NY",7.7137328,9.006500935021046,0.8564627767933468
25,nsfnet,11,1.2,linear_autoregressive,random_failure_fixed,"NorthWestNet, Seattle -> NCAR, Boulder & NCAR, Boulder -> NorthWestNet, Seattle",1,"MIDnet, Lincoln, NE","NorthWestNet, Seattle",8.5421875,8.542187512642116,0.9999999985200377
25,nsfnet,11,1.2,linear_autoregressive,random_failure_fixed,"NorthWestNet, Seattle -> NCAR, Boulder & NCAR, Boulder -> NorthWestNet, Seattle",2,"NCSA, University of Illinois, Champaign","NorthWestNet, Seattle",7.854728,7.854728044525032,0.9999999943314355
25,nsfnet,11,1.2,linear_autoregressive,random_failure_fixed,"NorthWestNet, Seattle -> NCAR, Boulder & NCAR, Boulder -> NorthWestNet, Seattle",3,"BARRnet, Palo Alto","Westnet, Salt Lake City",7.6504835,7.650483505117523,0.999999999331085
25,nsfnet,11,1.2,linear_autoregressive,random_failure_fixed,"NorthWestNet, Seattle -> NCAR, Boulder & NCAR, Boulder -> NorthWestNet, Seattle",4,"Cornell Theory Center, Ithaca NY","NCAR, Boulder",7.6343436,7.6343436068137205,0.999999999107491
25,nsfnet,11,1.2,linear_autoregressive,random_failure_fixed,"NorthWestNet, Seattle -> NCAR, Boulder & NCAR, Boulder -> NorthWestNet, Seattle",5,"NorthWestNet, Seattle","MIDnet, Lincoln, NE",7.4493231,7.4493230678459,1.0000000043163788
25,nsfnet,11,1.2,lstm,critical_failure_fixed,"NCSA, University of Illinois, Champaign -> Merit Univ of Michigan, Ann Arbor & Merit Univ of Michigan, Ann Arbor -> NCSA, University of Illinois, Champaign",1,Pittsburgh Supercomputer Center,"MIDnet, Lincoln, NE",6.0398431,6.0398430824279785,1.0000000029093505
25,nsfnet,11,1.2,lstm,critical_failure_fixed,"NCSA, University of Illinois, Champaign -> Merit Univ of Michigan, Ann Arbor & Merit Univ of Michigan, Ann Arbor -> NCSA, University of Illinois, Champaign",2,"MIDnet, Lincoln, NE","Cornell Theory Center, Ithaca NY",6.0352044,6.0352044105529785,0.9999999982514297
25,nsfnet,11,1.2,lstm,critical_failure_fixed,"NCSA, University of Illinois, Champaign -> Merit Univ of Michigan, Ann Arbor & Merit Univ of Michigan, Ann Arbor -> NCSA, University of Illinois, Champaign",3,"Merit Univ of Michigan, Ann Arbor","NCSA, University of Illinois, Champaign",5.9332848,5.933284759521484,1.0000000068222776
25,nsfnet,11,1.2,lstm,critical_failure_fixed,"NCSA, University of Illinois, Champaign -> Merit Univ of Michigan, Ann Arbor & Merit Univ of Michigan, Ann Arbor -> NCSA, University of Illinois, Champaign",4,"SURANET, Georgia Tech, Atlanta","Merit Univ of Michigan, Ann Arbor",5.7587843,5.758784294128418,1.000000001019587
25,nsfnet,11,1.2,lstm,critical_failure_fixed,"NCSA, University of Illinois, Champaign -> Merit Univ of Michigan, Ann Arbor & Merit Univ of Michigan, Ann Arbor -> NCSA, University of Illinois, Champaign",5,San Diego Supercomputer Center,"Merit Univ of Michigan, Ann Arbor",5.3195621,5.627762317657471,0.9452357437536989
25,nsfnet,11,1.2,lstm,random_failure_fixed,"NorthWestNet, Seattle -> NCAR, Boulder & NCAR, Boulder -> NorthWestNet, Seattle",1,"MIDnet, Lincoln, NE","NorthWestNet, Seattle",5.7542357,5.754235744476318,0.9999999922706819
25,nsfnet,11,1.2,lstm,random_failure_fixed,"NorthWestNet, Seattle -> NCAR, Boulder & NCAR, Boulder -> NorthWestNet, Seattle",2,"Cornell Theory Center, Ithaca NY","NCAR, Boulder",5.3285193,5.328519344329834,0.9999999916806469
25,nsfnet,11,1.2,lstm,random_failure_fixed,"NorthWestNet, Seattle -> NCAR, Boulder & NCAR, Boulder -> NorthWestNet, Seattle",3,"NCSA, University of Illinois, Champaign","NorthWestNet, Seattle",5.3001962,5.300196170806885,1.0000000055079312
25,nsfnet,11,1.2,lstm,random_failure_fixed,"NorthWestNet, Seattle -> NCAR, Boulder & NCAR, Boulder -> NorthWestNet, Seattle",4,"BARRnet, Palo Alto","Westnet, Salt Lake City",5.1583533,5.158353328704834,0.9999999944352719
25,nsfnet,11,1.2,lstm,random_failure_fixed,"NorthWestNet, Seattle -> NCAR, Boulder & NCAR, Boulder -> NorthWestNet, Seattle",5,"NorthWestNet, Seattle","MIDnet, Lincoln, NE",4.9626598,4.96265983581543,0.9999999927830174
25,nsfnet,11,1.2,uncertainty_aware_lstm_robust_lp,critical_failure_fixed,"NCSA, University of Illinois, Champaign -> Merit Univ of Michigan, Ann Arbor & Merit Univ of Michigan, Ann Arbor -> NCSA, University of Illinois, Champaign",1,"Westnet, Salt Lake City","Cornell Theory Center, Ithaca NY",6.4338198,6.433819770812988,1.0000000045364983
25,nsfnet,11,1.2,uncertainty_aware_lstm_robust_lp,critical_failure_fixed,"NCSA, University of Illinois, Champaign -> Merit Univ of Michigan, Ann Arbor & Merit Univ of Michigan, Ann Arbor -> NCSA, University of Illinois, Champaign",2,"MIDnet, Lincoln, NE","Cornell Theory Center, Ithaca NY",6.3115487,6.311548709869385,0.9999999984362975
25,nsfnet,11,1.2,uncertainty_aware_lstm_robust_lp,critical_failure_fixed,"NCSA, University of Illinois, Champaign -> Merit Univ of Michigan, Ann Arbor & Merit Univ of Michigan, Ann Arbor -> NCSA, University of Illinois, Champaign",3,Pittsburgh Supercomputer Center,"MIDnet, Lincoln, NE",6.3083749,6.308374881744385,1.0000000028938696
25,nsfnet,11,1.2,uncertainty_aware_lstm_robust_lp,critical_failure_fixed,"NCSA, University of Illinois, Champaign -> Merit Univ of Michigan, Ann Arbor & Merit Univ of Michigan, Ann Arbor -> NCSA, University of Illinois, Champaign",4,"Merit Univ of Michigan, Ann Arbor","NCSA, University of Illinois, Champaign",6.178669,6.178668975830078,1.000000003911833
25,nsfnet,11,1.2,uncertainty_aware_lstm_robust_lp,critical_failure_fixed,"NCSA, University of Illinois, Champaign -> Merit Univ of Michigan, Ann Arbor & Merit Univ of Michigan, Ann Arbor -> NCSA, University of Illinois, Champaign",5,"Cornell Theory Center, Ithaca NY","NCAR, Boulder",5.5758581,5.575858116149902,0.9999999971036023
25,nsfnet,11,1.2,uncertainty_aware_lstm_robust_lp,random_failure_fixed,"NorthWestNet, Seattle -> NCAR, Boulder & NCAR, Boulder -> NorthWestNet, Seattle",1,"MIDnet, Lincoln, NE","NorthWestNet, Seattle",6.0243492,6.024349212646484,0.9999999979007717
25,nsfnet,11,1.2,uncertainty_aware_lstm_robust_lp,random_failure_fixed,"NorthWestNet, Seattle -> NCAR, Boulder & NCAR, Boulder -> NorthWestNet, Seattle",2,"NCSA, University of Illinois, Champaign","NorthWestNet, Seattle",5.5331469,5.533146858215332,1.0000000075517006
25,nsfnet,11,1.2,uncertainty_aware_lstm_robust_lp,random_failure_fixed,"NorthWestNet, Seattle -> NCAR, Boulder & NCAR, Boulder -> NorthWestNet, Seattle",3,"BARRnet, Palo Alto","Westnet, Salt Lake City",5.4255862,5.425586223602295,0.9999999956498166
25,nsfnet,11,1.2,uncertainty_aware_lstm_robust_lp,random_failure_fixed,"NorthWestNet, Seattle -> NCAR, Boulder & NCAR, Boulder -> NorthWestNet, Seattle",4,"NorthWestNet, Seattle","MIDnet, Lincoln, NE",5.2011242,5.20112419128418,1.0000000016757569
25,nsfnet,11,1.2,uncertainty_aware_lstm_robust_lp,random_failure_fixed,"NorthWestNet, Seattle -> NCAR, Boulder & NCAR, Boulder -> NorthWestNet, Seattle",5,San Diego Supercomputer Center,"Westnet, Salt Lake City",4.9775701,4.977570056915283,1.0000000086557732
25,nsfnet,11,1.2,transformer,critical_failure_fixed,"NCSA, University of Illinois, Champaign -> Merit Univ of Michigan, Ann Arbor & Merit Univ of Michigan, Ann Arbor -> NCSA, University of Illinois, Champaign",1,Pittsburgh Supercomputer Center,"MIDnet, Lincoln, NE",7.4257097,7.4257097244262695,0.9999999967105812
25,nsfnet,11,1.2,transformer,critical_failure_fixed,"NCSA, University of Illinois, Champaign -> Merit Univ of Michigan, Ann Arbor & Merit Univ of Michigan, Ann Arbor -> NCSA, University of Illinois, Champaign",2,"MIDnet, Lincoln, NE","Cornell Theory Center, Ithaca NY",7.3740182,7.37401819229126,1.000000001045392
25,nsfnet,11,1.2,transformer,critical_failure_fixed,"NCSA, University of Illinois, Champaign -> Merit Univ of Michigan, Ann Arbor & Merit Univ of Michigan, Ann Arbor -> NCSA, University of Illinois, Champaign",3,"Merit Univ of Michigan, Ann Arbor","NCSA, University of Illinois, Champaign",7.1189098,7.11890983581543,0.9999999949689727
25,nsfnet,11,1.2,transformer,critical_failure_fixed,"NCSA, University of Illinois, Champaign -> Merit Univ of Michigan, Ann Arbor & Merit Univ of Michigan, Ann Arbor -> NCSA, University of Illinois, Champaign",4,"SURANET, Georgia Tech, Atlanta","Merit Univ of Michigan, Ann Arbor",7.0543122,7.054312229156494,0.9999999958668552
25,nsfnet,11,1.2,transformer,critical_failure_fixed,"NCSA, University of Illinois, Champaign -> Merit Univ of Michigan, Ann Arbor & Merit Univ of Michigan, Ann Arbor -> NCSA, University of Illinois, Champaign",5,"Westnet, Salt Lake City","Cornell Theory Center, Ithaca NY",6.5384946,7.54599142074585,0.8664858247816205
25,nsfnet,11,1.2,transformer,random_failure_fixed,"NorthWestNet, Seattle -> NCAR, Boulder & NCAR, Boulder -> NorthWestNet, Seattle",1,"MIDnet, Lincoln, NE","NorthWestNet, Seattle",7.0775533,7.0775532722473145,1.000000003921226
25,nsfnet,11,1.2,transformer,random_failure_fixed,"NorthWestNet, Seattle -> NCAR, Boulder & NCAR, Boulder -> NorthWestNet, Seattle",2,"Cornell Theory Center, Ithaca NY","NCAR, Boulder",6.5544648,6.554464817047119,0.9999999973991592
25,nsfnet,11,1.2,transformer,random_failure_fixed,"NorthWestNet, Seattle -> NCAR, Boulder & NCAR, Boulder -> NorthWestNet, Seattle",3,"NCSA, University of Illinois, Champaign","NorthWestNet, Seattle",6.5469747,6.5469746589660645,1.0000000062676178
25,nsfnet,11,1.2,transformer,random_failure_fixed,"NorthWestNet, Seattle -> NCAR, Boulder & NCAR, Boulder -> NorthWestNet, Seattle",4,"BARRnet, Palo Alto","Westnet, Salt Lake City",6.4319315,6.431931495666504,1.0000000006737473
25,nsfnet,11,1.2,transformer,random_failure_fixed,"NorthWestNet, Seattle -> NCAR, Boulder & NCAR, Boulder -> NorthWestNet, Seattle",5,"NorthWestNet, Seattle","MIDnet, Lincoln, NE",6.0468621,6.0468621253967285,0.9999999958000153
26,nsfnet,11,1.2,current_demand_lp,critical_failure_fixed,"NCSA, University of Illinois, Champaign -> Merit Univ of Michigan, Ann Arbor & Merit Univ of Michigan, Ann Arbor -> NCSA, University of Illinois, Champaign",1,Pittsburgh Supercomputer Center,"MIDnet, Lincoln, NE",9.3681808,9.36818082472506,0.9999999973607404
26,nsfnet,11,1.2,current_demand_lp,critical_failure_fixed,"NCSA, University of Illinois, Champaign -> Merit Univ of Michigan, Ann Arbor & Merit Univ of Michigan, Ann Arbor -> NCSA, University of Illinois, Champaign",2,"Merit Univ of Michigan, Ann Arbor","NCSA, University of Illinois, Champaign",9.1027752,9.102775188427032,1.000000001271367
26,nsfnet,11,1.2,current_demand_lp,critical_failure_fixed,"NCSA, University of Illinois, Champaign -> Merit Univ of Michigan, Ann Arbor & Merit Univ of Michigan, Ann Arbor -> NCSA, University of Illinois, Champaign",3,"MIDnet, Lincoln, NE","Cornell Theory Center, Ithaca NY",8.8487272,8.848727215050431,0.9999999982991418
26,nsfnet,11,1.2,current_demand_lp,critical_failure_fixed,"NCSA, University of Illinois, Champaign -> Merit Univ of Michigan, Ann Arbor & Merit Univ of Michigan, Ann Arbor -> NCSA, University of Illinois, Champaign",4,"SURANET, Georgia Tech, Atlanta","Merit Univ of Michigan, Ann Arbor",8.7104269,8.710426859138986,1.0000000046910462
26,nsfnet,11,1.2,current_demand_lp,critical_failure_fixed,"NCSA, University of Illinois, Champaign -> Merit Univ of Michigan, Ann Arbor & Merit Univ of Michigan, Ann Arbor -> NCSA, University of Illinois, Champaign",5,San Diego Supercomputer Center,"Merit Univ of Michigan, Ann Arbor",8.1329597,8.51930492471315,0.954650616672679
26,nsfnet,11,1.2,current_demand_lp,random_failure_fixed,"NCAR, Boulder -> NCSA, University of Illinois, Champaign & NCSA, University of Illinois, Champaign -> NCAR, Boulder",1,"SEQSUINET, Rice University, Houston","Westnet, Salt Lake City",8.9065153,8.90651531854447,0.999999997917876
26,nsfnet,11,1.2,current_demand_lp,random_failure_fixed,"NCAR, Boulder -> NCSA, University of Illinois, Champaign & NCSA, University of Illinois, Champaign -> NCAR, Boulder",2,"MIDnet, Lincoln, NE","NorthWestNet, Seattle",8.6801105,8.68011051056997,0.9999999987822771
26,nsfnet,11,1.2,current_demand_lp,random_failure_fixed,"NCAR, Boulder -> NCSA, University of Illinois, Champaign & NCSA, University of Illinois, Champaign -> NCAR, Boulder",3,"MIDnet, Lincoln, NE","Westnet, Salt Lake City",8.3929187,8.39291869665473,1.0000000003985823
26,nsfnet,11,1.2,current_demand_lp,random_failure_fixed,"NCAR, Boulder -> NCSA, University of Illinois, Champaign & NCSA, University of Illinois, Champaign -> NCAR, Boulder",4,"NCSA, University of Illinois, Champaign","NorthWestNet, Seattle",7.77434,7.774339988159637,1.0000000015230055
26,nsfnet,11,1.2,current_demand_lp,random_failure_fixed,"NCAR, Boulder -> NCSA, University of Illinois, Champaign & NCSA, University of Illinois, Champaign -> NCAR, Boulder",5,"Westnet, Salt Lake City","SEQSUINET, Rice University, Houston",7.7561714,7.756171368709019,1.0000000040343333
26,nsfnet,11,1.2,robust_current_demand_lp,critical_failure_fixed,"NCSA, University of Illinois, Champaign -> Merit Univ of Michigan, Ann Arbor & Merit Univ of Michigan, Ann Arbor -> NCSA, University of Illinois, Champaign",1,Pittsburgh Supercomputer Center,"MIDnet, Lincoln, NE",9.3681808,9.36818082472506,0.9999999973607404
26,nsfnet,11,1.2,robust_current_demand_lp,critical_failure_fixed,"NCSA, University of Illinois, Champaign -> Merit Univ of Michigan, Ann Arbor & Merit Univ of Michigan, Ann Arbor -> NCSA, University of Illinois, Champaign",2,"Westnet, Salt Lake City","Cornell Theory Center, Ithaca NY",9.2738765,9.27387647735562,1.0000000024417384
26,nsfnet,11,1.2,robust_current_demand_lp,critical_failure_fixed,"NCSA, University of Illinois, Champaign -> Merit Univ of Michigan, Ann Arbor & Merit Univ of Michigan, Ann Arbor -> NCSA, University of Illinois, Champaign",3,"Merit Univ of Michigan, Ann Arbor","NCSA, University of Illinois, Champaign",9.1027752,9.102775188427032,1.000000001271367
26,nsfnet,11,1.2,robust_current_demand_lp,critical_failure_fixed,"NCSA, University of Illinois, Champaign -> Merit Univ of Michigan, Ann Arbor & Merit Univ of Michigan, Ann Arbor -> NCSA, University of Illinois, Champaign",4,"MIDnet, Lincoln, NE","Cornell Theory Center, Ithaca NY",8.8487272,8.848727215050431,0.9999999982991418
26,nsfnet,11,1.2,robust_current_demand_lp,critical_failure_fixed,"NCSA, University of Illinois, Champaign -> Merit Univ of Michigan, Ann Arbor & Merit Univ of Michigan, Ann Arbor -> NCSA, University of Illinois, Champaign",5,"Cornell Theory Center, Ithaca NY","NCAR, Boulder",8.1707829,8.181418350418467,0.9987000480891041
26,nsfnet,11,1.2,robust_current_demand_lp,random_failure_fixed,"NCAR, Boulder -> NCSA, University of Illinois, Champaign & NCSA, University of Illinois, Champaign -> NCAR, Boulder",1,"Westnet, Salt Lake City","Cornell Theory Center, Ithaca NY",9.2738765,9.27387647735562,1.0000000024417384
26,nsfnet,11,1.2,robust_current_demand_lp,random_failure_fixed,"NCAR, Boulder -> NCSA, University of Illinois, Champaign & NCSA, University of Illinois, Champaign -> NCAR, Boulder",2,"SEQSUINET, Rice University, Houston","Westnet, Salt Lake City",8.9065153,8.90651531854447,0.999999997917876
26,nsfnet,11,1.2,robust_current_demand_lp,random_failure_fixed,"NCAR, Boulder -> NCSA, University of Illinois, Champaign & NCSA, University of Illinois, Champaign -> NCAR, Boulder",3,"MIDnet, Lincoln, NE","NorthWestNet, Seattle",8.6801105,8.68011051056997,0.9999999987822771
26,nsfnet,11,1.2,robust_current_demand_lp,random_failure_fixed,"NCAR, Boulder -> NCSA, University of Illinois, Champaign & NCSA, University of Illinois, Champaign -> NCAR, Boulder",4,"MIDnet, Lincoln, NE","Westnet, Salt Lake City",8.3929187,8.39291869665473,1.0000000003985823
26,nsfnet,11,1.2,robust_current_demand_lp,random_failure_fixed,"NCAR, Boulder -> NCSA, University of Illinois, Champaign & NCSA, University of Illinois, Champaign -> NCAR, Boulder",5,"Cornell Theory Center, Ithaca NY","NCAR, Boulder",8.1707829,8.181418350418467,0.9987000480891041
26,nsfnet,11,1.2,moving_average,critical_failure_fixed,"NCSA, University of Illinois, Champaign -> Merit Univ of Michigan, Ann Arbor & Merit Univ of Michigan, Ann Arbor -> NCSA, University of Illinois, Champaign",1,Pittsburgh Supercomputer Center,"MIDnet, Lincoln, NE",6.9418638,6.941863841899967,0.9999999939641618
26,nsfnet,11,1.2,moving_average,critical_failure_fixed,"NCSA, University of Illinois, Champaign -> Merit Univ of Michigan, Ann Arbor & Merit Univ of Michigan, Ann Arbor -> NCSA, University of Illinois, Champaign",2,"Merit Univ of Michigan, Ann Arbor","NCSA, University of Illinois, Champaign",6.8287525,6.8287524605728285,1.0000000057737006
26,nsfnet,11,1.2,moving_average,critical_failure_fixed,"NCSA, University of Illinois, Champaign -> Merit Univ of Michigan, Ann Arbor & Merit Univ of Michigan, Ann Arbor -> NCSA, University of Illinois, Champaign",3,"MIDnet, Lincoln, NE","Cornell Theory Center, Ithaca NY",6.8148671,6.814867104717683,0.9999999993077366
26,nsfnet,11,1.2,moving_average,critical_failure_fixed,"NCSA, University of Illinois, Champaign -> Merit Univ of Michigan, Ann Arbor & Merit Univ of Michigan, Ann Arbor -> NCSA, University of Illinois, Champaign",4,San Diego Supercomputer Center,"Merit Univ of Michigan, Ann Arbor",6.4255261,6.425526054218878,1.0000000071248831
26,nsfnet,11,1.2,moving_average,critical_failure_fixed,"NCSA, University of Illinois, Champaign -> Merit Univ of Michigan, Ann Arbor & Merit Univ of Michigan, Ann Arbor -> NCSA, University of Illinois, Champaign",5,"SURANET, Georgia Tech, Atlanta","Merit Univ of Michigan, Ann Arbor",6.3986187,6.398618666507162,1.0000000052343856
26,nsfnet,11,1.2,moving_average,random_failure_fixed,"NCAR, Boulder -> NCSA, University of Illinois, Champaign & NCSA, University of Illinois, Champaign -> NCAR, Boulder",1,"SEQSUINET, Rice University, Houston","Westnet, Salt Lake City",6.7436952,6.743695243517629,0.9999999935469165
26,nsfnet,11,1.2,moving_average,random_failure_fixed,"NCAR, Boulder -> NCSA, University of Illinois, Champaign & NCSA, University of Illinois, Champaign -> NCAR, Boulder",2,"MIDnet, Lincoln, NE","NorthWestNet, Seattle",6.5895902,6.589590152219371,1.0000000072509259
26,nsfnet,11,1.2,moving_average,random_failure_fixed,"NCAR, Boulder -> NCSA, University of Illinois, Champaign & NCSA, University of Illinois, Champaign -> NCAR, Boulder",3,"MIDnet, Lincoln, NE","Westnet, Salt Lake City",6.0894942,6.089494235536541,0.999999994164287
26,nsfnet,11,1.2,moving_average,random_failure_fixed,"NCAR, Boulder -> NCSA, University of Illinois, Champaign & NCSA, University of Illinois, Champaign -> NCAR, Boulder",4,"NCSA, University of Illinois, Champaign","NorthWestNet, Seattle",5.9548309,5.95483094698393,0.9999999921099474
26,nsfnet,11,1.2,moving_average,random_failure_fixed,"NCAR, Boulder -> NCSA, University of Illinois, Champaign & NCSA, University of Illinois, Champaign -> NCAR, Boulder",5,"Westnet, Salt Lake City","SEQSUINET, Rice University, Houston",5.9126913,5.912691305625823,0.9999999990485173
26,nsfnet,11,1.2,linear_autoregressive,critical_failure_fixed,"NCSA, University of Illinois, Champaign -> Merit Univ of Michigan, Ann Arbor & Merit Univ of Michigan, Ann Arbor -> NCSA, University of Illinois, Champaign",1,"Merit Univ of Michigan, Ann Arbor","NCSA, University of Illinois, Champaign",9.2632762,9.26327619818432,1.0000000001960083
26,nsfnet,11,1.2,linear_autoregressive,critical_failure_fixed,"NCSA, University of Illinois, Champaign -> Merit Univ of Michigan, Ann Arbor & Merit Univ of Michigan, Ann Arbor -> NCSA, University of Illinois, Champaign",2,Pittsburgh Supercomputer Center,"MIDnet, Lincoln, NE",9.2480511,9.248051113599494,0.9999999985294745
26,nsfnet,11,1.2,linear_autoregressive,critical_failure_fixed,"NCSA, University of Illinois, Champaign -> Merit Univ of Michigan, Ann Arbor & Merit Univ of Michigan, Ann Arbor -> NCSA, University of Illinois, Champaign",3,"MIDnet, Lincoln, NE","Cornell Theory Center, Ithaca NY",9.0900058,9.09000581914652,0.9999999978936737
26,nsfnet,11,1.2,linear_autoregressive,critical_failure_fixed,"NCSA, University of Illinois, Champaign -> Merit Univ of Michigan, Ann Arbor & Merit Univ of Michigan, Ann Arbor -> NCSA, University of Illinois, Champaign",4,"SURANET, Georgia Tech, Atlanta","Merit Univ of Michigan, Ann Arbor",8.8034767,8.803476671910394,1.0000000031907401
26,nsfnet,11,1.2,linear_autoregressive,critical_failure_fixed,"NCSA, University of Illinois, Champaign -> Merit Univ of Michigan, Ann Arbor & Merit Univ of Michigan, Ann Arbor -> NCSA, University of Illinois, Champaign",5,"NCSA, University of Illinois, Champaign",Pittsburgh Supercomputer Center,8.1667392,8.166739191364245,1.00000000105743
26,nsfnet,11,1.2,linear_autoregressive,random_failure_fixed,"NCAR, Boulder -> NCSA, University of Illinois, Champaign & NCSA, University of Illinois, Champaign -> NCAR, Boulder",1,"SEQSUINET, Rice University, Houston","Westnet, Salt Lake City",8.9467665,8.946766511865773,0.9999999986737362
26,nsfnet,11,1.2,linear_autoregressive,random_failure_fixed,"NCAR, Boulder -> NCSA, University of Illinois, Champaign & NCSA, University of Illinois, Champaign -> NCAR, Boulder",2,"MIDnet, Lincoln, NE","NorthWestNet, Seattle",8.7620057,8.762005700699614,0.9999999999201536
26,nsfnet,11,1.2,linear_autoregressive,random_failure_fixed,"NCAR, Boulder -> NCSA, University of Illinois, Champaign & NCSA, University of Illinois, Champaign -> NCAR, Boulder",3,"MIDnet, Lincoln, NE","Westnet, Salt Lake City",8.5653018,8.565301760043276,1.0000000046649522
26,nsfnet,11,1.2,linear_autoregressive,random_failure_fixed,"NCAR, Boulder -> NCSA, University of Illinois, Champaign & NCSA, University of Illinois, Champaign -> NCAR, Boulder",4,"NCSA, University of Illinois, Champaign","NorthWestNet, Seattle",8.3848013,8.384801279961222,1.000000002389893
26,nsfnet,11,1.2,linear_autoregressive,random_failure_fixed,"NCAR, Boulder -> NCSA, University of Illinois, Champaign & NCSA, University of Illinois, Champaign -> NCAR, Boulder",5,"Westnet, Salt Lake City","SEQSUINET, Rice University, Houston",8.1494888,8.14948884881071,0.9999999940105802
26,nsfnet,11,1.2,lstm,critical_failure_fixed,"NCSA, University of Illinois, Champaign -> Merit Univ of Michigan, Ann Arbor & Merit Univ of Michigan, Ann Arbor -> NCSA, University of Illinois, Champaign",1,Pittsburgh Supercomputer Center,"MIDnet, Lincoln, NE",6.0398431,6.0398430824279785,1.0000000029093505
26,nsfnet,11,1.2,lstm,critical_failure_fixed,"NCSA, University of Illinois, Champaign -> Merit Univ of Michigan, Ann Arbor & Merit Univ of Michigan, Ann Arbor -> NCSA, University of Illinois, Champaign",2,"MIDnet, Lincoln, NE","Cornell Theory Center, Ithaca NY",6.0352044,6.0352044105529785,0.9999999982514297
26,nsfnet,11,1.2,lstm,critical_failure_fixed,"NCSA, University of Illinois, Champaign -> Merit Univ of Michigan, Ann Arbor & Merit Univ of Michigan, Ann Arbor -> NCSA, University of Illinois, Champaign",3,"Merit Univ of Michigan, Ann Arbor","NCSA, University of Illinois, Champaign",5.9332848,5.933284759521484,1.0000000068222776
26,nsfnet,11,1.2,lstm,critical_failure_fixed,"NCSA, University of Illinois, Champaign -> Merit Univ of Michigan, Ann Arbor & Merit Univ of Michigan, Ann Arbor -> NCSA, University of Illinois, Champaign",4,"SURANET, Georgia Tech, Atlanta","Merit Univ of Michigan, Ann Arbor",5.7587843,5.758784294128418,1.000000001019587
26,nsfnet,11,1.2,lstm,critical_failure_fixed,"NCSA, University of Illinois, Champaign -> Merit Univ of Michigan, Ann Arbor & Merit Univ of Michigan, Ann Arbor -> NCSA, University of Illinois, Champaign",5,San Diego Supercomputer Center,"Merit Univ of Michigan, Ann Arbor",5.3195621,5.627762317657471,0.9452357437536989
26,nsfnet,11,1.2,lstm,random_failure_fixed,"NCAR, Boulder -> NCSA, University of Illinois, Champaign & NCSA, University of Illinois, Champaign -> NCAR, Boulder",1,"MIDnet, Lincoln, NE","NorthWestNet, Seattle",5.7542357,5.754235744476318,0.9999999922706819
26,nsfnet,11,1.2,lstm,random_failure_fixed,"NCAR, Boulder -> NCSA, University of Illinois, Champaign & NCSA, University of Illinois, Champaign -> NCAR, Boulder",2,"SEQSUINET, Rice University, Houston","Westnet, Salt Lake City",5.7352839,5.735283851623535,1.000000008434886
26,nsfnet,11,1.2,lstm,random_failure_fixed,"NCAR, Boulder -> NCSA, University of Illinois, Champaign & NCSA, University of Illinois, Champaign -> NCAR, Boulder",3,"MIDnet, Lincoln, NE","Westnet, Salt Lake City",5.3936272,5.393627166748047,1.000000006165045
26,nsfnet,11,1.2,lstm,random_failure_fixed,"NCAR, Boulder -> NCSA, University of Illinois, Champaign & NCSA, University of Illinois, Champaign -> NCAR, Boulder",4,"NCSA, University of Illinois, Champaign","NorthWestNet, Seattle",5.3001962,5.300196170806885,1.0000000055079312
26,nsfnet,11,1.2,lstm,random_failure_fixed,"NCAR, Boulder -> NCSA, University of Illinois, Champaign & NCSA, University of Illinois, Champaign -> NCAR, Boulder",5,"Westnet, Salt Lake City","SEQSUINET, Rice University, Houston",5.2360024,5.236002445220947,0.9999999913634595
26,nsfnet,11,1.2,uncertainty_aware_lstm_robust_lp,critical_failure_fixed,"NCSA, University of Illinois, Champaign -> Merit Univ of Michigan, Ann Arbor & Merit Univ of Michigan, Ann Arbor -> NCSA, University of Illinois, Champaign",1,"Westnet, Salt Lake City","Cornell Theory Center, Ithaca NY",6.4338198,6.433819770812988,1.0000000045364983
26,nsfnet,11,1.2,uncertainty_aware_lstm_robust_lp,critical_failure_fixed,"NCSA, University of Illinois, Champaign -> Merit Univ of Michigan, Ann Arbor & Merit Univ of Michigan, Ann Arbor -> NCSA, University of Illinois, Champaign",2,"MIDnet, Lincoln, NE","Cornell Theory Center, Ithaca NY",6.3115487,6.311548709869385,0.9999999984362975
26,nsfnet,11,1.2,uncertainty_aware_lstm_robust_lp,critical_failure_fixed,"NCSA, University of Illinois, Champaign -> Merit Univ of Michigan, Ann Arbor & Merit Univ of Michigan, Ann Arbor -> NCSA, University of Illinois, Champaign",3,Pittsburgh Supercomputer Center,"MIDnet, Lincoln, NE",6.3083749,6.308374881744385,1.0000000028938696
26,nsfnet,11,1.2,uncertainty_aware_lstm_robust_lp,critical_failure_fixed,"NCSA, University of Illinois, Champaign -> Merit Univ of Michigan, Ann Arbor & Merit Univ of Michigan, Ann Arbor -> NCSA, University of Illinois, Champaign",4,"Merit Univ of Michigan, Ann Arbor","NCSA, University of Illinois, Champaign",6.178669,6.178668975830078,1.000000003911833
26,nsfnet,11,1.2,uncertainty_aware_lstm_robust_lp,critical_failure_fixed,"NCSA, University of Illinois, Champaign -> Merit Univ of Michigan, Ann Arbor & Merit Univ of Michigan, Ann Arbor -> NCSA, University of Illinois, Champaign",5,"Cornell Theory Center, Ithaca NY","NCAR, Boulder",5.5758581,5.575858116149902,0.9999999971036023
26,nsfnet,11,1.2,uncertainty_aware_lstm_robust_lp,random_failure_fixed,"NCAR, Boulder -> NCSA, University of Illinois, Champaign & NCSA, University of Illinois, Champaign -> NCAR, Boulder",1,"Westnet, Salt Lake City","Cornell Theory Center, Ithaca NY",6.4338198,6.433819770812988,1.0000000045364983
26,nsfnet,11,1.2,uncertainty_aware_lstm_robust_lp,random_failure_fixed,"NCAR, Boulder -> NCSA, University of Illinois, Champaign & NCSA, University of Illinois, Champaign -> NCAR, Boulder",2,"MIDnet, Lincoln, NE","NorthWestNet, Seattle",6.0243492,6.024349212646484,0.9999999979007717
26,nsfnet,11,1.2,uncertainty_aware_lstm_robust_lp,random_failure_fixed,"NCAR, Boulder -> NCSA, University of Illinois, Champaign & NCSA, University of Illinois, Champaign -> NCAR, Boulder",3,"SEQSUINET, Rice University, Houston","Westnet, Salt Lake City",5.975729,5.975728988647461,1.0000000018997748
26,nsfnet,11,1.2,uncertainty_aware_lstm_robust_lp,random_failure_fixed,"NCAR, Boulder -> NCSA, University of Illinois, Champaign & NCSA, University of Illinois, Champaign -> NCAR, Boulder",4,"MIDnet, Lincoln, NE","Westnet, Salt Lake City",5.6440187,5.644018650054932,1.0000000088492034
26,nsfnet,11,1.2,uncertainty_aware_lstm_robust_lp,random_failure_fixed,"NCAR, Boulder -> NCSA, University of Illinois, Champaign & NCSA, University of Illinois, Champaign -> NCAR, Boulder",5,"Cornell Theory Center, Ithaca NY","NCAR, Boulder",5.5758581,5.575858116149902,0.9999999971036023
26,nsfnet,11,1.2,transformer,critical_failure_fixed,"NCSA, University of Illinois, Champaign -> Merit Univ of Michigan, Ann Arbor & Merit Univ of Michigan, Ann Arbor -> NCSA, University of Illinois, Champaign",1,Pittsburgh Supercomputer Center,"MIDnet, Lincoln, NE",7.452549,7.452548980712891,1.0000000025879883
26,nsfnet,11,1.2,transformer,critical_failure_fixed,"NCSA, University of Illinois, Champaign -> Merit Univ of Michigan, Ann Arbor & Merit Univ of Michigan, Ann Arbor -> NCSA, University of Illinois, Champaign",2,"MIDnet, Lincoln, NE","Cornell Theory Center, Ithaca NY",7.4172497,7.41724967956543,1.0000000027550064
26,nsfnet,11,1.2,transformer,critical_failure_fixed,"NCSA, University of Illinois, Champaign -> Merit Univ of Michigan, Ann Arbor & Merit Univ of Michigan, Ann Arbor -> NCSA, University of Illinois, Champaign",3,"Merit Univ of Michigan, Ann Arbor","NCSA, University of Illinois, Champaign",7.1744108,7.174410820007324,0.9999999972112938
26,nsfnet,11,1.2,transformer,critical_failure_fixed,"NCSA, University of Illinois, Champaign -> Merit Univ of Michigan, Ann Arbor & Merit Univ of Michigan, Ann Arbor -> NCSA, University of Illinois, Champaign",4,"SURANET, Georgia Tech, Atlanta","Merit Univ of Michigan, Ann Arbor",7.106916,7.1069159507751465,1.0000000069263313
26,nsfnet,11,1.2,transformer,critical_failure_fixed,"NCSA, University of Illinois, Champaign -> Merit Univ of Michigan, Ann Arbor & Merit Univ of Michigan, Ann Arbor -> NCSA, University of Illinois, Champaign",5,"Westnet, Salt Lake City","Cornell Theory Center, Ithaca NY",6.5844692,7.606412887573242,0.8656470924365921
26,nsfnet,11,1.2,transformer,random_failure_fixed,"NCAR, Boulder -> NCSA, University of Illinois, Champaign & NCSA, University of Illinois, Champaign -> NCAR, Boulder",1,"MIDnet, Lincoln, NE","NorthWestNet, Seattle",7.1123614,7.112361431121826,0.9999999956242626
26,nsfnet,11,1.2,transformer,random_failure_fixed,"NCAR, Boulder -> NCSA, University of Illinois, Champaign & NCSA, University of Illinois, Champaign -> NCAR, Boulder",2,"SEQSUINET, Rice University, Houston","Westnet, Salt Lake City",7.0592389,7.059238910675049,0.9999999984877904
26,nsfnet,11,1.2,transformer,random_failure_fixed,"NCAR, Boulder -> NCSA, University of Illinois, Champaign & NCSA, University of Illinois, Champaign -> NCAR, Boulder",3,"MIDnet, Lincoln, NE","Westnet, Salt Lake City",6.7594504,6.759450435638428,0.9999999947276147
26,nsfnet,11,1.2,transformer,random_failure_fixed,"NCAR, Boulder -> NCSA, University of Illinois, Champaign & NCSA, University of Illinois, Champaign -> NCAR, Boulder",4,"Westnet, Salt Lake City","Cornell Theory Center, Ithaca NY",6.5844692,7.606412887573242,0.8656470924365921
26,nsfnet,11,1.2,transformer,random_failure_fixed,"NCAR, Boulder -> NCSA, University of Illinois, Champaign & NCSA, University of Illinois, Champaign -> NCAR, Boulder",5,"NCSA, University of Illinois, Champaign","NorthWestNet, Seattle",6.581058,6.581058025360107,0.9999999961464999
27,nsfnet,11,1.2,current_demand_lp,critical_failure_fixed,"NCSA, University of Illinois, Champaign -> Merit Univ of Michigan, Ann Arbor & Merit Univ of Michigan, Ann Arbor -> NCSA, University of Illinois, Champaign",1,"Merit Univ of Michigan, Ann Arbor","NCSA, University of Illinois, Champaign",9.7517596,9.751759611653599,0.9999999988049747
27,nsfnet,11,1.2,current_demand_lp,critical_failure_fixed,"NCSA, University of Illinois, Champaign -> Merit Univ of Michigan, Ann Arbor & Merit Univ of Michigan, Ann Arbor -> NCSA, University of Illinois, Champaign",2,Pittsburgh Supercomputer Center,"MIDnet, Lincoln, NE",9.2784377,9.278437727551905,0.9999999970305448
27,nsfnet,11,1.2,current_demand_lp,critical_failure_fixed,"NCSA, University of Illinois, Champaign -> Merit Univ of Michigan, Ann Arbor & Merit Univ of Michigan, Ann Arbor -> NCSA, University of Illinois, Champaign",3,"MIDnet, Lincoln, NE","Cornell Theory Center, Ithaca NY",8.9193358,8.919335779824667,1.000000002261977
27,nsfnet,11,1.2,current_demand_lp,critical_failure_fixed,"NCSA, University of Illinois, Champaign -> Merit Univ of Michigan, Ann Arbor & Merit Univ of Michigan, Ann Arbor -> NCSA, University of Illinois, Champaign",4,"SEQSUINET, Rice University, Houston",Pittsburgh Supercomputer Center,8.5945299,8.59452986734897,1.000000003799048
27,nsfnet,11,1.2,current_demand_lp,critical_failure_fixed,"NCSA, University of Illinois, Champaign -> Merit Univ of Michigan, Ann Arbor & Merit Univ of Michigan, Ann Arbor -> NCSA, University of Illinois, Champaign",5,"SURANET, Georgia Tech, Atlanta","Merit Univ of Michigan, Ann Arbor",8.588909,8.588909025692766,0.9999999970086111
27,nsfnet,11,1.2,current_demand_lp,random_failure_fixed,"SEQSUINET, Rice University, Houston -> SURANET, Georgia Tech, Atlanta & SURANET, Georgia Tech, Atlanta -> SEQSUINET, Rice University, Houston",1,"Jon Von Neumann Center, Princeton, NJ",San Diego Supercomputer Center,9.4396902,9.439690187039561,1.0000000013729728
27,nsfnet,11,1.2,current_demand_lp,random_failure_fixed,"SEQSUINET, Rice University, Houston -> SURANET, Georgia Tech, Atlanta & SURANET, Georgia Tech, Atlanta -> SEQSUINET, Rice University, Houston",2,"SURANET, Georgia Tech, Atlanta","NorthWestNet, Seattle",9.4087621,9.408762110991544,0.9999999988317758
27,nsfnet,11,1.2,current_demand_lp,random_failure_fixed,"SEQSUINET, Rice University, Houston -> SURANET, Georgia Tech, Atlanta & SURANET, Georgia Tech, Atlanta -> SEQSUINET, Rice University, Houston",3,"NCSA, University of Illinois, Champaign","SURANET, Georgia Tech, Atlanta",8.9606259,8.9606258980641,1.0000000002160452
27,nsfnet,11,1.2,current_demand_lp,random_failure_fixed,"SEQSUINET, Rice University, Houston -> SURANET, Georgia Tech, Atlanta & SURANET, Georgia Tech, Atlanta -> SEQSUINET, Rice University, Houston",4,"SURANET, Georgia Tech, Atlanta",San Diego Supercomputer Center,8.8973414,8.897341419707468,0.9999999977850161
27,nsfnet,11,1.2,current_demand_lp,random_failure_fixed,"SEQSUINET, Rice University, Houston -> SURANET, Georgia Tech, Atlanta & SURANET, Georgia Tech, Atlanta -> SEQSUINET, Rice University, Houston",5,"SURANET, Georgia Tech, Atlanta","Merit Univ of Michigan, Ann Arbor",8.588909,8.588909025692766,0.9999999970086111
27,nsfnet,11,1.2,robust_current_demand_lp,critical_failure_fixed,"NCSA, University of Illinois, Champaign -> Merit Univ of Michigan, Ann Arbor & Merit Univ of Michigan, Ann Arbor -> NCSA, University of Illinois, Champaign",1,"Westnet, Salt Lake City","Cornell Theory Center, Ithaca NY",9.7735436,9.773543572788816,1.0000000027841678
27,nsfnet,11,1.2,robust_current_demand_lp,critical_failure_fixed,"NCSA, University of Illinois, Champaign -> Merit Univ of Michigan, Ann Arbor & Merit Univ of Michigan, Ann Arbor -> NCSA, University of Illinois, Champaign",2,"Merit Univ of Michigan, Ann Arbor","NCSA, University of Illinois, Champaign",9.7517596,9.751759611653599,0.9999999988049747
27,nsfnet,11,1.2,robust_current_demand_lp,critical_failure_fixed,"NCSA, University of Illinois, Champaign -> Merit Univ of Michigan, Ann Arbor & Merit Univ of Michigan, Ann Arbor -> NCSA, University of Illinois, Champaign",3,Pittsburgh Supercomputer Center,"MIDnet, Lincoln, NE",9.2784377,9.278437727551905,0.9999999970305448
27,nsfnet,11,1.2,robust_current_demand_lp,critical_failure_fixed,"NCSA, University of Illinois, Champaign -> Merit Univ of Michigan, Ann Arbor & Merit Univ of Michigan, Ann Arbor -> NCSA, University of Illinois, Champaign",4,"MIDnet, Lincoln, NE","Cornell Theory Center, Ithaca NY",8.9193358,8.919335779824667,1.000000002261977
27,nsfnet,11,1.2,robust_current_demand_lp,critical_failure_fixed,"NCSA, University of Illinois, Champaign -> Merit Univ of Michigan, Ann Arbor & Merit Univ of Michigan, Ann Arbor -> NCSA, University of Illinois, Champaign",5,"SEQSUINET, Rice University, Houston",Pittsburgh Supercomputer Center,8.5945299,8.59452986734897,1.000000003799048
27,nsfnet,11,1.2,robust_current_demand_lp,random_failure_fixed,"SEQSUINET, Rice University, Houston -> SURANET, Georgia Tech, Atlanta & SURANET, Georgia Tech, Atlanta -> SEQSUINET, Rice University, Houston",1,"Jon Von Neumann Center, Princeton, NJ",San Diego Supercomputer Center,9.4396902,9.439690187039561,1.0000000013729728
27,nsfnet,11,1.2,robust_current_demand_lp,random_failure_fixed,"SEQSUINET, Rice University, Houston -> SURANET, Georgia Tech, Atlanta & SURANET, Georgia Tech, Atlanta -> SEQSUINET, Rice University, Houston",2,"SURANET, Georgia Tech, Atlanta","NorthWestNet, Seattle",9.4087621,9.408762110991544,0.9999999988317758
27,nsfnet,11,1.2,robust_current_demand_lp,random_failure_fixed,"SEQSUINET, Rice University, Houston -> SURANET, Georgia Tech, Atlanta & SURANET, Georgia Tech, Atlanta -> SEQSUINET, Rice University, Houston",3,"NCSA, University of Illinois, Champaign","SURANET, Georgia Tech, Atlanta",8.9606259,8.9606258980641,1.0000000002160452
27,nsfnet,11,1.2,robust_current_demand_lp,random_failure_fixed,"SEQSUINET, Rice University, Houston -> SURANET, Georgia Tech, Atlanta & SURANET, Georgia Tech, Atlanta -> SEQSUINET, Rice University, Houston",4,"SURANET, Georgia Tech, Atlanta",San Diego Supercomputer Center,8.8973414,8.897341419707468,0.9999999977850161
27,nsfnet,11,1.2,robust_current_demand_lp,random_failure_fixed,"SEQSUINET, Rice University, Houston -> SURANET, Georgia Tech, Atlanta & SURANET, Georgia Tech, Atlanta -> SEQSUINET, Rice University, Houston",5,"Jon Von Neumann Center, Princeton, NJ","NorthWestNet, Seattle",8.0361528,8.03615278174936,1.000000002271067
27,nsfnet,11,1.2,moving_average,critical_failure_fixed,"NCSA, University of Illinois, Champaign -> Merit Univ of Michigan, Ann Arbor & Merit Univ of Michigan, Ann Arbor -> NCSA, University of Illinois, Champaign",1,Pittsburgh Supercomputer Center,"MIDnet, Lincoln, NE",7.3435271,7.343527064315482,1.000000004859316
27,nsfnet,11,1.2,moving_average,critical_failure_fixed,"NCSA, University of Illinois, Champaign -> Merit Univ of Michigan, Ann Arbor & Merit Univ of Michigan, Ann Arbor -> NCSA, University of Illinois, Champaign",2,"Merit Univ of Michigan, Ann Arbor","NCSA, University of Illinois, Champaign",7.3379071,7.337907070384739,1.0000000040359274
27,nsfnet,11,1.2,moving_average,critical_failure_fixed,"NCSA, University of Illinois, Champaign -> Merit Univ of Michigan, Ann Arbor & Merit Univ of Michigan, Ann Arbor -> NCSA, University of Illinois, Champaign",3,"MIDnet, Lincoln, NE","Cornell Theory Center, Ithaca NY",7.1768994,7.176899391530821,1.000000001180061
27,nsfnet,11,1.2,moving_average,critical_failure_fixed,"NCSA, University of Illinois, Champaign -> Merit Univ of Michigan, Ann Arbor & Merit Univ of Michigan, Ann Arbor -> NCSA, University of Illinois, Champaign",4,"SURANET, Georgia Tech, Atlanta","Merit Univ of Michigan, Ann Arbor",6.8220815,6.822081530266721,0.9999999955634185
27,nsfnet,11,1.2,moving_average,critical_failure_fixed,"NCSA, University of Illinois, Champaign -> Merit Univ of Michigan, Ann Arbor & Merit Univ of Michigan, Ann Arbor -> NCSA, University of Illinois, Champaign",5,San Diego Supercomputer Center,"Merit Univ of Michigan, Ann Arbor",6.7827591,6.80471446138389,0.9967735073222419
27,nsfnet,11,1.2,moving_average,random_failure_fixed,"SEQSUINET, Rice University, Houston -> SURANET, Georgia Tech, Atlanta & SURANET, Georgia Tech, Atlanta -> SEQSUINET, Rice University, Houston",1,"Jon Von Neumann Center, Princeton, NJ",San Diego Supercomputer Center,7.4035229,7.403522879180883,1.0000000028120553
27,nsfnet,11,1.2,moving_average,random_failure_fixed,"SEQSUINET, Rice University, Houston -> SURANET, Georgia Tech, Atlanta & SURANET, Georgia Tech, Atlanta -> SEQSUINET, Rice University, Houston",2,"SURANET, Georgia Tech, Atlanta",San Diego Supercomputer Center,6.8599242,6.85992415090123,1.0000000071573343
27,nsfnet,11,1.2,moving_average,random_failure_fixed,"SEQSUINET, Rice University, Houston -> SURANET, Georgia Tech, Atlanta & SURANET, Georgia Tech, Atlanta -> SEQSUINET, Rice University, Houston",3,"SURANET, Georgia Tech, Atlanta","Merit Univ of Michigan, Ann Arbor",6.8220815,6.822081530266721,0.9999999955634185
27,nsfnet,11,1.2,moving_average,random_failure_fixed,"SEQSUINET, Rice University, Houston -> SURANET, Georgia Tech, Atlanta & SURANET, Georgia Tech, Atlanta -> SEQSUINET, Rice University, Houston",4,"Jon Von Neumann Center, Princeton, NJ","NorthWestNet, Seattle",6.5863663,6.586366281379595,1.0000000028271134
27,nsfnet,11,1.2,moving_average,random_failure_fixed,"SEQSUINET, Rice University, Houston -> SURANET, Georgia Tech, Atlanta & SURANET, Georgia Tech, Atlanta -> SEQSUINET, Rice University, Houston",5,"NCSA, University of Illinois, Champaign","SURANET, Georgia Tech, Atlanta",6.5829718,6.582971834517704,0.9999999947565165
27,nsfnet,11,1.2,linear_autoregressive,critical_failure_fixed,"NCSA, University of Illinois, Champaign -> Merit Univ of Michigan, Ann Arbor & Merit Univ of Michigan, Ann Arbor -> NCSA, University of Illinois, Champaign",1,"MIDnet, Lincoln, NE","Cornell Theory Center, Ithaca NY",9.4715816,9.471581628838774,0.9999999969552316
27,nsfnet,11,1.2,linear_autoregressive,critical_failure_fixed,"NCSA, University of Illinois, Champaign -> Merit Univ of Michigan, Ann Arbor & Merit Univ of Michigan, Ann Arbor -> NCSA, University of Illinois, Champaign",2,Pittsburgh Supercomputer Center,"MIDnet, Lincoln, NE",9.3161087,9.316108740271298,0.9999999956772403
27,nsfnet,11,1.2,linear_autoregressive,critical_failure_fixed,"NCSA, University of Illinois, Champaign -> Merit Univ of Michigan, Ann Arbor & Merit Univ of Michigan, Ann Arbor -> NCSA, University of Illinois, Champaign",3,"Merit Univ of Michigan, Ann Arbor","NCSA, University of Illinois, Champaign",8.7704534,8.770453426266712,0.9999999970050906
27,nsfnet,11,1.2,linear_autoregressive,critical_failure_fixed,"NCSA, University of Illinois, Champaign -> Merit Univ of Michigan, Ann Arbor & Merit Univ of Michigan, Ann Arbor -> NCSA, University of Illinois, Champaign",4,"SURANET, Georgia Tech, Atlanta","Merit Univ of Michigan, Ann Arbor",8.6499609,8.649960869790837,1.0000000034924046
27,nsfnet,11,1.2,linear_autoregressive,critical_failure_fixed,"NCSA, University of Illinois, Champaign -> Merit Univ of Michigan, Ann Arbor & Merit Univ of Michigan, Ann Arbor -> NCSA, University of Illinois, Champaign",5,San Diego Supercomputer Center,"Merit Univ of Michigan, Ann Arbor",8.4037482,8.99878979895914,0.9338753752167914
27,nsfnet,11,1.2,linear_autoregressive,random_failure_fixed,"SEQSUINET, Rice University, Houston -> SURANET, Georgia Tech, Atlanta & SURANET, Georgia Tech, Atlanta -> SEQSUINET, Rice University, Houston",1,"Jon Von Neumann Center, Princeton, NJ",San Diego Supercomputer Center,9.5903331,9.59033308818094,1.0000000012323933
27,nsfnet,11,1.2,linear_autoregressive,random_failure_fixed,"SEQSUINET, Rice University, Houston -> SURANET, Georgia Tech, Atlanta & SURANET, Georgia Tech, Atlanta -> SEQSUINET, Rice University, Houston",2,"SURANET, Georgia Tech, Atlanta",San Diego Supercomputer Center,8.8272979,8.827297899813088,1.0000000000211744
27,nsfnet,11,1.2,linear_autoregressive,random_failure_fixed,"SEQSUINET, Rice University, Houston -> SURANET, Georgia Tech, Atlanta & SURANET, Georgia Tech, Atlanta -> SEQSUINET, Rice University, Houston",3,"NCSA, University of Illinois, Champaign","SURANET, Georgia Tech, Atlanta",8.7131449,8.713144863204839,1.0000000042229484
27,nsfnet,11,1.2,linear_autoregressive,random_failure_fixed,"SEQSUINET, Rice University, Houston -> SURANET, Georgia Tech, Atlanta & SURANET, Georgia Tech, Atlanta -> SEQSUINET, Rice University, Houston",4,"SURANET, Georgia Tech, Atlanta","Merit Univ of Michigan, Ann Arbor",8.6499609,8.649960869790837,1.0000000034924046
27,nsfnet,11,1.2,linear_autoregressive,random_failure_fixed,"SEQSUINET, Rice University, Houston -> SURANET, Georgia Tech, Atlanta & SURANET, Georgia Tech, Atlanta -> SEQSUINET, Rice University, Houston",5,"Jon Von Neumann Center, Princeton, NJ","NorthWestNet, Seattle",8.2118857,8.21188570815676,0.9999999990067129
27,nsfnet,11,1.2,lstm,critical_failure_fixed,"NCSA, University of Illinois, Champaign -> Merit Univ of Michigan, Ann Arbor & Merit Univ of Michigan, Ann Arbor -> NCSA, University of Illinois, Champaign",1,Pittsburgh Supercomputer Center,"MIDnet, Lincoln, NE",6.0398431,6.0398430824279785,1.0000000029093505
27,nsfnet,11,1.2,lstm,critical_failure_fixed,"NCSA, University of Illinois, Champaign -> Merit Univ of Michigan, Ann Arbor & Merit Univ of Michigan, Ann Arbor -> NCSA, University of Illinois, Champaign",2,"MIDnet, Lincoln, NE","Cornell Theory Center, Ithaca NY",6.0352044,6.0352044105529785,0.9999999982514297
27,nsfnet,11,1.2,lstm,critical_failure_fixed,"NCSA, University of Illinois, Champaign -> Merit Univ of Michigan, Ann Arbor & Merit Univ of Michigan, Ann Arbor -> NCSA, University of Illinois, Champaign",3,"Merit Univ of Michigan, Ann Arbor","NCSA, University of Illinois, Champaign",5.9332848,5.933284759521484,1.0000000068222776
27,nsfnet,11,1.2,lstm,critical_failure_fixed,"NCSA, University of Illinois, Champaign -> Merit Univ of Michigan, Ann Arbor & Merit Univ of Michigan, Ann Arbor -> NCSA, University of Illinois, Champaign",4,"SURANET, Georgia Tech, Atlanta","Merit Univ of Michigan, Ann Arbor",5.7587843,5.758784294128418,1.000000001019587
27,nsfnet,11,1.2,lstm,critical_failure_fixed,"NCSA, University of Illinois, Champaign -> Merit Univ of Michigan, Ann Arbor & Merit Univ of Michigan, Ann Arbor -> NCSA, University of Illinois, Champaign",5,San Diego Supercomputer Center,"Merit Univ of Michigan, Ann Arbor",5.3195621,5.627762317657471,0.9452357437536989
27,nsfnet,11,1.2,lstm,random_failure_fixed,"SEQSUINET, Rice University, Houston -> SURANET, Georgia Tech, Atlanta & SURANET, Georgia Tech, Atlanta -> SEQSUINET, Rice University, Houston",1,"Jon Von Neumann Center, Princeton, NJ",San Diego Supercomputer Center,6.0008745,6.0008745193481445,0.9999999967757792
27,nsfnet,11,1.2,lstm,random_failure_fixed,"SEQSUINET, Rice University, Houston -> SURANET, Georgia Tech, Atlanta & SURANET, Georgia Tech, Atlanta -> SEQSUINET, Rice University, Houston",2,"SURANET, Georgia Tech, Atlanta","Merit Univ of Michigan, Ann Arbor",5.7587843,5.758784294128418,1.000000001019587
27,nsfnet,11,1.2,lstm,random_failure_fixed,"SEQSUINET, Rice University, Houston -> SURANET, Georgia Tech, Atlanta & SURANET, Georgia Tech, Atlanta -> SEQSUINET, Rice University, Houston",3,"SURANET, Georgia Tech, Atlanta",San Diego Supercomputer Center,5.6417818,5.641781806945801,0.999999998768864
27,nsfnet,11,1.2,lstm,random_failure_fixed,"SEQSUINET, Rice University, Houston -> SURANET, Georgia Tech, Atlanta & SURANET, Georgia Tech, Atlanta -> SEQSUINET, Rice University, Houston",4,"Jon Von Neumann Center, Princeton, NJ","NorthWestNet, Seattle",5.3327699,5.332769870758057,1.0000000054834437
27,nsfnet,11,1.2,lstm,random_failure_fixed,"SEQSUINET, Rice University, Houston -> SURANET, Georgia Tech, Atlanta & SURANET, Georgia Tech, Atlanta -> SEQSUINET, Rice University, Houston",5,"NCSA, University of Illinois, Champaign","SURANET, Georgia Tech, Atlanta",5.2648282,5.264828205108643,0.9999999990296659
27,nsfnet,11,1.2,uncertainty_aware_lstm_robust_lp,critical_failure_fixed,"NCSA, University of Illinois, Champaign -> Merit Univ of Michigan, Ann Arbor & Merit Univ of Michigan, Ann Arbor -> NCSA, University of Illinois, Champaign",1,"Westnet, Salt Lake City","Cornell Theory Center, Ithaca NY",6.4338198,6.433819770812988,1.0000000045364983
27,nsfnet,11,1.2,uncertainty_aware_lstm_robust_lp,critical_failure_fixed,"NCSA, University of Illinois, Champaign -> Merit Univ of Michigan, Ann Arbor & Merit Univ of Michigan, Ann Arbor -> NCSA, University of Illinois, Champaign",2,"MIDnet, Lincoln, NE","Cornell Theory Center, Ithaca NY",6.3115487,6.311548709869385,0.9999999984362975
27,nsfnet,11,1.2,uncertainty_aware_lstm_robust_lp,critical_failure_fixed,"NCSA, University of Illinois, Champaign -> Merit Univ of Michigan, Ann Arbor & Merit Univ of Michigan, Ann Arbor -> NCSA, University of Illinois, Champaign",3,Pittsburgh Supercomputer Center,"MIDnet, Lincoln, NE",6.3083749,6.308374881744385,1.0000000028938696
27,nsfnet,11,1.2,uncertainty_aware_lstm_robust_lp,critical_failure_fixed,"NCSA, University of Illinois, Champaign -> Merit Univ of Michigan, Ann Arbor & Merit Univ of Michigan, Ann Arbor -> NCSA, University of Illinois, Champaign",4,"Merit Univ of Michigan, Ann Arbor","NCSA, University of Illinois, Champaign",6.178669,6.178668975830078,1.000000003911833
27,nsfnet,11,1.2,uncertainty_aware_lstm_robust_lp,critical_failure_fixed,"NCSA, University of Illinois, Champaign -> Merit Univ of Michigan, Ann Arbor & Merit Univ of Michigan, Ann Arbor -> NCSA, University of Illinois, Champaign",5,"Cornell Theory Center, Ithaca NY","NCAR, Boulder",5.5758581,5.575858116149902,0.9999999971036023
27,nsfnet,11,1.2,uncertainty_aware_lstm_robust_lp,random_failure_fixed,"SEQSUINET, Rice University, Houston -> SURANET, Georgia Tech, Atlanta & SURANET, Georgia Tech, Atlanta -> SEQSUINET, Rice University, Houston",1,"Jon Von Neumann Center, Princeton, NJ",San Diego Supercomputer Center,6.2672501,6.267250061035156,1.0000000062172154
27,nsfnet,11,1.2,uncertainty_aware_lstm_robust_lp,random_failure_fixed,"SEQSUINET, Rice University, Houston -> SURANET, Georgia Tech, Atlanta & SURANET, Georgia Tech, Atlanta -> SEQSUINET, Rice University, Houston",2,"SURANET, Georgia Tech, Atlanta",San Diego Supercomputer Center,5.9180503,5.918050289154053,1.0000000018326893
27,nsfnet,11,1.2,uncertainty_aware_lstm_robust_lp,random_failure_fixed,"SEQSUINET, Rice University, Houston -> SURANET, Georgia Tech, Atlanta & SURANET, Georgia Tech, Atlanta -> SEQSUINET, Rice University, Houston",3,"Jon Von Neumann Center, Princeton, NJ","NorthWestNet, Seattle",5.5640082,5.5640082359313965,0.9999999935421741
27,nsfnet,11,1.2,uncertainty_aware_lstm_robust_lp,random_failure_fixed,"SEQSUINET, Rice University, Houston -> SURANET, Georgia Tech, Atlanta & SURANET, Georgia Tech, Atlanta -> SEQSUINET, Rice University, Houston",4,"NCSA, University of Illinois, Champaign","SURANET, Georgia Tech, Atlanta",5.5369925,5.53699254989624,0.9999999909885665
27,nsfnet,11,1.2,uncertainty_aware_lstm_robust_lp,random_failure_fixed,"SEQSUINET, Rice University, Houston -> SURANET, Georgia Tech, Atlanta & SURANET, Georgia Tech, Atlanta -> SEQSUINET, Rice University, Houston",5,San Diego Supercomputer Center,"Jon Von Neumann Center, Princeton, NJ",5.3750181,5.375018119812012,0.9999999963140568
27,nsfnet,11,1.2,transformer,critical_failure_fixed,"NCSA, University of Illinois, Champaign -> Merit Univ of Michigan, Ann Arbor & Merit Univ of Michigan, Ann Arbor -> NCSA, University of Illinois, Champaign",1,Pittsburgh Supercomputer Center,"MIDnet, Lincoln, NE",7.2151265,7.2151265144348145,0.9999999979993678
27,nsfnet,11,1.2,transformer,critical_failure_fixed,"NCSA, University of Illinois, Champaign -> Merit Univ of Michigan, Ann Arbor & Merit Univ of Michigan, Ann Arbor -> NCSA, University of Illinois, Champaign",2,"MIDnet, Lincoln, NE","Cornell Theory Center, Ithaca NY",7.1595473,7.159547328948975,0.9999999959565915
27,nsfnet,11,1.2,transformer,critical_failure_fixed,"NCSA, University of Illinois, Champaign -> Merit Univ of Michigan, Ann Arbor & Merit Univ of Michigan, Ann Arbor -> NCSA, University of Illinois, Champaign",3,"Merit Univ of Michigan, Ann Arbor","NCSA, University of Illinois, Champaign",6.9778609,6.977860927581787,0.9999999960472432
27,nsfnet,11,1.2,transformer,critical_failure_fixed,"NCSA, University of Illinois, Champaign -> Merit Univ of Michigan, Ann Arbor & Merit Univ of Michigan, Ann Arbor -> NCSA, University of Illinois, Champaign",4,"SURANET, Georgia Tech, Atlanta","Merit Univ of Michigan, Ann Arbor",6.872807,6.872807025909424,0.999999996230154
27,nsfnet,11,1.2,transformer,critical_failure_fixed,"NCSA, University of Illinois, Champaign -> Merit Univ of Michigan, Ann Arbor & Merit Univ of Michigan, Ann Arbor -> NCSA, University of Illinois, Champaign",5,"NCSA, University of Illinois, Champaign",Pittsburgh Supercomputer Center,6.1382565,6.138256549835205,0.9999999918812117
27,nsfnet,11,1.2,transformer,random_failure_fixed,"SEQSUINET, Rice University, Houston -> SURANET, Georgia Tech, Atlanta & SURANET, Georgia Tech, Atlanta -> SEQSUINET, Rice University, Houston",1,"Jon Von Neumann Center, Princeton, NJ",San Diego Supercomputer Center,7.2020164,7.202016353607178,1.0000000064416434
27,nsfnet,11,1.2,transformer,random_failure_fixed,"SEQSUINET, Rice University, Houston -> SURANET, Georgia Tech, Atlanta & SURANET, Georgia Tech, Atlanta -> SEQSUINET, Rice University, Houston",2,"SURANET, Georgia Tech, Atlanta","Merit Univ of Michigan, Ann Arbor",6.872807,6.872807025909424,0.999999996230154
27,nsfnet,11,1.2,transformer,random_failure_fixed,"SEQSUINET, Rice University, Houston -> SURANET, Georgia Tech, Atlanta & SURANET, Georgia Tech, Atlanta -> SEQSUINET, Rice University, Houston",3,"SURANET, Georgia Tech, Atlanta",San Diego Supercomputer Center,6.7853427,6.785342693328857,1.0000000009831695
27,nsfnet,11,1.2,transformer,random_failure_fixed,"SEQSUINET, Rice University, Houston -> SURANET, Georgia Tech, Atlanta & SURANET, Georgia Tech, Atlanta -> SEQSUINET, Rice University, Houston",4,"NCSA, University of Illinois, Champaign","SURANET, Georgia Tech, Atlanta",6.3132725,6.313272476196289,1.0000000037704235
27,nsfnet,11,1.2,transformer,random_failure_fixed,"SEQSUINET, Rice University, Houston -> SURANET, Georgia Tech, Atlanta & SURANET, Georgia Tech, Atlanta -> SEQSUINET, Rice University, Houston",5,"Jon Von Neumann Center, Princeton, NJ","NorthWestNet, Seattle",6.2858715,6.285871505737305,0.9999999990872698
28,nsfnet,11,1.2,current_demand_lp,critical_failure_fixed,"NCSA, University of Illinois, Champaign -> Merit Univ of Michigan, Ann Arbor & Merit Univ of Michigan, Ann Arbor -> NCSA, University of Illinois, Champaign",1,"Merit Univ of Michigan, Ann Arbor","NCSA, University of Illinois, Champaign",8.6681997,8.668199682855601,1.00000000197785
28,nsfnet,11,1.2,current_demand_lp,critical_failure_fixed,"NCSA, University of Illinois, Champaign -> Merit Univ of Michigan, Ann Arbor & Merit Univ of Michigan, Ann Arbor -> NCSA, University of Illinois, Champaign",2,"MIDnet, Lincoln, NE","Cornell Theory Center, Ithaca NY",8.6523382,8.652338236635588,0.9999999957658166
28,nsfnet,11,1.2,current_demand_lp,critical_failure_fixed,"NCSA, University of Illinois, Champaign -> Merit Univ of Michigan, Ann Arbor & Merit Univ of Michigan, Ann Arbor -> NCSA, University of Illinois, Champaign",3,Pittsburgh Supercomputer Center,"MIDnet, Lincoln, NE",8.4299353,8.429935328038372,0.9999999966739518
28,nsfnet,11,1.2,current_demand_lp,critical_failure_fixed,"NCSA, University of Illinois, Champaign -> Merit Univ of Michigan, Ann Arbor & Merit Univ of Michigan, Ann Arbor -> NCSA, University of Illinois, Champaign",4,"SURANET, Georgia Tech, Atlanta","Merit Univ of Michigan, Ann Arbor",8.3814757,8.381475658771338,1.0000000049190219
28,nsfnet,11,1.2,current_demand_lp,critical_failure_fixed,"NCSA, University of Illinois, Champaign -> Merit Univ of Michigan, Ann Arbor & Merit Univ of Michigan, Ann Arbor -> NCSA, University of Illinois, Champaign",5,San Diego Supercomputer Center,"Merit Univ of Michigan, Ann Arbor",8.2454905,8.245490463563014,1.00000000441902
28,nsfnet,11,1.2,current_demand_lp,random_failure_fixed,"BARRnet, Palo Alto -> Merit Univ of Michigan, Ann Arbor & Merit Univ of Michigan, Ann Arbor -> BARRnet, Palo Alto",1,Pittsburgh Supercomputer Center,"NorthWestNet, Seattle",8.590711,8.59071102870188,0.9999999966589634
28,nsfnet,11,1.2,current_demand_lp,random_failure_fixed,"BARRnet, Palo Alto -> Merit Univ of Michigan, Ann Arbor & Merit Univ of Michigan, Ann Arbor -> BARRnet, Palo Alto",2,"BARRnet, Palo Alto",Pittsburgh Supercomputer Center,8.319622,8.319621994571193,1.0000000006525305
28,nsfnet,11,1.2,current_demand_lp,random_failure_fixed,"BARRnet, Palo Alto -> Merit Univ of Michigan, Ann Arbor & Merit Univ of Michigan, Ann Arbor -> BARRnet, Palo Alto",3,"BARRnet, Palo Alto","Cornell Theory Center, Ithaca NY",8.1448235,8.144823451139127,1.0000000059990095
28,nsfnet,11,1.2,current_demand_lp,random_failure_fixed,"BARRnet, Palo Alto -> Merit Univ of Michigan, Ann Arbor & Merit Univ of Michigan, Ann Arbor -> BARRnet, Palo Alto",4,"NorthWestNet, Seattle",Pittsburgh Supercomputer Center,8.0828206,8.08282064296559,0.9999999946843321
28,nsfnet,11,1.2,current_demand_lp,random_failure_fixed,"BARRnet, Palo Alto -> Merit Univ of Michigan, Ann Arbor & Merit Univ of Michigan, Ann Arbor -> BARRnet, Palo Alto",5,"Merit Univ of Michigan, Ann Arbor","NorthWestNet, Seattle",7.8432911,7.843291137178815,0.9999999952597941
28,nsfnet,11,1.2,robust_current_demand_lp,critical_failure_fixed,"NCSA, University of Illinois, Champaign -> Merit Univ of Michigan, Ann Arbor & Merit Univ of Michigan, Ann Arbor -> NCSA, University of Illinois, Champaign",1,"Westnet, Salt Lake City","Cornell Theory Center, Ithaca NY",8.6980947,8.698094748529272,0.999999994420701
28,nsfnet,11,1.2,robust_current_demand_lp,critical_failure_fixed,"NCSA, University of Illinois, Champaign -> Merit Univ of Michigan, Ann Arbor & Merit Univ of Michigan, Ann Arbor -> NCSA, University of Illinois, Champaign",2,"Merit Univ of Michigan, Ann Arbor","NCSA, University of Illinois, Champaign",8.6681997,8.668199682855601,1.00000000197785
28,nsfnet,11,1.2,robust_current_demand_lp,critical_failure_fixed,"NCSA, University of Illinois, Champaign -> Merit Univ of Michigan, Ann Arbor & Merit Univ of Michigan, Ann Arbor -> NCSA, University of Illinois, Champaign",3,"MIDnet, Lincoln, NE","Cornell Theory Center, Ithaca NY",8.6523382,8.652338236635588,0.9999999957658166
28,nsfnet,11,1.2,robust_current_demand_lp,critical_failure_fixed,"NCSA, University of Illinois, Champaign -> Merit Univ of Michigan, Ann Arbor & Merit Univ of Michigan, Ann Arbor -> NCSA, University of Illinois, Champaign",4,Pittsburgh Supercomputer Center,"MIDnet, Lincoln, NE",8.4299353,8.429935328038372,0.9999999966739518
28,nsfnet,11,1.2,robust_current_demand_lp,critical_failure_fixed,"NCSA, University of Illinois, Champaign -> Merit Univ of Michigan, Ann Arbor & Merit Univ of Michigan, Ann Arbor -> NCSA, University of Illinois, Champaign",5,"NCSA, University of Illinois, Champaign",Pittsburgh Supercomputer Center,7.89694,7.896939950842084,1.0000000062249321
28,nsfnet,11,1.2,robust_current_demand_lp,random_failure_fixed,"BARRnet, Palo Alto -> Merit Univ of Michigan, Ann Arbor & Merit Univ of Michigan, Ann Arbor -> BARRnet, Palo Alto",1,Pittsburgh Supercomputer Center,"NorthWestNet, Seattle",8.590711,8.59071102870188,0.9999999966589634
28,nsfnet,11,1.2,robust_current_demand_lp,random_failure_fixed,"BARRnet, Palo Alto -> Merit Univ of Michigan, Ann Arbor & Merit Univ of Michigan, Ann Arbor -> BARRnet, Palo Alto",2,"BARRnet, Palo Alto",Pittsburgh Supercomputer Center,8.319622,8.319621994571193,1.0000000006525305
28,nsfnet,11,1.2,robust_current_demand_lp,random_failure_fixed,"BARRnet, Palo Alto -> Merit Univ of Michigan, Ann Arbor & Merit Univ of Michigan, Ann Arbor -> BARRnet, Palo Alto",3,San Diego Supercomputer Center,"Merit Univ of Michigan, Ann Arbor",8.2454905,8.245490463563014,1.00000000441902
28,nsfnet,11,1.2,robust_current_demand_lp,random_failure_fixed,"BARRnet, Palo Alto -> Merit Univ of Michigan, Ann Arbor & Merit Univ of Michigan, Ann Arbor -> BARRnet, Palo Alto",4,"BARRnet, Palo Alto","Cornell Theory Center, Ithaca NY",8.1448235,8.144823451139127,1.0000000059990095
28,nsfnet,11,1.2,robust_current_demand_lp,random_failure_fixed,"BARRnet, Palo Alto -> Merit Univ of Michigan, Ann Arbor & Merit Univ of Michigan, Ann Arbor -> BARRnet, Palo Alto",5,"NorthWestNet, Seattle",Pittsburgh Supercomputer Center,8.0828206,8.08282064296559,0.9999999946843321
28,nsfnet,11,1.2,moving_average,critical_failure_fixed,"NCSA, University of Illinois, Champaign -> Merit Univ of Michigan, Ann Arbor & Merit Univ of Michigan, Ann Arbor -> NCSA, University of Illinois, Champaign",1,"Merit Univ of Michigan, Ann Arbor","NCSA, University of Illinois, Champaign",7.7308752,7.7308751540485305,1.0000000059438896
28,nsfnet,11,1.2,moving_average,critical_failure_fixed,"NCSA, University of Illinois, Champaign -> Merit Univ of Michigan, Ann Arbor & Merit Univ of Michigan, Ann Arbor -> NCSA, University of Illinois, Champaign",2,Pittsburgh Supercomputer Center,"MIDnet, Lincoln, NE",7.6942987,7.694298729024922,0.9999999962277365
28,nsfnet,11,1.2,moving_average,critical_failure_fixed,"NCSA, University of Illinois, Champaign -> Merit Univ of Michigan, Ann Arbor & Merit Univ of Michigan, Ann Arbor -> NCSA, University of Illinois, Champaign",3,"MIDnet, Lincoln, NE","Cornell Theory Center, Ithaca NY",7.5915573,7.591557345259751,0.9999999940381467
28,nsfnet,11,1.2,moving_average,critical_failure_fixed,"NCSA, University of Illinois, Champaign -> Merit Univ of Michigan, Ann Arbor & Merit Univ of Michigan, Ann Arbor -> NCSA, University of Illinois, Champaign",4,San Diego Supercomputer Center,"Merit Univ of Michigan, Ann Arbor",7.2214744,7.2383546323609504,0.9976679462090068
28,nsfnet,11,1.2,moving_average,critical_failure_fixed,"NCSA, University of Illinois, Champaign -> Merit Univ of Michigan, Ann Arbor & Merit Univ of Michigan, Ann Arbor -> NCSA, University of Illinois, Champaign",5,"SURANET, Georgia Tech, Atlanta","Merit Univ of Michigan, Ann Arbor",7.1654487,7.16544866085206,1.0000000054634317
28,nsfnet,11,1.2,moving_average,random_failure_fixed,"BARRnet, Palo Alto -> Merit Univ of Michigan, Ann Arbor & Merit Univ of Michigan, Ann Arbor -> BARRnet, Palo Alto",1,"BARRnet, Palo Alto",Pittsburgh Supercomputer Center,7.6217581,7.6217580616117395,1.0000000050366675
28,nsfnet,11,1.2,moving_average,random_failure_fixed,"BARRnet, Palo Alto -> Merit Univ of Michigan, Ann Arbor & Merit Univ of Michigan, Ann Arbor -> BARRnet, Palo Alto",2,"BARRnet, Palo Alto","Cornell Theory Center, Ithaca NY",7.511992,7.51199200424892,0.9999999994343818
28,nsfnet,11,1.2,moving_average,random_failure_fixed,"BARRnet, Palo Alto -> Merit Univ of Michigan, Ann Arbor & Merit Univ of Michigan, Ann Arbor -> BARRnet, Palo Alto",3,Pittsburgh Supercomputer Center,"NorthWestNet, Seattle",7.3061165,7.30611651840882,0.999999997480355
28,nsfnet,11,1.2,moving_average,random_failure_fixed,"BARRnet, Palo Alto -> Merit Univ of Michigan, Ann Arbor & Merit Univ of Michigan, Ann Arbor -> BARRnet, Palo Alto",4,"NorthWestNet, Seattle",Pittsburgh Supercomputer Center,7.2162864,7.216286365258318,1.0000000048143436
28,nsfnet,11,1.2,moving_average,random_failure_fixed,"BARRnet, Palo Alto -> Merit Univ of Michigan, Ann Arbor & Merit Univ of Michigan, Ann Arbor -> BARRnet, Palo Alto",5,"NorthWestNet, Seattle","Merit Univ of Michigan, Ann Arbor",7.0946661,7.094666132978198,0.9999999953516914
28,nsfnet,11,1.2,linear_autoregressive,critical_failure_fixed,"NCSA, University of Illinois, Champaign -> Merit Univ of Michigan, Ann Arbor & Merit Univ of Michigan, Ann Arbor -> NCSA, University of Illinois, Champaign",1,"Merit Univ of Michigan, Ann Arbor","NCSA, University of Illinois, Champaign",8.2456378,8.245637834752205,0.9999999957853831
28,nsfnet,11,1.2,linear_autoregressive,critical_failure_fixed,"NCSA, University of Illinois, Champaign -> Merit Univ of Michigan, Ann Arbor & Merit Univ of Michigan, Ann Arbor -> NCSA, University of Illinois, Champaign",2,Pittsburgh Supercomputer Center,"MIDnet, Lincoln, NE",8.1331263,8.133126291139266,1.0000000010894623
28,nsfnet,11,1.2,linear_autoregressive,critical_failure_fixed,"NCSA, University of Illinois, Champaign -> Merit Univ of Michigan, Ann Arbor & Merit Univ of Michigan, Ann Arbor -> NCSA, University of Illinois, Champaign",3,"MIDnet, Lincoln, NE","Cornell Theory Center, Ithaca NY",7.9361314,7.9361313832333815,1.0000000021126942
28,nsfnet,11,1.2,linear_autoregressive,critical_failure_fixed,"NCSA, University of Illinois, Champaign -> Merit Univ of Michigan, Ann Arbor & Merit Univ of Michigan, Ann Arbor -> NCSA, University of Illinois, Champaign",4,"SURANET, Georgia Tech, Atlanta","Merit Univ of Michigan, Ann Arbor",7.704027,7.704026985108359,1.0000000019329685
28,nsfnet,11,1.2,linear_autoregressive,critical_failure_fixed,"NCSA, University of Illinois, Champaign -> Merit Univ of Michigan, Ann Arbor & Merit Univ of Michigan, Ann Arbor -> NCSA, University of Illinois, Champaign",5,"Westnet, Salt Lake City","Cornell Theory Center, Ithaca NY",7.3396975,8.200222533800664,0.895060770576207
28,nsfnet,11,1.2,linear_autoregressive,random_failure_fixed,"BARRnet, Palo Alto -> Merit Univ of Michigan, Ann Arbor & Merit Univ of Michigan, Ann Arbor -> BARRnet, Palo Alto",1,"BARRnet, Palo Alto",Pittsburgh Supercomputer Center,8.2717197,8.27171966393228,1.0000000043603654
28,nsfnet,11,1.2,linear_autoregressive,random_failure_fixed,"BARRnet, Palo Alto -> Merit Univ of Michigan, Ann Arbor & Merit Univ of Michigan, Ann Arbor -> BARRnet, Palo Alto",2,"BARRnet, Palo Alto","Cornell Theory Center, Ithaca NY",7.9380359,7.938035879868143,1.0000000025361258
28,nsfnet,11,1.2,linear_autoregressive,random_failure_fixed,"BARRnet, Palo Alto -> Merit Univ of Michigan, Ann Arbor & Merit Univ of Michigan, Ann Arbor -> BARRnet, Palo Alto",3,Pittsburgh Supercomputer Center,"NorthWestNet, Seattle",7.8899229,7.8899228527792555,1.0000000059849439
28,nsfnet,11,1.2,linear_autoregressive,random_failure_fixed,"BARRnet, Palo Alto -> Merit Univ of Michigan, Ann Arbor & Merit Univ of Michigan, Ann Arbor -> BARRnet, Palo Alto",4,"NorthWestNet, Seattle",Pittsburgh Supercomputer Center,7.5329024,7.532902387087388,1.0000000017141617
28,nsfnet,11,1.2,linear_autoregressive,random_failure_fixed,"BARRnet, Palo Alto -> Merit Univ of Michigan, Ann Arbor & Merit Univ of Michigan, Ann Arbor -> BARRnet, Palo Alto",5,"NorthWestNet, Seattle","Merit Univ of Michigan, Ann Arbor",7.3844089,7.3844089287396315,0.9999999961080661
28,nsfnet,11,1.2,lstm,critical_failure_fixed,"NCSA, University of Illinois, Champaign -> Merit Univ of Michigan, Ann Arbor & Merit Univ of Michigan, Ann Arbor -> NCSA, University of Illinois, Champaign",1,Pittsburgh Supercomputer Center,"MIDnet, Lincoln, NE",6.0398431,6.0398430824279785,1.0000000029093505
28,nsfnet,11,1.2,lstm,critical_failure_fixed,"NCSA, University of Illinois, Champaign -> Merit Univ of Michigan, Ann Arbor & Merit Univ of Michigan, Ann Arbor -> NCSA, University of Illinois, Champaign",2,"MIDnet, Lincoln, NE","Cornell Theory Center, Ithaca NY",6.0352044,6.0352044105529785,0.9999999982514297
28,nsfnet,11,1.2,lstm,critical_failure_fixed,"NCSA, University of Illinois, Champaign -> Merit Univ of Michigan, Ann Arbor & Merit Univ of Michigan, Ann Arbor -> NCSA, University of Illinois, Champaign",3,"Merit Univ of Michigan, Ann Arbor","NCSA, University of Illinois, Champaign",5.9332848,5.933284759521484,1.0000000068222776
28,nsfnet,11,1.2,lstm,critical_failure_fixed,"NCSA, University of Illinois, Champaign -> Merit Univ of Michigan, Ann Arbor & Merit Univ of Michigan, Ann Arbor -> NCSA, University of Illinois, Champaign",4,"SURANET, Georgia Tech, Atlanta","Merit Univ of Michigan, Ann Arbor",5.7587843,5.758784294128418,1.000000001019587
28,nsfnet,11,1.2,lstm,critical_failure_fixed,"NCSA, University of Illinois, Champaign -> Merit Univ of Michigan, Ann Arbor & Merit Univ of Michigan, Ann Arbor -> NCSA, University of Illinois, Champaign",5,San Diego Supercomputer Center,"Merit Univ of Michigan, Ann Arbor",5.3195621,5.627762317657471,0.9452357437536989
28,nsfnet,11,1.2,lstm,random_failure_fixed,"BARRnet, Palo Alto -> Merit Univ of Michigan, Ann Arbor & Merit Univ of Michigan, Ann Arbor -> BARRnet, Palo Alto",1,"BARRnet, Palo Alto",Pittsburgh Supercomputer Center,6.1413727,6.1413726806640625,1.0000000031484715
28,nsfnet,11,1.2,lstm,random_failure_fixed,"BARRnet, Palo Alto -> Merit Univ of Michigan, Ann Arbor & Merit Univ of Michigan, Ann Arbor -> BARRnet, Palo Alto",2,"BARRnet, Palo Alto","Cornell Theory Center, Ithaca NY",5.7568173,5.75681734085083,0.999999992903921
28,nsfnet,11,1.2,lstm,random_failure_fixed,"BARRnet, Palo Alto -> Merit Univ of Michigan, Ann Arbor & Merit Univ of Michigan, Ann Arbor -> BARRnet, Palo Alto",3,Pittsburgh Supercomputer Center,"NorthWestNet, Seattle",5.7278647,5.727864742279053,0.9999999926187061
28,nsfnet,11,1.2,lstm,random_failure_fixed,"BARRnet, Palo Alto -> Merit Univ of Michigan, Ann Arbor & Merit Univ of Michigan, Ann Arbor -> BARRnet, Palo Alto",4,"NorthWestNet, Seattle",Pittsburgh Supercomputer Center,5.6206408,5.620640754699707,1.0000000080596314
28,nsfnet,11,1.2,lstm,random_failure_fixed,"BARRnet, Palo Alto -> Merit Univ of Michigan, Ann Arbor & Merit Univ of Michigan, Ann Arbor -> BARRnet, Palo Alto",5,"NorthWestNet, Seattle","Merit Univ of Michigan, Ann Arbor",5.4725556,5.472555637359619,0.9999999931732774
28,nsfnet,11,1.2,uncertainty_aware_lstm_robust_lp,critical_failure_fixed,"NCSA, University of Illinois, Champaign -> Merit Univ of Michigan, Ann Arbor & Merit Univ of Michigan, Ann Arbor -> NCSA, University of Illinois, Champaign",1,"Westnet, Salt Lake City","Cornell Theory Center, Ithaca NY",6.4338198,6.433819770812988,1.0000000045364983
28,nsfnet,11,1.2,uncertainty_aware_lstm_robust_lp,critical_failure_fixed,"NCSA, University of Illinois, Champaign -> Merit Univ of Michigan, Ann Arbor & Merit Univ of Michigan, Ann Arbor -> NCSA, University of Illinois, Champaign",2,"MIDnet, Lincoln, NE","Cornell Theory Center, Ithaca NY",6.3115487,6.311548709869385,0.9999999984362975
28,nsfnet,11,1.2,uncertainty_aware_lstm_robust_lp,critical_failure_fixed,"NCSA, University of Illinois, Champaign -> Merit Univ of Michigan, Ann Arbor & Merit Univ of Michigan, Ann Arbor -> NCSA, University of Illinois, Champaign",3,Pittsburgh Supercomputer Center,"MIDnet, Lincoln, NE",6.3083749,6.308374881744385,1.0000000028938696
28,nsfnet,11,1.2,uncertainty_aware_lstm_robust_lp,critical_failure_fixed,"NCSA, University of Illinois, Champaign -> Merit Univ of Michigan, Ann Arbor & Merit Univ of Michigan, Ann Arbor -> NCSA, University of Illinois, Champaign",4,"Merit Univ of Michigan, Ann Arbor","NCSA, University of Illinois, Champaign",6.178669,6.178668975830078,1.000000003911833
28,nsfnet,11,1.2,uncertainty_aware_lstm_robust_lp,critical_failure_fixed,"NCSA, University of Illinois, Champaign -> Merit Univ of Michigan, Ann Arbor & Merit Univ of Michigan, Ann Arbor -> NCSA, University of Illinois, Champaign",5,"Cornell Theory Center, Ithaca NY","NCAR, Boulder",5.5758581,5.575858116149902,0.9999999971036023
28,nsfnet,11,1.2,uncertainty_aware_lstm_robust_lp,random_failure_fixed,"BARRnet, Palo Alto -> Merit Univ of Michigan, Ann Arbor & Merit Univ of Michigan, Ann Arbor -> BARRnet, Palo Alto",1,"BARRnet, Palo Alto",Pittsburgh Supercomputer Center,6.3894849,6.389484882354736,1.0000000027616098
28,nsfnet,11,1.2,uncertainty_aware_lstm_robust_lp,random_failure_fixed,"BARRnet, Palo Alto -> Merit Univ of Michigan, Ann Arbor & Merit Univ of Michigan, Ann Arbor -> BARRnet, Palo Alto",2,"BARRnet, Palo Alto","Cornell Theory Center, Ithaca NY",6.026257,6.026257038116455,0.9999999936749371
28,nsfnet,11,1.2,uncertainty_aware_lstm_robust_lp,random_failure_fixed,"BARRnet, Palo Alto -> Merit Univ of Michigan, Ann Arbor & Merit Univ of Michigan, Ann Arbor -> BARRnet, Palo Alto",3,Pittsburgh Supercomputer Center,"NorthWestNet, Seattle",5.9667172,5.96671724319458,0.9999999927607462
28,nsfnet,11,1.2,uncertainty_aware_lstm_robust_lp,random_failure_fixed,"BARRnet, Palo Alto -> Merit Univ of Michigan, Ann Arbor & Merit Univ of Michigan, Ann Arbor -> BARRnet, Palo Alto",4,San Diego Supercomputer Center,"Merit Univ of Michigan, Ann Arbor",5.8870506,5.887050628662109,0.9999999951313296
28,nsfnet,11,1.2,uncertainty_aware_lstm_robust_lp,random_failure_fixed,"BARRnet, Palo Alto -> Merit Univ of Michigan, Ann Arbor & Merit Univ of Michigan, Ann Arbor -> BARRnet, Palo Alto",5,"NorthWestNet, Seattle",Pittsburgh Supercomputer Center,5.8686852,5.868685245513916,0.9999999922446146
28,nsfnet,11,1.2,transformer,critical_failure_fixed,"NCSA, University of Illinois, Champaign -> Merit Univ of Michigan, Ann Arbor & Merit Univ of Michigan, Ann Arbor -> NCSA, University of Illinois, Champaign",1,Pittsburgh Supercomputer Center,"MIDnet, Lincoln, NE",7.0091281,7.009128093719482,1.0000000008960483
28,nsfnet,11,1.2,transformer,critical_failure_fixed,"NCSA, University of Illinois, Champaign -> Merit Univ of Michigan, Ann Arbor & Merit Univ of Michigan, Ann Arbor -> NCSA, University of Illinois, Champaign",2,"MIDnet, Lincoln, NE","Cornell Theory Center, Ithaca NY",6.9680481,6.968048095703125,1.000000000616654
28,nsfnet,11,1.2,transformer,critical_failure_fixed,"NCSA, University of Illinois, Champaign -> Merit Univ of Michigan, Ann Arbor & Merit Univ of Michigan, Ann Arbor -> NCSA, University of Illinois, Champaign",3,"Merit Univ of Michigan, Ann Arbor","NCSA, University of Illinois, Champaign",6.7657118,6.765711784362793,1.0000000023112434
28,nsfnet,11,1.2,transformer,critical_failure_fixed,"NCSA, University of Illinois, Champaign -> Merit Univ of Michigan, Ann Arbor & Merit Univ of Michigan, Ann Arbor -> NCSA, University of Illinois, Champaign",4,"SURANET, Georgia Tech, Atlanta","Merit Univ of Michigan, Ann Arbor",6.7145329,6.714532852172852,1.0000000071229302
28,nsfnet,11,1.2,transformer,critical_failure_fixed,"NCSA, University of Illinois, Champaign -> Merit Univ of Michigan, Ann Arbor & Merit Univ of Michigan, Ann Arbor -> NCSA, University of Illinois, Champaign",5,"NCSA, University of Illinois, Champaign",Pittsburgh Supercomputer Center,5.9650021,5.965002059936523,1.000000006716423
28,nsfnet,11,1.2,transformer,random_failure_fixed,"BARRnet, Palo Alto -> Merit Univ of Michigan, Ann Arbor & Merit Univ of Michigan, Ann Arbor -> BARRnet, Palo Alto",1,"BARRnet, Palo Alto",Pittsburgh Supercomputer Center,7.0690932,7.069093227386475,0.9999999961258859
28,nsfnet,11,1.2,transformer,random_failure_fixed,"BARRnet, Palo Alto -> Merit Univ of Michigan, Ann Arbor & Merit Univ of Michigan, Ann Arbor -> BARRnet, Palo Alto",2,"BARRnet, Palo Alto","Cornell Theory Center, Ithaca NY",6.6593122,6.6593122482299805,0.9999999927575133
28,nsfnet,11,1.2,transformer,random_failure_fixed,"BARRnet, Palo Alto -> Merit Univ of Michigan, Ann Arbor & Merit Univ of Michigan, Ann Arbor -> BARRnet, Palo Alto",3,Pittsburgh Supercomputer Center,"NorthWestNet, Seattle",6.6124725,6.6124725341796875,0.9999999948310276
28,nsfnet,11,1.2,transformer,random_failure_fixed,"BARRnet, Palo Alto -> Merit Univ of Michigan, Ann Arbor & Merit Univ of Michigan, Ann Arbor -> BARRnet, Palo Alto",4,"NorthWestNet, Seattle",Pittsburgh Supercomputer Center,6.5672417,6.567241668701172,1.0000000047659017
28,nsfnet,11,1.2,transformer,random_failure_fixed,"BARRnet, Palo Alto -> Merit Univ of Michigan, Ann Arbor & Merit Univ of Michigan, Ann Arbor -> BARRnet, Palo Alto",5,"NorthWestNet, Seattle","Merit Univ of Michigan, Ann Arbor",6.3989725,6.398972511291504,0.9999999982354193
29,nsfnet,11,1.2,current_demand_lp,critical_failure_fixed,"NCSA, University of Illinois, Champaign -> Merit Univ of Michigan, Ann Arbor & Merit Univ of Michigan, Ann Arbor -> NCSA, University of Illinois, Champaign",1,Pittsburgh Supercomputer Center,"MIDnet, Lincoln, NE",8.2029144,8.202914400244845,0.9999999999701513
29,nsfnet,11,1.2,current_demand_lp,critical_failure_fixed,"NCSA, University of Illinois, Champaign -> Merit Univ of Michigan, Ann Arbor & Merit Univ of Michigan, Ann Arbor -> NCSA, University of Illinois, Champaign",2,"SURANET, Georgia Tech, Atlanta","Merit Univ of Michigan, Ann Arbor",7.7293227,7.729322710959962,0.9999999985820281
29,nsfnet,11,1.2,current_demand_lp,critical_failure_fixed,"NCSA, University of Illinois, Champaign -> Merit Univ of Michigan, Ann Arbor & Merit Univ of Michigan, Ann Arbor -> NCSA, University of Illinois, Champaign",3,"MIDnet, Lincoln, NE","Cornell Theory Center, Ithaca NY",7.6390219,7.63902190565269,0.9999999992600244
29,nsfnet,11,1.2,current_demand_lp,critical_failure_fixed,"NCSA, University of Illinois, Champaign -> Merit Univ of Michigan, Ann Arbor & Merit Univ of Michigan, Ann Arbor -> NCSA, University of Illinois, Champaign",4,"Merit Univ of Michigan, Ann Arbor","NCSA, University of Illinois, Champaign",7.4584271,7.458427136166738,0.9999999951508894
29,nsfnet,11,1.2,current_demand_lp,critical_failure_fixed,"NCSA, University of Illinois, Champaign -> Merit Univ of Michigan, Ann Arbor & Merit Univ of Michigan, Ann Arbor -> NCSA, University of Illinois, Champaign",5,"Merit Univ of Michigan, Ann Arbor","Westnet, Salt Lake City",6.9086532,6.908653249525236,0.9999999928314196
29,nsfnet,11,1.2,current_demand_lp,random_failure_fixed,"NCSA, University of Illinois, Champaign -> Merit Univ of Michigan, Ann Arbor & Merit Univ of Michigan, Ann Arbor -> NCSA, University of Illinois, Champaign",1,Pittsburgh Supercomputer Center,"MIDnet, Lincoln, NE",8.2029144,8.202914400244845,0.9999999999701513
29,nsfnet,11,1.2,current_demand_lp,random_failure_fixed,"NCSA, University of Illinois, Champaign -> Merit Univ of Michigan, Ann Arbor & Merit Univ of Michigan, Ann Arbor -> NCSA, University of Illinois, Champaign",2,"SURANET, Georgia Tech, Atlanta","Merit Univ of Michigan, Ann Arbor",7.7293227,7.729322710959962,0.9999999985820281
29,nsfnet,11,1.2,current_demand_lp,random_failure_fixed,"NCSA, University of Illinois, Champaign -> Merit Univ of Michigan, Ann Arbor & Merit Univ of Michigan, Ann Arbor -> NCSA, University of Illinois, Champaign",3,"MIDnet, Lincoln, NE","Cornell Theory Center, Ithaca NY",7.6390219,7.63902190565269,0.9999999992600244
29,nsfnet,11,1.2,current_demand_lp,random_failure_fixed,"NCSA, University of Illinois, Champaign -> Merit Univ of Michigan, Ann Arbor & Merit Univ of Michigan, Ann Arbor -> NCSA, University of Illinois, Champaign",4,"Merit Univ of Michigan, Ann Arbor","NCSA, University of Illinois, Champaign",7.4584271,7.458427136166738,0.9999999951508894
29,nsfnet,11,1.2,current_demand_lp,random_failure_fixed,"NCSA, University of Illinois, Champaign -> Merit Univ of Michigan, Ann Arbor & Merit Univ of Michigan, Ann Arbor -> NCSA, University of Illinois, Champaign",5,"Merit Univ of Michigan, Ann Arbor","Westnet, Salt Lake City",6.9086532,6.908653249525236,0.9999999928314196
29,nsfnet,11,1.2,robust_current_demand_lp,critical_failure_fixed,"NCSA, University of Illinois, Champaign -> Merit Univ of Michigan, Ann Arbor & Merit Univ of Michigan, Ann Arbor -> NCSA, University of Illinois, Champaign",1,Pittsburgh Supercomputer Center,"MIDnet, Lincoln, NE",8.2029144,8.202914400244845,0.9999999999701513
29,nsfnet,11,1.2,robust_current_demand_lp,critical_failure_fixed,"NCSA, University of Illinois, Champaign -> Merit Univ of Michigan, Ann Arbor & Merit Univ of Michigan, Ann Arbor -> NCSA, University of Illinois, Champaign",2,"Westnet, Salt Lake City","Cornell Theory Center, Ithaca NY",7.801466,7.801465965222624,1.0000000044578001
29,nsfnet,11,1.2,robust_current_demand_lp,critical_failure_fixed,"NCSA, University of Illinois, Champaign -> Merit Univ of Michigan, Ann Arbor & Merit Univ of Michigan, Ann Arbor -> NCSA, University of Illinois, Champaign",3,"MIDnet, Lincoln, NE","Cornell Theory Center, Ithaca NY",7.6390219,7.63902190565269,0.9999999992600244
29,nsfnet,11,1.2,robust_current_demand_lp,critical_failure_fixed,"NCSA, University of Illinois, Champaign -> Merit Univ of Michigan, Ann Arbor & Merit Univ of Michigan, Ann Arbor -> NCSA, University of Illinois, Champaign",4,"Merit Univ of Michigan, Ann Arbor","NCSA, University of Illinois, Champaign",7.4584271,7.458427136166738,0.9999999951508894
29,nsfnet,11,1.2,robust_current_demand_lp,critical_failure_fixed,"NCSA, University of Illinois, Champaign -> Merit Univ of Michigan, Ann Arbor & Merit Univ of Michigan, Ann Arbor -> NCSA, University of Illinois, Champaign",5,"Merit Univ of Michigan, Ann Arbor","Westnet, Salt Lake City",6.9086532,6.908653249525236,0.9999999928314196
29,nsfnet,11,1.2,robust_current_demand_lp,random_failure_fixed,"NCSA, University of Illinois, Champaign -> Merit Univ of Michigan, Ann Arbor & Merit Univ of Michigan, Ann Arbor -> NCSA, University of Illinois, Champaign",1,Pittsburgh Supercomputer Center,"MIDnet, Lincoln, NE",8.2029144,8.202914400244845,0.9999999999701513
29,nsfnet,11,1.2,robust_current_demand_lp,random_failure_fixed,"NCSA, University of Illinois, Champaign -> Merit Univ of Michigan, Ann Arbor & Merit Univ of Michigan, Ann Arbor -> NCSA, University of Illinois, Champaign",2,"Westnet, Salt Lake City","Cornell Theory Center, Ithaca NY",7.801466,7.801465965222624,1.0000000044578001
29,nsfnet,11,1.2,robust_current_demand_lp,random_failure_fixed,"NCSA, University of Illinois, Champaign -> Merit Univ of Michigan, Ann Arbor & Merit Univ of Michigan, Ann Arbor -> NCSA, University of Illinois, Champaign",3,"MIDnet, Lincoln, NE","Cornell Theory Center, Ithaca NY",7.6390219,7.63902190565269,0.9999999992600244
29,nsfnet,11,1.2,robust_current_demand_lp,random_failure_fixed,"NCSA, University of Illinois, Champaign -> Merit Univ of Michigan, Ann Arbor & Merit Univ of Michigan, Ann Arbor -> NCSA, University of Illinois, Champaign",4,"Merit Univ of Michigan, Ann Arbor","NCSA, University of Illinois, Champaign",7.4584271,7.458427136166738,0.9999999951508894
29,nsfnet,11,1.2,robust_current_demand_lp,random_failure_fixed,"NCSA, University of Illinois, Champaign -> Merit Univ of Michigan, Ann Arbor & Merit Univ of Michigan, Ann Arbor -> NCSA, University of Illinois, Champaign",5,"Merit Univ of Michigan, Ann Arbor","Westnet, Salt Lake City",6.9086532,6.908653249525236,0.9999999928314196
29,nsfnet,11,1.2,moving_average,critical_failure_fixed,"NCSA, University of Illinois, Champaign -> Merit Univ of Michigan, Ann Arbor & Merit Univ of Michigan, Ann Arbor -> NCSA, University of Illinois, Champaign",1,Pittsburgh Supercomputer Center,"MIDnet, Lincoln, NE",8.0453029,8.045302943550528,0.999999994586838
29,nsfnet,11,1.2,moving_average,critical_failure_fixed,"NCSA, University of Illinois, Champaign -> Merit Univ of Michigan, Ann Arbor & Merit Univ of Michigan, Ann Arbor -> NCSA, University of Illinois, Champaign",2,"Merit Univ of Michigan, Ann Arbor","NCSA, University of Illinois, Champaign",7.9301251,7.930125099142632,1.0000000001081153
29,nsfnet,11,1.2,moving_average,critical_failure_fixed,"NCSA, University of Illinois, Champaign -> Merit Univ of Michigan, Ann Arbor & Merit Univ of Michigan, Ann Arbor -> NCSA, University of Illinois, Champaign",3,"MIDnet, Lincoln, NE","Cornell Theory Center, Ithaca NY",7.857676,7.85767597560898,1.000000003104101
29,nsfnet,11,1.2,moving_average,critical_failure_fixed,"NCSA, University of Illinois, Champaign -> Merit Univ of Michigan, Ann Arbor & Merit Univ of Michigan, Ann Arbor -> NCSA, University of Illinois, Champaign",4,San Diego Supercomputer Center,"Merit Univ of Michigan, Ann Arbor",7.5175475,7.51754748746328,1.000000001667661
29,nsfnet,11,1.2,moving_average,critical_failure_fixed,"NCSA, University of Illinois, Champaign -> Merit Univ of Michigan, Ann Arbor & Merit Univ of Michigan, Ann Arbor -> NCSA, University of Illinois, Champaign",5,"SURANET, Georgia Tech, Atlanta","Merit Univ of Michigan, Ann Arbor",7.4685532,7.468553201252979,0.9999999998322326
29,nsfnet,11,1.2,moving_average,random_failure_fixed,"NCSA, University of Illinois, Champaign -> Merit Univ of Michigan, Ann Arbor & Merit Univ of Michigan, Ann Arbor -> NCSA, University of Illinois, Champaign",1,Pittsburgh Supercomputer Center,"MIDnet, Lincoln, NE",8.0453029,8.045302943550528,0.999999994586838
29,nsfnet,11,1.2,moving_average,random_failure_fixed,"NCSA, University of Illinois, Champaign -> Merit Univ of Michigan, Ann Arbor & Merit Univ of Michigan, Ann Arbor -> NCSA, University of Illinois, Champaign",2,"Merit Univ of Michigan, Ann Arbor","NCSA, University of Illinois, Champaign",7.9301251,7.930125099142632,1.0000000001081153
29,nsfnet,11,1.2,moving_average,random_failure_fixed,"NCSA, University of Illinois, Champaign -> Merit Univ of Michigan, Ann Arbor & Merit Univ of Michigan, Ann Arbor -> NCSA, University of Illinois, Champaign",3,"MIDnet, Lincoln, NE","Cornell Theory Center, Ithaca NY",7.857676,7.85767597560898,1.000000003104101
29,nsfnet,11,1.2,moving_average,random_failure_fixed,"NCSA, University of Illinois, Champaign -> Merit Univ of Michigan, Ann Arbor & Merit Univ of Michigan, Ann Arbor -> NCSA, University of Illinois, Champaign",4,San Diego Supercomputer Center,"Merit Univ of Michigan, Ann Arbor",7.5175475,7.51754748746328,1.000000001667661
29,nsfnet,11,1.2,moving_average,random_failure_fixed,"NCSA, University of Illinois, Champaign -> Merit Univ of Michigan, Ann Arbor & Merit Univ of Michigan, Ann Arbor -> NCSA, University of Illinois, Champaign",5,"SURANET, Georgia Tech, Atlanta","Merit Univ of Michigan, Ann Arbor",7.4685532,7.468553201252979,0.9999999998322326
29,nsfnet,11,1.2,linear_autoregressive,critical_failure_fixed,"NCSA, University of Illinois, Champaign -> Merit Univ of Michigan, Ann Arbor & Merit Univ of Michigan, Ann Arbor -> NCSA, University of Illinois, Champaign",1,"Merit Univ of Michigan, Ann Arbor","NCSA, University of Illinois, Champaign",7.717595,7.717595022216973,0.999999997121257
29,nsfnet,11,1.2,linear_autoregressive,critical_failure_fixed,"NCSA, University of Illinois, Champaign -> Merit Univ of Michigan, Ann Arbor & Merit Univ of Michigan, Ann Arbor -> NCSA, University of Illinois, Champaign",2,Pittsburgh Supercomputer Center,"MIDnet, Lincoln, NE",7.7129662,7.712966216679028,0.9999999978375339
29,nsfnet,11,1.2,linear_autoregressive,critical_failure_fixed,"NCSA, University of Illinois, Champaign -> Merit Univ of Michigan, Ann Arbor & Merit Univ of Michigan, Ann Arbor -> NCSA, University of Illinois, Champaign",3,"MIDnet, Lincoln, NE","Cornell Theory Center, Ithaca NY",7.6878324,7.687832439398706,0.9999999948751866
29,nsfnet,11,1.2,linear_autoregressive,critical_failure_fixed,"NCSA, University of Illinois, Champaign -> Merit Univ of Michigan, Ann Arbor & Merit Univ of Michigan, Ann Arbor -> NCSA, University of Illinois, Champaign",4,San Diego Supercomputer Center,"Merit Univ of Michigan, Ann Arbor",7.3831287,7.3831287295093,0.9999999960031444
29,nsfnet,11,1.2,linear_autoregressive,critical_failure_fixed,"NCSA, University of Illinois, Champaign -> Merit Univ of Michigan, Ann Arbor & Merit Univ of Michigan, Ann Arbor -> NCSA, University of Illinois, Champaign",5,"SURANET, Georgia Tech, Atlanta","Merit Univ of Michigan, Ann Arbor",7.3539696,7.353969557296787,1.0000000058068248
29,nsfnet,11,1.2,linear_autoregressive,random_failure_fixed,"NCSA, University of Illinois, Champaign -> Merit Univ of Michigan, Ann Arbor & Merit Univ of Michigan, Ann Arbor -> NCSA, University of Illinois, Champaign",1,"Merit Univ of Michigan, Ann Arbor","NCSA, University of Illinois, Champaign",7.717595,7.717595022216973,0.999999997121257
29,nsfnet,11,1.2,linear_autoregressive,random_failure_fixed,"NCSA, University of Illinois, Champaign -> Merit Univ of Michigan, Ann Arbor & Merit Univ of Michigan, Ann Arbor -> NCSA, University of Illinois, Champaign",2,Pittsburgh Supercomputer Center,"MIDnet, Lincoln, NE",7.7129662,7.712966216679028,0.9999999978375339
29,nsfnet,11,1.2,linear_autoregressive,random_failure_fixed,"NCSA, University of Illinois, Champaign -> Merit Univ of Michigan, Ann Arbor & Merit Univ of Michigan, Ann Arbor -> NCSA, University of Illinois, Champaign",3,"MIDnet, Lincoln, NE","Cornell Theory Center, Ithaca NY",7.6878324,7.687832439398706,0.9999999948751866
29,nsfnet,11,1.2,linear_autoregressive,random_failure_fixed,"NCSA, University of Illinois, Champaign -> Merit Univ of Michigan, Ann Arbor & Merit Univ of Michigan, Ann Arbor -> NCSA, University of Illinois, Champaign",4,San Diego Supercomputer Center,"Merit Univ of Michigan, Ann Arbor",7.3831287,7.3831287295093,0.9999999960031444
29,nsfnet,11,1.2,linear_autoregressive,random_failure_fixed,"NCSA, University of Illinois, Champaign -> Merit Univ of Michigan, Ann Arbor & Merit Univ of Michigan, Ann Arbor -> NCSA, University of Illinois, Champaign",5,"SURANET, Georgia Tech, Atlanta","Merit Univ of Michigan, Ann Arbor",7.3539696,7.353969557296787,1.0000000058068248
29,nsfnet,11,1.2,lstm,critical_failure_fixed,"NCSA, University of Illinois, Champaign -> Merit Univ of Michigan, Ann Arbor & Merit Univ of Michigan, Ann Arbor -> NCSA, University of Illinois, Champaign",1,Pittsburgh Supercomputer Center,"MIDnet, Lincoln, NE",6.0398431,6.0398430824279785,1.0000000029093505
29,nsfnet,11,1.2,lstm,critical_failure_fixed,"NCSA, University of Illinois, Champaign -> Merit Univ of Michigan, Ann Arbor & Merit Univ of Michigan, Ann Arbor -> NCSA, University of Illinois, Champaign",2,"MIDnet, Lincoln, NE","Cornell Theory Center, Ithaca NY",6.0352044,6.0352044105529785,0.9999999982514297
29,nsfnet,11,1.2,lstm,critical_failure_fixed,"NCSA, University of Illinois, Champaign -> Merit Univ of Michigan, Ann Arbor & Merit Univ of Michigan, Ann Arbor -> NCSA, University of Illinois, Champaign",3,"Merit Univ of Michigan, Ann Arbor","NCSA, University of Illinois, Champaign",5.9332848,5.933284759521484,1.0000000068222776
29,nsfnet,11,1.2,lstm,critical_failure_fixed,"NCSA, University of Illinois, Champaign -> Merit Univ of Michigan, Ann Arbor & Merit Univ of Michigan, Ann Arbor -> NCSA, University of Illinois, Champaign",4,"SURANET, Georgia Tech, Atlanta","Merit Univ of Michigan, Ann Arbor",5.7587843,5.758784294128418,1.000000001019587
29,nsfnet,11,1.2,lstm,critical_failure_fixed,"NCSA, University of Illinois, Champaign -> Merit Univ of Michigan, Ann Arbor & Merit Univ of Michigan, Ann Arbor -> NCSA, University of Illinois, Champaign",5,San Diego Supercomputer Center,"Merit Univ of Michigan, Ann Arbor",5.3195621,5.627762317657471,0.9452357437536989
29,nsfnet,11,1.2,lstm,random_failure_fixed,"NCSA, University of Illinois, Champaign -> Merit Univ of Michigan, Ann Arbor & Merit Univ of Michigan, Ann Arbor -> NCSA, University of Illinois, Champaign",1,Pittsburgh Supercomputer Center,"MIDnet, Lincoln, NE",6.0398431,6.0398430824279785,1.0000000029093505
29,nsfnet,11,1.2,lstm,random_failure_fixed,"NCSA, University of Illinois, Champaign -> Merit Univ of Michigan, Ann Arbor & Merit Univ of Michigan, Ann Arbor -> NCSA, University of Illinois, Champaign",2,"MIDnet, Lincoln, NE","Cornell Theory Center, Ithaca NY",6.0352044,6.0352044105529785,0.9999999982514297
29,nsfnet,11,1.2,lstm,random_failure_fixed,"NCSA, University of Illinois, Champaign -> Merit Univ of Michigan, Ann Arbor & Merit Univ of Michigan, Ann Arbor -> NCSA, University of Illinois, Champaign",3,"Merit Univ of Michigan, Ann Arbor","NCSA, University of Illinois, Champaign",5.9332848,5.933284759521484,1.0000000068222776
29,nsfnet,11,1.2,lstm,random_failure_fixed,"NCSA, University of Illinois, Champaign -> Merit Univ of Michigan, Ann Arbor & Merit Univ of Michigan, Ann Arbor -> NCSA, University of Illinois, Champaign",4,"SURANET, Georgia Tech, Atlanta","Merit Univ of Michigan, Ann Arbor",5.7587843,5.758784294128418,1.000000001019587
29,nsfnet,11,1.2,lstm,random_failure_fixed,"NCSA, University of Illinois, Champaign -> Merit Univ of Michigan, Ann Arbor & Merit Univ of Michigan, Ann Arbor -> NCSA, University of Illinois, Champaign",5,San Diego Supercomputer Center,"Merit Univ of Michigan, Ann Arbor",5.3195621,5.627762317657471,0.9452357437536989
29,nsfnet,11,1.2,uncertainty_aware_lstm_robust_lp,critical_failure_fixed,"NCSA, University of Illinois, Champaign -> Merit Univ of Michigan, Ann Arbor & Merit Univ of Michigan, Ann Arbor -> NCSA, University of Illinois, Champaign",1,"Westnet, Salt Lake City","Cornell Theory Center, Ithaca NY",6.4338198,6.433819770812988,1.0000000045364983
29,nsfnet,11,1.2,uncertainty_aware_lstm_robust_lp,critical_failure_fixed,"NCSA, University of Illinois, Champaign -> Merit Univ of Michigan, Ann Arbor & Merit Univ of Michigan, Ann Arbor -> NCSA, University of Illinois, Champaign",2,"MIDnet, Lincoln, NE","Cornell Theory Center, Ithaca NY",6.3115487,6.311548709869385,0.9999999984362975
29,nsfnet,11,1.2,uncertainty_aware_lstm_robust_lp,critical_failure_fixed,"NCSA, University of Illinois, Champaign -> Merit Univ of Michigan, Ann Arbor & Merit Univ of Michigan, Ann Arbor -> NCSA, University of Illinois, Champaign",3,Pittsburgh Supercomputer Center,"MIDnet, Lincoln, NE",6.3083749,6.308374881744385,1.0000000028938696
29,nsfnet,11,1.2,uncertainty_aware_lstm_robust_lp,critical_failure_fixed,"NCSA, University of Illinois, Champaign -> Merit Univ of Michigan, Ann Arbor & Merit Univ of Michigan, Ann Arbor -> NCSA, University of Illinois, Champaign",4,"Merit Univ of Michigan, Ann Arbor","NCSA, University of Illinois, Champaign",6.178669,6.178668975830078,1.000000003911833
29,nsfnet,11,1.2,uncertainty_aware_lstm_robust_lp,critical_failure_fixed,"NCSA, University of Illinois, Champaign -> Merit Univ of Michigan, Ann Arbor & Merit Univ of Michigan, Ann Arbor -> NCSA, University of Illinois, Champaign",5,"Cornell Theory Center, Ithaca NY","NCAR, Boulder",5.5758581,5.575858116149902,0.9999999971036023
29,nsfnet,11,1.2,uncertainty_aware_lstm_robust_lp,random_failure_fixed,"NCSA, University of Illinois, Champaign -> Merit Univ of Michigan, Ann Arbor & Merit Univ of Michigan, Ann Arbor -> NCSA, University of Illinois, Champaign",1,"Westnet, Salt Lake City","Cornell Theory Center, Ithaca NY",6.4338198,6.433819770812988,1.0000000045364983
29,nsfnet,11,1.2,uncertainty_aware_lstm_robust_lp,random_failure_fixed,"NCSA, University of Illinois, Champaign -> Merit Univ of Michigan, Ann Arbor & Merit Univ of Michigan, Ann Arbor -> NCSA, University of Illinois, Champaign",2,"MIDnet, Lincoln, NE","Cornell Theory Center, Ithaca NY",6.3115487,6.311548709869385,0.9999999984362975
29,nsfnet,11,1.2,uncertainty_aware_lstm_robust_lp,random_failure_fixed,"NCSA, University of Illinois, Champaign -> Merit Univ of Michigan, Ann Arbor & Merit Univ of Michigan, Ann Arbor -> NCSA, University of Illinois, Champaign",3,Pittsburgh Supercomputer Center,"MIDnet, Lincoln, NE",6.3083749,6.308374881744385,1.0000000028938696
29,nsfnet,11,1.2,uncertainty_aware_lstm_robust_lp,random_failure_fixed,"NCSA, University of Illinois, Champaign -> Merit Univ of Michigan, Ann Arbor & Merit Univ of Michigan, Ann Arbor -> NCSA, University of Illinois, Champaign",4,"Merit Univ of Michigan, Ann Arbor","NCSA, University of Illinois, Champaign",6.178669,6.178668975830078,1.000000003911833
29,nsfnet,11,1.2,uncertainty_aware_lstm_robust_lp,random_failure_fixed,"NCSA, University of Illinois, Champaign -> Merit Univ of Michigan, Ann Arbor & Merit Univ of Michigan, Ann Arbor -> NCSA, University of Illinois, Champaign",5,"Cornell Theory Center, Ithaca NY","NCAR, Boulder",5.5758581,5.575858116149902,0.9999999971036023
29,nsfnet,11,1.2,transformer,critical_failure_fixed,"NCSA, University of Illinois, Champaign -> Merit Univ of Michigan, Ann Arbor & Merit Univ of Michigan, Ann Arbor -> NCSA, University of Illinois, Champaign",1,Pittsburgh Supercomputer Center,"MIDnet, Lincoln, NE",6.300446,6.300446033477783,0.9999999946864424
29,nsfnet,11,1.2,transformer,critical_failure_fixed,"NCSA, University of Illinois, Champaign -> Merit Univ of Michigan, Ann Arbor & Merit Univ of Michigan, Ann Arbor -> NCSA, University of Illinois, Champaign",2,"MIDnet, Lincoln, NE","Cornell Theory Center, Ithaca NY",6.2471857,6.247185707092285,0.9999999988647232
29,nsfnet,11,1.2,transformer,critical_failure_fixed,"NCSA, University of Illinois, Champaign -> Merit Univ of Michigan, Ann Arbor & Merit Univ of Michigan, Ann Arbor -> NCSA, University of Illinois, Champaign",3,"Merit Univ of Michigan, Ann Arbor","NCSA, University of Illinois, Champaign",6.0879006,6.087900638580322,0.9999999936627871
29,nsfnet,11,1.2,transformer,critical_failure_fixed,"NCSA, University of Illinois, Champaign -> Merit Univ of Michigan, Ann Arbor & Merit Univ of Michigan, Ann Arbor -> NCSA, University of Illinois, Champaign",4,"SURANET, Georgia Tech, Atlanta","Merit Univ of Michigan, Ann Arbor",6.023716,6.023715972900391,1.0000000044988193
29,nsfnet,11,1.2,transformer,critical_failure_fixed,"NCSA, University of Illinois, Champaign -> Merit Univ of Michigan, Ann Arbor & Merit Univ of Michigan, Ann Arbor -> NCSA, University of Illinois, Champaign",5,San Diego Supercomputer Center,"Merit Univ of Michigan, Ann Arbor",5.7953377,5.795337677001953,1.0000000039683705
29,nsfnet,11,1.2,transformer,random_failure_fixed,"NCSA, University of Illinois, Champaign -> Merit Univ of Michigan, Ann Arbor & Merit Univ of Michigan, Ann Arbor -> NCSA, University of Illinois, Champaign",1,Pittsburgh Supercomputer Center,"MIDnet, Lincoln, NE",6.300446,6.300446033477783,0.9999999946864424
29,nsfnet,11,1.2,transformer,random_failure_fixed,"NCSA, University of Illinois, Champaign -> Merit Univ of Michigan, Ann Arbor & Merit Univ of Michigan, Ann Arbor -> NCSA, University of Illinois, Champaign",2,"MIDnet, Lincoln, NE","Cornell Theory Center, Ithaca NY",6.2471857,6.247185707092285,0.9999999988647232
29,nsfnet,11,1.2,transformer,random_failure_fixed,"NCSA, University of Illinois, Champaign -> Merit Univ of Michigan, Ann Arbor & Merit Univ of Michigan, Ann Arbor -> NCSA, University of Illinois, Champaign",3,"Merit Univ of Michigan, Ann Arbor","NCSA, University of Illinois, Champaign",6.0879006,6.087900638580322,0.9999999936627871
29,nsfnet,11,1.2,transformer,random_failure_fixed,"NCSA, University of Illinois, Champaign -> Merit Univ of Michigan, Ann Arbor & Merit Univ of Michigan, Ann Arbor -> NCSA, University of Illinois, Champaign",4,"SURANET, Georgia Tech, Atlanta","Merit Univ of Michigan, Ann Arbor",6.023716,6.023715972900391,1.0000000044988193
29,nsfnet,11,1.2,transformer,random_failure_fixed,"NCSA, University of Illinois, Champaign -> Merit Univ of Michigan, Ann Arbor & Merit Univ of Michigan, Ann Arbor -> NCSA, University of Illinois, Champaign",5,San Diego Supercomputer Center,"Merit Univ of Michigan, Ann Arbor",5.7953377,5.795337677001953,1.0000000039683705
30,nsfnet,11,1.2,current_demand_lp,critical_failure_fixed,"NCSA, University of Illinois, Champaign -> Merit Univ of Michigan, Ann Arbor & Merit Univ of Michigan, Ann Arbor -> NCSA, University of Illinois, Champaign",1,Pittsburgh Supercomputer Center,"MIDnet, Lincoln, NE",7.0014142,7.001414233341565,0.9999999952378814
30,nsfnet,11,1.2,current_demand_lp,critical_failure_fixed,"NCSA, University of Illinois, Champaign -> Merit Univ of Michigan, Ann Arbor & Merit Univ of Michigan, Ann Arbor -> NCSA, University of Illinois, Champaign",2,"MIDnet, Lincoln, NE","Cornell Theory Center, Ithaca NY",6.7687932,6.768793222828206,0.9999999966274334
30,nsfnet,11,1.2,current_demand_lp,critical_failure_fixed,"NCSA, University of Illinois, Champaign -> Merit Univ of Michigan, Ann Arbor & Merit Univ of Michigan, Ann Arbor -> NCSA, University of Illinois, Champaign",3,"Merit Univ of Michigan, Ann Arbor","NCSA, University of Illinois, Champaign",6.7256781,6.725678092299152,1.000000001144992
30,nsfnet,11,1.2,current_demand_lp,critical_failure_fixed,"NCSA, University of Illinois, Champaign -> Merit Univ of Michigan, Ann Arbor & Merit Univ of Michigan, Ann Arbor -> NCSA, University of Illinois, Champaign",4,"SURANET, Georgia Tech, Atlanta","Merit Univ of Michigan, Ann Arbor",6.518892,6.518891990663715,1.000000001432189
30,nsfnet,11,1.2,current_demand_lp,critical_failure_fixed,"NCSA, University of Illinois, Champaign -> Merit Univ of Michigan, Ann Arbor & Merit Univ of Michigan, Ann Arbor -> NCSA, University of Illinois, Champaign",5,San Diego Supercomputer Center,"Merit Univ of Michigan, Ann Arbor",6.3023782,6.302378186308834,1.0000000021723807
30,nsfnet,11,1.2,current_demand_lp,random_failure_fixed,"SEQSUINET, Rice University, Houston -> NCSA, University of Illinois, Champaign & NCSA, University of Illinois, Champaign -> SEQSUINET, Rice University, Houston",1,"SURANET, Georgia Tech, Atlanta","Merit Univ of Michigan, Ann Arbor",6.518892,6.518891990663715,1.000000001432189
30,nsfnet,11,1.2,current_demand_lp,random_failure_fixed,"SEQSUINET, Rice University, Houston -> NCSA, University of Illinois, Champaign & NCSA, University of Illinois, Champaign -> SEQSUINET, Rice University, Houston",2,"SEQSUINET, Rice University, Houston","Westnet, Salt Lake City",6.3853559,6.3853559254515035,0.9999999960140823
30,nsfnet,11,1.2,current_demand_lp,random_failure_fixed,"SEQSUINET, Rice University, Houston -> NCSA, University of Illinois, Champaign & NCSA, University of Illinois, Champaign -> SEQSUINET, Rice University, Houston",3,"NCSA, University of Illinois, Champaign","SURANET, Georgia Tech, Atlanta",6.3409366,6.340936554958963,1.0000000071032151
30,nsfnet,11,1.2,current_demand_lp,random_failure_fixed,"SEQSUINET, Rice University, Houston -> NCSA, University of Illinois, Champaign & NCSA, University of Illinois, Champaign -> SEQSUINET, Rice University, Houston",4,San Diego Supercomputer Center,"Merit Univ of Michigan, Ann Arbor",6.3023782,6.302378186308834,1.0000000021723807
30,nsfnet,11,1.2,current_demand_lp,random_failure_fixed,"SEQSUINET, Rice University, Houston -> NCSA, University of Illinois, Champaign & NCSA, University of Illinois, Champaign -> SEQSUINET, Rice University, Houston",5,San Diego Supercomputer Center,"NCSA, University of Illinois, Champaign",6.1860626,6.186062588626059,1.00000000183864
30,nsfnet,11,1.2,robust_current_demand_lp,critical_failure_fixed,"NCSA, University of Illinois, Champaign -> Merit Univ of Michigan, Ann Arbor & Merit Univ of Michigan, Ann Arbor -> NCSA, University of Illinois, Champaign",1,Pittsburgh Supercomputer Center,"MIDnet, Lincoln, NE",7.0014142,7.001414233341565,0.9999999952378814
30,nsfnet,11,1.2,robust_current_demand_lp,critical_failure_fixed,"NCSA, University of Illinois, Champaign -> Merit Univ of Michigan, Ann Arbor & Merit Univ of Michigan, Ann Arbor -> NCSA, University of Illinois, Champaign",2,"MIDnet, Lincoln, NE","Cornell Theory Center, Ithaca NY",6.7687932,6.768793222828206,0.9999999966274334
30,nsfnet,11,1.2,robust_current_demand_lp,critical_failure_fixed,"NCSA, University of Illinois, Champaign -> Merit Univ of Michigan, Ann Arbor & Merit Univ of Michigan, Ann Arbor -> NCSA, University of Illinois, Champaign",3,"Merit Univ of Michigan, Ann Arbor","NCSA, University of Illinois, Champaign",6.7256781,6.725678092299152,1.000000001144992
30,nsfnet,11,1.2,robust_current_demand_lp,critical_failure_fixed,"NCSA, University of Illinois, Champaign -> Merit Univ of Michigan, Ann Arbor & Merit Univ of Michigan, Ann Arbor -> NCSA, University of Illinois, Champaign",4,"Westnet, Salt Lake City","Cornell Theory Center, Ithaca NY",6.4890904,6.489090435914805,0.9999999944653561
30,nsfnet,11,1.2,robust_current_demand_lp,critical_failure_fixed,"NCSA, University of Illinois, Champaign -> Merit Univ of Michigan, Ann Arbor & Merit Univ of Michigan, Ann Arbor -> NCSA, University of Illinois, Champaign",5,"Cornell Theory Center, Ithaca NY","NCAR, Boulder",5.6703441,6.032315291756003,0.9399946497739124
30,nsfnet,11,1.2,robust_current_demand_lp,random_failure_fixed,"SEQSUINET, Rice University, Houston -> NCSA, University of Illinois, Champaign & NCSA, University of Illinois, Champaign -> SEQSUINET, Rice University, Houston",1,"SEQSUINET, Rice University, Houston","Westnet, Salt Lake City",6.3853559,6.3853559254515035,0.9999999960140823
30,nsfnet,11,1.2,robust_current_demand_lp,random_failure_fixed,"SEQSUINET, Rice University, Houston -> NCSA, University of Illinois, Champaign & NCSA, University of Illinois, Champaign -> SEQSUINET, Rice University, Houston",2,"NCSA, University of Illinois, Champaign","SURANET, Georgia Tech, Atlanta",6.3409366,6.340936554958963,1.0000000071032151
30,nsfnet,11,1.2,robust_current_demand_lp,random_failure_fixed,"SEQSUINET, Rice University, Houston -> NCSA, University of Illinois, Champaign & NCSA, University of Illinois, Champaign -> SEQSUINET, Rice University, Houston",3,San Diego Supercomputer Center,"NCSA, University of Illinois, Champaign",6.1860626,6.186062588626059,1.00000000183864
30,nsfnet,11,1.2,robust_current_demand_lp,random_failure_fixed,"SEQSUINET, Rice University, Houston -> NCSA, University of Illinois, Champaign & NCSA, University of Illinois, Champaign -> SEQSUINET, Rice University, Houston",4,"SURANET, Georgia Tech, Atlanta","MIDnet, Lincoln, NE",5.9912997,5.99129971353869,0.9999999977402749
30,nsfnet,11,1.2,robust_current_demand_lp,random_failure_fixed,"SEQSUINET, Rice University, Houston -> NCSA, University of Illinois, Champaign & NCSA, University of Illinois, Champaign -> SEQSUINET, Rice University, Houston",5,"MIDnet, Lincoln, NE","SEQSUINET, Rice University, Houston",5.9868439,5.986843855755644,1.000000007390264
30,nsfnet,11,1.2,moving_average,critical_failure_fixed,"NCSA, University of Illinois, Champaign -> Merit Univ of Michigan, Ann Arbor & Merit Univ of Michigan, Ann Arbor -> NCSA, University of Illinois, Champaign",1,Pittsburgh Supercomputer Center,"MIDnet, Lincoln, NE",8.1659491,8.165949121545905,0.9999999973614941
30,nsfnet,11,1.2,moving_average,critical_failure_fixed,"NCSA, University of Illinois, Champaign -> Merit Univ of Michigan, Ann Arbor & Merit Univ of Michigan, Ann Arbor -> NCSA, University of Illinois, Champaign",2,"Merit Univ of Michigan, Ann Arbor","NCSA, University of Illinois, Champaign",8.0443936,8.044393599453185,1.0000000000679745
30,nsfnet,11,1.2,moving_average,critical_failure_fixed,"NCSA, University of Illinois, Champaign -> Merit Univ of Michigan, Ann Arbor & Merit Univ of Michigan, Ann Arbor -> NCSA, University of Illinois, Champaign",3,"MIDnet, Lincoln, NE","Cornell Theory Center, Ithaca NY",7.9318595,7.931859507452647,0.9999999990604161
30,nsfnet,11,1.2,moving_average,critical_failure_fixed,"NCSA, University of Illinois, Champaign -> Merit Univ of Michigan, Ann Arbor & Merit Univ of Michigan, Ann Arbor -> NCSA, University of Illinois, Champaign",4,"SURANET, Georgia Tech, Atlanta","Merit Univ of Michigan, Ann Arbor",7.6223565,7.622356522053728,0.9999999971067047
30,nsfnet,11,1.2,moving_average,critical_failure_fixed,"NCSA, University of Illinois, Champaign -> Merit Univ of Michigan, Ann Arbor & Merit Univ of Michigan, Ann Arbor -> NCSA, University of Illinois, Champaign",5,San Diego Supercomputer Center,"Merit Univ of Michigan, Ann Arbor",7.5766435,7.576643525552932,0.9999999966274075
30,nsfnet,11,1.2,moving_average,random_failure_fixed,"SEQSUINET, Rice University, Houston -> NCSA, University of Illinois, Champaign & NCSA, University of Illinois, Champaign -> SEQSUINET, Rice University, Houston",1,"SEQSUINET, Rice University, Houston","Westnet, Salt Lake City",7.9379461,7.937946122685188,0.9999999971421841
30,nsfnet,11,1.2,moving_average,random_failure_fixed,"SEQSUINET, Rice University, Houston -> NCSA, University of Illinois, Champaign & NCSA, University of Illinois, Champaign -> SEQSUINET, Rice University, Houston",2,"MIDnet, Lincoln, NE","SEQSUINET, Rice University, Houston",7.6778917,7.6778916698518325,1.0000000039266206
30,nsfnet,11,1.2,moving_average,random_failure_fixed,"SEQSUINET, Rice University, Houston -> NCSA, University of Illinois, Champaign & NCSA, University of Illinois, Champaign -> SEQSUINET, Rice University, Houston",3,"SURANET, Georgia Tech, Atlanta","Merit Univ of Michigan, Ann Arbor",7.6223565,7.622356522053728,0.9999999971067047
30,nsfnet,11,1.2,moving_average,random_failure_fixed,"SEQSUINET, Rice University, Houston -> NCSA, University of Illinois, Champaign & NCSA, University of Illinois, Champaign -> SEQSUINET, Rice University, Houston",4,San Diego Supercomputer Center,"Merit Univ of Michigan, Ann Arbor",7.5766435,7.576643525552932,0.9999999966274075
30,nsfnet,11,1.2,moving_average,random_failure_fixed,"SEQSUINET, Rice University, Houston -> NCSA, University of Illinois, Champaign & NCSA, University of Illinois, Champaign -> SEQSUINET, Rice University, Houston",5,"NCSA, University of Illinois, Champaign","SURANET, Georgia Tech, Atlanta",7.4681891,7.4681890631190955,1.0000000049384
30,nsfnet,11,1.2,linear_autoregressive,critical_failure_fixed,"NCSA, University of Illinois, Champaign -> Merit Univ of Michigan, Ann Arbor & Merit Univ of Michigan, Ann Arbor -> NCSA, University of Illinois, Champaign",1,Pittsburgh Supercomputer Center,"MIDnet, Lincoln, NE",6.3974941,6.397494092951199,1.0000000011018066
30,nsfnet,11,1.2,linear_autoregressive,critical_failure_fixed,"NCSA, University of Illinois, Champaign -> Merit Univ of Michigan, Ann Arbor & Merit Univ of Michigan, Ann Arbor -> NCSA, University of Illinois, Champaign",2,"Merit Univ of Michigan, Ann Arbor","NCSA, University of Illinois, Champaign",6.390915,6.390914956568907,1.000000006795755
30,nsfnet,11,1.2,linear_autoregressive,critical_failure_fixed,"NCSA, University of Illinois, Champaign -> Merit Univ of Michigan, Ann Arbor & Merit Univ of Michigan, Ann Arbor -> NCSA, University of Illinois, Champaign",3,"MIDnet, Lincoln, NE","Cornell Theory Center, Ithaca NY",6.260748,6.260748032459175,0.9999999948154478
30,nsfnet,11,1.2,linear_autoregressive,critical_failure_fixed,"NCSA, University of Illinois, Champaign -> Merit Univ of Michigan, Ann Arbor & Merit Univ of Michigan, Ann Arbor -> NCSA, University of Illinois, Champaign",4,San Diego Supercomputer Center,"Merit Univ of Michigan, Ann Arbor",6.106569,6.106569013536466,0.9999999977832945
30,nsfnet,11,1.2,linear_autoregressive,critical_failure_fixed,"NCSA, University of Illinois, Champaign -> Merit Univ of Michigan, Ann Arbor & Merit Univ of Michigan, Ann Arbor -> NCSA, University of Illinois, Champaign",5,"SURANET, Georgia Tech, Atlanta","Merit Univ of Michigan, Ann Arbor",5.9698703,5.969870279128111,1.0000000034962049
30,nsfnet,11,1.2,linear_autoregressive,random_failure_fixed,"SEQSUINET, Rice University, Houston -> NCSA, University of Illinois, Champaign & NCSA, University of Illinois, Champaign -> SEQSUINET, Rice University, Houston",1,"SEQSUINET, Rice University, Houston","Westnet, Salt Lake City",6.2678572,6.267857193450488,1.0000000010449364
30,nsfnet,11,1.2,linear_autoregressive,random_failure_fixed,"SEQSUINET, Rice University, Houston -> NCSA, University of Illinois, Champaign & NCSA, University of Illinois, Champaign -> SEQSUINET, Rice University, Houston",2,San Diego Supercomputer Center,"Merit Univ of Michigan, Ann Arbor",6.106569,6.106569013536466,0.9999999977832945
30,nsfnet,11,1.2,linear_autoregressive,random_failure_fixed,"SEQSUINET, Rice University, Houston -> NCSA, University of Illinois, Champaign & NCSA, University of Illinois, Champaign -> SEQSUINET, Rice University, Houston",3,"MIDnet, Lincoln, NE","SEQSUINET, Rice University, Houston",6.1044604,6.10446043167536,0.9999999948111122
30,nsfnet,11,1.2,linear_autoregressive,random_failure_fixed,"SEQSUINET, Rice University, Houston -> NCSA, University of Illinois, Champaign & NCSA, University of Illinois, Champaign -> SEQSUINET, Rice University, Houston",4,"SURANET, Georgia Tech, Atlanta","Merit Univ of Michigan, Ann Arbor",5.9698703,5.969870279128111,1.0000000034962049
30,nsfnet,11,1.2,linear_autoregressive,random_failure_fixed,"SEQSUINET, Rice University, Houston -> NCSA, University of Illinois, Champaign & NCSA, University of Illinois, Champaign -> SEQSUINET, Rice University, Houston",5,San Diego Supercomputer Center,"NCSA, University of Illinois, Champaign",5.6767753,5.676775263096956,1.0000000065007055
30,nsfnet,11,1.2,lstm,critical_failure_fixed,"NCSA, University of Illinois, Champaign -> Merit Univ of Michigan, Ann Arbor & Merit Univ of Michigan, Ann Arbor -> NCSA, University of Illinois, Champaign",1,Pittsburgh Supercomputer Center,"MIDnet, Lincoln, NE",6.0398431,6.0398430824279785,1.0000000029093505
30,nsfnet,11,1.2,lstm,critical_failure_fixed,"NCSA, University of Illinois, Champaign -> Merit Univ of Michigan, Ann Arbor & Merit Univ of Michigan, Ann Arbor -> NCSA, University of Illinois, Champaign",2,"MIDnet, Lincoln, NE","Cornell Theory Center, Ithaca NY",6.0352044,6.0352044105529785,0.9999999982514297
30,nsfnet,11,1.2,lstm,critical_failure_fixed,"NCSA, University of Illinois, Champaign -> Merit Univ of Michigan, Ann Arbor & Merit Univ of Michigan, Ann Arbor -> NCSA, University of Illinois, Champaign",3,"Merit Univ of Michigan, Ann Arbor","NCSA, University of Illinois, Champaign",5.9332848,5.933284759521484,1.0000000068222776
30,nsfnet,11,1.2,lstm,critical_failure_fixed,"NCSA, University of Illinois, Champaign -> Merit Univ of Michigan, Ann Arbor & Merit Univ of Michigan, Ann Arbor -> NCSA, University of Illinois, Champaign",4,"SURANET, Georgia Tech, Atlanta","Merit Univ of Michigan, Ann Arbor",5.7587843,5.758784294128418,1.000000001019587
30,nsfnet,11,1.2,lstm,critical_failure_fixed,"NCSA, University of Illinois, Champaign -> Merit Univ of Michigan, Ann Arbor & Merit Univ of Michigan, Ann Arbor -> NCSA, University of Illinois, Champaign",5,San Diego Supercomputer Center,"Merit Univ of Michigan, Ann Arbor",5.3195621,5.627762317657471,0.9452357437536989
30,nsfnet,11,1.2,lstm,random_failure_fixed,"SEQSUINET, Rice University, Houston -> NCSA, University of Illinois, Champaign & NCSA, University of Illinois, Champaign -> SEQSUINET, Rice University, Houston",1,"MIDnet, Lincoln, NE","SEQSUINET, Rice University, Houston",5.7918038,5.79180383682251,0.9999999936423072
30,nsfnet,11,1.2,lstm,random_failure_fixed,"SEQSUINET, Rice University, Houston -> NCSA, University of Illinois, Champaign & NCSA, University of Illinois, Champaign -> SEQSUINET, Rice University, Houston",2,"SURANET, Georgia Tech, Atlanta","Merit Univ of Michigan, Ann Arbor",5.7587843,5.758784294128418,1.000000001019587
30,nsfnet,11,1.2,lstm,random_failure_fixed,"SEQSUINET, Rice University, Houston -> NCSA, University of Illinois, Champaign & NCSA, University of Illinois, Champaign -> SEQSUINET, Rice University, Houston",3,"SEQSUINET, Rice University, Houston","Westnet, Salt Lake City",5.7352839,5.735283851623535,1.000000008434886
30,nsfnet,11,1.2,lstm,random_failure_fixed,"SEQSUINET, Rice University, Houston -> NCSA, University of Illinois, Champaign & NCSA, University of Illinois, Champaign -> SEQSUINET, Rice University, Houston",4,"NCSA, University of Illinois, Champaign","SEQSUINET, Rice University, Houston",5.4555306,5.455530643463135,0.9999999920331977
30,nsfnet,11,1.2,lstm,random_failure_fixed,"SEQSUINET, Rice University, Houston -> NCSA, University of Illinois, Champaign & NCSA, University of Illinois, Champaign -> SEQSUINET, Rice University, Houston",5,San Diego Supercomputer Center,"NCSA, University of Illinois, Champaign",5.3695598,5.3695597648620605,1.0000000065439145
30,nsfnet,11,1.2,uncertainty_aware_lstm_robust_lp,critical_failure_fixed,"NCSA, University of Illinois, Champaign -> Merit Univ of Michigan, Ann Arbor & Merit Univ of Michigan, Ann Arbor -> NCSA, University of Illinois, Champaign",1,"Westnet, Salt Lake City","Cornell Theory Center, Ithaca NY",6.4338198,6.433819770812988,1.0000000045364983
30,nsfnet,11,1.2,uncertainty_aware_lstm_robust_lp,critical_failure_fixed,"NCSA, University of Illinois, Champaign -> Merit Univ of Michigan, Ann Arbor & Merit Univ of Michigan, Ann Arbor -> NCSA, University of Illinois, Champaign",2,"MIDnet, Lincoln, NE","Cornell Theory Center, Ithaca NY",6.3115487,6.311548709869385,0.9999999984362975
30,nsfnet,11,1.2,uncertainty_aware_lstm_robust_lp,critical_failure_fixed,"NCSA, University of Illinois, Champaign -> Merit Univ of Michigan, Ann Arbor & Merit Univ of Michigan, Ann Arbor -> NCSA, University of Illinois, Champaign",3,Pittsburgh Supercomputer Center,"MIDnet, Lincoln, NE",6.3083749,6.308374881744385,1.0000000028938696
30,nsfnet,11,1.2,uncertainty_aware_lstm_robust_lp,critical_failure_fixed,"NCSA, University of Illinois, Champaign -> Merit Univ of Michigan, Ann Arbor & Merit Univ of Michigan, Ann Arbor -> NCSA, University of Illinois, Champaign",4,"Merit Univ of Michigan, Ann Arbor","NCSA, University of Illinois, Champaign",6.178669,6.178668975830078,1.000000003911833
30,nsfnet,11,1.2,uncertainty_aware_lstm_robust_lp,critical_failure_fixed,"NCSA, University of Illinois, Champaign -> Merit Univ of Michigan, Ann Arbor & Merit Univ of Michigan, Ann Arbor -> NCSA, University of Illinois, Champaign",5,"Cornell Theory Center, Ithaca NY","NCAR, Boulder",5.5758581,5.575858116149902,0.9999999971036023
30,nsfnet,11,1.2,uncertainty_aware_lstm_robust_lp,random_failure_fixed,"SEQSUINET, Rice University, Houston -> NCSA, University of Illinois, Champaign & NCSA, University of Illinois, Champaign -> SEQSUINET, Rice University, Houston",1,"MIDnet, Lincoln, NE","SEQSUINET, Rice University, Houston",6.0705571,6.070557117462158,0.999999997123467
30,nsfnet,11,1.2,uncertainty_aware_lstm_robust_lp,random_failure_fixed,"SEQSUINET, Rice University, Houston -> NCSA, University of Illinois, Champaign & NCSA, University of Illinois, Champaign -> SEQSUINET, Rice University, Houston",2,"SEQSUINET, Rice University, Houston","Westnet, Salt Lake City",5.975729,5.975728988647461,1.0000000018997748
30,nsfnet,11,1.2,uncertainty_aware_lstm_robust_lp,random_failure_fixed,"SEQSUINET, Rice University, Houston -> NCSA, University of Illinois, Champaign & NCSA, University of Illinois, Champaign -> SEQSUINET, Rice University, Houston",3,"NCSA, University of Illinois, Champaign","SEQSUINET, Rice University, Houston",5.7067494,5.706749439239502,0.9999999931240188
30,nsfnet,11,1.2,uncertainty_aware_lstm_robust_lp,random_failure_fixed,"SEQSUINET, Rice University, Houston -> NCSA, University of Illinois, Champaign & NCSA, University of Illinois, Champaign -> SEQSUINET, Rice University, Houston",4,San Diego Supercomputer Center,"NCSA, University of Illinois, Champaign",5.5692768,5.569276809692383,0.9999999982596693
30,nsfnet,11,1.2,uncertainty_aware_lstm_robust_lp,random_failure_fixed,"SEQSUINET, Rice University, Houston -> NCSA, University of Illinois, Champaign & NCSA, University of Illinois, Champaign -> SEQSUINET, Rice University, Houston",5,"NCSA, University of Illinois, Champaign","SURANET, Georgia Tech, Atlanta",5.5369925,5.53699254989624,0.9999999909885665
30,nsfnet,11,1.2,transformer,critical_failure_fixed,"NCSA, University of Illinois, Champaign -> Merit Univ of Michigan, Ann Arbor & Merit Univ of Michigan, Ann Arbor -> NCSA, University of Illinois, Champaign",1,Pittsburgh Supercomputer Center,"MIDnet, Lincoln, NE",5.6343951,5.634395122528076,0.9999999960016868
30,nsfnet,11,1.2,transformer,critical_failure_fixed,"NCSA, University of Illinois, Champaign -> Merit Univ of Michigan, Ann Arbor & Merit Univ of Michigan, Ann Arbor -> NCSA, University of Illinois, Champaign",2,"MIDnet, Lincoln, NE","Cornell Theory Center, Ithaca NY",5.5713391,5.571339130401611,0.999999994543213
30,nsfnet,11,1.2,transformer,critical_failure_fixed,"NCSA, University of Illinois, Champaign -> Merit Univ of Michigan, Ann Arbor & Merit Univ of Michigan, Ann Arbor -> NCSA, University of Illinois, Champaign",3,"Merit Univ of Michigan, Ann Arbor","NCSA, University of Illinois, Champaign",5.4408531,5.440853118896484,0.9999999965269262
30,nsfnet,11,1.2,transformer,critical_failure_fixed,"NCSA, University of Illinois, Champaign -> Merit Univ of Michigan, Ann Arbor & Merit Univ of Michigan, Ann Arbor -> NCSA, University of Illinois, Champaign",4,"SURANET, Georgia Tech, Atlanta","Merit Univ of Michigan, Ann Arbor",5.3782511,5.378251075744629,1.0000000045098993
30,nsfnet,11,1.2,transformer,critical_failure_fixed,"NCSA, University of Illinois, Champaign -> Merit Univ of Michigan, Ann Arbor & Merit Univ of Michigan, Ann Arbor -> NCSA, University of Illinois, Champaign",5,San Diego Supercomputer Center,"Merit Univ of Michigan, Ann Arbor",5.1496348,5.149634838104248,0.9999999926005922
30,nsfnet,11,1.2,transformer,random_failure_fixed,"SEQSUINET, Rice University, Houston -> NCSA, University of Illinois, Champaign & NCSA, University of Illinois, Champaign -> SEQSUINET, Rice University, Houston",1,"SEQSUINET, Rice University, Houston","Westnet, Salt Lake City",5.4389896,5.438989639282227,0.9999999927776612
30,nsfnet,11,1.2,transformer,random_failure_fixed,"SEQSUINET, Rice University, Houston -> NCSA, University of Illinois, Champaign & NCSA, University of Illinois, Champaign -> SEQSUINET, Rice University, Houston",2,"SURANET, Georgia Tech, Atlanta","Merit Univ of Michigan, Ann Arbor",5.3782511,5.378251075744629,1.0000000045098993
30,nsfnet,11,1.2,transformer,random_failure_fixed,"SEQSUINET, Rice University, Houston -> NCSA, University of Illinois, Champaign & NCSA, University of Illinois, Champaign -> SEQSUINET, Rice University, Houston",3,"MIDnet, Lincoln, NE","SEQSUINET, Rice University, Houston",5.2781935,5.278193473815918,1.0000000049608038
30,nsfnet,11,1.2,transformer,random_failure_fixed,"SEQSUINET, Rice University, Houston -> NCSA, University of Illinois, Champaign & NCSA, University of Illinois, Champaign -> SEQSUINET, Rice University, Houston",4,San Diego Supercomputer Center,"Merit Univ of Michigan, Ann Arbor",5.1496348,5.149634838104248,0.9999999926005922
30,nsfnet,11,1.2,transformer,random_failure_fixed,"SEQSUINET, Rice University, Houston -> NCSA, University of Illinois, Champaign & NCSA, University of Illinois, Champaign -> SEQSUINET, Rice University, Houston",5,San Diego Supercomputer Center,"NCSA, University of Illinois, Champaign",5.0515351,5.051535129547119,0.9999999941508633
31,nsfnet,11,1.2,current_demand_lp,critical_failure_fixed,"NCSA, University of Illinois, Champaign -> Merit Univ of Michigan, Ann Arbor & Merit Univ of Michigan, Ann Arbor -> NCSA, University of Illinois, Champaign",1,"Merit Univ of Michigan, Ann Arbor","NCSA, University of Illinois, Champaign",5.6783136,5.678313569772864,1.0000000053232594
31,nsfnet,11,1.2,current_demand_lp,critical_failure_fixed,"NCSA, University of Illinois, Champaign -> Merit Univ of Michigan, Ann Arbor & Merit Univ of Michigan, Ann Arbor -> NCSA, University of Illinois, Champaign",2,"SURANET, Georgia Tech, Atlanta","Merit Univ of Michigan, Ann Arbor",5.5177863,5.517786293777442,1.0000000011277272
31,nsfnet,11,1.2,current_demand_lp,critical_failure_fixed,"NCSA, University of Illinois, Champaign -> Merit Univ of Michigan, Ann Arbor & Merit Univ of Michigan, Ann Arbor -> NCSA, University of Illinois, Champaign",3,San Diego Supercomputer Center,"Merit Univ of Michigan, Ann Arbor",5.4381133,5.438113308463059,0.999999998443751
31,nsfnet,11,1.2,current_demand_lp,critical_failure_fixed,"NCSA, University of Illinois, Champaign -> Merit Univ of Michigan, Ann Arbor & Merit Univ of Michigan, Ann Arbor -> NCSA, University of Illinois, Champaign",4,Pittsburgh Supercomputer Center,"MIDnet, Lincoln, NE",5.3839784,5.383978445008047,0.9999999916403738
31,nsfnet,11,1.2,current_demand_lp,critical_failure_fixed,"NCSA, University of Illinois, Champaign -> Merit Univ of Michigan, Ann Arbor & Merit Univ of Michigan, Ann Arbor -> NCSA, University of Illinois, Champaign",5,"MIDnet, Lincoln, NE","Cornell Theory Center, Ithaca NY",5.1731201,5.173120102606367,0.9999999994961712
31,nsfnet,11,1.2,current_demand_lp,random_failure_fixed,"NorthWestNet, Seattle -> BARRnet, Palo Alto & BARRnet, Palo Alto -> NorthWestNet, Seattle",1,"SEQSUINET, Rice University, Houston","NorthWestNet, Seattle",5.6340225,5.634022495215385,1.000000000849236
31,nsfnet,11,1.2,current_demand_lp,random_failure_fixed,"NorthWestNet, Seattle -> BARRnet, Palo Alto & BARRnet, Palo Alto -> NorthWestNet, Seattle",2,"BARRnet, Palo Alto","Westnet, Salt Lake City",5.4071994,5.407199362290226,1.0000000069739936
31,nsfnet,11,1.2,current_demand_lp,random_failure_fixed,"NorthWestNet, Seattle -> BARRnet, Palo Alto & BARRnet, Palo Alto -> NorthWestNet, Seattle",3,"Cornell Theory Center, Ithaca NY","NCAR, Boulder",5.1342557,5.343244976149291,0.9608871992427525
31,nsfnet,11,1.2,current_demand_lp,random_failure_fixed,"NorthWestNet, Seattle -> BARRnet, Palo Alto & BARRnet, Palo Alto -> NorthWestNet, Seattle",4,Pittsburgh Supercomputer Center,"NorthWestNet, Seattle",5.1251285,5.125128525647715,0.9999999949956933
31,nsfnet,11,1.2,current_demand_lp,random_failure_fixed,"NorthWestNet, Seattle -> BARRnet, Palo Alto & BARRnet, Palo Alto -> NorthWestNet, Seattle",5,"NorthWestNet, Seattle",Pittsburgh Supercomputer Center,5.1161657,5.116165742049659,0.999999991781021
31,nsfnet,11,1.2,robust_current_demand_lp,critical_failure_fixed,"NCSA, University of Illinois, Champaign -> Merit Univ of Michigan, Ann Arbor & Merit Univ of Michigan, Ann Arbor -> NCSA, University of Illinois, Champaign",1,"Westnet, Salt Lake City","Cornell Theory Center, Ithaca NY",5.7240911,5.7240910746448,1.0000000044295592
31,nsfnet,11,1.2,robust_current_demand_lp,critical_failure_fixed,"NCSA, University of Illinois, Champaign -> Merit Univ of Michigan, Ann Arbor & Merit Univ of Michigan, Ann Arbor -> NCSA, University of Illinois, Champaign",2,"Merit Univ of Michigan, Ann Arbor","NCSA, University of Illinois, Champaign",5.6783136,5.678313569772864,1.0000000053232594
31,nsfnet,11,1.2,robust_current_demand_lp,critical_failure_fixed,"NCSA, University of Illinois, Champaign -> Merit Univ of Michigan, Ann Arbor & Merit Univ of Michigan, Ann Arbor -> NCSA, University of Illinois, Champaign",3,Pittsburgh Supercomputer Center,"MIDnet, Lincoln, NE",5.3839784,5.383978445008047,0.9999999916403738
31,nsfnet,11,1.2,robust_current_demand_lp,critical_failure_fixed,"NCSA, University of Illinois, Champaign -> Merit Univ of Michigan, Ann Arbor & Merit Univ of Michigan, Ann Arbor -> NCSA, University of Illinois, Champaign",4,"MIDnet, Lincoln, NE","Cornell Theory Center, Ithaca NY",5.1731201,5.173120102606367,0.9999999994961712
31,nsfnet,11,1.2,robust_current_demand_lp,critical_failure_fixed,"NCSA, University of Illinois, Champaign -> Merit Univ of Michigan, Ann Arbor & Merit Univ of Michigan, Ann Arbor -> NCSA, University of Illinois, Champaign",5,"Merit Univ of Michigan, Ann Arbor","Westnet, Salt Lake City",5.1658645,5.165864511888728,0.9999999976985985
31,nsfnet,11,1.2,robust_current_demand_lp,random_failure_fixed,"NorthWestNet, Seattle -> BARRnet, Palo Alto & BARRnet, Palo Alto -> NorthWestNet, Seattle",1,"SEQSUINET, Rice University, Houston","NorthWestNet, Seattle",5.6340225,5.634022495215385,1.000000000849236
31,nsfnet,11,1.2,robust_current_demand_lp,random_failure_fixed,"NorthWestNet, Seattle -> BARRnet, Palo Alto & BARRnet, Palo Alto -> NorthWestNet, Seattle",2,"BARRnet, Palo Alto","Westnet, Salt Lake City",5.4071994,5.407199362290226,1.0000000069739936
31,nsfnet,11,1.2,robust_current_demand_lp,random_failure_fixed,"NorthWestNet, Seattle -> BARRnet, Palo Alto & BARRnet, Palo Alto -> NorthWestNet, Seattle",3,Pittsburgh Supercomputer Center,"NorthWestNet, Seattle",5.1251285,5.125128525647715,0.9999999949956933
31,nsfnet,11,1.2,robust_current_demand_lp,random_failure_fixed,"NorthWestNet, Seattle -> BARRnet, Palo Alto & BARRnet, Palo Alto -> NorthWestNet, Seattle",4,"NorthWestNet, Seattle",Pittsburgh Supercomputer Center,5.1161657,5.116165742049659,0.999999991781021
31,nsfnet,11,1.2,robust_current_demand_lp,random_failure_fixed,"NorthWestNet, Seattle -> BARRnet, Palo Alto & BARRnet, Palo Alto -> NorthWestNet, Seattle",5,"NorthWestNet, Seattle","Merit Univ of Michigan, Ann Arbor",4.912345,4.912345017899756,0.9999999963561689
31,nsfnet,11,1.2,moving_average,critical_failure_fixed,"NCSA, University of Illinois, Champaign -> Merit Univ of Michigan, Ann Arbor & Merit Univ of Michigan, Ann Arbor -> NCSA, University of Illinois, Champaign",1,Pittsburgh Supercomputer Center,"MIDnet, Lincoln, NE",8.0282958,8.02829580113617,0.9999999998584793
31,nsfnet,11,1.2,moving_average,critical_failure_fixed,"NCSA, University of Illinois, Champaign -> Merit Univ of Michigan, Ann Arbor & Merit Univ of Michigan, Ann Arbor -> NCSA, University of Illinois, Champaign",2,"Merit Univ of Michigan, Ann Arbor","NCSA, University of Illinois, Champaign",7.9260212,7.926021205915165,0.9999999992537031
31,nsfnet,11,1.2,moving_average,critical_failure_fixed,"NCSA, University of Illinois, Champaign -> Merit Univ of Michigan, Ann Arbor & Merit Univ of Michigan, Ann Arbor -> NCSA, University of Illinois, Champaign",3,"MIDnet, Lincoln, NE","Cornell Theory Center, Ithaca NY",7.7795898,7.779589768455371,1.0000000040547934
31,nsfnet,11,1.2,moving_average,critical_failure_fixed,"NCSA, University of Illinois, Champaign -> Merit Univ of Michigan, Ann Arbor & Merit Univ of Michigan, Ann Arbor -> NCSA, University of Illinois, Champaign",4,"SURANET, Georgia Tech, Atlanta","Merit Univ of Michigan, Ann Arbor",7.5841348,7.584134759423754,1.0000000053501483
31,nsfnet,11,1.2,moving_average,critical_failure_fixed,"NCSA, University of Illinois, Champaign -> Merit Univ of Michigan, Ann Arbor & Merit Univ of Michigan, Ann Arbor -> NCSA, University of Illinois, Champaign",5,San Diego Supercomputer Center,"Merit Univ of Michigan, Ann Arbor",7.4459371,7.44593713510639,0.9999999952851617
31,nsfnet,11,1.2,moving_average,random_failure_fixed,"NorthWestNet, Seattle -> BARRnet, Palo Alto & BARRnet, Palo Alto -> NorthWestNet, Seattle",1,"SEQSUINET, Rice University, Houston","NorthWestNet, Seattle",7.6722665,7.6722665186951495,0.9999999975632821
31,nsfnet,11,1.2,moving_average,random_failure_fixed,"NorthWestNet, Seattle -> BARRnet, Palo Alto & BARRnet, Palo Alto -> NorthWestNet, Seattle",2,Pittsburgh Supercomputer Center,"NorthWestNet, Seattle",7.5442769,7.54427688160087,1.0000000024388196
31,nsfnet,11,1.2,moving_average,random_failure_fixed,"NorthWestNet, Seattle -> BARRnet, Palo Alto & BARRnet, Palo Alto -> NorthWestNet, Seattle",3,"NorthWestNet, Seattle",Pittsburgh Supercomputer Center,7.4877336,7.487733566600918,1.0000000044605062
31,nsfnet,11,1.2,moving_average,random_failure_fixed,"NorthWestNet, Seattle -> BARRnet, Palo Alto & BARRnet, Palo Alto -> NorthWestNet, Seattle",4,"NorthWestNet, Seattle","Merit Univ of Michigan, Ann Arbor",7.2419874,7.241987425634257,0.9999999964603286
31,nsfnet,11,1.2,moving_average,random_failure_fixed,"NorthWestNet, Seattle -> BARRnet, Palo Alto & BARRnet, Palo Alto -> NorthWestNet, Seattle",5,"Jon Von Neumann Center, Princeton, NJ","NorthWestNet, Seattle",7.1319483,7.1319482531252065,1.000000006572509
31,nsfnet,11,1.2,linear_autoregressive,critical_failure_fixed,"NCSA, University of Illinois, Champaign -> Merit Univ of Michigan, Ann Arbor & Merit Univ of Michigan, Ann Arbor -> NCSA, University of Illinois, Champaign",1,"Merit Univ of Michigan, Ann Arbor","NCSA, University of Illinois, Champaign",6.0663172,6.066317215668676,0.9999999974171024
31,nsfnet,11,1.2,linear_autoregressive,critical_failure_fixed,"NCSA, University of Illinois, Champaign -> Merit Univ of Michigan, Ann Arbor & Merit Univ of Michigan, Ann Arbor -> NCSA, University of Illinois, Champaign",2,Pittsburgh Supercomputer Center,"MIDnet, Lincoln, NE",5.9791504,5.979150387515976,1.000000002087926
31,nsfnet,11,1.2,linear_autoregressive,critical_failure_fixed,"NCSA, University of Illinois, Champaign -> Merit Univ of Michigan, Ann Arbor & Merit Univ of Michigan, Ann Arbor -> NCSA, University of Illinois, Champaign",3,"MIDnet, Lincoln, NE","Cornell Theory Center, Ithaca NY",5.9779194,5.977919428417094,0.9999999952463238
31,nsfnet,11,1.2,linear_autoregressive,critical_failure_fixed,"NCSA, University of Illinois, Champaign -> Merit Univ of Michigan, Ann Arbor & Merit Univ of Michigan, Ann Arbor -> NCSA, University of Illinois, Champaign",4,"SURANET, Georgia Tech, Atlanta","Merit Univ of Michigan, Ann Arbor",5.6515838,5.651583809097996,0.9999999983901865
31,nsfnet,11,1.2,linear_autoregressive,critical_failure_fixed,"NCSA, University of Illinois, Champaign -> Merit Univ of Michigan, Ann Arbor & Merit Univ of Michigan, Ann Arbor -> NCSA, University of Illinois, Champaign",5,San Diego Supercomputer Center,"Merit Univ of Michigan, Ann Arbor",5.5146631,5.8867445295743295,0.9367933451664099
31,nsfnet,11,1.2,linear_autoregressive,random_failure_fixed,"NorthWestNet, Seattle -> BARRnet, Palo Alto & BARRnet, Palo Alto -> NorthWestNet, Seattle",1,"NorthWestNet, Seattle",Pittsburgh Supercomputer Center,5.9606612,5.9606612310461795,0.9999999947914873
31,nsfnet,11,1.2,linear_autoregressive,random_failure_fixed,"NorthWestNet, Seattle -> BARRnet, Palo Alto & BARRnet, Palo Alto -> NorthWestNet, Seattle",2,"SEQSUINET, Rice University, Houston","NorthWestNet, Seattle",5.910458,5.910457991736593,1.0000000013980992
31,nsfnet,11,1.2,linear_autoregressive,random_failure_fixed,"NorthWestNet, Seattle -> BARRnet, Palo Alto & BARRnet, Palo Alto -> NorthWestNet, Seattle",3,"Merit Univ of Michigan, Ann Arbor","NorthWestNet, Seattle",5.7078957,5.707895667513789,1.0000000056914515
31,nsfnet,11,1.2,linear_autoregressive,random_failure_fixed,"NorthWestNet, Seattle -> BARRnet, Palo Alto & BARRnet, Palo Alto -> NorthWestNet, Seattle",4,"Jon Von Neumann Center, Princeton, NJ","NorthWestNet, Seattle",5.6689284,5.668928434699634,0.9999999938789784
31,nsfnet,11,1.2,linear_autoregressive,random_failure_fixed,"NorthWestNet, Seattle -> BARRnet, Palo Alto & BARRnet, Palo Alto -> NorthWestNet, Seattle",5,"NorthWestNet, Seattle","Merit Univ of Michigan, Ann Arbor",5.573709,5.573708955014163,1.0000000080710776
31,nsfnet,11,1.2,lstm,critical_failure_fixed,"NCSA, University of Illinois, Champaign -> Merit Univ of Michigan, Ann Arbor & Merit Univ of Michigan, Ann Arbor -> NCSA, University of Illinois, Champaign",1,Pittsburgh Supercomputer Center,"MIDnet, Lincoln, NE",6.0398431,6.0398430824279785,1.0000000029093505
31,nsfnet,11,1.2,lstm,critical_failure_fixed,"NCSA, University of Illinois, Champaign -> Merit Univ of Michigan, Ann Arbor & Merit Univ of Michigan, Ann Arbor -> NCSA, University of Illinois, Champaign",2,"MIDnet, Lincoln, NE","Cornell Theory Center, Ithaca NY",6.0352044,6.0352044105529785,0.9999999982514297
31,nsfnet,11,1.2,lstm,critical_failure_fixed,"NCSA, University of Illinois, Champaign -> Merit Univ of Michigan, Ann Arbor & Merit Univ of Michigan, Ann Arbor -> NCSA, University of Illinois, Champaign",3,"Merit Univ of Michigan, Ann Arbor","NCSA, University of Illinois, Champaign",5.9332848,5.933284759521484,1.0000000068222776
31,nsfnet,11,1.2,lstm,critical_failure_fixed,"NCSA, University of Illinois, Champaign -> Merit Univ of Michigan, Ann Arbor & Merit Univ of Michigan, Ann Arbor -> NCSA, University of Illinois, Champaign",4,"SURANET, Georgia Tech, Atlanta","Merit Univ of Michigan, Ann Arbor",5.7587843,5.758784294128418,1.000000001019587
31,nsfnet,11,1.2,lstm,critical_failure_fixed,"NCSA, University of Illinois, Champaign -> Merit Univ of Michigan, Ann Arbor & Merit Univ of Michigan, Ann Arbor -> NCSA, University of Illinois, Champaign",5,San Diego Supercomputer Center,"Merit Univ of Michigan, Ann Arbor",5.3195621,5.627762317657471,0.9452357437536989
31,nsfnet,11,1.2,lstm,random_failure_fixed,"NorthWestNet, Seattle -> BARRnet, Palo Alto & BARRnet, Palo Alto -> NorthWestNet, Seattle",1,"SEQSUINET, Rice University, Houston","NorthWestNet, Seattle",5.8139048,5.813904762268066,1.000000006489947
31,nsfnet,11,1.2,lstm,random_failure_fixed,"NorthWestNet, Seattle -> BARRnet, Palo Alto & BARRnet, Palo Alto -> NorthWestNet, Seattle",2,Pittsburgh Supercomputer Center,"NorthWestNet, Seattle",5.7278647,5.727864742279053,0.9999999926187061
31,nsfnet,11,1.2,lstm,random_failure_fixed,"NorthWestNet, Seattle -> BARRnet, Palo Alto & BARRnet, Palo Alto -> NorthWestNet, Seattle",3,"NorthWestNet, Seattle",Pittsburgh Supercomputer Center,5.6206408,5.620640754699707,1.0000000080596314
31,nsfnet,11,1.2,lstm,random_failure_fixed,"NorthWestNet, Seattle -> BARRnet, Palo Alto & BARRnet, Palo Alto -> NorthWestNet, Seattle",4,"NorthWestNet, Seattle","Merit Univ of Michigan, Ann Arbor",5.4725556,5.472555637359619,0.9999999931732774
31,nsfnet,11,1.2,lstm,random_failure_fixed,"NorthWestNet, Seattle -> BARRnet, Palo Alto & BARRnet, Palo Alto -> NorthWestNet, Seattle",5,"Merit Univ of Michigan, Ann Arbor","NorthWestNet, Seattle",5.3841743,5.384174346923828,0.999999991284861
31,nsfnet,11,1.2,uncertainty_aware_lstm_robust_lp,critical_failure_fixed,"NCSA, University of Illinois, Champaign -> Merit Univ of Michigan, Ann Arbor & Merit Univ of Michigan, Ann Arbor -> NCSA, University of Illinois, Champaign",1,"Westnet, Salt Lake City","Cornell Theory Center, Ithaca NY",6.4338198,6.433819770812988,1.0000000045364983
31,nsfnet,11,1.2,uncertainty_aware_lstm_robust_lp,critical_failure_fixed,"NCSA, University of Illinois, Champaign -> Merit Univ of Michigan, Ann Arbor & Merit Univ of Michigan, Ann Arbor -> NCSA, University of Illinois, Champaign",2,"MIDnet, Lincoln, NE","Cornell Theory Center, Ithaca NY",6.3115487,6.311548709869385,0.9999999984362975
31,nsfnet,11,1.2,uncertainty_aware_lstm_robust_lp,critical_failure_fixed,"NCSA, University of Illinois, Champaign -> Merit Univ of Michigan, Ann Arbor & Merit Univ of Michigan, Ann Arbor -> NCSA, University of Illinois, Champaign",3,Pittsburgh Supercomputer Center,"MIDnet, Lincoln, NE",6.3083749,6.308374881744385,1.0000000028938696
31,nsfnet,11,1.2,uncertainty_aware_lstm_robust_lp,critical_failure_fixed,"NCSA, University of Illinois, Champaign -> Merit Univ of Michigan, Ann Arbor & Merit Univ of Michigan, Ann Arbor -> NCSA, University of Illinois, Champaign",4,"Merit Univ of Michigan, Ann Arbor","NCSA, University of Illinois, Champaign",6.178669,6.178668975830078,1.000000003911833
31,nsfnet,11,1.2,uncertainty_aware_lstm_robust_lp,critical_failure_fixed,"NCSA, University of Illinois, Champaign -> Merit Univ of Michigan, Ann Arbor & Merit Univ of Michigan, Ann Arbor -> NCSA, University of Illinois, Champaign",5,"Cornell Theory Center, Ithaca NY","NCAR, Boulder",5.5758581,5.575858116149902,0.9999999971036023
31,nsfnet,11,1.2,uncertainty_aware_lstm_robust_lp,random_failure_fixed,"NorthWestNet, Seattle -> BARRnet, Palo Alto & BARRnet, Palo Alto -> NorthWestNet, Seattle",1,"SEQSUINET, Rice University, Houston","NorthWestNet, Seattle",6.0724087,6.072408676147461,1.0000000039280195
31,nsfnet,11,1.2,uncertainty_aware_lstm_robust_lp,random_failure_fixed,"NorthWestNet, Seattle -> BARRnet, Palo Alto & BARRnet, Palo Alto -> NorthWestNet, Seattle",2,Pittsburgh Supercomputer Center,"NorthWestNet, Seattle",5.9667172,5.96671724319458,0.9999999927607462
31,nsfnet,11,1.2,uncertainty_aware_lstm_robust_lp,random_failure_fixed,"NorthWestNet, Seattle -> BARRnet, Palo Alto & BARRnet, Palo Alto -> NorthWestNet, Seattle",3,"NorthWestNet, Seattle",Pittsburgh Supercomputer Center,5.8686852,5.868685245513916,0.9999999922446146
31,nsfnet,11,1.2,uncertainty_aware_lstm_robust_lp,random_failure_fixed,"NorthWestNet, Seattle -> BARRnet, Palo Alto & BARRnet, Palo Alto -> NorthWestNet, Seattle",4,"NorthWestNet, Seattle","Merit Univ of Michigan, Ann Arbor",5.7234297,5.7234296798706055,1.000000003517016
31,nsfnet,11,1.2,uncertainty_aware_lstm_robust_lp,random_failure_fixed,"NorthWestNet, Seattle -> BARRnet, Palo Alto & BARRnet, Palo Alto -> NorthWestNet, Seattle",5,"Merit Univ of Michigan, Ann Arbor","NorthWestNet, Seattle",5.6207528,5.620752811431885,0.9999999979661293
31,nsfnet,11,1.2,transformer,critical_failure_fixed,"NCSA, University of Illinois, Champaign -> Merit Univ of Michigan, Ann Arbor & Merit Univ of Michigan, Ann Arbor -> NCSA, University of Illinois, Champaign",1,Pittsburgh Supercomputer Center,"MIDnet, Lincoln, NE",5.0673308,5.067330837249756,0.999999992649038
31,nsfnet,11,1.2,transformer,critical_failure_fixed,"NCSA, University of Illinois, Champaign -> Merit Univ of Michigan, Ann Arbor & Merit Univ of Michigan, Ann Arbor -> NCSA, University of Illinois, Champaign",2,"MIDnet, Lincoln, NE","Cornell Theory Center, Ithaca NY",5.0584631,5.058463096618652,1.0000000006684535
31,nsfnet,11,1.2,transformer,critical_failure_fixed,"NCSA, University of Illinois, Champaign -> Merit Univ of Michigan, Ann Arbor & Merit Univ of Michigan, Ann Arbor -> NCSA, University of Illinois, Champaign",3,"Merit Univ of Michigan, Ann Arbor","NCSA, University of Illinois, Champaign",4.9080305,4.9080305099487305,0.9999999979729689
31,nsfnet,11,1.2,transformer,critical_failure_fixed,"NCSA, University of Illinois, Champaign -> Merit Univ of Michigan, Ann Arbor & Merit Univ of Michigan, Ann Arbor -> NCSA, University of Illinois, Champaign",4,"SURANET, Georgia Tech, Atlanta","Merit Univ of Michigan, Ann Arbor",4.837502,4.8375020027160645,0.9999999994385398
31,nsfnet,11,1.2,transformer,critical_failure_fixed,"NCSA, University of Illinois, Champaign -> Merit Univ of Michigan, Ann Arbor & Merit Univ of Michigan, Ann Arbor -> NCSA, University of Illinois, Champaign",5,San Diego Supercomputer Center,"Merit Univ of Michigan, Ann Arbor",4.6174932,4.617493152618408,1.0000000102613238
31,nsfnet,11,1.2,transformer,random_failure_fixed,"NorthWestNet, Seattle -> BARRnet, Palo Alto & BARRnet, Palo Alto -> NorthWestNet, Seattle",1,Pittsburgh Supercomputer Center,"NorthWestNet, Seattle",4.8925424,4.892542362213135,1.0000000077233597
31,nsfnet,11,1.2,transformer,random_failure_fixed,"NorthWestNet, Seattle -> BARRnet, Palo Alto & BARRnet, Palo Alto -> NorthWestNet, Seattle",2,"SEQSUINET, Rice University, Houston","NorthWestNet, Seattle",4.8477044,4.8477044105529785,0.9999999978230977
31,nsfnet,11,1.2,transformer,random_failure_fixed,"NorthWestNet, Seattle -> BARRnet, Palo Alto & BARRnet, Palo Alto -> NorthWestNet, Seattle",3,"NorthWestNet, Seattle",Pittsburgh Supercomputer Center,4.7969055,4.796905517578125,0.9999999963355283
31,nsfnet,11,1.2,transformer,random_failure_fixed,"NorthWestNet, Seattle -> BARRnet, Palo Alto & BARRnet, Palo Alto -> NorthWestNet, Seattle",4,"NorthWestNet, Seattle","Merit Univ of Michigan, Ann Arbor",4.7163048,4.716304779052734,1.000000004441457
31,nsfnet,11,1.2,transformer,random_failure_fixed,"NorthWestNet, Seattle -> BARRnet, Palo Alto & BARRnet, Palo Alto -> NorthWestNet, Seattle",5,San Diego Supercomputer Center,"NorthWestNet, Seattle",4.6251049,4.625104904174805,0.99999999909736
32,nsfnet,11,1.2,current_demand_lp,critical_failure_fixed,"NCSA, University of Illinois, Champaign -> Merit Univ of Michigan, Ann Arbor & Merit Univ of Michigan, Ann Arbor -> NCSA, University of Illinois, Champaign",1,Pittsburgh Supercomputer Center,"MIDnet, Lincoln, NE",4.7040284,4.70402836458666,1.0000000075283009
32,nsfnet,11,1.2,current_demand_lp,critical_failure_fixed,"NCSA, University of Illinois, Champaign -> Merit Univ of Michigan, Ann Arbor & Merit Univ of Michigan, Ann Arbor -> NCSA, University of Illinois, Champaign",2,"Merit Univ of Michigan, Ann Arbor","NCSA, University of Illinois, Champaign",4.6692971,4.669297062325227,1.0000000080686176
32,nsfnet,11,1.2,current_demand_lp,critical_failure_fixed,"NCSA, University of Illinois, Champaign -> Merit Univ of Michigan, Ann Arbor & Merit Univ of Michigan, Ann Arbor -> NCSA, University of Illinois, Champaign",3,"Westnet, Salt Lake City","Cornell Theory Center, Ithaca NY",4.5852703,4.854339964153693,0.9445713184200929
32,nsfnet,11,1.2,current_demand_lp,critical_failure_fixed,"NCSA, University of Illinois, Champaign -> Merit Univ of Michigan, Ann Arbor & Merit Univ of Michigan, Ann Arbor -> NCSA, University of Illinois, Champaign",4,"MIDnet, Lincoln, NE","Cornell Theory Center, Ithaca NY",4.4234276,4.423427567114036,1.0000000074344981
32,nsfnet,11,1.2,current_demand_lp,critical_failure_fixed,"NCSA, University of Illinois, Champaign -> Merit Univ of Michigan, Ann Arbor & Merit Univ of Michigan, Ann Arbor -> NCSA, University of Illinois, Champaign",5,"NCSA, University of Illinois, Champaign","Jon Von Neumann Center, Princeton, NJ",4.3600515,4.360051470673806,1.000000006726112
32,nsfnet,11,1.2,current_demand_lp,random_failure_fixed,"MIDnet, Lincoln, NE -> NCSA, University of Illinois, Champaign & NCSA, University of Illinois, Champaign -> MIDnet, Lincoln, NE",1,Pittsburgh Supercomputer Center,"MIDnet, Lincoln, NE",4.7040284,4.70402836458666,1.0000000075283009
32,nsfnet,11,1.2,current_demand_lp,random_failure_fixed,"MIDnet, Lincoln, NE -> NCSA, University of Illinois, Champaign & NCSA, University of Illinois, Champaign -> MIDnet, Lincoln, NE",2,"MIDnet, Lincoln, NE","SEQSUINET, Rice University, Houston",4.6671626,4.667162576443109,1.000000005047369
32,nsfnet,11,1.2,current_demand_lp,random_failure_fixed,"MIDnet, Lincoln, NE -> NCSA, University of Illinois, Champaign & NCSA, University of Illinois, Champaign -> MIDnet, Lincoln, NE",3,"MIDnet, Lincoln, NE","Cornell Theory Center, Ithaca NY",4.4234276,4.423427567114036,1.0000000074344981
32,nsfnet,11,1.2,current_demand_lp,random_failure_fixed,"MIDnet, Lincoln, NE -> NCSA, University of Illinois, Champaign & NCSA, University of Illinois, Champaign -> MIDnet, Lincoln, NE",4,"MIDnet, Lincoln, NE","NorthWestNet, Seattle",4.4047474,4.404747377983456,1.000000004998367
32,nsfnet,11,1.2,current_demand_lp,random_failure_fixed,"MIDnet, Lincoln, NE -> NCSA, University of Illinois, Champaign & NCSA, University of Illinois, Champaign -> MIDnet, Lincoln, NE",5,"SURANET, Georgia Tech, Atlanta","MIDnet, Lincoln, NE",4.3789544,4.378954426509173,0.9999999939462322
32,nsfnet,11,1.2,robust_current_demand_lp,critical_failure_fixed,"NCSA, University of Illinois, Champaign -> Merit Univ of Michigan, Ann Arbor & Merit Univ of Michigan, Ann Arbor -> NCSA, University of Illinois, Champaign",1,"Westnet, Salt Lake City","Cornell Theory Center, Ithaca NY",4.85434,4.854339964153693,1.000000007384383
32,nsfnet,11,1.2,robust_current_demand_lp,critical_failure_fixed,"NCSA, University of Illinois, Champaign -> Merit Univ of Michigan, Ann Arbor & Merit Univ of Michigan, Ann Arbor -> NCSA, University of Illinois, Champaign",2,Pittsburgh Supercomputer Center,"MIDnet, Lincoln, NE",4.7040284,4.70402836458666,1.0000000075283009
32,nsfnet,11,1.2,robust_current_demand_lp,critical_failure_fixed,"NCSA, University of Illinois, Champaign -> Merit Univ of Michigan, Ann Arbor & Merit Univ of Michigan, Ann Arbor -> NCSA, University of Illinois, Champaign",3,"Merit Univ of Michigan, Ann Arbor","NCSA, University of Illinois, Champaign",4.6692971,4.669297062325227,1.0000000080686176
32,nsfnet,11,1.2,robust_current_demand_lp,critical_failure_fixed,"NCSA, University of Illinois, Champaign -> Merit Univ of Michigan, Ann Arbor & Merit Univ of Michigan, Ann Arbor -> NCSA, University of Illinois, Champaign",4,"MIDnet, Lincoln, NE","Cornell Theory Center, Ithaca NY",4.4234276,4.423427567114036,1.0000000074344981
32,nsfnet,11,1.2,robust_current_demand_lp,critical_failure_fixed,"NCSA, University of Illinois, Champaign -> Merit Univ of Michigan, Ann Arbor & Merit Univ of Michigan, Ann Arbor -> NCSA, University of Illinois, Champaign",5,"Cornell Theory Center, Ithaca NY","NCAR, Boulder",4.3894935,4.389493473878352,1.0000000059509482
32,nsfnet,11,1.2,robust_current_demand_lp,random_failure_fixed,"MIDnet, Lincoln, NE -> NCSA, University of Illinois, Champaign & NCSA, University of Illinois, Champaign -> MIDnet, Lincoln, NE",1,Pittsburgh Supercomputer Center,"MIDnet, Lincoln, NE",4.7040284,4.70402836458666,1.0000000075283009
32,nsfnet,11,1.2,robust_current_demand_lp,random_failure_fixed,"MIDnet, Lincoln, NE -> NCSA, University of Illinois, Champaign & NCSA, University of Illinois, Champaign -> MIDnet, Lincoln, NE",2,"MIDnet, Lincoln, NE","SEQSUINET, Rice University, Houston",4.6671626,4.667162576443109,1.000000005047369
32,nsfnet,11,1.2,robust_current_demand_lp,random_failure_fixed,"MIDnet, Lincoln, NE -> NCSA, University of Illinois, Champaign & NCSA, University of Illinois, Champaign -> MIDnet, Lincoln, NE",3,"MIDnet, Lincoln, NE","Cornell Theory Center, Ithaca NY",4.4234276,4.423427567114036,1.0000000074344981
32,nsfnet,11,1.2,robust_current_demand_lp,random_failure_fixed,"MIDnet, Lincoln, NE -> NCSA, University of Illinois, Champaign & NCSA, University of Illinois, Champaign -> MIDnet, Lincoln, NE",4,"MIDnet, Lincoln, NE","NorthWestNet, Seattle",4.4047474,4.404747377983456,1.000000004998367
32,nsfnet,11,1.2,robust_current_demand_lp,random_failure_fixed,"MIDnet, Lincoln, NE -> NCSA, University of Illinois, Champaign & NCSA, University of Illinois, Champaign -> MIDnet, Lincoln, NE",5,"SURANET, Georgia Tech, Atlanta","MIDnet, Lincoln, NE",4.3789544,4.378954426509173,0.9999999939462322
32,nsfnet,11,1.2,moving_average,critical_failure_fixed,"NCSA, University of Illinois, Champaign -> Merit Univ of Michigan, Ann Arbor & Merit Univ of Michigan, Ann Arbor -> NCSA, University of Illinois, Champaign",1,Pittsburgh Supercomputer Center,"MIDnet, Lincoln, NE",7.6694505,7.669450511440063,0.9999999985083595
32,nsfnet,11,1.2,moving_average,critical_failure_fixed,"NCSA, University of Illinois, Champaign -> Merit Univ of Michigan, Ann Arbor & Merit Univ of Michigan, Ann Arbor -> NCSA, University of Illinois, Champaign",2,"Merit Univ of Michigan, Ann Arbor","NCSA, University of Illinois, Champaign",7.5443195,7.544319490422885,1.0000000012694472
32,nsfnet,11,1.2,moving_average,critical_failure_fixed,"NCSA, University of Illinois, Champaign -> Merit Univ of Michigan, Ann Arbor & Merit Univ of Michigan, Ann Arbor -> NCSA, University of Illinois, Champaign",3,"MIDnet, Lincoln, NE","Cornell Theory Center, Ithaca NY",7.3540006,7.354000556990252,1.000000005848483
32,nsfnet,11,1.2,moving_average,critical_failure_fixed,"NCSA, University of Illinois, Champaign -> Merit Univ of Michigan, Ann Arbor & Merit Univ of Michigan, Ann Arbor -> NCSA, University of Illinois, Champaign",4,"SURANET, Georgia Tech, Atlanta","Merit Univ of Michigan, Ann Arbor",7.2532233,7.253223332655362,0.9999999954978138
32,nsfnet,11,1.2,moving_average,critical_failure_fixed,"NCSA, University of Illinois, Champaign -> Merit Univ of Michigan, Ann Arbor & Merit Univ of Michigan, Ann Arbor -> NCSA, University of Illinois, Champaign",5,San Diego Supercomputer Center,"Merit Univ of Michigan, Ann Arbor",6.9901869,7.096216202730895,0.9850583325392354
32,nsfnet,11,1.2,moving_average,random_failure_fixed,"MIDnet, Lincoln, NE -> NCSA, University of Illinois, Champaign & NCSA, University of Illinois, Champaign -> MIDnet, Lincoln, NE",1,Pittsburgh Supercomputer Center,"MIDnet, Lincoln, NE",7.6694505,7.669450511440063,0.9999999985083595
32,nsfnet,11,1.2,moving_average,random_failure_fixed,"MIDnet, Lincoln, NE -> NCSA, University of Illinois, Champaign & NCSA, University of Illinois, Champaign -> MIDnet, Lincoln, NE",2,"MIDnet, Lincoln, NE","Cornell Theory Center, Ithaca NY",7.3540006,7.354000556990252,1.000000005848483
32,nsfnet,11,1.2,moving_average,random_failure_fixed,"MIDnet, Lincoln, NE -> NCSA, University of Illinois, Champaign & NCSA, University of Illinois, Champaign -> MIDnet, Lincoln, NE",3,"MIDnet, Lincoln, NE","SEQSUINET, Rice University, Houston",7.2189303,7.2189302622246085,1.000000005232824
32,nsfnet,11,1.2,moving_average,random_failure_fixed,"MIDnet, Lincoln, NE -> NCSA, University of Illinois, Champaign & NCSA, University of Illinois, Champaign -> MIDnet, Lincoln, NE",4,"MIDnet, Lincoln, NE","NorthWestNet, Seattle",7.1005378,7.100537773776712,1.0000000036931411
32,nsfnet,11,1.2,moving_average,random_failure_fixed,"MIDnet, Lincoln, NE -> NCSA, University of Illinois, Champaign & NCSA, University of Illinois, Champaign -> MIDnet, Lincoln, NE",5,"MIDnet, Lincoln, NE","Westnet, Salt Lake City",6.7221672,6.722167213690524,0.9999999979633766
32,nsfnet,11,1.2,linear_autoregressive,critical_failure_fixed,"NCSA, University of Illinois, Champaign -> Merit Univ of Michigan, Ann Arbor & Merit Univ of Michigan, Ann Arbor -> NCSA, University of Illinois, Champaign",1,"Merit Univ of Michigan, Ann Arbor","NCSA, University of Illinois, Champaign",4.8277783,4.82777834401738,0.999999990882477
32,nsfnet,11,1.2,linear_autoregressive,critical_failure_fixed,"NCSA, University of Illinois, Champaign -> Merit Univ of Michigan, Ann Arbor & Merit Univ of Michigan, Ann Arbor -> NCSA, University of Illinois, Champaign",2,Pittsburgh Supercomputer Center,"MIDnet, Lincoln, NE",4.7863496,4.78634964806297,0.9999999899583246
32,nsfnet,11,1.2,linear_autoregressive,critical_failure_fixed,"NCSA, University of Illinois, Champaign -> Merit Univ of Michigan, Ann Arbor & Merit Univ of Michigan, Ann Arbor -> NCSA, University of Illinois, Champaign",3,"MIDnet, Lincoln, NE","Cornell Theory Center, Ithaca NY",4.7166615,4.716661530596626,0.9999999935130757
32,nsfnet,11,1.2,linear_autoregressive,critical_failure_fixed,"NCSA, University of Illinois, Champaign -> Merit Univ of Michigan, Ann Arbor & Merit Univ of Michigan, Ann Arbor -> NCSA, University of Illinois, Champaign",4,"SURANET, Georgia Tech, Atlanta","Merit Univ of Michigan, Ann Arbor",4.6124921,4.6124920820415225,1.0000000038934436
32,nsfnet,11,1.2,linear_autoregressive,critical_failure_fixed,"NCSA, University of Illinois, Champaign -> Merit Univ of Michigan, Ann Arbor & Merit Univ of Michigan, Ann Arbor -> NCSA, University of Illinois, Champaign",5,"Westnet, Salt Lake City","Cornell Theory Center, Ithaca NY",4.544022,4.78653170507655,0.9493349840722153
32,nsfnet,11,1.2,linear_autoregressive,random_failure_fixed,"MIDnet, Lincoln, NE -> NCSA, University of Illinois, Champaign & NCSA, University of Illinois, Champaign -> MIDnet, Lincoln, NE",1,"MIDnet, Lincoln, NE","SEQSUINET, Rice University, Houston",4.843419,4.843419007835376,0.9999999983822635
32,nsfnet,11,1.2,linear_autoregressive,random_failure_fixed,"MIDnet, Lincoln, NE -> NCSA, University of Illinois, Champaign & NCSA, University of Illinois, Champaign -> MIDnet, Lincoln, NE",2,Pittsburgh Supercomputer Center,"MIDnet, Lincoln, NE",4.7863496,4.78634964806297,0.9999999899583246
32,nsfnet,11,1.2,linear_autoregressive,random_failure_fixed,"MIDnet, Lincoln, NE -> NCSA, University of Illinois, Champaign & NCSA, University of Illinois, Champaign -> MIDnet, Lincoln, NE",3,"MIDnet, Lincoln, NE","Cornell Theory Center, Ithaca NY",4.7166615,4.716661530596626,0.9999999935130757
32,nsfnet,11,1.2,linear_autoregressive,random_failure_fixed,"MIDnet, Lincoln, NE -> NCSA, University of Illinois, Champaign & NCSA, University of Illinois, Champaign -> MIDnet, Lincoln, NE",4,"MIDnet, Lincoln, NE","NorthWestNet, Seattle",4.5896788,4.589678817696089,0.9999999961443731
32,nsfnet,11,1.2,linear_autoregressive,random_failure_fixed,"MIDnet, Lincoln, NE -> NCSA, University of Illinois, Champaign & NCSA, University of Illinois, Champaign -> MIDnet, Lincoln, NE",5,"MIDnet, Lincoln, NE","Westnet, Salt Lake City",4.3276789,4.327678872422192,1.0000000063724248
32,nsfnet,11,1.2,lstm,critical_failure_fixed,"NCSA, University of Illinois, Champaign -> Merit Univ of Michigan, Ann Arbor & Merit Univ of Michigan, Ann Arbor -> NCSA, University of Illinois, Champaign",1,Pittsburgh Supercomputer Center,"MIDnet, Lincoln, NE",6.0398431,6.0398430824279785,1.0000000029093505
32,nsfnet,11,1.2,lstm,critical_failure_fixed,"NCSA, University of Illinois, Champaign -> Merit Univ of Michigan, Ann Arbor & Merit Univ of Michigan, Ann Arbor -> NCSA, University of Illinois, Champaign",2,"MIDnet, Lincoln, NE","Cornell Theory Center, Ithaca NY",6.0352044,6.0352044105529785,0.9999999982514297
32,nsfnet,11,1.2,lstm,critical_failure_fixed,"NCSA, University of Illinois, Champaign -> Merit Univ of Michigan, Ann Arbor & Merit Univ of Michigan, Ann Arbor -> NCSA, University of Illinois, Champaign",3,"Merit Univ of Michigan, Ann Arbor","NCSA, University of Illinois, Champaign",5.9332848,5.933284759521484,1.0000000068222776
32,nsfnet,11,1.2,lstm,critical_failure_fixed,"NCSA, University of Illinois, Champaign -> Merit Univ of Michigan, Ann Arbor & Merit Univ of Michigan, Ann Arbor -> NCSA, University of Illinois, Champaign",4,"SURANET, Georgia Tech, Atlanta","Merit Univ of Michigan, Ann Arbor",5.7587843,5.758784294128418,1.000000001019587
32,nsfnet,11,1.2,lstm,critical_failure_fixed,"NCSA, University of Illinois, Champaign -> Merit Univ of Michigan, Ann Arbor & Merit Univ of Michigan, Ann Arbor -> NCSA, University of Illinois, Champaign",5,San Diego Supercomputer Center,"Merit Univ of Michigan, Ann Arbor",5.3195621,5.627762317657471,0.9452357437536989
32,nsfnet,11,1.2,lstm,random_failure_fixed,"MIDnet, Lincoln, NE -> NCSA, University of Illinois, Champaign & NCSA, University of Illinois, Champaign -> MIDnet, Lincoln, NE",1,Pittsburgh Supercomputer Center,"MIDnet, Lincoln, NE",6.0398431,6.0398430824279785,1.0000000029093505
32,nsfnet,11,1.2,lstm,random_failure_fixed,"MIDnet, Lincoln, NE -> NCSA, University of Illinois, Champaign & NCSA, University of Illinois, Champaign -> MIDnet, Lincoln, NE",2,"MIDnet, Lincoln, NE","Cornell Theory Center, Ithaca NY",6.0352044,6.0352044105529785,0.9999999982514297
32,nsfnet,11,1.2,lstm,random_failure_fixed,"MIDnet, Lincoln, NE -> NCSA, University of Illinois, Champaign & NCSA, University of Illinois, Champaign -> MIDnet, Lincoln, NE",3,"MIDnet, Lincoln, NE","SEQSUINET, Rice University, Houston",5.7918038,5.79180383682251,0.9999999936423072
32,nsfnet,11,1.2,lstm,random_failure_fixed,"MIDnet, Lincoln, NE -> NCSA, University of Illinois, Champaign & NCSA, University of Illinois, Champaign -> MIDnet, Lincoln, NE",4,"MIDnet, Lincoln, NE","NorthWestNet, Seattle",5.7542357,5.754235744476318,0.9999999922706819
32,nsfnet,11,1.2,lstm,random_failure_fixed,"MIDnet, Lincoln, NE -> NCSA, University of Illinois, Champaign & NCSA, University of Illinois, Champaign -> MIDnet, Lincoln, NE",5,"MIDnet, Lincoln, NE","Westnet, Salt Lake City",5.3936272,5.393627166748047,1.000000006165045
32,nsfnet,11,1.2,uncertainty_aware_lstm_robust_lp,critical_failure_fixed,"NCSA, University of Illinois, Champaign -> Merit Univ of Michigan, Ann Arbor & Merit Univ of Michigan, Ann Arbor -> NCSA, University of Illinois, Champaign",1,"Westnet, Salt Lake City","Cornell Theory Center, Ithaca NY",6.4338198,6.433819770812988,1.0000000045364983
32,nsfnet,11,1.2,uncertainty_aware_lstm_robust_lp,critical_failure_fixed,"NCSA, University of Illinois, Champaign -> Merit Univ of Michigan, Ann Arbor & Merit Univ of Michigan, Ann Arbor -> NCSA, University of Illinois, Champaign",2,"MIDnet, Lincoln, NE","Cornell Theory Center, Ithaca NY",6.3115487,6.311548709869385,0.9999999984362975
32,nsfnet,11,1.2,uncertainty_aware_lstm_robust_lp,critical_failure_fixed,"NCSA, University of Illinois, Champaign -> Merit Univ of Michigan, Ann Arbor & Merit Univ of Michigan, Ann Arbor -> NCSA, University of Illinois, Champaign",3,Pittsburgh Supercomputer Center,"MIDnet, Lincoln, NE",6.3083749,6.308374881744385,1.0000000028938696
32,nsfnet,11,1.2,uncertainty_aware_lstm_robust_lp,critical_failure_fixed,"NCSA, University of Illinois, Champaign -> Merit Univ of Michigan, Ann Arbor & Merit Univ of Michigan, Ann Arbor -> NCSA, University of Illinois, Champaign",4,"Merit Univ of Michigan, Ann Arbor","NCSA, University of Illinois, Champaign",6.178669,6.178668975830078,1.000000003911833
32,nsfnet,11,1.2,uncertainty_aware_lstm_robust_lp,critical_failure_fixed,"NCSA, University of Illinois, Champaign -> Merit Univ of Michigan, Ann Arbor & Merit Univ of Michigan, Ann Arbor -> NCSA, University of Illinois, Champaign",5,"Cornell Theory Center, Ithaca NY","NCAR, Boulder",5.5758581,5.575858116149902,0.9999999971036023
32,nsfnet,11,1.2,uncertainty_aware_lstm_robust_lp,random_failure_fixed,"MIDnet, Lincoln, NE -> NCSA, University of Illinois, Champaign & NCSA, University of Illinois, Champaign -> MIDnet, Lincoln, NE",1,"MIDnet, Lincoln, NE","Cornell Theory Center, Ithaca NY",6.3115487,6.311548709869385,0.9999999984362975
32,nsfnet,11,1.2,uncertainty_aware_lstm_robust_lp,random_failure_fixed,"MIDnet, Lincoln, NE -> NCSA, University of Illinois, Champaign & NCSA, University of Illinois, Champaign -> MIDnet, Lincoln, NE",2,Pittsburgh Supercomputer Center,"MIDnet, Lincoln, NE",6.3083749,6.308374881744385,1.0000000028938696
32,nsfnet,11,1.2,uncertainty_aware_lstm_robust_lp,random_failure_fixed,"MIDnet, Lincoln, NE -> NCSA, University of Illinois, Champaign & NCSA, University of Illinois, Champaign -> MIDnet, Lincoln, NE",3,"MIDnet, Lincoln, NE","SEQSUINET, Rice University, Houston",6.0705571,6.070557117462158,0.999999997123467
32,nsfnet,11,1.2,uncertainty_aware_lstm_robust_lp,random_failure_fixed,"MIDnet, Lincoln, NE -> NCSA, University of Illinois, Champaign & NCSA, University of Illinois, Champaign -> MIDnet, Lincoln, NE",4,"MIDnet, Lincoln, NE","NorthWestNet, Seattle",6.0243492,6.024349212646484,0.9999999979007717
32,nsfnet,11,1.2,uncertainty_aware_lstm_robust_lp,random_failure_fixed,"MIDnet, Lincoln, NE -> NCSA, University of Illinois, Champaign & NCSA, University of Illinois, Champaign -> MIDnet, Lincoln, NE",5,"MIDnet, Lincoln, NE","Westnet, Salt Lake City",5.6440187,5.644018650054932,1.0000000088492034
32,nsfnet,11,1.2,transformer,critical_failure_fixed,"NCSA, University of Illinois, Champaign -> Merit Univ of Michigan, Ann Arbor & Merit Univ of Michigan, Ann Arbor -> NCSA, University of Illinois, Champaign",1,"MIDnet, Lincoln, NE","Cornell Theory Center, Ithaca NY",4.8785195,4.878519535064697,0.9999999928124308
32,nsfnet,11,1.2,transformer,critical_failure_fixed,"NCSA, University of Illinois, Champaign -> Merit Univ of Michigan, Ann Arbor & Merit Univ of Michigan, Ann Arbor -> NCSA, University of Illinois, Champaign",2,Pittsburgh Supercomputer Center,"MIDnet, Lincoln, NE",4.8624949,4.862494945526123,0.9999999906372914
32,nsfnet,11,1.2,transformer,critical_failure_fixed,"NCSA, University of Illinois, Champaign -> Merit Univ of Michigan, Ann Arbor & Merit Univ of Michigan, Ann Arbor -> NCSA, University of Illinois, Champaign",3,"Merit Univ of Michigan, Ann Arbor","NCSA, University of Illinois, Champaign",4.7315698,4.731569766998291,1.0000000069747907
32,nsfnet,11,1.2,transformer,critical_failure_fixed,"NCSA, University of Illinois, Champaign -> Merit Univ of Michigan, Ann Arbor & Merit Univ of Michigan, Ann Arbor -> NCSA, University of Illinois, Champaign",4,"SURANET, Georgia Tech, Atlanta","Merit Univ of Michigan, Ann Arbor",4.6536894,4.653689384460449,1.0000000033391896
32,nsfnet,11,1.2,transformer,critical_failure_fixed,"NCSA, University of Illinois, Champaign -> Merit Univ of Michigan, Ann Arbor & Merit Univ of Michigan, Ann Arbor -> NCSA, University of Illinois, Champaign",5,San Diego Supercomputer Center,"Merit Univ of Michigan, Ann Arbor",4.4558187,4.4558186531066895,1.0000000105240616
32,nsfnet,11,1.2,transformer,random_failure_fixed,"MIDnet, Lincoln, NE -> NCSA, University of Illinois, Champaign & NCSA, University of Illinois, Champaign -> MIDnet, Lincoln, NE",1,"MIDnet, Lincoln, NE","Cornell Theory Center, Ithaca NY",4.8785195,4.878519535064697,0.9999999928124308
32,nsfnet,11,1.2,transformer,random_failure_fixed,"MIDnet, Lincoln, NE -> NCSA, University of Illinois, Champaign & NCSA, University of Illinois, Champaign -> MIDnet, Lincoln, NE",2,Pittsburgh Supercomputer Center,"MIDnet, Lincoln, NE",4.8624949,4.862494945526123,0.9999999906372914
32,nsfnet,11,1.2,transformer,random_failure_fixed,"MIDnet, Lincoln, NE -> NCSA, University of Illinois, Champaign & NCSA, University of Illinois, Champaign -> MIDnet, Lincoln, NE",3,"MIDnet, Lincoln, NE","NorthWestNet, Seattle",4.5783663,4.578366279602051,1.00000000445529
32,nsfnet,11,1.2,transformer,random_failure_fixed,"MIDnet, Lincoln, NE -> NCSA, University of Illinois, Champaign & NCSA, University of Illinois, Champaign -> MIDnet, Lincoln, NE",4,"MIDnet, Lincoln, NE","SEQSUINET, Rice University, Houston",4.5667915,4.566791534423828,0.9999999924621416
32,nsfnet,11,1.2,transformer,random_failure_fixed,"MIDnet, Lincoln, NE -> NCSA, University of Illinois, Champaign & NCSA, University of Illinois, Champaign -> MIDnet, Lincoln, NE",5,"MIDnet, Lincoln, NE","Westnet, Salt Lake City",4.2990217,4.2990217208862305,0.9999999951416317
33,nsfnet,11,1.2,current_demand_lp,critical_failure_fixed,"NCSA, University of Illinois, Champaign -> Merit Univ of Michigan, Ann Arbor & Merit Univ of Michigan, Ann Arbor -> NCSA, University of Illinois, Champaign",1,"MIDnet, Lincoln, NE","Cornell Theory Center, Ithaca NY",4.6936067,4.693606653908195,1.0000000098201252
33,nsfnet,11,1.2,current_demand_lp,critical_failure_fixed,"NCSA, University of Illinois, Champaign -> Merit Univ of Michigan, Ann Arbor & Merit Univ of Michigan, Ann Arbor -> NCSA, University of Illinois, Champaign",2,"Merit Univ of Michigan, Ann Arbor","NCSA, University of Illinois, Champaign",4.346032,4.346031999560816,1.000000000101054
33,nsfnet,11,1.2,current_demand_lp,critical_failure_fixed,"NCSA, University of Illinois, Champaign -> Merit Univ of Michigan, Ann Arbor & Merit Univ of Michigan, Ann Arbor -> NCSA, University of Illinois, Champaign",3,Pittsburgh Supercomputer Center,"MIDnet, Lincoln, NE",4.2067117,4.206711698108814,1.000000000449564
33,nsfnet,11,1.2,current_demand_lp,critical_failure_fixed,"NCSA, University of Illinois, Champaign -> Merit Univ of Michigan, Ann Arbor & Merit Univ of Michigan, Ann Arbor -> NCSA, University of Illinois, Champaign",4,"NCSA, University of Illinois, Champaign",Pittsburgh Supercomputer Center,4.1881157,4.1881156987345625,1.0000000003021496
33,nsfnet,11,1.2,current_demand_lp,critical_failure_fixed,"NCSA, University of Illinois, Champaign -> Merit Univ of Michigan, Ann Arbor & Merit Univ of Michigan, Ann Arbor -> NCSA, University of Illinois, Champaign",5,San Diego Supercomputer Center,"Merit Univ of Michigan, Ann Arbor",4.0597459,4.059745863416971,1.0000000090111623
33,nsfnet,11,1.2,current_demand_lp,random_failure_fixed,"MIDnet, Lincoln, NE -> NCSA, University of Illinois, Champaign & NCSA, University of Illinois, Champaign -> MIDnet, Lincoln, NE",1,"MIDnet, Lincoln, NE","Cornell Theory Center, Ithaca NY",4.6936067,4.693606653908195,1.0000000098201252
33,nsfnet,11,1.2,current_demand_lp,random_failure_fixed,"MIDnet, Lincoln, NE -> NCSA, University of Illinois, Champaign & NCSA, University of Illinois, Champaign -> MIDnet, Lincoln, NE",2,"MIDnet, Lincoln, NE","SEQSUINET, Rice University, Houston",4.3201812,4.320181159971894,1.0000000092653767
33,nsfnet,11,1.2,current_demand_lp,random_failure_fixed,"MIDnet, Lincoln, NE -> NCSA, University of Illinois, Champaign & NCSA, University of Illinois, Champaign -> MIDnet, Lincoln, NE",3,Pittsburgh Supercomputer Center,"MIDnet, Lincoln, NE",4.2067117,4.206711698108814,1.000000000449564
33,nsfnet,11,1.2,current_demand_lp,random_failure_fixed,"MIDnet, Lincoln, NE -> NCSA, University of Illinois, Champaign & NCSA, University of Illinois, Champaign -> MIDnet, Lincoln, NE",4,"MIDnet, Lincoln, NE","Westnet, Salt Lake City",3.8743044,3.8743044207552098,0.9999999946428553
33,nsfnet,11,1.2,current_demand_lp,random_failure_fixed,"MIDnet, Lincoln, NE -> NCSA, University of Illinois, Champaign & NCSA, University of Illinois, Champaign -> MIDnet, Lincoln, NE",5,"MIDnet, Lincoln, NE","NorthWestNet, Seattle",3.8642954,3.864295354276413,1.000000011832322
33,nsfnet,11,1.2,robust_current_demand_lp,critical_failure_fixed,"NCSA, University of Illinois, Champaign -> Merit Univ of Michigan, Ann Arbor & Merit Univ of Michigan, Ann Arbor -> NCSA, University of Illinois, Champaign",1,"Westnet, Salt Lake City","Cornell Theory Center, Ithaca NY",4.7062143,4.7062142832363305,1.0000000035620284
33,nsfnet,11,1.2,robust_current_demand_lp,critical_failure_fixed,"NCSA, University of Illinois, Champaign -> Merit Univ of Michigan, Ann Arbor & Merit Univ of Michigan, Ann Arbor -> NCSA, University of Illinois, Champaign",2,"MIDnet, Lincoln, NE","Cornell Theory Center, Ithaca NY",4.6936067,4.693606653908195,1.0000000098201252
33,nsfnet,11,1.2,robust_current_demand_lp,critical_failure_fixed,"NCSA, University of Illinois, Champaign -> Merit Univ of Michigan, Ann Arbor & Merit Univ of Michigan, Ann Arbor -> NCSA, University of Illinois, Champaign",3,"Merit Univ of Michigan, Ann Arbor","NCSA, University of Illinois, Champaign",4.346032,4.346031999560816,1.000000000101054
33,nsfnet,11,1.2,robust_current_demand_lp,critical_failure_fixed,"NCSA, University of Illinois, Champaign -> Merit Univ of Michigan, Ann Arbor & Merit Univ of Michigan, Ann Arbor -> NCSA, University of Illinois, Champaign",4,"Cornell Theory Center, Ithaca NY","NCAR, Boulder",4.2324163,4.232416267072936,1.000000007779732
33,nsfnet,11,1.2,robust_current_demand_lp,critical_failure_fixed,"NCSA, University of Illinois, Champaign -> Merit Univ of Michigan, Ann Arbor & Merit Univ of Michigan, Ann Arbor -> NCSA, University of Illinois, Champaign",5,Pittsburgh Supercomputer Center,"MIDnet, Lincoln, NE",4.2067117,4.206711698108814,1.000000000449564
33,nsfnet,11,1.2,robust_current_demand_lp,random_failure_fixed,"MIDnet, Lincoln, NE -> NCSA, University of Illinois, Champaign & NCSA, University of Illinois, Champaign -> MIDnet, Lincoln, NE",1,"MIDnet, Lincoln, NE","Cornell Theory Center, Ithaca NY",4.6936067,4.693606653908195,1.0000000098201252
33,nsfnet,11,1.2,robust_current_demand_lp,random_failure_fixed,"MIDnet, Lincoln, NE -> NCSA, University of Illinois, Champaign & NCSA, University of Illinois, Champaign -> MIDnet, Lincoln, NE",2,"MIDnet, Lincoln, NE","SEQSUINET, Rice University, Houston",4.3201812,4.320181159971894,1.0000000092653767
33,nsfnet,11,1.2,robust_current_demand_lp,random_failure_fixed,"MIDnet, Lincoln, NE -> NCSA, University of Illinois, Champaign & NCSA, University of Illinois, Champaign -> MIDnet, Lincoln, NE",3,Pittsburgh Supercomputer Center,"MIDnet, Lincoln, NE",4.2067117,4.206711698108814,1.000000000449564
33,nsfnet,11,1.2,robust_current_demand_lp,random_failure_fixed,"MIDnet, Lincoln, NE -> NCSA, University of Illinois, Champaign & NCSA, University of Illinois, Champaign -> MIDnet, Lincoln, NE",4,"MIDnet, Lincoln, NE","Westnet, Salt Lake City",3.8743044,3.8743044207552098,0.9999999946428553
33,nsfnet,11,1.2,robust_current_demand_lp,random_failure_fixed,"MIDnet, Lincoln, NE -> NCSA, University of Illinois, Champaign & NCSA, University of Illinois, Champaign -> MIDnet, Lincoln, NE",5,"MIDnet, Lincoln, NE","NorthWestNet, Seattle",3.8642954,3.864295354276413,1.000000011832322
33,nsfnet,11,1.2,moving_average,critical_failure_fixed,"NCSA, University of Illinois, Champaign -> Merit Univ of Michigan, Ann Arbor & Merit Univ of Michigan, Ann Arbor -> NCSA, University of Illinois, Champaign",1,Pittsburgh Supercomputer Center,"MIDnet, Lincoln, NE",7.0719501,7.071950127700658,0.999999996083024
33,nsfnet,11,1.2,moving_average,critical_failure_fixed,"NCSA, University of Illinois, Champaign -> Merit Univ of Michigan, Ann Arbor & Merit Univ of Michigan, Ann Arbor -> NCSA, University of Illinois, Champaign",2,"Merit Univ of Michigan, Ann Arbor","NCSA, University of Illinois, Champaign",7.0500603,7.050060292882629,1.0000000010095476
33,nsfnet,11,1.2,moving_average,critical_failure_fixed,"NCSA, University of Illinois, Champaign -> Merit Univ of Michigan, Ann Arbor & Merit Univ of Michigan, Ann Arbor -> NCSA, University of Illinois, Champaign",3,"MIDnet, Lincoln, NE","Cornell Theory Center, Ithaca NY",6.8897963,6.889796335452524,0.9999999948543438
33,nsfnet,11,1.2,moving_average,critical_failure_fixed,"NCSA, University of Illinois, Champaign -> Merit Univ of Michigan, Ann Arbor & Merit Univ of Michigan, Ann Arbor -> NCSA, University of Illinois, Champaign",4,"SURANET, Georgia Tech, Atlanta","Merit Univ of Michigan, Ann Arbor",6.7832764,6.783276437210956,0.9999999945143093
33,nsfnet,11,1.2,moving_average,critical_failure_fixed,"NCSA, University of Illinois, Champaign -> Merit Univ of Michigan, Ann Arbor & Merit Univ of Michigan, Ann Arbor -> NCSA, University of Illinois, Champaign",5,San Diego Supercomputer Center,"Merit Univ of Michigan, Ann Arbor",6.6261342,6.626134198845347,1.0000000001742575
33,nsfnet,11,1.2,moving_average,random_failure_fixed,"MIDnet, Lincoln, NE -> NCSA, University of Illinois, Champaign & NCSA, University of Illinois, Champaign -> MIDnet, Lincoln, NE",1,Pittsburgh Supercomputer Center,"MIDnet, Lincoln, NE",7.0719501,7.071950127700658,0.999999996083024
33,nsfnet,11,1.2,moving_average,random_failure_fixed,"MIDnet, Lincoln, NE -> NCSA, University of Illinois, Champaign & NCSA, University of Illinois, Champaign -> MIDnet, Lincoln, NE",2,"MIDnet, Lincoln, NE","Cornell Theory Center, Ithaca NY",6.8897963,6.889796335452524,0.9999999948543438
33,nsfnet,11,1.2,moving_average,random_failure_fixed,"MIDnet, Lincoln, NE -> NCSA, University of Illinois, Champaign & NCSA, University of Illinois, Champaign -> MIDnet, Lincoln, NE",3,"MIDnet, Lincoln, NE","SEQSUINET, Rice University, Houston",6.708913,6.708913033174874,0.9999999950551044
33,nsfnet,11,1.2,moving_average,random_failure_fixed,"MIDnet, Lincoln, NE -> NCSA, University of Illinois, Champaign & NCSA, University of Illinois, Champaign -> MIDnet, Lincoln, NE",4,"MIDnet, Lincoln, NE","NorthWestNet, Seattle",6.5704922,6.5704921640784155,1.0000000054671072
33,nsfnet,11,1.2,moving_average,random_failure_fixed,"MIDnet, Lincoln, NE -> NCSA, University of Illinois, Champaign & NCSA, University of Illinois, Champaign -> MIDnet, Lincoln, NE",5,"MIDnet, Lincoln, NE","Westnet, Salt Lake City",6.2469207,6.246920665314866,1.0000000055523572
33,nsfnet,11,1.2,linear_autoregressive,critical_failure_fixed,"NCSA, University of Illinois, Champaign -> Merit Univ of Michigan, Ann Arbor & Merit Univ of Michigan, Ann Arbor -> NCSA, University of Illinois, Champaign",1,Pittsburgh Supercomputer Center,"MIDnet, Lincoln, NE",4.431151,4.431150993532856,1.0000000014594728
33,nsfnet,11,1.2,linear_autoregressive,critical_failure_fixed,"NCSA, University of Illinois, Champaign -> Merit Univ of Michigan, Ann Arbor & Merit Univ of Michigan, Ann Arbor -> NCSA, University of Illinois, Champaign",2,"Merit Univ of Michigan, Ann Arbor","NCSA, University of Illinois, Champaign",4.3802132,4.380213213944775,0.9999999968164164
33,nsfnet,11,1.2,linear_autoregressive,critical_failure_fixed,"NCSA, University of Illinois, Champaign -> Merit Univ of Michigan, Ann Arbor & Merit Univ of Michigan, Ann Arbor -> NCSA, University of Illinois, Champaign",3,"MIDnet, Lincoln, NE","Cornell Theory Center, Ithaca NY",4.3318785,4.331878472084031,1.0000000064443104
33,nsfnet,11,1.2,linear_autoregressive,critical_failure_fixed,"NCSA, University of Illinois, Champaign -> Merit Univ of Michigan, Ann Arbor & Merit Univ of Michigan, Ann Arbor -> NCSA, University of Illinois, Champaign",4,"SURANET, Georgia Tech, Atlanta","Merit Univ of Michigan, Ann Arbor",4.0521315,4.0521314554290395,1.0000000109993865
33,nsfnet,11,1.2,linear_autoregressive,critical_failure_fixed,"NCSA, University of Illinois, Champaign -> Merit Univ of Michigan, Ann Arbor & Merit Univ of Michigan, Ann Arbor -> NCSA, University of Illinois, Champaign",5,San Diego Supercomputer Center,"Merit Univ of Michigan, Ann Arbor",4.0096791,4.024043161753453,0.9964304404361323
33,nsfnet,11,1.2,linear_autoregressive,random_failure_fixed,"MIDnet, Lincoln, NE -> NCSA, University of Illinois, Champaign & NCSA, University of Illinois, Champaign -> MIDnet, Lincoln, NE",1,Pittsburgh Supercomputer Center,"MIDnet, Lincoln, NE",4.431151,4.431150993532856,1.0000000014594728
33,nsfnet,11,1.2,linear_autoregressive,random_failure_fixed,"MIDnet, Lincoln, NE -> NCSA, University of Illinois, Champaign & NCSA, University of Illinois, Champaign -> MIDnet, Lincoln, NE",2,"MIDnet, Lincoln, NE","Cornell Theory Center, Ithaca NY",4.3318785,4.331878472084031,1.0000000064443104
33,nsfnet,11,1.2,linear_autoregressive,random_failure_fixed,"MIDnet, Lincoln, NE -> NCSA, University of Illinois, Champaign & NCSA, University of Illinois, Champaign -> MIDnet, Lincoln, NE",3,"MIDnet, Lincoln, NE","NorthWestNet, Seattle",4.1704741,4.1704741104942515,0.999999997483679
33,nsfnet,11,1.2,linear_autoregressive,random_failure_fixed,"MIDnet, Lincoln, NE -> NCSA, University of Illinois, Champaign & NCSA, University of Illinois, Champaign -> MIDnet, Lincoln, NE",4,"MIDnet, Lincoln, NE","SEQSUINET, Rice University, Houston",4.1403082,4.1403082330288745,0.9999999920226049
33,nsfnet,11,1.2,linear_autoregressive,random_failure_fixed,"MIDnet, Lincoln, NE -> NCSA, University of Illinois, Champaign & NCSA, University of Illinois, Champaign -> MIDnet, Lincoln, NE",5,"MIDnet, Lincoln, NE","BARRnet, Palo Alto",3.7336153,3.7336153355306765,0.9999999904835734
33,nsfnet,11,1.2,lstm,critical_failure_fixed,"NCSA, University of Illinois, Champaign -> Merit Univ of Michigan, Ann Arbor & Merit Univ of Michigan, Ann Arbor -> NCSA, University of Illinois, Champaign",1,Pittsburgh Supercomputer Center,"MIDnet, Lincoln, NE",6.0398431,6.0398430824279785,1.0000000029093505
33,nsfnet,11,1.2,lstm,critical_failure_fixed,"NCSA, University of Illinois, Champaign -> Merit Univ of Michigan, Ann Arbor & Merit Univ of Michigan, Ann Arbor -> NCSA, University of Illinois, Champaign",2,"MIDnet, Lincoln, NE","Cornell Theory Center, Ithaca NY",6.0352044,6.0352044105529785,0.9999999982514297
33,nsfnet,11,1.2,lstm,critical_failure_fixed,"NCSA, University of Illinois, Champaign -> Merit Univ of Michigan, Ann Arbor & Merit Univ of Michigan, Ann Arbor -> NCSA, University of Illinois, Champaign",3,"Merit Univ of Michigan, Ann Arbor","NCSA, University of Illinois, Champaign",5.9332848,5.933284759521484,1.0000000068222776
33,nsfnet,11,1.2,lstm,critical_failure_fixed,"NCSA, University of Illinois, Champaign -> Merit Univ of Michigan, Ann Arbor & Merit Univ of Michigan, Ann Arbor -> NCSA, University of Illinois, Champaign",4,"SURANET, Georgia Tech, Atlanta","Merit Univ of Michigan, Ann Arbor",5.7587843,5.758784294128418,1.000000001019587
33,nsfnet,11,1.2,lstm,critical_failure_fixed,"NCSA, University of Illinois, Champaign -> Merit Univ of Michigan, Ann Arbor & Merit Univ of Michigan, Ann Arbor -> NCSA, University of Illinois, Champaign",5,San Diego Supercomputer Center,"Merit Univ of Michigan, Ann Arbor",5.3195621,5.627762317657471,0.9452357437536989
33,nsfnet,11,1.2,lstm,random_failure_fixed,"MIDnet, Lincoln, NE -> NCSA, University of Illinois, Champaign & NCSA, University of Illinois, Champaign -> MIDnet, Lincoln, NE",1,Pittsburgh Supercomputer Center,"MIDnet, Lincoln, NE",6.0398431,6.0398430824279785,1.0000000029093505
33,nsfnet,11,1.2,lstm,random_failure_fixed,"MIDnet, Lincoln, NE -> NCSA, University of Illinois, Champaign & NCSA, University of Illinois, Champaign -> MIDnet, Lincoln, NE",2,"MIDnet, Lincoln, NE","Cornell Theory Center, Ithaca NY",6.0352044,6.0352044105529785,0.9999999982514297
33,nsfnet,11,1.2,lstm,random_failure_fixed,"MIDnet, Lincoln, NE -> NCSA, University of Illinois, Champaign & NCSA, University of Illinois, Champaign -> MIDnet, Lincoln, NE",3,"MIDnet, Lincoln, NE","SEQSUINET, Rice University, Houston",5.7918038,5.79180383682251,0.9999999936423072
33,nsfnet,11,1.2,lstm,random_failure_fixed,"MIDnet, Lincoln, NE -> NCSA, University of Illinois, Champaign & NCSA, University of Illinois, Champaign -> MIDnet, Lincoln, NE",4,"MIDnet, Lincoln, NE","NorthWestNet, Seattle",5.7542357,5.754235744476318,0.9999999922706819
33,nsfnet,11,1.2,lstm,random_failure_fixed,"MIDnet, Lincoln, NE -> NCSA, University of Illinois, Champaign & NCSA, University of Illinois, Champaign -> MIDnet, Lincoln, NE",5,"MIDnet, Lincoln, NE","Westnet, Salt Lake City",5.3936272,5.393627166748047,1.000000006165045
33,nsfnet,11,1.2,uncertainty_aware_lstm_robust_lp,critical_failure_fixed,"NCSA, University of Illinois, Champaign -> Merit Univ of Michigan, Ann Arbor & Merit Univ of Michigan, Ann Arbor -> NCSA, University of Illinois, Champaign",1,"Westnet, Salt Lake City","Cornell Theory Center, Ithaca NY",6.4338198,6.433819770812988,1.0000000045364983
33,nsfnet,11,1.2,uncertainty_aware_lstm_robust_lp,critical_failure_fixed,"NCSA, University of Illinois, Champaign -> Merit Univ of Michigan, Ann Arbor & Merit Univ of Michigan, Ann Arbor -> NCSA, University of Illinois, Champaign",2,"MIDnet, Lincoln, NE","Cornell Theory Center, Ithaca NY",6.3115487,6.311548709869385,0.9999999984362975
33,nsfnet,11,1.2,uncertainty_aware_lstm_robust_lp,critical_failure_fixed,"NCSA, University of Illinois, Champaign -> Merit Univ of Michigan, Ann Arbor & Merit Univ of Michigan, Ann Arbor -> NCSA, University of Illinois, Champaign",3,Pittsburgh Supercomputer Center,"MIDnet, Lincoln, NE",6.3083749,6.308374881744385,1.0000000028938696
33,nsfnet,11,1.2,uncertainty_aware_lstm_robust_lp,critical_failure_fixed,"NCSA, University of Illinois, Champaign -> Merit Univ of Michigan, Ann Arbor & Merit Univ of Michigan, Ann Arbor -> NCSA, University of Illinois, Champaign",4,"Merit Univ of Michigan, Ann Arbor","NCSA, University of Illinois, Champaign",6.178669,6.178668975830078,1.000000003911833
33,nsfnet,11,1.2,uncertainty_aware_lstm_robust_lp,critical_failure_fixed,"NCSA, University of Illinois, Champaign -> Merit Univ of Michigan, Ann Arbor & Merit Univ of Michigan, Ann Arbor -> NCSA, University of Illinois, Champaign",5,"Cornell Theory Center, Ithaca NY","NCAR, Boulder",5.5758581,5.575858116149902,0.9999999971036023
33,nsfnet,11,1.2,uncertainty_aware_lstm_robust_lp,random_failure_fixed,"MIDnet, Lincoln, NE -> NCSA, University of Illinois, Champaign & NCSA, University of Illinois, Champaign -> MIDnet, Lincoln, NE",1,"MIDnet, Lincoln, NE","Cornell Theory Center, Ithaca NY",6.3115487,6.311548709869385,0.9999999984362975
33,nsfnet,11,1.2,uncertainty_aware_lstm_robust_lp,random_failure_fixed,"MIDnet, Lincoln, NE -> NCSA, University of Illinois, Champaign & NCSA, University of Illinois, Champaign -> MIDnet, Lincoln, NE",2,Pittsburgh Supercomputer Center,"MIDnet, Lincoln, NE",6.3083749,6.308374881744385,1.0000000028938696
33,nsfnet,11,1.2,uncertainty_aware_lstm_robust_lp,random_failure_fixed,"MIDnet, Lincoln, NE -> NCSA, University of Illinois, Champaign & NCSA, University of Illinois, Champaign -> MIDnet, Lincoln, NE",3,"MIDnet, Lincoln, NE","SEQSUINET, Rice University, Houston",6.0705571,6.070557117462158,0.999999997123467
33,nsfnet,11,1.2,uncertainty_aware_lstm_robust_lp,random_failure_fixed,"MIDnet, Lincoln, NE -> NCSA, University of Illinois, Champaign & NCSA, University of Illinois, Champaign -> MIDnet, Lincoln, NE",4,"MIDnet, Lincoln, NE","NorthWestNet, Seattle",6.0243492,6.024349212646484,0.9999999979007717
33,nsfnet,11,1.2,uncertainty_aware_lstm_robust_lp,random_failure_fixed,"MIDnet, Lincoln, NE -> NCSA, University of Illinois, Champaign & NCSA, University of Illinois, Champaign -> MIDnet, Lincoln, NE",5,"MIDnet, Lincoln, NE","Westnet, Salt Lake City",5.6440187,5.644018650054932,1.0000000088492034
33,nsfnet,11,1.2,transformer,critical_failure_fixed,"NCSA, University of Illinois, Champaign -> Merit Univ of Michigan, Ann Arbor & Merit Univ of Michigan, Ann Arbor -> NCSA, University of Illinois, Champaign",1,"MIDnet, Lincoln, NE","Cornell Theory Center, Ithaca NY",4.814877,4.814877033233643,0.9999999930977173
33,nsfnet,11,1.2,transformer,critical_failure_fixed,"NCSA, University of Illinois, Champaign -> Merit Univ of Michigan, Ann Arbor & Merit Univ of Michigan, Ann Arbor -> NCSA, University of Illinois, Champaign",2,Pittsburgh Supercomputer Center,"MIDnet, Lincoln, NE",4.743855,4.743854999542236,1.0000000000964961
33,nsfnet,11,1.2,transformer,critical_failure_fixed,"NCSA, University of Illinois, Champaign -> Merit Univ of Michigan, Ann Arbor & Merit Univ of Michigan, Ann Arbor -> NCSA, University of Illinois, Champaign",3,"Merit Univ of Michigan, Ann Arbor","NCSA, University of Illinois, Champaign",4.6645555,4.664555549621582,0.9999999893619913
33,nsfnet,11,1.2,transformer,critical_failure_fixed,"NCSA, University of Illinois, Champaign -> Merit Univ of Michigan, Ann Arbor & Merit Univ of Michigan, Ann Arbor -> NCSA, University of Illinois, Champaign",4,"SURANET, Georgia Tech, Atlanta","Merit Univ of Michigan, Ann Arbor",4.571981,4.571980953216553,1.0000000102326427
33,nsfnet,11,1.2,transformer,critical_failure_fixed,"NCSA, University of Illinois, Champaign -> Merit Univ of Michigan, Ann Arbor & Merit Univ of Michigan, Ann Arbor -> NCSA, University of Illinois, Champaign",5,San Diego Supercomputer Center,"Merit Univ of Michigan, Ann Arbor",4.4188867,4.418886661529541,1.0000000087059167
33,nsfnet,11,1.2,transformer,random_failure_fixed,"MIDnet, Lincoln, NE -> NCSA, University of Illinois, Champaign & NCSA, University of Illinois, Champaign -> MIDnet, Lincoln, NE",1,"MIDnet, Lincoln, NE","Cornell Theory Center, Ithaca NY",4.814877,4.814877033233643,0.9999999930977173
33,nsfnet,11,1.2,transformer,random_failure_fixed,"MIDnet, Lincoln, NE -> NCSA, University of Illinois, Champaign & NCSA, University of Illinois, Champaign -> MIDnet, Lincoln, NE",2,Pittsburgh Supercomputer Center,"MIDnet, Lincoln, NE",4.743855,4.743854999542236,1.0000000000964961
33,nsfnet,11,1.2,transformer,random_failure_fixed,"MIDnet, Lincoln, NE -> NCSA, University of Illinois, Champaign & NCSA, University of Illinois, Champaign -> MIDnet, Lincoln, NE",3,"MIDnet, Lincoln, NE","SEQSUINET, Rice University, Houston",4.5184546,4.518454551696777,1.000000010690209
33,nsfnet,11,1.2,transformer,random_failure_fixed,"MIDnet, Lincoln, NE -> NCSA, University of Illinois, Champaign & NCSA, University of Illinois, Champaign -> MIDnet, Lincoln, NE",4,"MIDnet, Lincoln, NE","NorthWestNet, Seattle",4.4735003,4.4735002517700195,1.0000000107812625
33,nsfnet,11,1.2,transformer,random_failure_fixed,"MIDnet, Lincoln, NE -> NCSA, University of Illinois, Champaign & NCSA, University of Illinois, Champaign -> MIDnet, Lincoln, NE",5,"MIDnet, Lincoln, NE","Westnet, Salt Lake City",4.2164612,4.216461181640625,1.0000000043542143
34,nsfnet,11,1.2,current_demand_lp,critical_failure_fixed,"NCSA, University of Illinois, Champaign -> Merit Univ of Michigan, Ann Arbor & Merit Univ of Michigan, Ann Arbor -> NCSA, University of Illinois, Champaign",1,Pittsburgh Supercomputer Center,"MIDnet, Lincoln, NE",5.1876517,5.18765173081329,0.9999999940602625
34,nsfnet,11,1.2,current_demand_lp,critical_failure_fixed,"NCSA, University of Illinois, Champaign -> Merit Univ of Michigan, Ann Arbor & Merit Univ of Michigan, Ann Arbor -> NCSA, University of Illinois, Champaign",2,San Diego Supercomputer Center,"Merit Univ of Michigan, Ann Arbor",4.4460814,4.446081398887271,1.0000000002502718
34,nsfnet,11,1.2,current_demand_lp,critical_failure_fixed,"NCSA, University of Illinois, Champaign -> Merit Univ of Michigan, Ann Arbor & Merit Univ of Michigan, Ann Arbor -> NCSA, University of Illinois, Champaign",3,"Merit Univ of Michigan, Ann Arbor","NCSA, University of Illinois, Champaign",4.2663875,4.266387484917874,1.0000000035351047
34,nsfnet,11,1.2,current_demand_lp,critical_failure_fixed,"NCSA, University of Illinois, Champaign -> Merit Univ of Michigan, Ann Arbor & Merit Univ of Michigan, Ann Arbor -> NCSA, University of Illinois, Champaign",4,"SURANET, Georgia Tech, Atlanta","Merit Univ of Michigan, Ann Arbor",4.1093697,4.109369712161543,0.9999999970405333
34,nsfnet,11,1.2,current_demand_lp,critical_failure_fixed,"NCSA, University of Illinois, Champaign -> Merit Univ of Michigan, Ann Arbor & Merit Univ of Michigan, Ann Arbor -> NCSA, University of Illinois, Champaign",5,"NCSA, University of Illinois, Champaign",Pittsburgh Supercomputer Center,4.0849244,4.084924409359103,0.9999999977088676
34,nsfnet,11,1.2,current_demand_lp,random_failure_fixed,"SEQSUINET, Rice University, Houston -> SURANET, Georgia Tech, Atlanta & SURANET, Georgia Tech, Atlanta -> SEQSUINET, Rice University, Houston",1,"Jon Von Neumann Center, Princeton, NJ","NorthWestNet, Seattle",4.3533723,4.353372253129067,1.0000000107665805
34,nsfnet,11,1.2,current_demand_lp,random_failure_fixed,"SEQSUINET, Rice University, Houston -> SURANET, Georgia Tech, Atlanta & SURANET, Georgia Tech, Atlanta -> SEQSUINET, Rice University, Houston",2,"Jon Von Neumann Center, Princeton, NJ",San Diego Supercomputer Center,4.1736497,4.173649696328191,1.0000000008797598
34,nsfnet,11,1.2,current_demand_lp,random_failure_fixed,"SEQSUINET, Rice University, Houston -> SURANET, Georgia Tech, Atlanta & SURANET, Georgia Tech, Atlanta -> SEQSUINET, Rice University, Houston",3,"NCSA, University of Illinois, Champaign","SURANET, Georgia Tech, Atlanta",4.125684,4.125683995784861,1.0000000010216823
34,nsfnet,11,1.2,current_demand_lp,random_failure_fixed,"SEQSUINET, Rice University, Houston -> SURANET, Georgia Tech, Atlanta & SURANET, Georgia Tech, Atlanta -> SEQSUINET, Rice University, Houston",4,"SURANET, Georgia Tech, Atlanta","Merit Univ of Michigan, Ann Arbor",4.1093697,4.109369712161543,0.9999999970405333
34,nsfnet,11,1.2,current_demand_lp,random_failure_fixed,"SEQSUINET, Rice University, Houston -> SURANET, Georgia Tech, Atlanta & SURANET, Georgia Tech, Atlanta -> SEQSUINET, Rice University, Houston",5,"SURANET, Georgia Tech, Atlanta",San Diego Supercomputer Center,4.0077877,4.007787706428452,0.9999999983960097
34,nsfnet,11,1.2,robust_current_demand_lp,critical_failure_fixed,"NCSA, University of Illinois, Champaign -> Merit Univ of Michigan, Ann Arbor & Merit Univ of Michigan, Ann Arbor -> NCSA, University of Illinois, Champaign",1,Pittsburgh Supercomputer Center,"MIDnet, Lincoln, NE",5.1876517,5.18765173081329,0.9999999940602625
34,nsfnet,11,1.2,robust_current_demand_lp,critical_failure_fixed,"NCSA, University of Illinois, Champaign -> Merit Univ of Michigan, Ann Arbor & Merit Univ of Michigan, Ann Arbor -> NCSA, University of Illinois, Champaign",2,"Westnet, Salt Lake City","Cornell Theory Center, Ithaca NY",4.4608003,4.460800267695804,1.0000000072417938
34,nsfnet,11,1.2,robust_current_demand_lp,critical_failure_fixed,"NCSA, University of Illinois, Champaign -> Merit Univ of Michigan, Ann Arbor & Merit Univ of Michigan, Ann Arbor -> NCSA, University of Illinois, Champaign",3,"Merit Univ of Michigan, Ann Arbor","NCSA, University of Illinois, Champaign",4.2663875,4.266387484917874,1.0000000035351047
34,nsfnet,11,1.2,robust_current_demand_lp,critical_failure_fixed,"NCSA, University of Illinois, Champaign -> Merit Univ of Michigan, Ann Arbor & Merit Univ of Michigan, Ann Arbor -> NCSA, University of Illinois, Champaign",4,"NCSA, University of Illinois, Champaign",Pittsburgh Supercomputer Center,4.0849244,4.084924409359103,0.9999999977088676
34,nsfnet,11,1.2,robust_current_demand_lp,critical_failure_fixed,"NCSA, University of Illinois, Champaign -> Merit Univ of Michigan, Ann Arbor & Merit Univ of Michigan, Ann Arbor -> NCSA, University of Illinois, Champaign",5,"MIDnet, Lincoln, NE","Cornell Theory Center, Ithaca NY",4.0766314,4.0766314435356295,0.9999999893206855
34,nsfnet,11,1.2,robust_current_demand_lp,random_failure_fixed,"SEQSUINET, Rice University, Houston -> SURANET, Georgia Tech, Atlanta & SURANET, Georgia Tech, Atlanta -> SEQSUINET, Rice University, Houston",1,"Jon Von Neumann Center, Princeton, NJ","NorthWestNet, Seattle",4.3533723,4.353372253129067,1.0000000107665805
34,nsfnet,11,1.2,robust_current_demand_lp,random_failure_fixed,"SEQSUINET, Rice University, Houston -> SURANET, Georgia Tech, Atlanta & SURANET, Georgia Tech, Atlanta -> SEQSUINET, Rice University, Houston",2,"Jon Von Neumann Center, Princeton, NJ",San Diego Supercomputer Center,4.1736497,4.173649696328191,1.0000000008797598
34,nsfnet,11,1.2,robust_current_demand_lp,random_failure_fixed,"SEQSUINET, Rice University, Houston -> SURANET, Georgia Tech, Atlanta & SURANET, Georgia Tech, Atlanta -> SEQSUINET, Rice University, Houston",3,"NCSA, University of Illinois, Champaign","SURANET, Georgia Tech, Atlanta",4.125684,4.125683995784861,1.0000000010216823
34,nsfnet,11,1.2,robust_current_demand_lp,random_failure_fixed,"SEQSUINET, Rice University, Houston -> SURANET, Georgia Tech, Atlanta & SURANET, Georgia Tech, Atlanta -> SEQSUINET, Rice University, Houston",4,"SURANET, Georgia Tech, Atlanta",San Diego Supercomputer Center,4.0077877,4.007787706428452,0.9999999983960097
34,nsfnet,11,1.2,robust_current_demand_lp,random_failure_fixed,"SEQSUINET, Rice University, Houston -> SURANET, Georgia Tech, Atlanta & SURANET, Georgia Tech, Atlanta -> SEQSUINET, Rice University, Houston",5,"SURANET, Georgia Tech, Atlanta","MIDnet, Lincoln, NE",3.8691867,3.869186660120834,1.0000000103068603
34,nsfnet,11,1.2,moving_average,critical_failure_fixed,"NCSA, University of Illinois, Champaign -> Merit Univ of Michigan, Ann Arbor & Merit Univ of Michigan, Ann Arbor -> NCSA, University of Illinois, Champaign",1,Pittsburgh Supercomputer Center,"MIDnet, Lincoln, NE",6.549384,6.549383990961687,1.000000001380025
34,nsfnet,11,1.2,moving_average,critical_failure_fixed,"NCSA, University of Illinois, Champaign -> Merit Univ of Michigan, Ann Arbor & Merit Univ of Michigan, Ann Arbor -> NCSA, University of Illinois, Champaign",2,"Merit Univ of Michigan, Ann Arbor","NCSA, University of Illinois, Champaign",6.4455118,6.445511829943983,0.9999999953542894
34,nsfnet,11,1.2,moving_average,critical_failure_fixed,"NCSA, University of Illinois, Champaign -> Merit Univ of Michigan, Ann Arbor & Merit Univ of Michigan, Ann Arbor -> NCSA, University of Illinois, Champaign",3,"MIDnet, Lincoln, NE","Cornell Theory Center, Ithaca NY",6.2932844,6.293284364013174,1.00000000571829
34,nsfnet,11,1.2,moving_average,critical_failure_fixed,"NCSA, University of Illinois, Champaign -> Merit Univ of Michigan, Ann Arbor & Merit Univ of Michigan, Ann Arbor -> NCSA, University of Illinois, Champaign",4,"SURANET, Georgia Tech, Atlanta","Merit Univ of Michigan, Ann Arbor",6.2081443,6.208144293838775,1.0000000009924421
34,nsfnet,11,1.2,moving_average,critical_failure_fixed,"NCSA, University of Illinois, Champaign -> Merit Univ of Michigan, Ann Arbor & Merit Univ of Michigan, Ann Arbor -> NCSA, University of Illinois, Champaign",5,San Diego Supercomputer Center,"Merit Univ of Michigan, Ann Arbor",6.1169813,6.116981258117112,1.0000000068469865
34,nsfnet,11,1.2,moving_average,random_failure_fixed,"SEQSUINET, Rice University, Houston -> SURANET, Georgia Tech, Atlanta & SURANET, Georgia Tech, Atlanta -> SEQSUINET, Rice University, Houston",1,"Jon Von Neumann Center, Princeton, NJ",San Diego Supercomputer Center,6.4313588,6.431358805545469,0.9999999991377454
34,nsfnet,11,1.2,moving_average,random_failure_fixed,"SEQSUINET, Rice University, Houston -> SURANET, Georgia Tech, Atlanta & SURANET, Georgia Tech, Atlanta -> SEQSUINET, Rice University, Houston",2,"SURANET, Georgia Tech, Atlanta","Merit Univ of Michigan, Ann Arbor",6.2081443,6.208144293838775,1.0000000009924421
34,nsfnet,11,1.2,moving_average,random_failure_fixed,"SEQSUINET, Rice University, Houston -> SURANET, Georgia Tech, Atlanta & SURANET, Georgia Tech, Atlanta -> SEQSUINET, Rice University, Houston",3,"SURANET, Georgia Tech, Atlanta",San Diego Supercomputer Center,6.1834686,6.1834685708693495,1.0000000047110533
34,nsfnet,11,1.2,moving_average,random_failure_fixed,"SEQSUINET, Rice University, Houston -> SURANET, Georgia Tech, Atlanta & SURANET, Georgia Tech, Atlanta -> SEQSUINET, Rice University, Houston",4,"NCSA, University of Illinois, Champaign","SURANET, Georgia Tech, Atlanta",6.0144084,6.014408443097728,0.9999999928342532
34,nsfnet,11,1.2,moving_average,random_failure_fixed,"SEQSUINET, Rice University, Houston -> SURANET, Georgia Tech, Atlanta & SURANET, Georgia Tech, Atlanta -> SEQSUINET, Rice University, Houston",5,"Jon Von Neumann Center, Princeton, NJ","NorthWestNet, Seattle",5.910521,5.910520991767767,1.00000000139281
34,nsfnet,11,1.2,linear_autoregressive,critical_failure_fixed,"NCSA, University of Illinois, Champaign -> Merit Univ of Michigan, Ann Arbor & Merit Univ of Michigan, Ann Arbor -> NCSA, University of Illinois, Champaign",1,"Merit Univ of Michigan, Ann Arbor","NCSA, University of Illinois, Champaign",4.3148725,4.314872464843495,1.0000000081477507
34,nsfnet,11,1.2,linear_autoregressive,critical_failure_fixed,"NCSA, University of Illinois, Champaign -> Merit Univ of Michigan, Ann Arbor & Merit Univ of Michigan, Ann Arbor -> NCSA, University of Illinois, Champaign",2,Pittsburgh Supercomputer Center,"MIDnet, Lincoln, NE",4.3099763,4.309976339675216,0.9999999907945629
34,nsfnet,11,1.2,linear_autoregressive,critical_failure_fixed,"NCSA, University of Illinois, Champaign -> Merit Univ of Michigan, Ann Arbor & Merit Univ of Michigan, Ann Arbor -> NCSA, University of Illinois, Champaign",3,"SURANET, Georgia Tech, Atlanta","Merit Univ of Michigan, Ann Arbor",4.1800484,4.180048443410479,0.9999999896148384
34,nsfnet,11,1.2,linear_autoregressive,critical_failure_fixed,"NCSA, University of Illinois, Champaign -> Merit Univ of Michigan, Ann Arbor & Merit Univ of Michigan, Ann Arbor -> NCSA, University of Illinois, Champaign",4,"MIDnet, Lincoln, NE","Cornell Theory Center, Ithaca NY",3.9642265,3.9642264625855725,1.0000000094380146
34,nsfnet,11,1.2,linear_autoregressive,critical_failure_fixed,"NCSA, University of Illinois, Champaign -> Merit Univ of Michigan, Ann Arbor & Merit Univ of Michigan, Ann Arbor -> NCSA, University of Illinois, Champaign",5,"MIDnet, Lincoln, NE","BARRnet, Palo Alto",3.6954819,3.6954819291801053,0.999999992103843
34,nsfnet,11,1.2,linear_autoregressive,random_failure_fixed,"SEQSUINET, Rice University, Houston -> SURANET, Georgia Tech, Atlanta & SURANET, Georgia Tech, Atlanta -> SEQSUINET, Rice University, Houston",1,"Jon Von Neumann Center, Princeton, NJ",San Diego Supercomputer Center,4.2711021,4.271102056244595,1.0000000102445235
34,nsfnet,11,1.2,linear_autoregressive,random_failure_fixed,"SEQSUINET, Rice University, Houston -> SURANET, Georgia Tech, Atlanta & SURANET, Georgia Tech, Atlanta -> SEQSUINET, Rice University, Houston",2,"SURANET, Georgia Tech, Atlanta","Merit Univ of Michigan, Ann Arbor",4.1800484,4.180048443410479,0.9999999896148384
34,nsfnet,11,1.2,linear_autoregressive,random_failure_fixed,"SEQSUINET, Rice University, Houston -> SURANET, Georgia Tech, Atlanta & SURANET, Georgia Tech, Atlanta -> SEQSUINET, Rice University, Houston",3,"SURANET, Georgia Tech, Atlanta",San Diego Supercomputer Center,3.8561378,3.856137769476561,1.0000000079155469
34,nsfnet,11,1.2,linear_autoregressive,random_failure_fixed,"SEQSUINET, Rice University, Houston -> SURANET, Georgia Tech, Atlanta & SURANET, Georgia Tech, Atlanta -> SEQSUINET, Rice University, Houston",4,"Jon Von Neumann Center, Princeton, NJ","NorthWestNet, Seattle",3.7970271,3.7970271202740937,0.999999994660535
34,nsfnet,11,1.2,linear_autoregressive,random_failure_fixed,"SEQSUINET, Rice University, Houston -> SURANET, Georgia Tech, Atlanta & SURANET, Georgia Tech, Atlanta -> SEQSUINET, Rice University, Houston",5,San Diego Supercomputer Center,"Jon Von Neumann Center, Princeton, NJ",3.6348356,3.63483557777668,1.0000000061139822
34,nsfnet,11,1.2,lstm,critical_failure_fixed,"NCSA, University of Illinois, Champaign -> Merit Univ of Michigan, Ann Arbor & Merit Univ of Michigan, Ann Arbor -> NCSA, University of Illinois, Champaign",1,Pittsburgh Supercomputer Center,"MIDnet, Lincoln, NE",6.0398431,6.0398430824279785,1.0000000029093505
34,nsfnet,11,1.2,lstm,critical_failure_fixed,"NCSA, University of Illinois, Champaign -> Merit Univ of Michigan, Ann Arbor & Merit Univ of Michigan, Ann Arbor -> NCSA, University of Illinois, Champaign",2,"MIDnet, Lincoln, NE","Cornell Theory Center, Ithaca NY",6.0352044,6.0352044105529785,0.9999999982514297
34,nsfnet,11,1.2,lstm,critical_failure_fixed,"NCSA, University of Illinois, Champaign -> Merit Univ of Michigan, Ann Arbor & Merit Univ of Michigan, Ann Arbor -> NCSA, University of Illinois, Champaign",3,"Merit Univ of Michigan, Ann Arbor","NCSA, University of Illinois, Champaign",5.9332848,5.933284759521484,1.0000000068222776
34,nsfnet,11,1.2,lstm,critical_failure_fixed,"NCSA, University of Illinois, Champaign -> Merit Univ of Michigan, Ann Arbor & Merit Univ of Michigan, Ann Arbor -> NCSA, University of Illinois, Champaign",4,"SURANET, Georgia Tech, Atlanta","Merit Univ of Michigan, Ann Arbor",5.7587843,5.758784294128418,1.000000001019587
34,nsfnet,11,1.2,lstm,critical_failure_fixed,"NCSA, University of Illinois, Champaign -> Merit Univ of Michigan, Ann Arbor & Merit Univ of Michigan, Ann Arbor -> NCSA, University of Illinois, Champaign",5,San Diego Supercomputer Center,"Merit Univ of Michigan, Ann Arbor",5.3195621,5.627762317657471,0.9452357437536989
34,nsfnet,11,1.2,lstm,random_failure_fixed,"SEQSUINET, Rice University, Houston -> SURANET, Georgia Tech, Atlanta & SURANET, Georgia Tech, Atlanta -> SEQSUINET, Rice University, Houston",1,"Jon Von Neumann Center, Princeton, NJ",San Diego Supercomputer Center,6.0008745,6.0008745193481445,0.9999999967757792
34,nsfnet,11,1.2,lstm,random_failure_fixed,"SEQSUINET, Rice University, Houston -> SURANET, Georgia Tech, Atlanta & SURANET, Georgia Tech, Atlanta -> SEQSUINET, Rice University, Houston",2,"SURANET, Georgia Tech, Atlanta","Merit Univ of Michigan, Ann Arbor",5.7587843,5.758784294128418,1.000000001019587
34,nsfnet,11,1.2,lstm,random_failure_fixed,"SEQSUINET, Rice University, Houston -> SURANET, Georgia Tech, Atlanta & SURANET, Georgia Tech, Atlanta -> SEQSUINET, Rice University, Houston",3,"SURANET, Georgia Tech, Atlanta",San Diego Supercomputer Center,5.6417818,5.641781806945801,0.999999998768864
34,nsfnet,11,1.2,lstm,random_failure_fixed,"SEQSUINET, Rice University, Houston -> SURANET, Georgia Tech, Atlanta & SURANET, Georgia Tech, Atlanta -> SEQSUINET, Rice University, Houston",4,"Jon Von Neumann Center, Princeton, NJ","NorthWestNet, Seattle",5.3327699,5.332769870758057,1.0000000054834437
34,nsfnet,11,1.2,lstm,random_failure_fixed,"SEQSUINET, Rice University, Houston -> SURANET, Georgia Tech, Atlanta & SURANET, Georgia Tech, Atlanta -> SEQSUINET, Rice University, Houston",5,"NCSA, University of Illinois, Champaign","SURANET, Georgia Tech, Atlanta",5.2648282,5.264828205108643,0.9999999990296659
34,nsfnet,11,1.2,uncertainty_aware_lstm_robust_lp,critical_failure_fixed,"NCSA, University of Illinois, Champaign -> Merit Univ of Michigan, Ann Arbor & Merit Univ of Michigan, Ann Arbor -> NCSA, University of Illinois, Champaign",1,"Westnet, Salt Lake City","Cornell Theory Center, Ithaca NY",6.4338198,6.433819770812988,1.0000000045364983
34,nsfnet,11,1.2,uncertainty_aware_lstm_robust_lp,critical_failure_fixed,"NCSA, University of Illinois, Champaign -> Merit Univ of Michigan, Ann Arbor & Merit Univ of Michigan, Ann Arbor -> NCSA, University of Illinois, Champaign",2,"MIDnet, Lincoln, NE","Cornell Theory Center, Ithaca NY",6.3115487,6.311548709869385,0.9999999984362975
34,nsfnet,11,1.2,uncertainty_aware_lstm_robust_lp,critical_failure_fixed,"NCSA, University of Illinois, Champaign -> Merit Univ of Michigan, Ann Arbor & Merit Univ of Michigan, Ann Arbor -> NCSA, University of Illinois, Champaign",3,Pittsburgh Supercomputer Center,"MIDnet, Lincoln, NE",6.3083749,6.308374881744385,1.0000000028938696
34,nsfnet,11,1.2,uncertainty_aware_lstm_robust_lp,critical_failure_fixed,"NCSA, University of Illinois, Champaign -> Merit Univ of Michigan, Ann Arbor & Merit Univ of Michigan, Ann Arbor -> NCSA, University of Illinois, Champaign",4,"Merit Univ of Michigan, Ann Arbor","NCSA, University of Illinois, Champaign",6.178669,6.178668975830078,1.000000003911833
34,nsfnet,11,1.2,uncertainty_aware_lstm_robust_lp,critical_failure_fixed,"NCSA, University of Illinois, Champaign -> Merit Univ of Michigan, Ann Arbor & Merit Univ of Michigan, Ann Arbor -> NCSA, University of Illinois, Champaign",5,"Cornell Theory Center, Ithaca NY","NCAR, Boulder",5.5758581,5.575858116149902,0.9999999971036023
34,nsfnet,11,1.2,uncertainty_aware_lstm_robust_lp,random_failure_fixed,"SEQSUINET, Rice University, Houston -> SURANET, Georgia Tech, Atlanta & SURANET, Georgia Tech, Atlanta -> SEQSUINET, Rice University, Houston",1,"Jon Von Neumann Center, Princeton, NJ",San Diego Supercomputer Center,6.2672501,6.267250061035156,1.0000000062172154
34,nsfnet,11,1.2,uncertainty_aware_lstm_robust_lp,random_failure_fixed,"SEQSUINET, Rice University, Houston -> SURANET, Georgia Tech, Atlanta & SURANET, Georgia Tech, Atlanta -> SEQSUINET, Rice University, Houston",2,"SURANET, Georgia Tech, Atlanta",San Diego Supercomputer Center,5.9180503,5.918050289154053,1.0000000018326893
34,nsfnet,11,1.2,uncertainty_aware_lstm_robust_lp,random_failure_fixed,"SEQSUINET, Rice University, Houston -> SURANET, Georgia Tech, Atlanta & SURANET, Georgia Tech, Atlanta -> SEQSUINET, Rice University, Houston",3,"Jon Von Neumann Center, Princeton, NJ","NorthWestNet, Seattle",5.5640082,5.5640082359313965,0.9999999935421741
34,nsfnet,11,1.2,uncertainty_aware_lstm_robust_lp,random_failure_fixed,"SEQSUINET, Rice University, Houston -> SURANET, Georgia Tech, Atlanta & SURANET, Georgia Tech, Atlanta -> SEQSUINET, Rice University, Houston",4,"NCSA, University of Illinois, Champaign","SURANET, Georgia Tech, Atlanta",5.5369925,5.53699254989624,0.9999999909885665
34,nsfnet,11,1.2,uncertainty_aware_lstm_robust_lp,random_failure_fixed,"SEQSUINET, Rice University, Houston -> SURANET, Georgia Tech, Atlanta & SURANET, Georgia Tech, Atlanta -> SEQSUINET, Rice University, Houston",5,San Diego Supercomputer Center,"Jon Von Neumann Center, Princeton, NJ",5.3750181,5.375018119812012,0.9999999963140568
34,nsfnet,11,1.2,transformer,critical_failure_fixed,"NCSA, University of Illinois, Champaign -> Merit Univ of Michigan, Ann Arbor & Merit Univ of Michigan, Ann Arbor -> NCSA, University of Illinois, Champaign",1,"MIDnet, Lincoln, NE","Cornell Theory Center, Ithaca NY",5.0501404,5.050140380859375,1.0000000037901173
34,nsfnet,11,1.2,transformer,critical_failure_fixed,"NCSA, University of Illinois, Champaign -> Merit Univ of Michigan, Ann Arbor & Merit Univ of Michigan, Ann Arbor -> NCSA, University of Illinois, Champaign",2,Pittsburgh Supercomputer Center,"MIDnet, Lincoln, NE",4.9967251,4.996725082397461,1.0000000035228152
34,nsfnet,11,1.2,transformer,critical_failure_fixed,"NCSA, University of Illinois, Champaign -> Merit Univ of Michigan, Ann Arbor & Merit Univ of Michigan, Ann Arbor -> NCSA, University of Illinois, Champaign",3,"Merit Univ of Michigan, Ann Arbor","NCSA, University of Illinois, Champaign",4.906198,4.906198024749756,0.9999999949554103
34,nsfnet,11,1.2,transformer,critical_failure_fixed,"NCSA, University of Illinois, Champaign -> Merit Univ of Michigan, Ann Arbor & Merit Univ of Michigan, Ann Arbor -> NCSA, University of Illinois, Champaign",4,"SURANET, Georgia Tech, Atlanta","Merit Univ of Michigan, Ann Arbor",4.8077688,4.807768821716309,0.9999999954830797
34,nsfnet,11,1.2,transformer,critical_failure_fixed,"NCSA, University of Illinois, Champaign -> Merit Univ of Michigan, Ann Arbor & Merit Univ of Michigan, Ann Arbor -> NCSA, University of Illinois, Champaign",5,San Diego Supercomputer Center,"Merit Univ of Michigan, Ann Arbor",4.6582761,4.658276081085205,1.000000004060471
34,nsfnet,11,1.2,transformer,random_failure_fixed,"SEQSUINET, Rice University, Houston -> SURANET, Georgia Tech, Atlanta & SURANET, Georgia Tech, Atlanta -> SEQSUINET, Rice University, Houston",1,"Jon Von Neumann Center, Princeton, NJ",San Diego Supercomputer Center,4.9066224,4.906622409820557,0.9999999979985098
34,nsfnet,11,1.2,transformer,random_failure_fixed,"SEQSUINET, Rice University, Houston -> SURANET, Georgia Tech, Atlanta & SURANET, Georgia Tech, Atlanta -> SEQSUINET, Rice University, Houston",2,"SURANET, Georgia Tech, Atlanta","Merit Univ of Michigan, Ann Arbor",4.8077688,4.807768821716309,0.9999999954830797
34,nsfnet,11,1.2,transformer,random_failure_fixed,"SEQSUINET, Rice University, Houston -> SURANET, Georgia Tech, Atlanta & SURANET, Georgia Tech, Atlanta -> SEQSUINET, Rice University, Houston",3,"SURANET, Georgia Tech, Atlanta",San Diego Supercomputer Center,4.5143919,4.514391899108887,1.0000000001973939
34,nsfnet,11,1.2,transformer,random_failure_fixed,"SEQSUINET, Rice University, Houston -> SURANET, Georgia Tech, Atlanta & SURANET, Georgia Tech, Atlanta -> SEQSUINET, Rice University, Houston",4,"Jon Von Neumann Center, Princeton, NJ","NorthWestNet, Seattle",4.4677448,4.467744827270508,0.9999999938961358
34,nsfnet,11,1.2,transformer,random_failure_fixed,"SEQSUINET, Rice University, Houston -> SURANET, Georgia Tech, Atlanta & SURANET, Georgia Tech, Atlanta -> SEQSUINET, Rice University, Houston",5,San Diego Supercomputer Center,"Jon Von Neumann Center, Princeton, NJ",4.250608,4.250607967376709,1.0000000076749704
