time_step,topology,seed,load_scale,method,scenario,failed_link,commodity_rank,source,destination,path_rank,path_flow,path_nodes,path_edges,contains_failed_link
22,abilene,11,1.0,current_demand_lp,critical_failure_fixed,Denver -> Kansas City & Kansas City -> Denver,1,Sunnyvale,Indianapolis,1,5.2632064,Sunnyvale | Denver | Kansas City | Indianapolis,Sunnyvale->Denver | Denver->Kansas City | Kansas City->Indianapolis,1
22,abilene,11,1.0,current_demand_lp,critical_failure_fixed,Denver -> Kansas City & Kansas City -> Denver,2,Washington DC,Denver,1,4.8999019,Washington DC | Atlanta | Houston | Kansas City | Denver,Washington DC->Atlanta | Atlanta->Houston | Houston->Kansas City | Kansas City->Denver,1
22,abilene,11,1.0,current_demand_lp,critical_failure_fixed,Denver -> Kansas City & Kansas City -> Denver,3,Sunnyvale,Chicago,1,4.5754515,Sunnyvale | Denver | Kansas City | Indianapolis | Chicago,Sunnyvale->Denver | Denver->Kansas City | Kansas City->Indianapolis | Indianapolis->Chicago,1
22,abilene,11,1.0,current_demand_lp,critical_failure_fixed,Denver -> Kansas City & Kansas City -> Denver,4,Houston,Seattle,1,4.5724543,Houston | Kansas City | Denver | Seattle,Houston->Kansas City | Kansas City->Denver | Denver->Seattle,1
22,abilene,11,1.0,current_demand_lp,critical_failure_fixed,Denver -> Kansas City & Kansas City -> Denver,5,Atlanta,Sunnyvale,1,4.4208694,Atlanta | Indianapolis | Kansas City | Denver | Sunnyvale,Atlanta->Indianapolis | Indianapolis->Kansas City | Kansas City->Denver | Denver->Sunnyvale,1
22,abilene,11,1.0,current_demand_lp,random_failure_fixed,Kansas City -> Houston & Houston -> Kansas City,1,Kansas City,Los Angeles,1,5.2139173,Kansas City | Houston | Los Angeles,Kansas City->Houston | Houston->Los Angeles,1
22,abilene,11,1.0,current_demand_lp,random_failure_fixed,Kansas City -> Houston & Houston -> Kansas City,2,Washington DC,Denver,1,4.8999019,Washington DC | Atlanta | Houston | Kansas City | Denver,Washington DC->Atlanta | Atlanta->Houston | Houston->Kansas City | Kansas City->Denver,1
22,abilene,11,1.0,current_demand_lp,random_failure_fixed,Kansas City -> Houston & Houston -> Kansas City,3,Houston,Seattle,1,4.5724543,Houston | Kansas City | Denver | Seattle,Houston->Kansas City | Kansas City->Denver | Denver->Seattle,1
22,abilene,11,1.0,current_demand_lp,random_failure_fixed,Kansas City -> Houston & Houston -> Kansas City,4,Denver,Atlanta,1,4.2309407,Denver | Kansas City | Houston | Atlanta,Denver->Kansas City | Kansas City->Houston | Houston->Atlanta,1
22,abilene,11,1.0,current_demand_lp,random_failure_fixed,Kansas City -> Houston & Houston -> Kansas City,5,Houston,Denver,1,4.2107303,Houston | Kansas City | Denver,Houston->Kansas City | Kansas City->Denver,1
22,abilene,11,1.0,robust_current_demand_lp,critical_failure_fixed,Denver -> Kansas City & Kansas City -> Denver,1,Sunnyvale,Indianapolis,1,5.2632064,Sunnyvale | Denver | Kansas City | Indianapolis,Sunnyvale->Denver | Denver->Kansas City | Kansas City->Indianapolis,1
22,abilene,11,1.0,robust_current_demand_lp,critical_failure_fixed,Denver -> Kansas City & Kansas City -> Denver,2,Washington DC,Denver,1,4.8999019,Washington DC | Atlanta | Indianapolis | Kansas City | Denver,Washington DC->Atlanta | Atlanta->Indianapolis | Indianapolis->Kansas City | Kansas City->Denver,1
22,abilene,11,1.0,robust_current_demand_lp,critical_failure_fixed,Denver -> Kansas City & Kansas City -> Denver,3,Sunnyvale,Chicago,1,4.5754515,Sunnyvale | Denver | Kansas City | Indianapolis | Chicago,Sunnyvale->Denver | Denver->Kansas City | Kansas City->Indianapolis | Indianapolis->Chicago,1
22,abilene,11,1.0,robust_current_demand_lp,critical_failure_fixed,Denver -> Kansas City & Kansas City -> Denver,4,Houston,Seattle,1,4.5724543,Houston | Kansas City | Denver | Seattle,Houston->Kansas City | Kansas City->Denver | Denver->Seattle,1
22,abilene,11,1.0,robust_current_demand_lp,critical_failure_fixed,Denver -> Kansas City & Kansas City -> Denver,5,Sunnyvale,New York,1,4.4417975,Sunnyvale | Denver | Kansas City | Indianapolis | Chicago | New York,Sunnyvale->Denver | Denver->Kansas City | Kansas City->Indianapolis | Indianapolis->Chicago | Chicago->New York,1
22,abilene,11,1.0,robust_current_demand_lp,random_failure_fixed,Kansas City -> Houston & Houston -> Kansas City,1,Kansas City,Los Angeles,1,5.2139173,Kansas City | Houston | Los Angeles,Kansas City->Houston | Houston->Los Angeles,1
22,abilene,11,1.0,robust_current_demand_lp,random_failure_fixed,Kansas City -> Houston & Houston -> Kansas City,2,Houston,Seattle,1,4.5724543,Houston | Kansas City | Denver | Seattle,Houston->Kansas City | Kansas City->Denver | Denver->Seattle,1
22,abilene,11,1.0,robust_current_demand_lp,random_failure_fixed,Kansas City -> Houston & Houston -> Kansas City,3,Denver,Washington DC,1,4.3669092,Denver | Kansas City | Houston | Atlanta | Washington DC,Denver->Kansas City | Kansas City->Houston | Houston->Atlanta | Atlanta->Washington DC,1
22,abilene,11,1.0,robust_current_demand_lp,random_failure_fixed,Kansas City -> Houston & Houston -> Kansas City,4,Kansas City,Atlanta,1,4.2797345,Kansas City | Houston | Atlanta,Kansas City->Houston | Houston->Atlanta,1
22,abilene,11,1.0,robust_current_demand_lp,random_failure_fixed,Kansas City -> Houston & Houston -> Kansas City,5,Houston,Denver,1,4.2107303,Houston | Kansas City | Denver,Houston->Kansas City | Kansas City->Denver,1
22,abilene,11,1.0,moving_average,critical_failure_fixed,Kansas City -> Indianapolis & Indianapolis -> Kansas City,1,Atlanta,Sunnyvale,1,5.2839041,Atlanta | Indianapolis | Kansas City | Denver | Sunnyvale,Atlanta->Indianapolis | Indianapolis->Kansas City | Kansas City->Denver | Denver->Sunnyvale,1
22,abilene,11,1.0,moving_average,critical_failure_fixed,Kansas City -> Indianapolis & Indianapolis -> Kansas City,2,Chicago,Sunnyvale,1,5.2594412,Chicago | Indianapolis | Kansas City | Denver | Sunnyvale,Chicago->Indianapolis | Indianapolis->Kansas City | Kansas City->Denver | Denver->Sunnyvale,1
22,abilene,11,1.0,moving_average,critical_failure_fixed,Kansas City -> Indianapolis & Indianapolis -> Kansas City,3,Seattle,New York,1,5.1825621,Seattle | Denver | Kansas City | Indianapolis | Chicago | New York,Seattle->Denver | Denver->Kansas City | Kansas City->Indianapolis | Indianapolis->Chicago | Chicago->New York,1
22,abilene,11,1.0,moving_average,critical_failure_fixed,Kansas City -> Indianapolis & Indianapolis -> Kansas City,4,Kansas City,New York,1,5.0900031,Kansas City | Indianapolis | Chicago | New York,Kansas City->Indianapolis | Indianapolis->Chicago | Chicago->New York,1
22,abilene,11,1.0,moving_average,critical_failure_fixed,Kansas City -> Indianapolis & Indianapolis -> Kansas City,5,Denver,Washington DC,1,5.0556029,Denver | Kansas City | Indianapolis | Atlanta | Washington DC,Denver->Kansas City | Kansas City->Indianapolis | Indianapolis->Atlanta | Atlanta->Washington DC,1
22,abilene,11,1.0,moving_average,random_failure_fixed,Kansas City -> Houston & Houston -> Kansas City,1,Kansas City,Los Angeles,1,5.2964203,Kansas City | Houston | Los Angeles,Kansas City->Houston | Houston->Los Angeles,1
22,abilene,11,1.0,moving_average,random_failure_fixed,Kansas City -> Houston & Houston -> Kansas City,2,Washington DC,Denver,1,5.0581767,Washington DC | Atlanta | Houston | Kansas City | Denver,Washington DC->Atlanta | Atlanta->Houston | Houston->Kansas City | Kansas City->Denver,1
22,abilene,11,1.0,moving_average,random_failure_fixed,Kansas City -> Houston & Houston -> Kansas City,3,Houston,Seattle,1,5.0257699,Houston | Kansas City | Denver | Seattle,Houston->Kansas City | Kansas City->Denver | Denver->Seattle,1
22,abilene,11,1.0,moving_average,random_failure_fixed,Kansas City -> Houston & Houston -> Kansas City,4,Houston,Denver,1,4.6557704,Houston | Kansas City | Denver,Houston->Kansas City | Kansas City->Denver,1
22,abilene,11,1.0,moving_average,random_failure_fixed,Kansas City -> Houston & Houston -> Kansas City,5,Houston,Kansas City,1,4.5149747,Houston | Kansas City,Houston->Kansas City,1
22,abilene,11,1.0,linear_autoregressive,critical_failure_fixed,Denver -> Kansas City & Kansas City -> Denver,1,Washington DC,Denver,1,4.4794863,Washington DC | Atlanta | Houston | Kansas City | Denver,Washington DC->Atlanta | Atlanta->Houston | Houston->Kansas City | Kansas City->Denver,1
22,abilene,11,1.0,linear_autoregressive,critical_failure_fixed,Denver -> Kansas City & Kansas City -> Denver,2,Indianapolis,Seattle,1,4.3915651,Indianapolis | Kansas City | Denver | Seattle,Indianapolis->Kansas City | Kansas City->Denver | Denver->Seattle,1
22,abilene,11,1.0,linear_autoregressive,critical_failure_fixed,Denver -> Kansas City & Kansas City -> Denver,3,Denver,Washington DC,1,4.3668283,Denver | Kansas City | Indianapolis | Atlanta | Washington DC,Denver->Kansas City | Kansas City->Indianapolis | Indianapolis->Atlanta | Atlanta->Washington DC,1
22,abilene,11,1.0,linear_autoregressive,critical_failure_fixed,Denver -> Kansas City & Kansas City -> Denver,4,Atlanta,Sunnyvale,1,4.3267785,Atlanta | Indianapolis | Kansas City | Denver | Sunnyvale,Atlanta->Indianapolis | Indianapolis->Kansas City | Kansas City->Denver | Denver->Sunnyvale,1
22,abilene,11,1.0,linear_autoregressive,critical_failure_fixed,Denver -> Kansas City & Kansas City -> Denver,5,Kansas City,Sunnyvale,1,4.2836867,Kansas City | Denver | Sunnyvale,Kansas City->Denver | Denver->Sunnyvale,1
22,abilene,11,1.0,linear_autoregressive,random_failure_fixed,Kansas City -> Houston & Houston -> Kansas City,1,Washington DC,Denver,1,4.4794863,Washington DC | Atlanta | Houston | Kansas City | Denver,Washington DC->Atlanta | Atlanta->Houston | Houston->Kansas City | Kansas City->Denver,1
22,abilene,11,1.0,linear_autoregressive,random_failure_fixed,Kansas City -> Houston & Houston -> Kansas City,2,Kansas City,Los Angeles,1,4.2226802,Kansas City | Houston | Los Angeles,Kansas City->Houston | Houston->Los Angeles,1
22,abilene,11,1.0,linear_autoregressive,random_failure_fixed,Kansas City -> Houston & Houston -> Kansas City,3,Houston,Seattle,1,4.0552266,Houston | Kansas City | Denver | Seattle,Houston->Kansas City | Kansas City->Denver | Denver->Seattle,1
22,abilene,11,1.0,linear_autoregressive,random_failure_fixed,Kansas City -> Houston & Houston -> Kansas City,4,Denver,Atlanta,1,3.9876757,Denver | Kansas City | Houston | Atlanta,Denver->Kansas City | Kansas City->Houston | Houston->Atlanta,1
22,abilene,11,1.0,linear_autoregressive,random_failure_fixed,Kansas City -> Houston & Houston -> Kansas City,5,Houston,Kansas City,1,3.7820753,Houston | Kansas City,Houston->Kansas City,1
22,abilene,11,1.0,lstm,critical_failure_fixed,Denver -> Kansas City & Kansas City -> Denver,1,Chicago,Sunnyvale,1,5.0567951,Chicago | Indianapolis | Kansas City | Denver | Sunnyvale,Chicago->Indianapolis | Indianapolis->Kansas City | Kansas City->Denver | Denver->Sunnyvale,1
22,abilene,11,1.0,lstm,critical_failure_fixed,Denver -> Kansas City & Kansas City -> Denver,2,Kansas City,Sunnyvale,1,4.9709592,Kansas City | Denver | Sunnyvale,Kansas City->Denver | Denver->Sunnyvale,1
22,abilene,11,1.0,lstm,critical_failure_fixed,Denver -> Kansas City & Kansas City -> Denver,3,Atlanta,Sunnyvale,1,4.9396467,Atlanta | Indianapolis | Kansas City | Denver | Sunnyvale,Atlanta->Indianapolis | Indianapolis->Kansas City | Kansas City->Denver | Denver->Sunnyvale,1
22,abilene,11,1.0,lstm,critical_failure_fixed,Denver -> Kansas City & Kansas City -> Denver,4,Seattle,New York,1,4.8729591,Seattle | Denver | Kansas City | Indianapolis | Chicago | New York,Seattle->Denver | Denver->Kansas City | Kansas City->Indianapolis | Indianapolis->Chicago | Chicago->New York,1
22,abilene,11,1.0,lstm,critical_failure_fixed,Denver -> Kansas City & Kansas City -> Denver,5,Denver,Washington DC,1,4.835155,Denver | Kansas City | Indianapolis | Atlanta | Washington DC,Denver->Kansas City | Kansas City->Indianapolis | Indianapolis->Atlanta | Atlanta->Washington DC,1
22,abilene,11,1.0,lstm,random_failure_fixed,Kansas City -> Houston & Houston -> Kansas City,1,Kansas City,Los Angeles,1,4.9276462,Kansas City | Houston | Los Angeles,Kansas City->Houston | Houston->Los Angeles,1
22,abilene,11,1.0,lstm,random_failure_fixed,Kansas City -> Houston & Houston -> Kansas City,2,Washington DC,Denver,1,4.6980209,Washington DC | Atlanta | Houston | Kansas City | Denver,Washington DC->Atlanta | Atlanta->Houston | Houston->Kansas City | Kansas City->Denver,1
22,abilene,11,1.0,lstm,random_failure_fixed,Kansas City -> Houston & Houston -> Kansas City,3,Houston,Seattle,1,4.6632967,Houston | Kansas City | Denver | Seattle,Houston->Kansas City | Kansas City->Denver | Denver->Seattle,1
22,abilene,11,1.0,lstm,random_failure_fixed,Kansas City -> Houston & Houston -> Kansas City,4,Denver,Atlanta,1,4.3828707,Denver | Kansas City | Houston | Atlanta,Denver->Kansas City | Kansas City->Houston | Houston->Atlanta,1
22,abilene,11,1.0,lstm,random_failure_fixed,Kansas City -> Houston & Houston -> Kansas City,5,Houston,Denver,1,4.3497186,Houston | Kansas City | Denver,Houston->Kansas City | Kansas City->Denver,1
22,abilene,11,1.0,uncertainty_aware_lstm_robust_lp,critical_failure_fixed,Denver -> Kansas City & Kansas City -> Denver,1,Chicago,Sunnyvale,1,5.4078288,Chicago | Indianapolis | Kansas City | Denver | Sunnyvale,Chicago->Indianapolis | Indianapolis->Kansas City | Kansas City->Denver | Denver->Sunnyvale,1
22,abilene,11,1.0,uncertainty_aware_lstm_robust_lp,critical_failure_fixed,Denver -> Kansas City & Kansas City -> Denver,2,Kansas City,Sunnyvale,1,5.2128501,Kansas City | Denver | Sunnyvale,Kansas City->Denver | Denver->Sunnyvale,1
22,abilene,11,1.0,uncertainty_aware_lstm_robust_lp,critical_failure_fixed,Denver -> Kansas City & Kansas City -> Denver,3,Seattle,New York,1,5.0780749,Seattle | Denver | Kansas City | Indianapolis | Chicago | New York,Seattle->Denver | Denver->Kansas City | Kansas City->Indianapolis | Indianapolis->Chicago | Chicago->New York,1
22,abilene,11,1.0,uncertainty_aware_lstm_robust_lp,critical_failure_fixed,Denver -> Kansas City & Kansas City -> Denver,4,Indianapolis,Seattle,1,5.0384669,Indianapolis | Kansas City | Denver | Seattle,Indianapolis->Kansas City | Kansas City->Denver | Denver->Seattle,1
22,abilene,11,1.0,uncertainty_aware_lstm_robust_lp,critical_failure_fixed,Denver -> Kansas City & Kansas City -> Denver,5,Denver,Washington DC,1,5.0383282,Denver | Kansas City | Houston | Atlanta | Washington DC,Denver->Kansas City | Kansas City->Houston | Houston->Atlanta | Atlanta->Washington DC,1
22,abilene,11,1.0,uncertainty_aware_lstm_robust_lp,random_failure_fixed,Kansas City -> Houston & Houston -> Kansas City,1,Kansas City,Los Angeles,1,5.160749,Kansas City | Houston | Los Angeles,Kansas City->Houston | Houston->Los Angeles,1
22,abilene,11,1.0,uncertainty_aware_lstm_robust_lp,random_failure_fixed,Kansas City -> Houston & Houston -> Kansas City,2,Denver,Washington DC,1,5.0383282,Denver | Kansas City | Houston | Atlanta | Washington DC,Denver->Kansas City | Kansas City->Houston | Houston->Atlanta | Atlanta->Washington DC,1
22,abilene,11,1.0,uncertainty_aware_lstm_robust_lp,random_failure_fixed,Kansas City -> Houston & Houston -> Kansas City,3,Houston,Seattle,1,4.8878536,Houston | Kansas City | Denver | Seattle,Houston->Kansas City | Kansas City->Denver | Denver->Seattle,1
22,abilene,11,1.0,uncertainty_aware_lstm_robust_lp,random_failure_fixed,Kansas City -> Houston & Houston -> Kansas City,4,Kansas City,Atlanta,1,4.6134267,Kansas City | Houston | Atlanta,Kansas City->Houston | Houston->Atlanta,1
22,abilene,11,1.0,uncertainty_aware_lstm_robust_lp,random_failure_fixed,Kansas City -> Houston & Houston -> Kansas City,5,Houston,Denver,1,4.5566649,Houston | Kansas City | Denver,Houston->Kansas City | Kansas City->Denver,1
22,abilene,11,1.0,transformer,critical_failure_fixed,Denver -> Kansas City & Kansas City -> Denver,1,Kansas City,Sunnyvale,1,5.249352,Kansas City | Denver | Sunnyvale,Kansas City->Denver | Denver->Sunnyvale,1
22,abilene,11,1.0,transformer,critical_failure_fixed,Denver -> Kansas City & Kansas City -> Denver,2,Seattle,New York,1,5.0402994,Seattle | Denver | Kansas City | Indianapolis | Chicago | New York,Seattle->Denver | Denver->Kansas City | Kansas City->Indianapolis | Indianapolis->Chicago | Chicago->New York,1
22,abilene,11,1.0,transformer,critical_failure_fixed,Denver -> Kansas City & Kansas City -> Denver,3,Chicago,Sunnyvale,1,4.9857869,Chicago | Indianapolis | Kansas City | Denver | Sunnyvale,Chicago->Indianapolis | Indianapolis->Kansas City | Kansas City->Denver | Denver->Sunnyvale,1
22,abilene,11,1.0,transformer,critical_failure_fixed,Denver -> Kansas City & Kansas City -> Denver,4,Atlanta,Sunnyvale,1,4.9514341,Atlanta | Indianapolis | Kansas City | Denver | Sunnyvale,Atlanta->Indianapolis | Indianapolis->Kansas City | Kansas City->Denver | Denver->Sunnyvale,1
22,abilene,11,1.0,transformer,critical_failure_fixed,Denver -> Kansas City & Kansas City -> Denver,5,Denver,Washington DC,1,4.9330649,Denver | Kansas City | Indianapolis | Atlanta | Washington DC,Denver->Kansas City | Kansas City->Indianapolis | Indianapolis->Atlanta | Atlanta->Washington DC,1
22,abilene,11,1.0,transformer,random_failure_fixed,Kansas City -> Houston & Houston -> Kansas City,1,Kansas City,Los Angeles,1,5.0125713,Kansas City | Houston | Los Angeles,Kansas City->Houston | Houston->Los Angeles,1
22,abilene,11,1.0,transformer,random_failure_fixed,Kansas City -> Houston & Houston -> Kansas City,2,Washington DC,Denver,1,4.8898325,Washington DC | Atlanta | Houston | Kansas City | Denver,Washington DC->Atlanta | Atlanta->Houston | Houston->Kansas City | Kansas City->Denver,1
22,abilene,11,1.0,transformer,random_failure_fixed,Kansas City -> Houston & Houston -> Kansas City,3,Houston,Seattle,1,4.683629,Houston | Kansas City | Denver | Seattle,Houston->Kansas City | Kansas City->Denver | Denver->Seattle,1
22,abilene,11,1.0,transformer,random_failure_fixed,Kansas City -> Houston & Houston -> Kansas City,4,Denver,Atlanta,1,4.3039966,Denver | Kansas City | Houston | Atlanta,Denver->Kansas City | Kansas City->Houston | Houston->Atlanta,1
22,abilene,11,1.0,transformer,random_failure_fixed,Kansas City -> Houston & Houston -> Kansas City,5,Houston,Kansas City,1,4.1836824,Houston | Kansas City,Houston->Kansas City,1
23,abilene,11,1.0,current_demand_lp,critical_failure_fixed,Denver -> Kansas City & Kansas City -> Denver,1,Chicago,Sunnyvale,1,5.4894303,Chicago | Indianapolis | Kansas City | Denver | Sunnyvale,Chicago->Indianapolis | Indianapolis->Kansas City | Kansas City->Denver | Denver->Sunnyvale,1
23,abilene,11,1.0,current_demand_lp,critical_failure_fixed,Denver -> Kansas City & Kansas City -> Denver,2,Indianapolis,Seattle,1,5.4718185,Indianapolis | Kansas City | Denver | Seattle,Indianapolis->Kansas City | Kansas City->Denver | Denver->Seattle,1
23,abilene,11,1.0,current_demand_lp,critical_failure_fixed,Denver -> Kansas City & Kansas City -> Denver,3,Denver,Washington DC,1,5.4706987,Denver | Kansas City | Indianapolis | Atlanta | Washington DC,Denver->Kansas City | Kansas City->Indianapolis | Indianapolis->Atlanta | Atlanta->Washington DC,1
23,abilene,11,1.0,current_demand_lp,critical_failure_fixed,Denver -> Kansas City & Kansas City -> Denver,4,Kansas City,Sunnyvale,1,5.4580919,Kansas City | Denver | Sunnyvale,Kansas City->Denver | Denver->Sunnyvale,1
23,abilene,11,1.0,current_demand_lp,critical_failure_fixed,Denver -> Kansas City & Kansas City -> Denver,5,Houston,Seattle,1,5.3995157,Houston | Kansas City | Denver | Seattle,Houston->Kansas City | Kansas City->Denver | Denver->Seattle,1
23,abilene,11,1.0,current_demand_lp,random_failure_fixed,New York -> Chicago & Chicago -> New York,1,Kansas City,New York,1,5.1808222,Kansas City | Indianapolis | Chicago | New York,Kansas City->Indianapolis | Indianapolis->Chicago | Chicago->New York,1
23,abilene,11,1.0,current_demand_lp,random_failure_fixed,New York -> Chicago & Chicago -> New York,2,Seattle,New York,1,4.9014664,Seattle | Denver | Kansas City | Indianapolis | Chicago | New York,Seattle->Denver | Denver->Kansas City | Kansas City->Indianapolis | Indianapolis->Chicago | Chicago->New York,1
23,abilene,11,1.0,current_demand_lp,random_failure_fixed,New York -> Chicago & Chicago -> New York,3,New York,Chicago,1,4.1504859,New York | Chicago,New York->Chicago,1
23,abilene,11,1.0,current_demand_lp,random_failure_fixed,New York -> Chicago & Chicago -> New York,4,Chicago,New York,1,3.9225964,Chicago | New York,Chicago->New York,1
23,abilene,11,1.0,current_demand_lp,random_failure_fixed,New York -> Chicago & Chicago -> New York,5,Washington DC,Chicago,1,3.5985493,Washington DC | New York | Chicago,Washington DC->New York | New York->Chicago,1
23,abilene,11,1.0,robust_current_demand_lp,critical_failure_fixed,Denver -> Kansas City & Kansas City -> Denver,1,Sunnyvale,New York,1,5.6250007,Sunnyvale | Denver | Kansas City | Indianapolis | Chicago | New York,Sunnyvale->Denver | Denver->Kansas City | Kansas City->Indianapolis | Indianapolis->Chicago | Chicago->New York,1
23,abilene,11,1.0,robust_current_demand_lp,critical_failure_fixed,Denver -> Kansas City & Kansas City -> Denver,2,Chicago,Sunnyvale,1,5.4894303,Chicago | Indianapolis | Kansas City | Denver | Sunnyvale,Chicago->Indianapolis | Indianapolis->Kansas City | Kansas City->Denver | Denver->Sunnyvale,1
23,abilene,11,1.0,robust_current_demand_lp,critical_failure_fixed,Denver -> Kansas City & Kansas City -> Denver,3,Indianapolis,Seattle,1,5.4718185,Indianapolis | Kansas City | Denver | Seattle,Indianapolis->Kansas City | Kansas City->Denver | Denver->Seattle,1
23,abilene,11,1.0,robust_current_demand_lp,critical_failure_fixed,Denver -> Kansas City & Kansas City -> Denver,4,Denver,Washington DC,1,5.4706987,Denver | Kansas City | Houston | Atlanta | Washington DC,Denver->Kansas City | Kansas City->Houston | Houston->Atlanta | Atlanta->Washington DC,1
23,abilene,11,1.0,robust_current_demand_lp,critical_failure_fixed,Denver -> Kansas City & Kansas City -> Denver,5,Kansas City,Sunnyvale,1,5.4580919,Kansas City | Denver | Sunnyvale,Kansas City->Denver | Denver->Sunnyvale,1
23,abilene,11,1.0,robust_current_demand_lp,random_failure_fixed,New York -> Chicago & Chicago -> New York,1,Sunnyvale,New York,1,5.6250007,Sunnyvale | Denver | Kansas City | Indianapolis | Chicago | New York,Sunnyvale->Denver | Denver->Kansas City | Kansas City->Indianapolis | Indianapolis->Chicago | Chicago->New York,1
23,abilene,11,1.0,robust_current_demand_lp,random_failure_fixed,New York -> Chicago & Chicago -> New York,2,Kansas City,New York,1,5.1808222,Kansas City | Indianapolis | Chicago | New York,Kansas City->Indianapolis | Indianapolis->Chicago | Chicago->New York,1
23,abilene,11,1.0,robust_current_demand_lp,random_failure_fixed,New York -> Chicago & Chicago -> New York,3,Seattle,New York,1,4.9014664,Seattle | Denver | Kansas City | Indianapolis | Chicago | New York,Seattle->Denver | Denver->Kansas City | Kansas City->Indianapolis | Indianapolis->Chicago | Chicago->New York,1
23,abilene,11,1.0,robust_current_demand_lp,random_failure_fixed,New York -> Chicago & Chicago -> New York,4,New York,Chicago,1,4.1504859,New York | Chicago,New York->Chicago,1
23,abilene,11,1.0,robust_current_demand_lp,random_failure_fixed,New York -> Chicago & Chicago -> New York,5,Chicago,New York,1,3.9225964,Chicago | New York,Chicago->New York,1
23,abilene,11,1.0,moving_average,critical_failure_fixed,Denver -> Kansas City & Kansas City -> Denver,1,Chicago,Sunnyvale,1,5.2755544,Chicago | Indianapolis | Kansas City | Denver | Sunnyvale,Chicago->Indianapolis | Indianapolis->Kansas City | Kansas City->Denver | Denver->Sunnyvale,1
23,abilene,11,1.0,moving_average,critical_failure_fixed,Denver -> Kansas City & Kansas City -> Denver,2,Atlanta,Sunnyvale,1,5.2236802,Atlanta | Indianapolis | Kansas City | Denver | Sunnyvale,Atlanta->Indianapolis | Indianapolis->Kansas City | Kansas City->Denver | Denver->Sunnyvale,1
23,abilene,11,1.0,moving_average,critical_failure_fixed,Denver -> Kansas City & Kansas City -> Denver,3,Kansas City,Sunnyvale,1,5.2152644,Kansas City | Denver | Sunnyvale,Kansas City->Denver | Denver->Sunnyvale,1
23,abilene,11,1.0,moving_average,critical_failure_fixed,Denver -> Kansas City & Kansas City -> Denver,4,Seattle,New York,1,5.0693023,Seattle | Denver | Kansas City | Indianapolis | Chicago | New York,Seattle->Denver | Denver->Kansas City | Kansas City->Indianapolis | Indianapolis->Chicago | Chicago->New York,1
23,abilene,11,1.0,moving_average,critical_failure_fixed,Denver -> Kansas City & Kansas City -> Denver,5,Houston,Seattle,1,5.0097025,Houston | Kansas City | Denver | Seattle,Houston->Kansas City | Kansas City->Denver | Denver->Seattle,1
23,abilene,11,1.0,moving_average,random_failure_fixed,New York -> Chicago & Chicago -> New York,1,Seattle,New York,1,5.0693023,Seattle | Denver | Kansas City | Indianapolis | Chicago | New York,Seattle->Denver | Denver->Kansas City | Kansas City->Indianapolis | Indianapolis->Chicago | Chicago->New York,1
23,abilene,11,1.0,moving_average,random_failure_fixed,New York -> Chicago & Chicago -> New York,2,Kansas City,New York,1,5.017345,Kansas City | Indianapolis | Chicago | New York,Kansas City->Indianapolis | Indianapolis->Chicago | Chicago->New York,1
23,abilene,11,1.0,moving_average,random_failure_fixed,New York -> Chicago & Chicago -> New York,3,Washington DC,Chicago,1,3.8773149,Washington DC | New York | Chicago,Washington DC->New York | New York->Chicago,1
23,abilene,11,1.0,moving_average,random_failure_fixed,New York -> Chicago & Chicago -> New York,4,Chicago,New York,1,3.7581688,Chicago | New York,Chicago->New York,1
23,abilene,11,1.0,moving_average,random_failure_fixed,New York -> Chicago & Chicago -> New York,5,New York,Chicago,1,3.7026578,New York | Chicago,New York->Chicago,1
23,abilene,11,1.0,linear_autoregressive,critical_failure_fixed,Denver -> Kansas City & Kansas City -> Denver,1,Chicago,Sunnyvale,1,5.8109273,Chicago | Indianapolis | Kansas City | Denver | Sunnyvale,Chicago->Indianapolis | Indianapolis->Kansas City | Kansas City->Denver | Denver->Sunnyvale,1
23,abilene,11,1.0,linear_autoregressive,critical_failure_fixed,Denver -> Kansas City & Kansas City -> Denver,2,Kansas City,Sunnyvale,1,5.402347,Kansas City | Denver | Sunnyvale,Kansas City->Denver | Denver->Sunnyvale,1
23,abilene,11,1.0,linear_autoregressive,critical_failure_fixed,Denver -> Kansas City & Kansas City -> Denver,3,Seattle,New York,1,5.2660355,Seattle | Denver | Kansas City | Indianapolis | Chicago | New York,Seattle->Denver | Denver->Kansas City | Kansas City->Indianapolis | Indianapolis->Chicago | Chicago->New York,1
23,abilene,11,1.0,linear_autoregressive,critical_failure_fixed,Denver -> Kansas City & Kansas City -> Denver,4,Atlanta,Sunnyvale,1,5.2583329,Atlanta | Indianapolis | Kansas City | Denver | Sunnyvale,Atlanta->Indianapolis | Indianapolis->Kansas City | Kansas City->Denver | Denver->Sunnyvale,1
23,abilene,11,1.0,linear_autoregressive,critical_failure_fixed,Denver -> Kansas City & Kansas City -> Denver,5,Indianapolis,Seattle,1,5.1387999,Indianapolis | Kansas City | Denver | Seattle,Indianapolis->Kansas City | Kansas City->Denver | Denver->Seattle,1
23,abilene,11,1.0,linear_autoregressive,random_failure_fixed,New York -> Chicago & Chicago -> New York,1,Seattle,New York,1,5.2660355,Seattle | Denver | Kansas City | Indianapolis | Chicago | New York,Seattle->Denver | Denver->Kansas City | Kansas City->Indianapolis | Indianapolis->Chicago | Chicago->New York,1
23,abilene,11,1.0,linear_autoregressive,random_failure_fixed,New York -> Chicago & Chicago -> New York,2,Kansas City,New York,1,5.0406575,Kansas City | Indianapolis | Chicago | New York,Kansas City->Indianapolis | Indianapolis->Chicago | Chicago->New York,1
23,abilene,11,1.0,linear_autoregressive,random_failure_fixed,New York -> Chicago & Chicago -> New York,3,Chicago,New York,1,4.0884641,Chicago | New York,Chicago->New York,1
23,abilene,11,1.0,linear_autoregressive,random_failure_fixed,New York -> Chicago & Chicago -> New York,4,New York,Chicago,1,3.9245342,New York | Chicago,New York->Chicago,1
23,abilene,11,1.0,linear_autoregressive,random_failure_fixed,New York -> Chicago & Chicago -> New York,5,New York,Indianapolis,1,3.7099728,New York | Chicago | Indianapolis,New York->Chicago | Chicago->Indianapolis,1
23,abilene,11,1.0,lstm,critical_failure_fixed,Denver -> Kansas City & Kansas City -> Denver,1,Chicago,Sunnyvale,1,5.0567951,Chicago | Indianapolis | Kansas City | Denver | Sunnyvale,Chicago->Indianapolis | Indianapolis->Kansas City | Kansas City->Denver | Denver->Sunnyvale,1
23,abilene,11,1.0,lstm,critical_failure_fixed,Denver -> Kansas City & Kansas City -> Denver,2,Kansas City,Sunnyvale,1,4.9709592,Kansas City | Denver | Sunnyvale,Kansas City->Denver | Denver->Sunnyvale,1
23,abilene,11,1.0,lstm,critical_failure_fixed,Denver -> Kansas City & Kansas City -> Denver,3,Atlanta,Sunnyvale,1,4.9396467,Atlanta | Indianapolis | Kansas City | Denver | Sunnyvale,Atlanta->Indianapolis | Indianapolis->Kansas City | Kansas City->Denver | Denver->Sunnyvale,1
23,abilene,11,1.0,lstm,critical_failure_fixed,Denver -> Kansas City & Kansas City -> Denver,4,Seattle,New York,1,4.8729591,Seattle | Denver | Kansas City | Indianapolis | Chicago | New York,Seattle->Denver | Denver->Kansas City | Kansas City->Indianapolis | Indianapolis->Chicago | Chicago->New York,1
23,abilene,11,1.0,lstm,critical_failure_fixed,Denver -> Kansas City & Kansas City -> Denver,5,Denver,Washington DC,1,4.835155,Denver | Kansas City | Indianapolis | Atlanta | Washington DC,Denver->Kansas City | Kansas City->Indianapolis | Indianapolis->Atlanta | Atlanta->Washington DC,1
23,abilene,11,1.0,lstm,random_failure_fixed,New York -> Chicago & Chicago -> New York,1,Seattle,New York,1,4.8729591,Seattle | Denver | Kansas City | Indianapolis | Chicago | New York,Seattle->Denver | Denver->Kansas City | Kansas City->Indianapolis | Indianapolis->Chicago | Chicago->New York,1
23,abilene,11,1.0,lstm,random_failure_fixed,New York -> Chicago & Chicago -> New York,2,Kansas City,New York,1,4.6942682,Kansas City | Indianapolis | Chicago | New York,Kansas City->Indianapolis | Indianapolis->Chicago | Chicago->New York,1
23,abilene,11,1.0,lstm,random_failure_fixed,New York -> Chicago & Chicago -> New York,3,Washington DC,Chicago,1,3.658639,Washington DC | New York | Chicago,Washington DC->New York | New York->Chicago,1
23,abilene,11,1.0,lstm,random_failure_fixed,New York -> Chicago & Chicago -> New York,4,New York,Chicago,1,3.6247141,New York | Chicago,New York->Chicago,1
23,abilene,11,1.0,lstm,random_failure_fixed,New York -> Chicago & Chicago -> New York,5,Chicago,New York,1,3.6023684,Chicago | New York,Chicago->New York,1
23,abilene,11,1.0,uncertainty_aware_lstm_robust_lp,critical_failure_fixed,Denver -> Kansas City & Kansas City -> Denver,1,Chicago,Sunnyvale,1,5.4078288,Chicago | Indianapolis | Kansas City | Denver | Sunnyvale,Chicago->Indianapolis | Indianapolis->Kansas City | Kansas City->Denver | Denver->Sunnyvale,1
23,abilene,11,1.0,uncertainty_aware_lstm_robust_lp,critical_failure_fixed,Denver -> Kansas City & Kansas City -> Denver,2,Kansas City,Sunnyvale,1,5.2128501,Kansas City | Denver | Sunnyvale,Kansas City->Denver | Denver->Sunnyvale,1
23,abilene,11,1.0,uncertainty_aware_lstm_robust_lp,critical_failure_fixed,Denver -> Kansas City & Kansas City -> Denver,3,Seattle,New York,1,5.0780749,Seattle | Denver | Kansas City | Indianapolis | Chicago | New York,Seattle->Denver | Denver->Kansas City | Kansas City->Indianapolis | Indianapolis->Chicago | Chicago->New York,1
23,abilene,11,1.0,uncertainty_aware_lstm_robust_lp,critical_failure_fixed,Denver -> Kansas City & Kansas City -> Denver,4,Indianapolis,Seattle,1,5.0384669,Indianapolis | Kansas City | Denver | Seattle,Indianapolis->Kansas City | Kansas City->Denver | Denver->Seattle,1
23,abilene,11,1.0,uncertainty_aware_lstm_robust_lp,critical_failure_fixed,Denver -> Kansas City & Kansas City -> Denver,5,Denver,Washington DC,1,5.0383282,Denver | Kansas City | Houston | Atlanta | Washington DC,Denver->Kansas City | Kansas City->Houston | Houston->Atlanta | Atlanta->Washington DC,1
23,abilene,11,1.0,uncertainty_aware_lstm_robust_lp,random_failure_fixed,New York -> Chicago & Chicago -> New York,1,Seattle,New York,1,5.0780749,Seattle | Denver | Kansas City | Indianapolis | Chicago | New York,Seattle->Denver | Denver->Kansas City | Kansas City->Indianapolis | Indianapolis->Chicago | Chicago->New York,1
23,abilene,11,1.0,uncertainty_aware_lstm_robust_lp,random_failure_fixed,New York -> Chicago & Chicago -> New York,2,Kansas City,New York,1,4.9219151,Kansas City | Indianapolis | Chicago | New York,Kansas City->Indianapolis | Indianapolis->Chicago | Chicago->New York,1
23,abilene,11,1.0,uncertainty_aware_lstm_robust_lp,random_failure_fixed,New York -> Chicago & Chicago -> New York,3,Washington DC,Chicago,1,3.8283727,Washington DC | New York | Chicago,Washington DC->New York | New York->Chicago,1
23,abilene,11,1.0,uncertainty_aware_lstm_robust_lp,random_failure_fixed,New York -> Chicago & Chicago -> New York,4,New York,Chicago,1,3.7769489,New York | Chicago,New York->Chicago,1
23,abilene,11,1.0,uncertainty_aware_lstm_robust_lp,random_failure_fixed,New York -> Chicago & Chicago -> New York,5,Chicago,New York,1,3.7596793,Chicago | New York,Chicago->New York,1
23,abilene,11,1.0,transformer,critical_failure_fixed,Denver -> Kansas City & Kansas City -> Denver,1,Kansas City,Sunnyvale,1,5.6106696,Kansas City | Denver | Sunnyvale,Kansas City->Denver | Denver->Sunnyvale,1
23,abilene,11,1.0,transformer,critical_failure_fixed,Denver -> Kansas City & Kansas City -> Denver,2,Chicago,Sunnyvale,1,5.5313196,Chicago | Indianapolis | Kansas City | Denver | Sunnyvale,Chicago->Indianapolis | Indianapolis->Kansas City | Kansas City->Denver | Denver->Sunnyvale,1
23,abilene,11,1.0,transformer,critical_failure_fixed,Denver -> Kansas City & Kansas City -> Denver,3,Seattle,New York,1,5.4107285,Seattle | Denver | Kansas City | Indianapolis | Chicago | New York,Seattle->Denver | Denver->Kansas City | Kansas City->Indianapolis | Indianapolis->Chicago | Chicago->New York,1
23,abilene,11,1.0,transformer,critical_failure_fixed,Denver -> Kansas City & Kansas City -> Denver,4,Atlanta,Sunnyvale,1,5.3190627,Atlanta | Indianapolis | Kansas City | Denver | Sunnyvale,Atlanta->Indianapolis | Indianapolis->Kansas City | Kansas City->Denver | Denver->Sunnyvale,1
23,abilene,11,1.0,transformer,critical_failure_fixed,Denver -> Kansas City & Kansas City -> Denver,5,Washington DC,Denver,1,5.3026972,Washington DC | Atlanta | Houston | Kansas City | Denver,Washington DC->Atlanta | Atlanta->Houston | Houston->Kansas City | Kansas City->Denver,1
23,abilene,11,1.0,transformer,random_failure_fixed,New York -> Chicago & Chicago -> New York,1,Seattle,New York,1,5.4107285,Seattle | Denver | Kansas City | Indianapolis | Chicago | New York,Seattle->Denver | Denver->Kansas City | Kansas City->Indianapolis | Indianapolis->Chicago | Chicago->New York,1
23,abilene,11,1.0,transformer,random_failure_fixed,New York -> Chicago & Chicago -> New York,2,Kansas City,New York,1,5.1520329,Kansas City | Indianapolis | Chicago | New York,Kansas City->Indianapolis | Indianapolis->Chicago | Chicago->New York,1
23,abilene,11,1.0,transformer,random_failure_fixed,New York -> Chicago & Chicago -> New York,3,Chicago,New York,1,3.9938533,Chicago | New York,Chicago->New York,1
23,abilene,11,1.0,transformer,random_failure_fixed,New York -> Chicago & Chicago -> New York,4,New York,Chicago,1,3.9361277,New York | Chicago,New York->Chicago,1
23,abilene,11,1.0,transformer,random_failure_fixed,New York -> Chicago & Chicago -> New York,5,Washington DC,Chicago,1,3.9316299,Washington DC | New York | Chicago,Washington DC->New York | New York->Chicago,1
24,abilene,11,1.0,current_demand_lp,critical_failure_fixed,Kansas City -> Indianapolis & Indianapolis -> Kansas City,1,Atlanta,Sunnyvale,1,6.5365507,Atlanta | Indianapolis | Kansas City | Denver | Sunnyvale,Atlanta->Indianapolis | Indianapolis->Kansas City | Kansas City->Denver | Denver->Sunnyvale,1
24,abilene,11,1.0,current_demand_lp,critical_failure_fixed,Kansas City -> Indianapolis & Indianapolis -> Kansas City,2,Indianapolis,Seattle,1,6.4701777,Indianapolis | Kansas City | Denver | Seattle,Indianapolis->Kansas City | Kansas City->Denver | Denver->Seattle,1
24,abilene,11,1.0,current_demand_lp,critical_failure_fixed,Kansas City -> Indianapolis & Indianapolis -> Kansas City,3,Denver,Washington DC,1,6.3143346,Denver | Kansas City | Indianapolis | Atlanta | Washington DC,Denver->Kansas City | Kansas City->Indianapolis | Indianapolis->Atlanta | Atlanta->Washington DC,1
24,abilene,11,1.0,current_demand_lp,critical_failure_fixed,Kansas City -> Indianapolis & Indianapolis -> Kansas City,4,Atlanta,Seattle,1,5.9975615,Atlanta | Indianapolis | Kansas City | Denver | Seattle,Atlanta->Indianapolis | Indianapolis->Kansas City | Kansas City->Denver | Denver->Seattle,1
24,abilene,11,1.0,current_demand_lp,critical_failure_fixed,Kansas City -> Indianapolis & Indianapolis -> Kansas City,5,Seattle,New York,1,5.8749899,Seattle | Denver | Kansas City | Indianapolis | Chicago | New York,Seattle->Denver | Denver->Kansas City | Kansas City->Indianapolis | Indianapolis->Chicago | Chicago->New York,1
24,abilene,11,1.0,current_demand_lp,random_failure_fixed,Seattle -> Denver & Denver -> Seattle,1,Indianapolis,Seattle,1,6.4701777,Indianapolis | Kansas City | Denver | Seattle,Indianapolis->Kansas City | Kansas City->Denver | Denver->Seattle,1
24,abilene,11,1.0,current_demand_lp,random_failure_fixed,Seattle -> Denver & Denver -> Seattle,2,Atlanta,Seattle,1,5.9975615,Atlanta | Indianapolis | Kansas City | Denver | Seattle,Atlanta->Indianapolis | Indianapolis->Kansas City | Kansas City->Denver | Denver->Seattle,1
24,abilene,11,1.0,current_demand_lp,random_failure_fixed,Seattle -> Denver & Denver -> Seattle,3,Seattle,New York,1,5.8749899,Seattle | Denver | Kansas City | Indianapolis | Chicago | New York,Seattle->Denver | Denver->Kansas City | Kansas City->Indianapolis | Indianapolis->Chicago | Chicago->New York,1
24,abilene,11,1.0,current_demand_lp,random_failure_fixed,Seattle -> Denver & Denver -> Seattle,4,Houston,Seattle,1,5.4163813,Houston | Kansas City | Denver | Seattle,Houston->Kansas City | Kansas City->Denver | Denver->Seattle,1
24,abilene,11,1.0,current_demand_lp,random_failure_fixed,Seattle -> Denver & Denver -> Seattle,5,Seattle,Indianapolis,1,4.5006269,Seattle | Denver | Kansas City | Indianapolis,Seattle->Denver | Denver->Kansas City | Kansas City->Indianapolis,1
24,abilene,11,1.0,robust_current_demand_lp,critical_failure_fixed,Denver -> Kansas City & Kansas City -> Denver,1,Kansas City,Sunnyvale,1,6.609768,Kansas City | Denver | Sunnyvale,Kansas City->Denver | Denver->Sunnyvale,1
24,abilene,11,1.0,robust_current_demand_lp,critical_failure_fixed,Denver -> Kansas City & Kansas City -> Denver,2,Indianapolis,Seattle,1,6.4701777,Indianapolis | Kansas City | Denver | Seattle,Indianapolis->Kansas City | Kansas City->Denver | Denver->Seattle,1
24,abilene,11,1.0,robust_current_demand_lp,critical_failure_fixed,Denver -> Kansas City & Kansas City -> Denver,3,Denver,Washington DC,1,6.3143346,Denver | Kansas City | Indianapolis | Atlanta | Washington DC,Denver->Kansas City | Kansas City->Indianapolis | Indianapolis->Atlanta | Atlanta->Washington DC,1
24,abilene,11,1.0,robust_current_demand_lp,critical_failure_fixed,Denver -> Kansas City & Kansas City -> Denver,4,Sunnyvale,New York,1,6.0893615,Sunnyvale | Denver | Kansas City | Indianapolis | Chicago | New York,Sunnyvale->Denver | Denver->Kansas City | Kansas City->Indianapolis | Indianapolis->Chicago | Chicago->New York,1
24,abilene,11,1.0,robust_current_demand_lp,critical_failure_fixed,Denver -> Kansas City & Kansas City -> Denver,5,Atlanta,Seattle,1,5.9975615,Atlanta | Indianapolis | Kansas City | Denver | Seattle,Atlanta->Indianapolis | Indianapolis->Kansas City | Kansas City->Denver | Denver->Seattle,1
24,abilene,11,1.0,robust_current_demand_lp,random_failure_fixed,Seattle -> Denver & Denver -> Seattle,1,Indianapolis,Seattle,1,6.4701777,Indianapolis | Kansas City | Denver | Seattle,Indianapolis->Kansas City | Kansas City->Denver | Denver->Seattle,1
24,abilene,11,1.0,robust_current_demand_lp,random_failure_fixed,Seattle -> Denver & Denver -> Seattle,2,Atlanta,Seattle,1,5.9975615,Atlanta | Indianapolis | Kansas City | Denver | Seattle,Atlanta->Indianapolis | Indianapolis->Kansas City | Kansas City->Denver | Denver->Seattle,1
24,abilene,11,1.0,robust_current_demand_lp,random_failure_fixed,Seattle -> Denver & Denver -> Seattle,3,Seattle,New York,1,5.8749899,Seattle | Denver | Kansas City | Indianapolis | Chicago | New York,Seattle->Denver | Denver->Kansas City | Kansas City->Indianapolis | Indianapolis->Chicago | Chicago->New York,1
24,abilene,11,1.0,robust_current_demand_lp,random_failure_fixed,Seattle -> Denver & Denver -> Seattle,4,Houston,Seattle,1,5.4163813,Houston | Kansas City | Denver | Seattle,Houston->Kansas City | Kansas City->Denver | Denver->Seattle,1
24,abilene,11,1.0,robust_current_demand_lp,random_failure_fixed,Seattle -> Denver & Denver -> Seattle,5,Washington DC,Seattle,1,4.9810651,Washington DC | Atlanta | Indianapolis | Kansas City | Denver | Seattle,Washington DC->Atlanta | Atlanta->Indianapolis | Indianapolis->Kansas City | Kansas City->Denver | Denver->Seattle,1
24,abilene,11,1.0,moving_average,critical_failure_fixed,Kansas City -> Indianapolis & Indianapolis -> Kansas City,1,Atlanta,Sunnyvale,1,5.3016459,Atlanta | Indianapolis | Kansas City | Denver | Sunnyvale,Atlanta->Indianapolis | Indianapolis->Kansas City | Kansas City->Denver | Denver->Sunnyvale,1
24,abilene,11,1.0,moving_average,critical_failure_fixed,Kansas City -> Indianapolis & Indianapolis -> Kansas City,2,Chicago,Sunnyvale,1,5.2802912,Chicago | Indianapolis | Kansas City | Denver | Sunnyvale,Chicago->Indianapolis | Indianapolis->Kansas City | Kansas City->Denver | Denver->Sunnyvale,1
24,abilene,11,1.0,moving_average,critical_failure_fixed,Kansas City -> Indianapolis & Indianapolis -> Kansas City,3,Seattle,New York,1,5.0928683,Seattle | Denver | Kansas City | Indianapolis | Chicago | New York,Seattle->Denver | Denver->Kansas City | Kansas City->Indianapolis | Indianapolis->Chicago | Chicago->New York,1
24,abilene,11,1.0,moving_average,critical_failure_fixed,Kansas City -> Indianapolis & Indianapolis -> Kansas City,4,Indianapolis,Seattle,1,5.0719658,Indianapolis | Kansas City | Denver | Seattle,Indianapolis->Kansas City | Kansas City->Denver | Denver->Seattle,1
24,abilene,11,1.0,moving_average,critical_failure_fixed,Kansas City -> Indianapolis & Indianapolis -> Kansas City,5,Denver,Washington DC,1,5.0631833,Denver | Kansas City | Indianapolis | Atlanta | Washington DC,Denver->Kansas City | Kansas City->Indianapolis | Indianapolis->Atlanta | Atlanta->Washington DC,1
24,abilene,11,1.0,moving_average,random_failure_fixed,Seattle -> Denver & Denver -> Seattle,1,Seattle,New York,1,5.0928683,Seattle | Denver | Kansas City | Indianapolis | Chicago | New York,Seattle->Denver | Denver->Kansas City | Kansas City->Indianapolis | Indianapolis->Chicago | Chicago->New York,1
24,abilene,11,1.0,moving_average,random_failure_fixed,Seattle -> Denver & Denver -> Seattle,2,Indianapolis,Seattle,1,5.0719658,Indianapolis | Kansas City | Denver | Seattle,Indianapolis->Kansas City | Kansas City->Denver | Denver->Seattle,1
24,abilene,11,1.0,moving_average,random_failure_fixed,Seattle -> Denver & Denver -> Seattle,3,Houston,Seattle,1,4.9624286,Houston | Kansas City | Denver | Seattle,Houston->Kansas City | Kansas City->Denver | Denver->Seattle,1
24,abilene,11,1.0,moving_average,random_failure_fixed,Seattle -> Denver & Denver -> Seattle,4,Atlanta,Seattle,1,4.8924595,Atlanta | Indianapolis | Kansas City | Denver | Seattle,Atlanta->Indianapolis | Indianapolis->Kansas City | Kansas City->Denver | Denver->Seattle,1
24,abilene,11,1.0,moving_average,random_failure_fixed,Seattle -> Denver & Denver -> Seattle,5,Seattle,Indianapolis,1,3.674598,Seattle | Denver | Kansas City | Indianapolis,Seattle->Denver | Denver->Kansas City | Kansas City->Indianapolis,1
24,abilene,11,1.0,linear_autoregressive,critical_failure_fixed,Denver -> Kansas City & Kansas City -> Denver,1,Kansas City,Sunnyvale,1,5.9643163,Kansas City | Denver | Sunnyvale,Kansas City->Denver | Denver->Sunnyvale,1
24,abilene,11,1.0,linear_autoregressive,critical_failure_fixed,Denver -> Kansas City & Kansas City -> Denver,2,Denver,Washington DC,1,5.9417484,Denver | Kansas City | Indianapolis | Atlanta | Washington DC,Denver->Kansas City | Kansas City->Indianapolis | Indianapolis->Atlanta | Atlanta->Washington DC,1
24,abilene,11,1.0,linear_autoregressive,critical_failure_fixed,Denver -> Kansas City & Kansas City -> Denver,3,Indianapolis,Seattle,1,5.8943019,Indianapolis | Kansas City | Denver | Seattle,Indianapolis->Kansas City | Kansas City->Denver | Denver->Seattle,1
24,abilene,11,1.0,linear_autoregressive,critical_failure_fixed,Denver -> Kansas City & Kansas City -> Denver,4,Seattle,New York,1,5.8927877,Seattle | Denver | Kansas City | Indianapolis | Chicago | New York,Seattle->Denver | Denver->Kansas City | Kansas City->Indianapolis | Indianapolis->Chicago | Chicago->New York,1
24,abilene,11,1.0,linear_autoregressive,critical_failure_fixed,Denver -> Kansas City & Kansas City -> Denver,5,Atlanta,Sunnyvale,1,5.892242,Atlanta | Indianapolis | Kansas City | Denver | Sunnyvale,Atlanta->Indianapolis | Indianapolis->Kansas City | Kansas City->Denver | Denver->Sunnyvale,1
24,abilene,11,1.0,linear_autoregressive,random_failure_fixed,Seattle -> Denver & Denver -> Seattle,1,Indianapolis,Seattle,1,5.8943019,Indianapolis | Kansas City | Denver | Seattle,Indianapolis->Kansas City | Kansas City->Denver | Denver->Seattle,1
24,abilene,11,1.0,linear_autoregressive,random_failure_fixed,Seattle -> Denver & Denver -> Seattle,2,Seattle,New York,1,5.8927877,Seattle | Denver | Kansas City | Indianapolis | Chicago | New York,Seattle->Denver | Denver->Kansas City | Kansas City->Indianapolis | Indianapolis->Chicago | Chicago->New York,1
24,abilene,11,1.0,linear_autoregressive,random_failure_fixed,Seattle -> Denver & Denver -> Seattle,3,Houston,Seattle,1,5.88242,Houston | Kansas City | Denver | Seattle,Houston->Kansas City | Kansas City->Denver | Denver->Seattle,1
24,abilene,11,1.0,linear_autoregressive,random_failure_fixed,Seattle -> Denver & Denver -> Seattle,4,Atlanta,Seattle,1,5.4818717,Atlanta | Indianapolis | Kansas City | Denver | Seattle,Atlanta->Indianapolis | Indianapolis->Kansas City | Kansas City->Denver | Denver->Seattle,1
24,abilene,11,1.0,linear_autoregressive,random_failure_fixed,Seattle -> Denver & Denver -> Seattle,5,Seattle,Indianapolis,1,4.5433342,Seattle | Denver | Kansas City | Indianapolis,Seattle->Denver | Denver->Kansas City | Kansas City->Indianapolis,1
24,abilene,11,1.0,lstm,critical_failure_fixed,Denver -> Kansas City & Kansas City -> Denver,1,Chicago,Sunnyvale,1,5.0567951,Chicago | Indianapolis | Kansas City | Denver | Sunnyvale,Chicago->Indianapolis | Indianapolis->Kansas City | Kansas City->Denver | Denver->Sunnyvale,1
24,abilene,11,1.0,lstm,critical_failure_fixed,Denver -> Kansas City & Kansas City -> Denver,2,Kansas City,Sunnyvale,1,4.9709592,Kansas City | Denver | Sunnyvale,Kansas City->Denver | Denver->Sunnyvale,1
24,abilene,11,1.0,lstm,critical_failure_fixed,Denver -> Kansas City & Kansas City -> Denver,3,Atlanta,Sunnyvale,1,4.9396467,Atlanta | Indianapolis | Kansas City | Denver | Sunnyvale,Atlanta->Indianapolis | Indianapolis->Kansas City | Kansas City->Denver | Denver->Sunnyvale,1
24,abilene,11,1.0,lstm,critical_failure_fixed,Denver -> Kansas City & Kansas City -> Denver,4,Seattle,New York,1,4.8729591,Seattle | Denver | Kansas City | Indianapolis | Chicago | New York,Seattle->Denver | Denver->Kansas City | Kansas City->Indianapolis | Indianapolis->Chicago | Chicago->New York,1
24,abilene,11,1.0,lstm,critical_failure_fixed,Denver -> Kansas City & Kansas City -> Denver,5,Denver,Washington DC,1,4.835155,Denver | Kansas City | Indianapolis | Atlanta | Washington DC,Denver->Kansas City | Kansas City->Indianapolis | Indianapolis->Atlanta | Atlanta->Washington DC,1
24,abilene,11,1.0,lstm,random_failure_fixed,Seattle -> Denver & Denver -> Seattle,1,Seattle,New York,1,4.8729591,Seattle | Denver | Kansas City | Indianapolis | Chicago | New York,Seattle->Denver | Denver->Kansas City | Kansas City->Indianapolis | Indianapolis->Chicago | Chicago->New York,1
24,abilene,11,1.0,lstm,random_failure_fixed,Seattle -> Denver & Denver -> Seattle,2,Indianapolis,Seattle,1,4.8083777,Indianapolis | Kansas City | Denver | Seattle,Indianapolis->Kansas City | Kansas City->Denver | Denver->Seattle,1
24,abilene,11,1.0,lstm,random_failure_fixed,Seattle -> Denver & Denver -> Seattle,3,Houston,Seattle,1,4.6632967,Houston | Kansas City | Denver | Seattle,Houston->Kansas City | Kansas City->Denver | Denver->Seattle,1
24,abilene,11,1.0,lstm,random_failure_fixed,Seattle -> Denver & Denver -> Seattle,4,Atlanta,Seattle,1,4.496141,Atlanta | Indianapolis | Kansas City | Denver | Seattle,Atlanta->Indianapolis | Indianapolis->Kansas City | Kansas City->Denver | Denver->Seattle,1
24,abilene,11,1.0,lstm,random_failure_fixed,Seattle -> Denver & Denver -> Seattle,5,Seattle,Indianapolis,1,3.653296,Seattle | Denver | Kansas City | Indianapolis,Seattle->Denver | Denver->Kansas City | Kansas City->Indianapolis,1
24,abilene,11,1.0,uncertainty_aware_lstm_robust_lp,critical_failure_fixed,Denver -> Kansas City & Kansas City -> Denver,1,Chicago,Sunnyvale,1,5.4078288,Chicago | Indianapolis | Kansas City | Denver | Sunnyvale,Chicago->Indianapolis | Indianapolis->Kansas City | Kansas City->Denver | Denver->Sunnyvale,1
24,abilene,11,1.0,uncertainty_aware_lstm_robust_lp,critical_failure_fixed,Denver -> Kansas City & Kansas City -> Denver,2,Kansas City,Sunnyvale,1,5.2128501,Kansas City | Denver | Sunnyvale,Kansas City->Denver | Denver->Sunnyvale,1
24,abilene,11,1.0,uncertainty_aware_lstm_robust_lp,critical_failure_fixed,Denver -> Kansas City & Kansas City -> Denver,3,Seattle,New York,1,5.0780749,Seattle | Denver | Kansas City | Indianapolis | Chicago | New York,Seattle->Denver | Denver->Kansas City | Kansas City->Indianapolis | Indianapolis->Chicago | Chicago->New York,1
24,abilene,11,1.0,uncertainty_aware_lstm_robust_lp,critical_failure_fixed,Denver -> Kansas City & Kansas City -> Denver,4,Indianapolis,Seattle,1,5.0384669,Indianapolis | Kansas City | Denver | Seattle,Indianapolis->Kansas City | Kansas City->Denver | Denver->Seattle,1
24,abilene,11,1.0,uncertainty_aware_lstm_robust_lp,critical_failure_fixed,Denver -> Kansas City & Kansas City -> Denver,5,Denver,Washington DC,1,5.0383282,Denver | Kansas City | Houston | Atlanta | Washington DC,Denver->Kansas City | Kansas City->Houston | Houston->Atlanta | Atlanta->Washington DC,1
24,abilene,11,1.0,uncertainty_aware_lstm_robust_lp,random_failure_fixed,Seattle -> Denver & Denver -> Seattle,1,Seattle,New York,1,5.0780749,Seattle | Denver | Kansas City | Indianapolis | Chicago | New York,Seattle->Denver | Denver->Kansas City | Kansas City->Indianapolis | Indianapolis->Chicago | Chicago->New York,1
24,abilene,11,1.0,uncertainty_aware_lstm_robust_lp,random_failure_fixed,Seattle -> Denver & Denver -> Seattle,2,Indianapolis,Seattle,1,5.0384669,Indianapolis | Kansas City | Denver | Seattle,Indianapolis->Kansas City | Kansas City->Denver | Denver->Seattle,1
24,abilene,11,1.0,uncertainty_aware_lstm_robust_lp,random_failure_fixed,Seattle -> Denver & Denver -> Seattle,3,Houston,Seattle,1,4.8878536,Houston | Kansas City | Denver | Seattle,Houston->Kansas City | Kansas City->Denver | Denver->Seattle,1
24,abilene,11,1.0,uncertainty_aware_lstm_robust_lp,random_failure_fixed,Seattle -> Denver & Denver -> Seattle,4,Atlanta,Seattle,1,4.7048593,Atlanta | Indianapolis | Kansas City | Denver | Seattle,Atlanta->Indianapolis | Indianapolis->Kansas City | Kansas City->Denver | Denver->Seattle,1
24,abilene,11,1.0,uncertainty_aware_lstm_robust_lp,random_failure_fixed,Seattle -> Denver & Denver -> Seattle,5,Washington DC,Seattle,1,4.2260385,Washington DC | Atlanta | Houston | Kansas City | Denver | Seattle,Washington DC->Atlanta | Atlanta->Houston | Houston->Kansas City | Kansas City->Denver | Denver->Seattle,1
24,abilene,11,1.0,transformer,critical_failure_fixed,Denver -> Kansas City & Kansas City -> Denver,1,Chicago,Sunnyvale,1,5.9977541,Chicago | Indianapolis | Kansas City | Denver | Sunnyvale,Chicago->Indianapolis | Indianapolis->Kansas City | Kansas City->Denver | Denver->Sunnyvale,1
24,abilene,11,1.0,transformer,critical_failure_fixed,Denver -> Kansas City & Kansas City -> Denver,2,Kansas City,Sunnyvale,1,5.9108238,Kansas City | Denver | Sunnyvale,Kansas City->Denver | Denver->Sunnyvale,1
24,abilene,11,1.0,transformer,critical_failure_fixed,Denver -> Kansas City & Kansas City -> Denver,3,Seattle,New York,1,5.7070398,Seattle | Denver | Kansas City | Indianapolis | Chicago | New York,Seattle->Denver | Denver->Kansas City | Kansas City->Indianapolis | Indianapolis->Chicago | Chicago->New York,1
24,abilene,11,1.0,transformer,critical_failure_fixed,Denver -> Kansas City & Kansas City -> Denver,4,Denver,Washington DC,1,5.622674,Denver | Kansas City | Indianapolis | Atlanta | Washington DC,Denver->Kansas City | Kansas City->Indianapolis | Indianapolis->Atlanta | Atlanta->Washington DC,1
24,abilene,11,1.0,transformer,critical_failure_fixed,Denver -> Kansas City & Kansas City -> Denver,5,Atlanta,Sunnyvale,1,0.045413345,Atlanta | Houston | Los Angeles | Sunnyvale,Atlanta->Houston | Houston->Los Angeles | Los Angeles->Sunnyvale,0
24,abilene,11,1.0,transformer,critical_failure_fixed,Denver -> Kansas City & Kansas City -> Denver,5,Atlanta,Sunnyvale,2,5.5902645,Atlanta | Indianapolis | Kansas City | Denver | Sunnyvale,Atlanta->Indianapolis | Indianapolis->Kansas City | Kansas City->Denver | Denver->Sunnyvale,1
24,abilene,11,1.0,transformer,random_failure_fixed,Seattle -> Denver & Denver -> Seattle,1,Seattle,New York,1,5.7070398,Seattle | Denver | Kansas City | Indianapolis | Chicago | New York,Seattle->Denver | Denver->Kansas City | Kansas City->Indianapolis | Indianapolis->Chicago | Chicago->New York,1
24,abilene,11,1.0,transformer,random_failure_fixed,Seattle -> Denver & Denver -> Seattle,2,Indianapolis,Seattle,1,5.5776191,Indianapolis | Kansas City | Denver | Seattle,Indianapolis->Kansas City | Kansas City->Denver | Denver->Seattle,1
24,abilene,11,1.0,transformer,random_failure_fixed,Seattle -> Denver & Denver -> Seattle,3,Houston,Seattle,1,5.4741545,Houston | Kansas City | Denver | Seattle,Houston->Kansas City | Kansas City->Denver | Denver->Seattle,1
24,abilene,11,1.0,transformer,random_failure_fixed,Seattle -> Denver & Denver -> Seattle,4,Atlanta,Seattle,1,5.2049322,Atlanta | Indianapolis | Kansas City | Denver | Seattle,Atlanta->Indianapolis | Indianapolis->Kansas City | Kansas City->Denver | Denver->Seattle,1
24,abilene,11,1.0,transformer,random_failure_fixed,Seattle -> Denver & Denver -> Seattle,5,Seattle,Indianapolis,1,4.0463266,Seattle | Denver | Kansas City | Indianapolis,Seattle->Denver | Denver->Kansas City | Kansas City->Indianapolis,1
25,abilene,11,1.0,current_demand_lp,critical_failure_fixed,Denver -> Kansas City & Kansas City -> Denver,1,Kansas City,Sunnyvale,1,7.0287765,Kansas City | Denver | Sunnyvale,Kansas City->Denver | Denver->Sunnyvale,1
25,abilene,11,1.0,current_demand_lp,critical_failure_fixed,Denver -> Kansas City & Kansas City -> Denver,2,Indianapolis,Seattle,1,6.9043096,Indianapolis | Kansas City | Denver | Seattle,Indianapolis->Kansas City | Kansas City->Denver | Denver->Seattle,1
25,abilene,11,1.0,current_demand_lp,critical_failure_fixed,Denver -> Kansas City & Kansas City -> Denver,3,Atlanta,Seattle,1,6.9013842,Atlanta | Indianapolis | Kansas City | Denver | Seattle,Atlanta->Indianapolis | Indianapolis->Kansas City | Kansas City->Denver | Denver->Seattle,1
25,abilene,11,1.0,current_demand_lp,critical_failure_fixed,Denver -> Kansas City & Kansas City -> Denver,4,Sunnyvale,Indianapolis,1,6.8368862,Sunnyvale | Denver | Kansas City | Indianapolis,Sunnyvale->Denver | Denver->Kansas City | Kansas City->Indianapolis,1
25,abilene,11,1.0,current_demand_lp,critical_failure_fixed,Denver -> Kansas City & Kansas City -> Denver,5,Seattle,New York,1,6.7377594,Seattle | Denver | Kansas City | Indianapolis | Chicago | New York,Seattle->Denver | Denver->Kansas City | Kansas City->Indianapolis | Indianapolis->Chicago | Chicago->New York,1
25,abilene,11,1.0,current_demand_lp,random_failure_fixed,Sunnyvale -> Denver & Denver -> Sunnyvale,1,Kansas City,Sunnyvale,1,7.0287765,Kansas City | Denver | Sunnyvale,Kansas City->Denver | Denver->Sunnyvale,1
25,abilene,11,1.0,current_demand_lp,random_failure_fixed,Sunnyvale -> Denver & Denver -> Sunnyvale,2,Denver,Sunnyvale,1,6.8730934,Denver | Sunnyvale,Denver->Sunnyvale,1
25,abilene,11,1.0,current_demand_lp,random_failure_fixed,Sunnyvale -> Denver & Denver -> Sunnyvale,3,Sunnyvale,Indianapolis,1,6.8368862,Sunnyvale | Denver | Kansas City | Indianapolis,Sunnyvale->Denver | Denver->Kansas City | Kansas City->Indianapolis,1
25,abilene,11,1.0,current_demand_lp,random_failure_fixed,Sunnyvale -> Denver & Denver -> Sunnyvale,4,Los Angeles,Denver,1,6.3116137,Los Angeles | Sunnyvale | Denver,Los Angeles->Sunnyvale | Sunnyvale->Denver,1
25,abilene,11,1.0,current_demand_lp,random_failure_fixed,Sunnyvale -> Denver & Denver -> Sunnyvale,5,Atlanta,Sunnyvale,1,0.46671377,Atlanta | Houston | Los Angeles | Sunnyvale,Atlanta->Houston | Houston->Los Angeles | Los Angeles->Sunnyvale,0
25,abilene,11,1.0,current_demand_lp,random_failure_fixed,Sunnyvale -> Denver & Denver -> Sunnyvale,5,Atlanta,Sunnyvale,2,6.1342476,Atlanta | Indianapolis | Kansas City | Denver | Sunnyvale,Atlanta->Indianapolis | Indianapolis->Kansas City | Kansas City->Denver | Denver->Sunnyvale,1
25,abilene,11,1.0,robust_current_demand_lp,critical_failure_fixed,Denver -> Kansas City & Kansas City -> Denver,1,Kansas City,Sunnyvale,1,7.0287765,Kansas City | Denver | Sunnyvale,Kansas City->Denver | Denver->Sunnyvale,1
25,abilene,11,1.0,robust_current_demand_lp,critical_failure_fixed,Denver -> Kansas City & Kansas City -> Denver,2,Indianapolis,Seattle,1,6.9043096,Indianapolis | Kansas City | Denver | Seattle,Indianapolis->Kansas City | Kansas City->Denver | Denver->Seattle,1
25,abilene,11,1.0,robust_current_demand_lp,critical_failure_fixed,Denver -> Kansas City & Kansas City -> Denver,3,Atlanta,Seattle,1,6.9013842,Atlanta | Indianapolis | Kansas City | Denver | Seattle,Atlanta->Indianapolis | Indianapolis->Kansas City | Kansas City->Denver | Denver->Seattle,1
25,abilene,11,1.0,robust_current_demand_lp,critical_failure_fixed,Denver -> Kansas City & Kansas City -> Denver,4,Sunnyvale,New York,1,6.85254,Sunnyvale | Denver | Kansas City | Indianapolis | Chicago | New York,Sunnyvale->Denver | Denver->Kansas City | Kansas City->Indianapolis | Indianapolis->Chicago | Chicago->New York,1
25,abilene,11,1.0,robust_current_demand_lp,critical_failure_fixed,Denver -> Kansas City & Kansas City -> Denver,5,Sunnyvale,Indianapolis,1,6.8368862,Sunnyvale | Denver | Kansas City | Indianapolis,Sunnyvale->Denver | Denver->Kansas City | Kansas City->Indianapolis,1
25,abilene,11,1.0,robust_current_demand_lp,random_failure_fixed,Sunnyvale -> Denver & Denver -> Sunnyvale,1,Kansas City,Sunnyvale,1,7.0287765,Kansas City | Denver | Sunnyvale,Kansas City->Denver | Denver->Sunnyvale,1
25,abilene,11,1.0,robust_current_demand_lp,random_failure_fixed,Sunnyvale -> Denver & Denver -> Sunnyvale,2,Denver,Sunnyvale,1,6.8730934,Denver | Sunnyvale,Denver->Sunnyvale,1
25,abilene,11,1.0,robust_current_demand_lp,random_failure_fixed,Sunnyvale -> Denver & Denver -> Sunnyvale,3,Sunnyvale,New York,1,6.85254,Sunnyvale | Denver | Kansas City | Indianapolis | Chicago | New York,Sunnyvale->Denver | Denver->Kansas City | Kansas City->Indianapolis | Indianapolis->Chicago | Chicago->New York,1
25,abilene,11,1.0,robust_current_demand_lp,random_failure_fixed,Sunnyvale -> Denver & Denver -> Sunnyvale,4,Sunnyvale,Indianapolis,1,6.8368862,Sunnyvale | Denver | Kansas City | Indianapolis,Sunnyvale->Denver | Denver->Kansas City | Kansas City->Indianapolis,1
25,abilene,11,1.0,robust_current_demand_lp,random_failure_fixed,Sunnyvale -> Denver & Denver -> Sunnyvale,5,Los Angeles,Denver,1,6.3116137,Los Angeles | Sunnyvale | Denver,Los Angeles->Sunnyvale | Sunnyvale->Denver,1
25,abilene,11,1.0,moving_average,critical_failure_fixed,Denver -> Kansas City & Kansas City -> Denver,1,Kansas City,Sunnyvale,1,5.4305254,Kansas City | Denver | Sunnyvale,Kansas City->Denver | Denver->Sunnyvale,1
25,abilene,11,1.0,moving_average,critical_failure_fixed,Denver -> Kansas City & Kansas City -> Denver,2,Chicago,Sunnyvale,1,5.3740501,Chicago | Indianapolis | Kansas City | Denver | Sunnyvale,Chicago->Indianapolis | Indianapolis->Kansas City | Kansas City->Denver | Denver->Sunnyvale,1
25,abilene,11,1.0,moving_average,critical_failure_fixed,Denver -> Kansas City & Kansas City -> Denver,3,Atlanta,Sunnyvale,1,5.371225,Atlanta | Indianapolis | Kansas City | Denver | Sunnyvale,Atlanta->Indianapolis | Indianapolis->Kansas City | Kansas City->Denver | Denver->Sunnyvale,1
25,abilene,11,1.0,moving_average,critical_failure_fixed,Denver -> Kansas City & Kansas City -> Denver,4,Indianapolis,Seattle,1,5.2199893,Indianapolis | Kansas City | Denver | Seattle,Indianapolis->Kansas City | Kansas City->Denver | Denver->Seattle,1
25,abilene,11,1.0,moving_average,critical_failure_fixed,Denver -> Kansas City & Kansas City -> Denver,5,Seattle,New York,1,5.179988,Seattle | Denver | Kansas City | Indianapolis | Chicago | New York,Seattle->Denver | Denver->Kansas City | Kansas City->Indianapolis | Indianapolis->Chicago | Chicago->New York,1
25,abilene,11,1.0,moving_average,random_failure_fixed,Sunnyvale -> Denver & Denver -> Sunnyvale,1,Kansas City,Sunnyvale,1,5.4305254,Kansas City | Denver | Sunnyvale,Kansas City->Denver | Denver->Sunnyvale,1
25,abilene,11,1.0,moving_average,random_failure_fixed,Sunnyvale -> Denver & Denver -> Sunnyvale,2,Chicago,Sunnyvale,1,5.3740501,Chicago | Indianapolis | Kansas City | Denver | Sunnyvale,Chicago->Indianapolis | Indianapolis->Kansas City | Kansas City->Denver | Denver->Sunnyvale,1
25,abilene,11,1.0,moving_average,random_failure_fixed,Sunnyvale -> Denver & Denver -> Sunnyvale,3,Atlanta,Sunnyvale,1,5.371225,Atlanta | Indianapolis | Kansas City | Denver | Sunnyvale,Atlanta->Indianapolis | Indianapolis->Kansas City | Kansas City->Denver | Denver->Sunnyvale,1
25,abilene,11,1.0,moving_average,random_failure_fixed,Sunnyvale -> Denver & Denver -> Sunnyvale,4,Sunnyvale,Indianapolis,1,5.0671439,Sunnyvale | Denver | Kansas City | Indianapolis,Sunnyvale->Denver | Denver->Kansas City | Kansas City->Indianapolis,1
25,abilene,11,1.0,moving_average,random_failure_fixed,Sunnyvale -> Denver & Denver -> Sunnyvale,5,Los Angeles,Denver,1,5.0133498,Los Angeles | Sunnyvale | Denver,Los Angeles->Sunnyvale | Sunnyvale->Denver,1
25,abilene,11,1.0,linear_autoregressive,critical_failure_fixed,Denver -> Kansas City & Kansas City -> Denver,1,Atlanta,Sunnyvale,1,6.5563946,Atlanta | Indianapolis | Kansas City | Denver | Sunnyvale,Atlanta->Indianapolis | Indianapolis->Kansas City | Kansas City->Denver | Denver->Sunnyvale,1
25,abilene,11,1.0,linear_autoregressive,critical_failure_fixed,Denver -> Kansas City & Kansas City -> Denver,2,Seattle,New York,1,6.5455909,Seattle | Denver | Kansas City | Indianapolis | Chicago | New York,Seattle->Denver | Denver->Kansas City | Kansas City->Indianapolis | Indianapolis->Chicago | Chicago->New York,1
25,abilene,11,1.0,linear_autoregressive,critical_failure_fixed,Denver -> Kansas City & Kansas City -> Denver,3,Kansas City,Sunnyvale,1,6.5400398,Kansas City | Denver | Sunnyvale,Kansas City->Denver | Denver->Sunnyvale,1
25,abilene,11,1.0,linear_autoregressive,critical_failure_fixed,Denver -> Kansas City & Kansas City -> Denver,4,Washington DC,Denver,1,6.4011457,Washington DC | Atlanta | Houston | Kansas City | Denver,Washington DC->Atlanta | Atlanta->Houston | Houston->Kansas City | Kansas City->Denver,1
25,abilene,11,1.0,linear_autoregressive,critical_failure_fixed,Denver -> Kansas City & Kansas City -> Denver,5,Denver,Washington DC,1,6.3564809,Denver | Kansas City | Indianapolis | Atlanta | Washington DC,Denver->Kansas City | Kansas City->Indianapolis | Indianapolis->Atlanta | Atlanta->Washington DC,1
25,abilene,11,1.0,linear_autoregressive,random_failure_fixed,Sunnyvale -> Denver & Denver -> Sunnyvale,1,Atlanta,Sunnyvale,1,6.5563946,Atlanta | Indianapolis | Kansas City | Denver | Sunnyvale,Atlanta->Indianapolis | Indianapolis->Kansas City | Kansas City->Denver | Denver->Sunnyvale,1
25,abilene,11,1.0,linear_autoregressive,random_failure_fixed,Sunnyvale -> Denver & Denver -> Sunnyvale,2,Kansas City,Sunnyvale,1,6.5400398,Kansas City | Denver | Sunnyvale,Kansas City->Denver | Denver->Sunnyvale,1
25,abilene,11,1.0,linear_autoregressive,random_failure_fixed,Sunnyvale -> Denver & Denver -> Sunnyvale,3,Sunnyvale,Indianapolis,1,6.2289484,Sunnyvale | Denver | Kansas City | Indianapolis,Sunnyvale->Denver | Denver->Kansas City | Kansas City->Indianapolis,1
25,abilene,11,1.0,linear_autoregressive,random_failure_fixed,Sunnyvale -> Denver & Denver -> Sunnyvale,4,Los Angeles,Denver,1,6.1655583,Los Angeles | Sunnyvale | Denver,Los Angeles->Sunnyvale | Sunnyvale->Denver,1
25,abilene,11,1.0,linear_autoregressive,random_failure_fixed,Sunnyvale -> Denver & Denver -> Sunnyvale,5,Denver,Sunnyvale,1,5.9283067,Denver | Sunnyvale,Denver->Sunnyvale,1
25,abilene,11,1.0,lstm,critical_failure_fixed,Denver -> Kansas City & Kansas City -> Denver,1,Chicago,Sunnyvale,1,5.0567951,Chicago | Indianapolis | Kansas City | Denver | Sunnyvale,Chicago->Indianapolis | Indianapolis->Kansas City | Kansas City->Denver | Denver->Sunnyvale,1
25,abilene,11,1.0,lstm,critical_failure_fixed,Denver -> Kansas City & Kansas City -> Denver,2,Kansas City,Sunnyvale,1,4.9709592,Kansas City | Denver | Sunnyvale,Kansas City->Denver | Denver->Sunnyvale,1
25,abilene,11,1.0,lstm,critical_failure_fixed,Denver -> Kansas City & Kansas City -> Denver,3,Atlanta,Sunnyvale,1,4.9396467,Atlanta | Indianapolis | Kansas City | Denver | Sunnyvale,Atlanta->Indianapolis | Indianapolis->Kansas City | Kansas City->Denver | Denver->Sunnyvale,1
25,abilene,11,1.0,lstm,critical_failure_fixed,Denver -> Kansas City & Kansas City -> Denver,4,Seattle,New York,1,4.8729591,Seattle | Denver | Kansas City | Indianapolis | Chicago | New York,Seattle->Denver | Denver->Kansas City | Kansas City->Indianapolis | Indianapolis->Chicago | Chicago->New York,1
25,abilene,11,1.0,lstm,critical_failure_fixed,Denver -> Kansas City & Kansas City -> Denver,5,Denver,Washington DC,1,4.835155,Denver | Kansas City | Indianapolis | Atlanta | Washington DC,Denver->Kansas City | Kansas City->Indianapolis | Indianapolis->Atlanta | Atlanta->Washington DC,1
25,abilene,11,1.0,lstm,random_failure_fixed,Sunnyvale -> Denver & Denver -> Sunnyvale,1,Chicago,Sunnyvale,1,5.0567951,Chicago | Indianapolis | Kansas City | Denver | Sunnyvale,Chicago->Indianapolis | Indianapolis->Kansas City | Kansas City->Denver | Denver->Sunnyvale,1
25,abilene,11,1.0,lstm,random_failure_fixed,Sunnyvale -> Denver & Denver -> Sunnyvale,2,Kansas City,Sunnyvale,1,4.9709592,Kansas City | Denver | Sunnyvale,Kansas City->Denver | Denver->Sunnyvale,1
25,abilene,11,1.0,lstm,random_failure_fixed,Sunnyvale -> Denver & Denver -> Sunnyvale,3,Atlanta,Sunnyvale,1,4.9396467,Atlanta | Indianapolis | Kansas City | Denver | Sunnyvale,Atlanta->Indianapolis | Indianapolis->Kansas City | Kansas City->Denver | Denver->Sunnyvale,1
25,abilene,11,1.0,lstm,random_failure_fixed,Sunnyvale -> Denver & Denver -> Sunnyvale,4,Sunnyvale,Indianapolis,1,4.6603537,Sunnyvale | Denver | Kansas City | Indianapolis,Sunnyvale->Denver | Denver->Kansas City | Kansas City->Indianapolis,1
25,abilene,11,1.0,lstm,random_failure_fixed,Sunnyvale -> Denver & Denver -> Sunnyvale,5,Los Angeles,Denver,1,4.5977836,Los Angeles | Sunnyvale | Denver,Los Angeles->Sunnyvale | Sunnyvale->Denver,1
25,abilene,11,1.0,uncertainty_aware_lstm_robust_lp,critical_failure_fixed,Denver -> Kansas City & Kansas City -> Denver,1,Chicago,Sunnyvale,1,5.4078288,Chicago | Indianapolis | Kansas City | Denver | Sunnyvale,Chicago->Indianapolis | Indianapolis->Kansas City | Kansas City->Denver | Denver->Sunnyvale,1
25,abilene,11,1.0,uncertainty_aware_lstm_robust_lp,critical_failure_fixed,Denver -> Kansas City & Kansas City -> Denver,2,Kansas City,Sunnyvale,1,5.2128501,Kansas City | Denver | Sunnyvale,Kansas City->Denver | Denver->Sunnyvale,1
25,abilene,11,1.0,uncertainty_aware_lstm_robust_lp,critical_failure_fixed,Denver -> Kansas City & Kansas City -> Denver,3,Seattle,New York,1,5.0780749,Seattle | Denver | Kansas City | Indianapolis | Chicago | New York,Seattle->Denver | Denver->Kansas City | Kansas City->Indianapolis | Indianapolis->Chicago | Chicago->New York,1
25,abilene,11,1.0,uncertainty_aware_lstm_robust_lp,critical_failure_fixed,Denver -> Kansas City & Kansas City -> Denver,4,Indianapolis,Seattle,1,5.0384669,Indianapolis | Kansas City | Denver | Seattle,Indianapolis->Kansas City | Kansas City->Denver | Denver->Seattle,1
25,abilene,11,1.0,uncertainty_aware_lstm_robust_lp,critical_failure_fixed,Denver -> Kansas City & Kansas City -> Denver,5,Denver,Washington DC,1,5.0383282,Denver | Kansas City | Houston | Atlanta | Washington DC,Denver->Kansas City | Kansas City->Houston | Houston->Atlanta | Atlanta->Washington DC,1
25,abilene,11,1.0,uncertainty_aware_lstm_robust_lp,random_failure_fixed,Sunnyvale -> Denver & Denver -> Sunnyvale,1,Chicago,Sunnyvale,1,5.4078288,Chicago | Indianapolis | Kansas City | Denver | Sunnyvale,Chicago->Indianapolis | Indianapolis->Kansas City | Kansas City->Denver | Denver->Sunnyvale,1
25,abilene,11,1.0,uncertainty_aware_lstm_robust_lp,random_failure_fixed,Sunnyvale -> Denver & Denver -> Sunnyvale,2,Kansas City,Sunnyvale,1,5.2128501,Kansas City | Denver | Sunnyvale,Kansas City->Denver | Denver->Sunnyvale,1
25,abilene,11,1.0,uncertainty_aware_lstm_robust_lp,random_failure_fixed,Sunnyvale -> Denver & Denver -> Sunnyvale,3,Sunnyvale,Indianapolis,1,4.8712811,Sunnyvale | Denver | Kansas City | Indianapolis,Sunnyvale->Denver | Denver->Kansas City | Kansas City->Indianapolis,1
25,abilene,11,1.0,uncertainty_aware_lstm_robust_lp,random_failure_fixed,Sunnyvale -> Denver & Denver -> Sunnyvale,4,Los Angeles,Denver,1,4.8133564,Los Angeles | Sunnyvale | Denver,Los Angeles->Sunnyvale | Sunnyvale->Denver,1
25,abilene,11,1.0,uncertainty_aware_lstm_robust_lp,random_failure_fixed,Sunnyvale -> Denver & Denver -> Sunnyvale,5,Denver,Sunnyvale,1,4.7384663,Denver | Sunnyvale,Denver->Sunnyvale,1
25,abilene,11,1.0,transformer,critical_failure_fixed,Denver -> Kansas City & Kansas City -> Denver,1,Chicago,Sunnyvale,1,6.3011832,Chicago | Indianapolis | Kansas City | Denver | Sunnyvale,Chicago->Indianapolis | Indianapolis->Kansas City | Kansas City->Denver | Denver->Sunnyvale,1
25,abilene,11,1.0,transformer,critical_failure_fixed,Denver -> Kansas City & Kansas City -> Denver,2,Kansas City,Sunnyvale,1,6.0047183,Kansas City | Denver | Sunnyvale,Kansas City->Denver | Denver->Sunnyvale,1
25,abilene,11,1.0,transformer,critical_failure_fixed,Denver -> Kansas City & Kansas City -> Denver,3,Denver,Washington DC,1,5.7997289,Denver | Kansas City | Indianapolis | Atlanta | Washington DC,Denver->Kansas City | Kansas City->Indianapolis | Indianapolis->Atlanta | Atlanta->Washington DC,1
25,abilene,11,1.0,transformer,critical_failure_fixed,Denver -> Kansas City & Kansas City -> Denver,4,Seattle,New York,1,5.7888956,Seattle | Denver | Kansas City | Indianapolis | Chicago | New York,Seattle->Denver | Denver->Kansas City | Kansas City->Indianapolis | Indianapolis->Chicago | Chicago->New York,1
25,abilene,11,1.0,transformer,critical_failure_fixed,Denver -> Kansas City & Kansas City -> Denver,5,Indianapolis,Seattle,1,5.6414366,Indianapolis | Kansas City | Denver | Seattle,Indianapolis->Kansas City | Kansas City->Denver | Denver->Seattle,1
25,abilene,11,1.0,transformer,random_failure_fixed,Sunnyvale -> Denver & Denver -> Sunnyvale,1,Chicago,Sunnyvale,1,6.3011832,Chicago | Indianapolis | Kansas City | Denver | Sunnyvale,Chicago->Indianapolis | Indianapolis->Kansas City | Kansas City->Denver | Denver->Sunnyvale,1
25,abilene,11,1.0,transformer,random_failure_fixed,Sunnyvale -> Denver & Denver -> Sunnyvale,2,Kansas City,Sunnyvale,1,6.0047183,Kansas City | Denver | Sunnyvale,Kansas City->Denver | Denver->Sunnyvale,1
25,abilene,11,1.0,transformer,random_failure_fixed,Sunnyvale -> Denver & Denver -> Sunnyvale,3,Atlanta,Sunnyvale,1,0.2318776,Atlanta | Houston | Los Angeles | Sunnyvale,Atlanta->Houston | Houston->Los Angeles | Los Angeles->Sunnyvale,0
25,abilene,11,1.0,transformer,random_failure_fixed,Sunnyvale -> Denver & Denver -> Sunnyvale,3,Atlanta,Sunnyvale,2,5.5047567,Atlanta | Indianapolis | Kansas City | Denver | Sunnyvale,Atlanta->Indianapolis | Indianapolis->Kansas City | Kansas City->Denver | Denver->Sunnyvale,1
25,abilene,11,1.0,transformer,random_failure_fixed,Sunnyvale -> Denver & Denver -> Sunnyvale,4,Los Angeles,Denver,1,5.4766316,Los Angeles | Sunnyvale | Denver,Los Angeles->Sunnyvale | Sunnyvale->Denver,1
25,abilene,11,1.0,transformer,random_failure_fixed,Sunnyvale -> Denver & Denver -> Sunnyvale,5,Sunnyvale,Indianapolis,1,5.3277974,Sunnyvale | Denver | Kansas City | Indianapolis,Sunnyvale->Denver | Denver->Kansas City | Kansas City->Indianapolis,1
26,abilene,11,1.0,current_demand_lp,critical_failure_fixed,Denver -> Kansas City & Kansas City -> Denver,1,Kansas City,Sunnyvale,1,7.7757432,Kansas City | Denver | Sunnyvale,Kansas City->Denver | Denver->Sunnyvale,1
26,abilene,11,1.0,current_demand_lp,critical_failure_fixed,Denver -> Kansas City & Kansas City -> Denver,2,Washington DC,Denver,1,7.3909463,Washington DC | Atlanta | Houston | Kansas City | Denver,Washington DC->Atlanta | Atlanta->Houston | Houston->Kansas City | Kansas City->Denver,1
26,abilene,11,1.0,current_demand_lp,critical_failure_fixed,Denver -> Kansas City & Kansas City -> Denver,3,Atlanta,Sunnyvale,1,7.3522692,Atlanta | Indianapolis | Kansas City | Denver | Sunnyvale,Atlanta->Indianapolis | Indianapolis->Kansas City | Kansas City->Denver | Denver->Sunnyvale,1
26,abilene,11,1.0,current_demand_lp,critical_failure_fixed,Denver -> Kansas City & Kansas City -> Denver,4,Seattle,New York,1,7.257004,Seattle | Denver | Kansas City | Indianapolis | Chicago | New York,Seattle->Denver | Denver->Kansas City | Kansas City->Indianapolis | Indianapolis->Chicago | Chicago->New York,1
26,abilene,11,1.0,current_demand_lp,critical_failure_fixed,Denver -> Kansas City & Kansas City -> Denver,5,Denver,Washington DC,1,7.0478882,Denver | Kansas City | Indianapolis | Atlanta | Washington DC,Denver->Kansas City | Kansas City->Indianapolis | Indianapolis->Atlanta | Atlanta->Washington DC,1
26,abilene,11,1.0,current_demand_lp,random_failure_fixed,Houston -> Atlanta & Atlanta -> Houston,1,New York,Houston,1,7.4984968,New York | Washington DC | Atlanta | Houston,New York->Washington DC | Washington DC->Atlanta | Atlanta->Houston,1
26,abilene,11,1.0,current_demand_lp,random_failure_fixed,Houston -> Atlanta & Atlanta -> Houston,2,Houston,Atlanta,1,7.4767396,Houston | Atlanta,Houston->Atlanta,1
26,abilene,11,1.0,current_demand_lp,random_failure_fixed,Houston -> Atlanta & Atlanta -> Houston,3,Washington DC,Denver,1,7.3909463,Washington DC | Atlanta | Houston | Kansas City | Denver,Washington DC->Atlanta | Atlanta->Houston | Houston->Kansas City | Kansas City->Denver,1
26,abilene,11,1.0,current_demand_lp,random_failure_fixed,Houston -> Atlanta & Atlanta -> Houston,4,Sunnyvale,New York,1,7.2512706,Sunnyvale | Los Angeles | Houston | Atlanta | Washington DC | New York,Sunnyvale->Los Angeles | Los Angeles->Houston | Houston->Atlanta | Atlanta->Washington DC | Washington DC->New York,1
26,abilene,11,1.0,current_demand_lp,random_failure_fixed,Houston -> Atlanta & Atlanta -> Houston,5,Washington DC,Los Angeles,1,7.2257773,Washington DC | Atlanta | Houston | Los Angeles,Washington DC->Atlanta | Atlanta->Houston | Houston->Los Angeles,1
26,abilene,11,1.0,robust_current_demand_lp,critical_failure_fixed,Denver -> Kansas City & Kansas City -> Denver,1,Kansas City,Sunnyvale,1,7.7757432,Kansas City | Denver | Sunnyvale,Kansas City->Denver | Denver->Sunnyvale,1
26,abilene,11,1.0,robust_current_demand_lp,critical_failure_fixed,Denver -> Kansas City & Kansas City -> Denver,2,Washington DC,Denver,1,7.3909463,Washington DC | Atlanta | Indianapolis | Kansas City | Denver,Washington DC->Atlanta | Atlanta->Indianapolis | Indianapolis->Kansas City | Kansas City->Denver,1
26,abilene,11,1.0,robust_current_demand_lp,critical_failure_fixed,Denver -> Kansas City & Kansas City -> Denver,3,Seattle,New York,1,7.257004,Seattle | Denver | Kansas City | Indianapolis | Chicago | New York,Seattle->Denver | Denver->Kansas City | Kansas City->Indianapolis | Indianapolis->Chicago | Chicago->New York,1
26,abilene,11,1.0,robust_current_demand_lp,critical_failure_fixed,Denver -> Kansas City & Kansas City -> Denver,4,Sunnyvale,New York,1,7.2512706,Sunnyvale | Denver | Kansas City | Indianapolis | Chicago | New York,Sunnyvale->Denver | Denver->Kansas City | Kansas City->Indianapolis | Indianapolis->Chicago | Chicago->New York,1
26,abilene,11,1.0,robust_current_demand_lp,critical_failure_fixed,Denver -> Kansas City & Kansas City -> Denver,5,Denver,Washington DC,1,7.0478882,Denver | Kansas City | Houston | Atlanta | Washington DC,Denver->Kansas City | Kansas City->Houston | Houston->Atlanta | Atlanta->Washington DC,1
26,abilene,11,1.0,robust_current_demand_lp,random_failure_fixed,Houston -> Atlanta & Atlanta -> Houston,1,New York,Houston,1,7.4984968,New York | Washington DC | Atlanta | Houston,New York->Washington DC | Washington DC->Atlanta | Atlanta->Houston,1
26,abilene,11,1.0,robust_current_demand_lp,random_failure_fixed,Houston -> Atlanta & Atlanta -> Houston,2,Houston,Atlanta,1,7.4767396,Houston | Atlanta,Houston->Atlanta,1
26,abilene,11,1.0,robust_current_demand_lp,random_failure_fixed,Houston -> Atlanta & Atlanta -> Houston,3,Atlanta,Sunnyvale,1,5.1686763,Atlanta | Houston | Los Angeles | Sunnyvale,Atlanta->Houston | Houston->Los Angeles | Los Angeles->Sunnyvale,1
26,abilene,11,1.0,robust_current_demand_lp,random_failure_fixed,Houston -> Atlanta & Atlanta -> Houston,3,Atlanta,Sunnyvale,2,2.1835928,Atlanta | Houston | Kansas City | Denver | Sunnyvale,Atlanta->Houston | Houston->Kansas City | Kansas City->Denver | Denver->Sunnyvale,1
26,abilene,11,1.0,robust_current_demand_lp,random_failure_fixed,Houston -> Atlanta & Atlanta -> Houston,4,Washington DC,Los Angeles,1,7.2257773,Washington DC | Atlanta | Houston | Los Angeles,Washington DC->Atlanta | Atlanta->Houston | Houston->Los Angeles,1
26,abilene,11,1.0,robust_current_demand_lp,random_failure_fixed,Houston -> Atlanta & Atlanta -> Houston,5,New York,Los Angeles,1,7.1622453,New York | Washington DC | Atlanta | Houston | Los Angeles,New York->Washington DC | Washington DC->Atlanta | Atlanta->Houston | Houston->Los Angeles,1
26,abilene,11,1.0,moving_average,critical_failure_fixed,Denver -> Kansas City & Kansas City -> Denver,1,Kansas City,Sunnyvale,1,5.6979323,Kansas City | Denver | Sunnyvale,Kansas City->Denver | Denver->Sunnyvale,1
26,abilene,11,1.0,moving_average,critical_failure_fixed,Denver -> Kansas City & Kansas City -> Denver,2,Atlanta,Sunnyvale,1,5.6227236,Atlanta | Indianapolis | Kansas City | Denver | Sunnyvale,Atlanta->Indianapolis | Indianapolis->Kansas City | Kansas City->Denver | Denver->Sunnyvale,1
26,abilene,11,1.0,moving_average,critical_failure_fixed,Denver -> Kansas City & Kansas City -> Denver,3,Indianapolis,Seattle,1,5.417151,Indianapolis | Kansas City | Denver | Seattle,Indianapolis->Kansas City | Kansas City->Denver | Denver->Seattle,1
26,abilene,11,1.0,moving_average,critical_failure_fixed,Denver -> Kansas City & Kansas City -> Denver,4,Denver,Washington DC,1,5.4142245,Denver | Kansas City | Indianapolis | Atlanta | Washington DC,Denver->Kansas City | Kansas City->Indianapolis | Indianapolis->Atlanta | Atlanta->Washington DC,1
26,abilene,11,1.0,moving_average,critical_failure_fixed,Denver -> Kansas City & Kansas City -> Denver,5,Seattle,New York,1,5.3866056,Seattle | Denver | Kansas City | Indianapolis | Chicago | New York,Seattle->Denver | Denver->Kansas City | Kansas City->Indianapolis | Indianapolis->Chicago | Chicago->New York,1
26,abilene,11,1.0,moving_average,random_failure_fixed,Houston -> Atlanta & Atlanta -> Houston,1,New York,Houston,1,5.5854563,New York | Washington DC | Atlanta | Houston,New York->Washington DC | Washington DC->Atlanta | Atlanta->Houston,1
26,abilene,11,1.0,moving_average,random_failure_fixed,Houston -> Atlanta & Atlanta -> Houston,2,Houston,Atlanta,1,5.5668385,Houston | Atlanta,Houston->Atlanta,1
26,abilene,11,1.0,moving_average,random_failure_fixed,Houston -> Atlanta & Atlanta -> Houston,3,Sunnyvale,New York,1,5.4923688,Sunnyvale | Los Angeles | Houston | Atlanta | Washington DC | New York,Sunnyvale->Los Angeles | Los Angeles->Houston | Houston->Atlanta | Atlanta->Washington DC | Washington DC->New York,1
26,abilene,11,1.0,moving_average,random_failure_fixed,Houston -> Atlanta & Atlanta -> Houston,4,New York,Los Angeles,1,5.4832063,New York | Washington DC | Atlanta | Houston | Los Angeles,New York->Washington DC | Washington DC->Atlanta | Atlanta->Houston | Houston->Los Angeles,1
26,abilene,11,1.0,moving_average,random_failure_fixed,Houston -> Atlanta & Atlanta -> Houston,5,Washington DC,Denver,1,5.3783327,Washington DC | Atlanta | Houston | Kansas City | Denver,Washington DC->Atlanta | Atlanta->Houston | Houston->Kansas City | Kansas City->Denver,1
26,abilene,11,1.0,linear_autoregressive,critical_failure_fixed,Denver -> Kansas City & Kansas City -> Denver,1,Seattle,New York,1,7.29591,Seattle | Denver | Kansas City | Indianapolis | Chicago | New York,Seattle->Denver | Denver->Kansas City | Kansas City->Indianapolis | Indianapolis->Chicago | Chicago->New York,1
26,abilene,11,1.0,linear_autoregressive,critical_failure_fixed,Denver -> Kansas City & Kansas City -> Denver,2,Chicago,Sunnyvale,1,7.225144,Chicago | Indianapolis | Kansas City | Denver | Sunnyvale,Chicago->Indianapolis | Indianapolis->Kansas City | Kansas City->Denver | Denver->Sunnyvale,1
26,abilene,11,1.0,linear_autoregressive,critical_failure_fixed,Denver -> Kansas City & Kansas City -> Denver,3,Denver,Washington DC,1,7.1854672,Denver | Kansas City | Indianapolis | Atlanta | Washington DC,Denver->Kansas City | Kansas City->Indianapolis | Indianapolis->Atlanta | Atlanta->Washington DC,1
26,abilene,11,1.0,linear_autoregressive,critical_failure_fixed,Denver -> Kansas City & Kansas City -> Denver,4,Kansas City,Sunnyvale,1,7.0950963,Kansas City | Denver | Sunnyvale,Kansas City->Denver | Denver->Sunnyvale,1
26,abilene,11,1.0,linear_autoregressive,critical_failure_fixed,Denver -> Kansas City & Kansas City -> Denver,5,Atlanta,Sunnyvale,1,6.9987344,Atlanta | Indianapolis | Kansas City | Denver | Sunnyvale,Atlanta->Indianapolis | Indianapolis->Kansas City | Kansas City->Denver | Denver->Sunnyvale,1
26,abilene,11,1.0,linear_autoregressive,random_failure_fixed,Houston -> Atlanta & Atlanta -> Houston,1,New York,Houston,1,7.495331,New York | Washington DC | Atlanta | Houston,New York->Washington DC | Washington DC->Atlanta | Atlanta->Houston,1
26,abilene,11,1.0,linear_autoregressive,random_failure_fixed,Houston -> Atlanta & Atlanta -> Houston,2,Washington DC,Los Angeles,1,7.4075816,Washington DC | Atlanta | Houston | Los Angeles,Washington DC->Atlanta | Atlanta->Houston | Houston->Los Angeles,1
26,abilene,11,1.0,linear_autoregressive,random_failure_fixed,Houston -> Atlanta & Atlanta -> Houston,3,Sunnyvale,New York,1,7.2426028,Sunnyvale | Los Angeles | Houston | Atlanta | Washington DC | New York,Sunnyvale->Los Angeles | Los Angeles->Houston | Houston->Atlanta | Atlanta->Washington DC | Washington DC->New York,1
26,abilene,11,1.0,linear_autoregressive,random_failure_fixed,Houston -> Atlanta & Atlanta -> Houston,4,New York,Los Angeles,1,7.1689031,New York | Washington DC | Atlanta | Houston | Los Angeles,New York->Washington DC | Washington DC->Atlanta | Atlanta->Houston | Houston->Los Angeles,1
26,abilene,11,1.0,linear_autoregressive,random_failure_fixed,Houston -> Atlanta & Atlanta -> Houston,5,Houston,Atlanta,1,7.1225337,Houston | Atlanta,Houston->Atlanta,1
26,abilene,11,1.0,lstm,critical_failure_fixed,Denver -> Kansas City & Kansas City -> Denver,1,Chicago,Sunnyvale,1,5.0567951,Chicago | Indianapolis | Kansas City | Denver | Sunnyvale,Chicago->Indianapolis | Indianapolis->Kansas City | Kansas City->Denver | Denver->Sunnyvale,1
26,abilene,11,1.0,lstm,critical_failure_fixed,Denver -> Kansas City & Kansas City -> Denver,2,Kansas City,Sunnyvale,1,4.9709592,Kansas City | Denver | Sunnyvale,Kansas City->Denver | Denver->Sunnyvale,1
26,abilene,11,1.0,lstm,critical_failure_fixed,Denver -> Kansas City & Kansas City -> Denver,3,Atlanta,Sunnyvale,1,4.9396467,Atlanta | Indianapolis | Kansas City | Denver | Sunnyvale,Atlanta->Indianapolis | Indianapolis->Kansas City | Kansas City->Denver | Denver->Sunnyvale,1
26,abilene,11,1.0,lstm,critical_failure_fixed,Denver -> Kansas City & Kansas City -> Denver,4,Seattle,New York,1,4.8729591,Seattle | Denver | Kansas City | Indianapolis | Chicago | New York,Seattle->Denver | Denver->Kansas City | Kansas City->Indianapolis | Indianapolis->Chicago | Chicago->New York,1
26,abilene,11,1.0,lstm,critical_failure_fixed,Denver -> Kansas City & Kansas City -> Denver,5,Denver,Washington DC,1,4.835155,Denver | Kansas City | Indianapolis | Atlanta | Washington DC,Denver->Kansas City | Kansas City->Indianapolis | Indianapolis->Atlanta | Atlanta->Washington DC,1
26,abilene,11,1.0,lstm,random_failure_fixed,Houston -> Atlanta & Atlanta -> Houston,1,Washington DC,Los Angeles,1,5.0404782,Washington DC | Atlanta | Houston | Los Angeles,Washington DC->Atlanta | Atlanta->Houston | Houston->Los Angeles,1
26,abilene,11,1.0,lstm,random_failure_fixed,Houston -> Atlanta & Atlanta -> Houston,2,New York,Los Angeles,1,5.0117636,New York | Washington DC | Atlanta | Houston | Los Angeles,New York->Washington DC | Washington DC->Atlanta | Atlanta->Houston | Houston->Los Angeles,1
26,abilene,11,1.0,lstm,random_failure_fixed,Houston -> Atlanta & Atlanta -> Houston,3,New York,Houston,1,4.9747262,New York | Washington DC | Atlanta | Houston,New York->Washington DC | Washington DC->Atlanta | Atlanta->Houston,1
26,abilene,11,1.0,lstm,random_failure_fixed,Houston -> Atlanta & Atlanta -> Houston,4,Houston,Atlanta,1,4.9195604,Houston | Atlanta,Houston->Atlanta,1
26,abilene,11,1.0,lstm,random_failure_fixed,Houston -> Atlanta & Atlanta -> Houston,5,Sunnyvale,New York,1,4.8241968,Sunnyvale | Los Angeles | Houston | Atlanta | Washington DC | New York,Sunnyvale->Los Angeles | Los Angeles->Houston | Houston->Atlanta | Atlanta->Washington DC | Washington DC->New York,1
26,abilene,11,1.0,uncertainty_aware_lstm_robust_lp,critical_failure_fixed,Denver -> Kansas City & Kansas City -> Denver,1,Chicago,Sunnyvale,1,5.4078288,Chicago | Indianapolis | Kansas City | Denver | Sunnyvale,Chicago->Indianapolis | Indianapolis->Kansas City | Kansas City->Denver | Denver->Sunnyvale,1
26,abilene,11,1.0,uncertainty_aware_lstm_robust_lp,critical_failure_fixed,Denver -> Kansas City & Kansas City -> Denver,2,Kansas City,Sunnyvale,1,5.2128501,Kansas City | Denver | Sunnyvale,Kansas City->Denver | Denver->Sunnyvale,1
26,abilene,11,1.0,uncertainty_aware_lstm_robust_lp,critical_failure_fixed,Denver -> Kansas City & Kansas City -> Denver,3,Seattle,New York,1,5.0780749,Seattle | Denver | Kansas City | Indianapolis | Chicago | New York,Seattle->Denver | Denver->Kansas City | Kansas City->Indianapolis | Indianapolis->Chicago | Chicago->New York,1
26,abilene,11,1.0,uncertainty_aware_lstm_robust_lp,critical_failure_fixed,Denver -> Kansas City & Kansas City -> Denver,4,Indianapolis,Seattle,1,5.0384669,Indianapolis | Kansas City | Denver | Seattle,Indianapolis->Kansas City | Kansas City->Denver | Denver->Seattle,1
26,abilene,11,1.0,uncertainty_aware_lstm_robust_lp,critical_failure_fixed,Denver -> Kansas City & Kansas City -> Denver,5,Denver,Washington DC,1,5.0383282,Denver | Kansas City | Houston | Atlanta | Washington DC,Denver->Kansas City | Kansas City->Houston | Houston->Atlanta | Atlanta->Washington DC,1
26,abilene,11,1.0,uncertainty_aware_lstm_robust_lp,random_failure_fixed,Houston -> Atlanta & Atlanta -> Houston,1,Washington DC,Los Angeles,1,5.3613911,Washington DC | Atlanta | Houston | Los Angeles,Washington DC->Atlanta | Atlanta->Houston | Houston->Los Angeles,1
26,abilene,11,1.0,uncertainty_aware_lstm_robust_lp,random_failure_fixed,Houston -> Atlanta & Atlanta -> Houston,2,New York,Los Angeles,1,5.2722492,New York | Washington DC | Atlanta | Houston | Los Angeles,New York->Washington DC | Washington DC->Atlanta | Atlanta->Houston | Houston->Los Angeles,1
26,abilene,11,1.0,uncertainty_aware_lstm_robust_lp,random_failure_fixed,Houston -> Atlanta & Atlanta -> Houston,3,New York,Houston,1,5.1924295,New York | Washington DC | Atlanta | Houston,New York->Washington DC | Washington DC->Atlanta | Atlanta->Houston,1
26,abilene,11,1.0,uncertainty_aware_lstm_robust_lp,random_failure_fixed,Houston -> Atlanta & Atlanta -> Houston,4,Houston,Atlanta,1,5.1592088,Houston | Atlanta,Houston->Atlanta,1
26,abilene,11,1.0,uncertainty_aware_lstm_robust_lp,random_failure_fixed,Houston -> Atlanta & Atlanta -> Houston,5,Atlanta,Sunnyvale,1,4.178224,Atlanta | Houston | Los Angeles | Sunnyvale,Atlanta->Houston | Houston->Los Angeles | Los Angeles->Sunnyvale,1
26,abilene,11,1.0,uncertainty_aware_lstm_robust_lp,random_failure_fixed,Houston -> Atlanta & Atlanta -> Houston,5,Atlanta,Sunnyvale,2,0.97842699,Atlanta | Houston | Kansas City | Denver | Sunnyvale,Atlanta->Houston | Houston->Kansas City | Kansas City->Denver | Denver->Sunnyvale,1
26,abilene,11,1.0,transformer,critical_failure_fixed,Kansas City -> Indianapolis & Indianapolis -> Kansas City,1,Chicago,Sunnyvale,1,6.6553249,Chicago | Indianapolis | Kansas City | Denver | Sunnyvale,Chicago->Indianapolis | Indianapolis->Kansas City | Kansas City->Denver | Denver->Sunnyvale,1
26,abilene,11,1.0,transformer,critical_failure_fixed,Kansas City -> Indianapolis & Indianapolis -> Kansas City,2,Denver,Washington DC,1,5.7841082,Denver | Kansas City | Indianapolis | Atlanta | Washington DC,Denver->Kansas City | Kansas City->Indianapolis | Indianapolis->Atlanta | Atlanta->Washington DC,1
26,abilene,11,1.0,transformer,critical_failure_fixed,Kansas City -> Indianapolis & Indianapolis -> Kansas City,3,Seattle,New York,1,5.6102796,Seattle | Denver | Kansas City | Indianapolis | Chicago | New York,Seattle->Denver | Denver->Kansas City | Kansas City->Indianapolis | Indianapolis->Chicago | Chicago->New York,1
26,abilene,11,1.0,transformer,critical_failure_fixed,Kansas City -> Indianapolis & Indianapolis -> Kansas City,4,Indianapolis,Seattle,1,5.5964742,Indianapolis | Kansas City | Denver | Seattle,Indianapolis->Kansas City | Kansas City->Denver | Denver->Seattle,1
26,abilene,11,1.0,transformer,critical_failure_fixed,Kansas City -> Indianapolis & Indianapolis -> Kansas City,5,Kansas City,New York,1,5.5538845,Kansas City | Indianapolis | Chicago | New York,Kansas City->Indianapolis | Indianapolis->Chicago | Chicago->New York,1
26,abilene,11,1.0,transformer,random_failure_fixed,Houston -> Atlanta & Atlanta -> Houston,1,Washington DC,Los Angeles,1,6.4778481,Washington DC | Atlanta | Houston | Los Angeles,Washington DC->Atlanta | Atlanta->Houston | Houston->Los Angeles,1
26,abilene,11,1.0,transformer,random_failure_fixed,Houston -> Atlanta & Atlanta -> Houston,2,New York,Los Angeles,1,6.005034,New York | Washington DC | Atlanta | Houston | Los Angeles,New York->Washington DC | Washington DC->Atlanta | Atlanta->Houston | Houston->Los Angeles,1
26,abilene,11,1.0,transformer,random_failure_fixed,Houston -> Atlanta & Atlanta -> Houston,3,New York,Houston,1,5.9804931,New York | Washington DC | Atlanta | Houston,New York->Washington DC | Washington DC->Atlanta | Atlanta->Houston,1
26,abilene,11,1.0,transformer,random_failure_fixed,Houston -> Atlanta & Atlanta -> Houston,4,Houston,Atlanta,1,5.6497426,Houston | Atlanta,Houston->Atlanta,1
26,abilene,11,1.0,transformer,random_failure_fixed,Houston -> Atlanta & Atlanta -> Houston,5,Washington DC,Denver,1,5.5750093,Washington DC | Atlanta | Houston | Kansas City | Denver,Washington DC->Atlanta | Atlanta->Houston | Houston->Kansas City | Kansas City->Denver,1
27,abilene,11,1.0,current_demand_lp,critical_failure_fixed,Kansas City -> Indianapolis & Indianapolis -> Kansas City,1,Chicago,Sunnyvale,1,13.166888,Chicago | Indianapolis | Kansas City | Denver | Sunnyvale,Chicago->Indianapolis | Indianapolis->Kansas City | Kansas City->Denver | Denver->Sunnyvale,1
27,abilene,11,1.0,current_demand_lp,critical_failure_fixed,Kansas City -> Indianapolis & Indianapolis -> Kansas City,2,Indianapolis,Seattle,1,7.3994573,Indianapolis | Kansas City | Denver | Seattle,Indianapolis->Kansas City | Kansas City->Denver | Denver->Seattle,1
27,abilene,11,1.0,current_demand_lp,critical_failure_fixed,Kansas City -> Indianapolis & Indianapolis -> Kansas City,3,Denver,Washington DC,1,7.39865,Denver | Kansas City | Indianapolis | Atlanta | Washington DC,Denver->Kansas City | Kansas City->Indianapolis | Indianapolis->Atlanta | Atlanta->Washington DC,1
27,abilene,11,1.0,current_demand_lp,critical_failure_fixed,Kansas City -> Indianapolis & Indianapolis -> Kansas City,4,Sunnyvale,Indianapolis,1,7.3027087,Sunnyvale | Denver | Kansas City | Indianapolis,Sunnyvale->Denver | Denver->Kansas City | Kansas City->Indianapolis,1
27,abilene,11,1.0,current_demand_lp,critical_failure_fixed,Kansas City -> Indianapolis & Indianapolis -> Kansas City,5,Chicago,Kansas City,1,7.2822197,Chicago | Indianapolis | Kansas City,Chicago->Indianapolis | Indianapolis->Kansas City,1
27,abilene,11,1.0,current_demand_lp,random_failure_fixed,New York -> Chicago & Chicago -> New York,1,Seattle,New York,1,7.1076344,Seattle | Denver | Kansas City | Indianapolis | Chicago | New York,Seattle->Denver | Denver->Kansas City | Kansas City->Indianapolis | Indianapolis->Chicago | Chicago->New York,1
27,abilene,11,1.0,current_demand_lp,random_failure_fixed,New York -> Chicago & Chicago -> New York,2,Kansas City,New York,1,6.959544,Kansas City | Indianapolis | Chicago | New York,Kansas City->Indianapolis | Indianapolis->Chicago | Chicago->New York,1
27,abilene,11,1.0,current_demand_lp,random_failure_fixed,New York -> Chicago & Chicago -> New York,3,New York,Seattle,1,6.603649,New York | Chicago | Indianapolis | Kansas City | Denver | Seattle,New York->Chicago | Chicago->Indianapolis | Indianapolis->Kansas City | Kansas City->Denver | Denver->Seattle,1
27,abilene,11,1.0,current_demand_lp,random_failure_fixed,New York -> Chicago & Chicago -> New York,4,Chicago,New York,1,5.6126267,Chicago | New York,Chicago->New York,1
27,abilene,11,1.0,current_demand_lp,random_failure_fixed,New York -> Chicago & Chicago -> New York,5,New York,Chicago,1,5.3217162,New York | Chicago,New York->Chicago,1
27,abilene,11,1.0,robust_current_demand_lp,critical_failure_fixed,Kansas City -> Indianapolis & Indianapolis -> Kansas City,1,Chicago,Sunnyvale,1,13.166888,Chicago | Indianapolis | Kansas City | Denver | Sunnyvale,Chicago->Indianapolis | Indianapolis->Kansas City | Kansas City->Denver | Denver->Sunnyvale,1
27,abilene,11,1.0,robust_current_demand_lp,critical_failure_fixed,Kansas City -> Indianapolis & Indianapolis -> Kansas City,2,Indianapolis,Seattle,1,7.3994573,Indianapolis | Kansas City | Denver | Seattle,Indianapolis->Kansas City | Kansas City->Denver | Denver->Seattle,1
27,abilene,11,1.0,robust_current_demand_lp,critical_failure_fixed,Kansas City -> Indianapolis & Indianapolis -> Kansas City,3,Denver,Washington DC,1,7.39865,Denver | Kansas City | Indianapolis | Atlanta | Washington DC,Denver->Kansas City | Kansas City->Indianapolis | Indianapolis->Atlanta | Atlanta->Washington DC,1
27,abilene,11,1.0,robust_current_demand_lp,critical_failure_fixed,Kansas City -> Indianapolis & Indianapolis -> Kansas City,4,Sunnyvale,Indianapolis,1,7.3027087,Sunnyvale | Denver | Kansas City | Indianapolis,Sunnyvale->Denver | Denver->Kansas City | Kansas City->Indianapolis,1
27,abilene,11,1.0,robust_current_demand_lp,critical_failure_fixed,Kansas City -> Indianapolis & Indianapolis -> Kansas City,5,Sunnyvale,New York,1,7.2869016,Sunnyvale | Denver | Kansas City | Indianapolis | Chicago | New York,Sunnyvale->Denver | Denver->Kansas City | Kansas City->Indianapolis | Indianapolis->Chicago | Chicago->New York,1
27,abilene,11,1.0,robust_current_demand_lp,random_failure_fixed,New York -> Chicago & Chicago -> New York,1,Sunnyvale,New York,1,7.2869016,Sunnyvale | Denver | Kansas City | Indianapolis | Chicago | New York,Sunnyvale->Denver | Denver->Kansas City | Kansas City->Indianapolis | Indianapolis->Chicago | Chicago->New York,1
27,abilene,11,1.0,robust_current_demand_lp,random_failure_fixed,New York -> Chicago & Chicago -> New York,2,Seattle,New York,1,7.1076344,Seattle | Denver | Kansas City | Indianapolis | Chicago | New York,Seattle->Denver | Denver->Kansas City | Kansas City->Indianapolis | Indianapolis->Chicago | Chicago->New York,1
27,abilene,11,1.0,robust_current_demand_lp,random_failure_fixed,New York -> Chicago & Chicago -> New York,3,Kansas City,New York,1,6.959544,Kansas City | Indianapolis | Chicago | New York,Kansas City->Indianapolis | Indianapolis->Chicago | Chicago->New York,1
27,abilene,11,1.0,robust_current_demand_lp,random_failure_fixed,New York -> Chicago & Chicago -> New York,4,New York,Seattle,1,6.603649,New York | Chicago | Indianapolis | Kansas City | Denver | Seattle,New York->Chicago | Chicago->Indianapolis | Indianapolis->Kansas City | Kansas City->Denver | Denver->Seattle,1
27,abilene,11,1.0,robust_current_demand_lp,random_failure_fixed,New York -> Chicago & Chicago -> New York,5,Chicago,New York,1,5.6126267,Chicago | New York,Chicago->New York,1
27,abilene,11,1.0,moving_average,critical_failure_fixed,Denver -> Kansas City & Kansas City -> Denver,1,Chicago,Sunnyvale,1,6.0853351,Chicago | Indianapolis | Kansas City | Denver | Sunnyvale,Chicago->Indianapolis | Indianapolis->Kansas City | Kansas City->Denver | Denver->Sunnyvale,1
27,abilene,11,1.0,moving_average,critical_failure_fixed,Denver -> Kansas City & Kansas City -> Denver,2,Kansas City,Sunnyvale,1,6.0074443,Kansas City | Denver | Sunnyvale,Kansas City->Denver | Denver->Sunnyvale,1
27,abilene,11,1.0,moving_average,critical_failure_fixed,Denver -> Kansas City & Kansas City -> Denver,3,Atlanta,Sunnyvale,1,5.8675569,Atlanta | Indianapolis | Kansas City | Denver | Sunnyvale,Atlanta->Indianapolis | Indianapolis->Kansas City | Kansas City->Denver | Denver->Sunnyvale,1
27,abilene,11,1.0,moving_average,critical_failure_fixed,Denver -> Kansas City & Kansas City -> Denver,4,Denver,Washington DC,1,5.8043996,Denver | Kansas City | Indianapolis | Atlanta | Washington DC,Denver->Kansas City | Kansas City->Indianapolis | Indianapolis->Atlanta | Atlanta->Washington DC,1
27,abilene,11,1.0,moving_average,critical_failure_fixed,Denver -> Kansas City & Kansas City -> Denver,5,Indianapolis,Seattle,1,5.7499239,Indianapolis | Kansas City | Denver | Seattle,Indianapolis->Kansas City | Kansas City->Denver | Denver->Seattle,1
27,abilene,11,1.0,moving_average,random_failure_fixed,New York -> Chicago & Chicago -> New York,1,Seattle,New York,1,5.6806317,Seattle | Denver | Kansas City | Indianapolis | Chicago | New York,Seattle->Denver | Denver->Kansas City | Kansas City->Indianapolis | Indianapolis->Chicago | Chicago->New York,1
27,abilene,11,1.0,moving_average,random_failure_fixed,New York -> Chicago & Chicago -> New York,2,Kansas City,New York,1,5.6351294,Kansas City | Indianapolis | Chicago | New York,Kansas City->Indianapolis | Indianapolis->Chicago | Chicago->New York,1
27,abilene,11,1.0,moving_average,random_failure_fixed,New York -> Chicago & Chicago -> New York,3,Chicago,New York,1,4.3574098,Chicago | New York,Chicago->New York,1
27,abilene,11,1.0,moving_average,random_failure_fixed,New York -> Chicago & Chicago -> New York,4,New York,Chicago,1,4.3107138,New York | Chicago,New York->Chicago,1
27,abilene,11,1.0,moving_average,random_failure_fixed,New York -> Chicago & Chicago -> New York,5,Washington DC,Chicago,1,4.2163052,Washington DC | New York | Chicago,Washington DC->New York | New York->Chicago,1
27,abilene,11,1.0,linear_autoregressive,critical_failure_fixed,Denver -> Kansas City & Kansas City -> Denver,1,Kansas City,Sunnyvale,1,8.1658004,Kansas City | Denver | Sunnyvale,Kansas City->Denver | Denver->Sunnyvale,1
27,abilene,11,1.0,linear_autoregressive,critical_failure_fixed,Denver -> Kansas City & Kansas City -> Denver,2,Houston,Seattle,1,7.8301516,Houston | Kansas City | Denver | Seattle,Houston->Kansas City | Kansas City->Denver | Denver->Seattle,1
27,abilene,11,1.0,linear_autoregressive,critical_failure_fixed,Denver -> Kansas City & Kansas City -> Denver,3,Indianapolis,Seattle,1,7.7921381,Indianapolis | Kansas City | Denver | Seattle,Indianapolis->Kansas City | Kansas City->Denver | Denver->Seattle,1
27,abilene,11,1.0,linear_autoregressive,critical_failure_fixed,Denver -> Kansas City & Kansas City -> Denver,4,Sunnyvale,Indianapolis,1,7.7449957,Sunnyvale | Denver | Kansas City | Indianapolis,Sunnyvale->Denver | Denver->Kansas City | Kansas City->Indianapolis,1
27,abilene,11,1.0,linear_autoregressive,critical_failure_fixed,Denver -> Kansas City & Kansas City -> Denver,5,Atlanta,Sunnyvale,1,7.6654196,Atlanta | Indianapolis | Kansas City | Denver | Sunnyvale,Atlanta->Indianapolis | Indianapolis->Kansas City | Kansas City->Denver | Denver->Sunnyvale,1
27,abilene,11,1.0,linear_autoregressive,random_failure_fixed,New York -> Chicago & Chicago -> New York,1,Seattle,New York,1,7.5042944,Seattle | Denver | Kansas City | Indianapolis | Chicago | New York,Seattle->Denver | Denver->Kansas City | Kansas City->Indianapolis | Indianapolis->Chicago | Chicago->New York,1
27,abilene,11,1.0,linear_autoregressive,random_failure_fixed,New York -> Chicago & Chicago -> New York,2,Kansas City,New York,1,7.4266027,Kansas City | Indianapolis | Chicago | New York,Kansas City->Indianapolis | Indianapolis->Chicago | Chicago->New York,1
27,abilene,11,1.0,linear_autoregressive,random_failure_fixed,New York -> Chicago & Chicago -> New York,3,Washington DC,Chicago,1,6.056519,Washington DC | New York | Chicago,Washington DC->New York | New York->Chicago,1
27,abilene,11,1.0,linear_autoregressive,random_failure_fixed,New York -> Chicago & Chicago -> New York,4,Chicago,New York,1,6.0058094,Chicago | New York,Chicago->New York,1
27,abilene,11,1.0,linear_autoregressive,random_failure_fixed,New York -> Chicago & Chicago -> New York,5,New York,Indianapolis,1,5.6222467,New York | Chicago | Indianapolis,New York->Chicago | Chicago->Indianapolis,1
27,abilene,11,1.0,lstm,critical_failure_fixed,Denver -> Kansas City & Kansas City -> Denver,1,Chicago,Sunnyvale,1,5.0567951,Chicago | Indianapolis | Kansas City | Denver | Sunnyvale,Chicago->Indianapolis | Indianapolis->Kansas City | Kansas City->Denver | Denver->Sunnyvale,1
27,abilene,11,1.0,lstm,critical_failure_fixed,Denver -> Kansas City & Kansas City -> Denver,2,Kansas City,Sunnyvale,1,4.9709592,Kansas City | Denver | Sunnyvale,Kansas City->Denver | Denver->Sunnyvale,1
27,abilene,11,1.0,lstm,critical_failure_fixed,Denver -> Kansas City & Kansas City -> Denver,3,Atlanta,Sunnyvale,1,4.9396467,Atlanta | Indianapolis | Kansas City | Denver | Sunnyvale,Atlanta->Indianapolis | Indianapolis->Kansas City | Kansas City->Denver | Denver->Sunnyvale,1
27,abilene,11,1.0,lstm,critical_failure_fixed,Denver -> Kansas City & Kansas City -> Denver,4,Seattle,New York,1,4.8729591,Seattle | Denver | Kansas City | Indianapolis | Chicago | New York,Seattle->Denver | Denver->Kansas City | Kansas City->Indianapolis | Indianapolis->Chicago | Chicago->New York,1
27,abilene,11,1.0,lstm,critical_failure_fixed,Denver -> Kansas City & Kansas City -> Denver,5,Denver,Washington DC,1,4.835155,Denver | Kansas City | Indianapolis | Atlanta | Washington DC,Denver->Kansas City | Kansas City->Indianapolis | Indianapolis->Atlanta | Atlanta->Washington DC,1
27,abilene,11,1.0,lstm,random_failure_fixed,New York -> Chicago & Chicago -> New York,1,Seattle,New York,1,4.8729591,Seattle | Denver | Kansas City | Indianapolis | Chicago | New York,Seattle->Denver | Denver->Kansas City | Kansas City->Indianapolis | Indianapolis->Chicago | Chicago->New York,1
27,abilene,11,1.0,lstm,random_failure_fixed,New York -> Chicago & Chicago -> New York,2,Kansas City,New York,1,4.6942682,Kansas City | Indianapolis | Chicago | New York,Kansas City->Indianapolis | Indianapolis->Chicago | Chicago->New York,1
27,abilene,11,1.0,lstm,random_failure_fixed,New York -> Chicago & Chicago -> New York,3,Washington DC,Chicago,1,3.658639,Washington DC | New York | Chicago,Washington DC->New York | New York->Chicago,1
27,abilene,11,1.0,lstm,random_failure_fixed,New York -> Chicago & Chicago -> New York,4,New York,Chicago,1,3.6247141,New York | Chicago,New York->Chicago,1
27,abilene,11,1.0,lstm,random_failure_fixed,New York -> Chicago & Chicago -> New York,5,Chicago,New York,1,3.6023684,Chicago | New York,Chicago->New York,1
27,abilene,11,1.0,uncertainty_aware_lstm_robust_lp,critical_failure_fixed,Denver -> Kansas City & Kansas City -> Denver,1,Chicago,Sunnyvale,1,5.4078288,Chicago | Indianapolis | Kansas City | Denver | Sunnyvale,Chicago->Indianapolis | Indianapolis->Kansas City | Kansas City->Denver | Denver->Sunnyvale,1
27,abilene,11,1.0,uncertainty_aware_lstm_robust_lp,critical_failure_fixed,Denver -> Kansas City & Kansas City -> Denver,2,Kansas City,Sunnyvale,1,5.2128501,Kansas City | Denver | Sunnyvale,Kansas City->Denver | Denver->Sunnyvale,1
27,abilene,11,1.0,uncertainty_aware_lstm_robust_lp,critical_failure_fixed,Denver -> Kansas City & Kansas City -> Denver,3,Seattle,New York,1,5.0780749,Seattle | Denver | Kansas City | Indianapolis | Chicago | New York,Seattle->Denver | Denver->Kansas City | Kansas City->Indianapolis | Indianapolis->Chicago | Chicago->New York,1
27,abilene,11,1.0,uncertainty_aware_lstm_robust_lp,critical_failure_fixed,Denver -> Kansas City & Kansas City -> Denver,4,Indianapolis,Seattle,1,5.0384669,Indianapolis | Kansas City | Denver | Seattle,Indianapolis->Kansas City | Kansas City->Denver | Denver->Seattle,1
27,abilene,11,1.0,uncertainty_aware_lstm_robust_lp,critical_failure_fixed,Denver -> Kansas City & Kansas City -> Denver,5,Denver,Washington DC,1,5.0383282,Denver | Kansas City | Houston | Atlanta | Washington DC,Denver->Kansas City | Kansas City->Houston | Houston->Atlanta | Atlanta->Washington DC,1
27,abilene,11,1.0,uncertainty_aware_lstm_robust_lp,random_failure_fixed,New York -> Chicago & Chicago -> New York,1,Seattle,New York,1,5.0780749,Seattle | Denver | Kansas City | Indianapolis | Chicago | New York,Seattle->Denver | Denver->Kansas City | Kansas City->Indianapolis | Indianapolis->Chicago | Chicago->New York,1
27,abilene,11,1.0,uncertainty_aware_lstm_robust_lp,random_failure_fixed,New York -> Chicago & Chicago -> New York,2,Kansas City,New York,1,4.9219151,Kansas City | Indianapolis | Chicago | New York,Kansas City->Indianapolis | Indianapolis->Chicago | Chicago->New York,1
27,abilene,11,1.0,uncertainty_aware_lstm_robust_lp,random_failure_fixed,New York -> Chicago & Chicago -> New York,3,Washington DC,Chicago,1,3.8283727,Washington DC | New York | Chicago,Washington DC->New York | New York->Chicago,1
27,abilene,11,1.0,uncertainty_aware_lstm_robust_lp,random_failure_fixed,New York -> Chicago & Chicago -> New York,4,New York,Chicago,1,3.7769489,New York | Chicago,New York->Chicago,1
27,abilene,11,1.0,uncertainty_aware_lstm_robust_lp,random_failure_fixed,New York -> Chicago & Chicago -> New York,5,Chicago,New York,1,3.7596793,Chicago | New York,Chicago->New York,1
27,abilene,11,1.0,transformer,critical_failure_fixed,Denver -> Kansas City & Kansas City -> Denver,1,Chicago,Sunnyvale,1,6.1617436,Chicago | Indianapolis | Kansas City | Denver | Sunnyvale,Chicago->Indianapolis | Indianapolis->Kansas City | Kansas City->Denver | Denver->Sunnyvale,1
27,abilene,11,1.0,transformer,critical_failure_fixed,Denver -> Kansas City & Kansas City -> Denver,2,Kansas City,Sunnyvale,1,5.5347033,Kansas City | Denver | Sunnyvale,Kansas City->Denver | Denver->Sunnyvale,1
27,abilene,11,1.0,transformer,critical_failure_fixed,Denver -> Kansas City & Kansas City -> Denver,3,Denver,Washington DC,1,5.4768329,Denver | Kansas City | Indianapolis | Atlanta | Washington DC,Denver->Kansas City | Kansas City->Indianapolis | Indianapolis->Atlanta | Atlanta->Washington DC,1
27,abilene,11,1.0,transformer,critical_failure_fixed,Denver -> Kansas City & Kansas City -> Denver,4,Seattle,New York,1,5.3402338,Seattle | Denver | Kansas City | Indianapolis | Chicago | New York,Seattle->Denver | Denver->Kansas City | Kansas City->Indianapolis | Indianapolis->Chicago | Chicago->New York,1
27,abilene,11,1.0,transformer,critical_failure_fixed,Denver -> Kansas City & Kansas City -> Denver,5,Indianapolis,Seattle,1,5.3292742,Indianapolis | Kansas City | Denver | Seattle,Indianapolis->Kansas City | Kansas City->Denver | Denver->Seattle,1
27,abilene,11,1.0,transformer,random_failure_fixed,New York -> Chicago & Chicago -> New York,1,Kansas City,New York,1,5.404706,Kansas City | Indianapolis | Chicago | New York,Kansas City->Indianapolis | Indianapolis->Chicago | Chicago->New York,1
27,abilene,11,1.0,transformer,random_failure_fixed,New York -> Chicago & Chicago -> New York,2,Seattle,New York,1,5.3402338,Seattle | Denver | Kansas City | Indianapolis | Chicago | New York,Seattle->Denver | Denver->Kansas City | Kansas City->Indianapolis | Indianapolis->Chicago | Chicago->New York,1
27,abilene,11,1.0,transformer,random_failure_fixed,New York -> Chicago & Chicago -> New York,3,Washington DC,Chicago,1,4.0942955,Washington DC | New York | Chicago,Washington DC->New York | New York->Chicago,1
27,abilene,11,1.0,transformer,random_failure_fixed,New York -> Chicago & Chicago -> New York,4,Chicago,New York,1,3.947757,Chicago | New York,Chicago->New York,1
27,abilene,11,1.0,transformer,random_failure_fixed,New York -> Chicago & Chicago -> New York,5,New York,Chicago,1,3.8269482,New York | Chicago,New York->Chicago,1
28,abilene,11,1.0,current_demand_lp,critical_failure_fixed,Denver -> Kansas City & Kansas City -> Denver,1,Kansas City,Sunnyvale,1,7.572662,Kansas City | Denver | Sunnyvale,Kansas City->Denver | Denver->Sunnyvale,1
28,abilene,11,1.0,current_demand_lp,critical_failure_fixed,Denver -> Kansas City & Kansas City -> Denver,2,Atlanta,Sunnyvale,1,7.3424835,Atlanta | Indianapolis | Kansas City | Denver | Sunnyvale,Atlanta->Indianapolis | Indianapolis->Kansas City | Kansas City->Denver | Denver->Sunnyvale,1
28,abilene,11,1.0,current_demand_lp,critical_failure_fixed,Denver -> Kansas City & Kansas City -> Denver,3,Indianapolis,Seattle,1,7.2266889,Indianapolis | Kansas City | Denver | Seattle,Indianapolis->Kansas City | Kansas City->Denver | Denver->Seattle,1
28,abilene,11,1.0,current_demand_lp,critical_failure_fixed,Denver -> Kansas City & Kansas City -> Denver,4,Washington DC,Denver,1,6.8641704,Washington DC | Atlanta | Houston | Kansas City | Denver,Washington DC->Atlanta | Atlanta->Houston | Houston->Kansas City | Kansas City->Denver,1
28,abilene,11,1.0,current_demand_lp,critical_failure_fixed,Denver -> Kansas City & Kansas City -> Denver,5,Chicago,Sunnyvale,1,6.7340573,Chicago | Indianapolis | Kansas City | Denver | Sunnyvale,Chicago->Indianapolis | Indianapolis->Kansas City | Kansas City->Denver | Denver->Sunnyvale,1
28,abilene,11,1.0,current_demand_lp,random_failure_fixed,Denver -> Kansas City & Kansas City -> Denver,1,Kansas City,Sunnyvale,1,7.572662,Kansas City | Denver | Sunnyvale,Kansas City->Denver | Denver->Sunnyvale,1
28,abilene,11,1.0,current_demand_lp,random_failure_fixed,Denver -> Kansas City & Kansas City -> Denver,2,Atlanta,Sunnyvale,1,7.3424835,Atlanta | Indianapolis | Kansas City | Denver | Sunnyvale,Atlanta->Indianapolis | Indianapolis->Kansas City | Kansas City->Denver | Denver->Sunnyvale,1
28,abilene,11,1.0,current_demand_lp,random_failure_fixed,Denver -> Kansas City & Kansas City -> Denver,3,Indianapolis,Seattle,1,7.2266889,Indianapolis | Kansas City | Denver | Seattle,Indianapolis->Kansas City | Kansas City->Denver | Denver->Seattle,1
28,abilene,11,1.0,current_demand_lp,random_failure_fixed,Denver -> Kansas City & Kansas City -> Denver,4,Washington DC,Denver,1,6.8641704,Washington DC | Atlanta | Houston | Kansas City | Denver,Washington DC->Atlanta | Atlanta->Houston | Houston->Kansas City | Kansas City->Denver,1
28,abilene,11,1.0,current_demand_lp,random_failure_fixed,Denver -> Kansas City & Kansas City -> Denver,5,Chicago,Sunnyvale,1,6.7340573,Chicago | Indianapolis | Kansas City | Denver | Sunnyvale,Chicago->Indianapolis | Indianapolis->Kansas City | Kansas City->Denver | Denver->Sunnyvale,1
28,abilene,11,1.0,robust_current_demand_lp,critical_failure_fixed,Denver -> Kansas City & Kansas City -> Denver,1,Kansas City,Sunnyvale,1,7.572662,Kansas City | Denver | Sunnyvale,Kansas City->Denver | Denver->Sunnyvale,1
28,abilene,11,1.0,robust_current_demand_lp,critical_failure_fixed,Denver -> Kansas City & Kansas City -> Denver,2,Indianapolis,Seattle,1,7.2266889,Indianapolis | Kansas City | Denver | Seattle,Indianapolis->Kansas City | Kansas City->Denver | Denver->Seattle,1
28,abilene,11,1.0,robust_current_demand_lp,critical_failure_fixed,Denver -> Kansas City & Kansas City -> Denver,3,Sunnyvale,New York,1,7.0426253,Sunnyvale | Denver | Kansas City | Indianapolis | Chicago | New York,Sunnyvale->Denver | Denver->Kansas City | Kansas City->Indianapolis | Indianapolis->Chicago | Chicago->New York,1
28,abilene,11,1.0,robust_current_demand_lp,critical_failure_fixed,Denver -> Kansas City & Kansas City -> Denver,4,Washington DC,Denver,1,6.8641704,Washington DC | Atlanta | Indianapolis | Kansas City | Denver,Washington DC->Atlanta | Atlanta->Indianapolis | Indianapolis->Kansas City | Kansas City->Denver,1
28,abilene,11,1.0,robust_current_demand_lp,critical_failure_fixed,Denver -> Kansas City & Kansas City -> Denver,5,Chicago,Sunnyvale,1,6.7340573,Chicago | Indianapolis | Kansas City | Denver | Sunnyvale,Chicago->Indianapolis | Indianapolis->Kansas City | Kansas City->Denver | Denver->Sunnyvale,1
28,abilene,11,1.0,robust_current_demand_lp,random_failure_fixed,Denver -> Kansas City & Kansas City -> Denver,1,Kansas City,Sunnyvale,1,7.572662,Kansas City | Denver | Sunnyvale,Kansas City->Denver | Denver->Sunnyvale,1
28,abilene,11,1.0,robust_current_demand_lp,random_failure_fixed,Denver -> Kansas City & Kansas City -> Denver,2,Indianapolis,Seattle,1,7.2266889,Indianapolis | Kansas City | Denver | Seattle,Indianapolis->Kansas City | Kansas City->Denver | Denver->Seattle,1
28,abilene,11,1.0,robust_current_demand_lp,random_failure_fixed,Denver -> Kansas City & Kansas City -> Denver,3,Sunnyvale,New York,1,7.0426253,Sunnyvale | Denver | Kansas City | Indianapolis | Chicago | New York,Sunnyvale->Denver | Denver->Kansas City | Kansas City->Indianapolis | Indianapolis->Chicago | Chicago->New York,1
28,abilene,11,1.0,robust_current_demand_lp,random_failure_fixed,Denver -> Kansas City & Kansas City -> Denver,4,Washington DC,Denver,1,6.8641704,Washington DC | Atlanta | Indianapolis | Kansas City | Denver,Washington DC->Atlanta | Atlanta->Indianapolis | Indianapolis->Kansas City | Kansas City->Denver,1
28,abilene,11,1.0,robust_current_demand_lp,random_failure_fixed,Denver -> Kansas City & Kansas City -> Denver,5,Chicago,Sunnyvale,1,6.7340573,Chicago | Indianapolis | Kansas City | Denver | Sunnyvale,Chicago->Indianapolis | Indianapolis->Kansas City | Kansas City->Denver | Denver->Sunnyvale,1
28,abilene,11,1.0,moving_average,critical_failure_fixed,Kansas City -> Indianapolis & Indianapolis -> Kansas City,1,Chicago,Sunnyvale,1,6.418494,Chicago | Indianapolis | Kansas City | Denver | Sunnyvale,Chicago->Indianapolis | Indianapolis->Kansas City | Kansas City->Denver | Denver->Sunnyvale,1
28,abilene,11,1.0,moving_average,critical_failure_fixed,Kansas City -> Indianapolis & Indianapolis -> Kansas City,2,Atlanta,Sunnyvale,1,6.2302531,Atlanta | Indianapolis | Kansas City | Denver | Sunnyvale,Atlanta->Indianapolis | Indianapolis->Kansas City | Kansas City->Denver | Denver->Sunnyvale,1
28,abilene,11,1.0,moving_average,critical_failure_fixed,Kansas City -> Indianapolis & Indianapolis -> Kansas City,3,Indianapolis,Seattle,1,6.0797582,Indianapolis | Kansas City | Denver | Seattle,Indianapolis->Kansas City | Kansas City->Denver | Denver->Seattle,1
28,abilene,11,1.0,moving_average,critical_failure_fixed,Kansas City -> Indianapolis & Indianapolis -> Kansas City,4,Denver,Washington DC,1,6.0616496,Denver | Kansas City | Indianapolis | Atlanta | Washington DC,Denver->Kansas City | Kansas City->Indianapolis | Indianapolis->Atlanta | Atlanta->Washington DC,1
28,abilene,11,1.0,moving_average,critical_failure_fixed,Kansas City -> Indianapolis & Indianapolis -> Kansas City,5,Seattle,New York,1,5.9719192,Seattle | Denver | Kansas City | Indianapolis | Chicago | New York,Seattle->Denver | Denver->Kansas City | Kansas City->Indianapolis | Indianapolis->Chicago | Chicago->New York,1
28,abilene,11,1.0,moving_average,random_failure_fixed,Denver -> Kansas City & Kansas City -> Denver,1,Chicago,Sunnyvale,1,6.418494,Chicago | Indianapolis | Kansas City | Denver | Sunnyvale,Chicago->Indianapolis | Indianapolis->Kansas City | Kansas City->Denver | Denver->Sunnyvale,1
28,abilene,11,1.0,moving_average,random_failure_fixed,Denver -> Kansas City & Kansas City -> Denver,2,Kansas City,Sunnyvale,1,6.3707264,Kansas City | Denver | Sunnyvale,Kansas City->Denver | Denver->Sunnyvale,1
28,abilene,11,1.0,moving_average,random_failure_fixed,Denver -> Kansas City & Kansas City -> Denver,3,Atlanta,Sunnyvale,1,6.2302531,Atlanta | Indianapolis | Kansas City | Denver | Sunnyvale,Atlanta->Indianapolis | Indianapolis->Kansas City | Kansas City->Denver | Denver->Sunnyvale,1
28,abilene,11,1.0,moving_average,random_failure_fixed,Denver -> Kansas City & Kansas City -> Denver,4,Indianapolis,Seattle,1,6.0797582,Indianapolis | Kansas City | Denver | Seattle,Indianapolis->Kansas City | Kansas City->Denver | Denver->Seattle,1
28,abilene,11,1.0,moving_average,random_failure_fixed,Denver -> Kansas City & Kansas City -> Denver,5,Denver,Washington DC,1,6.0616496,Denver | Kansas City | Indianapolis | Atlanta | Washington DC,Denver->Kansas City | Kansas City->Indianapolis | Indianapolis->Atlanta | Atlanta->Washington DC,1
28,abilene,11,1.0,linear_autoregressive,critical_failure_fixed,Kansas City -> Indianapolis & Indianapolis -> Kansas City,1,Atlanta,Sunnyvale,1,6.4564507,Atlanta | Indianapolis | Kansas City | Denver | Sunnyvale,Atlanta->Indianapolis | Indianapolis->Kansas City | Kansas City->Denver | Denver->Sunnyvale,1
28,abilene,11,1.0,linear_autoregressive,critical_failure_fixed,Kansas City -> Indianapolis & Indianapolis -> Kansas City,2,Seattle,New York,1,6.4113977,Seattle | Denver | Kansas City | Indianapolis | Chicago | New York,Seattle->Denver | Denver->Kansas City | Kansas City->Indianapolis | Indianapolis->Chicago | Chicago->New York,1
28,abilene,11,1.0,linear_autoregressive,critical_failure_fixed,Kansas City -> Indianapolis & Indianapolis -> Kansas City,3,Denver,Washington DC,1,6.3268198,Denver | Kansas City | Indianapolis | Atlanta | Washington DC,Denver->Kansas City | Kansas City->Indianapolis | Indianapolis->Atlanta | Atlanta->Washington DC,1
28,abilene,11,1.0,linear_autoregressive,critical_failure_fixed,Kansas City -> Indianapolis & Indianapolis -> Kansas City,4,Kansas City,New York,1,6.3181649,Kansas City | Indianapolis | Chicago | New York,Kansas City->Indianapolis | Indianapolis->Chicago | Chicago->New York,1
28,abilene,11,1.0,linear_autoregressive,critical_failure_fixed,Kansas City -> Indianapolis & Indianapolis -> Kansas City,5,Indianapolis,Seattle,1,6.3095391,Indianapolis | Kansas City | Denver | Seattle,Indianapolis->Kansas City | Kansas City->Denver | Denver->Seattle,1
28,abilene,11,1.0,linear_autoregressive,random_failure_fixed,Denver -> Kansas City & Kansas City -> Denver,1,Kansas City,Sunnyvale,1,6.648617,Kansas City | Denver | Sunnyvale,Kansas City->Denver | Denver->Sunnyvale,1
28,abilene,11,1.0,linear_autoregressive,random_failure_fixed,Denver -> Kansas City & Kansas City -> Denver,2,Atlanta,Sunnyvale,1,6.4564507,Atlanta | Indianapolis | Kansas City | Denver | Sunnyvale,Atlanta->Indianapolis | Indianapolis->Kansas City | Kansas City->Denver | Denver->Sunnyvale,1
28,abilene,11,1.0,linear_autoregressive,random_failure_fixed,Denver -> Kansas City & Kansas City -> Denver,3,Seattle,New York,1,6.4113977,Seattle | Denver | Kansas City | Indianapolis | Chicago | New York,Seattle->Denver | Denver->Kansas City | Kansas City->Indianapolis | Indianapolis->Chicago | Chicago->New York,1
28,abilene,11,1.0,linear_autoregressive,random_failure_fixed,Denver -> Kansas City & Kansas City -> Denver,4,Denver,Washington DC,1,6.3268198,Denver | Kansas City | Indianapolis | Atlanta | Washington DC,Denver->Kansas City | Kansas City->Indianapolis | Indianapolis->Atlanta | Atlanta->Washington DC,1
28,abilene,11,1.0,linear_autoregressive,random_failure_fixed,Denver -> Kansas City & Kansas City -> Denver,5,Washington DC,Denver,1,6.3156816,Washington DC | Atlanta | Houston | Kansas City | Denver,Washington DC->Atlanta | Atlanta->Houston | Houston->Kansas City | Kansas City->Denver,1
28,abilene,11,1.0,lstm,critical_failure_fixed,Denver -> Kansas City & Kansas City -> Denver,1,Chicago,Sunnyvale,1,5.0567951,Chicago | Indianapolis | Kansas City | Denver | Sunnyvale,Chicago->Indianapolis | Indianapolis->Kansas City | Kansas City->Denver | Denver->Sunnyvale,1
28,abilene,11,1.0,lstm,critical_failure_fixed,Denver -> Kansas City & Kansas City -> Denver,2,Kansas City,Sunnyvale,1,4.9709592,Kansas City | Denver | Sunnyvale,Kansas City->Denver | Denver->Sunnyvale,1
28,abilene,11,1.0,lstm,critical_failure_fixed,Denver -> Kansas City & Kansas City -> Denver,3,Atlanta,Sunnyvale,1,4.9396467,Atlanta | Indianapolis | Kansas City | Denver | Sunnyvale,Atlanta->Indianapolis | Indianapolis->Kansas City | Kansas City->Denver | Denver->Sunnyvale,1
28,abilene,11,1.0,lstm,critical_failure_fixed,Denver -> Kansas City & Kansas City -> Denver,4,Seattle,New York,1,4.8729591,Seattle | Denver | Kansas City | Indianapolis | Chicago | New York,Seattle->Denver | Denver->Kansas City | Kansas City->Indianapolis | Indianapolis->Chicago | Chicago->New York,1
28,abilene,11,1.0,lstm,critical_failure_fixed,Denver -> Kansas City & Kansas City -> Denver,5,Denver,Washington DC,1,4.835155,Denver | Kansas City | Indianapolis | Atlanta | Washington DC,Denver->Kansas City | Kansas City->Indianapolis | Indianapolis->Atlanta | Atlanta->Washington DC,1
28,abilene,11,1.0,lstm,random_failure_fixed,Denver -> Kansas City & Kansas City -> Denver,1,Chicago,Sunnyvale,1,5.0567951,Chicago | Indianapolis | Kansas City | Denver | Sunnyvale,Chicago->Indianapolis | Indianapolis->Kansas City | Kansas City->Denver | Denver->Sunnyvale,1
28,abilene,11,1.0,lstm,random_failure_fixed,Denver -> Kansas City & Kansas City -> Denver,2,Kansas City,Sunnyvale,1,4.9709592,Kansas City | Denver | Sunnyvale,Kansas City->Denver | Denver->Sunnyvale,1
28,abilene,11,1.0,lstm,random_failure_fixed,Denver -> Kansas City & Kansas City -> Denver,3,Atlanta,Sunnyvale,1,4.9396467,Atlanta | Indianapolis | Kansas City | Denver | Sunnyvale,Atlanta->Indianapolis | Indianapolis->Kansas City | Kansas City->Denver | Denver->Sunnyvale,1
28,abilene,11,1.0,lstm,random_failure_fixed,Denver -> Kansas City & Kansas City -> Denver,4,Seattle,New York,1,4.8729591,Seattle | Denver | Kansas City | Indianapolis | Chicago | New York,Seattle->Denver | Denver->Kansas City | Kansas City->Indianapolis | Indianapolis->Chicago | Chicago->New York,1
28,abilene,11,1.0,lstm,random_failure_fixed,Denver -> Kansas City & Kansas City -> Denver,5,Denver,Washington DC,1,4.835155,Denver | Kansas City | Indianapolis | Atlanta | Washington DC,Denver->Kansas City | Kansas City->Indianapolis | Indianapolis->Atlanta | Atlanta->Washington DC,1
28,abilene,11,1.0,uncertainty_aware_lstm_robust_lp,critical_failure_fixed,Denver -> Kansas City & Kansas City -> Denver,1,Chicago,Sunnyvale,1,5.4078288,Chicago | Indianapolis | Kansas City | Denver | Sunnyvale,Chicago->Indianapolis | Indianapolis->Kansas City | Kansas City->Denver | Denver->Sunnyvale,1
28,abilene,11,1.0,uncertainty_aware_lstm_robust_lp,critical_failure_fixed,Denver -> Kansas City & Kansas City -> Denver,2,Kansas City,Sunnyvale,1,5.2128501,Kansas City | Denver | Sunnyvale,Kansas City->Denver | Denver->Sunnyvale,1
28,abilene,11,1.0,uncertainty_aware_lstm_robust_lp,critical_failure_fixed,Denver -> Kansas City & Kansas City -> Denver,3,Seattle,New York,1,5.0780749,Seattle | Denver | Kansas City | Indianapolis | Chicago | New York,Seattle->Denver | Denver->Kansas City | Kansas City->Indianapolis | Indianapolis->Chicago | Chicago->New York,1
28,abilene,11,1.0,uncertainty_aware_lstm_robust_lp,critical_failure_fixed,Denver -> Kansas City & Kansas City -> Denver,4,Indianapolis,Seattle,1,5.0384669,Indianapolis | Kansas City | Denver | Seattle,Indianapolis->Kansas City | Kansas City->Denver | Denver->Seattle,1
28,abilene,11,1.0,uncertainty_aware_lstm_robust_lp,critical_failure_fixed,Denver -> Kansas City & Kansas City -> Denver,5,Denver,Washington DC,1,5.0383282,Denver | Kansas City | Houston | Atlanta | Washington DC,Denver->Kansas City | Kansas City->Houston | Houston->Atlanta | Atlanta->Washington DC,1
28,abilene,11,1.0,uncertainty_aware_lstm_robust_lp,random_failure_fixed,Denver -> Kansas City & Kansas City -> Denver,1,Chicago,Sunnyvale,1,5.4078288,Chicago | Indianapolis | Kansas City | Denver | Sunnyvale,Chicago->Indianapolis | Indianapolis->Kansas City | Kansas City->Denver | Denver->Sunnyvale,1
28,abilene,11,1.0,uncertainty_aware_lstm_robust_lp,random_failure_fixed,Denver -> Kansas City & Kansas City -> Denver,2,Kansas City,Sunnyvale,1,5.2128501,Kansas City | Denver | Sunnyvale,Kansas City->Denver | Denver->Sunnyvale,1
28,abilene,11,1.0,uncertainty_aware_lstm_robust_lp,random_failure_fixed,Denver -> Kansas City & Kansas City -> Denver,3,Seattle,New York,1,5.0780749,Seattle | Denver | Kansas City | Indianapolis | Chicago | New York,Seattle->Denver | Denver->Kansas City | Kansas City->Indianapolis | Indianapolis->Chicago | Chicago->New York,1
28,abilene,11,1.0,uncertainty_aware_lstm_robust_lp,random_failure_fixed,Denver -> Kansas City & Kansas City -> Denver,4,Indianapolis,Seattle,1,5.0384669,Indianapolis | Kansas City | Denver | Seattle,Indianapolis->Kansas City | Kansas City->Denver | Denver->Seattle,1
28,abilene,11,1.0,uncertainty_aware_lstm_robust_lp,random_failure_fixed,Denver -> Kansas City & Kansas City -> Denver,5,Denver,Washington DC,1,5.0383282,Denver | Kansas City | Houston | Atlanta | Washington DC,Denver->Kansas City | Kansas City->Houston | Houston->Atlanta | Atlanta->Washington DC,1
28,abilene,11,1.0,transformer,critical_failure_fixed,Denver -> Kansas City & Kansas City -> Denver,1,Chicago,Sunnyvale,1,6.3267231,Chicago | Indianapolis | Kansas City | Denver | Sunnyvale,Chicago->Indianapolis | Indianapolis->Kansas City | Kansas City->Denver | Denver->Sunnyvale,1
28,abilene,11,1.0,transformer,critical_failure_fixed,Denver -> Kansas City & Kansas City -> Denver,2,Kansas City,Sunnyvale,1,5.641778,Kansas City | Denver | Sunnyvale,Kansas City->Denver | Denver->Sunnyvale,1
28,abilene,11,1.0,transformer,critical_failure_fixed,Denver -> Kansas City & Kansas City -> Denver,3,Denver,Washington DC,1,5.502532,Denver | Kansas City | Indianapolis | Atlanta | Washington DC,Denver->Kansas City | Kansas City->Indianapolis | Indianapolis->Atlanta | Atlanta->Washington DC,1
28,abilene,11,1.0,transformer,critical_failure_fixed,Denver -> Kansas City & Kansas City -> Denver,4,Seattle,New York,1,5.4479599,Seattle | Denver | Kansas City | Indianapolis | Chicago | New York,Seattle->Denver | Denver->Kansas City | Kansas City->Indianapolis | Indianapolis->Chicago | Chicago->New York,1
28,abilene,11,1.0,transformer,critical_failure_fixed,Denver -> Kansas City & Kansas City -> Denver,5,Washington DC,Denver,1,5.3806887,Washington DC | Atlanta | Houston | Kansas City | Denver,Washington DC->Atlanta | Atlanta->Houston | Houston->Kansas City | Kansas City->Denver,1
28,abilene,11,1.0,transformer,random_failure_fixed,Denver -> Kansas City & Kansas City -> Denver,1,Chicago,Sunnyvale,1,6.3267231,Chicago | Indianapolis | Kansas City | Denver | Sunnyvale,Chicago->Indianapolis | Indianapolis->Kansas City | Kansas City->Denver | Denver->Sunnyvale,1
28,abilene,11,1.0,transformer,random_failure_fixed,Denver -> Kansas City & Kansas City -> Denver,2,Kansas City,Sunnyvale,1,5.641778,Kansas City | Denver | Sunnyvale,Kansas City->Denver | Denver->Sunnyvale,1
28,abilene,11,1.0,transformer,random_failure_fixed,Denver -> Kansas City & Kansas City -> Denver,3,Denver,Washington DC,1,5.502532,Denver | Kansas City | Indianapolis | Atlanta | Washington DC,Denver->Kansas City | Kansas City->Indianapolis | Indianapolis->Atlanta | Atlanta->Washington DC,1
28,abilene,11,1.0,transformer,random_failure_fixed,Denver -> Kansas City & Kansas City -> Denver,4,Seattle,New York,1,5.4479599,Seattle | Denver | Kansas City | Indianapolis | Chicago | New York,Seattle->Denver | Denver->Kansas City | Kansas City->Indianapolis | Indianapolis->Chicago | Chicago->New York,1
28,abilene,11,1.0,transformer,random_failure_fixed,Denver -> Kansas City & Kansas City -> Denver,5,Washington DC,Denver,1,5.3806887,Washington DC | Atlanta | Houston | Kansas City | Denver,Washington DC->Atlanta | Atlanta->Houston | Houston->Kansas City | Kansas City->Denver,1
29,abilene,11,1.0,current_demand_lp,critical_failure_fixed,Denver -> Kansas City & Kansas City -> Denver,1,Kansas City,Sunnyvale,1,6.3959501,Kansas City | Denver | Sunnyvale,Kansas City->Denver | Denver->Sunnyvale,1
29,abilene,11,1.0,current_demand_lp,critical_failure_fixed,Denver -> Kansas City & Kansas City -> Denver,2,Atlanta,Sunnyvale,1,6.3729727,Atlanta | Indianapolis | Kansas City | Denver | Sunnyvale,Atlanta->Indianapolis | Indianapolis->Kansas City | Kansas City->Denver | Denver->Sunnyvale,1
29,abilene,11,1.0,current_demand_lp,critical_failure_fixed,Denver -> Kansas City & Kansas City -> Denver,3,Denver,Washington DC,1,6.114442,Denver | Kansas City | Indianapolis | Atlanta | Washington DC,Denver->Kansas City | Kansas City->Indianapolis | Indianapolis->Atlanta | Atlanta->Washington DC,1
29,abilene,11,1.0,current_demand_lp,critical_failure_fixed,Denver -> Kansas City & Kansas City -> Denver,4,Atlanta,Seattle,1,6.1064106,Atlanta | Indianapolis | Kansas City | Denver | Seattle,Atlanta->Indianapolis | Indianapolis->Kansas City | Kansas City->Denver | Denver->Seattle,1
29,abilene,11,1.0,current_demand_lp,critical_failure_fixed,Denver -> Kansas City & Kansas City -> Denver,5,Sunnyvale,Indianapolis,1,6.094232,Sunnyvale | Denver | Kansas City | Indianapolis,Sunnyvale->Denver | Denver->Kansas City | Kansas City->Indianapolis,1
29,abilene,11,1.0,current_demand_lp,random_failure_fixed,Atlanta -> Indianapolis & Indianapolis -> Atlanta,1,Atlanta,Sunnyvale,1,6.3729727,Atlanta | Indianapolis | Kansas City | Denver | Sunnyvale,Atlanta->Indianapolis | Indianapolis->Kansas City | Kansas City->Denver | Denver->Sunnyvale,1
29,abilene,11,1.0,current_demand_lp,random_failure_fixed,Atlanta -> Indianapolis & Indianapolis -> Atlanta,2,Chicago,Atlanta,1,6.2529485,Chicago | Indianapolis | Atlanta,Chicago->Indianapolis | Indianapolis->Atlanta,1
29,abilene,11,1.0,current_demand_lp,random_failure_fixed,Atlanta -> Indianapolis & Indianapolis -> Atlanta,3,Denver,Washington DC,1,6.114442,Denver | Kansas City | Indianapolis | Atlanta | Washington DC,Denver->Kansas City | Kansas City->Indianapolis | Indianapolis->Atlanta | Atlanta->Washington DC,1
29,abilene,11,1.0,current_demand_lp,random_failure_fixed,Atlanta -> Indianapolis & Indianapolis -> Atlanta,4,Atlanta,Seattle,1,6.1064106,Atlanta | Indianapolis | Kansas City | Denver | Seattle,Atlanta->Indianapolis | Indianapolis->Kansas City | Kansas City->Denver | Denver->Seattle,1
29,abilene,11,1.0,current_demand_lp,random_failure_fixed,Atlanta -> Indianapolis & Indianapolis -> Atlanta,5,Kansas City,Atlanta,1,5.6760909,Kansas City | Indianapolis | Atlanta,Kansas City->Indianapolis | Indianapolis->Atlanta,1
29,abilene,11,1.0,robust_current_demand_lp,critical_failure_fixed,Denver -> Kansas City & Kansas City -> Denver,1,Kansas City,Sunnyvale,1,6.3959501,Kansas City | Denver | Sunnyvale,Kansas City->Denver | Denver->Sunnyvale,1
29,abilene,11,1.0,robust_current_demand_lp,critical_failure_fixed,Denver -> Kansas City & Kansas City -> Denver,2,Denver,Washington DC,1,6.114442,Denver | Kansas City | Houston | Atlanta | Washington DC,Denver->Kansas City | Kansas City->Houston | Houston->Atlanta | Atlanta->Washington DC,1
29,abilene,11,1.0,robust_current_demand_lp,critical_failure_fixed,Denver -> Kansas City & Kansas City -> Denver,3,Atlanta,Seattle,1,6.1064106,Atlanta | Indianapolis | Kansas City | Denver | Seattle,Atlanta->Indianapolis | Indianapolis->Kansas City | Kansas City->Denver | Denver->Seattle,1
29,abilene,11,1.0,robust_current_demand_lp,critical_failure_fixed,Denver -> Kansas City & Kansas City -> Denver,4,Sunnyvale,Indianapolis,1,6.094232,Sunnyvale | Denver | Kansas City | Indianapolis,Sunnyvale->Denver | Denver->Kansas City | Kansas City->Indianapolis,1
29,abilene,11,1.0,robust_current_demand_lp,critical_failure_fixed,Denver -> Kansas City & Kansas City -> Denver,5,Houston,Seattle,1,6.0933622,Houston | Kansas City | Denver | Seattle,Houston->Kansas City | Kansas City->Denver | Denver->Seattle,1
29,abilene,11,1.0,robust_current_demand_lp,random_failure_fixed,Atlanta -> Indianapolis & Indianapolis -> Atlanta,1,Chicago,Atlanta,1,6.2529485,Chicago | Indianapolis | Atlanta,Chicago->Indianapolis | Indianapolis->Atlanta,1
29,abilene,11,1.0,robust_current_demand_lp,random_failure_fixed,Atlanta -> Indianapolis & Indianapolis -> Atlanta,2,Atlanta,Seattle,1,6.1064106,Atlanta | Indianapolis | Kansas City | Denver | Seattle,Atlanta->Indianapolis | Indianapolis->Kansas City | Kansas City->Denver | Denver->Seattle,1
29,abilene,11,1.0,robust_current_demand_lp,random_failure_fixed,Atlanta -> Indianapolis & Indianapolis -> Atlanta,3,Washington DC,Denver,1,5.9540417,Washington DC | Atlanta | Indianapolis | Kansas City | Denver,Washington DC->Atlanta | Atlanta->Indianapolis | Indianapolis->Kansas City | Kansas City->Denver,1
29,abilene,11,1.0,robust_current_demand_lp,random_failure_fixed,Atlanta -> Indianapolis & Indianapolis -> Atlanta,4,Indianapolis,Houston,1,5.3442963,Indianapolis | Atlanta | Houston,Indianapolis->Atlanta | Atlanta->Houston,1
29,abilene,11,1.0,robust_current_demand_lp,random_failure_fixed,Atlanta -> Indianapolis & Indianapolis -> Atlanta,5,Denver,Atlanta,1,5.2804338,Denver | Kansas City | Indianapolis | Atlanta,Denver->Kansas City | Kansas City->Indianapolis | Indianapolis->Atlanta,1
29,abilene,11,1.0,moving_average,critical_failure_fixed,Denver -> Kansas City & Kansas City -> Denver,1,Chicago,Sunnyvale,1,6.6512032,Chicago | Indianapolis | Kansas City | Denver | Sunnyvale,Chicago->Indianapolis | Indianapolis->Kansas City | Kansas City->Denver | Denver->Sunnyvale,1
29,abilene,11,1.0,moving_average,critical_failure_fixed,Denver -> Kansas City & Kansas City -> Denver,2,Kansas City,Sunnyvale,1,6.5993057,Kansas City | Denver | Sunnyvale,Kansas City->Denver | Denver->Sunnyvale,1
29,abilene,11,1.0,moving_average,critical_failure_fixed,Denver -> Kansas City & Kansas City -> Denver,3,Atlanta,Sunnyvale,1,6.4208857,Atlanta | Indianapolis | Kansas City | Denver | Sunnyvale,Atlanta->Indianapolis | Indianapolis->Kansas City | Kansas City->Denver | Denver->Sunnyvale,1
29,abilene,11,1.0,moving_average,critical_failure_fixed,Denver -> Kansas City & Kansas City -> Denver,4,Indianapolis,Seattle,1,6.3186801,Indianapolis | Kansas City | Denver | Seattle,Indianapolis->Kansas City | Kansas City->Denver | Denver->Seattle,1
29,abilene,11,1.0,moving_average,critical_failure_fixed,Denver -> Kansas City & Kansas City -> Denver,5,Denver,Washington DC,1,6.2539901,Denver | Kansas City | Indianapolis | Atlanta | Washington DC,Denver->Kansas City | Kansas City->Indianapolis | Indianapolis->Atlanta | Atlanta->Washington DC,1
29,abilene,11,1.0,moving_average,random_failure_fixed,Atlanta -> Indianapolis & Indianapolis -> Atlanta,1,Chicago,Atlanta,1,6.6028371,Chicago | Indianapolis | Atlanta,Chicago->Indianapolis | Indianapolis->Atlanta,1
29,abilene,11,1.0,moving_average,random_failure_fixed,Atlanta -> Indianapolis & Indianapolis -> Atlanta,2,Atlanta,Sunnyvale,1,6.4208857,Atlanta | Indianapolis | Kansas City | Denver | Sunnyvale,Atlanta->Indianapolis | Indianapolis->Kansas City | Kansas City->Denver | Denver->Sunnyvale,1
29,abilene,11,1.0,moving_average,random_failure_fixed,Atlanta -> Indianapolis & Indianapolis -> Atlanta,3,Denver,Washington DC,1,6.2539901,Denver | Kansas City | Indianapolis | Atlanta | Washington DC,Denver->Kansas City | Kansas City->Indianapolis | Indianapolis->Atlanta | Atlanta->Washington DC,1
29,abilene,11,1.0,moving_average,random_failure_fixed,Atlanta -> Indianapolis & Indianapolis -> Atlanta,4,Atlanta,Seattle,1,6.053695,Atlanta | Indianapolis | Kansas City | Denver | Seattle,Atlanta->Indianapolis | Indianapolis->Kansas City | Kansas City->Denver | Denver->Seattle,1
29,abilene,11,1.0,moving_average,random_failure_fixed,Atlanta -> Indianapolis & Indianapolis -> Atlanta,5,Kansas City,Atlanta,1,5.9034935,Kansas City | Indianapolis | Atlanta,Kansas City->Indianapolis | Indianapolis->Atlanta,1
29,abilene,11,1.0,linear_autoregressive,critical_failure_fixed,Denver -> Kansas City & Kansas City -> Denver,1,Kansas City,Sunnyvale,1,6.4978725,Kansas City | Denver | Sunnyvale,Kansas City->Denver | Denver->Sunnyvale,1
29,abilene,11,1.0,linear_autoregressive,critical_failure_fixed,Denver -> Kansas City & Kansas City -> Denver,2,Denver,Washington DC,1,6.2597013,Denver | Kansas City | Indianapolis | Atlanta | Washington DC,Denver->Kansas City | Kansas City->Indianapolis | Indianapolis->Atlanta | Atlanta->Washington DC,1
29,abilene,11,1.0,linear_autoregressive,critical_failure_fixed,Denver -> Kansas City & Kansas City -> Denver,3,Atlanta,Sunnyvale,1,6.2226421,Atlanta | Indianapolis | Kansas City | Denver | Sunnyvale,Atlanta->Indianapolis | Indianapolis->Kansas City | Kansas City->Denver | Denver->Sunnyvale,1
29,abilene,11,1.0,linear_autoregressive,critical_failure_fixed,Denver -> Kansas City & Kansas City -> Denver,4,Seattle,New York,1,6.1660491,Seattle | Denver | Kansas City | Indianapolis | Chicago | New York,Seattle->Denver | Denver->Kansas City | Kansas City->Indianapolis | Indianapolis->Chicago | Chicago->New York,1
29,abilene,11,1.0,linear_autoregressive,critical_failure_fixed,Denver -> Kansas City & Kansas City -> Denver,5,Indianapolis,Seattle,1,6.0670314,Indianapolis | Kansas City | Denver | Seattle,Indianapolis->Kansas City | Kansas City->Denver | Denver->Seattle,1
29,abilene,11,1.0,linear_autoregressive,random_failure_fixed,Atlanta -> Indianapolis & Indianapolis -> Atlanta,1,Chicago,Atlanta,1,6.5453327,Chicago | Indianapolis | Atlanta,Chicago->Indianapolis | Indianapolis->Atlanta,1
29,abilene,11,1.0,linear_autoregressive,random_failure_fixed,Atlanta -> Indianapolis & Indianapolis -> Atlanta,2,Denver,Washington DC,1,6.2597013,Denver | Kansas City | Indianapolis | Atlanta | Washington DC,Denver->Kansas City | Kansas City->Indianapolis | Indianapolis->Atlanta | Atlanta->Washington DC,1
29,abilene,11,1.0,linear_autoregressive,random_failure_fixed,Atlanta -> Indianapolis & Indianapolis -> Atlanta,3,Atlanta,Sunnyvale,1,6.2226421,Atlanta | Indianapolis | Kansas City | Denver | Sunnyvale,Atlanta->Indianapolis | Indianapolis->Kansas City | Kansas City->Denver | Denver->Sunnyvale,1
29,abilene,11,1.0,linear_autoregressive,random_failure_fixed,Atlanta -> Indianapolis & Indianapolis -> Atlanta,4,Kansas City,Atlanta,1,5.7021197,Kansas City | Indianapolis | Atlanta,Kansas City->Indianapolis | Indianapolis->Atlanta,1
29,abilene,11,1.0,linear_autoregressive,random_failure_fixed,Atlanta -> Indianapolis & Indianapolis -> Atlanta,5,Atlanta,Seattle,1,5.6706933,Atlanta | Indianapolis | Kansas City | Denver | Seattle,Atlanta->Indianapolis | Indianapolis->Kansas City | Kansas City->Denver | Denver->Seattle,1
29,abilene,11,1.0,lstm,critical_failure_fixed,Denver -> Kansas City & Kansas City -> Denver,1,Chicago,Sunnyvale,1,5.0567951,Chicago | Indianapolis | Kansas City | Denver | Sunnyvale,Chicago->Indianapolis | Indianapolis->Kansas City | Kansas City->Denver | Denver->Sunnyvale,1
29,abilene,11,1.0,lstm,critical_failure_fixed,Denver -> Kansas City & Kansas City -> Denver,2,Kansas City,Sunnyvale,1,4.9709592,Kansas City | Denver | Sunnyvale,Kansas City->Denver | Denver->Sunnyvale,1
29,abilene,11,1.0,lstm,critical_failure_fixed,Denver -> Kansas City & Kansas City -> Denver,3,Atlanta,Sunnyvale,1,4.9396467,Atlanta | Indianapolis | Kansas City | Denver | Sunnyvale,Atlanta->Indianapolis | Indianapolis->Kansas City | Kansas City->Denver | Denver->Sunnyvale,1
29,abilene,11,1.0,lstm,critical_failure_fixed,Denver -> Kansas City & Kansas City -> Denver,4,Seattle,New York,1,4.8729591,Seattle | Denver | Kansas City | Indianapolis | Chicago | New York,Seattle->Denver | Denver->Kansas City | Kansas City->Indianapolis | Indianapolis->Chicago | Chicago->New York,1
29,abilene,11,1.0,lstm,critical_failure_fixed,Denver -> Kansas City & Kansas City -> Denver,5,Denver,Washington DC,1,4.835155,Denver | Kansas City | Indianapolis | Atlanta | Washington DC,Denver->Kansas City | Kansas City->Indianapolis | Indianapolis->Atlanta | Atlanta->Washington DC,1
29,abilene,11,1.0,lstm,random_failure_fixed,Atlanta -> Indianapolis & Indianapolis -> Atlanta,1,Chicago,Atlanta,1,5.1053901,Chicago | Indianapolis | Atlanta,Chicago->Indianapolis | Indianapolis->Atlanta,1
29,abilene,11,1.0,lstm,random_failure_fixed,Atlanta -> Indianapolis & Indianapolis -> Atlanta,2,Atlanta,Sunnyvale,1,4.9396467,Atlanta | Indianapolis | Kansas City | Denver | Sunnyvale,Atlanta->Indianapolis | Indianapolis->Kansas City | Kansas City->Denver | Denver->Sunnyvale,1
29,abilene,11,1.0,lstm,random_failure_fixed,Atlanta -> Indianapolis & Indianapolis -> Atlanta,3,Denver,Washington DC,1,4.835155,Denver | Kansas City | Indianapolis | Atlanta | Washington DC,Denver->Kansas City | Kansas City->Indianapolis | Indianapolis->Atlanta | Atlanta->Washington DC,1
29,abilene,11,1.0,lstm,random_failure_fixed,Atlanta -> Indianapolis & Indianapolis -> Atlanta,4,Atlanta,Seattle,1,4.496141,Atlanta | Indianapolis | Kansas City | Denver | Seattle,Atlanta->Indianapolis | Indianapolis->Kansas City | Kansas City->Denver | Denver->Seattle,1
29,abilene,11,1.0,lstm,random_failure_fixed,Atlanta -> Indianapolis & Indianapolis -> Atlanta,5,Kansas City,Atlanta,1,4.4095855,Kansas City | Indianapolis | Atlanta,Kansas City->Indianapolis | Indianapolis->Atlanta,1
29,abilene,11,1.0,uncertainty_aware_lstm_robust_lp,critical_failure_fixed,Denver -> Kansas City & Kansas City -> Denver,1,Chicago,Sunnyvale,1,5.4078288,Chicago | Indianapolis | Kansas City | Denver | Sunnyvale,Chicago->Indianapolis | Indianapolis->Kansas City | Kansas City->Denver | Denver->Sunnyvale,1
29,abilene,11,1.0,uncertainty_aware_lstm_robust_lp,critical_failure_fixed,Denver -> Kansas City & Kansas City -> Denver,2,Kansas City,Sunnyvale,1,5.2128501,Kansas City | Denver | Sunnyvale,Kansas City->Denver | Denver->Sunnyvale,1
29,abilene,11,1.0,uncertainty_aware_lstm_robust_lp,critical_failure_fixed,Denver -> Kansas City & Kansas City -> Denver,3,Seattle,New York,1,5.0780749,Seattle | Denver | Kansas City | Indianapolis | Chicago | New York,Seattle->Denver | Denver->Kansas City | Kansas City->Indianapolis | Indianapolis->Chicago | Chicago->New York,1
29,abilene,11,1.0,uncertainty_aware_lstm_robust_lp,critical_failure_fixed,Denver -> Kansas City & Kansas City -> Denver,4,Indianapolis,Seattle,1,5.0384669,Indianapolis | Kansas City | Denver | Seattle,Indianapolis->Kansas City | Kansas City->Denver | Denver->Seattle,1
29,abilene,11,1.0,uncertainty_aware_lstm_robust_lp,critical_failure_fixed,Denver -> Kansas City & Kansas City -> Denver,5,Denver,Washington DC,1,5.0383282,Denver | Kansas City | Houston | Atlanta | Washington DC,Denver->Kansas City | Kansas City->Houston | Houston->Atlanta | Atlanta->Washington DC,1
29,abilene,11,1.0,uncertainty_aware_lstm_robust_lp,random_failure_fixed,Atlanta -> Indianapolis & Indianapolis -> Atlanta,1,Chicago,Atlanta,1,5.3391395,Chicago | Indianapolis | Atlanta,Chicago->Indianapolis | Indianapolis->Atlanta,1
29,abilene,11,1.0,uncertainty_aware_lstm_robust_lp,random_failure_fixed,Atlanta -> Indianapolis & Indianapolis -> Atlanta,2,Washington DC,Denver,1,4.8986802,Washington DC | Atlanta | Indianapolis | Kansas City | Denver,Washington DC->Atlanta | Atlanta->Indianapolis | Indianapolis->Kansas City | Kansas City->Denver,1
29,abilene,11,1.0,uncertainty_aware_lstm_robust_lp,random_failure_fixed,Atlanta -> Indianapolis & Indianapolis -> Atlanta,3,Atlanta,Seattle,1,4.7048593,Atlanta | Indianapolis | Kansas City | Denver | Seattle,Atlanta->Indianapolis | Indianapolis->Kansas City | Kansas City->Denver | Denver->Seattle,1
29,abilene,11,1.0,uncertainty_aware_lstm_robust_lp,random_failure_fixed,Atlanta -> Indianapolis & Indianapolis -> Atlanta,4,Denver,Atlanta,1,4.5699563,Denver | Kansas City | Indianapolis | Atlanta,Denver->Kansas City | Kansas City->Indianapolis | Indianapolis->Atlanta,1
29,abilene,11,1.0,uncertainty_aware_lstm_robust_lp,random_failure_fixed,Atlanta -> Indianapolis & Indianapolis -> Atlanta,5,Indianapolis,Houston,1,4.1502213,Indianapolis | Atlanta | Houston,Indianapolis->Atlanta | Atlanta->Houston,1
29,abilene,11,1.0,transformer,critical_failure_fixed,Denver -> Kansas City & Kansas City -> Denver,1,Chicago,Sunnyvale,1,5.6550646,Chicago | Indianapolis | Kansas City | Denver | Sunnyvale,Chicago->Indianapolis | Indianapolis->Kansas City | Kansas City->Denver | Denver->Sunnyvale,1
29,abilene,11,1.0,transformer,critical_failure_fixed,Denver -> Kansas City & Kansas City -> Denver,2,Kansas City,Sunnyvale,1,5.3475738,Kansas City | Denver | Sunnyvale,Kansas City->Denver | Denver->Sunnyvale,1
29,abilene,11,1.0,transformer,critical_failure_fixed,Denver -> Kansas City & Kansas City -> Denver,3,Denver,Washington DC,1,5.2121167,Denver | Kansas City | Indianapolis | Atlanta | Washington DC,Denver->Kansas City | Kansas City->Indianapolis | Indianapolis->Atlanta | Atlanta->Washington DC,1
29,abilene,11,1.0,transformer,critical_failure_fixed,Denver -> Kansas City & Kansas City -> Denver,4,Seattle,New York,1,5.2040329,Seattle | Denver | Kansas City | Indianapolis | Chicago | New York,Seattle->Denver | Denver->Kansas City | Kansas City->Indianapolis | Indianapolis->Chicago | Chicago->New York,1
29,abilene,11,1.0,transformer,critical_failure_fixed,Denver -> Kansas City & Kansas City -> Denver,5,Atlanta,Sunnyvale,1,5.1552968,Atlanta | Indianapolis | Kansas City | Denver | Sunnyvale,Atlanta->Indianapolis | Indianapolis->Kansas City | Kansas City->Denver | Denver->Sunnyvale,1
29,abilene,11,1.0,transformer,random_failure_fixed,Atlanta -> Indianapolis & Indianapolis -> Atlanta,1,Chicago,Atlanta,1,5.3537965,Chicago | Indianapolis | Atlanta,Chicago->Indianapolis | Indianapolis->Atlanta,1
29,abilene,11,1.0,transformer,random_failure_fixed,Atlanta -> Indianapolis & Indianapolis -> Atlanta,2,Denver,Washington DC,1,5.2121167,Denver | Kansas City | Indianapolis | Atlanta | Washington DC,Denver->Kansas City | Kansas City->Indianapolis | Indianapolis->Atlanta | Atlanta->Washington DC,1
29,abilene,11,1.0,transformer,random_failure_fixed,Atlanta -> Indianapolis & Indianapolis -> Atlanta,3,Atlanta,Sunnyvale,1,5.1552968,Atlanta | Indianapolis | Kansas City | Denver | Sunnyvale,Atlanta->Indianapolis | Indianapolis->Kansas City | Kansas City->Denver | Denver->Sunnyvale,1
29,abilene,11,1.0,transformer,random_failure_fixed,Atlanta -> Indianapolis & Indianapolis -> Atlanta,4,Kansas City,Atlanta,1,4.9431238,Kansas City | Indianapolis | Atlanta,Kansas City->Indianapolis | Indianapolis->Atlanta,1
29,abilene,11,1.0,transformer,random_failure_fixed,Atlanta -> Indianapolis & Indianapolis -> Atlanta,5,Atlanta,Seattle,1,4.7641191,Atlanta | Indianapolis | Kansas City | Denver | Seattle,Atlanta->Indianapolis | Indianapolis->Kansas City | Kansas City->Denver | Denver->Seattle,1
30,abilene,11,1.0,current_demand_lp,critical_failure_fixed,Denver -> Kansas City & Kansas City -> Denver,1,Kansas City,Sunnyvale,1,5.4640027,Kansas City | Denver | Sunnyvale,Kansas City->Denver | Denver->Sunnyvale,1
30,abilene,11,1.0,current_demand_lp,critical_failure_fixed,Denver -> Kansas City & Kansas City -> Denver,2,Houston,Seattle,1,5.4391736,Houston | Kansas City | Denver | Seattle,Houston->Kansas City | Kansas City->Denver | Denver->Seattle,1
30,abilene,11,1.0,current_demand_lp,critical_failure_fixed,Denver -> Kansas City & Kansas City -> Denver,3,Washington DC,Denver,1,5.3588314,Washington DC | Atlanta | Houston | Kansas City | Denver,Washington DC->Atlanta | Atlanta->Houston | Houston->Kansas City | Kansas City->Denver,1
30,abilene,11,1.0,current_demand_lp,critical_failure_fixed,Denver -> Kansas City & Kansas City -> Denver,4,Sunnyvale,Indianapolis,1,5.3059124,Sunnyvale | Denver | Kansas City | Indianapolis,Sunnyvale->Denver | Denver->Kansas City | Kansas City->Indianapolis,1
30,abilene,11,1.0,current_demand_lp,critical_failure_fixed,Denver -> Kansas City & Kansas City -> Denver,5,Seattle,New York,1,5.273095,Seattle | Denver | Kansas City | Indianapolis | Chicago | New York,Seattle->Denver | Denver->Kansas City | Kansas City->Indianapolis | Indianapolis->Chicago | Chicago->New York,1
30,abilene,11,1.0,current_demand_lp,random_failure_fixed,New York -> Washington DC & Washington DC -> New York,1,Sunnyvale,New York,1,5.6156117,Sunnyvale | Los Angeles | Houston | Atlanta | Washington DC | New York,Sunnyvale->Los Angeles | Los Angeles->Houston | Houston->Atlanta | Atlanta->Washington DC | Washington DC->New York,1
30,abilene,11,1.0,current_demand_lp,random_failure_fixed,New York -> Washington DC & Washington DC -> New York,2,New York,Houston,1,5.1767968,New York | Washington DC | Atlanta | Houston,New York->Washington DC | Washington DC->Atlanta | Atlanta->Houston,1
30,abilene,11,1.0,current_demand_lp,random_failure_fixed,New York -> Washington DC & Washington DC -> New York,3,New York,Los Angeles,1,5.1658564,New York | Washington DC | Atlanta | Houston | Los Angeles,New York->Washington DC | Washington DC->Atlanta | Atlanta->Houston | Houston->Los Angeles,1
30,abilene,11,1.0,current_demand_lp,random_failure_fixed,New York -> Washington DC & Washington DC -> New York,4,Atlanta,New York,1,4.5184956,Atlanta | Washington DC | New York,Atlanta->Washington DC | Washington DC->New York,1
30,abilene,11,1.0,current_demand_lp,random_failure_fixed,New York -> Washington DC & Washington DC -> New York,5,New York,Washington DC,1,4.5123783,New York | Washington DC,New York->Washington DC,1
30,abilene,11,1.0,robust_current_demand_lp,critical_failure_fixed,Denver -> Kansas City & Kansas City -> Denver,1,Sunnyvale,New York,1,5.6156117,Sunnyvale | Denver | Kansas City | Indianapolis | Chicago | New York,Sunnyvale->Denver | Denver->Kansas City | Kansas City->Indianapolis | Indianapolis->Chicago | Chicago->New York,1
30,abilene,11,1.0,robust_current_demand_lp,critical_failure_fixed,Denver -> Kansas City & Kansas City -> Denver,2,Kansas City,Sunnyvale,1,5.4640027,Kansas City | Denver | Sunnyvale,Kansas City->Denver | Denver->Sunnyvale,1
30,abilene,11,1.0,robust_current_demand_lp,critical_failure_fixed,Denver -> Kansas City & Kansas City -> Denver,3,Houston,Seattle,1,5.4391736,Houston | Kansas City | Denver | Seattle,Houston->Kansas City | Kansas City->Denver | Denver->Seattle,1
30,abilene,11,1.0,robust_current_demand_lp,critical_failure_fixed,Denver -> Kansas City & Kansas City -> Denver,4,Washington DC,Denver,1,5.3588314,Washington DC | Atlanta | Indianapolis | Kansas City | Denver,Washington DC->Atlanta | Atlanta->Indianapolis | Indianapolis->Kansas City | Kansas City->Denver,1
30,abilene,11,1.0,robust_current_demand_lp,critical_failure_fixed,Denver -> Kansas City & Kansas City -> Denver,5,Sunnyvale,Indianapolis,1,5.3059124,Sunnyvale | Denver | Kansas City | Indianapolis,Sunnyvale->Denver | Denver->Kansas City | Kansas City->Indianapolis,1
30,abilene,11,1.0,robust_current_demand_lp,random_failure_fixed,New York -> Washington DC & Washington DC -> New York,1,New York,Houston,1,5.1767968,New York | Washington DC | Atlanta | Houston,New York->Washington DC | Washington DC->Atlanta | Atlanta->Houston,1
30,abilene,11,1.0,robust_current_demand_lp,random_failure_fixed,New York -> Washington DC & Washington DC -> New York,2,New York,Los Angeles,1,5.1658564,New York | Washington DC | Atlanta | Houston | Los Angeles,New York->Washington DC | Washington DC->Atlanta | Atlanta->Houston | Houston->Los Angeles,1
30,abilene,11,1.0,robust_current_demand_lp,random_failure_fixed,New York -> Washington DC & Washington DC -> New York,3,Atlanta,New York,1,4.5184956,Atlanta | Washington DC | New York,Atlanta->Washington DC | Washington DC->New York,1
30,abilene,11,1.0,robust_current_demand_lp,random_failure_fixed,New York -> Washington DC & Washington DC -> New York,4,New York,Washington DC,1,4.5123783,New York | Washington DC,New York->Washington DC,1
30,abilene,11,1.0,robust_current_demand_lp,random_failure_fixed,New York -> Washington DC & Washington DC -> New York,5,New York,Atlanta,1,4.4953183,New York | Washington DC | Atlanta,New York->Washington DC | Washington DC->Atlanta,1
30,abilene,11,1.0,moving_average,critical_failure_fixed,Denver -> Kansas City & Kansas City -> Denver,1,Chicago,Sunnyvale,1,6.7558683,Chicago | Indianapolis | Kansas City | Denver | Sunnyvale,Chicago->Indianapolis | Indianapolis->Kansas City | Kansas City->Denver | Denver->Sunnyvale,1
30,abilene,11,1.0,moving_average,critical_failure_fixed,Denver -> Kansas City & Kansas City -> Denver,2,Kansas City,Sunnyvale,1,6.7334632,Kansas City | Denver | Sunnyvale,Kansas City->Denver | Denver->Sunnyvale,1
30,abilene,11,1.0,moving_average,critical_failure_fixed,Denver -> Kansas City & Kansas City -> Denver,3,Atlanta,Sunnyvale,1,6.5016322,Atlanta | Indianapolis | Kansas City | Denver | Sunnyvale,Atlanta->Indianapolis | Indianapolis->Kansas City | Kansas City->Denver | Denver->Sunnyvale,1
30,abilene,11,1.0,moving_average,critical_failure_fixed,Denver -> Kansas City & Kansas City -> Denver,4,Indianapolis,Seattle,1,6.369822,Indianapolis | Kansas City | Denver | Seattle,Indianapolis->Kansas City | Kansas City->Denver | Denver->Seattle,1
30,abilene,11,1.0,moving_average,critical_failure_fixed,Denver -> Kansas City & Kansas City -> Denver,5,Denver,Washington DC,1,6.3646632,Denver | Kansas City | Indianapolis | Atlanta | Washington DC,Denver->Kansas City | Kansas City->Indianapolis | Indianapolis->Atlanta | Atlanta->Washington DC,1
30,abilene,11,1.0,moving_average,random_failure_fixed,New York -> Washington DC & Washington DC -> New York,1,New York,Los Angeles,1,6.4860515,New York | Washington DC | Atlanta | Houston | Los Angeles,New York->Washington DC | Washington DC->Atlanta | Atlanta->Houston | Houston->Los Angeles,1
30,abilene,11,1.0,moving_average,random_failure_fixed,New York -> Washington DC & Washington DC -> New York,2,Sunnyvale,New York,1,6.4486698,Sunnyvale | Los Angeles | Houston | Atlanta | Washington DC | New York,Sunnyvale->Los Angeles | Los Angeles->Houston | Houston->Atlanta | Atlanta->Washington DC | Washington DC->New York,1
30,abilene,11,1.0,moving_average,random_failure_fixed,New York -> Washington DC & Washington DC -> New York,3,New York,Houston,1,6.4272167,New York | Washington DC | Atlanta | Houston,New York->Washington DC | Washington DC->Atlanta | Atlanta->Houston,1
30,abilene,11,1.0,moving_average,random_failure_fixed,New York -> Washington DC & Washington DC -> New York,4,New York,Atlanta,1,5.2799504,New York | Washington DC | Atlanta,New York->Washington DC | Washington DC->Atlanta,1
30,abilene,11,1.0,moving_average,random_failure_fixed,New York -> Washington DC & Washington DC -> New York,5,New York,Washington DC,1,5.2302554,New York | Washington DC,New York->Washington DC,1
30,abilene,11,1.0,linear_autoregressive,critical_failure_fixed,Kansas City -> Indianapolis & Indianapolis -> Kansas City,1,Atlanta,Sunnyvale,1,5.2233625,Atlanta | Indianapolis | Kansas City | Denver | Sunnyvale,Atlanta->Indianapolis | Indianapolis->Kansas City | Kansas City->Denver | Denver->Sunnyvale,1
30,abilene,11,1.0,linear_autoregressive,critical_failure_fixed,Kansas City -> Indianapolis & Indianapolis -> Kansas City,2,Denver,Washington DC,1,5.1966997,Denver | Kansas City | Indianapolis | Atlanta | Washington DC,Denver->Kansas City | Kansas City->Indianapolis | Indianapolis->Atlanta | Atlanta->Washington DC,1
30,abilene,11,1.0,linear_autoregressive,critical_failure_fixed,Kansas City -> Indianapolis & Indianapolis -> Kansas City,3,Seattle,New York,1,5.1851109,Seattle | Denver | Kansas City | Indianapolis | Chicago | New York,Seattle->Denver | Denver->Kansas City | Kansas City->Indianapolis | Indianapolis->Chicago | Chicago->New York,1
30,abilene,11,1.0,linear_autoregressive,critical_failure_fixed,Kansas City -> Indianapolis & Indianapolis -> Kansas City,4,Indianapolis,Seattle,1,5.1341181,Indianapolis | Kansas City | Denver | Seattle,Indianapolis->Kansas City | Kansas City->Denver | Denver->Seattle,1
30,abilene,11,1.0,linear_autoregressive,critical_failure_fixed,Kansas City -> Indianapolis & Indianapolis -> Kansas City,5,Chicago,Sunnyvale,1,5.0824733,Chicago | Indianapolis | Kansas City | Denver | Sunnyvale,Chicago->Indianapolis | Indianapolis->Kansas City | Kansas City->Denver | Denver->Sunnyvale,1
30,abilene,11,1.0,linear_autoregressive,random_failure_fixed,New York -> Washington DC & Washington DC -> New York,1,New York,Los Angeles,1,5.3697526,New York | Washington DC | Atlanta | Houston | Los Angeles,New York->Washington DC | Washington DC->Atlanta | Atlanta->Houston | Houston->Los Angeles,1
30,abilene,11,1.0,linear_autoregressive,random_failure_fixed,New York -> Washington DC & Washington DC -> New York,2,Sunnyvale,New York,1,5.3020756,Sunnyvale | Los Angeles | Houston | Atlanta | Washington DC | New York,Sunnyvale->Los Angeles | Los Angeles->Houston | Houston->Atlanta | Atlanta->Washington DC | Washington DC->New York,1
30,abilene,11,1.0,linear_autoregressive,random_failure_fixed,New York -> Washington DC & Washington DC -> New York,3,New York,Houston,1,5.2485865,New York | Washington DC | Atlanta | Houston,New York->Washington DC | Washington DC->Atlanta | Atlanta->Houston,1
30,abilene,11,1.0,linear_autoregressive,random_failure_fixed,New York -> Washington DC & Washington DC -> New York,4,Los Angeles,New York,1,4.4052011,Los Angeles | Houston | Atlanta | Washington DC | New York,Los Angeles->Houston | Houston->Atlanta | Atlanta->Washington DC | Washington DC->New York,1
30,abilene,11,1.0,linear_autoregressive,random_failure_fixed,New York -> Washington DC & Washington DC -> New York,5,Atlanta,New York,1,4.3435558,Atlanta | Washington DC | New York,Atlanta->Washington DC | Washington DC->New York,1
30,abilene,11,1.0,lstm,critical_failure_fixed,Denver -> Kansas City & Kansas City -> Denver,1,Chicago,Sunnyvale,1,5.0567951,Chicago | Indianapolis | Kansas City | Denver | Sunnyvale,Chicago->Indianapolis | Indianapolis->Kansas City | Kansas City->Denver | Denver->Sunnyvale,1
30,abilene,11,1.0,lstm,critical_failure_fixed,Denver -> Kansas City & Kansas City -> Denver,2,Kansas City,Sunnyvale,1,4.9709592,Kansas City | Denver | Sunnyvale,Kansas City->Denver | Denver->Sunnyvale,1
30,abilene,11,1.0,lstm,critical_failure_fixed,Denver -> Kansas City & Kansas City -> Denver,3,Atlanta,Sunnyvale,1,4.9396467,Atlanta | Indianapolis | Kansas City | Denver | Sunnyvale,Atlanta->Indianapolis | Indianapolis->Kansas City | Kansas City->Denver | Denver->Sunnyvale,1
30,abilene,11,1.0,lstm,critical_failure_fixed,Denver -> Kansas City & Kansas City -> Denver,4,Seattle,New York,1,4.8729591,Seattle | Denver | Kansas City | Indianapolis | Chicago | New York,Seattle->Denver | Denver->Kansas City | Kansas City->Indianapolis | Indianapolis->Chicago | Chicago->New York,1
30,abilene,11,1.0,lstm,critical_failure_fixed,Denver -> Kansas City & Kansas City -> Denver,5,Denver,Washington DC,1,4.835155,Denver | Kansas City | Indianapolis | Atlanta | Washington DC,Denver->Kansas City | Kansas City->Indianapolis | Indianapolis->Atlanta | Atlanta->Washington DC,1
30,abilene,11,1.0,lstm,random_failure_fixed,New York -> Washington DC & Washington DC -> New York,1,New York,Los Angeles,1,5.0117636,New York | Washington DC | Atlanta | Houston | Los Angeles,New York->Washington DC | Washington DC->Atlanta | Atlanta->Houston | Houston->Los Angeles,1
30,abilene,11,1.0,lstm,random_failure_fixed,New York -> Washington DC & Washington DC -> New York,2,New York,Houston,1,4.9747262,New York | Washington DC | Atlanta | Houston,New York->Washington DC | Washington DC->Atlanta | Atlanta->Houston,1
30,abilene,11,1.0,lstm,random_failure_fixed,New York -> Washington DC & Washington DC -> New York,3,Sunnyvale,New York,1,4.8241968,Sunnyvale | Los Angeles | Houston | Atlanta | Washington DC | New York,Sunnyvale->Los Angeles | Los Angeles->Houston | Houston->Atlanta | Atlanta->Washington DC | Washington DC->New York,1
30,abilene,11,1.0,lstm,random_failure_fixed,New York -> Washington DC & Washington DC -> New York,4,Atlanta,New York,1,4.1453629,Atlanta | Washington DC | New York,Atlanta->Washington DC | Washington DC->New York,1
30,abilene,11,1.0,lstm,random_failure_fixed,New York -> Washington DC & Washington DC -> New York,5,New York,Washington DC,1,4.0216694,New York | Washington DC,New York->Washington DC,1
30,abilene,11,1.0,uncertainty_aware_lstm_robust_lp,critical_failure_fixed,Denver -> Kansas City & Kansas City -> Denver,1,Chicago,Sunnyvale,1,5.4078288,Chicago | Indianapolis | Kansas City | Denver | Sunnyvale,Chicago->Indianapolis | Indianapolis->Kansas City | Kansas City->Denver | Denver->Sunnyvale,1
30,abilene,11,1.0,uncertainty_aware_lstm_robust_lp,critical_failure_fixed,Denver -> Kansas City & Kansas City -> Denver,2,Kansas City,Sunnyvale,1,5.2128501,Kansas City | Denver | Sunnyvale,Kansas City->Denver | Denver->Sunnyvale,1
30,abilene,11,1.0,uncertainty_aware_lstm_robust_lp,critical_failure_fixed,Denver -> Kansas City & Kansas City -> Denver,3,Seattle,New York,1,5.0780749,Seattle | Denver | Kansas City | Indianapolis | Chicago | New York,Seattle->Denver | Denver->Kansas City | Kansas City->Indianapolis | Indianapolis->Chicago | Chicago->New York,1
30,abilene,11,1.0,uncertainty_aware_lstm_robust_lp,critical_failure_fixed,Denver -> Kansas City & Kansas City -> Denver,4,Indianapolis,Seattle,1,5.0384669,Indianapolis | Kansas City | Denver | Seattle,Indianapolis->Kansas City | Kansas City->Denver | Denver->Seattle,1
30,abilene,11,1.0,uncertainty_aware_lstm_robust_lp,critical_failure_fixed,Denver -> Kansas City & Kansas City -> Denver,5,Denver,Washington DC,1,5.0383282,Denver | Kansas City | Houston | Atlanta | Washington DC,Denver->Kansas City | Kansas City->Houston | Houston->Atlanta | Atlanta->Washington DC,1
30,abilene,11,1.0,uncertainty_aware_lstm_robust_lp,random_failure_fixed,New York -> Washington DC & Washington DC -> New York,1,New York,Los Angeles,1,5.2722492,New York | Washington DC | Atlanta | Houston | Los Angeles,New York->Washington DC | Washington DC->Atlanta | Atlanta->Houston | Houston->Los Angeles,1
30,abilene,11,1.0,uncertainty_aware_lstm_robust_lp,random_failure_fixed,New York -> Washington DC & Washington DC -> New York,2,New York,Houston,1,5.1924295,New York | Washington DC | Atlanta | Houston,New York->Washington DC | Washington DC->Atlanta | Atlanta->Houston,1
30,abilene,11,1.0,uncertainty_aware_lstm_robust_lp,random_failure_fixed,New York -> Washington DC & Washington DC -> New York,3,Atlanta,New York,1,4.2982788,Atlanta | Washington DC | New York,Atlanta->Washington DC | Washington DC->New York,1
30,abilene,11,1.0,uncertainty_aware_lstm_robust_lp,random_failure_fixed,New York -> Washington DC & Washington DC -> New York,4,New York,Washington DC,1,4.2011142,New York | Washington DC,New York->Washington DC,1
30,abilene,11,1.0,uncertainty_aware_lstm_robust_lp,random_failure_fixed,New York -> Washington DC & Washington DC -> New York,5,New York,Atlanta,1,4.1913719,New York | Washington DC | Atlanta,New York->Washington DC | Washington DC->Atlanta,1
30,abilene,11,1.0,transformer,critical_failure_fixed,Denver -> Kansas City & Kansas City -> Denver,1,Chicago,Sunnyvale,1,4.8797636,Chicago | Indianapolis | Kansas City | Denver | Sunnyvale,Chicago->Indianapolis | Indianapolis->Kansas City | Kansas City->Denver | Denver->Sunnyvale,1
30,abilene,11,1.0,transformer,critical_failure_fixed,Denver -> Kansas City & Kansas City -> Denver,2,Kansas City,Sunnyvale,1,4.8279076,Kansas City | Denver | Sunnyvale,Kansas City->Denver | Denver->Sunnyvale,1
30,abilene,11,1.0,transformer,critical_failure_fixed,Denver -> Kansas City & Kansas City -> Denver,3,Seattle,New York,1,4.7404866,Seattle | Denver | Kansas City | Indianapolis | Chicago | New York,Seattle->Denver | Denver->Kansas City | Kansas City->Indianapolis | Indianapolis->Chicago | Chicago->New York,1
30,abilene,11,1.0,transformer,critical_failure_fixed,Denver -> Kansas City & Kansas City -> Denver,4,Denver,Washington DC,1,4.617928,Denver | Kansas City | Indianapolis | Atlanta | Washington DC,Denver->Kansas City | Kansas City->Indianapolis | Indianapolis->Atlanta | Atlanta->Washington DC,1
30,abilene,11,1.0,transformer,critical_failure_fixed,Denver -> Kansas City & Kansas City -> Denver,5,Atlanta,Sunnyvale,1,4.5953646,Atlanta | Indianapolis | Kansas City | Denver | Sunnyvale,Atlanta->Indianapolis | Indianapolis->Kansas City | Kansas City->Denver | Denver->Sunnyvale,1
30,abilene,11,1.0,transformer,random_failure_fixed,New York -> Washington DC & Washington DC -> New York,1,New York,Houston,1,4.716331,New York | Washington DC | Atlanta | Houston,New York->Washington DC | Washington DC->Atlanta | Atlanta->Houston,1
30,abilene,11,1.0,transformer,random_failure_fixed,New York -> Washington DC & Washington DC -> New York,2,New York,Los Angeles,1,4.6673036,New York | Washington DC | Atlanta | Houston | Los Angeles,New York->Washington DC | Washington DC->Atlanta | Atlanta->Houston | Houston->Los Angeles,1
30,abilene,11,1.0,transformer,random_failure_fixed,New York -> Washington DC & Washington DC -> New York,3,Sunnyvale,New York,1,4.5964241,Sunnyvale | Los Angeles | Houston | Atlanta | Washington DC | New York,Sunnyvale->Los Angeles | Los Angeles->Houston | Houston->Atlanta | Atlanta->Washington DC | Washington DC->New York,1
30,abilene,11,1.0,transformer,random_failure_fixed,New York -> Washington DC & Washington DC -> New York,4,Atlanta,New York,1,3.8754458,Atlanta | Washington DC | New York,Atlanta->Washington DC | Washington DC->New York,1
30,abilene,11,1.0,transformer,random_failure_fixed,New York -> Washington DC & Washington DC -> New York,5,New York,Atlanta,1,3.8220074,New York | Washington DC | Atlanta,New York->Washington DC | Washington DC->Atlanta,1
31,abilene,11,1.0,current_demand_lp,critical_failure_fixed,Kansas City -> Indianapolis & Indianapolis -> Kansas City,1,Seattle,New York,1,4.4122184,Seattle | Denver | Kansas City | Indianapolis | Chicago | New York,Seattle->Denver | Denver->Kansas City | Kansas City->Indianapolis | Indianapolis->Chicago | Chicago->New York,1
31,abilene,11,1.0,current_demand_lp,critical_failure_fixed,Kansas City -> Indianapolis & Indianapolis -> Kansas City,2,Denver,Washington DC,1,4.3794215,Denver | Kansas City | Indianapolis | Atlanta | Washington DC,Denver->Kansas City | Kansas City->Indianapolis | Indianapolis->Atlanta | Atlanta->Washington DC,1
31,abilene,11,1.0,current_demand_lp,critical_failure_fixed,Kansas City -> Indianapolis & Indianapolis -> Kansas City,3,Kansas City,New York,1,4.3715567,Kansas City | Indianapolis | Chicago | New York,Kansas City->Indianapolis | Indianapolis->Chicago | Chicago->New York,1
31,abilene,11,1.0,current_demand_lp,critical_failure_fixed,Kansas City -> Indianapolis & Indianapolis -> Kansas City,4,Sunnyvale,Indianapolis,1,4.2898064,Sunnyvale | Denver | Kansas City | Indianapolis,Sunnyvale->Denver | Denver->Kansas City | Kansas City->Indianapolis,1
31,abilene,11,1.0,current_demand_lp,critical_failure_fixed,Kansas City -> Indianapolis & Indianapolis -> Kansas City,5,Atlanta,Seattle,1,4.1970548,Atlanta | Indianapolis | Kansas City | Denver | Seattle,Atlanta->Indianapolis | Indianapolis->Kansas City | Kansas City->Denver | Denver->Seattle,1
31,abilene,11,1.0,current_demand_lp,random_failure_fixed,Sunnyvale -> Denver & Denver -> Sunnyvale,1,Kansas City,Sunnyvale,1,4.7776913,Kansas City | Denver | Sunnyvale,Kansas City->Denver | Denver->Sunnyvale,1
31,abilene,11,1.0,current_demand_lp,random_failure_fixed,Sunnyvale -> Denver & Denver -> Sunnyvale,2,Sunnyvale,Indianapolis,1,4.2898064,Sunnyvale | Denver | Kansas City | Indianapolis,Sunnyvale->Denver | Denver->Kansas City | Kansas City->Indianapolis,1
31,abilene,11,1.0,current_demand_lp,random_failure_fixed,Sunnyvale -> Denver & Denver -> Sunnyvale,3,Chicago,Sunnyvale,1,4.1545485,Chicago | Indianapolis | Kansas City | Denver | Sunnyvale,Chicago->Indianapolis | Indianapolis->Kansas City | Kansas City->Denver | Denver->Sunnyvale,1
31,abilene,11,1.0,current_demand_lp,random_failure_fixed,Sunnyvale -> Denver & Denver -> Sunnyvale,4,Los Angeles,Denver,1,4.129916,Los Angeles | Sunnyvale | Denver,Los Angeles->Sunnyvale | Sunnyvale->Denver,1
31,abilene,11,1.0,current_demand_lp,random_failure_fixed,Sunnyvale -> Denver & Denver -> Sunnyvale,5,Atlanta,Sunnyvale,1,4.083178,Atlanta | Indianapolis | Kansas City | Denver | Sunnyvale,Atlanta->Indianapolis | Indianapolis->Kansas City | Kansas City->Denver | Denver->Sunnyvale,1
31,abilene,11,1.0,robust_current_demand_lp,critical_failure_fixed,Kansas City -> Indianapolis & Indianapolis -> Kansas City,1,Washington DC,Denver,1,4.7885729,Washington DC | Atlanta | Indianapolis | Kansas City | Denver,Washington DC->Atlanta | Atlanta->Indianapolis | Indianapolis->Kansas City | Kansas City->Denver,1
31,abilene,11,1.0,robust_current_demand_lp,critical_failure_fixed,Kansas City -> Indianapolis & Indianapolis -> Kansas City,2,Sunnyvale,New York,1,4.5495586,Sunnyvale | Denver | Kansas City | Indianapolis | Chicago | New York,Sunnyvale->Denver | Denver->Kansas City | Kansas City->Indianapolis | Indianapolis->Chicago | Chicago->New York,1
31,abilene,11,1.0,robust_current_demand_lp,critical_failure_fixed,Kansas City -> Indianapolis & Indianapolis -> Kansas City,3,Seattle,New York,1,4.4122184,Seattle | Denver | Kansas City | Indianapolis | Chicago | New York,Seattle->Denver | Denver->Kansas City | Kansas City->Indianapolis | Indianapolis->Chicago | Chicago->New York,1
31,abilene,11,1.0,robust_current_demand_lp,critical_failure_fixed,Kansas City -> Indianapolis & Indianapolis -> Kansas City,4,Denver,Washington DC,1,4.3794215,Denver | Kansas City | Indianapolis | Atlanta | Washington DC,Denver->Kansas City | Kansas City->Indianapolis | Indianapolis->Atlanta | Atlanta->Washington DC,1
31,abilene,11,1.0,robust_current_demand_lp,critical_failure_fixed,Kansas City -> Indianapolis & Indianapolis -> Kansas City,5,Kansas City,New York,1,4.3715567,Kansas City | Indianapolis | Chicago | New York,Kansas City->Indianapolis | Indianapolis->Chicago | Chicago->New York,1
31,abilene,11,1.0,robust_current_demand_lp,random_failure_fixed,Sunnyvale -> Denver & Denver -> Sunnyvale,1,Kansas City,Sunnyvale,1,4.7776913,Kansas City | Denver | Sunnyvale,Kansas City->Denver | Denver->Sunnyvale,1
31,abilene,11,1.0,robust_current_demand_lp,random_failure_fixed,Sunnyvale -> Denver & Denver -> Sunnyvale,2,Sunnyvale,New York,1,4.5495586,Sunnyvale | Denver | Kansas City | Indianapolis | Chicago | New York,Sunnyvale->Denver | Denver->Kansas City | Kansas City->Indianapolis | Indianapolis->Chicago | Chicago->New York,1
31,abilene,11,1.0,robust_current_demand_lp,random_failure_fixed,Sunnyvale -> Denver & Denver -> Sunnyvale,3,Sunnyvale,Indianapolis,1,4.2898064,Sunnyvale | Denver | Kansas City | Indianapolis,Sunnyvale->Denver | Denver->Kansas City | Kansas City->Indianapolis,1
31,abilene,11,1.0,robust_current_demand_lp,random_failure_fixed,Sunnyvale -> Denver & Denver -> Sunnyvale,4,Chicago,Sunnyvale,1,4.1545485,Chicago | Indianapolis | Kansas City | Denver | Sunnyvale,Chicago->Indianapolis | Indianapolis->Kansas City | Kansas City->Denver | Denver->Sunnyvale,1
31,abilene,11,1.0,robust_current_demand_lp,random_failure_fixed,Sunnyvale -> Denver & Denver -> Sunnyvale,5,Los Angeles,Denver,1,4.129916,Los Angeles | Sunnyvale | Denver,Los Angeles->Sunnyvale | Sunnyvale->Denver,1
31,abilene,11,1.0,moving_average,critical_failure_fixed,Denver -> Kansas City & Kansas City -> Denver,1,Kansas City,Sunnyvale,1,6.6484131,Kansas City | Denver | Sunnyvale,Kansas City->Denver | Denver->Sunnyvale,1
31,abilene,11,1.0,moving_average,critical_failure_fixed,Denver -> Kansas City & Kansas City -> Denver,2,Chicago,Sunnyvale,1,6.5890081,Chicago | Indianapolis | Kansas City | Denver | Sunnyvale,Chicago->Indianapolis | Indianapolis->Kansas City | Kansas City->Denver | Denver->Sunnyvale,1
31,abilene,11,1.0,moving_average,critical_failure_fixed,Denver -> Kansas City & Kansas City -> Denver,3,Atlanta,Sunnyvale,1,6.3152495,Atlanta | Indianapolis | Kansas City | Denver | Sunnyvale,Atlanta->Indianapolis | Indianapolis->Kansas City | Kansas City->Denver | Denver->Sunnyvale,1
31,abilene,11,1.0,moving_average,critical_failure_fixed,Denver -> Kansas City & Kansas City -> Denver,4,Washington DC,Denver,1,6.2329972,Washington DC | Atlanta | Houston | Kansas City | Denver,Washington DC->Atlanta | Atlanta->Houston | Houston->Kansas City | Kansas City->Denver,1
31,abilene,11,1.0,moving_average,critical_failure_fixed,Denver -> Kansas City & Kansas City -> Denver,5,Denver,Washington DC,1,6.2282536,Denver | Kansas City | Indianapolis | Atlanta | Washington DC,Denver->Kansas City | Kansas City->Indianapolis | Indianapolis->Atlanta | Atlanta->Washington DC,1
31,abilene,11,1.0,moving_average,random_failure_fixed,Sunnyvale -> Denver & Denver -> Sunnyvale,1,Kansas City,Sunnyvale,1,6.6484131,Kansas City | Denver | Sunnyvale,Kansas City->Denver | Denver->Sunnyvale,1
31,abilene,11,1.0,moving_average,random_failure_fixed,Sunnyvale -> Denver & Denver -> Sunnyvale,2,Chicago,Sunnyvale,1,6.5890081,Chicago | Indianapolis | Kansas City | Denver | Sunnyvale,Chicago->Indianapolis | Indianapolis->Kansas City | Kansas City->Denver | Denver->Sunnyvale,1
31,abilene,11,1.0,moving_average,random_failure_fixed,Sunnyvale -> Denver & Denver -> Sunnyvale,3,Atlanta,Sunnyvale,1,6.3152495,Atlanta | Indianapolis | Kansas City | Denver | Sunnyvale,Atlanta->Indianapolis | Indianapolis->Kansas City | Kansas City->Denver | Denver->Sunnyvale,1
31,abilene,11,1.0,moving_average,random_failure_fixed,Sunnyvale -> Denver & Denver -> Sunnyvale,4,Sunnyvale,Indianapolis,1,6.1050452,Sunnyvale | Denver | Kansas City | Indianapolis,Sunnyvale->Denver | Denver->Kansas City | Kansas City->Indianapolis,1
31,abilene,11,1.0,moving_average,random_failure_fixed,Sunnyvale -> Denver & Denver -> Sunnyvale,5,Denver,Sunnyvale,1,5.897023,Denver | Sunnyvale,Denver->Sunnyvale,1
31,abilene,11,1.0,linear_autoregressive,critical_failure_fixed,Denver -> Kansas City & Kansas City -> Denver,1,Chicago,Sunnyvale,1,4.4413358,Chicago | Indianapolis | Kansas City | Denver | Sunnyvale,Chicago->Indianapolis | Indianapolis->Kansas City | Kansas City->Denver | Denver->Sunnyvale,1
31,abilene,11,1.0,linear_autoregressive,critical_failure_fixed,Denver -> Kansas City & Kansas City -> Denver,2,Seattle,New York,1,4.2600139,Seattle | Denver | Kansas City | Indianapolis | Chicago | New York,Seattle->Denver | Denver->Kansas City | Kansas City->Indianapolis | Indianapolis->Chicago | Chicago->New York,1
31,abilene,11,1.0,linear_autoregressive,critical_failure_fixed,Denver -> Kansas City & Kansas City -> Denver,3,Atlanta,Sunnyvale,1,4.1919739,Atlanta | Indianapolis | Kansas City | Denver | Sunnyvale,Atlanta->Indianapolis | Indianapolis->Kansas City | Kansas City->Denver | Denver->Sunnyvale,1
31,abilene,11,1.0,linear_autoregressive,critical_failure_fixed,Denver -> Kansas City & Kansas City -> Denver,4,Kansas City,Sunnyvale,1,4.152927,Kansas City | Denver | Sunnyvale,Kansas City->Denver | Denver->Sunnyvale,1
31,abilene,11,1.0,linear_autoregressive,critical_failure_fixed,Denver -> Kansas City & Kansas City -> Denver,5,Washington DC,Denver,1,4.0832722,Washington DC | Atlanta | Houston | Kansas City | Denver,Washington DC->Atlanta | Atlanta->Houston | Houston->Kansas City | Kansas City->Denver,1
31,abilene,11,1.0,linear_autoregressive,random_failure_fixed,Sunnyvale -> Denver & Denver -> Sunnyvale,1,Chicago,Sunnyvale,1,4.4413358,Chicago | Indianapolis | Kansas City | Denver | Sunnyvale,Chicago->Indianapolis | Indianapolis->Kansas City | Kansas City->Denver | Denver->Sunnyvale,1
31,abilene,11,1.0,linear_autoregressive,random_failure_fixed,Sunnyvale -> Denver & Denver -> Sunnyvale,2,Atlanta,Sunnyvale,1,4.1919739,Atlanta | Indianapolis | Kansas City | Denver | Sunnyvale,Atlanta->Indianapolis | Indianapolis->Kansas City | Kansas City->Denver | Denver->Sunnyvale,1
31,abilene,11,1.0,linear_autoregressive,random_failure_fixed,Sunnyvale -> Denver & Denver -> Sunnyvale,3,Kansas City,Sunnyvale,1,4.152927,Kansas City | Denver | Sunnyvale,Kansas City->Denver | Denver->Sunnyvale,1
31,abilene,11,1.0,linear_autoregressive,random_failure_fixed,Sunnyvale -> Denver & Denver -> Sunnyvale,4,Sunnyvale,Indianapolis,1,3.9403554,Sunnyvale | Denver | Kansas City | Indianapolis,Sunnyvale->Denver | Denver->Kansas City | Kansas City->Indianapolis,1
31,abilene,11,1.0,linear_autoregressive,random_failure_fixed,Sunnyvale -> Denver & Denver -> Sunnyvale,5,Los Angeles,Denver,1,3.8354223,Los Angeles | Sunnyvale | Denver,Los Angeles->Sunnyvale | Sunnyvale->Denver,1
31,abilene,11,1.0,lstm,critical_failure_fixed,Denver -> Kansas City & Kansas City -> Denver,1,Chicago,Sunnyvale,1,5.0567951,Chicago | Indianapolis | Kansas City | Denver | Sunnyvale,Chicago->Indianapolis | Indianapolis->Kansas City | Kansas City->Denver | Denver->Sunnyvale,1
31,abilene,11,1.0,lstm,critical_failure_fixed,Denver -> Kansas City & Kansas City -> Denver,2,Kansas City,Sunnyvale,1,4.9709592,Kansas City | Denver | Sunnyvale,Kansas City->Denver | Denver->Sunnyvale,1
31,abilene,11,1.0,lstm,critical_failure_fixed,Denver -> Kansas City & Kansas City -> Denver,3,Atlanta,Sunnyvale,1,4.9396467,Atlanta | Indianapolis | Kansas City | Denver | Sunnyvale,Atlanta->Indianapolis | Indianapolis->Kansas City | Kansas City->Denver | Denver->Sunnyvale,1
31,abilene,11,1.0,lstm,critical_failure_fixed,Denver -> Kansas City & Kansas City -> Denver,4,Seattle,New York,1,4.8729591,Seattle | Denver | Kansas City | Indianapolis | Chicago | New York,Seattle->Denver | Denver->Kansas City | Kansas City->Indianapolis | Indianapolis->Chicago | Chicago->New York,1
31,abilene,11,1.0,lstm,critical_failure_fixed,Denver -> Kansas City & Kansas City -> Denver,5,Denver,Washington DC,1,4.835155,Denver | Kansas City | Indianapolis | Atlanta | Washington DC,Denver->Kansas City | Kansas City->Indianapolis | Indianapolis->Atlanta | Atlanta->Washington DC,1
31,abilene,11,1.0,lstm,random_failure_fixed,Sunnyvale -> Denver & Denver -> Sunnyvale,1,Chicago,Sunnyvale,1,5.0567951,Chicago | Indianapolis | Kansas City | Denver | Sunnyvale,Chicago->Indianapolis | Indianapolis->Kansas City | Kansas City->Denver | Denver->Sunnyvale,1
31,abilene,11,1.0,lstm,random_failure_fixed,Sunnyvale -> Denver & Denver -> Sunnyvale,2,Kansas City,Sunnyvale,1,4.9709592,Kansas City | Denver | Sunnyvale,Kansas City->Denver | Denver->Sunnyvale,1
31,abilene,11,1.0,lstm,random_failure_fixed,Sunnyvale -> Denver & Denver -> Sunnyvale,3,Atlanta,Sunnyvale,1,4.9396467,Atlanta | Indianapolis | Kansas City | Denver | Sunnyvale,Atlanta->Indianapolis | Indianapolis->Kansas City | Kansas City->Denver | Denver->Sunnyvale,1
31,abilene,11,1.0,lstm,random_failure_fixed,Sunnyvale -> Denver & Denver -> Sunnyvale,4,Sunnyvale,Indianapolis,1,4.6603537,Sunnyvale | Denver | Kansas City | Indianapolis,Sunnyvale->Denver | Denver->Kansas City | Kansas City->Indianapolis,1
31,abilene,11,1.0,lstm,random_failure_fixed,Sunnyvale -> Denver & Denver -> Sunnyvale,5,Los Angeles,Denver,1,4.5977836,Los Angeles | Sunnyvale | Denver,Los Angeles->Sunnyvale | Sunnyvale->Denver,1
31,abilene,11,1.0,uncertainty_aware_lstm_robust_lp,critical_failure_fixed,Denver -> Kansas City & Kansas City -> Denver,1,Chicago,Sunnyvale,1,5.4078288,Chicago | Indianapolis | Kansas City | Denver | Sunnyvale,Chicago->Indianapolis | Indianapolis->Kansas City | Kansas City->Denver | Denver->Sunnyvale,1
31,abilene,11,1.0,uncertainty_aware_lstm_robust_lp,critical_failure_fixed,Denver -> Kansas City & Kansas City -> Denver,2,Kansas City,Sunnyvale,1,5.2128501,Kansas City | Denver | Sunnyvale,Kansas City->Denver | Denver->Sunnyvale,1
31,abilene,11,1.0,uncertainty_aware_lstm_robust_lp,critical_failure_fixed,Denver -> Kansas City & Kansas City -> Denver,3,Seattle,New York,1,5.0780749,Seattle | Denver | Kansas City | Indianapolis | Chicago | New York,Seattle->Denver | Denver->Kansas City | Kansas City->Indianapolis | Indianapolis->Chicago | Chicago->New York,1
31,abilene,11,1.0,uncertainty_aware_lstm_robust_lp,critical_failure_fixed,Denver -> Kansas City & Kansas City -> Denver,4,Indianapolis,Seattle,1,5.0384669,Indianapolis | Kansas City | Denver | Seattle,Indianapolis->Kansas City | Kansas City->Denver | Denver->Seattle,1
31,abilene,11,1.0,uncertainty_aware_lstm_robust_lp,critical_failure_fixed,Denver -> Kansas City & Kansas City -> Denver,5,Denver,Washington DC,1,5.0383282,Denver | Kansas City | Houston | Atlanta | Washington DC,Denver->Kansas City | Kansas City->Houston | Houston->Atlanta | Atlanta->Washington DC,1
31,abilene,11,1.0,uncertainty_aware_lstm_robust_lp,random_failure_fixed,Sunnyvale -> Denver & Denver -> Sunnyvale,1,Chicago,Sunnyvale,1,5.4078288,Chicago | Indianapolis | Kansas City | Denver | Sunnyvale,Chicago->Indianapolis | Indianapolis->Kansas City | Kansas City->Denver | Denver->Sunnyvale,1
31,abilene,11,1.0,uncertainty_aware_lstm_robust_lp,random_failure_fixed,Sunnyvale -> Denver & Denver -> Sunnyvale,2,Kansas City,Sunnyvale,1,5.2128501,Kansas City | Denver | Sunnyvale,Kansas City->Denver | Denver->Sunnyvale,1
31,abilene,11,1.0,uncertainty_aware_lstm_robust_lp,random_failure_fixed,Sunnyvale -> Denver & Denver -> Sunnyvale,3,Sunnyvale,Indianapolis,1,4.8712811,Sunnyvale | Denver | Kansas City | Indianapolis,Sunnyvale->Denver | Denver->Kansas City | Kansas City->Indianapolis,1
31,abilene,11,1.0,uncertainty_aware_lstm_robust_lp,random_failure_fixed,Sunnyvale -> Denver & Denver -> Sunnyvale,4,Los Angeles,Denver,1,4.8133564,Los Angeles | Sunnyvale | Denver,Los Angeles->Sunnyvale | Sunnyvale->Denver,1
31,abilene,11,1.0,uncertainty_aware_lstm_robust_lp,random_failure_fixed,Sunnyvale -> Denver & Denver -> Sunnyvale,5,Denver,Sunnyvale,1,4.7384663,Denver | Sunnyvale,Denver->Sunnyvale,1
31,abilene,11,1.0,transformer,critical_failure_fixed,Denver -> Kansas City & Kansas City -> Denver,1,Chicago,Sunnyvale,1,4.6674905,Chicago | Indianapolis | Kansas City | Denver | Sunnyvale,Chicago->Indianapolis | Indianapolis->Kansas City | Kansas City->Denver | Denver->Sunnyvale,1
31,abilene,11,1.0,transformer,critical_failure_fixed,Denver -> Kansas City & Kansas City -> Denver,2,Seattle,New York,1,4.1505041,Seattle | Denver | Kansas City | Indianapolis | Chicago | New York,Seattle->Denver | Denver->Kansas City | Kansas City->Indianapolis | Indianapolis->Chicago | Chicago->New York,1
31,abilene,11,1.0,transformer,critical_failure_fixed,Denver -> Kansas City & Kansas City -> Denver,3,Kansas City,Sunnyvale,1,4.1339345,Kansas City | Denver | Sunnyvale,Kansas City->Denver | Denver->Sunnyvale,1
31,abilene,11,1.0,transformer,critical_failure_fixed,Denver -> Kansas City & Kansas City -> Denver,4,Denver,Washington DC,1,4.1101623,Denver | Kansas City | Indianapolis | Atlanta | Washington DC,Denver->Kansas City | Kansas City->Indianapolis | Indianapolis->Atlanta | Atlanta->Washington DC,1
31,abilene,11,1.0,transformer,critical_failure_fixed,Denver -> Kansas City & Kansas City -> Denver,5,Atlanta,Sunnyvale,1,4.0797281,Atlanta | Indianapolis | Kansas City | Denver | Sunnyvale,Atlanta->Indianapolis | Indianapolis->Kansas City | Kansas City->Denver | Denver->Sunnyvale,1
31,abilene,11,1.0,transformer,random_failure_fixed,Sunnyvale -> Denver & Denver -> Sunnyvale,1,Chicago,Sunnyvale,1,4.6674905,Chicago | Indianapolis | Kansas City | Denver | Sunnyvale,Chicago->Indianapolis | Indianapolis->Kansas City | Kansas City->Denver | Denver->Sunnyvale,1
31,abilene,11,1.0,transformer,random_failure_fixed,Sunnyvale -> Denver & Denver -> Sunnyvale,2,Kansas City,Sunnyvale,1,4.1339345,Kansas City | Denver | Sunnyvale,Kansas City->Denver | Denver->Sunnyvale,1
31,abilene,11,1.0,transformer,random_failure_fixed,Sunnyvale -> Denver & Denver -> Sunnyvale,3,Atlanta,Sunnyvale,1,4.0797281,Atlanta | Indianapolis | Kansas City | Denver | Sunnyvale,Atlanta->Indianapolis | Indianapolis->Kansas City | Kansas City->Denver | Denver->Sunnyvale,1
31,abilene,11,1.0,transformer,random_failure_fixed,Sunnyvale -> Denver & Denver -> Sunnyvale,4,Sunnyvale,Chicago,1,3.8253241,Sunnyvale | Denver | Kansas City | Indianapolis | Chicago,Sunnyvale->Denver | Denver->Kansas City | Kansas City->Indianapolis | Indianapolis->Chicago,1
31,abilene,11,1.0,transformer,random_failure_fixed,Sunnyvale -> Denver & Denver -> Sunnyvale,5,Sunnyvale,Indianapolis,1,3.8230526,Sunnyvale | Denver | Kansas City | Indianapolis,Sunnyvale->Denver | Denver->Kansas City | Kansas City->Indianapolis,1
32,abilene,11,1.0,current_demand_lp,critical_failure_fixed,Denver -> Kansas City & Kansas City -> Denver,1,Denver,Washington DC,1,4.2528329,Denver | Kansas City | Indianapolis | Atlanta | Washington DC,Denver->Kansas City | Kansas City->Indianapolis | Indianapolis->Atlanta | Atlanta->Washington DC,1
32,abilene,11,1.0,current_demand_lp,critical_failure_fixed,Denver -> Kansas City & Kansas City -> Denver,2,Indianapolis,Seattle,1,4.0868126,Indianapolis | Kansas City | Denver | Seattle,Indianapolis->Kansas City | Kansas City->Denver | Denver->Seattle,1
32,abilene,11,1.0,current_demand_lp,critical_failure_fixed,Denver -> Kansas City & Kansas City -> Denver,3,Kansas City,Sunnyvale,1,4.0468353,Kansas City | Denver | Sunnyvale,Kansas City->Denver | Denver->Sunnyvale,1
32,abilene,11,1.0,current_demand_lp,critical_failure_fixed,Denver -> Kansas City & Kansas City -> Denver,4,Seattle,New York,1,3.9739155,Seattle | Denver | Kansas City | Indianapolis | Chicago | New York,Seattle->Denver | Denver->Kansas City | Kansas City->Indianapolis | Indianapolis->Chicago | Chicago->New York,1
32,abilene,11,1.0,current_demand_lp,critical_failure_fixed,Denver -> Kansas City & Kansas City -> Denver,5,Atlanta,Seattle,1,3.8557043,Atlanta | Indianapolis | Kansas City | Denver | Seattle,Atlanta->Indianapolis | Indianapolis->Kansas City | Kansas City->Denver | Denver->Seattle,1
32,abilene,11,1.0,current_demand_lp,random_failure_fixed,Houston -> Atlanta & Atlanta -> Houston,1,Houston,Atlanta,1,4.3064197,Houston | Atlanta,Houston->Atlanta,1
32,abilene,11,1.0,current_demand_lp,random_failure_fixed,Houston -> Atlanta & Atlanta -> Houston,2,Sunnyvale,New York,1,4.1080872,Sunnyvale | Los Angeles | Houston | Atlanta | Washington DC | New York,Sunnyvale->Los Angeles | Los Angeles->Houston | Houston->Atlanta | Atlanta->Washington DC | Washington DC->New York,1
32,abilene,11,1.0,current_demand_lp,random_failure_fixed,Houston -> Atlanta & Atlanta -> Houston,3,New York,Los Angeles,1,4.0884962,New York | Washington DC | Atlanta | Houston | Los Angeles,New York->Washington DC | Washington DC->Atlanta | Atlanta->Houston | Houston->Los Angeles,1
32,abilene,11,1.0,current_demand_lp,random_failure_fixed,Houston -> Atlanta & Atlanta -> Houston,4,Washington DC,Los Angeles,1,3.9505155,Washington DC | Atlanta | Houston | Los Angeles,Washington DC->Atlanta | Atlanta->Houston | Houston->Los Angeles,1
32,abilene,11,1.0,current_demand_lp,random_failure_fixed,Houston -> Atlanta & Atlanta -> Houston,5,New York,Houston,1,3.7425672,New York | Washington DC | Atlanta | Houston,New York->Washington DC | Washington DC->Atlanta | Atlanta->Houston,1
32,abilene,11,1.0,robust_current_demand_lp,critical_failure_fixed,Denver -> Kansas City & Kansas City -> Denver,1,Denver,Washington DC,1,4.2528329,Denver | Kansas City | Houston | Atlanta | Washington DC,Denver->Kansas City | Kansas City->Houston | Houston->Atlanta | Atlanta->Washington DC,1
32,abilene,11,1.0,robust_current_demand_lp,critical_failure_fixed,Denver -> Kansas City & Kansas City -> Denver,2,Sunnyvale,New York,1,4.1080872,Sunnyvale | Denver | Kansas City | Indianapolis | Chicago | New York,Sunnyvale->Denver | Denver->Kansas City | Kansas City->Indianapolis | Indianapolis->Chicago | Chicago->New York,1
32,abilene,11,1.0,robust_current_demand_lp,critical_failure_fixed,Denver -> Kansas City & Kansas City -> Denver,3,Indianapolis,Seattle,1,4.0868126,Indianapolis | Kansas City | Denver | Seattle,Indianapolis->Kansas City | Kansas City->Denver | Denver->Seattle,1
32,abilene,11,1.0,robust_current_demand_lp,critical_failure_fixed,Denver -> Kansas City & Kansas City -> Denver,4,Kansas City,Sunnyvale,1,4.0468353,Kansas City | Denver | Sunnyvale,Kansas City->Denver | Denver->Sunnyvale,1
32,abilene,11,1.0,robust_current_demand_lp,critical_failure_fixed,Denver -> Kansas City & Kansas City -> Denver,5,Seattle,New York,1,3.9739155,Seattle | Denver | Kansas City | Indianapolis | Chicago | New York,Seattle->Denver | Denver->Kansas City | Kansas City->Indianapolis | Indianapolis->Chicago | Chicago->New York,1
32,abilene,11,1.0,robust_current_demand_lp,random_failure_fixed,Houston -> Atlanta & Atlanta -> Houston,1,Houston,Atlanta,1,4.3064197,Houston | Atlanta,Houston->Atlanta,1
32,abilene,11,1.0,robust_current_demand_lp,random_failure_fixed,Houston -> Atlanta & Atlanta -> Houston,2,Denver,Washington DC,1,4.2528329,Denver | Kansas City | Houston | Atlanta | Washington DC,Denver->Kansas City | Kansas City->Houston | Houston->Atlanta | Atlanta->Washington DC,1
32,abilene,11,1.0,robust_current_demand_lp,random_failure_fixed,Houston -> Atlanta & Atlanta -> Houston,3,New York,Los Angeles,1,4.0884962,New York | Washington DC | Atlanta | Houston | Los Angeles,New York->Washington DC | Washington DC->Atlanta | Atlanta->Houston | Houston->Los Angeles,1
32,abilene,11,1.0,robust_current_demand_lp,random_failure_fixed,Houston -> Atlanta & Atlanta -> Houston,4,Washington DC,Los Angeles,1,3.9505155,Washington DC | Atlanta | Houston | Los Angeles,Washington DC->Atlanta | Atlanta->Houston | Houston->Los Angeles,1
32,abilene,11,1.0,robust_current_demand_lp,random_failure_fixed,Houston -> Atlanta & Atlanta -> Houston,5,Atlanta,Sunnyvale,1,3.3212541,Atlanta | Houston | Los Angeles | Sunnyvale,Atlanta->Houston | Houston->Los Angeles | Los Angeles->Sunnyvale,1
32,abilene,11,1.0,robust_current_demand_lp,random_failure_fixed,Houston -> Atlanta & Atlanta -> Houston,5,Atlanta,Sunnyvale,2,0.57091339,Atlanta | Houston | Kansas City | Denver | Sunnyvale,Atlanta->Houston | Houston->Kansas City | Kansas City->Denver | Denver->Sunnyvale,1
32,abilene,11,1.0,moving_average,critical_failure_fixed,Denver -> Kansas City & Kansas City -> Denver,1,Chicago,Sunnyvale,1,6.3325411,Chicago | Indianapolis | Kansas City | Denver | Sunnyvale,Chicago->Indianapolis | Indianapolis->Kansas City | Kansas City->Denver | Denver->Sunnyvale,1
32,abilene,11,1.0,moving_average,critical_failure_fixed,Denver -> Kansas City & Kansas City -> Denver,2,Kansas City,Sunnyvale,1,6.3280466,Kansas City | Denver | Sunnyvale,Kansas City->Denver | Denver->Sunnyvale,1
32,abilene,11,1.0,moving_average,critical_failure_fixed,Denver -> Kansas City & Kansas City -> Denver,3,Atlanta,Sunnyvale,1,5.9847016,Atlanta | Indianapolis | Kansas City | Denver | Sunnyvale,Atlanta->Indianapolis | Indianapolis->Kansas City | Kansas City->Denver | Denver->Sunnyvale,1
32,abilene,11,1.0,moving_average,critical_failure_fixed,Denver -> Kansas City & Kansas City -> Denver,4,Denver,Washington DC,1,5.9705659,Denver | Kansas City | Indianapolis | Atlanta | Washington DC,Denver->Kansas City | Kansas City->Indianapolis | Indianapolis->Atlanta | Atlanta->Washington DC,1
32,abilene,11,1.0,moving_average,critical_failure_fixed,Denver -> Kansas City & Kansas City -> Denver,5,Washington DC,Denver,1,5.9639666,Washington DC | Atlanta | Houston | Kansas City | Denver,Washington DC->Atlanta | Atlanta->Houston | Houston->Kansas City | Kansas City->Denver,1
32,abilene,11,1.0,moving_average,random_failure_fixed,Houston -> Atlanta & Atlanta -> Houston,1,Washington DC,Los Angeles,1,6.4634314,Washington DC | Atlanta | Houston | Los Angeles,Washington DC->Atlanta | Atlanta->Houston | Houston->Los Angeles,1
32,abilene,11,1.0,moving_average,random_failure_fixed,Houston -> Atlanta & Atlanta -> Houston,2,Houston,Atlanta,1,6.1667022,Houston | Atlanta,Houston->Atlanta,1
32,abilene,11,1.0,moving_average,random_failure_fixed,Houston -> Atlanta & Atlanta -> Houston,3,New York,Los Angeles,1,6.0951464,New York | Washington DC | Atlanta | Houston | Los Angeles,New York->Washington DC | Washington DC->Atlanta | Atlanta->Houston | Houston->Los Angeles,1
32,abilene,11,1.0,moving_average,random_failure_fixed,Houston -> Atlanta & Atlanta -> Houston,4,Sunnyvale,New York,1,6.0665803,Sunnyvale | Los Angeles | Houston | Atlanta | Washington DC | New York,Sunnyvale->Los Angeles | Los Angeles->Houston | Houston->Atlanta | Atlanta->Washington DC | Washington DC->New York,1
32,abilene,11,1.0,moving_average,random_failure_fixed,Houston -> Atlanta & Atlanta -> Houston,5,New York,Houston,1,5.9777683,New York | Washington DC | Atlanta | Houston,New York->Washington DC | Washington DC->Atlanta | Atlanta->Houston,1
32,abilene,11,1.0,linear_autoregressive,critical_failure_fixed,Denver -> Kansas City & Kansas City -> Denver,1,Chicago,Sunnyvale,1,4.163744,Chicago | Indianapolis | Kansas City | Denver | Sunnyvale,Chicago->Indianapolis | Indianapolis->Kansas City | Kansas City->Denver | Denver->Sunnyvale,1
32,abilene,11,1.0,linear_autoregressive,critical_failure_fixed,Denver -> Kansas City & Kansas City -> Denver,2,Kansas City,Sunnyvale,1,3.8869492,Kansas City | Denver | Sunnyvale,Kansas City->Denver | Denver->Sunnyvale,1
32,abilene,11,1.0,linear_autoregressive,critical_failure_fixed,Denver -> Kansas City & Kansas City -> Denver,3,Atlanta,Sunnyvale,1,3.6393474,Atlanta | Indianapolis | Kansas City | Denver | Sunnyvale,Atlanta->Indianapolis | Indianapolis->Kansas City | Kansas City->Denver | Denver->Sunnyvale,1
32,abilene,11,1.0,linear_autoregressive,critical_failure_fixed,Denver -> Kansas City & Kansas City -> Denver,4,Indianapolis,Seattle,1,3.6331948,Indianapolis | Kansas City | Denver | Seattle,Indianapolis->Kansas City | Kansas City->Denver | Denver->Seattle,1
32,abilene,11,1.0,linear_autoregressive,critical_failure_fixed,Denver -> Kansas City & Kansas City -> Denver,5,Denver,Washington DC,1,3.6024562,Denver | Kansas City | Indianapolis | Atlanta | Washington DC,Denver->Kansas City | Kansas City->Indianapolis | Indianapolis->Atlanta | Atlanta->Washington DC,1
32,abilene,11,1.0,linear_autoregressive,random_failure_fixed,Houston -> Atlanta & Atlanta -> Houston,1,Washington DC,Los Angeles,1,4.1961019,Washington DC | Atlanta | Houston | Los Angeles,Washington DC->Atlanta | Atlanta->Houston | Houston->Los Angeles,1
32,abilene,11,1.0,linear_autoregressive,random_failure_fixed,Houston -> Atlanta & Atlanta -> Houston,2,New York,Houston,1,3.7246418,New York | Washington DC | Atlanta | Houston,New York->Washington DC | Washington DC->Atlanta | Atlanta->Houston,1
32,abilene,11,1.0,linear_autoregressive,random_failure_fixed,Houston -> Atlanta & Atlanta -> Houston,3,Houston,Atlanta,1,3.7125709,Houston | Atlanta,Houston->Atlanta,1
32,abilene,11,1.0,linear_autoregressive,random_failure_fixed,Houston -> Atlanta & Atlanta -> Houston,4,Sunnyvale,New York,1,3.6786535,Sunnyvale | Los Angeles | Houston | Atlanta | Washington DC | New York,Sunnyvale->Los Angeles | Los Angeles->Houston | Houston->Atlanta | Atlanta->Washington DC | Washington DC->New York,1
32,abilene,11,1.0,linear_autoregressive,random_failure_fixed,Houston -> Atlanta & Atlanta -> Houston,5,New York,Los Angeles,1,3.6442808,New York | Washington DC | Atlanta | Houston | Los Angeles,New York->Washington DC | Washington DC->Atlanta | Atlanta->Houston | Houston->Los Angeles,1
32,abilene,11,1.0,lstm,critical_failure_fixed,Denver -> Kansas City & Kansas City -> Denver,1,Chicago,Sunnyvale,1,5.0567951,Chicago | Indianapolis | Kansas City | Denver | Sunnyvale,Chicago->Indianapolis | Indianapolis->Kansas City | Kansas City->Denver | Denver->Sunnyvale,1
32,abilene,11,1.0,lstm,critical_failure_fixed,Denver -> Kansas City & Kansas City -> Denver,2,Kansas City,Sunnyvale,1,4.9709592,Kansas City | Denver | Sunnyvale,Kansas City->Denver | Denver->Sunnyvale,1
32,abilene,11,1.0,lstm,critical_failure_fixed,Denver -> Kansas City & Kansas City -> Denver,3,Atlanta,Sunnyvale,1,4.9396467,Atlanta | Indianapolis | Kansas City | Denver | Sunnyvale,Atlanta->Indianapolis | Indianapolis->Kansas City | Kansas City->Denver | Denver->Sunnyvale,1
32,abilene,11,1.0,lstm,critical_failure_fixed,Denver -> Kansas City & Kansas City -> Denver,4,Seattle,New York,1,4.8729591,Seattle | Denver | Kansas City | Indianapolis | Chicago | New York,Seattle->Denver | Denver->Kansas City | Kansas City->Indianapolis | Indianapolis->Chicago | Chicago->New York,1
32,abilene,11,1.0,lstm,critical_failure_fixed,Denver -> Kansas City & Kansas City -> Denver,5,Denver,Washington DC,1,4.835155,Denver | Kansas City | Indianapolis | Atlanta | Washington DC,Denver->Kansas City | Kansas City->Indianapolis | Indianapolis->Atlanta | Atlanta->Washington DC,1
32,abilene,11,1.0,lstm,random_failure_fixed,Houston -> Atlanta & Atlanta -> Houston,1,Washington DC,Los Angeles,1,5.0404782,Washington DC | Atlanta | Houston | Los Angeles,Washington DC->Atlanta | Atlanta->Houston | Houston->Los Angeles,1
32,abilene,11,1.0,lstm,random_failure_fixed,Houston -> Atlanta & Atlanta -> Houston,2,New York,Los Angeles,1,5.0117636,New York | Washington DC | Atlanta | Houston | Los Angeles,New York->Washington DC | Washington DC->Atlanta | Atlanta->Houston | Houston->Los Angeles,1
32,abilene,11,1.0,lstm,random_failure_fixed,Houston -> Atlanta & Atlanta -> Houston,3,New York,Houston,1,4.9747262,New York | Washington DC | Atlanta | Houston,New York->Washington DC | Washington DC->Atlanta | Atlanta->Houston,1
32,abilene,11,1.0,lstm,random_failure_fixed,Houston -> Atlanta & Atlanta -> Houston,4,Houston,Atlanta,1,4.9195609,Houston | Atlanta,Houston->Atlanta,1
32,abilene,11,1.0,lstm,random_failure_fixed,Houston -> Atlanta & Atlanta -> Houston,5,Sunnyvale,New York,1,4.8241968,Sunnyvale | Los Angeles | Houston | Atlanta | Washington DC | New York,Sunnyvale->Los Angeles | Los Angeles->Houston | Houston->Atlanta | Atlanta->Washington DC | Washington DC->New York,1
32,abilene,11,1.0,uncertainty_aware_lstm_robust_lp,critical_failure_fixed,Denver -> Kansas City & Kansas City -> Denver,1,Chicago,Sunnyvale,1,5.4078288,Chicago | Indianapolis | Kansas City | Denver | Sunnyvale,Chicago->Indianapolis | Indianapolis->Kansas City | Kansas City->Denver | Denver->Sunnyvale,1
32,abilene,11,1.0,uncertainty_aware_lstm_robust_lp,critical_failure_fixed,Denver -> Kansas City & Kansas City -> Denver,2,Kansas City,Sunnyvale,1,5.2128501,Kansas City | Denver | Sunnyvale,Kansas City->Denver | Denver->Sunnyvale,1
32,abilene,11,1.0,uncertainty_aware_lstm_robust_lp,critical_failure_fixed,Denver -> Kansas City & Kansas City -> Denver,3,Seattle,New York,1,5.0780749,Seattle | Denver | Kansas City | Indianapolis | Chicago | New York,Seattle->Denver | Denver->Kansas City | Kansas City->Indianapolis | Indianapolis->Chicago | Chicago->New York,1
32,abilene,11,1.0,uncertainty_aware_lstm_robust_lp,critical_failure_fixed,Denver -> Kansas City & Kansas City -> Denver,4,Indianapolis,Seattle,1,5.0384669,Indianapolis | Kansas City | Denver | Seattle,Indianapolis->Kansas City | Kansas City->Denver | Denver->Seattle,1
32,abilene,11,1.0,uncertainty_aware_lstm_robust_lp,critical_failure_fixed,Denver -> Kansas City & Kansas City -> Denver,5,Denver,Washington DC,1,5.0383282,Denver | Kansas City | Houston | Atlanta | Washington DC,Denver->Kansas City | Kansas City->Houston | Houston->Atlanta | Atlanta->Washington DC,1
32,abilene,11,1.0,uncertainty_aware_lstm_robust_lp,random_failure_fixed,Houston -> Atlanta & Atlanta -> Houston,1,Washington DC,Los Angeles,1,5.3613911,Washington DC | Atlanta | Houston | Los Angeles,Washington DC->Atlanta | Atlanta->Houston | Houston->Los Angeles,1
32,abilene,11,1.0,uncertainty_aware_lstm_robust_lp,random_failure_fixed,Houston -> Atlanta & Atlanta -> Houston,2,New York,Los Angeles,1,5.2722492,New York | Washington DC | Atlanta | Houston | Los Angeles,New York->Washington DC | Washington DC->Atlanta | Atlanta->Houston | Houston->Los Angeles,1
32,abilene,11,1.0,uncertainty_aware_lstm_robust_lp,random_failure_fixed,Houston -> Atlanta & Atlanta -> Houston,3,New York,Houston,1,5.1924295,New York | Washington DC | Atlanta | Houston,New York->Washington DC | Washington DC->Atlanta | Atlanta->Houston,1
32,abilene,11,1.0,uncertainty_aware_lstm_robust_lp,random_failure_fixed,Houston -> Atlanta & Atlanta -> Houston,4,Houston,Atlanta,1,5.1592093,Houston | Atlanta,Houston->Atlanta,1
32,abilene,11,1.0,uncertainty_aware_lstm_robust_lp,random_failure_fixed,Houston -> Atlanta & Atlanta -> Houston,5,Atlanta,Sunnyvale,1,4.1782237,Atlanta | Houston | Los Angeles | Sunnyvale,Atlanta->Houston | Houston->Los Angeles | Los Angeles->Sunnyvale,1
32,abilene,11,1.0,uncertainty_aware_lstm_robust_lp,random_failure_fixed,Houston -> Atlanta & Atlanta -> Houston,5,Atlanta,Sunnyvale,2,0.97842729,Atlanta | Houston | Kansas City | Denver | Sunnyvale,Atlanta->Houston | Houston->Kansas City | Kansas City->Denver | Denver->Sunnyvale,1
32,abilene,11,1.0,transformer,critical_failure_fixed,Denver -> Kansas City & Kansas City -> Denver,1,Chicago,Sunnyvale,1,4.4680166,Chicago | Indianapolis | Kansas City | Denver | Sunnyvale,Chicago->Indianapolis | Indianapolis->Kansas City | Kansas City->Denver | Denver->Sunnyvale,1
32,abilene,11,1.0,transformer,critical_failure_fixed,Denver -> Kansas City & Kansas City -> Denver,2,Denver,Washington DC,1,3.9534945,Denver | Kansas City | Indianapolis | Atlanta | Washington DC,Denver->Kansas City | Kansas City->Indianapolis | Indianapolis->Atlanta | Atlanta->Washington DC,1
32,abilene,11,1.0,transformer,critical_failure_fixed,Denver -> Kansas City & Kansas City -> Denver,3,Seattle,New York,1,3.9385641,Seattle | Denver | Kansas City | Indianapolis | Chicago | New York,Seattle->Denver | Denver->Kansas City | Kansas City->Indianapolis | Indianapolis->Chicago | Chicago->New York,1
32,abilene,11,1.0,transformer,critical_failure_fixed,Denver -> Kansas City & Kansas City -> Denver,4,Atlanta,Sunnyvale,1,3.9042709,Atlanta | Indianapolis | Kansas City | Denver | Sunnyvale,Atlanta->Indianapolis | Indianapolis->Kansas City | Kansas City->Denver | Denver->Sunnyvale,1
32,abilene,11,1.0,transformer,critical_failure_fixed,Denver -> Kansas City & Kansas City -> Denver,5,Kansas City,Sunnyvale,1,3.9010196,Kansas City | Denver | Sunnyvale,Kansas City->Denver | Denver->Sunnyvale,1
32,abilene,11,1.0,transformer,random_failure_fixed,Houston -> Atlanta & Atlanta -> Houston,1,Washington DC,Los Angeles,1,4.5407348,Washington DC | Atlanta | Houston | Los Angeles,Washington DC->Atlanta | Atlanta->Houston | Houston->Los Angeles,1
32,abilene,11,1.0,transformer,random_failure_fixed,Houston -> Atlanta & Atlanta -> Houston,2,New York,Houston,1,4.0316672,New York | Washington DC | Atlanta | Houston,New York->Washington DC | Washington DC->Atlanta | Atlanta->Houston,1
32,abilene,11,1.0,transformer,random_failure_fixed,Houston -> Atlanta & Atlanta -> Houston,3,Sunnyvale,New York,1,3.9365737,Sunnyvale | Los Angeles | Houston | Atlanta | Washington DC | New York,Sunnyvale->Los Angeles | Los Angeles->Houston | Houston->Atlanta | Atlanta->Washington DC | Washington DC->New York,1
32,abilene,11,1.0,transformer,random_failure_fixed,Houston -> Atlanta & Atlanta -> Houston,4,New York,Los Angeles,1,3.9208953,New York | Washington DC | Atlanta | Houston | Los Angeles,New York->Washington DC | Washington DC->Atlanta | Atlanta->Houston | Houston->Los Angeles,1
32,abilene,11,1.0,transformer,random_failure_fixed,Houston -> Atlanta & Atlanta -> Houston,5,Washington DC,Denver,1,3.800813,Washington DC | Atlanta | Houston | Kansas City | Denver,Washington DC->Atlanta | Atlanta->Houston | Houston->Kansas City | Kansas City->Denver,1
33,abilene,11,1.0,current_demand_lp,critical_failure_fixed,Denver -> Kansas City & Kansas City -> Denver,1,Washington DC,Denver,1,4.1477632,Washington DC | Atlanta | Houston | Kansas City | Denver,Washington DC->Atlanta | Atlanta->Houston | Houston->Kansas City | Kansas City->Denver,1
33,abilene,11,1.0,current_demand_lp,critical_failure_fixed,Denver -> Kansas City & Kansas City -> Denver,2,Kansas City,Sunnyvale,1,3.9509804,Kansas City | Denver | Sunnyvale,Kansas City->Denver | Denver->Sunnyvale,1
33,abilene,11,1.0,current_demand_lp,critical_failure_fixed,Denver -> Kansas City & Kansas City -> Denver,3,Sunnyvale,Indianapolis,1,3.5520525,Sunnyvale | Denver | Kansas City | Indianapolis,Sunnyvale->Denver | Denver->Kansas City | Kansas City->Indianapolis,1
33,abilene,11,1.0,current_demand_lp,critical_failure_fixed,Denver -> Kansas City & Kansas City -> Denver,4,Denver,Washington DC,1,3.4946171,Denver | Kansas City | Indianapolis | Atlanta | Washington DC,Denver->Kansas City | Kansas City->Indianapolis | Indianapolis->Atlanta | Atlanta->Washington DC,1
33,abilene,11,1.0,current_demand_lp,critical_failure_fixed,Denver -> Kansas City & Kansas City -> Denver,5,Indianapolis,Seattle,1,3.4848119,Indianapolis | Kansas City | Denver | Seattle,Indianapolis->Kansas City | Kansas City->Denver | Denver->Seattle,1
33,abilene,11,1.0,current_demand_lp,random_failure_fixed,Houston -> Atlanta & Atlanta -> Houston,1,Washington DC,Denver,1,4.1477632,Washington DC | Atlanta | Houston | Kansas City | Denver,Washington DC->Atlanta | Atlanta->Houston | Houston->Kansas City | Kansas City->Denver,1
33,abilene,11,1.0,current_demand_lp,random_failure_fixed,Houston -> Atlanta & Atlanta -> Houston,2,Atlanta,Los Angeles,1,3.7435674,Atlanta | Houston | Los Angeles,Atlanta->Houston | Houston->Los Angeles,1
33,abilene,11,1.0,current_demand_lp,random_failure_fixed,Houston -> Atlanta & Atlanta -> Houston,3,Sunnyvale,New York,1,3.7100366,Sunnyvale | Los Angeles | Houston | Atlanta | Washington DC | New York,Sunnyvale->Los Angeles | Los Angeles->Houston | Houston->Atlanta | Atlanta->Washington DC | Washington DC->New York,1
33,abilene,11,1.0,current_demand_lp,random_failure_fixed,Houston -> Atlanta & Atlanta -> Houston,4,New York,Los Angeles,1,3.5803752,New York | Washington DC | Atlanta | Houston | Los Angeles,New York->Washington DC | Washington DC->Atlanta | Atlanta->Houston | Houston->Los Angeles,1
33,abilene,11,1.0,current_demand_lp,random_failure_fixed,Houston -> Atlanta & Atlanta -> Houston,5,New York,Houston,1,3.5799175,New York | Washington DC | Atlanta | Houston,New York->Washington DC | Washington DC->Atlanta | Atlanta->Houston,1
33,abilene,11,1.0,robust_current_demand_lp,critical_failure_fixed,Denver -> Kansas City & Kansas City -> Denver,1,Washington DC,Denver,1,4.1477632,Washington DC | Atlanta | Indianapolis | Kansas City | Denver,Washington DC->Atlanta | Atlanta->Indianapolis | Indianapolis->Kansas City | Kansas City->Denver,1
33,abilene,11,1.0,robust_current_demand_lp,critical_failure_fixed,Denver -> Kansas City & Kansas City -> Denver,2,Kansas City,Sunnyvale,1,3.9509804,Kansas City | Denver | Sunnyvale,Kansas City->Denver | Denver->Sunnyvale,1
33,abilene,11,1.0,robust_current_demand_lp,critical_failure_fixed,Denver -> Kansas City & Kansas City -> Denver,3,Sunnyvale,New York,1,3.7100366,Sunnyvale | Denver | Kansas City | Indianapolis | Chicago | New York,Sunnyvale->Denver | Denver->Kansas City | Kansas City->Indianapolis | Indianapolis->Chicago | Chicago->New York,1
33,abilene,11,1.0,robust_current_demand_lp,critical_failure_fixed,Denver -> Kansas City & Kansas City -> Denver,4,Sunnyvale,Indianapolis,1,3.5520525,Sunnyvale | Denver | Kansas City | Indianapolis,Sunnyvale->Denver | Denver->Kansas City | Kansas City->Indianapolis,1
33,abilene,11,1.0,robust_current_demand_lp,critical_failure_fixed,Denver -> Kansas City & Kansas City -> Denver,5,Denver,Washington DC,1,3.4946171,Denver | Kansas City | Houston | Atlanta | Washington DC,Denver->Kansas City | Kansas City->Houston | Houston->Atlanta | Atlanta->Washington DC,1
33,abilene,11,1.0,robust_current_demand_lp,random_failure_fixed,Houston -> Atlanta & Atlanta -> Houston,1,Atlanta,Los Angeles,1,3.7435674,Atlanta | Houston | Los Angeles,Atlanta->Houston | Houston->Los Angeles,1
33,abilene,11,1.0,robust_current_demand_lp,random_failure_fixed,Houston -> Atlanta & Atlanta -> Houston,2,New York,Los Angeles,1,3.5803752,New York | Washington DC | Atlanta | Houston | Los Angeles,New York->Washington DC | Washington DC->Atlanta | Atlanta->Houston | Houston->Los Angeles,1
33,abilene,11,1.0,robust_current_demand_lp,random_failure_fixed,Houston -> Atlanta & Atlanta -> Houston,3,New York,Houston,1,3.5799175,New York | Washington DC | Atlanta | Houston,New York->Washington DC | Washington DC->Atlanta | Atlanta->Houston,1
33,abilene,11,1.0,robust_current_demand_lp,random_failure_fixed,Houston -> Atlanta & Atlanta -> Houston,4,Denver,Washington DC,1,3.4946171,Denver | Kansas City | Houston | Atlanta | Washington DC,Denver->Kansas City | Kansas City->Houston | Houston->Atlanta | Atlanta->Washington DC,1
33,abilene,11,1.0,robust_current_demand_lp,random_failure_fixed,Houston -> Atlanta & Atlanta -> Houston,5,Washington DC,Seattle,1,3.4141628,Washington DC | Atlanta | Houston | Kansas City | Denver | Seattle,Washington DC->Atlanta | Atlanta->Houston | Houston->Kansas City | Kansas City->Denver | Denver->Seattle,1
33,abilene,11,1.0,moving_average,critical_failure_fixed,Kansas City -> Indianapolis & Indianapolis -> Kansas City,1,Chicago,Sunnyvale,1,5.9368563,Chicago | Indianapolis | Kansas City | Denver | Sunnyvale,Chicago->Indianapolis | Indianapolis->Kansas City | Kansas City->Denver | Denver->Sunnyvale,1
33,abilene,11,1.0,moving_average,critical_failure_fixed,Kansas City -> Indianapolis & Indianapolis -> Kansas City,2,Denver,Washington DC,1,5.5782346,Denver | Kansas City | Indianapolis | Atlanta | Washington DC,Denver->Kansas City | Kansas City->Indianapolis | Indianapolis->Atlanta | Atlanta->Washington DC,1
33,abilene,11,1.0,moving_average,critical_failure_fixed,Kansas City -> Indianapolis & Indianapolis -> Kansas City,3,Atlanta,Sunnyvale,1,5.5704873,Atlanta | Indianapolis | Kansas City | Denver | Sunnyvale,Atlanta->Indianapolis | Indianapolis->Kansas City | Kansas City->Denver | Denver->Sunnyvale,1
33,abilene,11,1.0,moving_average,critical_failure_fixed,Kansas City -> Indianapolis & Indianapolis -> Kansas City,4,Kansas City,New York,1,5.5188947,Kansas City | Indianapolis | Chicago | New York,Kansas City->Indianapolis | Indianapolis->Chicago | Chicago->New York,1
33,abilene,11,1.0,moving_average,critical_failure_fixed,Kansas City -> Indianapolis & Indianapolis -> Kansas City,5,Seattle,New York,1,5.4954766,Seattle | Denver | Kansas City | Indianapolis | Chicago | New York,Seattle->Denver | Denver->Kansas City | Kansas City->Indianapolis | Indianapolis->Chicago | Chicago->New York,1
33,abilene,11,1.0,moving_average,random_failure_fixed,Houston -> Atlanta & Atlanta -> Houston,1,Washington DC,Los Angeles,1,6.095499,Washington DC | Atlanta | Houston | Los Angeles,Washington DC->Atlanta | Atlanta->Houston | Houston->Los Angeles,1
33,abilene,11,1.0,moving_average,random_failure_fixed,Houston -> Atlanta & Atlanta -> Houston,2,Houston,Atlanta,1,5.7415144,Houston | Atlanta,Houston->Atlanta,1
33,abilene,11,1.0,moving_average,random_failure_fixed,Houston -> Atlanta & Atlanta -> Houston,3,New York,Los Angeles,1,5.6935256,New York | Washington DC | Atlanta | Houston | Los Angeles,New York->Washington DC | Washington DC->Atlanta | Atlanta->Houston | Houston->Los Angeles,1
33,abilene,11,1.0,moving_average,random_failure_fixed,Houston -> Atlanta & Atlanta -> Houston,4,Sunnyvale,New York,1,5.6737673,Sunnyvale | Los Angeles | Houston | Atlanta | Washington DC | New York,Sunnyvale->Los Angeles | Los Angeles->Houston | Houston->Atlanta | Atlanta->Washington DC | Washington DC->New York,1
33,abilene,11,1.0,moving_average,random_failure_fixed,Houston -> Atlanta & Atlanta -> Houston,5,Washington DC,Denver,1,5.6520984,Washington DC | Atlanta | Houston | Kansas City | Denver,Washington DC->Atlanta | Atlanta->Houston | Houston->Kansas City | Kansas City->Denver,1
33,abilene,11,1.0,linear_autoregressive,critical_failure_fixed,Denver -> Kansas City & Kansas City -> Denver,1,Chicago,Sunnyvale,1,3.3382415,Chicago | Indianapolis | Kansas City | Denver | Sunnyvale,Chicago->Indianapolis | Indianapolis->Kansas City | Kansas City->Denver | Denver->Sunnyvale,1
33,abilene,11,1.0,linear_autoregressive,critical_failure_fixed,Denver -> Kansas City & Kansas City -> Denver,2,Houston,Seattle,1,3.1845125,Houston | Kansas City | Denver | Seattle,Houston->Kansas City | Kansas City->Denver | Denver->Seattle,1
33,abilene,11,1.0,linear_autoregressive,critical_failure_fixed,Denver -> Kansas City & Kansas City -> Denver,3,Denver,Washington DC,1,3.181248,Denver | Kansas City | Indianapolis | Atlanta | Washington DC,Denver->Kansas City | Kansas City->Indianapolis | Indianapolis->Atlanta | Atlanta->Washington DC,1
33,abilene,11,1.0,linear_autoregressive,critical_failure_fixed,Denver -> Kansas City & Kansas City -> Denver,4,Indianapolis,Seattle,1,3.1478089,Indianapolis | Kansas City | Denver | Seattle,Indianapolis->Kansas City | Kansas City->Denver | Denver->Seattle,1
33,abilene,11,1.0,linear_autoregressive,critical_failure_fixed,Denver -> Kansas City & Kansas City -> Denver,5,Atlanta,Sunnyvale,1,3.1396038,Atlanta | Indianapolis | Kansas City | Denver | Sunnyvale,Atlanta->Indianapolis | Indianapolis->Kansas City | Kansas City->Denver | Denver->Sunnyvale,1
33,abilene,11,1.0,linear_autoregressive,random_failure_fixed,Houston -> Atlanta & Atlanta -> Houston,1,Washington DC,Los Angeles,1,3.3374012,Washington DC | Atlanta | Houston | Los Angeles,Washington DC->Atlanta | Atlanta->Houston | Houston->Los Angeles,1
33,abilene,11,1.0,linear_autoregressive,random_failure_fixed,Houston -> Atlanta & Atlanta -> Houston,2,Houston,Atlanta,1,3.255258,Houston | Atlanta,Houston->Atlanta,1
33,abilene,11,1.0,linear_autoregressive,random_failure_fixed,Houston -> Atlanta & Atlanta -> Houston,3,New York,Houston,1,3.2007258,New York | Washington DC | Atlanta | Houston,New York->Washington DC | Washington DC->Atlanta | Atlanta->Houston,1
33,abilene,11,1.0,linear_autoregressive,random_failure_fixed,Houston -> Atlanta & Atlanta -> Houston,4,Sunnyvale,New York,1,3.1947757,Sunnyvale | Los Angeles | Houston | Atlanta | Washington DC | New York,Sunnyvale->Los Angeles | Los Angeles->Houston | Houston->Atlanta | Atlanta->Washington DC | Washington DC->New York,1
33,abilene,11,1.0,linear_autoregressive,random_failure_fixed,Houston -> Atlanta & Atlanta -> Houston,5,New York,Los Angeles,1,3.1458707,New York | Washington DC | Atlanta | Houston | Los Angeles,New York->Washington DC | Washington DC->Atlanta | Atlanta->Houston | Houston->Los Angeles,1
33,abilene,11,1.0,lstm,critical_failure_fixed,Denver -> Kansas City & Kansas City -> Denver,1,Chicago,Sunnyvale,1,5.0567951,Chicago | Indianapolis | Kansas City | Denver | Sunnyvale,Chicago->Indianapolis | Indianapolis->Kansas City | Kansas City->Denver | Denver->Sunnyvale,1
33,abilene,11,1.0,lstm,critical_failure_fixed,Denver -> Kansas City & Kansas City -> Denver,2,Kansas City,Sunnyvale,1,4.9709592,Kansas City | Denver | Sunnyvale,Kansas City->Denver | Denver->Sunnyvale,1
33,abilene,11,1.0,lstm,critical_failure_fixed,Denver -> Kansas City & Kansas City -> Denver,3,Atlanta,Sunnyvale,1,4.9396467,Atlanta | Indianapolis | Kansas City | Denver | Sunnyvale,Atlanta->Indianapolis | Indianapolis->Kansas City | Kansas City->Denver | Denver->Sunnyvale,1
33,abilene,11,1.0,lstm,critical_failure_fixed,Denver -> Kansas City & Kansas City -> Denver,4,Seattle,New York,1,4.8729591,Seattle | Denver | Kansas City | Indianapolis | Chicago | New York,Seattle->Denver | Denver->Kansas City | Kansas City->Indianapolis | Indianapolis->Chicago | Chicago->New York,1
33,abilene,11,1.0,lstm,critical_failure_fixed,Denver -> Kansas City & Kansas City -> Denver,5,Denver,Washington DC,1,4.835155,Denver | Kansas City | Indianapolis | Atlanta | Washington DC,Denver->Kansas City | Kansas City->Indianapolis | Indianapolis->Atlanta | Atlanta->Washington DC,1
33,abilene,11,1.0,lstm,random_failure_fixed,Houston -> Atlanta & Atlanta -> Houston,1,Washington DC,Los Angeles,1,5.0404782,Washington DC | Atlanta | Houston | Los Angeles,Washington DC->Atlanta | Atlanta->Houston | Houston->Los Angeles,1
33,abilene,11,1.0,lstm,random_failure_fixed,Houston -> Atlanta & Atlanta -> Houston,2,New York,Los Angeles,1,5.0117631,New York | Washington DC | Atlanta | Houston | Los Angeles,New York->Washington DC | Washington DC->Atlanta | Atlanta->Houston | Houston->Los Angeles,1
33,abilene,11,1.0,lstm,random_failure_fixed,Houston -> Atlanta & Atlanta -> Houston,3,New York,Houston,1,4.9747262,New York | Washington DC | Atlanta | Houston,New York->Washington DC | Washington DC->Atlanta | Atlanta->Houston,1
33,abilene,11,1.0,lstm,random_failure_fixed,Houston -> Atlanta & Atlanta -> Houston,4,Houston,Atlanta,1,4.9195609,Houston | Atlanta,Houston->Atlanta,1
33,abilene,11,1.0,lstm,random_failure_fixed,Houston -> Atlanta & Atlanta -> Houston,5,Sunnyvale,New York,1,4.8241968,Sunnyvale | Los Angeles | Houston | Atlanta | Washington DC | New York,Sunnyvale->Los Angeles | Los Angeles->Houston | Houston->Atlanta | Atlanta->Washington DC | Washington DC->New York,1
33,abilene,11,1.0,uncertainty_aware_lstm_robust_lp,critical_failure_fixed,Denver -> Kansas City & Kansas City -> Denver,1,Chicago,Sunnyvale,1,5.4078288,Chicago | Indianapolis | Kansas City | Denver | Sunnyvale,Chicago->Indianapolis | Indianapolis->Kansas City | Kansas City->Denver | Denver->Sunnyvale,1
33,abilene,11,1.0,uncertainty_aware_lstm_robust_lp,critical_failure_fixed,Denver -> Kansas City & Kansas City -> Denver,2,Kansas City,Sunnyvale,1,5.2128501,Kansas City | Denver | Sunnyvale,Kansas City->Denver | Denver->Sunnyvale,1
33,abilene,11,1.0,uncertainty_aware_lstm_robust_lp,critical_failure_fixed,Denver -> Kansas City & Kansas City -> Denver,3,Seattle,New York,1,5.0780749,Seattle | Denver | Kansas City | Indianapolis | Chicago | New York,Seattle->Denver | Denver->Kansas City | Kansas City->Indianapolis | Indianapolis->Chicago | Chicago->New York,1
33,abilene,11,1.0,uncertainty_aware_lstm_robust_lp,critical_failure_fixed,Denver -> Kansas City & Kansas City -> Denver,4,Indianapolis,Seattle,1,5.0384669,Indianapolis | Kansas City | Denver | Seattle,Indianapolis->Kansas City | Kansas City->Denver | Denver->Seattle,1
33,abilene,11,1.0,uncertainty_aware_lstm_robust_lp,critical_failure_fixed,Denver -> Kansas City & Kansas City -> Denver,5,Denver,Washington DC,1,5.0383282,Denver | Kansas City | Houston | Atlanta | Washington DC,Denver->Kansas City | Kansas City->Houston | Houston->Atlanta | Atlanta->Washington DC,1
33,abilene,11,1.0,uncertainty_aware_lstm_robust_lp,random_failure_fixed,Houston -> Atlanta & Atlanta -> Houston,1,Washington DC,Los Angeles,1,5.3613911,Washington DC | Atlanta | Houston | Los Angeles,Washington DC->Atlanta | Atlanta->Houston | Houston->Los Angeles,1
33,abilene,11,1.0,uncertainty_aware_lstm_robust_lp,random_failure_fixed,Houston -> Atlanta & Atlanta -> Houston,2,New York,Los Angeles,1,5.2722487,New York | Washington DC | Atlanta | Houston | Los Angeles,New York->Washington DC | Washington DC->Atlanta | Atlanta->Houston | Houston->Los Angeles,1
33,abilene,11,1.0,uncertainty_aware_lstm_robust_lp,random_failure_fixed,Houston -> Atlanta & Atlanta -> Houston,3,New York,Houston,1,5.1924295,New York | Washington DC | Atlanta | Houston,New York->Washington DC | Washington DC->Atlanta | Atlanta->Houston,1
33,abilene,11,1.0,uncertainty_aware_lstm_robust_lp,random_failure_fixed,Houston -> Atlanta & Atlanta -> Houston,4,Houston,Atlanta,1,5.1592093,Houston | Atlanta,Houston->Atlanta,1
33,abilene,11,1.0,uncertainty_aware_lstm_robust_lp,random_failure_fixed,Houston -> Atlanta & Atlanta -> Houston,5,Atlanta,Sunnyvale,1,4.178224,Atlanta | Houston | Los Angeles | Sunnyvale,Atlanta->Houston | Houston->Los Angeles | Los Angeles->Sunnyvale,1
33,abilene,11,1.0,uncertainty_aware_lstm_robust_lp,random_failure_fixed,Houston -> Atlanta & Atlanta -> Houston,5,Atlanta,Sunnyvale,2,0.97842699,Atlanta | Houston | Kansas City | Denver | Sunnyvale,Atlanta->Houston | Houston->Kansas City | Kansas City->Denver | Denver->Sunnyvale,1
33,abilene,11,1.0,transformer,critical_failure_fixed,Denver -> Kansas City & Kansas City -> Denver,1,Chicago,Sunnyvale,1,4.3969631,Chicago | Indianapolis | Kansas City | Denver | Sunnyvale,Chicago->Indianapolis | Indianapolis->Kansas City | Kansas City->Denver | Denver->Sunnyvale,1
33,abilene,11,1.0,transformer,critical_failure_fixed,Denver -> Kansas City & Kansas City -> Denver,2,Seattle,New York,1,3.9705758,Seattle | Denver | Kansas City | Indianapolis | Chicago | New York,Seattle->Denver | Denver->Kansas City | Kansas City->Indianapolis | Indianapolis->Chicago | Chicago->New York,1
33,abilene,11,1.0,transformer,critical_failure_fixed,Denver -> Kansas City & Kansas City -> Denver,3,Denver,Washington DC,1,3.935204,Denver | Kansas City | Indianapolis | Atlanta | Washington DC,Denver->Kansas City | Kansas City->Indianapolis | Indianapolis->Atlanta | Atlanta->Washington DC,1
33,abilene,11,1.0,transformer,critical_failure_fixed,Denver -> Kansas City & Kansas City -> Denver,4,Atlanta,Sunnyvale,1,3.8953407,Atlanta | Indianapolis | Kansas City | Denver | Sunnyvale,Atlanta->Indianapolis | Indianapolis->Kansas City | Kansas City->Denver | Denver->Sunnyvale,1
33,abilene,11,1.0,transformer,critical_failure_fixed,Denver -> Kansas City & Kansas City -> Denver,5,Kansas City,Sunnyvale,1,3.8722622,Kansas City | Denver | Sunnyvale,Kansas City->Denver | Denver->Sunnyvale,1
33,abilene,11,1.0,transformer,random_failure_fixed,Houston -> Atlanta & Atlanta -> Houston,1,Washington DC,Los Angeles,1,4.5082383,Washington DC | Atlanta | Houston | Los Angeles,Washington DC->Atlanta | Atlanta->Houston | Houston->Los Angeles,1
33,abilene,11,1.0,transformer,random_failure_fixed,Houston -> Atlanta & Atlanta -> Houston,2,New York,Houston,1,4.0612388,New York | Washington DC | Atlanta | Houston,New York->Washington DC | Washington DC->Atlanta | Atlanta->Houston,1
33,abilene,11,1.0,transformer,random_failure_fixed,Houston -> Atlanta & Atlanta -> Houston,3,Sunnyvale,New York,1,3.9382167,Sunnyvale | Los Angeles | Houston | Atlanta | Washington DC | New York,Sunnyvale->Los Angeles | Los Angeles->Houston | Houston->Atlanta | Atlanta->Washington DC | Washington DC->New York,1
33,abilene,11,1.0,transformer,random_failure_fixed,Houston -> Atlanta & Atlanta -> Houston,4,New York,Los Angeles,1,3.9028981,New York | Washington DC | Atlanta | Houston | Los Angeles,New York->Washington DC | Washington DC->Atlanta | Atlanta->Houston | Houston->Los Angeles,1
33,abilene,11,1.0,transformer,random_failure_fixed,Houston -> Atlanta & Atlanta -> Houston,5,Washington DC,Denver,1,3.8186574,Washington DC | Atlanta | Houston | Kansas City | Denver,Washington DC->Atlanta | Atlanta->Houston | Houston->Kansas City | Kansas City->Denver,1
34,abilene,11,1.0,current_demand_lp,critical_failure_fixed,Denver -> Kansas City & Kansas City -> Denver,1,Kansas City,Sunnyvale,1,3.8002874,Kansas City | Denver | Sunnyvale,Kansas City->Denver | Denver->Sunnyvale,1
34,abilene,11,1.0,current_demand_lp,critical_failure_fixed,Denver -> Kansas City & Kansas City -> Denver,2,Sunnyvale,Kansas City,1,3.7090974,Sunnyvale | Denver | Kansas City,Sunnyvale->Denver | Denver->Kansas City,1
34,abilene,11,1.0,current_demand_lp,critical_failure_fixed,Denver -> Kansas City & Kansas City -> Denver,3,Chicago,Sunnyvale,1,3.6669677,Chicago | Indianapolis | Kansas City | Denver | Sunnyvale,Chicago->Indianapolis | Indianapolis->Kansas City | Kansas City->Denver | Denver->Sunnyvale,1
34,abilene,11,1.0,current_demand_lp,critical_failure_fixed,Denver -> Kansas City & Kansas City -> Denver,4,Atlanta,Sunnyvale,1,3.5089849,Atlanta | Indianapolis | Kansas City | Denver | Sunnyvale,Atlanta->Indianapolis | Indianapolis->Kansas City | Kansas City->Denver | Denver->Sunnyvale,1
34,abilene,11,1.0,current_demand_lp,critical_failure_fixed,Denver -> Kansas City & Kansas City -> Denver,5,Denver,Atlanta,1,3.5048234,Denver | Kansas City | Houston | Atlanta,Denver->Kansas City | Kansas City->Houston | Houston->Atlanta,1
34,abilene,11,1.0,current_demand_lp,random_failure_fixed,New York -> Chicago & Chicago -> New York,1,Kansas City,New York,1,3.6869444,Kansas City | Indianapolis | Chicago | New York,Kansas City->Indianapolis | Indianapolis->Chicago | Chicago->New York,1
34,abilene,11,1.0,current_demand_lp,random_failure_fixed,New York -> Chicago & Chicago -> New York,2,Seattle,New York,1,3.1957691,Seattle | Denver | Kansas City | Indianapolis | Chicago | New York,Seattle->Denver | Denver->Kansas City | Kansas City->Indianapolis | Indianapolis->Chicago | Chicago->New York,1
34,abilene,11,1.0,current_demand_lp,random_failure_fixed,New York -> Chicago & Chicago -> New York,3,Washington DC,Chicago,1,2.7382431,Washington DC | New York | Chicago,Washington DC->New York | New York->Chicago,1
34,abilene,11,1.0,current_demand_lp,random_failure_fixed,New York -> Chicago & Chicago -> New York,4,Chicago,New York,1,2.7141643,Chicago | New York,Chicago->New York,1
34,abilene,11,1.0,current_demand_lp,random_failure_fixed,New York -> Chicago & Chicago -> New York,5,New York,Chicago,1,2.5609402,New York | Chicago,New York->Chicago,1
34,abilene,11,1.0,robust_current_demand_lp,critical_failure_fixed,Denver -> Kansas City & Kansas City -> Denver,1,Kansas City,Sunnyvale,1,3.8002874,Kansas City | Denver | Sunnyvale,Kansas City->Denver | Denver->Sunnyvale,1
34,abilene,11,1.0,robust_current_demand_lp,critical_failure_fixed,Denver -> Kansas City & Kansas City -> Denver,2,Sunnyvale,New York,1,3.7901508,Sunnyvale | Denver | Kansas City | Indianapolis | Chicago | New York,Sunnyvale->Denver | Denver->Kansas City | Kansas City->Indianapolis | Indianapolis->Chicago | Chicago->New York,1
34,abilene,11,1.0,robust_current_demand_lp,critical_failure_fixed,Denver -> Kansas City & Kansas City -> Denver,3,Sunnyvale,Kansas City,1,3.7090974,Sunnyvale | Denver | Kansas City,Sunnyvale->Denver | Denver->Kansas City,1
34,abilene,11,1.0,robust_current_demand_lp,critical_failure_fixed,Denver -> Kansas City & Kansas City -> Denver,4,Chicago,Sunnyvale,1,3.6669677,Chicago | Indianapolis | Kansas City | Denver | Sunnyvale,Chicago->Indianapolis | Indianapolis->Kansas City | Kansas City->Denver | Denver->Sunnyvale,1
34,abilene,11,1.0,robust_current_demand_lp,critical_failure_fixed,Denver -> Kansas City & Kansas City -> Denver,5,Denver,Atlanta,1,3.5048234,Denver | Kansas City | Indianapolis | Atlanta,Denver->Kansas City | Kansas City->Indianapolis | Indianapolis->Atlanta,1
34,abilene,11,1.0,robust_current_demand_lp,random_failure_fixed,New York -> Chicago & Chicago -> New York,1,Sunnyvale,New York,1,3.7901508,Sunnyvale | Denver | Kansas City | Indianapolis | Chicago | New York,Sunnyvale->Denver | Denver->Kansas City | Kansas City->Indianapolis | Indianapolis->Chicago | Chicago->New York,1
34,abilene,11,1.0,robust_current_demand_lp,random_failure_fixed,New York -> Chicago & Chicago -> New York,2,Kansas City,New York,1,3.6869444,Kansas City | Indianapolis | Chicago | New York,Kansas City->Indianapolis | Indianapolis->Chicago | Chicago->New York,1
34,abilene,11,1.0,robust_current_demand_lp,random_failure_fixed,New York -> Chicago & Chicago -> New York,3,Seattle,New York,1,3.1957691,Seattle | Denver | Kansas City | Indianapolis | Chicago | New York,Seattle->Denver | Denver->Kansas City | Kansas City->Indianapolis | Indianapolis->Chicago | Chicago->New York,1
34,abilene,11,1.0,robust_current_demand_lp,random_failure_fixed,New York -> Chicago & Chicago -> New York,4,Washington DC,Chicago,1,2.7382431,Washington DC | New York | Chicago,Washington DC->New York | New York->Chicago,1
34,abilene,11,1.0,robust_current_demand_lp,random_failure_fixed,New York -> Chicago & Chicago -> New York,5,Chicago,New York,1,2.7141643,Chicago | New York,Chicago->New York,1
34,abilene,11,1.0,moving_average,critical_failure_fixed,Denver -> Kansas City & Kansas City -> Denver,1,Chicago,Sunnyvale,1,5.5860724,Chicago | Indianapolis | Kansas City | Denver | Sunnyvale,Chicago->Indianapolis | Indianapolis->Kansas City | Kansas City->Denver | Denver->Sunnyvale,1
34,abilene,11,1.0,moving_average,critical_failure_fixed,Denver -> Kansas City & Kansas City -> Denver,2,Kansas City,Sunnyvale,1,5.4463901,Kansas City | Denver | Sunnyvale,Kansas City->Denver | Denver->Sunnyvale,1
34,abilene,11,1.0,moving_average,critical_failure_fixed,Denver -> Kansas City & Kansas City -> Denver,3,Denver,Washington DC,1,5.131265,Denver | Kansas City | Indianapolis | Atlanta | Washington DC,Denver->Kansas City | Kansas City->Indianapolis | Indianapolis->Atlanta | Atlanta->Washington DC,1
34,abilene,11,1.0,moving_average,critical_failure_fixed,Denver -> Kansas City & Kansas City -> Denver,4,Washington DC,Denver,1,5.1146173,Washington DC | Atlanta | Houston | Kansas City | Denver,Washington DC->Atlanta | Atlanta->Houston | Houston->Kansas City | Kansas City->Denver,1
34,abilene,11,1.0,moving_average,critical_failure_fixed,Denver -> Kansas City & Kansas City -> Denver,5,Atlanta,Sunnyvale,1,5.0900767,Atlanta | Indianapolis | Kansas City | Denver | Sunnyvale,Atlanta->Indianapolis | Indianapolis->Kansas City | Kansas City->Denver | Denver->Sunnyvale,1
34,abilene,11,1.0,moving_average,random_failure_fixed,New York -> Chicago & Chicago -> New York,1,Kansas City,New York,1,5.0874067,Kansas City | Indianapolis | Chicago | New York,Kansas City->Indianapolis | Indianapolis->Chicago | Chicago->New York,1
34,abilene,11,1.0,moving_average,random_failure_fixed,New York -> Chicago & Chicago -> New York,2,Seattle,New York,1,4.9878222,Seattle | Denver | Kansas City | Indianapolis | Chicago | New York,Seattle->Denver | Denver->Kansas City | Kansas City->Indianapolis | Indianapolis->Chicago | Chicago->New York,1
34,abilene,11,1.0,moving_average,random_failure_fixed,New York -> Chicago & Chicago -> New York,3,Chicago,New York,1,3.9056005,Chicago | New York,Chicago->New York,1
34,abilene,11,1.0,moving_average,random_failure_fixed,New York -> Chicago & Chicago -> New York,4,New York,Chicago,1,3.8602049,New York | Chicago,New York->Chicago,1
34,abilene,11,1.0,moving_average,random_failure_fixed,New York -> Chicago & Chicago -> New York,5,Washington DC,Chicago,1,3.8529806,Washington DC | New York | Chicago,Washington DC->New York | New York->Chicago,1
34,abilene,11,1.0,linear_autoregressive,critical_failure_fixed,Denver -> Kansas City & Kansas City -> Denver,1,Seattle,New York,1,3.5741523,Seattle | Denver | Kansas City | Indianapolis | Chicago | New York,Seattle->Denver | Denver->Kansas City | Kansas City->Indianapolis | Indianapolis->Chicago | Chicago->New York,1
34,abilene,11,1.0,linear_autoregressive,critical_failure_fixed,Denver -> Kansas City & Kansas City -> Denver,2,Washington DC,Denver,1,3.5731839,Washington DC | Atlanta | Houston | Kansas City | Denver,Washington DC->Atlanta | Atlanta->Houston | Houston->Kansas City | Kansas City->Denver,1
34,abilene,11,1.0,linear_autoregressive,critical_failure_fixed,Denver -> Kansas City & Kansas City -> Denver,3,Houston,Seattle,1,3.5722996,Houston | Kansas City | Denver | Seattle,Houston->Kansas City | Kansas City->Denver | Denver->Seattle,1
34,abilene,11,1.0,linear_autoregressive,critical_failure_fixed,Denver -> Kansas City & Kansas City -> Denver,4,Indianapolis,Seattle,1,3.5566744,Indianapolis | Kansas City | Denver | Seattle,Indianapolis->Kansas City | Kansas City->Denver | Denver->Seattle,1
34,abilene,11,1.0,linear_autoregressive,critical_failure_fixed,Denver -> Kansas City & Kansas City -> Denver,5,Kansas City,Sunnyvale,1,3.554005,Kansas City | Denver | Sunnyvale,Kansas City->Denver | Denver->Sunnyvale,1
34,abilene,11,1.0,linear_autoregressive,random_failure_fixed,New York -> Chicago & Chicago -> New York,1,Kansas City,New York,1,3.5913262,Kansas City | Indianapolis | Chicago | New York,Kansas City->Indianapolis | Indianapolis->Chicago | Chicago->New York,1
34,abilene,11,1.0,linear_autoregressive,random_failure_fixed,New York -> Chicago & Chicago -> New York,2,Seattle,New York,1,3.5741523,Seattle | Denver | Kansas City | Indianapolis | Chicago | New York,Seattle->Denver | Denver->Kansas City | Kansas City->Indianapolis | Indianapolis->Chicago | Chicago->New York,1
34,abilene,11,1.0,linear_autoregressive,random_failure_fixed,New York -> Chicago & Chicago -> New York,3,Washington DC,Chicago,1,2.6207065,Washington DC | New York | Chicago,Washington DC->New York | New York->Chicago,1
34,abilene,11,1.0,linear_autoregressive,random_failure_fixed,New York -> Chicago & Chicago -> New York,4,Chicago,New York,1,2.583332,Chicago | New York,Chicago->New York,1
34,abilene,11,1.0,linear_autoregressive,random_failure_fixed,New York -> Chicago & Chicago -> New York,5,New York,Chicago,1,2.41978,New York | Chicago,New York->Chicago,1
34,abilene,11,1.0,lstm,critical_failure_fixed,Denver -> Kansas City & Kansas City -> Denver,1,Chicago,Sunnyvale,1,5.0567951,Chicago | Indianapolis | Kansas City | Denver | Sunnyvale,Chicago->Indianapolis | Indianapolis->Kansas City | Kansas City->Denver | Denver->Sunnyvale,1
34,abilene,11,1.0,lstm,critical_failure_fixed,Denver -> Kansas City & Kansas City -> Denver,2,Kansas City,Sunnyvale,1,4.9709592,Kansas City | Denver | Sunnyvale,Kansas City->Denver | Denver->Sunnyvale,1
34,abilene,11,1.0,lstm,critical_failure_fixed,Denver -> Kansas City & Kansas City -> Denver,3,Atlanta,Sunnyvale,1,4.9396467,Atlanta | Indianapolis | Kansas City | Denver | Sunnyvale,Atlanta->Indianapolis | Indianapolis->Kansas City | Kansas City->Denver | Denver->Sunnyvale,1
34,abilene,11,1.0,lstm,critical_failure_fixed,Denver -> Kansas City & Kansas City -> Denver,4,Seattle,New York,1,4.8729591,Seattle | Denver | Kansas City | Indianapolis | Chicago | New York,Seattle->Denver | Denver->Kansas City | Kansas City->Indianapolis | Indianapolis->Chicago | Chicago->New York,1
34,abilene,11,1.0,lstm,critical_failure_fixed,Denver -> Kansas City & Kansas City -> Denver,5,Denver,Washington DC,1,4.835155,Denver | Kansas City | Indianapolis | Atlanta | Washington DC,Denver->Kansas City | Kansas City->Indianapolis | Indianapolis->Atlanta | Atlanta->Washington DC,1
34,abilene,11,1.0,lstm,random_failure_fixed,New York -> Chicago & Chicago -> New York,1,Seattle,New York,1,4.8729591,Seattle | Denver | Kansas City | Indianapolis | Chicago | New York,Seattle->Denver | Denver->Kansas City | Kansas City->Indianapolis | Indianapolis->Chicago | Chicago->New York,1
34,abilene,11,1.0,lstm,random_failure_fixed,New York -> Chicago & Chicago -> New York,2,Kansas City,New York,1,4.6942687,Kansas City | Indianapolis | Chicago | New York,Kansas City->Indianapolis | Indianapolis->Chicago | Chicago->New York,1
34,abilene,11,1.0,lstm,random_failure_fixed,New York -> Chicago & Chicago -> New York,3,Washington DC,Chicago,1,3.658639,Washington DC | New York | Chicago,Washington DC->New York | New York->Chicago,1
34,abilene,11,1.0,lstm,random_failure_fixed,New York -> Chicago & Chicago -> New York,4,New York,Chicago,1,3.6247141,New York | Chicago,New York->Chicago,1
34,abilene,11,1.0,lstm,random_failure_fixed,New York -> Chicago & Chicago -> New York,5,Chicago,New York,1,3.6023684,Chicago | New York,Chicago->New York,1
34,abilene,11,1.0,uncertainty_aware_lstm_robust_lp,critical_failure_fixed,Denver -> Kansas City & Kansas City -> Denver,1,Chicago,Sunnyvale,1,5.4078288,Chicago | Indianapolis | Kansas City | Denver | Sunnyvale,Chicago->Indianapolis | Indianapolis->Kansas City | Kansas City->Denver | Denver->Sunnyvale,1
34,abilene,11,1.0,uncertainty_aware_lstm_robust_lp,critical_failure_fixed,Denver -> Kansas City & Kansas City -> Denver,2,Kansas City,Sunnyvale,1,5.2128501,Kansas City | Denver | Sunnyvale,Kansas City->Denver | Denver->Sunnyvale,1
34,abilene,11,1.0,uncertainty_aware_lstm_robust_lp,critical_failure_fixed,Denver -> Kansas City & Kansas City -> Denver,3,Seattle,New York,1,5.0780749,Seattle | Denver | Kansas City | Indianapolis | Chicago | New York,Seattle->Denver | Denver->Kansas City | Kansas City->Indianapolis | Indianapolis->Chicago | Chicago->New York,1
34,abilene,11,1.0,uncertainty_aware_lstm_robust_lp,critical_failure_fixed,Denver -> Kansas City & Kansas City -> Denver,4,Indianapolis,Seattle,1,5.0384669,Indianapolis | Kansas City | Denver | Seattle,Indianapolis->Kansas City | Kansas City->Denver | Denver->Seattle,1
34,abilene,11,1.0,uncertainty_aware_lstm_robust_lp,critical_failure_fixed,Denver -> Kansas City & Kansas City -> Denver,5,Denver,Washington DC,1,5.0383282,Denver | Kansas City | Houston | Atlanta | Washington DC,Denver->Kansas City | Kansas City->Houston | Houston->Atlanta | Atlanta->Washington DC,1
34,abilene,11,1.0,uncertainty_aware_lstm_robust_lp,random_failure_fixed,New York -> Chicago & Chicago -> New York,1,Seattle,New York,1,5.0780749,Seattle | Denver | Kansas City | Indianapolis | Chicago | New York,Seattle->Denver | Denver->Kansas City | Kansas City->Indianapolis | Indianapolis->Chicago | Chicago->New York,1
34,abilene,11,1.0,uncertainty_aware_lstm_robust_lp,random_failure_fixed,New York -> Chicago & Chicago -> New York,2,Kansas City,New York,1,4.9219155,Kansas City | Indianapolis | Chicago | New York,Kansas City->Indianapolis | Indianapolis->Chicago | Chicago->New York,1
34,abilene,11,1.0,uncertainty_aware_lstm_robust_lp,random_failure_fixed,New York -> Chicago & Chicago -> New York,3,Washington DC,Chicago,1,3.8283727,Washington DC | New York | Chicago,Washington DC->New York | New York->Chicago,1
34,abilene,11,1.0,uncertainty_aware_lstm_robust_lp,random_failure_fixed,New York -> Chicago & Chicago -> New York,4,New York,Chicago,1,3.7769489,New York | Chicago,New York->Chicago,1
34,abilene,11,1.0,uncertainty_aware_lstm_robust_lp,random_failure_fixed,New York -> Chicago & Chicago -> New York,5,Chicago,New York,1,3.7596793,Chicago | New York,Chicago->New York,1
34,abilene,11,1.0,transformer,critical_failure_fixed,Denver -> Kansas City & Kansas City -> Denver,1,Chicago,Sunnyvale,1,4.4490242,Chicago | Indianapolis | Kansas City | Denver | Sunnyvale,Chicago->Indianapolis | Indianapolis->Kansas City | Kansas City->Denver | Denver->Sunnyvale,1
34,abilene,11,1.0,transformer,critical_failure_fixed,Denver -> Kansas City & Kansas City -> Denver,2,Seattle,New York,1,4.0704346,Seattle | Denver | Kansas City | Indianapolis | Chicago | New York,Seattle->Denver | Denver->Kansas City | Kansas City->Indianapolis | Indianapolis->Chicago | Chicago->New York,1
34,abilene,11,1.0,transformer,critical_failure_fixed,Denver -> Kansas City & Kansas City -> Denver,3,Denver,Washington DC,1,4.0365486,Denver | Kansas City | Indianapolis | Atlanta | Washington DC,Denver->Kansas City | Kansas City->Indianapolis | Indianapolis->Atlanta | Atlanta->Washington DC,1
34,abilene,11,1.0,transformer,critical_failure_fixed,Denver -> Kansas City & Kansas City -> Denver,4,Atlanta,Sunnyvale,1,4.0278802,Atlanta | Indianapolis | Kansas City | Denver | Sunnyvale,Atlanta->Indianapolis | Indianapolis->Kansas City | Kansas City->Denver | Denver->Sunnyvale,1
34,abilene,11,1.0,transformer,critical_failure_fixed,Denver -> Kansas City & Kansas City -> Denver,5,Kansas City,Sunnyvale,1,3.9914153,Kansas City | Denver | Sunnyvale,Kansas City->Denver | Denver->Sunnyvale,1
34,abilene,11,1.0,transformer,random_failure_fixed,New York -> Chicago & Chicago -> New York,1,Seattle,New York,1,4.0704346,Seattle | Denver | Kansas City | Indianapolis | Chicago | New York,Seattle->Denver | Denver->Kansas City | Kansas City->Indianapolis | Indianapolis->Chicago | Chicago->New York,1
34,abilene,11,1.0,transformer,random_failure_fixed,New York -> Chicago & Chicago -> New York,2,Kansas City,New York,1,3.7612462,Kansas City | Indianapolis | Chicago | New York,Kansas City->Indianapolis | Indianapolis->Chicago | Chicago->New York,1
34,abilene,11,1.0,transformer,random_failure_fixed,New York -> Chicago & Chicago -> New York,3,Chicago,New York,1,3.0253344,Chicago | New York,Chicago->New York,1
34,abilene,11,1.0,transformer,random_failure_fixed,New York -> Chicago & Chicago -> New York,4,New York,Chicago,1,3.0003307,New York | Chicago,New York->Chicago,1
34,abilene,11,1.0,transformer,random_failure_fixed,New York -> Chicago & Chicago -> New York,5,Washington DC,Chicago,1,2.9278052,Washington DC | New York | Chicago,Washington DC->New York | New York->Chicago,1
