time_step,topology,seed,load_scale,method,scenario,failed_link,commodity_rank,source,destination,path_rank,path_flow,path_nodes,path_edges,contains_failed_link
22,nsfnet,7,1.0,current_demand_lp,critical_failure_fixed,"NCSA, University of Illinois, Champaign -> Merit Univ of Michigan, Ann Arbor & Merit Univ of Michigan, Ann Arbor -> NCSA, University of Illinois, Champaign",1,"NCSA, University of Illinois, Champaign","Merit Univ of Michigan, Ann Arbor",1,4.9540702,"NCSA, University of Illinois, Champaign | Merit Univ of Michigan, Ann Arbor","NCSA, University of Illinois, Champaign->Merit Univ of Michigan, Ann Arbor",1
22,nsfnet,7,1.0,current_demand_lp,critical_failure_fixed,"NCSA, University of Illinois, Champaign -> Merit Univ of Michigan, Ann Arbor & Merit Univ of Michigan, Ann Arbor -> NCSA, University of Illinois, Champaign",2,"NCSA, University of Illinois, Champaign","BARRnet, Palo Alto",1,4.8737239,"NCSA, University of Illinois, Champaign | Merit Univ of Michigan, Ann Arbor | BARRnet, Palo Alto","NCSA, University of Illinois, Champaign->Merit Univ of Michigan, Ann Arbor | Merit Univ of Michigan, Ann Arbor->BARRnet, Palo Alto",1
22,nsfnet,7,1.0,current_demand_lp,critical_failure_fixed,"NCSA, University of Illinois, Champaign -> Merit Univ of Michigan, Ann Arbor & Merit Univ of Michigan, Ann Arbor -> NCSA, University of Illinois, Champaign",3,"SURANET, Georgia Tech, Atlanta","Merit Univ of Michigan, Ann Arbor",1,4.8487425,"SURANET, Georgia Tech, Atlanta | SEQSUINET, Rice University, Houston | NCSA, University of Illinois, Champaign | Merit Univ of Michigan, Ann Arbor","SURANET, Georgia Tech, Atlanta->SEQSUINET, Rice University, Houston | SEQSUINET, Rice University, Houston->NCSA, University of Illinois, Champaign | NCSA, University of Illinois, Champaign->Merit Univ of Michigan, Ann Arbor",1
22,nsfnet,7,1.0,current_demand_lp,critical_failure_fixed,"NCSA, University of Illinois, Champaign -> Merit Univ of Michigan, Ann Arbor & Merit Univ of Michigan, Ann Arbor -> NCSA, University of Illinois, Champaign",4,"MIDnet, Lincoln, NE","Cornell Theory Center, Ithaca NY",1,4.79824,"MIDnet, Lincoln, NE | NCSA, University of Illinois, Champaign | Merit Univ of Michigan, Ann Arbor | Cornell Theory Center, Ithaca NY","MIDnet, Lincoln, NE->NCSA, University of Illinois, Champaign | NCSA, University of Illinois, Champaign->Merit Univ of Michigan, Ann Arbor | Merit Univ of Michigan, Ann Arbor->Cornell Theory Center, Ithaca NY",1
22,nsfnet,7,1.0,current_demand_lp,critical_failure_fixed,"NCSA, University of Illinois, Champaign -> Merit Univ of Michigan, Ann Arbor & Merit Univ of Michigan, Ann Arbor -> NCSA, University of Illinois, Champaign",5,"Westnet, Salt Lake City","Merit Univ of Michigan, Ann Arbor",1,4.608451,"Westnet, Salt Lake City | NCAR, Boulder | NCSA, University of Illinois, Champaign | Merit Univ of Michigan, Ann Arbor","Westnet, Salt Lake City->NCAR, Boulder | NCAR, Boulder->NCSA, University of Illinois, Champaign | NCSA, University of Illinois, Champaign->Merit Univ of Michigan, Ann Arbor",1
22,nsfnet,7,1.0,current_demand_lp,random_failure_fixed,"Westnet, Salt Lake City -> NCAR, Boulder & NCAR, Boulder -> Westnet, Salt Lake City",1,"Westnet, Salt Lake City",San Diego Supercomputer Center,1,4.9614894,"Westnet, Salt Lake City | NCAR, Boulder | NorthWestNet, Seattle | BARRnet, Palo Alto | San Diego Supercomputer Center","Westnet, Salt Lake City->NCAR, Boulder | NCAR, Boulder->NorthWestNet, Seattle | NorthWestNet, Seattle->BARRnet, Palo Alto | BARRnet, Palo Alto->San Diego Supercomputer Center",1
22,nsfnet,7,1.0,current_demand_lp,random_failure_fixed,"Westnet, Salt Lake City -> NCAR, Boulder & NCAR, Boulder -> Westnet, Salt Lake City",2,"Westnet, Salt Lake City","NCAR, Boulder",1,4.8109168,"Westnet, Salt Lake City | NCAR, Boulder","Westnet, Salt Lake City->NCAR, Boulder",1
22,nsfnet,7,1.0,current_demand_lp,random_failure_fixed,"Westnet, Salt Lake City -> NCAR, Boulder & NCAR, Boulder -> Westnet, Salt Lake City",3,"SEQSUINET, Rice University, Houston","Westnet, Salt Lake City",1,4.7919592,"SEQSUINET, Rice University, Houston | NCSA, University of Illinois, Champaign | NCAR, Boulder | Westnet, Salt Lake City","SEQSUINET, Rice University, Houston->NCSA, University of Illinois, Champaign | NCSA, University of Illinois, Champaign->NCAR, Boulder | NCAR, Boulder->Westnet, Salt Lake City",1
22,nsfnet,7,1.0,current_demand_lp,random_failure_fixed,"Westnet, Salt Lake City -> NCAR, Boulder & NCAR, Boulder -> Westnet, Salt Lake City",4,"Westnet, Salt Lake City","Merit Univ of Michigan, Ann Arbor",1,4.608451,"Westnet, Salt Lake City | NCAR, Boulder | NCSA, University of Illinois, Champaign | Merit Univ of Michigan, Ann Arbor","Westnet, Salt Lake City->NCAR, Boulder | NCAR, Boulder->NCSA, University of Illinois, Champaign | NCSA, University of Illinois, Champaign->Merit Univ of Michigan, Ann Arbor",1
22,nsfnet,7,1.0,current_demand_lp,random_failure_fixed,"Westnet, Salt Lake City -> NCAR, Boulder & NCAR, Boulder -> Westnet, Salt Lake City",5,"Westnet, Salt Lake City","SEQSUINET, Rice University, Houston",1,4.5573954,"Westnet, Salt Lake City | NCAR, Boulder | NCSA, University of Illinois, Champaign | SEQSUINET, Rice University, Houston","Westnet, Salt Lake City->NCAR, Boulder | NCAR, Boulder->NCSA, University of Illinois, Champaign | NCSA, University of Illinois, Champaign->SEQSUINET, Rice University, Houston",1
22,nsfnet,7,1.0,robust_current_demand_lp,critical_failure_fixed,"NCSA, University of Illinois, Champaign -> Merit Univ of Michigan, Ann Arbor & Merit Univ of Michigan, Ann Arbor -> NCSA, University of Illinois, Champaign",1,"NCSA, University of Illinois, Champaign","Merit Univ of Michigan, Ann Arbor",1,4.9540702,"NCSA, University of Illinois, Champaign | Merit Univ of Michigan, Ann Arbor","NCSA, University of Illinois, Champaign->Merit Univ of Michigan, Ann Arbor",1
22,nsfnet,7,1.0,robust_current_demand_lp,critical_failure_fixed,"NCSA, University of Illinois, Champaign -> Merit Univ of Michigan, Ann Arbor & Merit Univ of Michigan, Ann Arbor -> NCSA, University of Illinois, Champaign",2,"NCSA, University of Illinois, Champaign","BARRnet, Palo Alto",1,4.8737239,"NCSA, University of Illinois, Champaign | Merit Univ of Michigan, Ann Arbor | BARRnet, Palo Alto","NCSA, University of Illinois, Champaign->Merit Univ of Michigan, Ann Arbor | Merit Univ of Michigan, Ann Arbor->BARRnet, Palo Alto",1
22,nsfnet,7,1.0,robust_current_demand_lp,critical_failure_fixed,"NCSA, University of Illinois, Champaign -> Merit Univ of Michigan, Ann Arbor & Merit Univ of Michigan, Ann Arbor -> NCSA, University of Illinois, Champaign",3,"MIDnet, Lincoln, NE","Cornell Theory Center, Ithaca NY",1,4.79824,"MIDnet, Lincoln, NE | NCSA, University of Illinois, Champaign | Merit Univ of Michigan, Ann Arbor | Cornell Theory Center, Ithaca NY","MIDnet, Lincoln, NE->NCSA, University of Illinois, Champaign | NCSA, University of Illinois, Champaign->Merit Univ of Michigan, Ann Arbor | Merit Univ of Michigan, Ann Arbor->Cornell Theory Center, Ithaca NY",1
22,nsfnet,7,1.0,robust_current_demand_lp,critical_failure_fixed,"NCSA, University of Illinois, Champaign -> Merit Univ of Michigan, Ann Arbor & Merit Univ of Michigan, Ann Arbor -> NCSA, University of Illinois, Champaign",4,"Westnet, Salt Lake City","Merit Univ of Michigan, Ann Arbor",1,4.608451,"Westnet, Salt Lake City | NCAR, Boulder | NCSA, University of Illinois, Champaign | Merit Univ of Michigan, Ann Arbor","Westnet, Salt Lake City->NCAR, Boulder | NCAR, Boulder->NCSA, University of Illinois, Champaign | NCSA, University of Illinois, Champaign->Merit Univ of Michigan, Ann Arbor",1
22,nsfnet,7,1.0,robust_current_demand_lp,critical_failure_fixed,"NCSA, University of Illinois, Champaign -> Merit Univ of Michigan, Ann Arbor & Merit Univ of Michigan, Ann Arbor -> NCSA, University of Illinois, Champaign",5,"Westnet, Salt Lake City",Pittsburgh Supercomputer Center,1,4.1954511,"Westnet, Salt Lake City | NCAR, Boulder | NCSA, University of Illinois, Champaign | Merit Univ of Michigan, Ann Arbor | Pittsburgh Supercomputer Center","Westnet, Salt Lake City->NCAR, Boulder | NCAR, Boulder->NCSA, University of Illinois, Champaign | NCSA, University of Illinois, Champaign->Merit Univ of Michigan, Ann Arbor | Merit Univ of Michigan, Ann Arbor->Pittsburgh Supercomputer Center",1
22,nsfnet,7,1.0,robust_current_demand_lp,random_failure_fixed,"Westnet, Salt Lake City -> NCAR, Boulder & NCAR, Boulder -> Westnet, Salt Lake City",1,"Westnet, Salt Lake City",San Diego Supercomputer Center,1,4.9614894,"Westnet, Salt Lake City | NCAR, Boulder | NorthWestNet, Seattle | BARRnet, Palo Alto | San Diego Supercomputer Center","Westnet, Salt Lake City->NCAR, Boulder | NCAR, Boulder->NorthWestNet, Seattle | NorthWestNet, Seattle->BARRnet, Palo Alto | BARRnet, Palo Alto->San Diego Supercomputer Center",1
22,nsfnet,7,1.0,robust_current_demand_lp,random_failure_fixed,"Westnet, Salt Lake City -> NCAR, Boulder & NCAR, Boulder -> Westnet, Salt Lake City",2,"Westnet, Salt Lake City","NCAR, Boulder",1,4.8109168,"Westnet, Salt Lake City | NCAR, Boulder","Westnet, Salt Lake City->NCAR, Boulder",1
22,nsfnet,7,1.0,robust_current_demand_lp,random_failure_fixed,"Westnet, Salt Lake City -> NCAR, Boulder & NCAR, Boulder -> Westnet, Salt Lake City",3,"SEQSUINET, Rice University, Houston","Westnet, Salt Lake City",1,4.7919592,"SEQSUINET, Rice University, Houston | NCSA, University of Illinois, Champaign | NCAR, Boulder | Westnet, Salt Lake City","SEQSUINET, Rice University, Houston->NCSA, University of Illinois, Champaign | NCSA, University of Illinois, Champaign->NCAR, Boulder | NCAR, Boulder->Westnet, Salt Lake City",1
22,nsfnet,7,1.0,robust_current_demand_lp,random_failure_fixed,"Westnet, Salt Lake City -> NCAR, Boulder & NCAR, Boulder -> Westnet, Salt Lake City",4,"Westnet, Salt Lake City","Merit Univ of Michigan, Ann Arbor",1,4.608451,"Westnet, Salt Lake City | NCAR, Boulder | NCSA, University of Illinois, Champaign | Merit Univ of Michigan, Ann Arbor","Westnet, Salt Lake City->NCAR, Boulder | NCAR, Boulder->NCSA, University of Illinois, Champaign | NCSA, University of Illinois, Champaign->Merit Univ of Michigan, Ann Arbor",1
22,nsfnet,7,1.0,robust_current_demand_lp,random_failure_fixed,"Westnet, Salt Lake City -> NCAR, Boulder & NCAR, Boulder -> Westnet, Salt Lake City",5,"Westnet, Salt Lake City","SEQSUINET, Rice University, Houston",1,4.5573954,"Westnet, Salt Lake City | NCAR, Boulder | NCSA, University of Illinois, Champaign | SEQSUINET, Rice University, Houston","Westnet, Salt Lake City->NCAR, Boulder | NCAR, Boulder->NCSA, University of Illinois, Champaign | NCSA, University of Illinois, Champaign->SEQSUINET, Rice University, Houston",1
22,nsfnet,7,1.0,uncertainty_aware_lstm_robust_lp,critical_failure_fixed,"NCSA, University of Illinois, Champaign -> Merit Univ of Michigan, Ann Arbor & Merit Univ of Michigan, Ann Arbor -> NCSA, University of Illinois, Champaign",1,"NCSA, University of Illinois, Champaign","Merit Univ of Michigan, Ann Arbor",1,5.3954248,"NCSA, University of Illinois, Champaign | Merit Univ of Michigan, Ann Arbor","NCSA, University of Illinois, Champaign->Merit Univ of Michigan, Ann Arbor",1
22,nsfnet,7,1.0,uncertainty_aware_lstm_robust_lp,critical_failure_fixed,"NCSA, University of Illinois, Champaign -> Merit Univ of Michigan, Ann Arbor & Merit Univ of Michigan, Ann Arbor -> NCSA, University of Illinois, Champaign",2,"MIDnet, Lincoln, NE","Cornell Theory Center, Ithaca NY",1,5.3664908,"MIDnet, Lincoln, NE | NCSA, University of Illinois, Champaign | Merit Univ of Michigan, Ann Arbor | Cornell Theory Center, Ithaca NY","MIDnet, Lincoln, NE->NCSA, University of Illinois, Champaign | NCSA, University of Illinois, Champaign->Merit Univ of Michigan, Ann Arbor | Merit Univ of Michigan, Ann Arbor->Cornell Theory Center, Ithaca NY",1
22,nsfnet,7,1.0,uncertainty_aware_lstm_robust_lp,critical_failure_fixed,"NCSA, University of Illinois, Champaign -> Merit Univ of Michigan, Ann Arbor & Merit Univ of Michigan, Ann Arbor -> NCSA, University of Illinois, Champaign",3,"NCSA, University of Illinois, Champaign","BARRnet, Palo Alto",1,5.302372,"NCSA, University of Illinois, Champaign | Merit Univ of Michigan, Ann Arbor | BARRnet, Palo Alto","NCSA, University of Illinois, Champaign->Merit Univ of Michigan, Ann Arbor | Merit Univ of Michigan, Ann Arbor->BARRnet, Palo Alto",1
22,nsfnet,7,1.0,uncertainty_aware_lstm_robust_lp,critical_failure_fixed,"NCSA, University of Illinois, Champaign -> Merit Univ of Michigan, Ann Arbor & Merit Univ of Michigan, Ann Arbor -> NCSA, University of Illinois, Champaign",4,Pittsburgh Supercomputer Center,"MIDnet, Lincoln, NE",1,5.1356792,"Pittsburgh Supercomputer Center | Merit Univ of Michigan, Ann Arbor | NCSA, University of Illinois, Champaign | MIDnet, Lincoln, NE","Pittsburgh Supercomputer Center->Merit Univ of Michigan, Ann Arbor | Merit Univ of Michigan, Ann Arbor->NCSA, University of Illinois, Champaign | NCSA, University of Illinois, Champaign->MIDnet, Lincoln, NE",1
22,nsfnet,7,1.0,uncertainty_aware_lstm_robust_lp,critical_failure_fixed,"NCSA, University of Illinois, Champaign -> Merit Univ of Michigan, Ann Arbor & Merit Univ of Michigan, Ann Arbor -> NCSA, University of Illinois, Champaign",5,"MIDnet, Lincoln, NE","BARRnet, Palo Alto",1,5.0765161,"MIDnet, Lincoln, NE | NCSA, University of Illinois, Champaign | Merit Univ of Michigan, Ann Arbor | BARRnet, Palo Alto","MIDnet, Lincoln, NE->NCSA, University of Illinois, Champaign | NCSA, University of Illinois, Champaign->Merit Univ of Michigan, Ann Arbor | Merit Univ of Michigan, Ann Arbor->BARRnet, Palo Alto",1
22,nsfnet,7,1.0,uncertainty_aware_lstm_robust_lp,critical_failure_fixed,"NCSA, University of Illinois, Champaign -> Merit Univ of Michigan, Ann Arbor & Merit Univ of Michigan, Ann Arbor -> NCSA, University of Illinois, Champaign",5,"MIDnet, Lincoln, NE","BARRnet, Palo Alto",2,0.32013326,"MIDnet, Lincoln, NE | NCSA, University of Illinois, Champaign | SEQSUINET, Rice University, Houston | San Diego Supercomputer Center | BARRnet, Palo Alto","MIDnet, Lincoln, NE->NCSA, University of Illinois, Champaign | NCSA, University of Illinois, Champaign->SEQSUINET, Rice University, Houston | SEQSUINET, Rice University, Houston->San Diego Supercomputer Center | San Diego Supercomputer Center->BARRnet, Palo Alto",0
22,nsfnet,7,1.0,uncertainty_aware_lstm_robust_lp,random_failure_fixed,"Westnet, Salt Lake City -> NCAR, Boulder & NCAR, Boulder -> Westnet, Salt Lake City",1,"Westnet, Salt Lake City","NCAR, Boulder",1,5.2701445,"Westnet, Salt Lake City | NCAR, Boulder","Westnet, Salt Lake City->NCAR, Boulder",1
22,nsfnet,7,1.0,uncertainty_aware_lstm_robust_lp,random_failure_fixed,"Westnet, Salt Lake City -> NCAR, Boulder & NCAR, Boulder -> Westnet, Salt Lake City",2,"Westnet, Salt Lake City",San Diego Supercomputer Center,1,5.0998793,"Westnet, Salt Lake City | NCAR, Boulder | NorthWestNet, Seattle | BARRnet, Palo Alto | San Diego Supercomputer Center","Westnet, Salt Lake City->NCAR, Boulder | NCAR, Boulder->NorthWestNet, Seattle | NorthWestNet, Seattle->BARRnet, Palo Alto | BARRnet, Palo Alto->San Diego Supercomputer Center",1
22,nsfnet,7,1.0,uncertainty_aware_lstm_robust_lp,random_failure_fixed,"Westnet, Salt Lake City -> NCAR, Boulder & NCAR, Boulder -> Westnet, Salt Lake City",3,"Westnet, Salt Lake City","SEQSUINET, Rice University, Houston",1,5.074162,"Westnet, Salt Lake City | NCAR, Boulder | NCSA, University of Illinois, Champaign | SEQSUINET, Rice University, Houston","Westnet, Salt Lake City->NCAR, Boulder | NCAR, Boulder->NCSA, University of Illinois, Champaign | NCSA, University of Illinois, Champaign->SEQSUINET, Rice University, Houston",1
22,nsfnet,7,1.0,uncertainty_aware_lstm_robust_lp,random_failure_fixed,"Westnet, Salt Lake City -> NCAR, Boulder & NCAR, Boulder -> Westnet, Salt Lake City",4,"Westnet, Salt Lake City","Merit Univ of Michigan, Ann Arbor",1,5.0100198,"Westnet, Salt Lake City | NCAR, Boulder | NCSA, University of Illinois, Champaign | Merit Univ of Michigan, Ann Arbor","Westnet, Salt Lake City->NCAR, Boulder | NCAR, Boulder->NCSA, University of Illinois, Champaign | NCSA, University of Illinois, Champaign->Merit Univ of Michigan, Ann Arbor",1
22,nsfnet,7,1.0,uncertainty_aware_lstm_robust_lp,random_failure_fixed,"Westnet, Salt Lake City -> NCAR, Boulder & NCAR, Boulder -> Westnet, Salt Lake City",5,"NCSA, University of Illinois, Champaign","Westnet, Salt Lake City",1,4.8624163,"NCSA, University of Illinois, Champaign | NCAR, Boulder | Westnet, Salt Lake City","NCSA, University of Illinois, Champaign->NCAR, Boulder | NCAR, Boulder->Westnet, Salt Lake City",1
23,nsfnet,7,1.0,current_demand_lp,critical_failure_fixed,"NCSA, University of Illinois, Champaign -> Merit Univ of Michigan, Ann Arbor & Merit Univ of Michigan, Ann Arbor -> NCSA, University of Illinois, Champaign",1,"MIDnet, Lincoln, NE","Cornell Theory Center, Ithaca NY",1,6.0564704,"MIDnet, Lincoln, NE | NCSA, University of Illinois, Champaign | Merit Univ of Michigan, Ann Arbor | Cornell Theory Center, Ithaca NY","MIDnet, Lincoln, NE->NCSA, University of Illinois, Champaign | NCSA, University of Illinois, Champaign->Merit Univ of Michigan, Ann Arbor | Merit Univ of Michigan, Ann Arbor->Cornell Theory Center, Ithaca NY",1
23,nsfnet,7,1.0,current_demand_lp,critical_failure_fixed,"NCSA, University of Illinois, Champaign -> Merit Univ of Michigan, Ann Arbor & Merit Univ of Michigan, Ann Arbor -> NCSA, University of Illinois, Champaign",2,"MIDnet, Lincoln, NE","BARRnet, Palo Alto",1,5.7728547,"MIDnet, Lincoln, NE | NCSA, University of Illinois, Champaign | Merit Univ of Michigan, Ann Arbor | BARRnet, Palo Alto","MIDnet, Lincoln, NE->NCSA, University of Illinois, Champaign | NCSA, University of Illinois, Champaign->Merit Univ of Michigan, Ann Arbor | Merit Univ of Michigan, Ann Arbor->BARRnet, Palo Alto",1
23,nsfnet,7,1.0,current_demand_lp,critical_failure_fixed,"NCSA, University of Illinois, Champaign -> Merit Univ of Michigan, Ann Arbor & Merit Univ of Michigan, Ann Arbor -> NCSA, University of Illinois, Champaign",3,"NCSA, University of Illinois, Champaign","Merit Univ of Michigan, Ann Arbor",1,5.765138,"NCSA, University of Illinois, Champaign | Merit Univ of Michigan, Ann Arbor","NCSA, University of Illinois, Champaign->Merit Univ of Michigan, Ann Arbor",1
23,nsfnet,7,1.0,current_demand_lp,critical_failure_fixed,"NCSA, University of Illinois, Champaign -> Merit Univ of Michigan, Ann Arbor & Merit Univ of Michigan, Ann Arbor -> NCSA, University of Illinois, Champaign",4,"NCSA, University of Illinois, Champaign","BARRnet, Palo Alto",1,5.7124109,"NCSA, University of Illinois, Champaign | Merit Univ of Michigan, Ann Arbor | BARRnet, Palo Alto","NCSA, University of Illinois, Champaign->Merit Univ of Michigan, Ann Arbor | Merit Univ of Michigan, Ann Arbor->BARRnet, Palo Alto",1
23,nsfnet,7,1.0,current_demand_lp,critical_failure_fixed,"NCSA, University of Illinois, Champaign -> Merit Univ of Michigan, Ann Arbor & Merit Univ of Michigan, Ann Arbor -> NCSA, University of Illinois, Champaign",5,"SURANET, Georgia Tech, Atlanta","Merit Univ of Michigan, Ann Arbor",1,5.1611483,"SURANET, Georgia Tech, Atlanta | SEQSUINET, Rice University, Houston | NCSA, University of Illinois, Champaign | Merit Univ of Michigan, Ann Arbor","SURANET, Georgia Tech, Atlanta->SEQSUINET, Rice University, Houston | SEQSUINET, Rice University, Houston->NCSA, University of Illinois, Champaign | NCSA, University of Illinois, Champaign->Merit Univ of Michigan, Ann Arbor",1
23,nsfnet,7,1.0,current_demand_lp,random_failure_fixed,"SEQSUINET, Rice University, Houston -> SURANET, Georgia Tech, Atlanta & SURANET, Georgia Tech, Atlanta -> SEQSUINET, Rice University, Houston",1,"SEQSUINET, Rice University, Houston","Jon Von Neumann Center, Princeton, NJ",1,5.438505,"SEQSUINET, Rice University, Houston | SURANET, Georgia Tech, Atlanta | Jon Von Neumann Center, Princeton, NJ","SEQSUINET, Rice University, Houston->SURANET, Georgia Tech, Atlanta | SURANET, Georgia Tech, Atlanta->Jon Von Neumann Center, Princeton, NJ",1
23,nsfnet,7,1.0,current_demand_lp,random_failure_fixed,"SEQSUINET, Rice University, Houston -> SURANET, Georgia Tech, Atlanta & SURANET, Georgia Tech, Atlanta -> SEQSUINET, Rice University, Houston",2,"NCSA, University of Illinois, Champaign","SURANET, Georgia Tech, Atlanta",1,5.2477888,"NCSA, University of Illinois, Champaign | SEQSUINET, Rice University, Houston | SURANET, Georgia Tech, Atlanta","NCSA, University of Illinois, Champaign->SEQSUINET, Rice University, Houston | SEQSUINET, Rice University, Houston->SURANET, Georgia Tech, Atlanta",1
23,nsfnet,7,1.0,current_demand_lp,random_failure_fixed,"SEQSUINET, Rice University, Houston -> SURANET, Georgia Tech, Atlanta & SURANET, Georgia Tech, Atlanta -> SEQSUINET, Rice University, Houston",3,"SURANET, Georgia Tech, Atlanta","Merit Univ of Michigan, Ann Arbor",1,5.1611483,"SURANET, Georgia Tech, Atlanta | SEQSUINET, Rice University, Houston | NCSA, University of Illinois, Champaign | Merit Univ of Michigan, Ann Arbor","SURANET, Georgia Tech, Atlanta->SEQSUINET, Rice University, Houston | SEQSUINET, Rice University, Houston->NCSA, University of Illinois, Champaign | NCSA, University of Illinois, Champaign->Merit Univ of Michigan, Ann Arbor",1
23,nsfnet,7,1.0,current_demand_lp,random_failure_fixed,"SEQSUINET, Rice University, Houston -> SURANET, Georgia Tech, Atlanta & SURANET, Georgia Tech, Atlanta -> SEQSUINET, Rice University, Houston",4,"SEQSUINET, Rice University, Houston","SURANET, Georgia Tech, Atlanta",1,5.0389806,"SEQSUINET, Rice University, Houston | SURANET, Georgia Tech, Atlanta","SEQSUINET, Rice University, Houston->SURANET, Georgia Tech, Atlanta",1
23,nsfnet,7,1.0,current_demand_lp,random_failure_fixed,"SEQSUINET, Rice University, Houston -> SURANET, Georgia Tech, Atlanta & SURANET, Georgia Tech, Atlanta -> SEQSUINET, Rice University, Houston",5,"NCAR, Boulder","SURANET, Georgia Tech, Atlanta",1,4.8103355,"NCAR, Boulder | NCSA, University of Illinois, Champaign | SEQSUINET, Rice University, Houston | SURANET, Georgia Tech, Atlanta","NCAR, Boulder->NCSA, University of Illinois, Champaign | NCSA, University of Illinois, Champaign->SEQSUINET, Rice University, Houston | SEQSUINET, Rice University, Houston->SURANET, Georgia Tech, Atlanta",1
23,nsfnet,7,1.0,robust_current_demand_lp,critical_failure_fixed,"NCSA, University of Illinois, Champaign -> Merit Univ of Michigan, Ann Arbor & Merit Univ of Michigan, Ann Arbor -> NCSA, University of Illinois, Champaign",1,"MIDnet, Lincoln, NE","Cornell Theory Center, Ithaca NY",1,6.0564704,"MIDnet, Lincoln, NE | NCSA, University of Illinois, Champaign | Merit Univ of Michigan, Ann Arbor | Cornell Theory Center, Ithaca NY","MIDnet, Lincoln, NE->NCSA, University of Illinois, Champaign | NCSA, University of Illinois, Champaign->Merit Univ of Michigan, Ann Arbor | Merit Univ of Michigan, Ann Arbor->Cornell Theory Center, Ithaca NY",1
23,nsfnet,7,1.0,robust_current_demand_lp,critical_failure_fixed,"NCSA, University of Illinois, Champaign -> Merit Univ of Michigan, Ann Arbor & Merit Univ of Michigan, Ann Arbor -> NCSA, University of Illinois, Champaign",2,"NCSA, University of Illinois, Champaign","Merit Univ of Michigan, Ann Arbor",1,5.765138,"NCSA, University of Illinois, Champaign | Merit Univ of Michigan, Ann Arbor","NCSA, University of Illinois, Champaign->Merit Univ of Michigan, Ann Arbor",1
23,nsfnet,7,1.0,robust_current_demand_lp,critical_failure_fixed,"NCSA, University of Illinois, Champaign -> Merit Univ of Michigan, Ann Arbor & Merit Univ of Michigan, Ann Arbor -> NCSA, University of Illinois, Champaign",3,"NCSA, University of Illinois, Champaign","BARRnet, Palo Alto",1,5.7124109,"NCSA, University of Illinois, Champaign | Merit Univ of Michigan, Ann Arbor | BARRnet, Palo Alto","NCSA, University of Illinois, Champaign->Merit Univ of Michigan, Ann Arbor | Merit Univ of Michigan, Ann Arbor->BARRnet, Palo Alto",1
23,nsfnet,7,1.0,robust_current_demand_lp,critical_failure_fixed,"NCSA, University of Illinois, Champaign -> Merit Univ of Michigan, Ann Arbor & Merit Univ of Michigan, Ann Arbor -> NCSA, University of Illinois, Champaign",4,"MIDnet, Lincoln, NE","BARRnet, Palo Alto",1,5.364389,"MIDnet, Lincoln, NE | NCSA, University of Illinois, Champaign | Merit Univ of Michigan, Ann Arbor | BARRnet, Palo Alto","MIDnet, Lincoln, NE->NCSA, University of Illinois, Champaign | NCSA, University of Illinois, Champaign->Merit Univ of Michigan, Ann Arbor | Merit Univ of Michigan, Ann Arbor->BARRnet, Palo Alto",1
23,nsfnet,7,1.0,robust_current_demand_lp,critical_failure_fixed,"NCSA, University of Illinois, Champaign -> Merit Univ of Michigan, Ann Arbor & Merit Univ of Michigan, Ann Arbor -> NCSA, University of Illinois, Champaign",4,"MIDnet, Lincoln, NE","BARRnet, Palo Alto",2,0.4084656999999998,"MIDnet, Lincoln, NE | NCSA, University of Illinois, Champaign | SEQSUINET, Rice University, Houston | San Diego Supercomputer Center | BARRnet, Palo Alto","MIDnet, Lincoln, NE->NCSA, University of Illinois, Champaign | NCSA, University of Illinois, Champaign->SEQSUINET, Rice University, Houston | SEQSUINET, Rice University, Houston->San Diego Supercomputer Center | San Diego Supercomputer Center->BARRnet, Palo Alto",0
23,nsfnet,7,1.0,robust_current_demand_lp,critical_failure_fixed,"NCSA, University of Illinois, Champaign -> Merit Univ of Michigan, Ann Arbor & Merit Univ of Michigan, Ann Arbor -> NCSA, University of Illinois, Champaign",5,Pittsburgh Supercomputer Center,"MIDnet, Lincoln, NE",1,5.1181493,"Pittsburgh Supercomputer Center | Merit Univ of Michigan, Ann Arbor | NCSA, University of Illinois, Champaign | MIDnet, Lincoln, NE","Pittsburgh Supercomputer Center->Merit Univ of Michigan, Ann Arbor | Merit Univ of Michigan, Ann Arbor->NCSA, University of Illinois, Champaign | NCSA, University of Illinois, Champaign->MIDnet, Lincoln, NE",1
23,nsfnet,7,1.0,robust_current_demand_lp,random_failure_fixed,"SEQSUINET, Rice University, Houston -> SURANET, Georgia Tech, Atlanta & SURANET, Georgia Tech, Atlanta -> SEQSUINET, Rice University, Houston",1,"SEQSUINET, Rice University, Houston","Jon Von Neumann Center, Princeton, NJ",1,5.438505,"SEQSUINET, Rice University, Houston | SURANET, Georgia Tech, Atlanta | Jon Von Neumann Center, Princeton, NJ","SEQSUINET, Rice University, Houston->SURANET, Georgia Tech, Atlanta | SURANET, Georgia Tech, Atlanta->Jon Von Neumann Center, Princeton, NJ",1
23,nsfnet,7,1.0,robust_current_demand_lp,random_failure_fixed,"SEQSUINET, Rice University, Houston -> SURANET, Georgia Tech, Atlanta & SURANET, Georgia Tech, Atlanta -> SEQSUINET, Rice University, Houston",2,"NCSA, University of Illinois, Champaign","SURANET, Georgia Tech, Atlanta",1,5.2477888,"NCSA, University of Illinois, Champaign | SEQSUINET, Rice University, Houston | SURANET, Georgia Tech, Atlanta","NCSA, University of Illinois, Champaign->SEQSUINET, Rice University, Houston | SEQSUINET, Rice University, Houston->SURANET, Georgia Tech, Atlanta",1
23,nsfnet,7,1.0,robust_current_demand_lp,random_failure_fixed,"SEQSUINET, Rice University, Houston -> SURANET, Georgia Tech, Atlanta & SURANET, Georgia Tech, Atlanta -> SEQSUINET, Rice University, Houston",3,"SEQSUINET, Rice University, Houston","SURANET, Georgia Tech, Atlanta",1,5.0389806,"SEQSUINET, Rice University, Houston | SURANET, Georgia Tech, Atlanta","SEQSUINET, Rice University, Houston->SURANET, Georgia Tech, Atlanta",1
23,nsfnet,7,1.0,robust_current_demand_lp,random_failure_fixed,"SEQSUINET, Rice University, Houston -> SURANET, Georgia Tech, Atlanta & SURANET, Georgia Tech, Atlanta -> SEQSUINET, Rice University, Houston",4,"NCAR, Boulder","SURANET, Georgia Tech, Atlanta",1,4.8103355,"NCAR, Boulder | NCSA, University of Illinois, Champaign | SEQSUINET, Rice University, Houston | SURANET, Georgia Tech, Atlanta","NCAR, Boulder->NCSA, University of Illinois, Champaign | NCSA, University of Illinois, Champaign->SEQSUINET, Rice University, Houston | SEQSUINET, Rice University, Houston->SURANET, Georgia Tech, Atlanta",1
23,nsfnet,7,1.0,robust_current_demand_lp,random_failure_fixed,"SEQSUINET, Rice University, Houston -> SURANET, Georgia Tech, Atlanta & SURANET, Georgia Tech, Atlanta -> SEQSUINET, Rice University, Houston",5,"SURANET, Georgia Tech, Atlanta","Westnet, Salt Lake City",1,4.7591916,"SURANET, Georgia Tech, Atlanta | SEQSUINET, Rice University, Houston | NCSA, University of Illinois, Champaign | NCAR, Boulder | Westnet, Salt Lake City","SURANET, Georgia Tech, Atlanta->SEQSUINET, Rice University, Houston | SEQSUINET, Rice University, Houston->NCSA, University of Illinois, Champaign | NCSA, University of Illinois, Champaign->NCAR, Boulder | NCAR, Boulder->Westnet, Salt Lake City",1
23,nsfnet,7,1.0,uncertainty_aware_lstm_robust_lp,critical_failure_fixed,"NCSA, University of Illinois, Champaign -> Merit Univ of Michigan, Ann Arbor & Merit Univ of Michigan, Ann Arbor -> NCSA, University of Illinois, Champaign",1,"NCSA, University of Illinois, Champaign","Merit Univ of Michigan, Ann Arbor",1,5.3954248,"NCSA, University of Illinois, Champaign | Merit Univ of Michigan, Ann Arbor","NCSA, University of Illinois, Champaign->Merit Univ of Michigan, Ann Arbor",1
23,nsfnet,7,1.0,uncertainty_aware_lstm_robust_lp,critical_failure_fixed,"NCSA, University of Illinois, Champaign -> Merit Univ of Michigan, Ann Arbor & Merit Univ of Michigan, Ann Arbor -> NCSA, University of Illinois, Champaign",2,"MIDnet, Lincoln, NE","Cornell Theory Center, Ithaca NY",1,5.3664908,"MIDnet, Lincoln, NE | NCSA, University of Illinois, Champaign | Merit Univ of Michigan, Ann Arbor | Cornell Theory Center, Ithaca NY","MIDnet, Lincoln, NE->NCSA, University of Illinois, Champaign | NCSA, University of Illinois, Champaign->Merit Univ of Michigan, Ann Arbor | Merit Univ of Michigan, Ann Arbor->Cornell Theory Center, Ithaca NY",1
23,nsfnet,7,1.0,uncertainty_aware_lstm_robust_lp,critical_failure_fixed,"NCSA, University of Illinois, Champaign -> Merit Univ of Michigan, Ann Arbor & Merit Univ of Michigan, Ann Arbor -> NCSA, University of Illinois, Champaign",3,"NCSA, University of Illinois, Champaign","BARRnet, Palo Alto",1,5.302372,"NCSA, University of Illinois, Champaign | Merit Univ of Michigan, Ann Arbor | BARRnet, Palo Alto","NCSA, University of Illinois, Champaign->Merit Univ of Michigan, Ann Arbor | Merit Univ of Michigan, Ann Arbor->BARRnet, Palo Alto",1
23,nsfnet,7,1.0,uncertainty_aware_lstm_robust_lp,critical_failure_fixed,"NCSA, University of Illinois, Champaign -> Merit Univ of Michigan, Ann Arbor & Merit Univ of Michigan, Ann Arbor -> NCSA, University of Illinois, Champaign",4,Pittsburgh Supercomputer Center,"MIDnet, Lincoln, NE",1,5.1356792,"Pittsburgh Supercomputer Center | Merit Univ of Michigan, Ann Arbor | NCSA, University of Illinois, Champaign | MIDnet, Lincoln, NE","Pittsburgh Supercomputer Center->Merit Univ of Michigan, Ann Arbor | Merit Univ of Michigan, Ann Arbor->NCSA, University of Illinois, Champaign | NCSA, University of Illinois, Champaign->MIDnet, Lincoln, NE",1
23,nsfnet,7,1.0,uncertainty_aware_lstm_robust_lp,critical_failure_fixed,"NCSA, University of Illinois, Champaign -> Merit Univ of Michigan, Ann Arbor & Merit Univ of Michigan, Ann Arbor -> NCSA, University of Illinois, Champaign",5,"MIDnet, Lincoln, NE","BARRnet, Palo Alto",1,5.0765161,"MIDnet, Lincoln, NE | NCSA, University of Illinois, Champaign | Merit Univ of Michigan, Ann Arbor | BARRnet, Palo Alto","MIDnet, Lincoln, NE->NCSA, University of Illinois, Champaign | NCSA, University of Illinois, Champaign->Merit Univ of Michigan, Ann Arbor | Merit Univ of Michigan, Ann Arbor->BARRnet, Palo Alto",1
23,nsfnet,7,1.0,uncertainty_aware_lstm_robust_lp,critical_failure_fixed,"NCSA, University of Illinois, Champaign -> Merit Univ of Michigan, Ann Arbor & Merit Univ of Michigan, Ann Arbor -> NCSA, University of Illinois, Champaign",5,"MIDnet, Lincoln, NE","BARRnet, Palo Alto",2,0.32013326,"MIDnet, Lincoln, NE | NCSA, University of Illinois, Champaign | SEQSUINET, Rice University, Houston | San Diego Supercomputer Center | BARRnet, Palo Alto","MIDnet, Lincoln, NE->NCSA, University of Illinois, Champaign | NCSA, University of Illinois, Champaign->SEQSUINET, Rice University, Houston | SEQSUINET, Rice University, Houston->San Diego Supercomputer Center | San Diego Supercomputer Center->BARRnet, Palo Alto",0
23,nsfnet,7,1.0,uncertainty_aware_lstm_robust_lp,random_failure_fixed,"SEQSUINET, Rice University, Houston -> SURANET, Georgia Tech, Atlanta & SURANET, Georgia Tech, Atlanta -> SEQSUINET, Rice University, Houston",1,"NCSA, University of Illinois, Champaign","SURANET, Georgia Tech, Atlanta",1,5.227819,"NCSA, University of Illinois, Champaign | SEQSUINET, Rice University, Houston | SURANET, Georgia Tech, Atlanta","NCSA, University of Illinois, Champaign->SEQSUINET, Rice University, Houston | SEQSUINET, Rice University, Houston->SURANET, Georgia Tech, Atlanta",1
23,nsfnet,7,1.0,uncertainty_aware_lstm_robust_lp,random_failure_fixed,"SEQSUINET, Rice University, Houston -> SURANET, Georgia Tech, Atlanta & SURANET, Georgia Tech, Atlanta -> SEQSUINET, Rice University, Houston",2,"SEQSUINET, Rice University, Houston","Jon Von Neumann Center, Princeton, NJ",1,5.1141853,"SEQSUINET, Rice University, Houston | SURANET, Georgia Tech, Atlanta | Jon Von Neumann Center, Princeton, NJ","SEQSUINET, Rice University, Houston->SURANET, Georgia Tech, Atlanta | SURANET, Georgia Tech, Atlanta->Jon Von Neumann Center, Princeton, NJ",1
23,nsfnet,7,1.0,uncertainty_aware_lstm_robust_lp,random_failure_fixed,"SEQSUINET, Rice University, Houston -> SURANET, Georgia Tech, Atlanta & SURANET, Georgia Tech, Atlanta -> SEQSUINET, Rice University, Houston",3,"NCAR, Boulder","SURANET, Georgia Tech, Atlanta",1,4.8899465,"NCAR, Boulder | NCSA, University of Illinois, Champaign | SEQSUINET, Rice University, Houston | SURANET, Georgia Tech, Atlanta","NCAR, Boulder->NCSA, University of Illinois, Champaign | NCSA, University of Illinois, Champaign->SEQSUINET, Rice University, Houston | SEQSUINET, Rice University, Houston->SURANET, Georgia Tech, Atlanta",1
23,nsfnet,7,1.0,uncertainty_aware_lstm_robust_lp,random_failure_fixed,"SEQSUINET, Rice University, Houston -> SURANET, Georgia Tech, Atlanta & SURANET, Georgia Tech, Atlanta -> SEQSUINET, Rice University, Houston",4,"SEQSUINET, Rice University, Houston","SURANET, Georgia Tech, Atlanta",1,4.7955084,"SEQSUINET, Rice University, Houston | SURANET, Georgia Tech, Atlanta","SEQSUINET, Rice University, Houston->SURANET, Georgia Tech, Atlanta",1
23,nsfnet,7,1.0,uncertainty_aware_lstm_robust_lp,random_failure_fixed,"SEQSUINET, Rice University, Houston -> SURANET, Georgia Tech, Atlanta & SURANET, Georgia Tech, Atlanta -> SEQSUINET, Rice University, Houston",5,"SURANET, Georgia Tech, Atlanta","Westnet, Salt Lake City",1,4.5062976,"SURANET, Georgia Tech, Atlanta | SEQSUINET, Rice University, Houston | NCSA, University of Illinois, Champaign | NCAR, Boulder | Westnet, Salt Lake City","SURANET, Georgia Tech, Atlanta->SEQSUINET, Rice University, Houston | SEQSUINET, Rice University, Houston->NCSA, University of Illinois, Champaign | NCSA, University of Illinois, Champaign->NCAR, Boulder | NCAR, Boulder->Westnet, Salt Lake City",1
24,nsfnet,7,1.0,current_demand_lp,critical_failure_fixed,"NCSA, University of Illinois, Champaign -> Merit Univ of Michigan, Ann Arbor & Merit Univ of Michigan, Ann Arbor -> NCSA, University of Illinois, Champaign",1,"MIDnet, Lincoln, NE","BARRnet, Palo Alto",1,6.651286,"MIDnet, Lincoln, NE | NCSA, University of Illinois, Champaign | Merit Univ of Michigan, Ann Arbor | BARRnet, Palo Alto","MIDnet, Lincoln, NE->NCSA, University of Illinois, Champaign | NCSA, University of Illinois, Champaign->Merit Univ of Michigan, Ann Arbor | Merit Univ of Michigan, Ann Arbor->BARRnet, Palo Alto",1
24,nsfnet,7,1.0,current_demand_lp,critical_failure_fixed,"NCSA, University of Illinois, Champaign -> Merit Univ of Michigan, Ann Arbor & Merit Univ of Michigan, Ann Arbor -> NCSA, University of Illinois, Champaign",2,"NCSA, University of Illinois, Champaign","Merit Univ of Michigan, Ann Arbor",1,6.5975169,"NCSA, University of Illinois, Champaign | Merit Univ of Michigan, Ann Arbor","NCSA, University of Illinois, Champaign->Merit Univ of Michigan, Ann Arbor",1
24,nsfnet,7,1.0,current_demand_lp,critical_failure_fixed,"NCSA, University of Illinois, Champaign -> Merit Univ of Michigan, Ann Arbor & Merit Univ of Michigan, Ann Arbor -> NCSA, University of Illinois, Champaign",3,"MIDnet, Lincoln, NE","Cornell Theory Center, Ithaca NY",1,6.2532864,"MIDnet, Lincoln, NE | NCSA, University of Illinois, Champaign | Merit Univ of Michigan, Ann Arbor | Cornell Theory Center, Ithaca NY","MIDnet, Lincoln, NE->NCSA, University of Illinois, Champaign | NCSA, University of Illinois, Champaign->Merit Univ of Michigan, Ann Arbor | Merit Univ of Michigan, Ann Arbor->Cornell Theory Center, Ithaca NY",1
24,nsfnet,7,1.0,current_demand_lp,critical_failure_fixed,"NCSA, University of Illinois, Champaign -> Merit Univ of Michigan, Ann Arbor & Merit Univ of Michigan, Ann Arbor -> NCSA, University of Illinois, Champaign",4,Pittsburgh Supercomputer Center,"MIDnet, Lincoln, NE",1,5.973175,"Pittsburgh Supercomputer Center | Merit Univ of Michigan, Ann Arbor | NCSA, University of Illinois, Champaign | MIDnet, Lincoln, NE","Pittsburgh Supercomputer Center->Merit Univ of Michigan, Ann Arbor | Merit Univ of Michigan, Ann Arbor->NCSA, University of Illinois, Champaign | NCSA, University of Illinois, Champaign->MIDnet, Lincoln, NE",1
24,nsfnet,7,1.0,current_demand_lp,critical_failure_fixed,"NCSA, University of Illinois, Champaign -> Merit Univ of Michigan, Ann Arbor & Merit Univ of Michigan, Ann Arbor -> NCSA, University of Illinois, Champaign",5,"SURANET, Georgia Tech, Atlanta","Merit Univ of Michigan, Ann Arbor",1,5.8830735,"SURANET, Georgia Tech, Atlanta | SEQSUINET, Rice University, Houston | NCSA, University of Illinois, Champaign | Merit Univ of Michigan, Ann Arbor","SURANET, Georgia Tech, Atlanta->SEQSUINET, Rice University, Houston | SEQSUINET, Rice University, Houston->NCSA, University of Illinois, Champaign | NCSA, University of Illinois, Champaign->Merit Univ of Michigan, Ann Arbor",1
24,nsfnet,7,1.0,current_demand_lp,random_failure_fixed,"Pittsburgh Supercomputer Center -> Merit Univ of Michigan, Ann Arbor & Merit Univ of Michigan, Ann Arbor -> Pittsburgh Supercomputer Center",1,"Jon Von Neumann Center, Princeton, NJ",Pittsburgh Supercomputer Center,1,6.6006099,"Jon Von Neumann Center, Princeton, NJ | Cornell Theory Center, Ithaca NY | Merit Univ of Michigan, Ann Arbor | Pittsburgh Supercomputer Center","Jon Von Neumann Center, Princeton, NJ->Cornell Theory Center, Ithaca NY | Cornell Theory Center, Ithaca NY->Merit Univ of Michigan, Ann Arbor | Merit Univ of Michigan, Ann Arbor->Pittsburgh Supercomputer Center",1
24,nsfnet,7,1.0,current_demand_lp,random_failure_fixed,"Pittsburgh Supercomputer Center -> Merit Univ of Michigan, Ann Arbor & Merit Univ of Michigan, Ann Arbor -> Pittsburgh Supercomputer Center",2,"BARRnet, Palo Alto",Pittsburgh Supercomputer Center,1,6.3557008,"BARRnet, Palo Alto | Merit Univ of Michigan, Ann Arbor | Pittsburgh Supercomputer Center","BARRnet, Palo Alto->Merit Univ of Michigan, Ann Arbor | Merit Univ of Michigan, Ann Arbor->Pittsburgh Supercomputer Center",1
24,nsfnet,7,1.0,current_demand_lp,random_failure_fixed,"Pittsburgh Supercomputer Center -> Merit Univ of Michigan, Ann Arbor & Merit Univ of Michigan, Ann Arbor -> Pittsburgh Supercomputer Center",3,"NorthWestNet, Seattle",Pittsburgh Supercomputer Center,1,6.1970544,"NorthWestNet, Seattle | BARRnet, Palo Alto | Merit Univ of Michigan, Ann Arbor | Pittsburgh Supercomputer Center","NorthWestNet, Seattle->BARRnet, Palo Alto | BARRnet, Palo Alto->Merit Univ of Michigan, Ann Arbor | Merit Univ of Michigan, Ann Arbor->Pittsburgh Supercomputer Center",1
24,nsfnet,7,1.0,current_demand_lp,random_failure_fixed,"Pittsburgh Supercomputer Center -> Merit Univ of Michigan, Ann Arbor & Merit Univ of Michigan, Ann Arbor -> Pittsburgh Supercomputer Center",4,Pittsburgh Supercomputer Center,"SURANET, Georgia Tech, Atlanta",1,6.0086949,"Pittsburgh Supercomputer Center | Merit Univ of Michigan, Ann Arbor | Cornell Theory Center, Ithaca NY | Jon Von Neumann Center, Princeton, NJ | SURANET, Georgia Tech, Atlanta","Pittsburgh Supercomputer Center->Merit Univ of Michigan, Ann Arbor | Merit Univ of Michigan, Ann Arbor->Cornell Theory Center, Ithaca NY | Cornell Theory Center, Ithaca NY->Jon Von Neumann Center, Princeton, NJ | Jon Von Neumann Center, Princeton, NJ->SURANET, Georgia Tech, Atlanta",1
24,nsfnet,7,1.0,current_demand_lp,random_failure_fixed,"Pittsburgh Supercomputer Center -> Merit Univ of Michigan, Ann Arbor & Merit Univ of Michigan, Ann Arbor -> Pittsburgh Supercomputer Center",5,Pittsburgh Supercomputer Center,"MIDnet, Lincoln, NE",1,5.973175,"Pittsburgh Supercomputer Center | Merit Univ of Michigan, Ann Arbor | NCSA, University of Illinois, Champaign | MIDnet, Lincoln, NE","Pittsburgh Supercomputer Center->Merit Univ of Michigan, Ann Arbor | Merit Univ of Michigan, Ann Arbor->NCSA, University of Illinois, Champaign | NCSA, University of Illinois, Champaign->MIDnet, Lincoln, NE",1
24,nsfnet,7,1.0,robust_current_demand_lp,critical_failure_fixed,"NCSA, University of Illinois, Champaign -> Merit Univ of Michigan, Ann Arbor & Merit Univ of Michigan, Ann Arbor -> NCSA, University of Illinois, Champaign",1,"NCSA, University of Illinois, Champaign","Merit Univ of Michigan, Ann Arbor",1,6.5975169,"NCSA, University of Illinois, Champaign | Merit Univ of Michigan, Ann Arbor","NCSA, University of Illinois, Champaign->Merit Univ of Michigan, Ann Arbor",1
24,nsfnet,7,1.0,robust_current_demand_lp,critical_failure_fixed,"NCSA, University of Illinois, Champaign -> Merit Univ of Michigan, Ann Arbor & Merit Univ of Michigan, Ann Arbor -> NCSA, University of Illinois, Champaign",2,"MIDnet, Lincoln, NE","Cornell Theory Center, Ithaca NY",1,6.2532864,"MIDnet, Lincoln, NE | NCSA, University of Illinois, Champaign | Merit Univ of Michigan, Ann Arbor | Cornell Theory Center, Ithaca NY","MIDnet, Lincoln, NE->NCSA, University of Illinois, Champaign | NCSA, University of Illinois, Champaign->Merit Univ of Michigan, Ann Arbor | Merit Univ of Michigan, Ann Arbor->Cornell Theory Center, Ithaca NY",1
24,nsfnet,7,1.0,robust_current_demand_lp,critical_failure_fixed,"NCSA, University of Illinois, Champaign -> Merit Univ of Michigan, Ann Arbor & Merit Univ of Michigan, Ann Arbor -> NCSA, University of Illinois, Champaign",3,Pittsburgh Supercomputer Center,"MIDnet, Lincoln, NE",1,5.973175,"Pittsburgh Supercomputer Center | Merit Univ of Michigan, Ann Arbor | NCSA, University of Illinois, Champaign | MIDnet, Lincoln, NE","Pittsburgh Supercomputer Center->Merit Univ of Michigan, Ann Arbor | Merit Univ of Michigan, Ann Arbor->NCSA, University of Illinois, Champaign | NCSA, University of Illinois, Champaign->MIDnet, Lincoln, NE",1
24,nsfnet,7,1.0,robust_current_demand_lp,critical_failure_fixed,"NCSA, University of Illinois, Champaign -> Merit Univ of Michigan, Ann Arbor & Merit Univ of Michigan, Ann Arbor -> NCSA, University of Illinois, Champaign",4,"MIDnet, Lincoln, NE","BARRnet, Palo Alto",1,5.8407819,"MIDnet, Lincoln, NE | NCSA, University of Illinois, Champaign | Merit Univ of Michigan, Ann Arbor | BARRnet, Palo Alto","MIDnet, Lincoln, NE->NCSA, University of Illinois, Champaign | NCSA, University of Illinois, Champaign->Merit Univ of Michigan, Ann Arbor | Merit Univ of Michigan, Ann Arbor->BARRnet, Palo Alto",1
24,nsfnet,7,1.0,robust_current_demand_lp,critical_failure_fixed,"NCSA, University of Illinois, Champaign -> Merit Univ of Michigan, Ann Arbor & Merit Univ of Michigan, Ann Arbor -> NCSA, University of Illinois, Champaign",4,"MIDnet, Lincoln, NE","BARRnet, Palo Alto",2,0.81050409,"MIDnet, Lincoln, NE | NCSA, University of Illinois, Champaign | SEQSUINET, Rice University, Houston | San Diego Supercomputer Center | BARRnet, Palo Alto","MIDnet, Lincoln, NE->NCSA, University of Illinois, Champaign | NCSA, University of Illinois, Champaign->SEQSUINET, Rice University, Houston | SEQSUINET, Rice University, Houston->San Diego Supercomputer Center | San Diego Supercomputer Center->BARRnet, Palo Alto",0
24,nsfnet,7,1.0,robust_current_demand_lp,critical_failure_fixed,"NCSA, University of Illinois, Champaign -> Merit Univ of Michigan, Ann Arbor & Merit Univ of Michigan, Ann Arbor -> NCSA, University of Illinois, Champaign",5,"NCSA, University of Illinois, Champaign","BARRnet, Palo Alto",1,5.763087,"NCSA, University of Illinois, Champaign | Merit Univ of Michigan, Ann Arbor | BARRnet, Palo Alto","NCSA, University of Illinois, Champaign->Merit Univ of Michigan, Ann Arbor | Merit Univ of Michigan, Ann Arbor->BARRnet, Palo Alto",1
24,nsfnet,7,1.0,robust_current_demand_lp,random_failure_fixed,"Pittsburgh Supercomputer Center -> Merit Univ of Michigan, Ann Arbor & Merit Univ of Michigan, Ann Arbor -> Pittsburgh Supercomputer Center",1,"Jon Von Neumann Center, Princeton, NJ",Pittsburgh Supercomputer Center,1,6.6006099,"Jon Von Neumann Center, Princeton, NJ | Cornell Theory Center, Ithaca NY | Merit Univ of Michigan, Ann Arbor | Pittsburgh Supercomputer Center","Jon Von Neumann Center, Princeton, NJ->Cornell Theory Center, Ithaca NY | Cornell Theory Center, Ithaca NY->Merit Univ of Michigan, Ann Arbor | Merit Univ of Michigan, Ann Arbor->Pittsburgh Supercomputer Center",1
24,nsfnet,7,1.0,robust_current_demand_lp,random_failure_fixed,"Pittsburgh Supercomputer Center -> Merit Univ of Michigan, Ann Arbor & Merit Univ of Michigan, Ann Arbor -> Pittsburgh Supercomputer Center",2,"BARRnet, Palo Alto",Pittsburgh Supercomputer Center,1,6.3557008,"BARRnet, Palo Alto | Merit Univ of Michigan, Ann Arbor | Pittsburgh Supercomputer Center","BARRnet, Palo Alto->Merit Univ of Michigan, Ann Arbor | Merit Univ of Michigan, Ann Arbor->Pittsburgh Supercomputer Center",1
24,nsfnet,7,1.0,robust_current_demand_lp,random_failure_fixed,"Pittsburgh Supercomputer Center -> Merit Univ of Michigan, Ann Arbor & Merit Univ of Michigan, Ann Arbor -> Pittsburgh Supercomputer Center",3,"NorthWestNet, Seattle",Pittsburgh Supercomputer Center,1,6.1970544,"NorthWestNet, Seattle | BARRnet, Palo Alto | Merit Univ of Michigan, Ann Arbor | Pittsburgh Supercomputer Center","NorthWestNet, Seattle->BARRnet, Palo Alto | BARRnet, Palo Alto->Merit Univ of Michigan, Ann Arbor | Merit Univ of Michigan, Ann Arbor->Pittsburgh Supercomputer Center",1
24,nsfnet,7,1.0,robust_current_demand_lp,random_failure_fixed,"Pittsburgh Supercomputer Center -> Merit Univ of Michigan, Ann Arbor & Merit Univ of Michigan, Ann Arbor -> Pittsburgh Supercomputer Center",4,Pittsburgh Supercomputer Center,"SURANET, Georgia Tech, Atlanta",1,6.0086949,"Pittsburgh Supercomputer Center | Merit Univ of Michigan, Ann Arbor | Cornell Theory Center, Ithaca NY | Jon Von Neumann Center, Princeton, NJ | SURANET, Georgia Tech, Atlanta","Pittsburgh Supercomputer Center->Merit Univ of Michigan, Ann Arbor | Merit Univ of Michigan, Ann Arbor->Cornell Theory Center, Ithaca NY | Cornell Theory Center, Ithaca NY->Jon Von Neumann Center, Princeton, NJ | Jon Von Neumann Center, Princeton, NJ->SURANET, Georgia Tech, Atlanta",1
24,nsfnet,7,1.0,robust_current_demand_lp,random_failure_fixed,"Pittsburgh Supercomputer Center -> Merit Univ of Michigan, Ann Arbor & Merit Univ of Michigan, Ann Arbor -> Pittsburgh Supercomputer Center",5,Pittsburgh Supercomputer Center,"MIDnet, Lincoln, NE",1,5.973175,"Pittsburgh Supercomputer Center | Merit Univ of Michigan, Ann Arbor | NCSA, University of Illinois, Champaign | MIDnet, Lincoln, NE","Pittsburgh Supercomputer Center->Merit Univ of Michigan, Ann Arbor | Merit Univ of Michigan, Ann Arbor->NCSA, University of Illinois, Champaign | NCSA, University of Illinois, Champaign->MIDnet, Lincoln, NE",1
24,nsfnet,7,1.0,uncertainty_aware_lstm_robust_lp,critical_failure_fixed,"NCSA, University of Illinois, Champaign -> Merit Univ of Michigan, Ann Arbor & Merit Univ of Michigan, Ann Arbor -> NCSA, University of Illinois, Champaign",1,"NCSA, University of Illinois, Champaign","Merit Univ of Michigan, Ann Arbor",1,5.3954248,"NCSA, University of Illinois, Champaign | Merit Univ of Michigan, Ann Arbor","NCSA, University of Illinois, Champaign->Merit Univ of Michigan, Ann Arbor",1
24,nsfnet,7,1.0,uncertainty_aware_lstm_robust_lp,critical_failure_fixed,"NCSA, University of Illinois, Champaign -> Merit Univ of Michigan, Ann Arbor & Merit Univ of Michigan, Ann Arbor -> NCSA, University of Illinois, Champaign",2,"MIDnet, Lincoln, NE","Cornell Theory Center, Ithaca NY",1,5.3664908,"MIDnet, Lincoln, NE | NCSA, University of Illinois, Champaign | Merit Univ of Michigan, Ann Arbor | Cornell Theory Center, Ithaca NY","MIDnet, Lincoln, NE->NCSA, University of Illinois, Champaign | NCSA, University of Illinois, Champaign->Merit Univ of Michigan, Ann Arbor | Merit Univ of Michigan, Ann Arbor->Cornell Theory Center, Ithaca NY",1
24,nsfnet,7,1.0,uncertainty_aware_lstm_robust_lp,critical_failure_fixed,"NCSA, University of Illinois, Champaign -> Merit Univ of Michigan, Ann Arbor & Merit Univ of Michigan, Ann Arbor -> NCSA, University of Illinois, Champaign",3,"NCSA, University of Illinois, Champaign","BARRnet, Palo Alto",1,5.302372,"NCSA, University of Illinois, Champaign | Merit Univ of Michigan, Ann Arbor | BARRnet, Palo Alto","NCSA, University of Illinois, Champaign->Merit Univ of Michigan, Ann Arbor | Merit Univ of Michigan, Ann Arbor->BARRnet, Palo Alto",1
24,nsfnet,7,1.0,uncertainty_aware_lstm_robust_lp,critical_failure_fixed,"NCSA, University of Illinois, Champaign -> Merit Univ of Michigan, Ann Arbor & Merit Univ of Michigan, Ann Arbor -> NCSA, University of Illinois, Champaign",4,Pittsburgh Supercomputer Center,"MIDnet, Lincoln, NE",1,5.1356792,"Pittsburgh Supercomputer Center | Merit Univ of Michigan, Ann Arbor | NCSA, University of Illinois, Champaign | MIDnet, Lincoln, NE","Pittsburgh Supercomputer Center->Merit Univ of Michigan, Ann Arbor | Merit Univ of Michigan, Ann Arbor->NCSA, University of Illinois, Champaign | NCSA, University of Illinois, Champaign->MIDnet, Lincoln, NE",1
24,nsfnet,7,1.0,uncertainty_aware_lstm_robust_lp,critical_failure_fixed,"NCSA, University of Illinois, Champaign -> Merit Univ of Michigan, Ann Arbor & Merit Univ of Michigan, Ann Arbor -> NCSA, University of Illinois, Champaign",5,"MIDnet, Lincoln, NE","BARRnet, Palo Alto",1,5.0765161,"MIDnet, Lincoln, NE | NCSA, University of Illinois, Champaign | Merit Univ of Michigan, Ann Arbor | BARRnet, Palo Alto","MIDnet, Lincoln, NE->NCSA, University of Illinois, Champaign | NCSA, University of Illinois, Champaign->Merit Univ of Michigan, Ann Arbor | Merit Univ of Michigan, Ann Arbor->BARRnet, Palo Alto",1
24,nsfnet,7,1.0,uncertainty_aware_lstm_robust_lp,critical_failure_fixed,"NCSA, University of Illinois, Champaign -> Merit Univ of Michigan, Ann Arbor & Merit Univ of Michigan, Ann Arbor -> NCSA, University of Illinois, Champaign",5,"MIDnet, Lincoln, NE","BARRnet, Palo Alto",2,0.32013326,"MIDnet, Lincoln, NE | NCSA, University of Illinois, Champaign | SEQSUINET, Rice University, Houston | San Diego Supercomputer Center | BARRnet, Palo Alto","MIDnet, Lincoln, NE->NCSA, University of Illinois, Champaign | NCSA, University of Illinois, Champaign->SEQSUINET, Rice University, Houston | SEQSUINET, Rice University, Houston->San Diego Supercomputer Center | San Diego Supercomputer Center->BARRnet, Palo Alto",0
24,nsfnet,7,1.0,uncertainty_aware_lstm_robust_lp,random_failure_fixed,"Pittsburgh Supercomputer Center -> Merit Univ of Michigan, Ann Arbor & Merit Univ of Michigan, Ann Arbor -> Pittsburgh Supercomputer Center",1,"Jon Von Neumann Center, Princeton, NJ",Pittsburgh Supercomputer Center,1,5.5576119,"Jon Von Neumann Center, Princeton, NJ | Cornell Theory Center, Ithaca NY | Merit Univ of Michigan, Ann Arbor | Pittsburgh Supercomputer Center","Jon Von Neumann Center, Princeton, NJ->Cornell Theory Center, Ithaca NY | Cornell Theory Center, Ithaca NY->Merit Univ of Michigan, Ann Arbor | Merit Univ of Michigan, Ann Arbor->Pittsburgh Supercomputer Center",1
24,nsfnet,7,1.0,uncertainty_aware_lstm_robust_lp,random_failure_fixed,"Pittsburgh Supercomputer Center -> Merit Univ of Michigan, Ann Arbor & Merit Univ of Michigan, Ann Arbor -> Pittsburgh Supercomputer Center",2,"NorthWestNet, Seattle",Pittsburgh Supercomputer Center,1,5.3903871,"NorthWestNet, Seattle | BARRnet, Palo Alto | Merit Univ of Michigan, Ann Arbor | Pittsburgh Supercomputer Center","NorthWestNet, Seattle->BARRnet, Palo Alto | BARRnet, Palo Alto->Merit Univ of Michigan, Ann Arbor | Merit Univ of Michigan, Ann Arbor->Pittsburgh Supercomputer Center",1
24,nsfnet,7,1.0,uncertainty_aware_lstm_robust_lp,random_failure_fixed,"Pittsburgh Supercomputer Center -> Merit Univ of Michigan, Ann Arbor & Merit Univ of Michigan, Ann Arbor -> Pittsburgh Supercomputer Center",3,"BARRnet, Palo Alto",Pittsburgh Supercomputer Center,1,5.2553997,"BARRnet, Palo Alto | Merit Univ of Michigan, Ann Arbor | Pittsburgh Supercomputer Center","BARRnet, Palo Alto->Merit Univ of Michigan, Ann Arbor | Merit Univ of Michigan, Ann Arbor->Pittsburgh Supercomputer Center",1
24,nsfnet,7,1.0,uncertainty_aware_lstm_robust_lp,random_failure_fixed,"Pittsburgh Supercomputer Center -> Merit Univ of Michigan, Ann Arbor & Merit Univ of Michigan, Ann Arbor -> Pittsburgh Supercomputer Center",4,Pittsburgh Supercomputer Center,"MIDnet, Lincoln, NE",1,5.1356792,"Pittsburgh Supercomputer Center | Merit Univ of Michigan, Ann Arbor | NCSA, University of Illinois, Champaign | MIDnet, Lincoln, NE","Pittsburgh Supercomputer Center->Merit Univ of Michigan, Ann Arbor | Merit Univ of Michigan, Ann Arbor->NCSA, University of Illinois, Champaign | NCSA, University of Illinois, Champaign->MIDnet, Lincoln, NE",1
24,nsfnet,7,1.0,uncertainty_aware_lstm_robust_lp,random_failure_fixed,"Pittsburgh Supercomputer Center -> Merit Univ of Michigan, Ann Arbor & Merit Univ of Michigan, Ann Arbor -> Pittsburgh Supercomputer Center",5,Pittsburgh Supercomputer Center,"Cornell Theory Center, Ithaca NY",1,5.002934,"Pittsburgh Supercomputer Center | Merit Univ of Michigan, Ann Arbor | Cornell Theory Center, Ithaca NY","Pittsburgh Supercomputer Center->Merit Univ of Michigan, Ann Arbor | Merit Univ of Michigan, Ann Arbor->Cornell Theory Center, Ithaca NY",1
25,nsfnet,7,1.0,current_demand_lp,critical_failure_fixed,"NCSA, University of Illinois, Champaign -> Merit Univ of Michigan, Ann Arbor & Merit Univ of Michigan, Ann Arbor -> NCSA, University of Illinois, Champaign",1,"MIDnet, Lincoln, NE","BARRnet, Palo Alto",1,7.3490904,"MIDnet, Lincoln, NE | NCSA, University of Illinois, Champaign | Merit Univ of Michigan, Ann Arbor | BARRnet, Palo Alto","MIDnet, Lincoln, NE->NCSA, University of Illinois, Champaign | NCSA, University of Illinois, Champaign->Merit Univ of Michigan, Ann Arbor | Merit Univ of Michigan, Ann Arbor->BARRnet, Palo Alto",1
25,nsfnet,7,1.0,current_demand_lp,critical_failure_fixed,"NCSA, University of Illinois, Champaign -> Merit Univ of Michigan, Ann Arbor & Merit Univ of Michigan, Ann Arbor -> NCSA, University of Illinois, Champaign",2,"NCSA, University of Illinois, Champaign","BARRnet, Palo Alto",1,7.2482749,"NCSA, University of Illinois, Champaign | Merit Univ of Michigan, Ann Arbor | BARRnet, Palo Alto","NCSA, University of Illinois, Champaign->Merit Univ of Michigan, Ann Arbor | Merit Univ of Michigan, Ann Arbor->BARRnet, Palo Alto",1
25,nsfnet,7,1.0,current_demand_lp,critical_failure_fixed,"NCSA, University of Illinois, Champaign -> Merit Univ of Michigan, Ann Arbor & Merit Univ of Michigan, Ann Arbor -> NCSA, University of Illinois, Champaign",3,"NCSA, University of Illinois, Champaign","Merit Univ of Michigan, Ann Arbor",1,7.2130661,"NCSA, University of Illinois, Champaign | Merit Univ of Michigan, Ann Arbor","NCSA, University of Illinois, Champaign->Merit Univ of Michigan, Ann Arbor",1
25,nsfnet,7,1.0,current_demand_lp,critical_failure_fixed,"NCSA, University of Illinois, Champaign -> Merit Univ of Michigan, Ann Arbor & Merit Univ of Michigan, Ann Arbor -> NCSA, University of Illinois, Champaign",4,"MIDnet, Lincoln, NE","Cornell Theory Center, Ithaca NY",1,6.9603281,"MIDnet, Lincoln, NE | NCSA, University of Illinois, Champaign | Merit Univ of Michigan, Ann Arbor | Cornell Theory Center, Ithaca NY","MIDnet, Lincoln, NE->NCSA, University of Illinois, Champaign | NCSA, University of Illinois, Champaign->Merit Univ of Michigan, Ann Arbor | Merit Univ of Michigan, Ann Arbor->Cornell Theory Center, Ithaca NY",1
25,nsfnet,7,1.0,current_demand_lp,critical_failure_fixed,"NCSA, University of Illinois, Champaign -> Merit Univ of Michigan, Ann Arbor & Merit Univ of Michigan, Ann Arbor -> NCSA, University of Illinois, Champaign",5,"SURANET, Georgia Tech, Atlanta","Merit Univ of Michigan, Ann Arbor",1,6.5962137,"SURANET, Georgia Tech, Atlanta | SEQSUINET, Rice University, Houston | NCSA, University of Illinois, Champaign | Merit Univ of Michigan, Ann Arbor","SURANET, Georgia Tech, Atlanta->SEQSUINET, Rice University, Houston | SEQSUINET, Rice University, Houston->NCSA, University of Illinois, Champaign | NCSA, University of Illinois, Champaign->Merit Univ of Michigan, Ann Arbor",1
25,nsfnet,7,1.0,current_demand_lp,random_failure_fixed,"NorthWestNet, Seattle -> NCAR, Boulder & NCAR, Boulder -> NorthWestNet, Seattle",1,San Diego Supercomputer Center,"NCAR, Boulder",1,7.063856,"San Diego Supercomputer Center | BARRnet, Palo Alto | NorthWestNet, Seattle | NCAR, Boulder","San Diego Supercomputer Center->BARRnet, Palo Alto | BARRnet, Palo Alto->NorthWestNet, Seattle | NorthWestNet, Seattle->NCAR, Boulder",1
25,nsfnet,7,1.0,current_demand_lp,random_failure_fixed,"NorthWestNet, Seattle -> NCAR, Boulder & NCAR, Boulder -> NorthWestNet, Seattle",2,"NCAR, Boulder","NorthWestNet, Seattle",1,6.8028963,"NCAR, Boulder | NorthWestNet, Seattle","NCAR, Boulder->NorthWestNet, Seattle",1
25,nsfnet,7,1.0,current_demand_lp,random_failure_fixed,"NorthWestNet, Seattle -> NCAR, Boulder & NCAR, Boulder -> NorthWestNet, Seattle",3,"NorthWestNet, Seattle","MIDnet, Lincoln, NE",1,6.746269,"NorthWestNet, Seattle | NCAR, Boulder | NCSA, University of Illinois, Champaign | MIDnet, Lincoln, NE","NorthWestNet, Seattle->NCAR, Boulder | NCAR, Boulder->NCSA, University of Illinois, Champaign | NCSA, University of Illinois, Champaign->MIDnet, Lincoln, NE",1
25,nsfnet,7,1.0,current_demand_lp,random_failure_fixed,"NorthWestNet, Seattle -> NCAR, Boulder & NCAR, Boulder -> NorthWestNet, Seattle",4,"NorthWestNet, Seattle","NCSA, University of Illinois, Champaign",1,6.594852,"NorthWestNet, Seattle | NCAR, Boulder | NCSA, University of Illinois, Champaign","NorthWestNet, Seattle->NCAR, Boulder | NCAR, Boulder->NCSA, University of Illinois, Champaign",1
25,nsfnet,7,1.0,current_demand_lp,random_failure_fixed,"NorthWestNet, Seattle -> NCAR, Boulder & NCAR, Boulder -> NorthWestNet, Seattle",5,"Westnet, Salt Lake City",San Diego Supercomputer Center,1,6.5424882,"Westnet, Salt Lake City | NCAR, Boulder | NorthWestNet, Seattle | BARRnet, Palo Alto | San Diego Supercomputer Center","Westnet, Salt Lake City->NCAR, Boulder | NCAR, Boulder->NorthWestNet, Seattle | NorthWestNet, Seattle->BARRnet, Palo Alto | BARRnet, Palo Alto->San Diego Supercomputer Center",1
25,nsfnet,7,1.0,robust_current_demand_lp,critical_failure_fixed,"NCSA, University of Illinois, Champaign -> Merit Univ of Michigan, Ann Arbor & Merit Univ of Michigan, Ann Arbor -> NCSA, University of Illinois, Champaign",1,"NCSA, University of Illinois, Champaign","BARRnet, Palo Alto",1,7.2482749,"NCSA, University of Illinois, Champaign | Merit Univ of Michigan, Ann Arbor | BARRnet, Palo Alto","NCSA, University of Illinois, Champaign->Merit Univ of Michigan, Ann Arbor | Merit Univ of Michigan, Ann Arbor->BARRnet, Palo Alto",1
25,nsfnet,7,1.0,robust_current_demand_lp,critical_failure_fixed,"NCSA, University of Illinois, Champaign -> Merit Univ of Michigan, Ann Arbor & Merit Univ of Michigan, Ann Arbor -> NCSA, University of Illinois, Champaign",2,"NCSA, University of Illinois, Champaign","Merit Univ of Michigan, Ann Arbor",1,7.2130661,"NCSA, University of Illinois, Champaign | Merit Univ of Michigan, Ann Arbor","NCSA, University of Illinois, Champaign->Merit Univ of Michigan, Ann Arbor",1
25,nsfnet,7,1.0,robust_current_demand_lp,critical_failure_fixed,"NCSA, University of Illinois, Champaign -> Merit Univ of Michigan, Ann Arbor & Merit Univ of Michigan, Ann Arbor -> NCSA, University of Illinois, Champaign",3,"MIDnet, Lincoln, NE","Cornell Theory Center, Ithaca NY",1,6.9603281,"MIDnet, Lincoln, NE | NCSA, University of Illinois, Champaign | Merit Univ of Michigan, Ann Arbor | Cornell Theory Center, Ithaca NY","MIDnet, Lincoln, NE->NCSA, University of Illinois, Champaign | NCSA, University of Illinois, Champaign->Merit Univ of Michigan, Ann Arbor | Merit Univ of Michigan, Ann Arbor->Cornell Theory Center, Ithaca NY",1
25,nsfnet,7,1.0,robust_current_demand_lp,critical_failure_fixed,"NCSA, University of Illinois, Champaign -> Merit Univ of Michigan, Ann Arbor & Merit Univ of Michigan, Ann Arbor -> NCSA, University of Illinois, Champaign",4,"MIDnet, Lincoln, NE","BARRnet, Palo Alto",1,6.714445,"MIDnet, Lincoln, NE | NCSA, University of Illinois, Champaign | Merit Univ of Michigan, Ann Arbor | BARRnet, Palo Alto","MIDnet, Lincoln, NE->NCSA, University of Illinois, Champaign | NCSA, University of Illinois, Champaign->Merit Univ of Michigan, Ann Arbor | Merit Univ of Michigan, Ann Arbor->BARRnet, Palo Alto",1
25,nsfnet,7,1.0,robust_current_demand_lp,critical_failure_fixed,"NCSA, University of Illinois, Champaign -> Merit Univ of Michigan, Ann Arbor & Merit Univ of Michigan, Ann Arbor -> NCSA, University of Illinois, Champaign",4,"MIDnet, Lincoln, NE","BARRnet, Palo Alto",2,0.63464535,"MIDnet, Lincoln, NE | NCSA, University of Illinois, Champaign | SEQSUINET, Rice University, Houston | San Diego Supercomputer Center | BARRnet, Palo Alto","MIDnet, Lincoln, NE->NCSA, University of Illinois, Champaign | NCSA, University of Illinois, Champaign->SEQSUINET, Rice University, Houston | SEQSUINET, Rice University, Houston->San Diego Supercomputer Center | San Diego Supercomputer Center->BARRnet, Palo Alto",0
25,nsfnet,7,1.0,robust_current_demand_lp,critical_failure_fixed,"NCSA, University of Illinois, Champaign -> Merit Univ of Michigan, Ann Arbor & Merit Univ of Michigan, Ann Arbor -> NCSA, University of Illinois, Champaign",5,"Westnet, Salt Lake City","Merit Univ of Michigan, Ann Arbor",1,6.4825151,"Westnet, Salt Lake City | NCAR, Boulder | NCSA, University of Illinois, Champaign | Merit Univ of Michigan, Ann Arbor","Westnet, Salt Lake City->NCAR, Boulder | NCAR, Boulder->NCSA, University of Illinois, Champaign | NCSA, University of Illinois, Champaign->Merit Univ of Michigan, Ann Arbor",1
25,nsfnet,7,1.0,robust_current_demand_lp,random_failure_fixed,"NorthWestNet, Seattle -> NCAR, Boulder & NCAR, Boulder -> NorthWestNet, Seattle",1,San Diego Supercomputer Center,"NCAR, Boulder",1,7.063856,"San Diego Supercomputer Center | BARRnet, Palo Alto | NorthWestNet, Seattle | NCAR, Boulder","San Diego Supercomputer Center->BARRnet, Palo Alto | BARRnet, Palo Alto->NorthWestNet, Seattle | NorthWestNet, Seattle->NCAR, Boulder",1
25,nsfnet,7,1.0,robust_current_demand_lp,random_failure_fixed,"NorthWestNet, Seattle -> NCAR, Boulder & NCAR, Boulder -> NorthWestNet, Seattle",2,"NCAR, Boulder","NorthWestNet, Seattle",1,6.8028963,"NCAR, Boulder | NorthWestNet, Seattle","NCAR, Boulder->NorthWestNet, Seattle",1
25,nsfnet,7,1.0,robust_current_demand_lp,random_failure_fixed,"NorthWestNet, Seattle -> NCAR, Boulder & NCAR, Boulder -> NorthWestNet, Seattle",3,"NorthWestNet, Seattle","MIDnet, Lincoln, NE",1,6.746269,"NorthWestNet, Seattle | NCAR, Boulder | NCSA, University of Illinois, Champaign | MIDnet, Lincoln, NE","NorthWestNet, Seattle->NCAR, Boulder | NCAR, Boulder->NCSA, University of Illinois, Champaign | NCSA, University of Illinois, Champaign->MIDnet, Lincoln, NE",1
25,nsfnet,7,1.0,robust_current_demand_lp,random_failure_fixed,"NorthWestNet, Seattle -> NCAR, Boulder & NCAR, Boulder -> NorthWestNet, Seattle",4,"NorthWestNet, Seattle","NCSA, University of Illinois, Champaign",1,6.594852,"NorthWestNet, Seattle | NCAR, Boulder | NCSA, University of Illinois, Champaign","NorthWestNet, Seattle->NCAR, Boulder | NCAR, Boulder->NCSA, University of Illinois, Champaign",1
25,nsfnet,7,1.0,robust_current_demand_lp,random_failure_fixed,"NorthWestNet, Seattle -> NCAR, Boulder & NCAR, Boulder -> NorthWestNet, Seattle",5,"Westnet, Salt Lake City",San Diego Supercomputer Center,1,6.5424882,"Westnet, Salt Lake City | NCAR, Boulder | NorthWestNet, Seattle | BARRnet, Palo Alto | San Diego Supercomputer Center","Westnet, Salt Lake City->NCAR, Boulder | NCAR, Boulder->NorthWestNet, Seattle | NorthWestNet, Seattle->BARRnet, Palo Alto | BARRnet, Palo Alto->San Diego Supercomputer Center",1
25,nsfnet,7,1.0,uncertainty_aware_lstm_robust_lp,critical_failure_fixed,"NCSA, University of Illinois, Champaign -> Merit Univ of Michigan, Ann Arbor & Merit Univ of Michigan, Ann Arbor -> NCSA, University of Illinois, Champaign",1,"NCSA, University of Illinois, Champaign","Merit Univ of Michigan, Ann Arbor",1,5.3954248,"NCSA, University of Illinois, Champaign | Merit Univ of Michigan, Ann Arbor","NCSA, University of Illinois, Champaign->Merit Univ of Michigan, Ann Arbor",1
25,nsfnet,7,1.0,uncertainty_aware_lstm_robust_lp,critical_failure_fixed,"NCSA, University of Illinois, Champaign -> Merit Univ of Michigan, Ann Arbor & Merit Univ of Michigan, Ann Arbor -> NCSA, University of Illinois, Champaign",2,"MIDnet, Lincoln, NE","Cornell Theory Center, Ithaca NY",1,5.3664908,"MIDnet, Lincoln, NE | NCSA, University of Illinois, Champaign | Merit Univ of Michigan, Ann Arbor | Cornell Theory Center, Ithaca NY","MIDnet, Lincoln, NE->NCSA, University of Illinois, Champaign | NCSA, University of Illinois, Champaign->Merit Univ of Michigan, Ann Arbor | Merit Univ of Michigan, Ann Arbor->Cornell Theory Center, Ithaca NY",1
25,nsfnet,7,1.0,uncertainty_aware_lstm_robust_lp,critical_failure_fixed,"NCSA, University of Illinois, Champaign -> Merit Univ of Michigan, Ann Arbor & Merit Univ of Michigan, Ann Arbor -> NCSA, University of Illinois, Champaign",3,"NCSA, University of Illinois, Champaign","BARRnet, Palo Alto",1,5.302372,"NCSA, University of Illinois, Champaign | Merit Univ of Michigan, Ann Arbor | BARRnet, Palo Alto","NCSA, University of Illinois, Champaign->Merit Univ of Michigan, Ann Arbor | Merit Univ of Michigan, Ann Arbor->BARRnet, Palo Alto",1
25,nsfnet,7,1.0,uncertainty_aware_lstm_robust_lp,critical_failure_fixed,"NCSA, University of Illinois, Champaign -> Merit Univ of Michigan, Ann Arbor & Merit Univ of Michigan, Ann Arbor -> NCSA, University of Illinois, Champaign",4,Pittsburgh Supercomputer Center,"MIDnet, Lincoln, NE",1,5.1356792,"Pittsburgh Supercomputer Center | Merit Univ of Michigan, Ann Arbor | NCSA, University of Illinois, Champaign | MIDnet, Lincoln, NE","Pittsburgh Supercomputer Center->Merit Univ of Michigan, Ann Arbor | Merit Univ of Michigan, Ann Arbor->NCSA, University of Illinois, Champaign | NCSA, University of Illinois, Champaign->MIDnet, Lincoln, NE",1
25,nsfnet,7,1.0,uncertainty_aware_lstm_robust_lp,critical_failure_fixed,"NCSA, University of Illinois, Champaign -> Merit Univ of Michigan, Ann Arbor & Merit Univ of Michigan, Ann Arbor -> NCSA, University of Illinois, Champaign",5,"MIDnet, Lincoln, NE","BARRnet, Palo Alto",1,5.0765161,"MIDnet, Lincoln, NE | NCSA, University of Illinois, Champaign | Merit Univ of Michigan, Ann Arbor | BARRnet, Palo Alto","MIDnet, Lincoln, NE->NCSA, University of Illinois, Champaign | NCSA, University of Illinois, Champaign->Merit Univ of Michigan, Ann Arbor | Merit Univ of Michigan, Ann Arbor->BARRnet, Palo Alto",1
25,nsfnet,7,1.0,uncertainty_aware_lstm_robust_lp,critical_failure_fixed,"NCSA, University of Illinois, Champaign -> Merit Univ of Michigan, Ann Arbor & Merit Univ of Michigan, Ann Arbor -> NCSA, University of Illinois, Champaign",5,"MIDnet, Lincoln, NE","BARRnet, Palo Alto",2,0.32013326,"MIDnet, Lincoln, NE | NCSA, University of Illinois, Champaign | SEQSUINET, Rice University, Houston | San Diego Supercomputer Center | BARRnet, Palo Alto","MIDnet, Lincoln, NE->NCSA, University of Illinois, Champaign | NCSA, University of Illinois, Champaign->SEQSUINET, Rice University, Houston | SEQSUINET, Rice University, Houston->San Diego Supercomputer Center | San Diego Supercomputer Center->BARRnet, Palo Alto",0
25,nsfnet,7,1.0,uncertainty_aware_lstm_robust_lp,random_failure_fixed,"NorthWestNet, Seattle -> NCAR, Boulder & NCAR, Boulder -> NorthWestNet, Seattle",1,San Diego Supercomputer Center,"NCAR, Boulder",1,5.4944291,"San Diego Supercomputer Center | BARRnet, Palo Alto | NorthWestNet, Seattle | NCAR, Boulder","San Diego Supercomputer Center->BARRnet, Palo Alto | BARRnet, Palo Alto->NorthWestNet, Seattle | NorthWestNet, Seattle->NCAR, Boulder",1
25,nsfnet,7,1.0,uncertainty_aware_lstm_robust_lp,random_failure_fixed,"NorthWestNet, Seattle -> NCAR, Boulder & NCAR, Boulder -> NorthWestNet, Seattle",2,"NorthWestNet, Seattle","NCSA, University of Illinois, Champaign",1,5.3014507,"NorthWestNet, Seattle | NCAR, Boulder | NCSA, University of Illinois, Champaign","NorthWestNet, Seattle->NCAR, Boulder | NCAR, Boulder->NCSA, University of Illinois, Champaign",1
25,nsfnet,7,1.0,uncertainty_aware_lstm_robust_lp,random_failure_fixed,"NorthWestNet, Seattle -> NCAR, Boulder & NCAR, Boulder -> NorthWestNet, Seattle",3,"Westnet, Salt Lake City",San Diego Supercomputer Center,1,5.0998793,"Westnet, Salt Lake City | NCAR, Boulder | NorthWestNet, Seattle | BARRnet, Palo Alto | San Diego Supercomputer Center","Westnet, Salt Lake City->NCAR, Boulder | NCAR, Boulder->NorthWestNet, Seattle | NorthWestNet, Seattle->BARRnet, Palo Alto | BARRnet, Palo Alto->San Diego Supercomputer Center",1
25,nsfnet,7,1.0,uncertainty_aware_lstm_robust_lp,random_failure_fixed,"NorthWestNet, Seattle -> NCAR, Boulder & NCAR, Boulder -> NorthWestNet, Seattle",4,"NorthWestNet, Seattle","MIDnet, Lincoln, NE",1,4.9796176,"NorthWestNet, Seattle | NCAR, Boulder | NCSA, University of Illinois, Champaign | MIDnet, Lincoln, NE","NorthWestNet, Seattle->NCAR, Boulder | NCAR, Boulder->NCSA, University of Illinois, Champaign | NCSA, University of Illinois, Champaign->MIDnet, Lincoln, NE",1
25,nsfnet,7,1.0,uncertainty_aware_lstm_robust_lp,random_failure_fixed,"NorthWestNet, Seattle -> NCAR, Boulder & NCAR, Boulder -> NorthWestNet, Seattle",5,"NCAR, Boulder","NorthWestNet, Seattle",1,4.7726226,"NCAR, Boulder | NorthWestNet, Seattle","NCAR, Boulder->NorthWestNet, Seattle",1
26,nsfnet,7,1.0,current_demand_lp,critical_failure_fixed,"NCSA, University of Illinois, Champaign -> Merit Univ of Michigan, Ann Arbor & Merit Univ of Michigan, Ann Arbor -> NCSA, University of Illinois, Champaign",1,"NCSA, University of Illinois, Champaign","Merit Univ of Michigan, Ann Arbor",1,7.7258012,"NCSA, University of Illinois, Champaign | Merit Univ of Michigan, Ann Arbor","NCSA, University of Illinois, Champaign->Merit Univ of Michigan, Ann Arbor",1
26,nsfnet,7,1.0,current_demand_lp,critical_failure_fixed,"NCSA, University of Illinois, Champaign -> Merit Univ of Michigan, Ann Arbor & Merit Univ of Michigan, Ann Arbor -> NCSA, University of Illinois, Champaign",2,"MIDnet, Lincoln, NE","Cornell Theory Center, Ithaca NY",1,7.5829398,"MIDnet, Lincoln, NE | NCSA, University of Illinois, Champaign | Merit Univ of Michigan, Ann Arbor | Cornell Theory Center, Ithaca NY","MIDnet, Lincoln, NE->NCSA, University of Illinois, Champaign | NCSA, University of Illinois, Champaign->Merit Univ of Michigan, Ann Arbor | Merit Univ of Michigan, Ann Arbor->Cornell Theory Center, Ithaca NY",1
26,nsfnet,7,1.0,current_demand_lp,critical_failure_fixed,"NCSA, University of Illinois, Champaign -> Merit Univ of Michigan, Ann Arbor & Merit Univ of Michigan, Ann Arbor -> NCSA, University of Illinois, Champaign",3,"MIDnet, Lincoln, NE","BARRnet, Palo Alto",1,7.5157035,"MIDnet, Lincoln, NE | NCSA, University of Illinois, Champaign | Merit Univ of Michigan, Ann Arbor | BARRnet, Palo Alto","MIDnet, Lincoln, NE->NCSA, University of Illinois, Champaign | NCSA, University of Illinois, Champaign->Merit Univ of Michigan, Ann Arbor | Merit Univ of Michigan, Ann Arbor->BARRnet, Palo Alto",1
26,nsfnet,7,1.0,current_demand_lp,critical_failure_fixed,"NCSA, University of Illinois, Champaign -> Merit Univ of Michigan, Ann Arbor & Merit Univ of Michigan, Ann Arbor -> NCSA, University of Illinois, Champaign",4,"NCSA, University of Illinois, Champaign","BARRnet, Palo Alto",1,7.4103773,"NCSA, University of Illinois, Champaign | Merit Univ of Michigan, Ann Arbor | BARRnet, Palo Alto","NCSA, University of Illinois, Champaign->Merit Univ of Michigan, Ann Arbor | Merit Univ of Michigan, Ann Arbor->BARRnet, Palo Alto",1
26,nsfnet,7,1.0,current_demand_lp,critical_failure_fixed,"NCSA, University of Illinois, Champaign -> Merit Univ of Michigan, Ann Arbor & Merit Univ of Michigan, Ann Arbor -> NCSA, University of Illinois, Champaign",5,Pittsburgh Supercomputer Center,"MIDnet, Lincoln, NE",1,7.0705805,"Pittsburgh Supercomputer Center | Merit Univ of Michigan, Ann Arbor | NCSA, University of Illinois, Champaign | MIDnet, Lincoln, NE","Pittsburgh Supercomputer Center->Merit Univ of Michigan, Ann Arbor | Merit Univ of Michigan, Ann Arbor->NCSA, University of Illinois, Champaign | NCSA, University of Illinois, Champaign->MIDnet, Lincoln, NE",1
26,nsfnet,7,1.0,current_demand_lp,random_failure_fixed,"NCAR, Boulder -> NCSA, University of Illinois, Champaign & NCSA, University of Illinois, Champaign -> NCAR, Boulder",1,"NorthWestNet, Seattle","NCSA, University of Illinois, Champaign",1,7.4583469,"NorthWestNet, Seattle | NCAR, Boulder | NCSA, University of Illinois, Champaign","NorthWestNet, Seattle->NCAR, Boulder | NCAR, Boulder->NCSA, University of Illinois, Champaign",1
26,nsfnet,7,1.0,current_demand_lp,random_failure_fixed,"NCAR, Boulder -> NCSA, University of Illinois, Champaign & NCSA, University of Illinois, Champaign -> NCAR, Boulder",2,"SEQSUINET, Rice University, Houston","Westnet, Salt Lake City",1,7.3728598,"SEQSUINET, Rice University, Houston | NCSA, University of Illinois, Champaign | NCAR, Boulder | Westnet, Salt Lake City","SEQSUINET, Rice University, Houston->NCSA, University of Illinois, Champaign | NCSA, University of Illinois, Champaign->NCAR, Boulder | NCAR, Boulder->Westnet, Salt Lake City",1
26,nsfnet,7,1.0,current_demand_lp,random_failure_fixed,"NCAR, Boulder -> NCSA, University of Illinois, Champaign & NCSA, University of Illinois, Champaign -> NCAR, Boulder",3,"Westnet, Salt Lake City","SEQSUINET, Rice University, Houston",1,7.2161203,"Westnet, Salt Lake City | NCAR, Boulder | NCSA, University of Illinois, Champaign | SEQSUINET, Rice University, Houston","Westnet, Salt Lake City->NCAR, Boulder | NCAR, Boulder->NCSA, University of Illinois, Champaign | NCSA, University of Illinois, Champaign->SEQSUINET, Rice University, Houston",1
26,nsfnet,7,1.0,current_demand_lp,random_failure_fixed,"NCAR, Boulder -> NCSA, University of Illinois, Champaign & NCSA, University of Illinois, Champaign -> NCAR, Boulder",4,"NCSA, University of Illinois, Champaign","Westnet, Salt Lake City",1,7.0349048,"NCSA, University of Illinois, Champaign | NCAR, Boulder | Westnet, Salt Lake City","NCSA, University of Illinois, Champaign->NCAR, Boulder | NCAR, Boulder->Westnet, Salt Lake City",1
26,nsfnet,7,1.0,current_demand_lp,random_failure_fixed,"NCAR, Boulder -> NCSA, University of Illinois, Champaign & NCSA, University of Illinois, Champaign -> NCAR, Boulder",5,"MIDnet, Lincoln, NE","NCAR, Boulder",1,6.9592208,"MIDnet, Lincoln, NE | NCSA, University of Illinois, Champaign | NCAR, Boulder","MIDnet, Lincoln, NE->NCSA, University of Illinois, Champaign | NCSA, University of Illinois, Champaign->NCAR, Boulder",1
26,nsfnet,7,1.0,robust_current_demand_lp,critical_failure_fixed,"NCSA, University of Illinois, Champaign -> Merit Univ of Michigan, Ann Arbor & Merit Univ of Michigan, Ann Arbor -> NCSA, University of Illinois, Champaign",1,"NCSA, University of Illinois, Champaign","Merit Univ of Michigan, Ann Arbor",1,7.7258012,"NCSA, University of Illinois, Champaign | Merit Univ of Michigan, Ann Arbor","NCSA, University of Illinois, Champaign->Merit Univ of Michigan, Ann Arbor",1
26,nsfnet,7,1.0,robust_current_demand_lp,critical_failure_fixed,"NCSA, University of Illinois, Champaign -> Merit Univ of Michigan, Ann Arbor & Merit Univ of Michigan, Ann Arbor -> NCSA, University of Illinois, Champaign",2,"MIDnet, Lincoln, NE","Cornell Theory Center, Ithaca NY",1,7.5829398,"MIDnet, Lincoln, NE | NCSA, University of Illinois, Champaign | Merit Univ of Michigan, Ann Arbor | Cornell Theory Center, Ithaca NY","MIDnet, Lincoln, NE->NCSA, University of Illinois, Champaign | NCSA, University of Illinois, Champaign->Merit Univ of Michigan, Ann Arbor | Merit Univ of Michigan, Ann Arbor->Cornell Theory Center, Ithaca NY",1
26,nsfnet,7,1.0,robust_current_demand_lp,critical_failure_fixed,"NCSA, University of Illinois, Champaign -> Merit Univ of Michigan, Ann Arbor & Merit Univ of Michigan, Ann Arbor -> NCSA, University of Illinois, Champaign",3,"NCSA, University of Illinois, Champaign","BARRnet, Palo Alto",1,7.4103773,"NCSA, University of Illinois, Champaign | Merit Univ of Michigan, Ann Arbor | BARRnet, Palo Alto","NCSA, University of Illinois, Champaign->Merit Univ of Michigan, Ann Arbor | Merit Univ of Michigan, Ann Arbor->BARRnet, Palo Alto",1
26,nsfnet,7,1.0,robust_current_demand_lp,critical_failure_fixed,"NCSA, University of Illinois, Champaign -> Merit Univ of Michigan, Ann Arbor & Merit Univ of Michigan, Ann Arbor -> NCSA, University of Illinois, Champaign",4,Pittsburgh Supercomputer Center,"MIDnet, Lincoln, NE",1,7.0705805,"Pittsburgh Supercomputer Center | Merit Univ of Michigan, Ann Arbor | NCSA, University of Illinois, Champaign | MIDnet, Lincoln, NE","Pittsburgh Supercomputer Center->Merit Univ of Michigan, Ann Arbor | Merit Univ of Michigan, Ann Arbor->NCSA, University of Illinois, Champaign | NCSA, University of Illinois, Champaign->MIDnet, Lincoln, NE",1
26,nsfnet,7,1.0,robust_current_demand_lp,critical_failure_fixed,"NCSA, University of Illinois, Champaign -> Merit Univ of Michigan, Ann Arbor & Merit Univ of Michigan, Ann Arbor -> NCSA, University of Illinois, Champaign",5,"MIDnet, Lincoln, NE","BARRnet, Palo Alto",1,7.0473736,"MIDnet, Lincoln, NE | NCSA, University of Illinois, Champaign | Merit Univ of Michigan, Ann Arbor | BARRnet, Palo Alto","MIDnet, Lincoln, NE->NCSA, University of Illinois, Champaign | NCSA, University of Illinois, Champaign->Merit Univ of Michigan, Ann Arbor | Merit Univ of Michigan, Ann Arbor->BARRnet, Palo Alto",1
26,nsfnet,7,1.0,robust_current_demand_lp,critical_failure_fixed,"NCSA, University of Illinois, Champaign -> Merit Univ of Michigan, Ann Arbor & Merit Univ of Michigan, Ann Arbor -> NCSA, University of Illinois, Champaign",5,"MIDnet, Lincoln, NE","BARRnet, Palo Alto",2,0.46832989999999963,"MIDnet, Lincoln, NE | NCSA, University of Illinois, Champaign | SEQSUINET, Rice University, Houston | San Diego Supercomputer Center | BARRnet, Palo Alto","MIDnet, Lincoln, NE->NCSA, University of Illinois, Champaign | NCSA, University of Illinois, Champaign->SEQSUINET, Rice University, Houston | SEQSUINET, Rice University, Houston->San Diego Supercomputer Center | San Diego Supercomputer Center->BARRnet, Palo Alto",0
26,nsfnet,7,1.0,robust_current_demand_lp,random_failure_fixed,"NCAR, Boulder -> NCSA, University of Illinois, Champaign & NCSA, University of Illinois, Champaign -> NCAR, Boulder",1,"NorthWestNet, Seattle","NCSA, University of Illinois, Champaign",1,7.4583469,"NorthWestNet, Seattle | NCAR, Boulder | NCSA, University of Illinois, Champaign","NorthWestNet, Seattle->NCAR, Boulder | NCAR, Boulder->NCSA, University of Illinois, Champaign",1
26,nsfnet,7,1.0,robust_current_demand_lp,random_failure_fixed,"NCAR, Boulder -> NCSA, University of Illinois, Champaign & NCSA, University of Illinois, Champaign -> NCAR, Boulder",2,"SEQSUINET, Rice University, Houston","Westnet, Salt Lake City",1,7.3728598,"SEQSUINET, Rice University, Houston | NCSA, University of Illinois, Champaign | NCAR, Boulder | Westnet, Salt Lake City","SEQSUINET, Rice University, Houston->NCSA, University of Illinois, Champaign | NCSA, University of Illinois, Champaign->NCAR, Boulder | NCAR, Boulder->Westnet, Salt Lake City",1
26,nsfnet,7,1.0,robust_current_demand_lp,random_failure_fixed,"NCAR, Boulder -> NCSA, University of Illinois, Champaign & NCSA, University of Illinois, Champaign -> NCAR, Boulder",3,"Westnet, Salt Lake City","SEQSUINET, Rice University, Houston",1,7.2161203,"Westnet, Salt Lake City | NCAR, Boulder | NCSA, University of Illinois, Champaign | SEQSUINET, Rice University, Houston","Westnet, Salt Lake City->NCAR, Boulder | NCAR, Boulder->NCSA, University of Illinois, Champaign | NCSA, University of Illinois, Champaign->SEQSUINET, Rice University, Houston",1
26,nsfnet,7,1.0,robust_current_demand_lp,random_failure_fixed,"NCAR, Boulder -> NCSA, University of Illinois, Champaign & NCSA, University of Illinois, Champaign -> NCAR, Boulder",4,"NCSA, University of Illinois, Champaign","Westnet, Salt Lake City",1,7.0349048,"NCSA, University of Illinois, Champaign | NCAR, Boulder | Westnet, Salt Lake City","NCSA, University of Illinois, Champaign->NCAR, Boulder | NCAR, Boulder->Westnet, Salt Lake City",1
26,nsfnet,7,1.0,robust_current_demand_lp,random_failure_fixed,"NCAR, Boulder -> NCSA, University of Illinois, Champaign & NCSA, University of Illinois, Champaign -> NCAR, Boulder",5,"MIDnet, Lincoln, NE","NCAR, Boulder",1,6.9592208,"MIDnet, Lincoln, NE | NCSA, University of Illinois, Champaign | NCAR, Boulder","MIDnet, Lincoln, NE->NCSA, University of Illinois, Champaign | NCSA, University of Illinois, Champaign->NCAR, Boulder",1
26,nsfnet,7,1.0,uncertainty_aware_lstm_robust_lp,critical_failure_fixed,"NCSA, University of Illinois, Champaign -> Merit Univ of Michigan, Ann Arbor & Merit Univ of Michigan, Ann Arbor -> NCSA, University of Illinois, Champaign",1,"NCSA, University of Illinois, Champaign","Merit Univ of Michigan, Ann Arbor",1,5.3954248,"NCSA, University of Illinois, Champaign | Merit Univ of Michigan, Ann Arbor","NCSA, University of Illinois, Champaign->Merit Univ of Michigan, Ann Arbor",1
26,nsfnet,7,1.0,uncertainty_aware_lstm_robust_lp,critical_failure_fixed,"NCSA, University of Illinois, Champaign -> Merit Univ of Michigan, Ann Arbor & Merit Univ of Michigan, Ann Arbor -> NCSA, University of Illinois, Champaign",2,"MIDnet, Lincoln, NE","Cornell Theory Center, Ithaca NY",1,5.3664908,"MIDnet, Lincoln, NE | NCSA, University of Illinois, Champaign | Merit Univ of Michigan, Ann Arbor | Cornell Theory Center, Ithaca NY","MIDnet, Lincoln, NE->NCSA, University of Illinois, Champaign | NCSA, University of Illinois, Champaign->Merit Univ of Michigan, Ann Arbor | Merit Univ of Michigan, Ann Arbor->Cornell Theory Center, Ithaca NY",1
26,nsfnet,7,1.0,uncertainty_aware_lstm_robust_lp,critical_failure_fixed,"NCSA, University of Illinois, Champaign -> Merit Univ of Michigan, Ann Arbor & Merit Univ of Michigan, Ann Arbor -> NCSA, University of Illinois, Champaign",3,"NCSA, University of Illinois, Champaign","BARRnet, Palo Alto",1,5.302372,"NCSA, University of Illinois, Champaign | Merit Univ of Michigan, Ann Arbor | BARRnet, Palo Alto","NCSA, University of Illinois, Champaign->Merit Univ of Michigan, Ann Arbor | Merit Univ of Michigan, Ann Arbor->BARRnet, Palo Alto",1
26,nsfnet,7,1.0,uncertainty_aware_lstm_robust_lp,critical_failure_fixed,"NCSA, University of Illinois, Champaign -> Merit Univ of Michigan, Ann Arbor & Merit Univ of Michigan, Ann Arbor -> NCSA, University of Illinois, Champaign",4,Pittsburgh Supercomputer Center,"MIDnet, Lincoln, NE",1,5.1356792,"Pittsburgh Supercomputer Center | Merit Univ of Michigan, Ann Arbor | NCSA, University of Illinois, Champaign | MIDnet, Lincoln, NE","Pittsburgh Supercomputer Center->Merit Univ of Michigan, Ann Arbor | Merit Univ of Michigan, Ann Arbor->NCSA, University of Illinois, Champaign | NCSA, University of Illinois, Champaign->MIDnet, Lincoln, NE",1
26,nsfnet,7,1.0,uncertainty_aware_lstm_robust_lp,critical_failure_fixed,"NCSA, University of Illinois, Champaign -> Merit Univ of Michigan, Ann Arbor & Merit Univ of Michigan, Ann Arbor -> NCSA, University of Illinois, Champaign",5,"MIDnet, Lincoln, NE","BARRnet, Palo Alto",1,5.0765161,"MIDnet, Lincoln, NE | NCSA, University of Illinois, Champaign | Merit Univ of Michigan, Ann Arbor | BARRnet, Palo Alto","MIDnet, Lincoln, NE->NCSA, University of Illinois, Champaign | NCSA, University of Illinois, Champaign->Merit Univ of Michigan, Ann Arbor | Merit Univ of Michigan, Ann Arbor->BARRnet, Palo Alto",1
26,nsfnet,7,1.0,uncertainty_aware_lstm_robust_lp,critical_failure_fixed,"NCSA, University of Illinois, Champaign -> Merit Univ of Michigan, Ann Arbor & Merit Univ of Michigan, Ann Arbor -> NCSA, University of Illinois, Champaign",5,"MIDnet, Lincoln, NE","BARRnet, Palo Alto",2,0.32013326,"MIDnet, Lincoln, NE | NCSA, University of Illinois, Champaign | SEQSUINET, Rice University, Houston | San Diego Supercomputer Center | BARRnet, Palo Alto","MIDnet, Lincoln, NE->NCSA, University of Illinois, Champaign | NCSA, University of Illinois, Champaign->SEQSUINET, Rice University, Houston | SEQSUINET, Rice University, Houston->San Diego Supercomputer Center | San Diego Supercomputer Center->BARRnet, Palo Alto",0
26,nsfnet,7,1.0,uncertainty_aware_lstm_robust_lp,random_failure_fixed,"NCAR, Boulder -> NCSA, University of Illinois, Champaign & NCSA, University of Illinois, Champaign -> NCAR, Boulder",1,"NorthWestNet, Seattle","NCSA, University of Illinois, Champaign",1,5.3014507,"NorthWestNet, Seattle | NCAR, Boulder | NCSA, University of Illinois, Champaign","NorthWestNet, Seattle->NCAR, Boulder | NCAR, Boulder->NCSA, University of Illinois, Champaign",1
26,nsfnet,7,1.0,uncertainty_aware_lstm_robust_lp,random_failure_fixed,"NCAR, Boulder -> NCSA, University of Illinois, Champaign & NCSA, University of Illinois, Champaign -> NCAR, Boulder",2,"MIDnet, Lincoln, NE","NCAR, Boulder",1,5.2506576,"MIDnet, Lincoln, NE | NCSA, University of Illinois, Champaign | NCAR, Boulder","MIDnet, Lincoln, NE->NCSA, University of Illinois, Champaign | NCSA, University of Illinois, Champaign->NCAR, Boulder",1
26,nsfnet,7,1.0,uncertainty_aware_lstm_robust_lp,random_failure_fixed,"NCAR, Boulder -> NCSA, University of Illinois, Champaign & NCSA, University of Illinois, Champaign -> NCAR, Boulder",3,"Westnet, Salt Lake City","SEQSUINET, Rice University, Houston",1,5.074162,"Westnet, Salt Lake City | NCAR, Boulder | NCSA, University of Illinois, Champaign | SEQSUINET, Rice University, Houston","Westnet, Salt Lake City->NCAR, Boulder | NCAR, Boulder->NCSA, University of Illinois, Champaign | NCSA, University of Illinois, Champaign->SEQSUINET, Rice University, Houston",1
26,nsfnet,7,1.0,uncertainty_aware_lstm_robust_lp,random_failure_fixed,"NCAR, Boulder -> NCSA, University of Illinois, Champaign & NCSA, University of Illinois, Champaign -> NCAR, Boulder",4,"Westnet, Salt Lake City","Merit Univ of Michigan, Ann Arbor",1,5.0100198,"Westnet, Salt Lake City | NCAR, Boulder | NCSA, University of Illinois, Champaign | Merit Univ of Michigan, Ann Arbor","Westnet, Salt Lake City->NCAR, Boulder | NCAR, Boulder->NCSA, University of Illinois, Champaign | NCSA, University of Illinois, Champaign->Merit Univ of Michigan, Ann Arbor",1
26,nsfnet,7,1.0,uncertainty_aware_lstm_robust_lp,random_failure_fixed,"NCAR, Boulder -> NCSA, University of Illinois, Champaign & NCSA, University of Illinois, Champaign -> NCAR, Boulder",5,"NorthWestNet, Seattle","MIDnet, Lincoln, NE",1,4.9796176,"NorthWestNet, Seattle | NCAR, Boulder | NCSA, University of Illinois, Champaign | MIDnet, Lincoln, NE","NorthWestNet, Seattle->NCAR, Boulder | NCAR, Boulder->NCSA, University of Illinois, Champaign | NCSA, University of Illinois, Champaign->MIDnet, Lincoln, NE",1
27,nsfnet,7,1.0,current_demand_lp,critical_failure_fixed,"NCSA, University of Illinois, Champaign -> Merit Univ of Michigan, Ann Arbor & Merit Univ of Michigan, Ann Arbor -> NCSA, University of Illinois, Champaign",1,"MIDnet, Lincoln, NE","BARRnet, Palo Alto",1,8.0101823,"MIDnet, Lincoln, NE | NCSA, University of Illinois, Champaign | Merit Univ of Michigan, Ann Arbor | BARRnet, Palo Alto","MIDnet, Lincoln, NE->NCSA, University of Illinois, Champaign | NCSA, University of Illinois, Champaign->Merit Univ of Michigan, Ann Arbor | Merit Univ of Michigan, Ann Arbor->BARRnet, Palo Alto",1
27,nsfnet,7,1.0,current_demand_lp,critical_failure_fixed,"NCSA, University of Illinois, Champaign -> Merit Univ of Michigan, Ann Arbor & Merit Univ of Michigan, Ann Arbor -> NCSA, University of Illinois, Champaign",2,"MIDnet, Lincoln, NE","Cornell Theory Center, Ithaca NY",1,7.8494311,"MIDnet, Lincoln, NE | NCSA, University of Illinois, Champaign | Merit Univ of Michigan, Ann Arbor | Cornell Theory Center, Ithaca NY","MIDnet, Lincoln, NE->NCSA, University of Illinois, Champaign | NCSA, University of Illinois, Champaign->Merit Univ of Michigan, Ann Arbor | Merit Univ of Michigan, Ann Arbor->Cornell Theory Center, Ithaca NY",1
27,nsfnet,7,1.0,current_demand_lp,critical_failure_fixed,"NCSA, University of Illinois, Champaign -> Merit Univ of Michigan, Ann Arbor & Merit Univ of Michigan, Ann Arbor -> NCSA, University of Illinois, Champaign",3,"SEQSUINET, Rice University, Houston",Pittsburgh Supercomputer Center,1,7.6698993,"SEQSUINET, Rice University, Houston | NCSA, University of Illinois, Champaign | Merit Univ of Michigan, Ann Arbor | Pittsburgh Supercomputer Center","SEQSUINET, Rice University, Houston->NCSA, University of Illinois, Champaign | NCSA, University of Illinois, Champaign->Merit Univ of Michigan, Ann Arbor | Merit Univ of Michigan, Ann Arbor->Pittsburgh Supercomputer Center",1
27,nsfnet,7,1.0,current_demand_lp,critical_failure_fixed,"NCSA, University of Illinois, Champaign -> Merit Univ of Michigan, Ann Arbor & Merit Univ of Michigan, Ann Arbor -> NCSA, University of Illinois, Champaign",4,"NCSA, University of Illinois, Champaign","Merit Univ of Michigan, Ann Arbor",1,7.4700418,"NCSA, University of Illinois, Champaign | Merit Univ of Michigan, Ann Arbor","NCSA, University of Illinois, Champaign->Merit Univ of Michigan, Ann Arbor",1
27,nsfnet,7,1.0,current_demand_lp,critical_failure_fixed,"NCSA, University of Illinois, Champaign -> Merit Univ of Michigan, Ann Arbor & Merit Univ of Michigan, Ann Arbor -> NCSA, University of Illinois, Champaign",5,"NCSA, University of Illinois, Champaign","BARRnet, Palo Alto",1,7.3267333,"NCSA, University of Illinois, Champaign | Merit Univ of Michigan, Ann Arbor | BARRnet, Palo Alto","NCSA, University of Illinois, Champaign->Merit Univ of Michigan, Ann Arbor | Merit Univ of Michigan, Ann Arbor->BARRnet, Palo Alto",1
27,nsfnet,7,1.0,current_demand_lp,random_failure_fixed,"SEQSUINET, Rice University, Houston -> SURANET, Georgia Tech, Atlanta & SURANET, Georgia Tech, Atlanta -> SEQSUINET, Rice University, Houston",1,"SURANET, Georgia Tech, Atlanta","NorthWestNet, Seattle",1,7.8214877,"SURANET, Georgia Tech, Atlanta | SEQSUINET, Rice University, Houston | San Diego Supercomputer Center | BARRnet, Palo Alto | NorthWestNet, Seattle","SURANET, Georgia Tech, Atlanta->SEQSUINET, Rice University, Houston | SEQSUINET, Rice University, Houston->San Diego Supercomputer Center | San Diego Supercomputer Center->BARRnet, Palo Alto | BARRnet, Palo Alto->NorthWestNet, Seattle",1
27,nsfnet,7,1.0,current_demand_lp,random_failure_fixed,"SEQSUINET, Rice University, Houston -> SURANET, Georgia Tech, Atlanta & SURANET, Georgia Tech, Atlanta -> SEQSUINET, Rice University, Houston",2,"NCSA, University of Illinois, Champaign","SURANET, Georgia Tech, Atlanta",1,7.6683377,"NCSA, University of Illinois, Champaign | SEQSUINET, Rice University, Houston | SURANET, Georgia Tech, Atlanta","NCSA, University of Illinois, Champaign->SEQSUINET, Rice University, Houston | SEQSUINET, Rice University, Houston->SURANET, Georgia Tech, Atlanta",1
27,nsfnet,7,1.0,current_demand_lp,random_failure_fixed,"SEQSUINET, Rice University, Houston -> SURANET, Georgia Tech, Atlanta & SURANET, Georgia Tech, Atlanta -> SEQSUINET, Rice University, Houston",3,"SEQSUINET, Rice University, Houston","Jon Von Neumann Center, Princeton, NJ",1,7.4141197,"SEQSUINET, Rice University, Houston | SURANET, Georgia Tech, Atlanta | Jon Von Neumann Center, Princeton, NJ","SEQSUINET, Rice University, Houston->SURANET, Georgia Tech, Atlanta | SURANET, Georgia Tech, Atlanta->Jon Von Neumann Center, Princeton, NJ",1
27,nsfnet,7,1.0,current_demand_lp,random_failure_fixed,"SEQSUINET, Rice University, Houston -> SURANET, Georgia Tech, Atlanta & SURANET, Georgia Tech, Atlanta -> SEQSUINET, Rice University, Houston",4,"NCAR, Boulder","SURANET, Georgia Tech, Atlanta",1,7.2210535,"NCAR, Boulder | NCSA, University of Illinois, Champaign | SEQSUINET, Rice University, Houston | SURANET, Georgia Tech, Atlanta","NCAR, Boulder->NCSA, University of Illinois, Champaign | NCSA, University of Illinois, Champaign->SEQSUINET, Rice University, Houston | SEQSUINET, Rice University, Houston->SURANET, Georgia Tech, Atlanta",1
27,nsfnet,7,1.0,current_demand_lp,random_failure_fixed,"SEQSUINET, Rice University, Houston -> SURANET, Georgia Tech, Atlanta & SURANET, Georgia Tech, Atlanta -> SEQSUINET, Rice University, Houston",5,"SURANET, Georgia Tech, Atlanta","Merit Univ of Michigan, Ann Arbor",1,6.9835512,"SURANET, Georgia Tech, Atlanta | SEQSUINET, Rice University, Houston | NCSA, University of Illinois, Champaign | Merit Univ of Michigan, Ann Arbor","SURANET, Georgia Tech, Atlanta->SEQSUINET, Rice University, Houston | SEQSUINET, Rice University, Houston->NCSA, University of Illinois, Champaign | NCSA, University of Illinois, Champaign->Merit Univ of Michigan, Ann Arbor",1
27,nsfnet,7,1.0,robust_current_demand_lp,critical_failure_fixed,"NCSA, University of Illinois, Champaign -> Merit Univ of Michigan, Ann Arbor & Merit Univ of Michigan, Ann Arbor -> NCSA, University of Illinois, Champaign",1,"MIDnet, Lincoln, NE","BARRnet, Palo Alto",1,8.0101823,"MIDnet, Lincoln, NE | NCSA, University of Illinois, Champaign | Merit Univ of Michigan, Ann Arbor | BARRnet, Palo Alto","MIDnet, Lincoln, NE->NCSA, University of Illinois, Champaign | NCSA, University of Illinois, Champaign->Merit Univ of Michigan, Ann Arbor | Merit Univ of Michigan, Ann Arbor->BARRnet, Palo Alto",1
27,nsfnet,7,1.0,robust_current_demand_lp,critical_failure_fixed,"NCSA, University of Illinois, Champaign -> Merit Univ of Michigan, Ann Arbor & Merit Univ of Michigan, Ann Arbor -> NCSA, University of Illinois, Champaign",2,"MIDnet, Lincoln, NE","Cornell Theory Center, Ithaca NY",1,7.8494311,"MIDnet, Lincoln, NE | NCSA, University of Illinois, Champaign | Merit Univ of Michigan, Ann Arbor | Cornell Theory Center, Ithaca NY","MIDnet, Lincoln, NE->NCSA, University of Illinois, Champaign | NCSA, University of Illinois, Champaign->Merit Univ of Michigan, Ann Arbor | Merit Univ of Michigan, Ann Arbor->Cornell Theory Center, Ithaca NY",1
27,nsfnet,7,1.0,robust_current_demand_lp,critical_failure_fixed,"NCSA, University of Illinois, Champaign -> Merit Univ of Michigan, Ann Arbor & Merit Univ of Michigan, Ann Arbor -> NCSA, University of Illinois, Champaign",3,"SEQSUINET, Rice University, Houston",Pittsburgh Supercomputer Center,1,7.6698993,"SEQSUINET, Rice University, Houston | NCSA, University of Illinois, Champaign | Merit Univ of Michigan, Ann Arbor | Pittsburgh Supercomputer Center","SEQSUINET, Rice University, Houston->NCSA, University of Illinois, Champaign | NCSA, University of Illinois, Champaign->Merit Univ of Michigan, Ann Arbor | Merit Univ of Michigan, Ann Arbor->Pittsburgh Supercomputer Center",1
27,nsfnet,7,1.0,robust_current_demand_lp,critical_failure_fixed,"NCSA, University of Illinois, Champaign -> Merit Univ of Michigan, Ann Arbor & Merit Univ of Michigan, Ann Arbor -> NCSA, University of Illinois, Champaign",4,"NCSA, University of Illinois, Champaign","Merit Univ of Michigan, Ann Arbor",1,7.4700418,"NCSA, University of Illinois, Champaign | Merit Univ of Michigan, Ann Arbor","NCSA, University of Illinois, Champaign->Merit Univ of Michigan, Ann Arbor",1
27,nsfnet,7,1.0,robust_current_demand_lp,critical_failure_fixed,"NCSA, University of Illinois, Champaign -> Merit Univ of Michigan, Ann Arbor & Merit Univ of Michigan, Ann Arbor -> NCSA, University of Illinois, Champaign",5,"NCSA, University of Illinois, Champaign","BARRnet, Palo Alto",1,7.3267333,"NCSA, University of Illinois, Champaign | Merit Univ of Michigan, Ann Arbor | BARRnet, Palo Alto","NCSA, University of Illinois, Champaign->Merit Univ of Michigan, Ann Arbor | Merit Univ of Michigan, Ann Arbor->BARRnet, Palo Alto",1
27,nsfnet,7,1.0,robust_current_demand_lp,random_failure_fixed,"SEQSUINET, Rice University, Houston -> SURANET, Georgia Tech, Atlanta & SURANET, Georgia Tech, Atlanta -> SEQSUINET, Rice University, Houston",1,"SURANET, Georgia Tech, Atlanta","NorthWestNet, Seattle",1,7.8214877,"SURANET, Georgia Tech, Atlanta | SEQSUINET, Rice University, Houston | San Diego Supercomputer Center | BARRnet, Palo Alto | NorthWestNet, Seattle","SURANET, Georgia Tech, Atlanta->SEQSUINET, Rice University, Houston | SEQSUINET, Rice University, Houston->San Diego Supercomputer Center | San Diego Supercomputer Center->BARRnet, Palo Alto | BARRnet, Palo Alto->NorthWestNet, Seattle",1
27,nsfnet,7,1.0,robust_current_demand_lp,random_failure_fixed,"SEQSUINET, Rice University, Houston -> SURANET, Georgia Tech, Atlanta & SURANET, Georgia Tech, Atlanta -> SEQSUINET, Rice University, Houston",2,"NCSA, University of Illinois, Champaign","SURANET, Georgia Tech, Atlanta",1,7.6683377,"NCSA, University of Illinois, Champaign | SEQSUINET, Rice University, Houston | SURANET, Georgia Tech, Atlanta","NCSA, University of Illinois, Champaign->SEQSUINET, Rice University, Houston | SEQSUINET, Rice University, Houston->SURANET, Georgia Tech, Atlanta",1
27,nsfnet,7,1.0,robust_current_demand_lp,random_failure_fixed,"SEQSUINET, Rice University, Houston -> SURANET, Georgia Tech, Atlanta & SURANET, Georgia Tech, Atlanta -> SEQSUINET, Rice University, Houston",3,"SEQSUINET, Rice University, Houston","Jon Von Neumann Center, Princeton, NJ",1,7.4141197,"SEQSUINET, Rice University, Houston | SURANET, Georgia Tech, Atlanta | Jon Von Neumann Center, Princeton, NJ","SEQSUINET, Rice University, Houston->SURANET, Georgia Tech, Atlanta | SURANET, Georgia Tech, Atlanta->Jon Von Neumann Center, Princeton, NJ",1
27,nsfnet,7,1.0,robust_current_demand_lp,random_failure_fixed,"SEQSUINET, Rice University, Houston -> SURANET, Georgia Tech, Atlanta & SURANET, Georgia Tech, Atlanta -> SEQSUINET, Rice University, Houston",4,"NCAR, Boulder","SURANET, Georgia Tech, Atlanta",1,7.2210535,"NCAR, Boulder | NCSA, University of Illinois, Champaign | SEQSUINET, Rice University, Houston | SURANET, Georgia Tech, Atlanta","NCAR, Boulder->NCSA, University of Illinois, Champaign | NCSA, University of Illinois, Champaign->SEQSUINET, Rice University, Houston | SEQSUINET, Rice University, Houston->SURANET, Georgia Tech, Atlanta",1
27,nsfnet,7,1.0,robust_current_demand_lp,random_failure_fixed,"SEQSUINET, Rice University, Houston -> SURANET, Georgia Tech, Atlanta & SURANET, Georgia Tech, Atlanta -> SEQSUINET, Rice University, Houston",5,"SURANET, Georgia Tech, Atlanta","Westnet, Salt Lake City",1,6.6066218,"SURANET, Georgia Tech, Atlanta | SEQSUINET, Rice University, Houston | NCSA, University of Illinois, Champaign | NCAR, Boulder | Westnet, Salt Lake City","SURANET, Georgia Tech, Atlanta->SEQSUINET, Rice University, Houston | SEQSUINET, Rice University, Houston->NCSA, University of Illinois, Champaign | NCSA, University of Illinois, Champaign->NCAR, Boulder | NCAR, Boulder->Westnet, Salt Lake City",1
27,nsfnet,7,1.0,uncertainty_aware_lstm_robust_lp,critical_failure_fixed,"NCSA, University of Illinois, Champaign -> Merit Univ of Michigan, Ann Arbor & Merit Univ of Michigan, Ann Arbor -> NCSA, University of Illinois, Champaign",1,"NCSA, University of Illinois, Champaign","Merit Univ of Michigan, Ann Arbor",1,5.3954248,"NCSA, University of Illinois, Champaign | Merit Univ of Michigan, Ann Arbor","NCSA, University of Illinois, Champaign->Merit Univ of Michigan, Ann Arbor",1
27,nsfnet,7,1.0,uncertainty_aware_lstm_robust_lp,critical_failure_fixed,"NCSA, University of Illinois, Champaign -> Merit Univ of Michigan, Ann Arbor & Merit Univ of Michigan, Ann Arbor -> NCSA, University of Illinois, Champaign",2,"MIDnet, Lincoln, NE","Cornell Theory Center, Ithaca NY",1,5.3664908,"MIDnet, Lincoln, NE | NCSA, University of Illinois, Champaign | Merit Univ of Michigan, Ann Arbor | Cornell Theory Center, Ithaca NY","MIDnet, Lincoln, NE->NCSA, University of Illinois, Champaign | NCSA, University of Illinois, Champaign->Merit Univ of Michigan, Ann Arbor | Merit Univ of Michigan, Ann Arbor->Cornell Theory Center, Ithaca NY",1
27,nsfnet,7,1.0,uncertainty_aware_lstm_robust_lp,critical_failure_fixed,"NCSA, University of Illinois, Champaign -> Merit Univ of Michigan, Ann Arbor & Merit Univ of Michigan, Ann Arbor -> NCSA, University of Illinois, Champaign",3,"NCSA, University of Illinois, Champaign","BARRnet, Palo Alto",1,5.302372,"NCSA, University of Illinois, Champaign | Merit Univ of Michigan, Ann Arbor | BARRnet, Palo Alto","NCSA, University of Illinois, Champaign->Merit Univ of Michigan, Ann Arbor | Merit Univ of Michigan, Ann Arbor->BARRnet, Palo Alto",1
27,nsfnet,7,1.0,uncertainty_aware_lstm_robust_lp,critical_failure_fixed,"NCSA, University of Illinois, Champaign -> Merit Univ of Michigan, Ann Arbor & Merit Univ of Michigan, Ann Arbor -> NCSA, University of Illinois, Champaign",4,Pittsburgh Supercomputer Center,"MIDnet, Lincoln, NE",1,5.1356792,"Pittsburgh Supercomputer Center | Merit Univ of Michigan, Ann Arbor | NCSA, University of Illinois, Champaign | MIDnet, Lincoln, NE","Pittsburgh Supercomputer Center->Merit Univ of Michigan, Ann Arbor | Merit Univ of Michigan, Ann Arbor->NCSA, University of Illinois, Champaign | NCSA, University of Illinois, Champaign->MIDnet, Lincoln, NE",1
27,nsfnet,7,1.0,uncertainty_aware_lstm_robust_lp,critical_failure_fixed,"NCSA, University of Illinois, Champaign -> Merit Univ of Michigan, Ann Arbor & Merit Univ of Michigan, Ann Arbor -> NCSA, University of Illinois, Champaign",5,"MIDnet, Lincoln, NE","BARRnet, Palo Alto",1,5.0765161,"MIDnet, Lincoln, NE | NCSA, University of Illinois, Champaign | Merit Univ of Michigan, Ann Arbor | BARRnet, Palo Alto","MIDnet, Lincoln, NE->NCSA, University of Illinois, Champaign | NCSA, University of Illinois, Champaign->Merit Univ of Michigan, Ann Arbor | Merit Univ of Michigan, Ann Arbor->BARRnet, Palo Alto",1
27,nsfnet,7,1.0,uncertainty_aware_lstm_robust_lp,critical_failure_fixed,"NCSA, University of Illinois, Champaign -> Merit Univ of Michigan, Ann Arbor & Merit Univ of Michigan, Ann Arbor -> NCSA, University of Illinois, Champaign",5,"MIDnet, Lincoln, NE","BARRnet, Palo Alto",2,0.32013326,"MIDnet, Lincoln, NE | NCSA, University of Illinois, Champaign | SEQSUINET, Rice University, Houston | San Diego Supercomputer Center | BARRnet, Palo Alto","MIDnet, Lincoln, NE->NCSA, University of Illinois, Champaign | NCSA, University of Illinois, Champaign->SEQSUINET, Rice University, Houston | SEQSUINET, Rice University, Houston->San Diego Supercomputer Center | San Diego Supercomputer Center->BARRnet, Palo Alto",0
27,nsfnet,7,1.0,uncertainty_aware_lstm_robust_lp,random_failure_fixed,"SEQSUINET, Rice University, Houston -> SURANET, Georgia Tech, Atlanta & SURANET, Georgia Tech, Atlanta -> SEQSUINET, Rice University, Houston",1,"NCSA, University of Illinois, Champaign","SURANET, Georgia Tech, Atlanta",1,5.227819,"NCSA, University of Illinois, Champaign | SEQSUINET, Rice University, Houston | SURANET, Georgia Tech, Atlanta","NCSA, University of Illinois, Champaign->SEQSUINET, Rice University, Houston | SEQSUINET, Rice University, Houston->SURANET, Georgia Tech, Atlanta",1
27,nsfnet,7,1.0,uncertainty_aware_lstm_robust_lp,random_failure_fixed,"SEQSUINET, Rice University, Houston -> SURANET, Georgia Tech, Atlanta & SURANET, Georgia Tech, Atlanta -> SEQSUINET, Rice University, Houston",2,"SEQSUINET, Rice University, Houston","Jon Von Neumann Center, Princeton, NJ",1,5.1141853,"SEQSUINET, Rice University, Houston | SURANET, Georgia Tech, Atlanta | Jon Von Neumann Center, Princeton, NJ","SEQSUINET, Rice University, Houston->SURANET, Georgia Tech, Atlanta | SURANET, Georgia Tech, Atlanta->Jon Von Neumann Center, Princeton, NJ",1
27,nsfnet,7,1.0,uncertainty_aware_lstm_robust_lp,random_failure_fixed,"SEQSUINET, Rice University, Houston -> SURANET, Georgia Tech, Atlanta & SURANET, Georgia Tech, Atlanta -> SEQSUINET, Rice University, Houston",3,"NCAR, Boulder","SURANET, Georgia Tech, Atlanta",1,4.8899465,"NCAR, Boulder | NCSA, University of Illinois, Champaign | SEQSUINET, Rice University, Houston | SURANET, Georgia Tech, Atlanta","NCAR, Boulder->NCSA, University of Illinois, Champaign | NCSA, University of Illinois, Champaign->SEQSUINET, Rice University, Houston | SEQSUINET, Rice University, Houston->SURANET, Georgia Tech, Atlanta",1
27,nsfnet,7,1.0,uncertainty_aware_lstm_robust_lp,random_failure_fixed,"SEQSUINET, Rice University, Houston -> SURANET, Georgia Tech, Atlanta & SURANET, Georgia Tech, Atlanta -> SEQSUINET, Rice University, Houston",4,"SEQSUINET, Rice University, Houston","SURANET, Georgia Tech, Atlanta",1,4.7955084,"SEQSUINET, Rice University, Houston | SURANET, Georgia Tech, Atlanta","SEQSUINET, Rice University, Houston->SURANET, Georgia Tech, Atlanta",1
27,nsfnet,7,1.0,uncertainty_aware_lstm_robust_lp,random_failure_fixed,"SEQSUINET, Rice University, Houston -> SURANET, Georgia Tech, Atlanta & SURANET, Georgia Tech, Atlanta -> SEQSUINET, Rice University, Houston",5,"SURANET, Georgia Tech, Atlanta","Westnet, Salt Lake City",1,4.5062976,"SURANET, Georgia Tech, Atlanta | SEQSUINET, Rice University, Houston | NCSA, University of Illinois, Champaign | NCAR, Boulder | Westnet, Salt Lake City","SURANET, Georgia Tech, Atlanta->SEQSUINET, Rice University, Houston | SEQSUINET, Rice University, Houston->NCSA, University of Illinois, Champaign | NCSA, University of Illinois, Champaign->NCAR, Boulder | NCAR, Boulder->Westnet, Salt Lake City",1
28,nsfnet,7,1.0,current_demand_lp,critical_failure_fixed,"NCSA, University of Illinois, Champaign -> Merit Univ of Michigan, Ann Arbor & Merit Univ of Michigan, Ann Arbor -> NCSA, University of Illinois, Champaign",1,"NCSA, University of Illinois, Champaign","BARRnet, Palo Alto",1,7.4052724,"NCSA, University of Illinois, Champaign | Merit Univ of Michigan, Ann Arbor | BARRnet, Palo Alto","NCSA, University of Illinois, Champaign->Merit Univ of Michigan, Ann Arbor | Merit Univ of Michigan, Ann Arbor->BARRnet, Palo Alto",1
28,nsfnet,7,1.0,current_demand_lp,critical_failure_fixed,"NCSA, University of Illinois, Champaign -> Merit Univ of Michigan, Ann Arbor & Merit Univ of Michigan, Ann Arbor -> NCSA, University of Illinois, Champaign",2,"MIDnet, Lincoln, NE","Cornell Theory Center, Ithaca NY",1,7.3355185,"MIDnet, Lincoln, NE | NCSA, University of Illinois, Champaign | Merit Univ of Michigan, Ann Arbor | Cornell Theory Center, Ithaca NY","MIDnet, Lincoln, NE->NCSA, University of Illinois, Champaign | NCSA, University of Illinois, Champaign->Merit Univ of Michigan, Ann Arbor | Merit Univ of Michigan, Ann Arbor->Cornell Theory Center, Ithaca NY",1
28,nsfnet,7,1.0,current_demand_lp,critical_failure_fixed,"NCSA, University of Illinois, Champaign -> Merit Univ of Michigan, Ann Arbor & Merit Univ of Michigan, Ann Arbor -> NCSA, University of Illinois, Champaign",3,"MIDnet, Lincoln, NE","BARRnet, Palo Alto",1,7.0018596,"MIDnet, Lincoln, NE | NCSA, University of Illinois, Champaign | Merit Univ of Michigan, Ann Arbor | BARRnet, Palo Alto","MIDnet, Lincoln, NE->NCSA, University of Illinois, Champaign | NCSA, University of Illinois, Champaign->Merit Univ of Michigan, Ann Arbor | Merit Univ of Michigan, Ann Arbor->BARRnet, Palo Alto",1
28,nsfnet,7,1.0,current_demand_lp,critical_failure_fixed,"NCSA, University of Illinois, Champaign -> Merit Univ of Michigan, Ann Arbor & Merit Univ of Michigan, Ann Arbor -> NCSA, University of Illinois, Champaign",4,"NCSA, University of Illinois, Champaign","Merit Univ of Michigan, Ann Arbor",1,6.9743154,"NCSA, University of Illinois, Champaign | Merit Univ of Michigan, Ann Arbor","NCSA, University of Illinois, Champaign->Merit Univ of Michigan, Ann Arbor",1
28,nsfnet,7,1.0,current_demand_lp,critical_failure_fixed,"NCSA, University of Illinois, Champaign -> Merit Univ of Michigan, Ann Arbor & Merit Univ of Michigan, Ann Arbor -> NCSA, University of Illinois, Champaign",5,Pittsburgh Supercomputer Center,"MIDnet, Lincoln, NE",1,6.6718614,"Pittsburgh Supercomputer Center | Merit Univ of Michigan, Ann Arbor | NCSA, University of Illinois, Champaign | MIDnet, Lincoln, NE","Pittsburgh Supercomputer Center->Merit Univ of Michigan, Ann Arbor | Merit Univ of Michigan, Ann Arbor->NCSA, University of Illinois, Champaign | NCSA, University of Illinois, Champaign->MIDnet, Lincoln, NE",1
28,nsfnet,7,1.0,current_demand_lp,random_failure_fixed,"BARRnet, Palo Alto -> Merit Univ of Michigan, Ann Arbor & Merit Univ of Michigan, Ann Arbor -> BARRnet, Palo Alto",1,"Cornell Theory Center, Ithaca NY","BARRnet, Palo Alto",1,7.619173,"Cornell Theory Center, Ithaca NY | Merit Univ of Michigan, Ann Arbor | BARRnet, Palo Alto","Cornell Theory Center, Ithaca NY->Merit Univ of Michigan, Ann Arbor | Merit Univ of Michigan, Ann Arbor->BARRnet, Palo Alto",1
28,nsfnet,7,1.0,current_demand_lp,random_failure_fixed,"BARRnet, Palo Alto -> Merit Univ of Michigan, Ann Arbor & Merit Univ of Michigan, Ann Arbor -> BARRnet, Palo Alto",2,"Jon Von Neumann Center, Princeton, NJ","BARRnet, Palo Alto",1,7.5001712,"Jon Von Neumann Center, Princeton, NJ | Cornell Theory Center, Ithaca NY | Merit Univ of Michigan, Ann Arbor | BARRnet, Palo Alto","Jon Von Neumann Center, Princeton, NJ->Cornell Theory Center, Ithaca NY | Cornell Theory Center, Ithaca NY->Merit Univ of Michigan, Ann Arbor | Merit Univ of Michigan, Ann Arbor->BARRnet, Palo Alto",1
28,nsfnet,7,1.0,current_demand_lp,random_failure_fixed,"BARRnet, Palo Alto -> Merit Univ of Michigan, Ann Arbor & Merit Univ of Michigan, Ann Arbor -> BARRnet, Palo Alto",3,"NCSA, University of Illinois, Champaign","BARRnet, Palo Alto",1,7.4052724,"NCSA, University of Illinois, Champaign | Merit Univ of Michigan, Ann Arbor | BARRnet, Palo Alto","NCSA, University of Illinois, Champaign->Merit Univ of Michigan, Ann Arbor | Merit Univ of Michigan, Ann Arbor->BARRnet, Palo Alto",1
28,nsfnet,7,1.0,current_demand_lp,random_failure_fixed,"BARRnet, Palo Alto -> Merit Univ of Michigan, Ann Arbor & Merit Univ of Michigan, Ann Arbor -> BARRnet, Palo Alto",4,"NorthWestNet, Seattle",Pittsburgh Supercomputer Center,1,7.3998441,"NorthWestNet, Seattle | BARRnet, Palo Alto | Merit Univ of Michigan, Ann Arbor | Pittsburgh Supercomputer Center","NorthWestNet, Seattle->BARRnet, Palo Alto | BARRnet, Palo Alto->Merit Univ of Michigan, Ann Arbor | Merit Univ of Michigan, Ann Arbor->Pittsburgh Supercomputer Center",1
28,nsfnet,7,1.0,current_demand_lp,random_failure_fixed,"BARRnet, Palo Alto -> Merit Univ of Michigan, Ann Arbor & Merit Univ of Michigan, Ann Arbor -> BARRnet, Palo Alto",5,"Merit Univ of Michigan, Ann Arbor","NorthWestNet, Seattle",1,7.2317238,"Merit Univ of Michigan, Ann Arbor | BARRnet, Palo Alto | NorthWestNet, Seattle","Merit Univ of Michigan, Ann Arbor->BARRnet, Palo Alto | BARRnet, Palo Alto->NorthWestNet, Seattle",1
28,nsfnet,7,1.0,robust_current_demand_lp,critical_failure_fixed,"NCSA, University of Illinois, Champaign -> Merit Univ of Michigan, Ann Arbor & Merit Univ of Michigan, Ann Arbor -> NCSA, University of Illinois, Champaign",1,"NCSA, University of Illinois, Champaign","BARRnet, Palo Alto",1,7.4052724,"NCSA, University of Illinois, Champaign | Merit Univ of Michigan, Ann Arbor | BARRnet, Palo Alto","NCSA, University of Illinois, Champaign->Merit Univ of Michigan, Ann Arbor | Merit Univ of Michigan, Ann Arbor->BARRnet, Palo Alto",1
28,nsfnet,7,1.0,robust_current_demand_lp,critical_failure_fixed,"NCSA, University of Illinois, Champaign -> Merit Univ of Michigan, Ann Arbor & Merit Univ of Michigan, Ann Arbor -> NCSA, University of Illinois, Champaign",2,"MIDnet, Lincoln, NE","Cornell Theory Center, Ithaca NY",1,7.3355185,"MIDnet, Lincoln, NE | NCSA, University of Illinois, Champaign | Merit Univ of Michigan, Ann Arbor | Cornell Theory Center, Ithaca NY","MIDnet, Lincoln, NE->NCSA, University of Illinois, Champaign | NCSA, University of Illinois, Champaign->Merit Univ of Michigan, Ann Arbor | Merit Univ of Michigan, Ann Arbor->Cornell Theory Center, Ithaca NY",1
28,nsfnet,7,1.0,robust_current_demand_lp,critical_failure_fixed,"NCSA, University of Illinois, Champaign -> Merit Univ of Michigan, Ann Arbor & Merit Univ of Michigan, Ann Arbor -> NCSA, University of Illinois, Champaign",3,"NCSA, University of Illinois, Champaign","Merit Univ of Michigan, Ann Arbor",1,6.9743154,"NCSA, University of Illinois, Champaign | Merit Univ of Michigan, Ann Arbor","NCSA, University of Illinois, Champaign->Merit Univ of Michigan, Ann Arbor",1
28,nsfnet,7,1.0,robust_current_demand_lp,critical_failure_fixed,"NCSA, University of Illinois, Champaign -> Merit Univ of Michigan, Ann Arbor & Merit Univ of Michigan, Ann Arbor -> NCSA, University of Illinois, Champaign",4,Pittsburgh Supercomputer Center,"MIDnet, Lincoln, NE",1,6.6718614,"Pittsburgh Supercomputer Center | Merit Univ of Michigan, Ann Arbor | NCSA, University of Illinois, Champaign | MIDnet, Lincoln, NE","Pittsburgh Supercomputer Center->Merit Univ of Michigan, Ann Arbor | Merit Univ of Michigan, Ann Arbor->NCSA, University of Illinois, Champaign | NCSA, University of Illinois, Champaign->MIDnet, Lincoln, NE",1
28,nsfnet,7,1.0,robust_current_demand_lp,critical_failure_fixed,"NCSA, University of Illinois, Champaign -> Merit Univ of Michigan, Ann Arbor & Merit Univ of Michigan, Ann Arbor -> NCSA, University of Illinois, Champaign",5,"MIDnet, Lincoln, NE","BARRnet, Palo Alto",1,6.5722726,"MIDnet, Lincoln, NE | NCSA, University of Illinois, Champaign | Merit Univ of Michigan, Ann Arbor | BARRnet, Palo Alto","MIDnet, Lincoln, NE->NCSA, University of Illinois, Champaign | NCSA, University of Illinois, Champaign->Merit Univ of Michigan, Ann Arbor | Merit Univ of Michigan, Ann Arbor->BARRnet, Palo Alto",1
28,nsfnet,7,1.0,robust_current_demand_lp,critical_failure_fixed,"NCSA, University of Illinois, Champaign -> Merit Univ of Michigan, Ann Arbor & Merit Univ of Michigan, Ann Arbor -> NCSA, University of Illinois, Champaign",5,"MIDnet, Lincoln, NE","BARRnet, Palo Alto",2,0.42958699,"MIDnet, Lincoln, NE | NCSA, University of Illinois, Champaign | SEQSUINET, Rice University, Houston | San Diego Supercomputer Center | BARRnet, Palo Alto","MIDnet, Lincoln, NE->NCSA, University of Illinois, Champaign | NCSA, University of Illinois, Champaign->SEQSUINET, Rice University, Houston | SEQSUINET, Rice University, Houston->San Diego Supercomputer Center | San Diego Supercomputer Center->BARRnet, Palo Alto",0
28,nsfnet,7,1.0,robust_current_demand_lp,random_failure_fixed,"BARRnet, Palo Alto -> Merit Univ of Michigan, Ann Arbor & Merit Univ of Michigan, Ann Arbor -> BARRnet, Palo Alto",1,"Cornell Theory Center, Ithaca NY","BARRnet, Palo Alto",1,7.619173,"Cornell Theory Center, Ithaca NY | Merit Univ of Michigan, Ann Arbor | BARRnet, Palo Alto","Cornell Theory Center, Ithaca NY->Merit Univ of Michigan, Ann Arbor | Merit Univ of Michigan, Ann Arbor->BARRnet, Palo Alto",1
28,nsfnet,7,1.0,robust_current_demand_lp,random_failure_fixed,"BARRnet, Palo Alto -> Merit Univ of Michigan, Ann Arbor & Merit Univ of Michigan, Ann Arbor -> BARRnet, Palo Alto",2,"Jon Von Neumann Center, Princeton, NJ","BARRnet, Palo Alto",1,7.5001712,"Jon Von Neumann Center, Princeton, NJ | Cornell Theory Center, Ithaca NY | Merit Univ of Michigan, Ann Arbor | BARRnet, Palo Alto","Jon Von Neumann Center, Princeton, NJ->Cornell Theory Center, Ithaca NY | Cornell Theory Center, Ithaca NY->Merit Univ of Michigan, Ann Arbor | Merit Univ of Michigan, Ann Arbor->BARRnet, Palo Alto",1
28,nsfnet,7,1.0,robust_current_demand_lp,random_failure_fixed,"BARRnet, Palo Alto -> Merit Univ of Michigan, Ann Arbor & Merit Univ of Michigan, Ann Arbor -> BARRnet, Palo Alto",3,"NCSA, University of Illinois, Champaign","BARRnet, Palo Alto",1,7.4052724,"NCSA, University of Illinois, Champaign | Merit Univ of Michigan, Ann Arbor | BARRnet, Palo Alto","NCSA, University of Illinois, Champaign->Merit Univ of Michigan, Ann Arbor | Merit Univ of Michigan, Ann Arbor->BARRnet, Palo Alto",1
28,nsfnet,7,1.0,robust_current_demand_lp,random_failure_fixed,"BARRnet, Palo Alto -> Merit Univ of Michigan, Ann Arbor & Merit Univ of Michigan, Ann Arbor -> BARRnet, Palo Alto",4,"NorthWestNet, Seattle",Pittsburgh Supercomputer Center,1,7.3998441,"NorthWestNet, Seattle | BARRnet, Palo Alto | Merit Univ of Michigan, Ann Arbor | Pittsburgh Supercomputer Center","NorthWestNet, Seattle->BARRnet, Palo Alto | BARRnet, Palo Alto->Merit Univ of Michigan, Ann Arbor | Merit Univ of Michigan, Ann Arbor->Pittsburgh Supercomputer Center",1
28,nsfnet,7,1.0,robust_current_demand_lp,random_failure_fixed,"BARRnet, Palo Alto -> Merit Univ of Michigan, Ann Arbor & Merit Univ of Michigan, Ann Arbor -> BARRnet, Palo Alto",5,"Merit Univ of Michigan, Ann Arbor","NorthWestNet, Seattle",1,7.2317238,"Merit Univ of Michigan, Ann Arbor | BARRnet, Palo Alto | NorthWestNet, Seattle","Merit Univ of Michigan, Ann Arbor->BARRnet, Palo Alto | BARRnet, Palo Alto->NorthWestNet, Seattle",1
28,nsfnet,7,1.0,uncertainty_aware_lstm_robust_lp,critical_failure_fixed,"NCSA, University of Illinois, Champaign -> Merit Univ of Michigan, Ann Arbor & Merit Univ of Michigan, Ann Arbor -> NCSA, University of Illinois, Champaign",1,"NCSA, University of Illinois, Champaign","Merit Univ of Michigan, Ann Arbor",1,5.3954248,"NCSA, University of Illinois, Champaign | Merit Univ of Michigan, Ann Arbor","NCSA, University of Illinois, Champaign->Merit Univ of Michigan, Ann Arbor",1
28,nsfnet,7,1.0,uncertainty_aware_lstm_robust_lp,critical_failure_fixed,"NCSA, University of Illinois, Champaign -> Merit Univ of Michigan, Ann Arbor & Merit Univ of Michigan, Ann Arbor -> NCSA, University of Illinois, Champaign",2,"MIDnet, Lincoln, NE","Cornell Theory Center, Ithaca NY",1,5.3664908,"MIDnet, Lincoln, NE | NCSA, University of Illinois, Champaign | Merit Univ of Michigan, Ann Arbor | Cornell Theory Center, Ithaca NY","MIDnet, Lincoln, NE->NCSA, University of Illinois, Champaign | NCSA, University of Illinois, Champaign->Merit Univ of Michigan, Ann Arbor | Merit Univ of Michigan, Ann Arbor->Cornell Theory Center, Ithaca NY",1
28,nsfnet,7,1.0,uncertainty_aware_lstm_robust_lp,critical_failure_fixed,"NCSA, University of Illinois, Champaign -> Merit Univ of Michigan, Ann Arbor & Merit Univ of Michigan, Ann Arbor -> NCSA, University of Illinois, Champaign",3,"NCSA, University of Illinois, Champaign","BARRnet, Palo Alto",1,5.302372,"NCSA, University of Illinois, Champaign | Merit Univ of Michigan, Ann Arbor | BARRnet, Palo Alto","NCSA, University of Illinois, Champaign->Merit Univ of Michigan, Ann Arbor | Merit Univ of Michigan, Ann Arbor->BARRnet, Palo Alto",1
28,nsfnet,7,1.0,uncertainty_aware_lstm_robust_lp,critical_failure_fixed,"NCSA, University of Illinois, Champaign -> Merit Univ of Michigan, Ann Arbor & Merit Univ of Michigan, Ann Arbor -> NCSA, University of Illinois, Champaign",4,Pittsburgh Supercomputer Center,"MIDnet, Lincoln, NE",1,5.1356792,"Pittsburgh Supercomputer Center | Merit Univ of Michigan, Ann Arbor | NCSA, University of Illinois, Champaign | MIDnet, Lincoln, NE","Pittsburgh Supercomputer Center->Merit Univ of Michigan, Ann Arbor | Merit Univ of Michigan, Ann Arbor->NCSA, University of Illinois, Champaign | NCSA, University of Illinois, Champaign->MIDnet, Lincoln, NE",1
28,nsfnet,7,1.0,uncertainty_aware_lstm_robust_lp,critical_failure_fixed,"NCSA, University of Illinois, Champaign -> Merit Univ of Michigan, Ann Arbor & Merit Univ of Michigan, Ann Arbor -> NCSA, University of Illinois, Champaign",5,"MIDnet, Lincoln, NE","BARRnet, Palo Alto",1,5.0765161,"MIDnet, Lincoln, NE | NCSA, University of Illinois, Champaign | Merit Univ of Michigan, Ann Arbor | BARRnet, Palo Alto","MIDnet, Lincoln, NE->NCSA, University of Illinois, Champaign | NCSA, University of Illinois, Champaign->Merit Univ of Michigan, Ann Arbor | Merit Univ of Michigan, Ann Arbor->BARRnet, Palo Alto",1
28,nsfnet,7,1.0,uncertainty_aware_lstm_robust_lp,critical_failure_fixed,"NCSA, University of Illinois, Champaign -> Merit Univ of Michigan, Ann Arbor & Merit Univ of Michigan, Ann Arbor -> NCSA, University of Illinois, Champaign",5,"MIDnet, Lincoln, NE","BARRnet, Palo Alto",2,0.32013326,"MIDnet, Lincoln, NE | NCSA, University of Illinois, Champaign | SEQSUINET, Rice University, Houston | San Diego Supercomputer Center | BARRnet, Palo Alto","MIDnet, Lincoln, NE->NCSA, University of Illinois, Champaign | NCSA, University of Illinois, Champaign->SEQSUINET, Rice University, Houston | SEQSUINET, Rice University, Houston->San Diego Supercomputer Center | San Diego Supercomputer Center->BARRnet, Palo Alto",0
28,nsfnet,7,1.0,uncertainty_aware_lstm_robust_lp,random_failure_fixed,"BARRnet, Palo Alto -> Merit Univ of Michigan, Ann Arbor & Merit Univ of Michigan, Ann Arbor -> BARRnet, Palo Alto",1,"Cornell Theory Center, Ithaca NY","BARRnet, Palo Alto",1,5.4473314,"Cornell Theory Center, Ithaca NY | Merit Univ of Michigan, Ann Arbor | BARRnet, Palo Alto","Cornell Theory Center, Ithaca NY->Merit Univ of Michigan, Ann Arbor | Merit Univ of Michigan, Ann Arbor->BARRnet, Palo Alto",1
28,nsfnet,7,1.0,uncertainty_aware_lstm_robust_lp,random_failure_fixed,"BARRnet, Palo Alto -> Merit Univ of Michigan, Ann Arbor & Merit Univ of Michigan, Ann Arbor -> BARRnet, Palo Alto",2,"Jon Von Neumann Center, Princeton, NJ","BARRnet, Palo Alto",1,5.39398,"Jon Von Neumann Center, Princeton, NJ | Cornell Theory Center, Ithaca NY | Merit Univ of Michigan, Ann Arbor | BARRnet, Palo Alto","Jon Von Neumann Center, Princeton, NJ->Cornell Theory Center, Ithaca NY | Cornell Theory Center, Ithaca NY->Merit Univ of Michigan, Ann Arbor | Merit Univ of Michigan, Ann Arbor->BARRnet, Palo Alto",1
28,nsfnet,7,1.0,uncertainty_aware_lstm_robust_lp,random_failure_fixed,"BARRnet, Palo Alto -> Merit Univ of Michigan, Ann Arbor & Merit Univ of Michigan, Ann Arbor -> BARRnet, Palo Alto",3,"NorthWestNet, Seattle",Pittsburgh Supercomputer Center,1,5.3903871,"NorthWestNet, Seattle | BARRnet, Palo Alto | Merit Univ of Michigan, Ann Arbor | Pittsburgh Supercomputer Center","NorthWestNet, Seattle->BARRnet, Palo Alto | BARRnet, Palo Alto->Merit Univ of Michigan, Ann Arbor | Merit Univ of Michigan, Ann Arbor->Pittsburgh Supercomputer Center",1
28,nsfnet,7,1.0,uncertainty_aware_lstm_robust_lp,random_failure_fixed,"BARRnet, Palo Alto -> Merit Univ of Michigan, Ann Arbor & Merit Univ of Michigan, Ann Arbor -> BARRnet, Palo Alto",4,"NCSA, University of Illinois, Champaign","BARRnet, Palo Alto",1,5.302372,"NCSA, University of Illinois, Champaign | Merit Univ of Michigan, Ann Arbor | BARRnet, Palo Alto","NCSA, University of Illinois, Champaign->Merit Univ of Michigan, Ann Arbor | Merit Univ of Michigan, Ann Arbor->BARRnet, Palo Alto",1
28,nsfnet,7,1.0,uncertainty_aware_lstm_robust_lp,random_failure_fixed,"BARRnet, Palo Alto -> Merit Univ of Michigan, Ann Arbor & Merit Univ of Michigan, Ann Arbor -> BARRnet, Palo Alto",5,"BARRnet, Palo Alto",Pittsburgh Supercomputer Center,1,5.2553997,"BARRnet, Palo Alto | Merit Univ of Michigan, Ann Arbor | Pittsburgh Supercomputer Center","BARRnet, Palo Alto->Merit Univ of Michigan, Ann Arbor | Merit Univ of Michigan, Ann Arbor->Pittsburgh Supercomputer Center",1
29,nsfnet,7,1.0,current_demand_lp,critical_failure_fixed,"NCSA, University of Illinois, Champaign -> Merit Univ of Michigan, Ann Arbor & Merit Univ of Michigan, Ann Arbor -> NCSA, University of Illinois, Champaign",1,"NCSA, University of Illinois, Champaign","Merit Univ of Michigan, Ann Arbor",1,6.8603425,"NCSA, University of Illinois, Champaign | Merit Univ of Michigan, Ann Arbor","NCSA, University of Illinois, Champaign->Merit Univ of Michigan, Ann Arbor",1
29,nsfnet,7,1.0,current_demand_lp,critical_failure_fixed,"NCSA, University of Illinois, Champaign -> Merit Univ of Michigan, Ann Arbor & Merit Univ of Michigan, Ann Arbor -> NCSA, University of Illinois, Champaign",2,"NCSA, University of Illinois, Champaign","BARRnet, Palo Alto",1,6.5816993,"NCSA, University of Illinois, Champaign | Merit Univ of Michigan, Ann Arbor | BARRnet, Palo Alto","NCSA, University of Illinois, Champaign->Merit Univ of Michigan, Ann Arbor | Merit Univ of Michigan, Ann Arbor->BARRnet, Palo Alto",1
29,nsfnet,7,1.0,current_demand_lp,critical_failure_fixed,"NCSA, University of Illinois, Champaign -> Merit Univ of Michigan, Ann Arbor & Merit Univ of Michigan, Ann Arbor -> NCSA, University of Illinois, Champaign",3,"MIDnet, Lincoln, NE","Cornell Theory Center, Ithaca NY",1,6.547382,"MIDnet, Lincoln, NE | NCSA, University of Illinois, Champaign | Merit Univ of Michigan, Ann Arbor | Cornell Theory Center, Ithaca NY","MIDnet, Lincoln, NE->NCSA, University of Illinois, Champaign | NCSA, University of Illinois, Champaign->Merit Univ of Michigan, Ann Arbor | Merit Univ of Michigan, Ann Arbor->Cornell Theory Center, Ithaca NY",1
29,nsfnet,7,1.0,current_demand_lp,critical_failure_fixed,"NCSA, University of Illinois, Champaign -> Merit Univ of Michigan, Ann Arbor & Merit Univ of Michigan, Ann Arbor -> NCSA, University of Illinois, Champaign",4,"MIDnet, Lincoln, NE","BARRnet, Palo Alto",1,6.263983,"MIDnet, Lincoln, NE | NCSA, University of Illinois, Champaign | Merit Univ of Michigan, Ann Arbor | BARRnet, Palo Alto","MIDnet, Lincoln, NE->NCSA, University of Illinois, Champaign | NCSA, University of Illinois, Champaign->Merit Univ of Michigan, Ann Arbor | Merit Univ of Michigan, Ann Arbor->BARRnet, Palo Alto",1
29,nsfnet,7,1.0,current_demand_lp,critical_failure_fixed,"NCSA, University of Illinois, Champaign -> Merit Univ of Michigan, Ann Arbor & Merit Univ of Michigan, Ann Arbor -> NCSA, University of Illinois, Champaign",5,"SURANET, Georgia Tech, Atlanta","Merit Univ of Michigan, Ann Arbor",1,6.2554264,"SURANET, Georgia Tech, Atlanta | SEQSUINET, Rice University, Houston | NCSA, University of Illinois, Champaign | Merit Univ of Michigan, Ann Arbor","SURANET, Georgia Tech, Atlanta->SEQSUINET, Rice University, Houston | SEQSUINET, Rice University, Houston->NCSA, University of Illinois, Champaign | NCSA, University of Illinois, Champaign->Merit Univ of Michigan, Ann Arbor",1
29,nsfnet,7,1.0,current_demand_lp,random_failure_fixed,"NCSA, University of Illinois, Champaign -> Merit Univ of Michigan, Ann Arbor & Merit Univ of Michigan, Ann Arbor -> NCSA, University of Illinois, Champaign",1,"NCSA, University of Illinois, Champaign","Merit Univ of Michigan, Ann Arbor",1,6.8603425,"NCSA, University of Illinois, Champaign | Merit Univ of Michigan, Ann Arbor","NCSA, University of Illinois, Champaign->Merit Univ of Michigan, Ann Arbor",1
29,nsfnet,7,1.0,current_demand_lp,random_failure_fixed,"NCSA, University of Illinois, Champaign -> Merit Univ of Michigan, Ann Arbor & Merit Univ of Michigan, Ann Arbor -> NCSA, University of Illinois, Champaign",2,"NCSA, University of Illinois, Champaign","BARRnet, Palo Alto",1,6.5816993,"NCSA, University of Illinois, Champaign | Merit Univ of Michigan, Ann Arbor | BARRnet, Palo Alto","NCSA, University of Illinois, Champaign->Merit Univ of Michigan, Ann Arbor | Merit Univ of Michigan, Ann Arbor->BARRnet, Palo Alto",1
29,nsfnet,7,1.0,current_demand_lp,random_failure_fixed,"NCSA, University of Illinois, Champaign -> Merit Univ of Michigan, Ann Arbor & Merit Univ of Michigan, Ann Arbor -> NCSA, University of Illinois, Champaign",3,"MIDnet, Lincoln, NE","Cornell Theory Center, Ithaca NY",1,6.547382,"MIDnet, Lincoln, NE | NCSA, University of Illinois, Champaign | Merit Univ of Michigan, Ann Arbor | Cornell Theory Center, Ithaca NY","MIDnet, Lincoln, NE->NCSA, University of Illinois, Champaign | NCSA, University of Illinois, Champaign->Merit Univ of Michigan, Ann Arbor | Merit Univ of Michigan, Ann Arbor->Cornell Theory Center, Ithaca NY",1
29,nsfnet,7,1.0,current_demand_lp,random_failure_fixed,"NCSA, University of Illinois, Champaign -> Merit Univ of Michigan, Ann Arbor & Merit Univ of Michigan, Ann Arbor -> NCSA, University of Illinois, Champaign",4,"MIDnet, Lincoln, NE","BARRnet, Palo Alto",1,6.263983,"MIDnet, Lincoln, NE | NCSA, University of Illinois, Champaign | Merit Univ of Michigan, Ann Arbor | BARRnet, Palo Alto","MIDnet, Lincoln, NE->NCSA, University of Illinois, Champaign | NCSA, University of Illinois, Champaign->Merit Univ of Michigan, Ann Arbor | Merit Univ of Michigan, Ann Arbor->BARRnet, Palo Alto",1
29,nsfnet,7,1.0,current_demand_lp,random_failure_fixed,"NCSA, University of Illinois, Champaign -> Merit Univ of Michigan, Ann Arbor & Merit Univ of Michigan, Ann Arbor -> NCSA, University of Illinois, Champaign",5,"SURANET, Georgia Tech, Atlanta","Merit Univ of Michigan, Ann Arbor",1,6.2554264,"SURANET, Georgia Tech, Atlanta | SEQSUINET, Rice University, Houston | NCSA, University of Illinois, Champaign | Merit Univ of Michigan, Ann Arbor","SURANET, Georgia Tech, Atlanta->SEQSUINET, Rice University, Houston | SEQSUINET, Rice University, Houston->NCSA, University of Illinois, Champaign | NCSA, University of Illinois, Champaign->Merit Univ of Michigan, Ann Arbor",1
29,nsfnet,7,1.0,robust_current_demand_lp,critical_failure_fixed,"NCSA, University of Illinois, Champaign -> Merit Univ of Michigan, Ann Arbor & Merit Univ of Michigan, Ann Arbor -> NCSA, University of Illinois, Champaign",1,"NCSA, University of Illinois, Champaign","Merit Univ of Michigan, Ann Arbor",1,6.8603425,"NCSA, University of Illinois, Champaign | Merit Univ of Michigan, Ann Arbor","NCSA, University of Illinois, Champaign->Merit Univ of Michigan, Ann Arbor",1
29,nsfnet,7,1.0,robust_current_demand_lp,critical_failure_fixed,"NCSA, University of Illinois, Champaign -> Merit Univ of Michigan, Ann Arbor & Merit Univ of Michigan, Ann Arbor -> NCSA, University of Illinois, Champaign",2,"NCSA, University of Illinois, Champaign","BARRnet, Palo Alto",1,6.5816993,"NCSA, University of Illinois, Champaign | Merit Univ of Michigan, Ann Arbor | BARRnet, Palo Alto","NCSA, University of Illinois, Champaign->Merit Univ of Michigan, Ann Arbor | Merit Univ of Michigan, Ann Arbor->BARRnet, Palo Alto",1
29,nsfnet,7,1.0,robust_current_demand_lp,critical_failure_fixed,"NCSA, University of Illinois, Champaign -> Merit Univ of Michigan, Ann Arbor & Merit Univ of Michigan, Ann Arbor -> NCSA, University of Illinois, Champaign",3,"MIDnet, Lincoln, NE","Cornell Theory Center, Ithaca NY",1,6.547382,"MIDnet, Lincoln, NE | NCSA, University of Illinois, Champaign | Merit Univ of Michigan, Ann Arbor | Cornell Theory Center, Ithaca NY","MIDnet, Lincoln, NE->NCSA, University of Illinois, Champaign | NCSA, University of Illinois, Champaign->Merit Univ of Michigan, Ann Arbor | Merit Univ of Michigan, Ann Arbor->Cornell Theory Center, Ithaca NY",1
29,nsfnet,7,1.0,robust_current_demand_lp,critical_failure_fixed,"NCSA, University of Illinois, Champaign -> Merit Univ of Michigan, Ann Arbor & Merit Univ of Michigan, Ann Arbor -> NCSA, University of Illinois, Champaign",4,"MIDnet, Lincoln, NE","BARRnet, Palo Alto",1,6.1936874,"MIDnet, Lincoln, NE | NCSA, University of Illinois, Champaign | Merit Univ of Michigan, Ann Arbor | BARRnet, Palo Alto","MIDnet, Lincoln, NE->NCSA, University of Illinois, Champaign | NCSA, University of Illinois, Champaign->Merit Univ of Michigan, Ann Arbor | Merit Univ of Michigan, Ann Arbor->BARRnet, Palo Alto",1
29,nsfnet,7,1.0,robust_current_demand_lp,critical_failure_fixed,"NCSA, University of Illinois, Champaign -> Merit Univ of Michigan, Ann Arbor & Merit Univ of Michigan, Ann Arbor -> NCSA, University of Illinois, Champaign",4,"MIDnet, Lincoln, NE","BARRnet, Palo Alto",2,0.07029559999999968,"MIDnet, Lincoln, NE | NCSA, University of Illinois, Champaign | SEQSUINET, Rice University, Houston | San Diego Supercomputer Center | BARRnet, Palo Alto","MIDnet, Lincoln, NE->NCSA, University of Illinois, Champaign | NCSA, University of Illinois, Champaign->SEQSUINET, Rice University, Houston | SEQSUINET, Rice University, Houston->San Diego Supercomputer Center | San Diego Supercomputer Center->BARRnet, Palo Alto",0
29,nsfnet,7,1.0,robust_current_demand_lp,critical_failure_fixed,"NCSA, University of Illinois, Champaign -> Merit Univ of Michigan, Ann Arbor & Merit Univ of Michigan, Ann Arbor -> NCSA, University of Illinois, Champaign",5,"Westnet, Salt Lake City","Merit Univ of Michigan, Ann Arbor",1,5.9444524,"Westnet, Salt Lake City | NCAR, Boulder | NCSA, University of Illinois, Champaign | Merit Univ of Michigan, Ann Arbor","Westnet, Salt Lake City->NCAR, Boulder | NCAR, Boulder->NCSA, University of Illinois, Champaign | NCSA, University of Illinois, Champaign->Merit Univ of Michigan, Ann Arbor",1
29,nsfnet,7,1.0,robust_current_demand_lp,random_failure_fixed,"NCSA, University of Illinois, Champaign -> Merit Univ of Michigan, Ann Arbor & Merit Univ of Michigan, Ann Arbor -> NCSA, University of Illinois, Champaign",1,"NCSA, University of Illinois, Champaign","Merit Univ of Michigan, Ann Arbor",1,6.8603425,"NCSA, University of Illinois, Champaign | Merit Univ of Michigan, Ann Arbor","NCSA, University of Illinois, Champaign->Merit Univ of Michigan, Ann Arbor",1
29,nsfnet,7,1.0,robust_current_demand_lp,random_failure_fixed,"NCSA, University of Illinois, Champaign -> Merit Univ of Michigan, Ann Arbor & Merit Univ of Michigan, Ann Arbor -> NCSA, University of Illinois, Champaign",2,"NCSA, University of Illinois, Champaign","BARRnet, Palo Alto",1,6.5816993,"NCSA, University of Illinois, Champaign | Merit Univ of Michigan, Ann Arbor | BARRnet, Palo Alto","NCSA, University of Illinois, Champaign->Merit Univ of Michigan, Ann Arbor | Merit Univ of Michigan, Ann Arbor->BARRnet, Palo Alto",1
29,nsfnet,7,1.0,robust_current_demand_lp,random_failure_fixed,"NCSA, University of Illinois, Champaign -> Merit Univ of Michigan, Ann Arbor & Merit Univ of Michigan, Ann Arbor -> NCSA, University of Illinois, Champaign",3,"MIDnet, Lincoln, NE","Cornell Theory Center, Ithaca NY",1,6.547382,"MIDnet, Lincoln, NE | NCSA, University of Illinois, Champaign | Merit Univ of Michigan, Ann Arbor | Cornell Theory Center, Ithaca NY","MIDnet, Lincoln, NE->NCSA, University of Illinois, Champaign | NCSA, University of Illinois, Champaign->Merit Univ of Michigan, Ann Arbor | Merit Univ of Michigan, Ann Arbor->Cornell Theory Center, Ithaca NY",1
29,nsfnet,7,1.0,robust_current_demand_lp,random_failure_fixed,"NCSA, University of Illinois, Champaign -> Merit Univ of Michigan, Ann Arbor & Merit Univ of Michigan, Ann Arbor -> NCSA, University of Illinois, Champaign",4,"MIDnet, Lincoln, NE","BARRnet, Palo Alto",1,6.1936874,"MIDnet, Lincoln, NE | NCSA, University of Illinois, Champaign | Merit Univ of Michigan, Ann Arbor | BARRnet, Palo Alto","MIDnet, Lincoln, NE->NCSA, University of Illinois, Champaign | NCSA, University of Illinois, Champaign->Merit Univ of Michigan, Ann Arbor | Merit Univ of Michigan, Ann Arbor->BARRnet, Palo Alto",1
29,nsfnet,7,1.0,robust_current_demand_lp,random_failure_fixed,"NCSA, University of Illinois, Champaign -> Merit Univ of Michigan, Ann Arbor & Merit Univ of Michigan, Ann Arbor -> NCSA, University of Illinois, Champaign",4,"MIDnet, Lincoln, NE","BARRnet, Palo Alto",2,0.07029559999999968,"MIDnet, Lincoln, NE | NCSA, University of Illinois, Champaign | SEQSUINET, Rice University, Houston | San Diego Supercomputer Center | BARRnet, Palo Alto","MIDnet, Lincoln, NE->NCSA, University of Illinois, Champaign | NCSA, University of Illinois, Champaign->SEQSUINET, Rice University, Houston | SEQSUINET, Rice University, Houston->San Diego Supercomputer Center | San Diego Supercomputer Center->BARRnet, Palo Alto",0
29,nsfnet,7,1.0,robust_current_demand_lp,random_failure_fixed,"NCSA, University of Illinois, Champaign -> Merit Univ of Michigan, Ann Arbor & Merit Univ of Michigan, Ann Arbor -> NCSA, University of Illinois, Champaign",5,"Westnet, Salt Lake City","Merit Univ of Michigan, Ann Arbor",1,5.9444524,"Westnet, Salt Lake City | NCAR, Boulder | NCSA, University of Illinois, Champaign | Merit Univ of Michigan, Ann Arbor","Westnet, Salt Lake City->NCAR, Boulder | NCAR, Boulder->NCSA, University of Illinois, Champaign | NCSA, University of Illinois, Champaign->Merit Univ of Michigan, Ann Arbor",1
29,nsfnet,7,1.0,uncertainty_aware_lstm_robust_lp,critical_failure_fixed,"NCSA, University of Illinois, Champaign -> Merit Univ of Michigan, Ann Arbor & Merit Univ of Michigan, Ann Arbor -> NCSA, University of Illinois, Champaign",1,"NCSA, University of Illinois, Champaign","Merit Univ of Michigan, Ann Arbor",1,5.3954248,"NCSA, University of Illinois, Champaign | Merit Univ of Michigan, Ann Arbor","NCSA, University of Illinois, Champaign->Merit Univ of Michigan, Ann Arbor",1
29,nsfnet,7,1.0,uncertainty_aware_lstm_robust_lp,critical_failure_fixed,"NCSA, University of Illinois, Champaign -> Merit Univ of Michigan, Ann Arbor & Merit Univ of Michigan, Ann Arbor -> NCSA, University of Illinois, Champaign",2,"MIDnet, Lincoln, NE","Cornell Theory Center, Ithaca NY",1,5.3664908,"MIDnet, Lincoln, NE | NCSA, University of Illinois, Champaign | Merit Univ of Michigan, Ann Arbor | Cornell Theory Center, Ithaca NY","MIDnet, Lincoln, NE->NCSA, University of Illinois, Champaign | NCSA, University of Illinois, Champaign->Merit Univ of Michigan, Ann Arbor | Merit Univ of Michigan, Ann Arbor->Cornell Theory Center, Ithaca NY",1
29,nsfnet,7,1.0,uncertainty_aware_lstm_robust_lp,critical_failure_fixed,"NCSA, University of Illinois, Champaign -> Merit Univ of Michigan, Ann Arbor & Merit Univ of Michigan, Ann Arbor -> NCSA, University of Illinois, Champaign",3,"NCSA, University of Illinois, Champaign","BARRnet, Palo Alto",1,5.302372,"NCSA, University of Illinois, Champaign | Merit Univ of Michigan, Ann Arbor | BARRnet, Palo Alto","NCSA, University of Illinois, Champaign->Merit Univ of Michigan, Ann Arbor | Merit Univ of Michigan, Ann Arbor->BARRnet, Palo Alto",1
29,nsfnet,7,1.0,uncertainty_aware_lstm_robust_lp,critical_failure_fixed,"NCSA, University of Illinois, Champaign -> Merit Univ of Michigan, Ann Arbor & Merit Univ of Michigan, Ann Arbor -> NCSA, University of Illinois, Champaign",4,Pittsburgh Supercomputer Center,"MIDnet, Lincoln, NE",1,5.1356792,"Pittsburgh Supercomputer Center | Merit Univ of Michigan, Ann Arbor | NCSA, University of Illinois, Champaign | MIDnet, Lincoln, NE","Pittsburgh Supercomputer Center->Merit Univ of Michigan, Ann Arbor | Merit Univ of Michigan, Ann Arbor->NCSA, University of Illinois, Champaign | NCSA, University of Illinois, Champaign->MIDnet, Lincoln, NE",1
29,nsfnet,7,1.0,uncertainty_aware_lstm_robust_lp,critical_failure_fixed,"NCSA, University of Illinois, Champaign -> Merit Univ of Michigan, Ann Arbor & Merit Univ of Michigan, Ann Arbor -> NCSA, University of Illinois, Champaign",5,"MIDnet, Lincoln, NE","BARRnet, Palo Alto",1,5.0765161,"MIDnet, Lincoln, NE | NCSA, University of Illinois, Champaign | Merit Univ of Michigan, Ann Arbor | BARRnet, Palo Alto","MIDnet, Lincoln, NE->NCSA, University of Illinois, Champaign | NCSA, University of Illinois, Champaign->Merit Univ of Michigan, Ann Arbor | Merit Univ of Michigan, Ann Arbor->BARRnet, Palo Alto",1
29,nsfnet,7,1.0,uncertainty_aware_lstm_robust_lp,critical_failure_fixed,"NCSA, University of Illinois, Champaign -> Merit Univ of Michigan, Ann Arbor & Merit Univ of Michigan, Ann Arbor -> NCSA, University of Illinois, Champaign",5,"MIDnet, Lincoln, NE","BARRnet, Palo Alto",2,0.32013326,"MIDnet, Lincoln, NE | NCSA, University of Illinois, Champaign | SEQSUINET, Rice University, Houston | San Diego Supercomputer Center | BARRnet, Palo Alto","MIDnet, Lincoln, NE->NCSA, University of Illinois, Champaign | NCSA, University of Illinois, Champaign->SEQSUINET, Rice University, Houston | SEQSUINET, Rice University, Houston->San Diego Supercomputer Center | San Diego Supercomputer Center->BARRnet, Palo Alto",0
29,nsfnet,7,1.0,uncertainty_aware_lstm_robust_lp,random_failure_fixed,"NCSA, University of Illinois, Champaign -> Merit Univ of Michigan, Ann Arbor & Merit Univ of Michigan, Ann Arbor -> NCSA, University of Illinois, Champaign",1,"NCSA, University of Illinois, Champaign","Merit Univ of Michigan, Ann Arbor",1,5.3954248,"NCSA, University of Illinois, Champaign | Merit Univ of Michigan, Ann Arbor","NCSA, University of Illinois, Champaign->Merit Univ of Michigan, Ann Arbor",1
29,nsfnet,7,1.0,uncertainty_aware_lstm_robust_lp,random_failure_fixed,"NCSA, University of Illinois, Champaign -> Merit Univ of Michigan, Ann Arbor & Merit Univ of Michigan, Ann Arbor -> NCSA, University of Illinois, Champaign",2,"MIDnet, Lincoln, NE","Cornell Theory Center, Ithaca NY",1,5.3664908,"MIDnet, Lincoln, NE | NCSA, University of Illinois, Champaign | Merit Univ of Michigan, Ann Arbor | Cornell Theory Center, Ithaca NY","MIDnet, Lincoln, NE->NCSA, University of Illinois, Champaign | NCSA, University of Illinois, Champaign->Merit Univ of Michigan, Ann Arbor | Merit Univ of Michigan, Ann Arbor->Cornell Theory Center, Ithaca NY",1
29,nsfnet,7,1.0,uncertainty_aware_lstm_robust_lp,random_failure_fixed,"NCSA, University of Illinois, Champaign -> Merit Univ of Michigan, Ann Arbor & Merit Univ of Michigan, Ann Arbor -> NCSA, University of Illinois, Champaign",3,"NCSA, University of Illinois, Champaign","BARRnet, Palo Alto",1,5.302372,"NCSA, University of Illinois, Champaign | Merit Univ of Michigan, Ann Arbor | BARRnet, Palo Alto","NCSA, University of Illinois, Champaign->Merit Univ of Michigan, Ann Arbor | Merit Univ of Michigan, Ann Arbor->BARRnet, Palo Alto",1
29,nsfnet,7,1.0,uncertainty_aware_lstm_robust_lp,random_failure_fixed,"NCSA, University of Illinois, Champaign -> Merit Univ of Michigan, Ann Arbor & Merit Univ of Michigan, Ann Arbor -> NCSA, University of Illinois, Champaign",4,Pittsburgh Supercomputer Center,"MIDnet, Lincoln, NE",1,5.1356792,"Pittsburgh Supercomputer Center | Merit Univ of Michigan, Ann Arbor | NCSA, University of Illinois, Champaign | MIDnet, Lincoln, NE","Pittsburgh Supercomputer Center->Merit Univ of Michigan, Ann Arbor | Merit Univ of Michigan, Ann Arbor->NCSA, University of Illinois, Champaign | NCSA, University of Illinois, Champaign->MIDnet, Lincoln, NE",1
29,nsfnet,7,1.0,uncertainty_aware_lstm_robust_lp,random_failure_fixed,"NCSA, University of Illinois, Champaign -> Merit Univ of Michigan, Ann Arbor & Merit Univ of Michigan, Ann Arbor -> NCSA, University of Illinois, Champaign",5,"MIDnet, Lincoln, NE","BARRnet, Palo Alto",1,5.0765161,"MIDnet, Lincoln, NE | NCSA, University of Illinois, Champaign | Merit Univ of Michigan, Ann Arbor | BARRnet, Palo Alto","MIDnet, Lincoln, NE->NCSA, University of Illinois, Champaign | NCSA, University of Illinois, Champaign->Merit Univ of Michigan, Ann Arbor | Merit Univ of Michigan, Ann Arbor->BARRnet, Palo Alto",1
29,nsfnet,7,1.0,uncertainty_aware_lstm_robust_lp,random_failure_fixed,"NCSA, University of Illinois, Champaign -> Merit Univ of Michigan, Ann Arbor & Merit Univ of Michigan, Ann Arbor -> NCSA, University of Illinois, Champaign",5,"MIDnet, Lincoln, NE","BARRnet, Palo Alto",2,0.32013326,"MIDnet, Lincoln, NE | NCSA, University of Illinois, Champaign | SEQSUINET, Rice University, Houston | San Diego Supercomputer Center | BARRnet, Palo Alto","MIDnet, Lincoln, NE->NCSA, University of Illinois, Champaign | NCSA, University of Illinois, Champaign->SEQSUINET, Rice University, Houston | SEQSUINET, Rice University, Houston->San Diego Supercomputer Center | San Diego Supercomputer Center->BARRnet, Palo Alto",0
30,nsfnet,7,1.0,current_demand_lp,critical_failure_fixed,"NCSA, University of Illinois, Champaign -> Merit Univ of Michigan, Ann Arbor & Merit Univ of Michigan, Ann Arbor -> NCSA, University of Illinois, Champaign",1,"NCSA, University of Illinois, Champaign","Merit Univ of Michigan, Ann Arbor",1,5.7263938,"NCSA, University of Illinois, Champaign | Merit Univ of Michigan, Ann Arbor","NCSA, University of Illinois, Champaign->Merit Univ of Michigan, Ann Arbor",1
30,nsfnet,7,1.0,current_demand_lp,critical_failure_fixed,"NCSA, University of Illinois, Champaign -> Merit Univ of Michigan, Ann Arbor & Merit Univ of Michigan, Ann Arbor -> NCSA, University of Illinois, Champaign",2,"MIDnet, Lincoln, NE","BARRnet, Palo Alto",1,5.5399476,"MIDnet, Lincoln, NE | NCSA, University of Illinois, Champaign | Merit Univ of Michigan, Ann Arbor | BARRnet, Palo Alto","MIDnet, Lincoln, NE->NCSA, University of Illinois, Champaign | NCSA, University of Illinois, Champaign->Merit Univ of Michigan, Ann Arbor | Merit Univ of Michigan, Ann Arbor->BARRnet, Palo Alto",1
30,nsfnet,7,1.0,current_demand_lp,critical_failure_fixed,"NCSA, University of Illinois, Champaign -> Merit Univ of Michigan, Ann Arbor & Merit Univ of Michigan, Ann Arbor -> NCSA, University of Illinois, Champaign",3,"NCSA, University of Illinois, Champaign","BARRnet, Palo Alto",1,5.5262856,"NCSA, University of Illinois, Champaign | Merit Univ of Michigan, Ann Arbor | BARRnet, Palo Alto","NCSA, University of Illinois, Champaign->Merit Univ of Michigan, Ann Arbor | Merit Univ of Michigan, Ann Arbor->BARRnet, Palo Alto",1
30,nsfnet,7,1.0,current_demand_lp,critical_failure_fixed,"NCSA, University of Illinois, Champaign -> Merit Univ of Michigan, Ann Arbor & Merit Univ of Michigan, Ann Arbor -> NCSA, University of Illinois, Champaign",4,Pittsburgh Supercomputer Center,"MIDnet, Lincoln, NE",1,5.3522787,"Pittsburgh Supercomputer Center | Merit Univ of Michigan, Ann Arbor | NCSA, University of Illinois, Champaign | MIDnet, Lincoln, NE","Pittsburgh Supercomputer Center->Merit Univ of Michigan, Ann Arbor | Merit Univ of Michigan, Ann Arbor->NCSA, University of Illinois, Champaign | NCSA, University of Illinois, Champaign->MIDnet, Lincoln, NE",1
30,nsfnet,7,1.0,current_demand_lp,critical_failure_fixed,"NCSA, University of Illinois, Champaign -> Merit Univ of Michigan, Ann Arbor & Merit Univ of Michigan, Ann Arbor -> NCSA, University of Illinois, Champaign",5,"MIDnet, Lincoln, NE","Cornell Theory Center, Ithaca NY",1,4.9890628,"MIDnet, Lincoln, NE | NCSA, University of Illinois, Champaign | Merit Univ of Michigan, Ann Arbor | Cornell Theory Center, Ithaca NY","MIDnet, Lincoln, NE->NCSA, University of Illinois, Champaign | NCSA, University of Illinois, Champaign->Merit Univ of Michigan, Ann Arbor | Merit Univ of Michigan, Ann Arbor->Cornell Theory Center, Ithaca NY",1
30,nsfnet,7,1.0,current_demand_lp,random_failure_fixed,"SEQSUINET, Rice University, Houston -> NCSA, University of Illinois, Champaign & NCSA, University of Illinois, Champaign -> SEQSUINET, Rice University, Houston",1,"MIDnet, Lincoln, NE","SEQSUINET, Rice University, Houston",1,5.4374294,"MIDnet, Lincoln, NE | NCSA, University of Illinois, Champaign | SEQSUINET, Rice University, Houston","MIDnet, Lincoln, NE->NCSA, University of Illinois, Champaign | NCSA, University of Illinois, Champaign->SEQSUINET, Rice University, Houston",1
30,nsfnet,7,1.0,current_demand_lp,random_failure_fixed,"SEQSUINET, Rice University, Houston -> NCSA, University of Illinois, Champaign & NCSA, University of Illinois, Champaign -> SEQSUINET, Rice University, Houston",2,"Westnet, Salt Lake City","SEQSUINET, Rice University, Houston",1,5.3162368,"Westnet, Salt Lake City | NCAR, Boulder | NCSA, University of Illinois, Champaign | SEQSUINET, Rice University, Houston","Westnet, Salt Lake City->NCAR, Boulder | NCAR, Boulder->NCSA, University of Illinois, Champaign | NCSA, University of Illinois, Champaign->SEQSUINET, Rice University, Houston",1
30,nsfnet,7,1.0,current_demand_lp,random_failure_fixed,"SEQSUINET, Rice University, Houston -> NCSA, University of Illinois, Champaign & NCSA, University of Illinois, Champaign -> SEQSUINET, Rice University, Houston",3,"NCSA, University of Illinois, Champaign","SURANET, Georgia Tech, Atlanta",1,5.2877213,"NCSA, University of Illinois, Champaign | SEQSUINET, Rice University, Houston | SURANET, Georgia Tech, Atlanta","NCSA, University of Illinois, Champaign->SEQSUINET, Rice University, Houston | SEQSUINET, Rice University, Houston->SURANET, Georgia Tech, Atlanta",1
30,nsfnet,7,1.0,current_demand_lp,random_failure_fixed,"SEQSUINET, Rice University, Houston -> NCSA, University of Illinois, Champaign & NCSA, University of Illinois, Champaign -> SEQSUINET, Rice University, Houston",4,"NCSA, University of Illinois, Champaign","SEQSUINET, Rice University, Houston",1,5.2710526,"NCSA, University of Illinois, Champaign | SEQSUINET, Rice University, Houston","NCSA, University of Illinois, Champaign->SEQSUINET, Rice University, Houston",1
30,nsfnet,7,1.0,current_demand_lp,random_failure_fixed,"SEQSUINET, Rice University, Houston -> NCSA, University of Illinois, Champaign & NCSA, University of Illinois, Champaign -> SEQSUINET, Rice University, Houston",5,"NCAR, Boulder","SURANET, Georgia Tech, Atlanta",1,5.1308204,"NCAR, Boulder | NCSA, University of Illinois, Champaign | SEQSUINET, Rice University, Houston | SURANET, Georgia Tech, Atlanta","NCAR, Boulder->NCSA, University of Illinois, Champaign | NCSA, University of Illinois, Champaign->SEQSUINET, Rice University, Houston | SEQSUINET, Rice University, Houston->SURANET, Georgia Tech, Atlanta",1
30,nsfnet,7,1.0,robust_current_demand_lp,critical_failure_fixed,"NCSA, University of Illinois, Champaign -> Merit Univ of Michigan, Ann Arbor & Merit Univ of Michigan, Ann Arbor -> NCSA, University of Illinois, Champaign",1,"NCSA, University of Illinois, Champaign","Merit Univ of Michigan, Ann Arbor",1,5.7263938,"NCSA, University of Illinois, Champaign | Merit Univ of Michigan, Ann Arbor","NCSA, University of Illinois, Champaign->Merit Univ of Michigan, Ann Arbor",1
30,nsfnet,7,1.0,robust_current_demand_lp,critical_failure_fixed,"NCSA, University of Illinois, Champaign -> Merit Univ of Michigan, Ann Arbor & Merit Univ of Michigan, Ann Arbor -> NCSA, University of Illinois, Champaign",2,"NCSA, University of Illinois, Champaign","BARRnet, Palo Alto",1,5.5262856,"NCSA, University of Illinois, Champaign | Merit Univ of Michigan, Ann Arbor | BARRnet, Palo Alto","NCSA, University of Illinois, Champaign->Merit Univ of Michigan, Ann Arbor | Merit Univ of Michigan, Ann Arbor->BARRnet, Palo Alto",1
30,nsfnet,7,1.0,robust_current_demand_lp,critical_failure_fixed,"NCSA, University of Illinois, Champaign -> Merit Univ of Michigan, Ann Arbor & Merit Univ of Michigan, Ann Arbor -> NCSA, University of Illinois, Champaign",3,Pittsburgh Supercomputer Center,"MIDnet, Lincoln, NE",1,5.3522787,"Pittsburgh Supercomputer Center | Merit Univ of Michigan, Ann Arbor | NCSA, University of Illinois, Champaign | MIDnet, Lincoln, NE","Pittsburgh Supercomputer Center->Merit Univ of Michigan, Ann Arbor | Merit Univ of Michigan, Ann Arbor->NCSA, University of Illinois, Champaign | NCSA, University of Illinois, Champaign->MIDnet, Lincoln, NE",1
30,nsfnet,7,1.0,robust_current_demand_lp,critical_failure_fixed,"NCSA, University of Illinois, Champaign -> Merit Univ of Michigan, Ann Arbor & Merit Univ of Michigan, Ann Arbor -> NCSA, University of Illinois, Champaign",4,"MIDnet, Lincoln, NE","Cornell Theory Center, Ithaca NY",1,4.9890628,"MIDnet, Lincoln, NE | NCSA, University of Illinois, Champaign | Merit Univ of Michigan, Ann Arbor | Cornell Theory Center, Ithaca NY","MIDnet, Lincoln, NE->NCSA, University of Illinois, Champaign | NCSA, University of Illinois, Champaign->Merit Univ of Michigan, Ann Arbor | Merit Univ of Michigan, Ann Arbor->Cornell Theory Center, Ithaca NY",1
30,nsfnet,7,1.0,robust_current_demand_lp,critical_failure_fixed,"NCSA, University of Illinois, Champaign -> Merit Univ of Michigan, Ann Arbor & Merit Univ of Michigan, Ann Arbor -> NCSA, University of Illinois, Champaign",5,"Westnet, Salt Lake City","Merit Univ of Michigan, Ann Arbor",1,4.9186369,"Westnet, Salt Lake City | NCAR, Boulder | NCSA, University of Illinois, Champaign | Merit Univ of Michigan, Ann Arbor","Westnet, Salt Lake City->NCAR, Boulder | NCAR, Boulder->NCSA, University of Illinois, Champaign | NCSA, University of Illinois, Champaign->Merit Univ of Michigan, Ann Arbor",1
30,nsfnet,7,1.0,robust_current_demand_lp,random_failure_fixed,"SEQSUINET, Rice University, Houston -> NCSA, University of Illinois, Champaign & NCSA, University of Illinois, Champaign -> SEQSUINET, Rice University, Houston",1,"MIDnet, Lincoln, NE","SEQSUINET, Rice University, Houston",1,5.4374294,"MIDnet, Lincoln, NE | NCSA, University of Illinois, Champaign | SEQSUINET, Rice University, Houston","MIDnet, Lincoln, NE->NCSA, University of Illinois, Champaign | NCSA, University of Illinois, Champaign->SEQSUINET, Rice University, Houston",1
30,nsfnet,7,1.0,robust_current_demand_lp,random_failure_fixed,"SEQSUINET, Rice University, Houston -> NCSA, University of Illinois, Champaign & NCSA, University of Illinois, Champaign -> SEQSUINET, Rice University, Houston",2,"Westnet, Salt Lake City","SEQSUINET, Rice University, Houston",1,5.3162368,"Westnet, Salt Lake City | NCAR, Boulder | NCSA, University of Illinois, Champaign | SEQSUINET, Rice University, Houston","Westnet, Salt Lake City->NCAR, Boulder | NCAR, Boulder->NCSA, University of Illinois, Champaign | NCSA, University of Illinois, Champaign->SEQSUINET, Rice University, Houston",1
30,nsfnet,7,1.0,robust_current_demand_lp,random_failure_fixed,"SEQSUINET, Rice University, Houston -> NCSA, University of Illinois, Champaign & NCSA, University of Illinois, Champaign -> SEQSUINET, Rice University, Houston",3,"NCSA, University of Illinois, Champaign","SURANET, Georgia Tech, Atlanta",1,5.2877213,"NCSA, University of Illinois, Champaign | SEQSUINET, Rice University, Houston | SURANET, Georgia Tech, Atlanta","NCSA, University of Illinois, Champaign->SEQSUINET, Rice University, Houston | SEQSUINET, Rice University, Houston->SURANET, Georgia Tech, Atlanta",1
30,nsfnet,7,1.0,robust_current_demand_lp,random_failure_fixed,"SEQSUINET, Rice University, Houston -> NCSA, University of Illinois, Champaign & NCSA, University of Illinois, Champaign -> SEQSUINET, Rice University, Houston",4,"NCSA, University of Illinois, Champaign","SEQSUINET, Rice University, Houston",1,5.2710526,"NCSA, University of Illinois, Champaign | SEQSUINET, Rice University, Houston","NCSA, University of Illinois, Champaign->SEQSUINET, Rice University, Houston",1
30,nsfnet,7,1.0,robust_current_demand_lp,random_failure_fixed,"SEQSUINET, Rice University, Houston -> NCSA, University of Illinois, Champaign & NCSA, University of Illinois, Champaign -> SEQSUINET, Rice University, Houston",5,"NCAR, Boulder","SURANET, Georgia Tech, Atlanta",1,5.1308204,"NCAR, Boulder | NCSA, University of Illinois, Champaign | SEQSUINET, Rice University, Houston | SURANET, Georgia Tech, Atlanta","NCAR, Boulder->NCSA, University of Illinois, Champaign | NCSA, University of Illinois, Champaign->SEQSUINET, Rice University, Houston | SEQSUINET, Rice University, Houston->SURANET, Georgia Tech, Atlanta",1
30,nsfnet,7,1.0,uncertainty_aware_lstm_robust_lp,critical_failure_fixed,"NCSA, University of Illinois, Champaign -> Merit Univ of Michigan, Ann Arbor & Merit Univ of Michigan, Ann Arbor -> NCSA, University of Illinois, Champaign",1,"NCSA, University of Illinois, Champaign","Merit Univ of Michigan, Ann Arbor",1,5.3954248,"NCSA, University of Illinois, Champaign | Merit Univ of Michigan, Ann Arbor","NCSA, University of Illinois, Champaign->Merit Univ of Michigan, Ann Arbor",1
30,nsfnet,7,1.0,uncertainty_aware_lstm_robust_lp,critical_failure_fixed,"NCSA, University of Illinois, Champaign -> Merit Univ of Michigan, Ann Arbor & Merit Univ of Michigan, Ann Arbor -> NCSA, University of Illinois, Champaign",2,"MIDnet, Lincoln, NE","Cornell Theory Center, Ithaca NY",1,5.3664908,"MIDnet, Lincoln, NE | NCSA, University of Illinois, Champaign | Merit Univ of Michigan, Ann Arbor | Cornell Theory Center, Ithaca NY","MIDnet, Lincoln, NE->NCSA, University of Illinois, Champaign | NCSA, University of Illinois, Champaign->Merit Univ of Michigan, Ann Arbor | Merit Univ of Michigan, Ann Arbor->Cornell Theory Center, Ithaca NY",1
30,nsfnet,7,1.0,uncertainty_aware_lstm_robust_lp,critical_failure_fixed,"NCSA, University of Illinois, Champaign -> Merit Univ of Michigan, Ann Arbor & Merit Univ of Michigan, Ann Arbor -> NCSA, University of Illinois, Champaign",3,"NCSA, University of Illinois, Champaign","BARRnet, Palo Alto",1,5.302372,"NCSA, University of Illinois, Champaign | Merit Univ of Michigan, Ann Arbor | BARRnet, Palo Alto","NCSA, University of Illinois, Champaign->Merit Univ of Michigan, Ann Arbor | Merit Univ of Michigan, Ann Arbor->BARRnet, Palo Alto",1
30,nsfnet,7,1.0,uncertainty_aware_lstm_robust_lp,critical_failure_fixed,"NCSA, University of Illinois, Champaign -> Merit Univ of Michigan, Ann Arbor & Merit Univ of Michigan, Ann Arbor -> NCSA, University of Illinois, Champaign",4,Pittsburgh Supercomputer Center,"MIDnet, Lincoln, NE",1,5.1356792,"Pittsburgh Supercomputer Center | Merit Univ of Michigan, Ann Arbor | NCSA, University of Illinois, Champaign | MIDnet, Lincoln, NE","Pittsburgh Supercomputer Center->Merit Univ of Michigan, Ann Arbor | Merit Univ of Michigan, Ann Arbor->NCSA, University of Illinois, Champaign | NCSA, University of Illinois, Champaign->MIDnet, Lincoln, NE",1
30,nsfnet,7,1.0,uncertainty_aware_lstm_robust_lp,critical_failure_fixed,"NCSA, University of Illinois, Champaign -> Merit Univ of Michigan, Ann Arbor & Merit Univ of Michigan, Ann Arbor -> NCSA, University of Illinois, Champaign",5,"MIDnet, Lincoln, NE","BARRnet, Palo Alto",1,5.0765161,"MIDnet, Lincoln, NE | NCSA, University of Illinois, Champaign | Merit Univ of Michigan, Ann Arbor | BARRnet, Palo Alto","MIDnet, Lincoln, NE->NCSA, University of Illinois, Champaign | NCSA, University of Illinois, Champaign->Merit Univ of Michigan, Ann Arbor | Merit Univ of Michigan, Ann Arbor->BARRnet, Palo Alto",1
30,nsfnet,7,1.0,uncertainty_aware_lstm_robust_lp,critical_failure_fixed,"NCSA, University of Illinois, Champaign -> Merit Univ of Michigan, Ann Arbor & Merit Univ of Michigan, Ann Arbor -> NCSA, University of Illinois, Champaign",5,"MIDnet, Lincoln, NE","BARRnet, Palo Alto",2,0.32013326,"MIDnet, Lincoln, NE | NCSA, University of Illinois, Champaign | SEQSUINET, Rice University, Houston | San Diego Supercomputer Center | BARRnet, Palo Alto","MIDnet, Lincoln, NE->NCSA, University of Illinois, Champaign | NCSA, University of Illinois, Champaign->SEQSUINET, Rice University, Houston | SEQSUINET, Rice University, Houston->San Diego Supercomputer Center | San Diego Supercomputer Center->BARRnet, Palo Alto",0
30,nsfnet,7,1.0,uncertainty_aware_lstm_robust_lp,random_failure_fixed,"SEQSUINET, Rice University, Houston -> NCSA, University of Illinois, Champaign & NCSA, University of Illinois, Champaign -> SEQSUINET, Rice University, Houston",1,"MIDnet, Lincoln, NE","SEQSUINET, Rice University, Houston",1,5.4729018,"MIDnet, Lincoln, NE | NCSA, University of Illinois, Champaign | SEQSUINET, Rice University, Houston","MIDnet, Lincoln, NE->NCSA, University of Illinois, Champaign | NCSA, University of Illinois, Champaign->SEQSUINET, Rice University, Houston",1
30,nsfnet,7,1.0,uncertainty_aware_lstm_robust_lp,random_failure_fixed,"SEQSUINET, Rice University, Houston -> NCSA, University of Illinois, Champaign & NCSA, University of Illinois, Champaign -> SEQSUINET, Rice University, Houston",2,"NCSA, University of Illinois, Champaign","SEQSUINET, Rice University, Houston",1,5.2966323,"NCSA, University of Illinois, Champaign | SEQSUINET, Rice University, Houston","NCSA, University of Illinois, Champaign->SEQSUINET, Rice University, Houston",1
30,nsfnet,7,1.0,uncertainty_aware_lstm_robust_lp,random_failure_fixed,"SEQSUINET, Rice University, Houston -> NCSA, University of Illinois, Champaign & NCSA, University of Illinois, Champaign -> SEQSUINET, Rice University, Houston",3,"NCSA, University of Illinois, Champaign","SURANET, Georgia Tech, Atlanta",1,5.227819,"NCSA, University of Illinois, Champaign | SEQSUINET, Rice University, Houston | SURANET, Georgia Tech, Atlanta","NCSA, University of Illinois, Champaign->SEQSUINET, Rice University, Houston | SEQSUINET, Rice University, Houston->SURANET, Georgia Tech, Atlanta",1
30,nsfnet,7,1.0,uncertainty_aware_lstm_robust_lp,random_failure_fixed,"SEQSUINET, Rice University, Houston -> NCSA, University of Illinois, Champaign & NCSA, University of Illinois, Champaign -> SEQSUINET, Rice University, Houston",4,"Westnet, Salt Lake City","SEQSUINET, Rice University, Houston",1,5.074162,"Westnet, Salt Lake City | NCAR, Boulder | NCSA, University of Illinois, Champaign | SEQSUINET, Rice University, Houston","Westnet, Salt Lake City->NCAR, Boulder | NCAR, Boulder->NCSA, University of Illinois, Champaign | NCSA, University of Illinois, Champaign->SEQSUINET, Rice University, Houston",1
30,nsfnet,7,1.0,uncertainty_aware_lstm_robust_lp,random_failure_fixed,"SEQSUINET, Rice University, Houston -> NCSA, University of Illinois, Champaign & NCSA, University of Illinois, Champaign -> SEQSUINET, Rice University, Houston",5,"NCAR, Boulder","SURANET, Georgia Tech, Atlanta",1,4.8899465,"NCAR, Boulder | NCSA, University of Illinois, Champaign | SEQSUINET, Rice University, Houston | SURANET, Georgia Tech, Atlanta","NCAR, Boulder->NCSA, University of Illinois, Champaign | NCSA, University of Illinois, Champaign->SEQSUINET, Rice University, Houston | SEQSUINET, Rice University, Houston->SURANET, Georgia Tech, Atlanta",1
31,nsfnet,7,1.0,current_demand_lp,critical_failure_fixed,"NCSA, University of Illinois, Champaign -> Merit Univ of Michigan, Ann Arbor & Merit Univ of Michigan, Ann Arbor -> NCSA, University of Illinois, Champaign",1,"NCSA, University of Illinois, Champaign","Merit Univ of Michigan, Ann Arbor",1,5.0053784,"NCSA, University of Illinois, Champaign | Merit Univ of Michigan, Ann Arbor","NCSA, University of Illinois, Champaign->Merit Univ of Michigan, Ann Arbor",1
31,nsfnet,7,1.0,current_demand_lp,critical_failure_fixed,"NCSA, University of Illinois, Champaign -> Merit Univ of Michigan, Ann Arbor & Merit Univ of Michigan, Ann Arbor -> NCSA, University of Illinois, Champaign",2,"MIDnet, Lincoln, NE","BARRnet, Palo Alto",1,4.8652746,"MIDnet, Lincoln, NE | NCSA, University of Illinois, Champaign | Merit Univ of Michigan, Ann Arbor | BARRnet, Palo Alto","MIDnet, Lincoln, NE->NCSA, University of Illinois, Champaign | NCSA, University of Illinois, Champaign->Merit Univ of Michigan, Ann Arbor | Merit Univ of Michigan, Ann Arbor->BARRnet, Palo Alto",1
31,nsfnet,7,1.0,current_demand_lp,critical_failure_fixed,"NCSA, University of Illinois, Champaign -> Merit Univ of Michigan, Ann Arbor & Merit Univ of Michigan, Ann Arbor -> NCSA, University of Illinois, Champaign",3,"NCSA, University of Illinois, Champaign","BARRnet, Palo Alto",1,4.7174528,"NCSA, University of Illinois, Champaign | Merit Univ of Michigan, Ann Arbor | BARRnet, Palo Alto","NCSA, University of Illinois, Champaign->Merit Univ of Michigan, Ann Arbor | Merit Univ of Michigan, Ann Arbor->BARRnet, Palo Alto",1
31,nsfnet,7,1.0,current_demand_lp,critical_failure_fixed,"NCSA, University of Illinois, Champaign -> Merit Univ of Michigan, Ann Arbor & Merit Univ of Michigan, Ann Arbor -> NCSA, University of Illinois, Champaign",4,"MIDnet, Lincoln, NE","Cornell Theory Center, Ithaca NY",1,4.4524634,"MIDnet, Lincoln, NE | NCSA, University of Illinois, Champaign | Merit Univ of Michigan, Ann Arbor | Cornell Theory Center, Ithaca NY","MIDnet, Lincoln, NE->NCSA, University of Illinois, Champaign | NCSA, University of Illinois, Champaign->Merit Univ of Michigan, Ann Arbor | Merit Univ of Michigan, Ann Arbor->Cornell Theory Center, Ithaca NY",1
31,nsfnet,7,1.0,current_demand_lp,critical_failure_fixed,"NCSA, University of Illinois, Champaign -> Merit Univ of Michigan, Ann Arbor & Merit Univ of Michigan, Ann Arbor -> NCSA, University of Illinois, Champaign",5,"Westnet, Salt Lake City","Merit Univ of Michigan, Ann Arbor",1,4.1666634,"Westnet, Salt Lake City | NCAR, Boulder | NCSA, University of Illinois, Champaign | Merit Univ of Michigan, Ann Arbor","Westnet, Salt Lake City->NCAR, Boulder | NCAR, Boulder->NCSA, University of Illinois, Champaign | NCSA, University of Illinois, Champaign->Merit Univ of Michigan, Ann Arbor",1
31,nsfnet,7,1.0,current_demand_lp,random_failure_fixed,"NorthWestNet, Seattle -> BARRnet, Palo Alto & BARRnet, Palo Alto -> NorthWestNet, Seattle",1,"Merit Univ of Michigan, Ann Arbor","NorthWestNet, Seattle",1,5.0332837,"Merit Univ of Michigan, Ann Arbor | BARRnet, Palo Alto | NorthWestNet, Seattle","Merit Univ of Michigan, Ann Arbor->BARRnet, Palo Alto | BARRnet, Palo Alto->NorthWestNet, Seattle",1
31,nsfnet,7,1.0,current_demand_lp,random_failure_fixed,"NorthWestNet, Seattle -> BARRnet, Palo Alto & BARRnet, Palo Alto -> NorthWestNet, Seattle",2,San Diego Supercomputer Center,"NCAR, Boulder",1,4.7562288,"San Diego Supercomputer Center | BARRnet, Palo Alto | NorthWestNet, Seattle | NCAR, Boulder","San Diego Supercomputer Center->BARRnet, Palo Alto | BARRnet, Palo Alto->NorthWestNet, Seattle | NorthWestNet, Seattle->NCAR, Boulder",1
31,nsfnet,7,1.0,current_demand_lp,random_failure_fixed,"NorthWestNet, Seattle -> BARRnet, Palo Alto & BARRnet, Palo Alto -> NorthWestNet, Seattle",3,"NorthWestNet, Seattle","Merit Univ of Michigan, Ann Arbor",1,4.6563451,"NorthWestNet, Seattle | BARRnet, Palo Alto | Merit Univ of Michigan, Ann Arbor","NorthWestNet, Seattle->BARRnet, Palo Alto | BARRnet, Palo Alto->Merit Univ of Michigan, Ann Arbor",1
31,nsfnet,7,1.0,current_demand_lp,random_failure_fixed,"NorthWestNet, Seattle -> BARRnet, Palo Alto & BARRnet, Palo Alto -> NorthWestNet, Seattle",4,"NorthWestNet, Seattle",Pittsburgh Supercomputer Center,1,4.3944947,"NorthWestNet, Seattle | BARRnet, Palo Alto | Merit Univ of Michigan, Ann Arbor | Pittsburgh Supercomputer Center","NorthWestNet, Seattle->BARRnet, Palo Alto | BARRnet, Palo Alto->Merit Univ of Michigan, Ann Arbor | Merit Univ of Michigan, Ann Arbor->Pittsburgh Supercomputer Center",1
31,nsfnet,7,1.0,current_demand_lp,random_failure_fixed,"NorthWestNet, Seattle -> BARRnet, Palo Alto & BARRnet, Palo Alto -> NorthWestNet, Seattle",5,"Westnet, Salt Lake City",San Diego Supercomputer Center,1,4.3879056,"Westnet, Salt Lake City | NCAR, Boulder | NorthWestNet, Seattle | BARRnet, Palo Alto | San Diego Supercomputer Center","Westnet, Salt Lake City->NCAR, Boulder | NCAR, Boulder->NorthWestNet, Seattle | NorthWestNet, Seattle->BARRnet, Palo Alto | BARRnet, Palo Alto->San Diego Supercomputer Center",1
31,nsfnet,7,1.0,robust_current_demand_lp,critical_failure_fixed,"NCSA, University of Illinois, Champaign -> Merit Univ of Michigan, Ann Arbor & Merit Univ of Michigan, Ann Arbor -> NCSA, University of Illinois, Champaign",1,"NCSA, University of Illinois, Champaign","Merit Univ of Michigan, Ann Arbor",1,5.0053784,"NCSA, University of Illinois, Champaign | Merit Univ of Michigan, Ann Arbor","NCSA, University of Illinois, Champaign->Merit Univ of Michigan, Ann Arbor",1
31,nsfnet,7,1.0,robust_current_demand_lp,critical_failure_fixed,"NCSA, University of Illinois, Champaign -> Merit Univ of Michigan, Ann Arbor & Merit Univ of Michigan, Ann Arbor -> NCSA, University of Illinois, Champaign",2,"NCSA, University of Illinois, Champaign","BARRnet, Palo Alto",1,4.7174528,"NCSA, University of Illinois, Champaign | Merit Univ of Michigan, Ann Arbor | BARRnet, Palo Alto","NCSA, University of Illinois, Champaign->Merit Univ of Michigan, Ann Arbor | Merit Univ of Michigan, Ann Arbor->BARRnet, Palo Alto",1
31,nsfnet,7,1.0,robust_current_demand_lp,critical_failure_fixed,"NCSA, University of Illinois, Champaign -> Merit Univ of Michigan, Ann Arbor & Merit Univ of Michigan, Ann Arbor -> NCSA, University of Illinois, Champaign",3,"MIDnet, Lincoln, NE","Cornell Theory Center, Ithaca NY",1,4.4524634,"MIDnet, Lincoln, NE | NCSA, University of Illinois, Champaign | Merit Univ of Michigan, Ann Arbor | Cornell Theory Center, Ithaca NY","MIDnet, Lincoln, NE->NCSA, University of Illinois, Champaign | NCSA, University of Illinois, Champaign->Merit Univ of Michigan, Ann Arbor | Merit Univ of Michigan, Ann Arbor->Cornell Theory Center, Ithaca NY",1
31,nsfnet,7,1.0,robust_current_demand_lp,critical_failure_fixed,"NCSA, University of Illinois, Champaign -> Merit Univ of Michigan, Ann Arbor & Merit Univ of Michigan, Ann Arbor -> NCSA, University of Illinois, Champaign",4,"Westnet, Salt Lake City","Merit Univ of Michigan, Ann Arbor",1,4.1666634,"Westnet, Salt Lake City | NCAR, Boulder | NCSA, University of Illinois, Champaign | Merit Univ of Michigan, Ann Arbor","Westnet, Salt Lake City->NCAR, Boulder | NCAR, Boulder->NCSA, University of Illinois, Champaign | NCSA, University of Illinois, Champaign->Merit Univ of Michigan, Ann Arbor",1
31,nsfnet,7,1.0,robust_current_demand_lp,critical_failure_fixed,"NCSA, University of Illinois, Champaign -> Merit Univ of Michigan, Ann Arbor & Merit Univ of Michigan, Ann Arbor -> NCSA, University of Illinois, Champaign",5,"Cornell Theory Center, Ithaca NY","Westnet, Salt Lake City",1,4.0075111,"Cornell Theory Center, Ithaca NY | Merit Univ of Michigan, Ann Arbor | NCSA, University of Illinois, Champaign | NCAR, Boulder | Westnet, Salt Lake City","Cornell Theory Center, Ithaca NY->Merit Univ of Michigan, Ann Arbor | Merit Univ of Michigan, Ann Arbor->NCSA, University of Illinois, Champaign | NCSA, University of Illinois, Champaign->NCAR, Boulder | NCAR, Boulder->Westnet, Salt Lake City",1
31,nsfnet,7,1.0,robust_current_demand_lp,random_failure_fixed,"NorthWestNet, Seattle -> BARRnet, Palo Alto & BARRnet, Palo Alto -> NorthWestNet, Seattle",1,"Merit Univ of Michigan, Ann Arbor","NorthWestNet, Seattle",1,5.0332837,"Merit Univ of Michigan, Ann Arbor | BARRnet, Palo Alto | NorthWestNet, Seattle","Merit Univ of Michigan, Ann Arbor->BARRnet, Palo Alto | BARRnet, Palo Alto->NorthWestNet, Seattle",1
31,nsfnet,7,1.0,robust_current_demand_lp,random_failure_fixed,"NorthWestNet, Seattle -> BARRnet, Palo Alto & BARRnet, Palo Alto -> NorthWestNet, Seattle",2,San Diego Supercomputer Center,"NCAR, Boulder",1,4.7562288,"San Diego Supercomputer Center | BARRnet, Palo Alto | NorthWestNet, Seattle | NCAR, Boulder","San Diego Supercomputer Center->BARRnet, Palo Alto | BARRnet, Palo Alto->NorthWestNet, Seattle | NorthWestNet, Seattle->NCAR, Boulder",1
31,nsfnet,7,1.0,robust_current_demand_lp,random_failure_fixed,"NorthWestNet, Seattle -> BARRnet, Palo Alto & BARRnet, Palo Alto -> NorthWestNet, Seattle",3,"NorthWestNet, Seattle","Merit Univ of Michigan, Ann Arbor",1,4.6563451,"NorthWestNet, Seattle | BARRnet, Palo Alto | Merit Univ of Michigan, Ann Arbor","NorthWestNet, Seattle->BARRnet, Palo Alto | BARRnet, Palo Alto->Merit Univ of Michigan, Ann Arbor",1
31,nsfnet,7,1.0,robust_current_demand_lp,random_failure_fixed,"NorthWestNet, Seattle -> BARRnet, Palo Alto & BARRnet, Palo Alto -> NorthWestNet, Seattle",4,"NorthWestNet, Seattle",Pittsburgh Supercomputer Center,1,4.3944947,"NorthWestNet, Seattle | BARRnet, Palo Alto | Merit Univ of Michigan, Ann Arbor | Pittsburgh Supercomputer Center","NorthWestNet, Seattle->BARRnet, Palo Alto | BARRnet, Palo Alto->Merit Univ of Michigan, Ann Arbor | Merit Univ of Michigan, Ann Arbor->Pittsburgh Supercomputer Center",1
31,nsfnet,7,1.0,robust_current_demand_lp,random_failure_fixed,"NorthWestNet, Seattle -> BARRnet, Palo Alto & BARRnet, Palo Alto -> NorthWestNet, Seattle",5,"Westnet, Salt Lake City",San Diego Supercomputer Center,1,4.3879056,"Westnet, Salt Lake City | NCAR, Boulder | NorthWestNet, Seattle | BARRnet, Palo Alto | San Diego Supercomputer Center","Westnet, Salt Lake City->NCAR, Boulder | NCAR, Boulder->NorthWestNet, Seattle | NorthWestNet, Seattle->BARRnet, Palo Alto | BARRnet, Palo Alto->San Diego Supercomputer Center",1
31,nsfnet,7,1.0,uncertainty_aware_lstm_robust_lp,critical_failure_fixed,"NCSA, University of Illinois, Champaign -> Merit Univ of Michigan, Ann Arbor & Merit Univ of Michigan, Ann Arbor -> NCSA, University of Illinois, Champaign",1,"NCSA, University of Illinois, Champaign","Merit Univ of Michigan, Ann Arbor",1,5.3954248,"NCSA, University of Illinois, Champaign | Merit Univ of Michigan, Ann Arbor","NCSA, University of Illinois, Champaign->Merit Univ of Michigan, Ann Arbor",1
31,nsfnet,7,1.0,uncertainty_aware_lstm_robust_lp,critical_failure_fixed,"NCSA, University of Illinois, Champaign -> Merit Univ of Michigan, Ann Arbor & Merit Univ of Michigan, Ann Arbor -> NCSA, University of Illinois, Champaign",2,"MIDnet, Lincoln, NE","Cornell Theory Center, Ithaca NY",1,5.3664908,"MIDnet, Lincoln, NE | NCSA, University of Illinois, Champaign | Merit Univ of Michigan, Ann Arbor | Cornell Theory Center, Ithaca NY","MIDnet, Lincoln, NE->NCSA, University of Illinois, Champaign | NCSA, University of Illinois, Champaign->Merit Univ of Michigan, Ann Arbor | Merit Univ of Michigan, Ann Arbor->Cornell Theory Center, Ithaca NY",1
31,nsfnet,7,1.0,uncertainty_aware_lstm_robust_lp,critical_failure_fixed,"NCSA, University of Illinois, Champaign -> Merit Univ of Michigan, Ann Arbor & Merit Univ of Michigan, Ann Arbor -> NCSA, University of Illinois, Champaign",3,"NCSA, University of Illinois, Champaign","BARRnet, Palo Alto",1,5.302372,"NCSA, University of Illinois, Champaign | Merit Univ of Michigan, Ann Arbor | BARRnet, Palo Alto","NCSA, University of Illinois, Champaign->Merit Univ of Michigan, Ann Arbor | Merit Univ of Michigan, Ann Arbor->BARRnet, Palo Alto",1
31,nsfnet,7,1.0,uncertainty_aware_lstm_robust_lp,critical_failure_fixed,"NCSA, University of Illinois, Champaign -> Merit Univ of Michigan, Ann Arbor & Merit Univ of Michigan, Ann Arbor -> NCSA, University of Illinois, Champaign",4,Pittsburgh Supercomputer Center,"MIDnet, Lincoln, NE",1,5.1356792,"Pittsburgh Supercomputer Center | Merit Univ of Michigan, Ann Arbor | NCSA, University of Illinois, Champaign | MIDnet, Lincoln, NE","Pittsburgh Supercomputer Center->Merit Univ of Michigan, Ann Arbor | Merit Univ of Michigan, Ann Arbor->NCSA, University of Illinois, Champaign | NCSA, University of Illinois, Champaign->MIDnet, Lincoln, NE",1
31,nsfnet,7,1.0,uncertainty_aware_lstm_robust_lp,critical_failure_fixed,"NCSA, University of Illinois, Champaign -> Merit Univ of Michigan, Ann Arbor & Merit Univ of Michigan, Ann Arbor -> NCSA, University of Illinois, Champaign",5,"MIDnet, Lincoln, NE","BARRnet, Palo Alto",1,5.0765161,"MIDnet, Lincoln, NE | NCSA, University of Illinois, Champaign | Merit Univ of Michigan, Ann Arbor | BARRnet, Palo Alto","MIDnet, Lincoln, NE->NCSA, University of Illinois, Champaign | NCSA, University of Illinois, Champaign->Merit Univ of Michigan, Ann Arbor | Merit Univ of Michigan, Ann Arbor->BARRnet, Palo Alto",1
31,nsfnet,7,1.0,uncertainty_aware_lstm_robust_lp,critical_failure_fixed,"NCSA, University of Illinois, Champaign -> Merit Univ of Michigan, Ann Arbor & Merit Univ of Michigan, Ann Arbor -> NCSA, University of Illinois, Champaign",5,"MIDnet, Lincoln, NE","BARRnet, Palo Alto",2,0.32013326,"MIDnet, Lincoln, NE | NCSA, University of Illinois, Champaign | SEQSUINET, Rice University, Houston | San Diego Supercomputer Center | BARRnet, Palo Alto","MIDnet, Lincoln, NE->NCSA, University of Illinois, Champaign | NCSA, University of Illinois, Champaign->SEQSUINET, Rice University, Houston | SEQSUINET, Rice University, Houston->San Diego Supercomputer Center | San Diego Supercomputer Center->BARRnet, Palo Alto",0
31,nsfnet,7,1.0,uncertainty_aware_lstm_robust_lp,random_failure_fixed,"NorthWestNet, Seattle -> BARRnet, Palo Alto & BARRnet, Palo Alto -> NorthWestNet, Seattle",1,San Diego Supercomputer Center,"NCAR, Boulder",1,5.4944291,"San Diego Supercomputer Center | BARRnet, Palo Alto | NorthWestNet, Seattle | NCAR, Boulder","San Diego Supercomputer Center->BARRnet, Palo Alto | BARRnet, Palo Alto->NorthWestNet, Seattle | NorthWestNet, Seattle->NCAR, Boulder",1
31,nsfnet,7,1.0,uncertainty_aware_lstm_robust_lp,random_failure_fixed,"NorthWestNet, Seattle -> BARRnet, Palo Alto & BARRnet, Palo Alto -> NorthWestNet, Seattle",2,"NorthWestNet, Seattle",Pittsburgh Supercomputer Center,1,5.3903871,"NorthWestNet, Seattle | BARRnet, Palo Alto | Merit Univ of Michigan, Ann Arbor | Pittsburgh Supercomputer Center","NorthWestNet, Seattle->BARRnet, Palo Alto | BARRnet, Palo Alto->Merit Univ of Michigan, Ann Arbor | Merit Univ of Michigan, Ann Arbor->Pittsburgh Supercomputer Center",1
31,nsfnet,7,1.0,uncertainty_aware_lstm_robust_lp,random_failure_fixed,"NorthWestNet, Seattle -> BARRnet, Palo Alto & BARRnet, Palo Alto -> NorthWestNet, Seattle",3,"SEQSUINET, Rice University, Houston","NorthWestNet, Seattle",1,5.2250738,"SEQSUINET, Rice University, Houston | San Diego Supercomputer Center | BARRnet, Palo Alto | NorthWestNet, Seattle","SEQSUINET, Rice University, Houston->San Diego Supercomputer Center | San Diego Supercomputer Center->BARRnet, Palo Alto | BARRnet, Palo Alto->NorthWestNet, Seattle",1
31,nsfnet,7,1.0,uncertainty_aware_lstm_robust_lp,random_failure_fixed,"NorthWestNet, Seattle -> BARRnet, Palo Alto & BARRnet, Palo Alto -> NorthWestNet, Seattle",4,"Merit Univ of Michigan, Ann Arbor","NorthWestNet, Seattle",1,5.2213192,"Merit Univ of Michigan, Ann Arbor | BARRnet, Palo Alto | NorthWestNet, Seattle","Merit Univ of Michigan, Ann Arbor->BARRnet, Palo Alto | BARRnet, Palo Alto->NorthWestNet, Seattle",1
31,nsfnet,7,1.0,uncertainty_aware_lstm_robust_lp,random_failure_fixed,"NorthWestNet, Seattle -> BARRnet, Palo Alto & BARRnet, Palo Alto -> NorthWestNet, Seattle",5,"NorthWestNet, Seattle","Merit Univ of Michigan, Ann Arbor",1,5.1421585,"NorthWestNet, Seattle | BARRnet, Palo Alto | Merit Univ of Michigan, Ann Arbor","NorthWestNet, Seattle->BARRnet, Palo Alto | BARRnet, Palo Alto->Merit Univ of Michigan, Ann Arbor",1
32,nsfnet,7,1.0,current_demand_lp,critical_failure_fixed,"NCSA, University of Illinois, Champaign -> Merit Univ of Michigan, Ann Arbor & Merit Univ of Michigan, Ann Arbor -> NCSA, University of Illinois, Champaign",1,"NCSA, University of Illinois, Champaign","Merit Univ of Michigan, Ann Arbor",1,4.4262039,"NCSA, University of Illinois, Champaign | Merit Univ of Michigan, Ann Arbor","NCSA, University of Illinois, Champaign->Merit Univ of Michigan, Ann Arbor",1
32,nsfnet,7,1.0,current_demand_lp,critical_failure_fixed,"NCSA, University of Illinois, Champaign -> Merit Univ of Michigan, Ann Arbor & Merit Univ of Michigan, Ann Arbor -> NCSA, University of Illinois, Champaign",2,"NCSA, University of Illinois, Champaign","BARRnet, Palo Alto",1,4.3489189,"NCSA, University of Illinois, Champaign | Merit Univ of Michigan, Ann Arbor | BARRnet, Palo Alto","NCSA, University of Illinois, Champaign->Merit Univ of Michigan, Ann Arbor | Merit Univ of Michigan, Ann Arbor->BARRnet, Palo Alto",1
32,nsfnet,7,1.0,current_demand_lp,critical_failure_fixed,"NCSA, University of Illinois, Champaign -> Merit Univ of Michigan, Ann Arbor & Merit Univ of Michigan, Ann Arbor -> NCSA, University of Illinois, Champaign",3,"MIDnet, Lincoln, NE","BARRnet, Palo Alto",1,4.2558309,"MIDnet, Lincoln, NE | NCSA, University of Illinois, Champaign | Merit Univ of Michigan, Ann Arbor | BARRnet, Palo Alto","MIDnet, Lincoln, NE->NCSA, University of Illinois, Champaign | NCSA, University of Illinois, Champaign->Merit Univ of Michigan, Ann Arbor | Merit Univ of Michigan, Ann Arbor->BARRnet, Palo Alto",1
32,nsfnet,7,1.0,current_demand_lp,critical_failure_fixed,"NCSA, University of Illinois, Champaign -> Merit Univ of Michigan, Ann Arbor & Merit Univ of Michigan, Ann Arbor -> NCSA, University of Illinois, Champaign",4,"MIDnet, Lincoln, NE","Cornell Theory Center, Ithaca NY",1,4.005971,"MIDnet, Lincoln, NE | NCSA, University of Illinois, Champaign | Merit Univ of Michigan, Ann Arbor | Cornell Theory Center, Ithaca NY","MIDnet, Lincoln, NE->NCSA, University of Illinois, Champaign | NCSA, University of Illinois, Champaign->Merit Univ of Michigan, Ann Arbor | Merit Univ of Michigan, Ann Arbor->Cornell Theory Center, Ithaca NY",1
32,nsfnet,7,1.0,current_demand_lp,critical_failure_fixed,"NCSA, University of Illinois, Champaign -> Merit Univ of Michigan, Ann Arbor & Merit Univ of Michigan, Ann Arbor -> NCSA, University of Illinois, Champaign",5,Pittsburgh Supercomputer Center,"MIDnet, Lincoln, NE",1,3.6474674,"Pittsburgh Supercomputer Center | Merit Univ of Michigan, Ann Arbor | NCSA, University of Illinois, Champaign | MIDnet, Lincoln, NE","Pittsburgh Supercomputer Center->Merit Univ of Michigan, Ann Arbor | Merit Univ of Michigan, Ann Arbor->NCSA, University of Illinois, Champaign | NCSA, University of Illinois, Champaign->MIDnet, Lincoln, NE",1
32,nsfnet,7,1.0,current_demand_lp,random_failure_fixed,"MIDnet, Lincoln, NE -> NCSA, University of Illinois, Champaign & NCSA, University of Illinois, Champaign -> MIDnet, Lincoln, NE",1,"MIDnet, Lincoln, NE","BARRnet, Palo Alto",1,4.2558309,"MIDnet, Lincoln, NE | NCSA, University of Illinois, Champaign | Merit Univ of Michigan, Ann Arbor | BARRnet, Palo Alto","MIDnet, Lincoln, NE->NCSA, University of Illinois, Champaign | NCSA, University of Illinois, Champaign->Merit Univ of Michigan, Ann Arbor | Merit Univ of Michigan, Ann Arbor->BARRnet, Palo Alto",1
32,nsfnet,7,1.0,current_demand_lp,random_failure_fixed,"MIDnet, Lincoln, NE -> NCSA, University of Illinois, Champaign & NCSA, University of Illinois, Champaign -> MIDnet, Lincoln, NE",2,"MIDnet, Lincoln, NE","Cornell Theory Center, Ithaca NY",1,4.005971,"MIDnet, Lincoln, NE | NCSA, University of Illinois, Champaign | Merit Univ of Michigan, Ann Arbor | Cornell Theory Center, Ithaca NY","MIDnet, Lincoln, NE->NCSA, University of Illinois, Champaign | NCSA, University of Illinois, Champaign->Merit Univ of Michigan, Ann Arbor | Merit Univ of Michigan, Ann Arbor->Cornell Theory Center, Ithaca NY",1
32,nsfnet,7,1.0,current_demand_lp,random_failure_fixed,"MIDnet, Lincoln, NE -> NCSA, University of Illinois, Champaign & NCSA, University of Illinois, Champaign -> MIDnet, Lincoln, NE",3,"MIDnet, Lincoln, NE","SEQSUINET, Rice University, Houston",1,3.8454543,"MIDnet, Lincoln, NE | NCSA, University of Illinois, Champaign | SEQSUINET, Rice University, Houston","MIDnet, Lincoln, NE->NCSA, University of Illinois, Champaign | NCSA, University of Illinois, Champaign->SEQSUINET, Rice University, Houston",1
32,nsfnet,7,1.0,current_demand_lp,random_failure_fixed,"MIDnet, Lincoln, NE -> NCSA, University of Illinois, Champaign & NCSA, University of Illinois, Champaign -> MIDnet, Lincoln, NE",4,"NorthWestNet, Seattle","MIDnet, Lincoln, NE",1,3.7911206,"NorthWestNet, Seattle | NCAR, Boulder | NCSA, University of Illinois, Champaign | MIDnet, Lincoln, NE","NorthWestNet, Seattle->NCAR, Boulder | NCAR, Boulder->NCSA, University of Illinois, Champaign | NCSA, University of Illinois, Champaign->MIDnet, Lincoln, NE",1
32,nsfnet,7,1.0,current_demand_lp,random_failure_fixed,"MIDnet, Lincoln, NE -> NCSA, University of Illinois, Champaign & NCSA, University of Illinois, Champaign -> MIDnet, Lincoln, NE",5,Pittsburgh Supercomputer Center,"MIDnet, Lincoln, NE",1,3.6474674,"Pittsburgh Supercomputer Center | Merit Univ of Michigan, Ann Arbor | NCSA, University of Illinois, Champaign | MIDnet, Lincoln, NE","Pittsburgh Supercomputer Center->Merit Univ of Michigan, Ann Arbor | Merit Univ of Michigan, Ann Arbor->NCSA, University of Illinois, Champaign | NCSA, University of Illinois, Champaign->MIDnet, Lincoln, NE",1
32,nsfnet,7,1.0,robust_current_demand_lp,critical_failure_fixed,"NCSA, University of Illinois, Champaign -> Merit Univ of Michigan, Ann Arbor & Merit Univ of Michigan, Ann Arbor -> NCSA, University of Illinois, Champaign",1,"NCSA, University of Illinois, Champaign","Merit Univ of Michigan, Ann Arbor",1,4.4262039,"NCSA, University of Illinois, Champaign | Merit Univ of Michigan, Ann Arbor","NCSA, University of Illinois, Champaign->Merit Univ of Michigan, Ann Arbor",1
32,nsfnet,7,1.0,robust_current_demand_lp,critical_failure_fixed,"NCSA, University of Illinois, Champaign -> Merit Univ of Michigan, Ann Arbor & Merit Univ of Michigan, Ann Arbor -> NCSA, University of Illinois, Champaign",2,"NCSA, University of Illinois, Champaign","BARRnet, Palo Alto",1,4.3489189,"NCSA, University of Illinois, Champaign | Merit Univ of Michigan, Ann Arbor | BARRnet, Palo Alto","NCSA, University of Illinois, Champaign->Merit Univ of Michigan, Ann Arbor | Merit Univ of Michigan, Ann Arbor->BARRnet, Palo Alto",1
32,nsfnet,7,1.0,robust_current_demand_lp,critical_failure_fixed,"NCSA, University of Illinois, Champaign -> Merit Univ of Michigan, Ann Arbor & Merit Univ of Michigan, Ann Arbor -> NCSA, University of Illinois, Champaign",3,"MIDnet, Lincoln, NE","Cornell Theory Center, Ithaca NY",1,4.005971,"MIDnet, Lincoln, NE | NCSA, University of Illinois, Champaign | Merit Univ of Michigan, Ann Arbor | Cornell Theory Center, Ithaca NY","MIDnet, Lincoln, NE->NCSA, University of Illinois, Champaign | NCSA, University of Illinois, Champaign->Merit Univ of Michigan, Ann Arbor | Merit Univ of Michigan, Ann Arbor->Cornell Theory Center, Ithaca NY",1
32,nsfnet,7,1.0,robust_current_demand_lp,critical_failure_fixed,"NCSA, University of Illinois, Champaign -> Merit Univ of Michigan, Ann Arbor & Merit Univ of Michigan, Ann Arbor -> NCSA, University of Illinois, Champaign",4,"MIDnet, Lincoln, NE","BARRnet, Palo Alto",1,3.9207679,"MIDnet, Lincoln, NE | NCSA, University of Illinois, Champaign | Merit Univ of Michigan, Ann Arbor | BARRnet, Palo Alto","MIDnet, Lincoln, NE->NCSA, University of Illinois, Champaign | NCSA, University of Illinois, Champaign->Merit Univ of Michigan, Ann Arbor | Merit Univ of Michigan, Ann Arbor->BARRnet, Palo Alto",1
32,nsfnet,7,1.0,robust_current_demand_lp,critical_failure_fixed,"NCSA, University of Illinois, Champaign -> Merit Univ of Michigan, Ann Arbor & Merit Univ of Michigan, Ann Arbor -> NCSA, University of Illinois, Champaign",4,"MIDnet, Lincoln, NE","BARRnet, Palo Alto",2,0.33506300000000033,"MIDnet, Lincoln, NE | NCSA, University of Illinois, Champaign | SEQSUINET, Rice University, Houston | San Diego Supercomputer Center | BARRnet, Palo Alto","MIDnet, Lincoln, NE->NCSA, University of Illinois, Champaign | NCSA, University of Illinois, Champaign->SEQSUINET, Rice University, Houston | SEQSUINET, Rice University, Houston->San Diego Supercomputer Center | San Diego Supercomputer Center->BARRnet, Palo Alto",0
32,nsfnet,7,1.0,robust_current_demand_lp,critical_failure_fixed,"NCSA, University of Illinois, Champaign -> Merit Univ of Michigan, Ann Arbor & Merit Univ of Michigan, Ann Arbor -> NCSA, University of Illinois, Champaign",5,"Cornell Theory Center, Ithaca NY","NCAR, Boulder",1,3.8201732,"Cornell Theory Center, Ithaca NY | Merit Univ of Michigan, Ann Arbor | NCSA, University of Illinois, Champaign | NCAR, Boulder","Cornell Theory Center, Ithaca NY->Merit Univ of Michigan, Ann Arbor | Merit Univ of Michigan, Ann Arbor->NCSA, University of Illinois, Champaign | NCSA, University of Illinois, Champaign->NCAR, Boulder",1
32,nsfnet,7,1.0,robust_current_demand_lp,random_failure_fixed,"MIDnet, Lincoln, NE -> NCSA, University of Illinois, Champaign & NCSA, University of Illinois, Champaign -> MIDnet, Lincoln, NE",1,"MIDnet, Lincoln, NE","BARRnet, Palo Alto",1,3.9207679,"MIDnet, Lincoln, NE | NCSA, University of Illinois, Champaign | Merit Univ of Michigan, Ann Arbor | BARRnet, Palo Alto","MIDnet, Lincoln, NE->NCSA, University of Illinois, Champaign | NCSA, University of Illinois, Champaign->Merit Univ of Michigan, Ann Arbor | Merit Univ of Michigan, Ann Arbor->BARRnet, Palo Alto",1
32,nsfnet,7,1.0,robust_current_demand_lp,random_failure_fixed,"MIDnet, Lincoln, NE -> NCSA, University of Illinois, Champaign & NCSA, University of Illinois, Champaign -> MIDnet, Lincoln, NE",1,"MIDnet, Lincoln, NE","BARRnet, Palo Alto",2,0.33506300000000033,"MIDnet, Lincoln, NE | NCSA, University of Illinois, Champaign | SEQSUINET, Rice University, Houston | San Diego Supercomputer Center | BARRnet, Palo Alto","MIDnet, Lincoln, NE->NCSA, University of Illinois, Champaign | NCSA, University of Illinois, Champaign->SEQSUINET, Rice University, Houston | SEQSUINET, Rice University, Houston->San Diego Supercomputer Center | San Diego Supercomputer Center->BARRnet, Palo Alto",1
32,nsfnet,7,1.0,robust_current_demand_lp,random_failure_fixed,"MIDnet, Lincoln, NE -> NCSA, University of Illinois, Champaign & NCSA, University of Illinois, Champaign -> MIDnet, Lincoln, NE",2,"MIDnet, Lincoln, NE","Cornell Theory Center, Ithaca NY",1,4.005971,"MIDnet, Lincoln, NE | NCSA, University of Illinois, Champaign | Merit Univ of Michigan, Ann Arbor | Cornell Theory Center, Ithaca NY","MIDnet, Lincoln, NE->NCSA, University of Illinois, Champaign | NCSA, University of Illinois, Champaign->Merit Univ of Michigan, Ann Arbor | Merit Univ of Michigan, Ann Arbor->Cornell Theory Center, Ithaca NY",1
32,nsfnet,7,1.0,robust_current_demand_lp,random_failure_fixed,"MIDnet, Lincoln, NE -> NCSA, University of Illinois, Champaign & NCSA, University of Illinois, Champaign -> MIDnet, Lincoln, NE",3,"MIDnet, Lincoln, NE","SEQSUINET, Rice University, Houston",1,3.8454543,"MIDnet, Lincoln, NE | NCSA, University of Illinois, Champaign | SEQSUINET, Rice University, Houston","MIDnet, Lincoln, NE->NCSA, University of Illinois, Champaign | NCSA, University of Illinois, Champaign->SEQSUINET, Rice University, Houston",1
32,nsfnet,7,1.0,robust_current_demand_lp,random_failure_fixed,"MIDnet, Lincoln, NE -> NCSA, University of Illinois, Champaign & NCSA, University of Illinois, Champaign -> MIDnet, Lincoln, NE",4,"NorthWestNet, Seattle","MIDnet, Lincoln, NE",1,3.7911206,"NorthWestNet, Seattle | NCAR, Boulder | NCSA, University of Illinois, Champaign | MIDnet, Lincoln, NE","NorthWestNet, Seattle->NCAR, Boulder | NCAR, Boulder->NCSA, University of Illinois, Champaign | NCSA, University of Illinois, Champaign->MIDnet, Lincoln, NE",1
32,nsfnet,7,1.0,robust_current_demand_lp,random_failure_fixed,"MIDnet, Lincoln, NE -> NCSA, University of Illinois, Champaign & NCSA, University of Illinois, Champaign -> MIDnet, Lincoln, NE",5,Pittsburgh Supercomputer Center,"MIDnet, Lincoln, NE",1,3.6474674,"Pittsburgh Supercomputer Center | Merit Univ of Michigan, Ann Arbor | NCSA, University of Illinois, Champaign | MIDnet, Lincoln, NE","Pittsburgh Supercomputer Center->Merit Univ of Michigan, Ann Arbor | Merit Univ of Michigan, Ann Arbor->NCSA, University of Illinois, Champaign | NCSA, University of Illinois, Champaign->MIDnet, Lincoln, NE",1
32,nsfnet,7,1.0,uncertainty_aware_lstm_robust_lp,critical_failure_fixed,"NCSA, University of Illinois, Champaign -> Merit Univ of Michigan, Ann Arbor & Merit Univ of Michigan, Ann Arbor -> NCSA, University of Illinois, Champaign",1,"NCSA, University of Illinois, Champaign","Merit Univ of Michigan, Ann Arbor",1,5.3954248,"NCSA, University of Illinois, Champaign | Merit Univ of Michigan, Ann Arbor","NCSA, University of Illinois, Champaign->Merit Univ of Michigan, Ann Arbor",1
32,nsfnet,7,1.0,uncertainty_aware_lstm_robust_lp,critical_failure_fixed,"NCSA, University of Illinois, Champaign -> Merit Univ of Michigan, Ann Arbor & Merit Univ of Michigan, Ann Arbor -> NCSA, University of Illinois, Champaign",2,"MIDnet, Lincoln, NE","Cornell Theory Center, Ithaca NY",1,5.3664908,"MIDnet, Lincoln, NE | NCSA, University of Illinois, Champaign | Merit Univ of Michigan, Ann Arbor | Cornell Theory Center, Ithaca NY","MIDnet, Lincoln, NE->NCSA, University of Illinois, Champaign | NCSA, University of Illinois, Champaign->Merit Univ of Michigan, Ann Arbor | Merit Univ of Michigan, Ann Arbor->Cornell Theory Center, Ithaca NY",1
32,nsfnet,7,1.0,uncertainty_aware_lstm_robust_lp,critical_failure_fixed,"NCSA, University of Illinois, Champaign -> Merit Univ of Michigan, Ann Arbor & Merit Univ of Michigan, Ann Arbor -> NCSA, University of Illinois, Champaign",3,"NCSA, University of Illinois, Champaign","BARRnet, Palo Alto",1,5.302372,"NCSA, University of Illinois, Champaign | Merit Univ of Michigan, Ann Arbor | BARRnet, Palo Alto","NCSA, University of Illinois, Champaign->Merit Univ of Michigan, Ann Arbor | Merit Univ of Michigan, Ann Arbor->BARRnet, Palo Alto",1
32,nsfnet,7,1.0,uncertainty_aware_lstm_robust_lp,critical_failure_fixed,"NCSA, University of Illinois, Champaign -> Merit Univ of Michigan, Ann Arbor & Merit Univ of Michigan, Ann Arbor -> NCSA, University of Illinois, Champaign",4,Pittsburgh Supercomputer Center,"MIDnet, Lincoln, NE",1,5.1356792,"Pittsburgh Supercomputer Center | Merit Univ of Michigan, Ann Arbor | NCSA, University of Illinois, Champaign | MIDnet, Lincoln, NE","Pittsburgh Supercomputer Center->Merit Univ of Michigan, Ann Arbor | Merit Univ of Michigan, Ann Arbor->NCSA, University of Illinois, Champaign | NCSA, University of Illinois, Champaign->MIDnet, Lincoln, NE",1
32,nsfnet,7,1.0,uncertainty_aware_lstm_robust_lp,critical_failure_fixed,"NCSA, University of Illinois, Champaign -> Merit Univ of Michigan, Ann Arbor & Merit Univ of Michigan, Ann Arbor -> NCSA, University of Illinois, Champaign",5,"MIDnet, Lincoln, NE","BARRnet, Palo Alto",1,5.0765161,"MIDnet, Lincoln, NE | NCSA, University of Illinois, Champaign | Merit Univ of Michigan, Ann Arbor | BARRnet, Palo Alto","MIDnet, Lincoln, NE->NCSA, University of Illinois, Champaign | NCSA, University of Illinois, Champaign->Merit Univ of Michigan, Ann Arbor | Merit Univ of Michigan, Ann Arbor->BARRnet, Palo Alto",1
32,nsfnet,7,1.0,uncertainty_aware_lstm_robust_lp,critical_failure_fixed,"NCSA, University of Illinois, Champaign -> Merit Univ of Michigan, Ann Arbor & Merit Univ of Michigan, Ann Arbor -> NCSA, University of Illinois, Champaign",5,"MIDnet, Lincoln, NE","BARRnet, Palo Alto",2,0.32013326,"MIDnet, Lincoln, NE | NCSA, University of Illinois, Champaign | SEQSUINET, Rice University, Houston | San Diego Supercomputer Center | BARRnet, Palo Alto","MIDnet, Lincoln, NE->NCSA, University of Illinois, Champaign | NCSA, University of Illinois, Champaign->SEQSUINET, Rice University, Houston | SEQSUINET, Rice University, Houston->San Diego Supercomputer Center | San Diego Supercomputer Center->BARRnet, Palo Alto",0
32,nsfnet,7,1.0,uncertainty_aware_lstm_robust_lp,random_failure_fixed,"MIDnet, Lincoln, NE -> NCSA, University of Illinois, Champaign & NCSA, University of Illinois, Champaign -> MIDnet, Lincoln, NE",1,"MIDnet, Lincoln, NE","SEQSUINET, Rice University, Houston",1,5.4729018,"MIDnet, Lincoln, NE | NCSA, University of Illinois, Champaign | SEQSUINET, Rice University, Houston","MIDnet, Lincoln, NE->NCSA, University of Illinois, Champaign | NCSA, University of Illinois, Champaign->SEQSUINET, Rice University, Houston",1
32,nsfnet,7,1.0,uncertainty_aware_lstm_robust_lp,random_failure_fixed,"MIDnet, Lincoln, NE -> NCSA, University of Illinois, Champaign & NCSA, University of Illinois, Champaign -> MIDnet, Lincoln, NE",2,"MIDnet, Lincoln, NE","BARRnet, Palo Alto",1,5.0765161,"MIDnet, Lincoln, NE | NCSA, University of Illinois, Champaign | Merit Univ of Michigan, Ann Arbor | BARRnet, Palo Alto","MIDnet, Lincoln, NE->NCSA, University of Illinois, Champaign | NCSA, University of Illinois, Champaign->Merit Univ of Michigan, Ann Arbor | Merit Univ of Michigan, Ann Arbor->BARRnet, Palo Alto",1
32,nsfnet,7,1.0,uncertainty_aware_lstm_robust_lp,random_failure_fixed,"MIDnet, Lincoln, NE -> NCSA, University of Illinois, Champaign & NCSA, University of Illinois, Champaign -> MIDnet, Lincoln, NE",2,"MIDnet, Lincoln, NE","BARRnet, Palo Alto",2,0.32013326,"MIDnet, Lincoln, NE | NCSA, University of Illinois, Champaign | SEQSUINET, Rice University, Houston | San Diego Supercomputer Center | BARRnet, Palo Alto","MIDnet, Lincoln, NE->NCSA, University of Illinois, Champaign | NCSA, University of Illinois, Champaign->SEQSUINET, Rice University, Houston | SEQSUINET, Rice University, Houston->San Diego Supercomputer Center | San Diego Supercomputer Center->BARRnet, Palo Alto",1
32,nsfnet,7,1.0,uncertainty_aware_lstm_robust_lp,random_failure_fixed,"MIDnet, Lincoln, NE -> NCSA, University of Illinois, Champaign & NCSA, University of Illinois, Champaign -> MIDnet, Lincoln, NE",3,"MIDnet, Lincoln, NE","Cornell Theory Center, Ithaca NY",1,5.3664908,"MIDnet, Lincoln, NE | NCSA, University of Illinois, Champaign | Merit Univ of Michigan, Ann Arbor | Cornell Theory Center, Ithaca NY","MIDnet, Lincoln, NE->NCSA, University of Illinois, Champaign | NCSA, University of Illinois, Champaign->Merit Univ of Michigan, Ann Arbor | Merit Univ of Michigan, Ann Arbor->Cornell Theory Center, Ithaca NY",1
32,nsfnet,7,1.0,uncertainty_aware_lstm_robust_lp,random_failure_fixed,"MIDnet, Lincoln, NE -> NCSA, University of Illinois, Champaign & NCSA, University of Illinois, Champaign -> MIDnet, Lincoln, NE",4,"MIDnet, Lincoln, NE","NCAR, Boulder",1,5.2506576,"MIDnet, Lincoln, NE | NCSA, University of Illinois, Champaign | NCAR, Boulder","MIDnet, Lincoln, NE->NCSA, University of Illinois, Champaign | NCSA, University of Illinois, Champaign->NCAR, Boulder",1
32,nsfnet,7,1.0,uncertainty_aware_lstm_robust_lp,random_failure_fixed,"MIDnet, Lincoln, NE -> NCSA, University of Illinois, Champaign & NCSA, University of Illinois, Champaign -> MIDnet, Lincoln, NE",5,Pittsburgh Supercomputer Center,"MIDnet, Lincoln, NE",1,5.1356792,"Pittsburgh Supercomputer Center | Merit Univ of Michigan, Ann Arbor | NCSA, University of Illinois, Champaign | MIDnet, Lincoln, NE","Pittsburgh Supercomputer Center->Merit Univ of Michigan, Ann Arbor | Merit Univ of Michigan, Ann Arbor->NCSA, University of Illinois, Champaign | NCSA, University of Illinois, Champaign->MIDnet, Lincoln, NE",1
33,nsfnet,7,1.0,current_demand_lp,critical_failure_fixed,"NCSA, University of Illinois, Champaign -> Merit Univ of Michigan, Ann Arbor & Merit Univ of Michigan, Ann Arbor -> NCSA, University of Illinois, Champaign",1,"NCSA, University of Illinois, Champaign","Merit Univ of Michigan, Ann Arbor",1,4.0320071,"NCSA, University of Illinois, Champaign | Merit Univ of Michigan, Ann Arbor","NCSA, University of Illinois, Champaign->Merit Univ of Michigan, Ann Arbor",1
33,nsfnet,7,1.0,current_demand_lp,critical_failure_fixed,"NCSA, University of Illinois, Champaign -> Merit Univ of Michigan, Ann Arbor & Merit Univ of Michigan, Ann Arbor -> NCSA, University of Illinois, Champaign",2,"MIDnet, Lincoln, NE","Cornell Theory Center, Ithaca NY",1,4.0081892,"MIDnet, Lincoln, NE | NCSA, University of Illinois, Champaign | Merit Univ of Michigan, Ann Arbor | Cornell Theory Center, Ithaca NY","MIDnet, Lincoln, NE->NCSA, University of Illinois, Champaign | NCSA, University of Illinois, Champaign->Merit Univ of Michigan, Ann Arbor | Merit Univ of Michigan, Ann Arbor->Cornell Theory Center, Ithaca NY",1
33,nsfnet,7,1.0,current_demand_lp,critical_failure_fixed,"NCSA, University of Illinois, Champaign -> Merit Univ of Michigan, Ann Arbor & Merit Univ of Michigan, Ann Arbor -> NCSA, University of Illinois, Champaign",3,"MIDnet, Lincoln, NE","BARRnet, Palo Alto",1,4.0016677,"MIDnet, Lincoln, NE | NCSA, University of Illinois, Champaign | Merit Univ of Michigan, Ann Arbor | BARRnet, Palo Alto","MIDnet, Lincoln, NE->NCSA, University of Illinois, Champaign | NCSA, University of Illinois, Champaign->Merit Univ of Michigan, Ann Arbor | Merit Univ of Michigan, Ann Arbor->BARRnet, Palo Alto",1
33,nsfnet,7,1.0,current_demand_lp,critical_failure_fixed,"NCSA, University of Illinois, Champaign -> Merit Univ of Michigan, Ann Arbor & Merit Univ of Michigan, Ann Arbor -> NCSA, University of Illinois, Champaign",4,"NCSA, University of Illinois, Champaign","BARRnet, Palo Alto",1,3.8385286,"NCSA, University of Illinois, Champaign | Merit Univ of Michigan, Ann Arbor | BARRnet, Palo Alto","NCSA, University of Illinois, Champaign->Merit Univ of Michigan, Ann Arbor | Merit Univ of Michigan, Ann Arbor->BARRnet, Palo Alto",1
33,nsfnet,7,1.0,current_demand_lp,critical_failure_fixed,"NCSA, University of Illinois, Champaign -> Merit Univ of Michigan, Ann Arbor & Merit Univ of Michigan, Ann Arbor -> NCSA, University of Illinois, Champaign",5,"SURANET, Georgia Tech, Atlanta","Merit Univ of Michigan, Ann Arbor",1,3.5455833,"SURANET, Georgia Tech, Atlanta | SEQSUINET, Rice University, Houston | NCSA, University of Illinois, Champaign | Merit Univ of Michigan, Ann Arbor","SURANET, Georgia Tech, Atlanta->SEQSUINET, Rice University, Houston | SEQSUINET, Rice University, Houston->NCSA, University of Illinois, Champaign | NCSA, University of Illinois, Champaign->Merit Univ of Michigan, Ann Arbor",1
33,nsfnet,7,1.0,current_demand_lp,random_failure_fixed,"MIDnet, Lincoln, NE -> NCSA, University of Illinois, Champaign & NCSA, University of Illinois, Champaign -> MIDnet, Lincoln, NE",1,"MIDnet, Lincoln, NE","Cornell Theory Center, Ithaca NY",1,4.0081892,"MIDnet, Lincoln, NE | NCSA, University of Illinois, Champaign | Merit Univ of Michigan, Ann Arbor | Cornell Theory Center, Ithaca NY","MIDnet, Lincoln, NE->NCSA, University of Illinois, Champaign | NCSA, University of Illinois, Champaign->Merit Univ of Michigan, Ann Arbor | Merit Univ of Michigan, Ann Arbor->Cornell Theory Center, Ithaca NY",1
33,nsfnet,7,1.0,current_demand_lp,random_failure_fixed,"MIDnet, Lincoln, NE -> NCSA, University of Illinois, Champaign & NCSA, University of Illinois, Champaign -> MIDnet, Lincoln, NE",2,"MIDnet, Lincoln, NE","BARRnet, Palo Alto",1,4.0016677,"MIDnet, Lincoln, NE | NCSA, University of Illinois, Champaign | Merit Univ of Michigan, Ann Arbor | BARRnet, Palo Alto","MIDnet, Lincoln, NE->NCSA, University of Illinois, Champaign | NCSA, University of Illinois, Champaign->Merit Univ of Michigan, Ann Arbor | Merit Univ of Michigan, Ann Arbor->BARRnet, Palo Alto",1
33,nsfnet,7,1.0,current_demand_lp,random_failure_fixed,"MIDnet, Lincoln, NE -> NCSA, University of Illinois, Champaign & NCSA, University of Illinois, Champaign -> MIDnet, Lincoln, NE",3,"MIDnet, Lincoln, NE","NCAR, Boulder",1,3.805906,"MIDnet, Lincoln, NE | NCSA, University of Illinois, Champaign | NCAR, Boulder","MIDnet, Lincoln, NE->NCSA, University of Illinois, Champaign | NCSA, University of Illinois, Champaign->NCAR, Boulder",1
33,nsfnet,7,1.0,current_demand_lp,random_failure_fixed,"MIDnet, Lincoln, NE -> NCSA, University of Illinois, Champaign & NCSA, University of Illinois, Champaign -> MIDnet, Lincoln, NE",4,"MIDnet, Lincoln, NE","SEQSUINET, Rice University, Houston",1,3.6625315,"MIDnet, Lincoln, NE | NCSA, University of Illinois, Champaign | SEQSUINET, Rice University, Houston","MIDnet, Lincoln, NE->NCSA, University of Illinois, Champaign | NCSA, University of Illinois, Champaign->SEQSUINET, Rice University, Houston",1
33,nsfnet,7,1.0,current_demand_lp,random_failure_fixed,"MIDnet, Lincoln, NE -> NCSA, University of Illinois, Champaign & NCSA, University of Illinois, Champaign -> MIDnet, Lincoln, NE",5,Pittsburgh Supercomputer Center,"MIDnet, Lincoln, NE",1,3.4209092,"Pittsburgh Supercomputer Center | Merit Univ of Michigan, Ann Arbor | NCSA, University of Illinois, Champaign | MIDnet, Lincoln, NE","Pittsburgh Supercomputer Center->Merit Univ of Michigan, Ann Arbor | Merit Univ of Michigan, Ann Arbor->NCSA, University of Illinois, Champaign | NCSA, University of Illinois, Champaign->MIDnet, Lincoln, NE",1
33,nsfnet,7,1.0,robust_current_demand_lp,critical_failure_fixed,"NCSA, University of Illinois, Champaign -> Merit Univ of Michigan, Ann Arbor & Merit Univ of Michigan, Ann Arbor -> NCSA, University of Illinois, Champaign",1,"NCSA, University of Illinois, Champaign","Merit Univ of Michigan, Ann Arbor",1,4.0320071,"NCSA, University of Illinois, Champaign | Merit Univ of Michigan, Ann Arbor","NCSA, University of Illinois, Champaign->Merit Univ of Michigan, Ann Arbor",1
33,nsfnet,7,1.0,robust_current_demand_lp,critical_failure_fixed,"NCSA, University of Illinois, Champaign -> Merit Univ of Michigan, Ann Arbor & Merit Univ of Michigan, Ann Arbor -> NCSA, University of Illinois, Champaign",2,"MIDnet, Lincoln, NE","Cornell Theory Center, Ithaca NY",1,4.0081892,"MIDnet, Lincoln, NE | NCSA, University of Illinois, Champaign | Merit Univ of Michigan, Ann Arbor | Cornell Theory Center, Ithaca NY","MIDnet, Lincoln, NE->NCSA, University of Illinois, Champaign | NCSA, University of Illinois, Champaign->Merit Univ of Michigan, Ann Arbor | Merit Univ of Michigan, Ann Arbor->Cornell Theory Center, Ithaca NY",1
33,nsfnet,7,1.0,robust_current_demand_lp,critical_failure_fixed,"NCSA, University of Illinois, Champaign -> Merit Univ of Michigan, Ann Arbor & Merit Univ of Michigan, Ann Arbor -> NCSA, University of Illinois, Champaign",3,"NCSA, University of Illinois, Champaign","BARRnet, Palo Alto",1,3.8385286,"NCSA, University of Illinois, Champaign | Merit Univ of Michigan, Ann Arbor | BARRnet, Palo Alto","NCSA, University of Illinois, Champaign->Merit Univ of Michigan, Ann Arbor | Merit Univ of Michigan, Ann Arbor->BARRnet, Palo Alto",1
33,nsfnet,7,1.0,robust_current_demand_lp,critical_failure_fixed,"NCSA, University of Illinois, Champaign -> Merit Univ of Michigan, Ann Arbor & Merit Univ of Michigan, Ann Arbor -> NCSA, University of Illinois, Champaign",4,"Merit Univ of Michigan, Ann Arbor","NCSA, University of Illinois, Champaign",1,3.4261209,"Merit Univ of Michigan, Ann Arbor | NCSA, University of Illinois, Champaign","Merit Univ of Michigan, Ann Arbor->NCSA, University of Illinois, Champaign",1
33,nsfnet,7,1.0,robust_current_demand_lp,critical_failure_fixed,"NCSA, University of Illinois, Champaign -> Merit Univ of Michigan, Ann Arbor & Merit Univ of Michigan, Ann Arbor -> NCSA, University of Illinois, Champaign",5,Pittsburgh Supercomputer Center,"MIDnet, Lincoln, NE",1,3.4209092,"Pittsburgh Supercomputer Center | Merit Univ of Michigan, Ann Arbor | NCSA, University of Illinois, Champaign | MIDnet, Lincoln, NE","Pittsburgh Supercomputer Center->Merit Univ of Michigan, Ann Arbor | Merit Univ of Michigan, Ann Arbor->NCSA, University of Illinois, Champaign | NCSA, University of Illinois, Champaign->MIDnet, Lincoln, NE",1
33,nsfnet,7,1.0,robust_current_demand_lp,random_failure_fixed,"MIDnet, Lincoln, NE -> NCSA, University of Illinois, Champaign & NCSA, University of Illinois, Champaign -> MIDnet, Lincoln, NE",1,"MIDnet, Lincoln, NE","Cornell Theory Center, Ithaca NY",1,4.0081892,"MIDnet, Lincoln, NE | NCSA, University of Illinois, Champaign | Merit Univ of Michigan, Ann Arbor | Cornell Theory Center, Ithaca NY","MIDnet, Lincoln, NE->NCSA, University of Illinois, Champaign | NCSA, University of Illinois, Champaign->Merit Univ of Michigan, Ann Arbor | Merit Univ of Michigan, Ann Arbor->Cornell Theory Center, Ithaca NY",1
33,nsfnet,7,1.0,robust_current_demand_lp,random_failure_fixed,"MIDnet, Lincoln, NE -> NCSA, University of Illinois, Champaign & NCSA, University of Illinois, Champaign -> MIDnet, Lincoln, NE",2,"MIDnet, Lincoln, NE","BARRnet, Palo Alto",1,2.9994903,"MIDnet, Lincoln, NE | NCSA, University of Illinois, Champaign | Merit Univ of Michigan, Ann Arbor | BARRnet, Palo Alto","MIDnet, Lincoln, NE->NCSA, University of Illinois, Champaign | NCSA, University of Illinois, Champaign->Merit Univ of Michigan, Ann Arbor | Merit Univ of Michigan, Ann Arbor->BARRnet, Palo Alto",1
33,nsfnet,7,1.0,robust_current_demand_lp,random_failure_fixed,"MIDnet, Lincoln, NE -> NCSA, University of Illinois, Champaign & NCSA, University of Illinois, Champaign -> MIDnet, Lincoln, NE",2,"MIDnet, Lincoln, NE","BARRnet, Palo Alto",2,1.0021773999999994,"MIDnet, Lincoln, NE | NCSA, University of Illinois, Champaign | SEQSUINET, Rice University, Houston | San Diego Supercomputer Center | BARRnet, Palo Alto","MIDnet, Lincoln, NE->NCSA, University of Illinois, Champaign | NCSA, University of Illinois, Champaign->SEQSUINET, Rice University, Houston | SEQSUINET, Rice University, Houston->San Diego Supercomputer Center | San Diego Supercomputer Center->BARRnet, Palo Alto",1
33,nsfnet,7,1.0,robust_current_demand_lp,random_failure_fixed,"MIDnet, Lincoln, NE -> NCSA, University of Illinois, Champaign & NCSA, University of Illinois, Champaign -> MIDnet, Lincoln, NE",3,"MIDnet, Lincoln, NE","NCAR, Boulder",1,3.805906,"MIDnet, Lincoln, NE | NCSA, University of Illinois, Champaign | NCAR, Boulder","MIDnet, Lincoln, NE->NCSA, University of Illinois, Champaign | NCSA, University of Illinois, Champaign->NCAR, Boulder",1
33,nsfnet,7,1.0,robust_current_demand_lp,random_failure_fixed,"MIDnet, Lincoln, NE -> NCSA, University of Illinois, Champaign & NCSA, University of Illinois, Champaign -> MIDnet, Lincoln, NE",4,"MIDnet, Lincoln, NE","SEQSUINET, Rice University, Houston",1,3.6625315,"MIDnet, Lincoln, NE | NCSA, University of Illinois, Champaign | SEQSUINET, Rice University, Houston","MIDnet, Lincoln, NE->NCSA, University of Illinois, Champaign | NCSA, University of Illinois, Champaign->SEQSUINET, Rice University, Houston",1
33,nsfnet,7,1.0,robust_current_demand_lp,random_failure_fixed,"MIDnet, Lincoln, NE -> NCSA, University of Illinois, Champaign & NCSA, University of Illinois, Champaign -> MIDnet, Lincoln, NE",5,Pittsburgh Supercomputer Center,"MIDnet, Lincoln, NE",1,3.4209092,"Pittsburgh Supercomputer Center | Merit Univ of Michigan, Ann Arbor | NCSA, University of Illinois, Champaign | MIDnet, Lincoln, NE","Pittsburgh Supercomputer Center->Merit Univ of Michigan, Ann Arbor | Merit Univ of Michigan, Ann Arbor->NCSA, University of Illinois, Champaign | NCSA, University of Illinois, Champaign->MIDnet, Lincoln, NE",1
33,nsfnet,7,1.0,uncertainty_aware_lstm_robust_lp,critical_failure_fixed,"NCSA, University of Illinois, Champaign -> Merit Univ of Michigan, Ann Arbor & Merit Univ of Michigan, Ann Arbor -> NCSA, University of Illinois, Champaign",1,"NCSA, University of Illinois, Champaign","Merit Univ of Michigan, Ann Arbor",1,5.3954248,"NCSA, University of Illinois, Champaign | Merit Univ of Michigan, Ann Arbor","NCSA, University of Illinois, Champaign->Merit Univ of Michigan, Ann Arbor",1
33,nsfnet,7,1.0,uncertainty_aware_lstm_robust_lp,critical_failure_fixed,"NCSA, University of Illinois, Champaign -> Merit Univ of Michigan, Ann Arbor & Merit Univ of Michigan, Ann Arbor -> NCSA, University of Illinois, Champaign",2,"MIDnet, Lincoln, NE","Cornell Theory Center, Ithaca NY",1,5.3664908,"MIDnet, Lincoln, NE | NCSA, University of Illinois, Champaign | Merit Univ of Michigan, Ann Arbor | Cornell Theory Center, Ithaca NY","MIDnet, Lincoln, NE->NCSA, University of Illinois, Champaign | NCSA, University of Illinois, Champaign->Merit Univ of Michigan, Ann Arbor | Merit Univ of Michigan, Ann Arbor->Cornell Theory Center, Ithaca NY",1
33,nsfnet,7,1.0,uncertainty_aware_lstm_robust_lp,critical_failure_fixed,"NCSA, University of Illinois, Champaign -> Merit Univ of Michigan, Ann Arbor & Merit Univ of Michigan, Ann Arbor -> NCSA, University of Illinois, Champaign",3,"NCSA, University of Illinois, Champaign","BARRnet, Palo Alto",1,5.302372,"NCSA, University of Illinois, Champaign | Merit Univ of Michigan, Ann Arbor | BARRnet, Palo Alto","NCSA, University of Illinois, Champaign->Merit Univ of Michigan, Ann Arbor | Merit Univ of Michigan, Ann Arbor->BARRnet, Palo Alto",1
33,nsfnet,7,1.0,uncertainty_aware_lstm_robust_lp,critical_failure_fixed,"NCSA, University of Illinois, Champaign -> Merit Univ of Michigan, Ann Arbor & Merit Univ of Michigan, Ann Arbor -> NCSA, University of Illinois, Champaign",4,Pittsburgh Supercomputer Center,"MIDnet, Lincoln, NE",1,5.1356792,"Pittsburgh Supercomputer Center | Merit Univ of Michigan, Ann Arbor | NCSA, University of Illinois, Champaign | MIDnet, Lincoln, NE","Pittsburgh Supercomputer Center->Merit Univ of Michigan, Ann Arbor | Merit Univ of Michigan, Ann Arbor->NCSA, University of Illinois, Champaign | NCSA, University of Illinois, Champaign->MIDnet, Lincoln, NE",1
33,nsfnet,7,1.0,uncertainty_aware_lstm_robust_lp,critical_failure_fixed,"NCSA, University of Illinois, Champaign -> Merit Univ of Michigan, Ann Arbor & Merit Univ of Michigan, Ann Arbor -> NCSA, University of Illinois, Champaign",5,"MIDnet, Lincoln, NE","BARRnet, Palo Alto",1,5.0765162,"MIDnet, Lincoln, NE | NCSA, University of Illinois, Champaign | Merit Univ of Michigan, Ann Arbor | BARRnet, Palo Alto","MIDnet, Lincoln, NE->NCSA, University of Illinois, Champaign | NCSA, University of Illinois, Champaign->Merit Univ of Michigan, Ann Arbor | Merit Univ of Michigan, Ann Arbor->BARRnet, Palo Alto",1
33,nsfnet,7,1.0,uncertainty_aware_lstm_robust_lp,critical_failure_fixed,"NCSA, University of Illinois, Champaign -> Merit Univ of Michigan, Ann Arbor & Merit Univ of Michigan, Ann Arbor -> NCSA, University of Illinois, Champaign",5,"MIDnet, Lincoln, NE","BARRnet, Palo Alto",2,0.32013319,"MIDnet, Lincoln, NE | NCSA, University of Illinois, Champaign | SEQSUINET, Rice University, Houston | San Diego Supercomputer Center | BARRnet, Palo Alto","MIDnet, Lincoln, NE->NCSA, University of Illinois, Champaign | NCSA, University of Illinois, Champaign->SEQSUINET, Rice University, Houston | SEQSUINET, Rice University, Houston->San Diego Supercomputer Center | San Diego Supercomputer Center->BARRnet, Palo Alto",0
33,nsfnet,7,1.0,uncertainty_aware_lstm_robust_lp,random_failure_fixed,"MIDnet, Lincoln, NE -> NCSA, University of Illinois, Champaign & NCSA, University of Illinois, Champaign -> MIDnet, Lincoln, NE",1,"MIDnet, Lincoln, NE","SEQSUINET, Rice University, Houston",1,5.4729018,"MIDnet, Lincoln, NE | NCSA, University of Illinois, Champaign | SEQSUINET, Rice University, Houston","MIDnet, Lincoln, NE->NCSA, University of Illinois, Champaign | NCSA, University of Illinois, Champaign->SEQSUINET, Rice University, Houston",1
33,nsfnet,7,1.0,uncertainty_aware_lstm_robust_lp,random_failure_fixed,"MIDnet, Lincoln, NE -> NCSA, University of Illinois, Champaign & NCSA, University of Illinois, Champaign -> MIDnet, Lincoln, NE",2,"MIDnet, Lincoln, NE","BARRnet, Palo Alto",1,5.0765162,"MIDnet, Lincoln, NE | NCSA, University of Illinois, Champaign | Merit Univ of Michigan, Ann Arbor | BARRnet, Palo Alto","MIDnet, Lincoln, NE->NCSA, University of Illinois, Champaign | NCSA, University of Illinois, Champaign->Merit Univ of Michigan, Ann Arbor | Merit Univ of Michigan, Ann Arbor->BARRnet, Palo Alto",1
33,nsfnet,7,1.0,uncertainty_aware_lstm_robust_lp,random_failure_fixed,"MIDnet, Lincoln, NE -> NCSA, University of Illinois, Champaign & NCSA, University of Illinois, Champaign -> MIDnet, Lincoln, NE",2,"MIDnet, Lincoln, NE","BARRnet, Palo Alto",2,0.32013319,"MIDnet, Lincoln, NE | NCSA, University of Illinois, Champaign | SEQSUINET, Rice University, Houston | San Diego Supercomputer Center | BARRnet, Palo Alto","MIDnet, Lincoln, NE->NCSA, University of Illinois, Champaign | NCSA, University of Illinois, Champaign->SEQSUINET, Rice University, Houston | SEQSUINET, Rice University, Houston->San Diego Supercomputer Center | San Diego Supercomputer Center->BARRnet, Palo Alto",1
33,nsfnet,7,1.0,uncertainty_aware_lstm_robust_lp,random_failure_fixed,"MIDnet, Lincoln, NE -> NCSA, University of Illinois, Champaign & NCSA, University of Illinois, Champaign -> MIDnet, Lincoln, NE",3,"MIDnet, Lincoln, NE","Cornell Theory Center, Ithaca NY",1,5.3664908,"MIDnet, Lincoln, NE | NCSA, University of Illinois, Champaign | Merit Univ of Michigan, Ann Arbor | Cornell Theory Center, Ithaca NY","MIDnet, Lincoln, NE->NCSA, University of Illinois, Champaign | NCSA, University of Illinois, Champaign->Merit Univ of Michigan, Ann Arbor | Merit Univ of Michigan, Ann Arbor->Cornell Theory Center, Ithaca NY",1
33,nsfnet,7,1.0,uncertainty_aware_lstm_robust_lp,random_failure_fixed,"MIDnet, Lincoln, NE -> NCSA, University of Illinois, Champaign & NCSA, University of Illinois, Champaign -> MIDnet, Lincoln, NE",4,"MIDnet, Lincoln, NE","NCAR, Boulder",1,5.2506576,"MIDnet, Lincoln, NE | NCSA, University of Illinois, Champaign | NCAR, Boulder","MIDnet, Lincoln, NE->NCSA, University of Illinois, Champaign | NCSA, University of Illinois, Champaign->NCAR, Boulder",1
33,nsfnet,7,1.0,uncertainty_aware_lstm_robust_lp,random_failure_fixed,"MIDnet, Lincoln, NE -> NCSA, University of Illinois, Champaign & NCSA, University of Illinois, Champaign -> MIDnet, Lincoln, NE",5,Pittsburgh Supercomputer Center,"MIDnet, Lincoln, NE",1,5.1356792,"Pittsburgh Supercomputer Center | Merit Univ of Michigan, Ann Arbor | NCSA, University of Illinois, Champaign | MIDnet, Lincoln, NE","Pittsburgh Supercomputer Center->Merit Univ of Michigan, Ann Arbor | Merit Univ of Michigan, Ann Arbor->NCSA, University of Illinois, Champaign | NCSA, University of Illinois, Champaign->MIDnet, Lincoln, NE",1
34,nsfnet,7,1.0,current_demand_lp,critical_failure_fixed,"NCSA, University of Illinois, Champaign -> Merit Univ of Michigan, Ann Arbor & Merit Univ of Michigan, Ann Arbor -> NCSA, University of Illinois, Champaign",1,"MIDnet, Lincoln, NE","BARRnet, Palo Alto",1,4.0039307,"MIDnet, Lincoln, NE | NCSA, University of Illinois, Champaign | Merit Univ of Michigan, Ann Arbor | BARRnet, Palo Alto","MIDnet, Lincoln, NE->NCSA, University of Illinois, Champaign | NCSA, University of Illinois, Champaign->Merit Univ of Michigan, Ann Arbor | Merit Univ of Michigan, Ann Arbor->BARRnet, Palo Alto",1
34,nsfnet,7,1.0,current_demand_lp,critical_failure_fixed,"NCSA, University of Illinois, Champaign -> Merit Univ of Michigan, Ann Arbor & Merit Univ of Michigan, Ann Arbor -> NCSA, University of Illinois, Champaign",2,"NCSA, University of Illinois, Champaign","Merit Univ of Michigan, Ann Arbor",1,3.8350737,"NCSA, University of Illinois, Champaign | Merit Univ of Michigan, Ann Arbor","NCSA, University of Illinois, Champaign->Merit Univ of Michigan, Ann Arbor",1
34,nsfnet,7,1.0,current_demand_lp,critical_failure_fixed,"NCSA, University of Illinois, Champaign -> Merit Univ of Michigan, Ann Arbor & Merit Univ of Michigan, Ann Arbor -> NCSA, University of Illinois, Champaign",3,"Westnet, Salt Lake City","Merit Univ of Michigan, Ann Arbor",1,3.5341322,"Westnet, Salt Lake City | NCAR, Boulder | NCSA, University of Illinois, Champaign | Merit Univ of Michigan, Ann Arbor","Westnet, Salt Lake City->NCAR, Boulder | NCAR, Boulder->NCSA, University of Illinois, Champaign | NCSA, University of Illinois, Champaign->Merit Univ of Michigan, Ann Arbor",1
34,nsfnet,7,1.0,current_demand_lp,critical_failure_fixed,"NCSA, University of Illinois, Champaign -> Merit Univ of Michigan, Ann Arbor & Merit Univ of Michigan, Ann Arbor -> NCSA, University of Illinois, Champaign",4,"SURANET, Georgia Tech, Atlanta","Merit Univ of Michigan, Ann Arbor",1,3.4994601,"SURANET, Georgia Tech, Atlanta | SEQSUINET, Rice University, Houston | NCSA, University of Illinois, Champaign | Merit Univ of Michigan, Ann Arbor","SURANET, Georgia Tech, Atlanta->SEQSUINET, Rice University, Houston | SEQSUINET, Rice University, Houston->NCSA, University of Illinois, Champaign | NCSA, University of Illinois, Champaign->Merit Univ of Michigan, Ann Arbor",1
34,nsfnet,7,1.0,current_demand_lp,critical_failure_fixed,"NCSA, University of Illinois, Champaign -> Merit Univ of Michigan, Ann Arbor & Merit Univ of Michigan, Ann Arbor -> NCSA, University of Illinois, Champaign",5,"NCSA, University of Illinois, Champaign","BARRnet, Palo Alto",1,3.4891568,"NCSA, University of Illinois, Champaign | Merit Univ of Michigan, Ann Arbor | BARRnet, Palo Alto","NCSA, University of Illinois, Champaign->Merit Univ of Michigan, Ann Arbor | Merit Univ of Michigan, Ann Arbor->BARRnet, Palo Alto",1
34,nsfnet,7,1.0,current_demand_lp,random_failure_fixed,"SEQSUINET, Rice University, Houston -> SURANET, Georgia Tech, Atlanta & SURANET, Georgia Tech, Atlanta -> SEQSUINET, Rice University, Houston",1,"NCAR, Boulder","SURANET, Georgia Tech, Atlanta",1,3.6107574,"NCAR, Boulder | NCSA, University of Illinois, Champaign | SEQSUINET, Rice University, Houston | SURANET, Georgia Tech, Atlanta","NCAR, Boulder->NCSA, University of Illinois, Champaign | NCSA, University of Illinois, Champaign->SEQSUINET, Rice University, Houston | SEQSUINET, Rice University, Houston->SURANET, Georgia Tech, Atlanta",1
34,nsfnet,7,1.0,current_demand_lp,random_failure_fixed,"SEQSUINET, Rice University, Houston -> SURANET, Georgia Tech, Atlanta & SURANET, Georgia Tech, Atlanta -> SEQSUINET, Rice University, Houston",2,"NCSA, University of Illinois, Champaign","SURANET, Georgia Tech, Atlanta",1,3.565715,"NCSA, University of Illinois, Champaign | SEQSUINET, Rice University, Houston | SURANET, Georgia Tech, Atlanta","NCSA, University of Illinois, Champaign->SEQSUINET, Rice University, Houston | SEQSUINET, Rice University, Houston->SURANET, Georgia Tech, Atlanta",1
34,nsfnet,7,1.0,current_demand_lp,random_failure_fixed,"SEQSUINET, Rice University, Houston -> SURANET, Georgia Tech, Atlanta & SURANET, Georgia Tech, Atlanta -> SEQSUINET, Rice University, Houston",3,"SURANET, Georgia Tech, Atlanta","Merit Univ of Michigan, Ann Arbor",1,3.4994601,"SURANET, Georgia Tech, Atlanta | SEQSUINET, Rice University, Houston | NCSA, University of Illinois, Champaign | Merit Univ of Michigan, Ann Arbor","SURANET, Georgia Tech, Atlanta->SEQSUINET, Rice University, Houston | SEQSUINET, Rice University, Houston->NCSA, University of Illinois, Champaign | NCSA, University of Illinois, Champaign->Merit Univ of Michigan, Ann Arbor",1
34,nsfnet,7,1.0,current_demand_lp,random_failure_fixed,"SEQSUINET, Rice University, Houston -> SURANET, Georgia Tech, Atlanta & SURANET, Georgia Tech, Atlanta -> SEQSUINET, Rice University, Houston",4,"SEQSUINET, Rice University, Houston","Jon Von Neumann Center, Princeton, NJ",1,3.476428,"SEQSUINET, Rice University, Houston | SURANET, Georgia Tech, Atlanta | Jon Von Neumann Center, Princeton, NJ","SEQSUINET, Rice University, Houston->SURANET, Georgia Tech, Atlanta | SURANET, Georgia Tech, Atlanta->Jon Von Neumann Center, Princeton, NJ",1
34,nsfnet,7,1.0,current_demand_lp,random_failure_fixed,"SEQSUINET, Rice University, Houston -> SURANET, Georgia Tech, Atlanta & SURANET, Georgia Tech, Atlanta -> SEQSUINET, Rice University, Houston",5,"MIDnet, Lincoln, NE","Jon Von Neumann Center, Princeton, NJ",1,3.2241131,"MIDnet, Lincoln, NE | NCSA, University of Illinois, Champaign | SEQSUINET, Rice University, Houston | SURANET, Georgia Tech, Atlanta | Jon Von Neumann Center, Princeton, NJ","MIDnet, Lincoln, NE->NCSA, University of Illinois, Champaign | NCSA, University of Illinois, Champaign->SEQSUINET, Rice University, Houston | SEQSUINET, Rice University, Houston->SURANET, Georgia Tech, Atlanta | SURANET, Georgia Tech, Atlanta->Jon Von Neumann Center, Princeton, NJ",1
34,nsfnet,7,1.0,robust_current_demand_lp,critical_failure_fixed,"NCSA, University of Illinois, Champaign -> Merit Univ of Michigan, Ann Arbor & Merit Univ of Michigan, Ann Arbor -> NCSA, University of Illinois, Champaign",1,"MIDnet, Lincoln, NE","BARRnet, Palo Alto",1,4.0039307,"MIDnet, Lincoln, NE | NCSA, University of Illinois, Champaign | Merit Univ of Michigan, Ann Arbor | BARRnet, Palo Alto","MIDnet, Lincoln, NE->NCSA, University of Illinois, Champaign | NCSA, University of Illinois, Champaign->Merit Univ of Michigan, Ann Arbor | Merit Univ of Michigan, Ann Arbor->BARRnet, Palo Alto",1
34,nsfnet,7,1.0,robust_current_demand_lp,critical_failure_fixed,"NCSA, University of Illinois, Champaign -> Merit Univ of Michigan, Ann Arbor & Merit Univ of Michigan, Ann Arbor -> NCSA, University of Illinois, Champaign",2,"NCSA, University of Illinois, Champaign","Merit Univ of Michigan, Ann Arbor",1,3.8350737,"NCSA, University of Illinois, Champaign | Merit Univ of Michigan, Ann Arbor","NCSA, University of Illinois, Champaign->Merit Univ of Michigan, Ann Arbor",1
34,nsfnet,7,1.0,robust_current_demand_lp,critical_failure_fixed,"NCSA, University of Illinois, Champaign -> Merit Univ of Michigan, Ann Arbor & Merit Univ of Michigan, Ann Arbor -> NCSA, University of Illinois, Champaign",3,"Westnet, Salt Lake City","Merit Univ of Michigan, Ann Arbor",1,3.5341322,"Westnet, Salt Lake City | NCAR, Boulder | NCSA, University of Illinois, Champaign | Merit Univ of Michigan, Ann Arbor","Westnet, Salt Lake City->NCAR, Boulder | NCAR, Boulder->NCSA, University of Illinois, Champaign | NCSA, University of Illinois, Champaign->Merit Univ of Michigan, Ann Arbor",1
34,nsfnet,7,1.0,robust_current_demand_lp,critical_failure_fixed,"NCSA, University of Illinois, Champaign -> Merit Univ of Michigan, Ann Arbor & Merit Univ of Michigan, Ann Arbor -> NCSA, University of Illinois, Champaign",4,"NCSA, University of Illinois, Champaign","BARRnet, Palo Alto",1,3.4891568,"NCSA, University of Illinois, Champaign | Merit Univ of Michigan, Ann Arbor | BARRnet, Palo Alto","NCSA, University of Illinois, Champaign->Merit Univ of Michigan, Ann Arbor | Merit Univ of Michigan, Ann Arbor->BARRnet, Palo Alto",1
34,nsfnet,7,1.0,robust_current_demand_lp,critical_failure_fixed,"NCSA, University of Illinois, Champaign -> Merit Univ of Michigan, Ann Arbor & Merit Univ of Michigan, Ann Arbor -> NCSA, University of Illinois, Champaign",5,"MIDnet, Lincoln, NE","Cornell Theory Center, Ithaca NY",1,3.3119479,"MIDnet, Lincoln, NE | NCSA, University of Illinois, Champaign | Merit Univ of Michigan, Ann Arbor | Cornell Theory Center, Ithaca NY","MIDnet, Lincoln, NE->NCSA, University of Illinois, Champaign | NCSA, University of Illinois, Champaign->Merit Univ of Michigan, Ann Arbor | Merit Univ of Michigan, Ann Arbor->Cornell Theory Center, Ithaca NY",1
34,nsfnet,7,1.0,robust_current_demand_lp,random_failure_fixed,"SEQSUINET, Rice University, Houston -> SURANET, Georgia Tech, Atlanta & SURANET, Georgia Tech, Atlanta -> SEQSUINET, Rice University, Houston",1,"NCAR, Boulder","SURANET, Georgia Tech, Atlanta",1,3.6107574,"NCAR, Boulder | NCSA, University of Illinois, Champaign | SEQSUINET, Rice University, Houston | SURANET, Georgia Tech, Atlanta","NCAR, Boulder->NCSA, University of Illinois, Champaign | NCSA, University of Illinois, Champaign->SEQSUINET, Rice University, Houston | SEQSUINET, Rice University, Houston->SURANET, Georgia Tech, Atlanta",1
34,nsfnet,7,1.0,robust_current_demand_lp,random_failure_fixed,"SEQSUINET, Rice University, Houston -> SURANET, Georgia Tech, Atlanta & SURANET, Georgia Tech, Atlanta -> SEQSUINET, Rice University, Houston",2,"NCSA, University of Illinois, Champaign","SURANET, Georgia Tech, Atlanta",1,3.565715,"NCSA, University of Illinois, Champaign | SEQSUINET, Rice University, Houston | SURANET, Georgia Tech, Atlanta","NCSA, University of Illinois, Champaign->SEQSUINET, Rice University, Houston | SEQSUINET, Rice University, Houston->SURANET, Georgia Tech, Atlanta",1
34,nsfnet,7,1.0,robust_current_demand_lp,random_failure_fixed,"SEQSUINET, Rice University, Houston -> SURANET, Georgia Tech, Atlanta & SURANET, Georgia Tech, Atlanta -> SEQSUINET, Rice University, Houston",3,"SEQSUINET, Rice University, Houston","Jon Von Neumann Center, Princeton, NJ",1,3.476428,"SEQSUINET, Rice University, Houston | SURANET, Georgia Tech, Atlanta | Jon Von Neumann Center, Princeton, NJ","SEQSUINET, Rice University, Houston->SURANET, Georgia Tech, Atlanta | SURANET, Georgia Tech, Atlanta->Jon Von Neumann Center, Princeton, NJ",1
34,nsfnet,7,1.0,robust_current_demand_lp,random_failure_fixed,"SEQSUINET, Rice University, Houston -> SURANET, Georgia Tech, Atlanta & SURANET, Georgia Tech, Atlanta -> SEQSUINET, Rice University, Houston",4,"Jon Von Neumann Center, Princeton, NJ","NCAR, Boulder",1,3.2527916,"Jon Von Neumann Center, Princeton, NJ | SURANET, Georgia Tech, Atlanta | SEQSUINET, Rice University, Houston | San Diego Supercomputer Center | BARRnet, Palo Alto | NorthWestNet, Seattle | NCAR, Boulder","Jon Von Neumann Center, Princeton, NJ->SURANET, Georgia Tech, Atlanta | SURANET, Georgia Tech, Atlanta->SEQSUINET, Rice University, Houston | SEQSUINET, Rice University, Houston->San Diego Supercomputer Center | San Diego Supercomputer Center->BARRnet, Palo Alto | BARRnet, Palo Alto->NorthWestNet, Seattle | NorthWestNet, Seattle->NCAR, Boulder",1
34,nsfnet,7,1.0,robust_current_demand_lp,random_failure_fixed,"SEQSUINET, Rice University, Houston -> SURANET, Georgia Tech, Atlanta & SURANET, Georgia Tech, Atlanta -> SEQSUINET, Rice University, Houston",5,"MIDnet, Lincoln, NE","Jon Von Neumann Center, Princeton, NJ",1,3.2241131,"MIDnet, Lincoln, NE | NCSA, University of Illinois, Champaign | SEQSUINET, Rice University, Houston | SURANET, Georgia Tech, Atlanta | Jon Von Neumann Center, Princeton, NJ","MIDnet, Lincoln, NE->NCSA, University of Illinois, Champaign | NCSA, University of Illinois, Champaign->SEQSUINET, Rice University, Houston | SEQSUINET, Rice University, Houston->SURANET, Georgia Tech, Atlanta | SURANET, Georgia Tech, Atlanta->Jon Von Neumann Center, Princeton, NJ",1
34,nsfnet,7,1.0,uncertainty_aware_lstm_robust_lp,critical_failure_fixed,"NCSA, University of Illinois, Champaign -> Merit Univ of Michigan, Ann Arbor & Merit Univ of Michigan, Ann Arbor -> NCSA, University of Illinois, Champaign",1,"NCSA, University of Illinois, Champaign","Merit Univ of Michigan, Ann Arbor",1,5.3954248,"NCSA, University of Illinois, Champaign | Merit Univ of Michigan, Ann Arbor","NCSA, University of Illinois, Champaign->Merit Univ of Michigan, Ann Arbor",1
34,nsfnet,7,1.0,uncertainty_aware_lstm_robust_lp,critical_failure_fixed,"NCSA, University of Illinois, Champaign -> Merit Univ of Michigan, Ann Arbor & Merit Univ of Michigan, Ann Arbor -> NCSA, University of Illinois, Champaign",2,"MIDnet, Lincoln, NE","Cornell Theory Center, Ithaca NY",1,5.3664908,"MIDnet, Lincoln, NE | NCSA, University of Illinois, Champaign | Merit Univ of Michigan, Ann Arbor | Cornell Theory Center, Ithaca NY","MIDnet, Lincoln, NE->NCSA, University of Illinois, Champaign | NCSA, University of Illinois, Champaign->Merit Univ of Michigan, Ann Arbor | Merit Univ of Michigan, Ann Arbor->Cornell Theory Center, Ithaca NY",1
34,nsfnet,7,1.0,uncertainty_aware_lstm_robust_lp,critical_failure_fixed,"NCSA, University of Illinois, Champaign -> Merit Univ of Michigan, Ann Arbor & Merit Univ of Michigan, Ann Arbor -> NCSA, University of Illinois, Champaign",3,"NCSA, University of Illinois, Champaign","BARRnet, Palo Alto",1,5.302372,"NCSA, University of Illinois, Champaign | Merit Univ of Michigan, Ann Arbor | BARRnet, Palo Alto","NCSA, University of Illinois, Champaign->Merit Univ of Michigan, Ann Arbor | Merit Univ of Michigan, Ann Arbor->BARRnet, Palo Alto",1
34,nsfnet,7,1.0,uncertainty_aware_lstm_robust_lp,critical_failure_fixed,"NCSA, University of Illinois, Champaign -> Merit Univ of Michigan, Ann Arbor & Merit Univ of Michigan, Ann Arbor -> NCSA, University of Illinois, Champaign",4,Pittsburgh Supercomputer Center,"MIDnet, Lincoln, NE",1,5.1356792,"Pittsburgh Supercomputer Center | Merit Univ of Michigan, Ann Arbor | NCSA, University of Illinois, Champaign | MIDnet, Lincoln, NE","Pittsburgh Supercomputer Center->Merit Univ of Michigan, Ann Arbor | Merit Univ of Michigan, Ann Arbor->NCSA, University of Illinois, Champaign | NCSA, University of Illinois, Champaign->MIDnet, Lincoln, NE",1
34,nsfnet,7,1.0,uncertainty_aware_lstm_robust_lp,critical_failure_fixed,"NCSA, University of Illinois, Champaign -> Merit Univ of Michigan, Ann Arbor & Merit Univ of Michigan, Ann Arbor -> NCSA, University of Illinois, Champaign",5,"MIDnet, Lincoln, NE","BARRnet, Palo Alto",1,5.0765162,"MIDnet, Lincoln, NE | NCSA, University of Illinois, Champaign | Merit Univ of Michigan, Ann Arbor | BARRnet, Palo Alto","MIDnet, Lincoln, NE->NCSA, University of Illinois, Champaign | NCSA, University of Illinois, Champaign->Merit Univ of Michigan, Ann Arbor | Merit Univ of Michigan, Ann Arbor->BARRnet, Palo Alto",1
34,nsfnet,7,1.0,uncertainty_aware_lstm_robust_lp,critical_failure_fixed,"NCSA, University of Illinois, Champaign -> Merit Univ of Michigan, Ann Arbor & Merit Univ of Michigan, Ann Arbor -> NCSA, University of Illinois, Champaign",5,"MIDnet, Lincoln, NE","BARRnet, Palo Alto",2,0.32013319,"MIDnet, Lincoln, NE | NCSA, University of Illinois, Champaign | SEQSUINET, Rice University, Houston | San Diego Supercomputer Center | BARRnet, Palo Alto","MIDnet, Lincoln, NE->NCSA, University of Illinois, Champaign | NCSA, University of Illinois, Champaign->SEQSUINET, Rice University, Houston | SEQSUINET, Rice University, Houston->San Diego Supercomputer Center | San Diego Supercomputer Center->BARRnet, Palo Alto",0
34,nsfnet,7,1.0,uncertainty_aware_lstm_robust_lp,random_failure_fixed,"SEQSUINET, Rice University, Houston -> SURANET, Georgia Tech, Atlanta & SURANET, Georgia Tech, Atlanta -> SEQSUINET, Rice University, Houston",1,"NCSA, University of Illinois, Champaign","SURANET, Georgia Tech, Atlanta",1,5.227819,"NCSA, University of Illinois, Champaign | SEQSUINET, Rice University, Houston | SURANET, Georgia Tech, Atlanta","NCSA, University of Illinois, Champaign->SEQSUINET, Rice University, Houston | SEQSUINET, Rice University, Houston->SURANET, Georgia Tech, Atlanta",1
34,nsfnet,7,1.0,uncertainty_aware_lstm_robust_lp,random_failure_fixed,"SEQSUINET, Rice University, Houston -> SURANET, Georgia Tech, Atlanta & SURANET, Georgia Tech, Atlanta -> SEQSUINET, Rice University, Houston",2,"SEQSUINET, Rice University, Houston","Jon Von Neumann Center, Princeton, NJ",1,5.1141853,"SEQSUINET, Rice University, Houston | SURANET, Georgia Tech, Atlanta | Jon Von Neumann Center, Princeton, NJ","SEQSUINET, Rice University, Houston->SURANET, Georgia Tech, Atlanta | SURANET, Georgia Tech, Atlanta->Jon Von Neumann Center, Princeton, NJ",1
34,nsfnet,7,1.0,uncertainty_aware_lstm_robust_lp,random_failure_fixed,"SEQSUINET, Rice University, Houston -> SURANET, Georgia Tech, Atlanta & SURANET, Georgia Tech, Atlanta -> SEQSUINET, Rice University, Houston",3,"NCAR, Boulder","SURANET, Georgia Tech, Atlanta",1,4.8899465,"NCAR, Boulder | NCSA, University of Illinois, Champaign | SEQSUINET, Rice University, Houston | SURANET, Georgia Tech, Atlanta","NCAR, Boulder->NCSA, University of Illinois, Champaign | NCSA, University of Illinois, Champaign->SEQSUINET, Rice University, Houston | SEQSUINET, Rice University, Houston->SURANET, Georgia Tech, Atlanta",1
34,nsfnet,7,1.0,uncertainty_aware_lstm_robust_lp,random_failure_fixed,"SEQSUINET, Rice University, Houston -> SURANET, Georgia Tech, Atlanta & SURANET, Georgia Tech, Atlanta -> SEQSUINET, Rice University, Houston",4,"SEQSUINET, Rice University, Houston","SURANET, Georgia Tech, Atlanta",1,4.7955084,"SEQSUINET, Rice University, Houston | SURANET, Georgia Tech, Atlanta","SEQSUINET, Rice University, Houston->SURANET, Georgia Tech, Atlanta",1
34,nsfnet,7,1.0,uncertainty_aware_lstm_robust_lp,random_failure_fixed,"SEQSUINET, Rice University, Houston -> SURANET, Georgia Tech, Atlanta & SURANET, Georgia Tech, Atlanta -> SEQSUINET, Rice University, Houston",5,"SURANET, Georgia Tech, Atlanta","Westnet, Salt Lake City",1,4.5062976,"SURANET, Georgia Tech, Atlanta | SEQSUINET, Rice University, Houston | NCSA, University of Illinois, Champaign | NCAR, Boulder | Westnet, Salt Lake City","SURANET, Georgia Tech, Atlanta->SEQSUINET, Rice University, Houston | SEQSUINET, Rice University, Houston->NCSA, University of Illinois, Champaign | NCSA, University of Illinois, Champaign->NCAR, Boulder | NCAR, Boulder->Westnet, Salt Lake City",1
