time_step,topology,seed,load_scale,method,scenario,failed_link,commodity_rank,source,destination,path_rank,path_flow,path_nodes,path_edges,contains_failed_link
22,nsfnet,7,1.0,moving_average,critical_failure_fixed,"NCSA, University of Illinois, Champaign -> Merit Univ of Michigan, Ann Arbor & Merit Univ of Michigan, Ann Arbor -> NCSA, University of Illinois, Champaign",1,"MIDnet, Lincoln, NE","BARRnet, Palo Alto",1,4.7464172,"MIDnet, Lincoln, NE | NCSA, University of Illinois, Champaign | Merit Univ of Michigan, Ann Arbor | BARRnet, Palo Alto","MIDnet, Lincoln, NE->NCSA, University of Illinois, Champaign | NCSA, University of Illinois, Champaign->Merit Univ of Michigan, Ann Arbor | Merit Univ of Michigan, Ann Arbor->BARRnet, Palo Alto",1
22,nsfnet,7,1.0,moving_average,critical_failure_fixed,"NCSA, University of Illinois, Champaign -> Merit Univ of Michigan, Ann Arbor & Merit Univ of Michigan, Ann Arbor -> NCSA, University of Illinois, Champaign",2,"SURANET, Georgia Tech, Atlanta","Merit Univ of Michigan, Ann Arbor",1,4.7174402,"SURANET, Georgia Tech, Atlanta | SEQSUINET, Rice University, Houston | NCSA, University of Illinois, Champaign | Merit Univ of Michigan, Ann Arbor","SURANET, Georgia Tech, Atlanta->SEQSUINET, Rice University, Houston | SEQSUINET, Rice University, Houston->NCSA, University of Illinois, Champaign | NCSA, University of Illinois, Champaign->Merit Univ of Michigan, Ann Arbor",1
22,nsfnet,7,1.0,moving_average,critical_failure_fixed,"NCSA, University of Illinois, Champaign -> Merit Univ of Michigan, Ann Arbor & Merit Univ of Michigan, Ann Arbor -> NCSA, University of Illinois, Champaign",3,"NCSA, University of Illinois, Champaign","Merit Univ of Michigan, Ann Arbor",1,4.6825337,"NCSA, University of Illinois, Champaign | Merit Univ of Michigan, Ann Arbor","NCSA, University of Illinois, Champaign->Merit Univ of Michigan, Ann Arbor",1
22,nsfnet,7,1.0,moving_average,critical_failure_fixed,"NCSA, University of Illinois, Champaign -> Merit Univ of Michigan, Ann Arbor & Merit Univ of Michigan, Ann Arbor -> NCSA, University of Illinois, Champaign",4,"MIDnet, Lincoln, NE","Cornell Theory Center, Ithaca NY",1,4.6813279,"MIDnet, Lincoln, NE | NCSA, University of Illinois, Champaign | Merit Univ of Michigan, Ann Arbor | Cornell Theory Center, Ithaca NY","MIDnet, Lincoln, NE->NCSA, University of Illinois, Champaign | NCSA, University of Illinois, Champaign->Merit Univ of Michigan, Ann Arbor | Merit Univ of Michigan, Ann Arbor->Cornell Theory Center, Ithaca NY",1
22,nsfnet,7,1.0,moving_average,critical_failure_fixed,"NCSA, University of Illinois, Champaign -> Merit Univ of Michigan, Ann Arbor & Merit Univ of Michigan, Ann Arbor -> NCSA, University of Illinois, Champaign",5,"NCSA, University of Illinois, Champaign","BARRnet, Palo Alto",1,4.6010978,"NCSA, University of Illinois, Champaign | Merit Univ of Michigan, Ann Arbor | BARRnet, Palo Alto","NCSA, University of Illinois, Champaign->Merit Univ of Michigan, Ann Arbor | Merit Univ of Michigan, Ann Arbor->BARRnet, Palo Alto",1
22,nsfnet,7,1.0,moving_average,random_failure_fixed,"Westnet, Salt Lake City -> NCAR, Boulder & NCAR, Boulder -> Westnet, Salt Lake City",1,"Westnet, Salt Lake City","NCAR, Boulder",1,4.7235402,"Westnet, Salt Lake City | NCAR, Boulder","Westnet, Salt Lake City->NCAR, Boulder",1
22,nsfnet,7,1.0,moving_average,random_failure_fixed,"Westnet, Salt Lake City -> NCAR, Boulder & NCAR, Boulder -> Westnet, Salt Lake City",2,"Westnet, Salt Lake City",San Diego Supercomputer Center,1,4.617578,"Westnet, Salt Lake City | NCAR, Boulder | NorthWestNet, Seattle | BARRnet, Palo Alto | San Diego Supercomputer Center","Westnet, Salt Lake City->NCAR, Boulder | NCAR, Boulder->NorthWestNet, Seattle | NorthWestNet, Seattle->BARRnet, Palo Alto | BARRnet, Palo Alto->San Diego Supercomputer Center",1
22,nsfnet,7,1.0,moving_average,random_failure_fixed,"Westnet, Salt Lake City -> NCAR, Boulder & NCAR, Boulder -> Westnet, Salt Lake City",3,"Westnet, Salt Lake City","SEQSUINET, Rice University, Houston",1,4.5013874,"Westnet, Salt Lake City | NCAR, Boulder | NCSA, University of Illinois, Champaign | SEQSUINET, Rice University, Houston","Westnet, Salt Lake City->NCAR, Boulder | NCAR, Boulder->NCSA, University of Illinois, Champaign | NCSA, University of Illinois, Champaign->SEQSUINET, Rice University, Houston",1
22,nsfnet,7,1.0,moving_average,random_failure_fixed,"Westnet, Salt Lake City -> NCAR, Boulder & NCAR, Boulder -> Westnet, Salt Lake City",4,"Westnet, Salt Lake City","Merit Univ of Michigan, Ann Arbor",1,4.4928444,"Westnet, Salt Lake City | NCAR, Boulder | NCSA, University of Illinois, Champaign | Merit Univ of Michigan, Ann Arbor","Westnet, Salt Lake City->NCAR, Boulder | NCAR, Boulder->NCSA, University of Illinois, Champaign | NCSA, University of Illinois, Champaign->Merit Univ of Michigan, Ann Arbor",1
22,nsfnet,7,1.0,moving_average,random_failure_fixed,"Westnet, Salt Lake City -> NCAR, Boulder & NCAR, Boulder -> Westnet, Salt Lake City",5,"NCSA, University of Illinois, Champaign","Westnet, Salt Lake City",1,4.3363196,"NCSA, University of Illinois, Champaign | NCAR, Boulder | Westnet, Salt Lake City","NCSA, University of Illinois, Champaign->NCAR, Boulder | NCAR, Boulder->Westnet, Salt Lake City",1
22,nsfnet,7,1.0,linear_autoregressive,critical_failure_fixed,"NCSA, University of Illinois, Champaign -> Merit Univ of Michigan, Ann Arbor & Merit Univ of Michigan, Ann Arbor -> NCSA, University of Illinois, Champaign",1,"MIDnet, Lincoln, NE","Cornell Theory Center, Ithaca NY",1,4.6881074,"MIDnet, Lincoln, NE | NCSA, University of Illinois, Champaign | Merit Univ of Michigan, Ann Arbor | Cornell Theory Center, Ithaca NY","MIDnet, Lincoln, NE->NCSA, University of Illinois, Champaign | NCSA, University of Illinois, Champaign->Merit Univ of Michigan, Ann Arbor | Merit Univ of Michigan, Ann Arbor->Cornell Theory Center, Ithaca NY",1
22,nsfnet,7,1.0,linear_autoregressive,critical_failure_fixed,"NCSA, University of Illinois, Champaign -> Merit Univ of Michigan, Ann Arbor & Merit Univ of Michigan, Ann Arbor -> NCSA, University of Illinois, Champaign",2,"NCSA, University of Illinois, Champaign","Merit Univ of Michigan, Ann Arbor",1,4.5471888,"NCSA, University of Illinois, Champaign | Merit Univ of Michigan, Ann Arbor","NCSA, University of Illinois, Champaign->Merit Univ of Michigan, Ann Arbor",1
22,nsfnet,7,1.0,linear_autoregressive,critical_failure_fixed,"NCSA, University of Illinois, Champaign -> Merit Univ of Michigan, Ann Arbor & Merit Univ of Michigan, Ann Arbor -> NCSA, University of Illinois, Champaign",3,"MIDnet, Lincoln, NE","BARRnet, Palo Alto",1,4.4977911,"MIDnet, Lincoln, NE | NCSA, University of Illinois, Champaign | Merit Univ of Michigan, Ann Arbor | BARRnet, Palo Alto","MIDnet, Lincoln, NE->NCSA, University of Illinois, Champaign | NCSA, University of Illinois, Champaign->Merit Univ of Michigan, Ann Arbor | Merit Univ of Michigan, Ann Arbor->BARRnet, Palo Alto",1
22,nsfnet,7,1.0,linear_autoregressive,critical_failure_fixed,"NCSA, University of Illinois, Champaign -> Merit Univ of Michigan, Ann Arbor & Merit Univ of Michigan, Ann Arbor -> NCSA, University of Illinois, Champaign",4,"NCSA, University of Illinois, Champaign","BARRnet, Palo Alto",1,4.4866316,"NCSA, University of Illinois, Champaign | Merit Univ of Michigan, Ann Arbor | BARRnet, Palo Alto","NCSA, University of Illinois, Champaign->Merit Univ of Michigan, Ann Arbor | Merit Univ of Michigan, Ann Arbor->BARRnet, Palo Alto",1
22,nsfnet,7,1.0,linear_autoregressive,critical_failure_fixed,"NCSA, University of Illinois, Champaign -> Merit Univ of Michigan, Ann Arbor & Merit Univ of Michigan, Ann Arbor -> NCSA, University of Illinois, Champaign",5,Pittsburgh Supercomputer Center,"MIDnet, Lincoln, NE",1,4.4330446,"Pittsburgh Supercomputer Center | Merit Univ of Michigan, Ann Arbor | NCSA, University of Illinois, Champaign | MIDnet, Lincoln, NE","Pittsburgh Supercomputer Center->Merit Univ of Michigan, Ann Arbor | Merit Univ of Michigan, Ann Arbor->NCSA, University of Illinois, Champaign | NCSA, University of Illinois, Champaign->MIDnet, Lincoln, NE",1
22,nsfnet,7,1.0,linear_autoregressive,random_failure_fixed,"Westnet, Salt Lake City -> NCAR, Boulder & NCAR, Boulder -> Westnet, Salt Lake City",1,"Westnet, Salt Lake City","NCAR, Boulder",1,4.5241657,"Westnet, Salt Lake City | NCAR, Boulder","Westnet, Salt Lake City->NCAR, Boulder",1
22,nsfnet,7,1.0,linear_autoregressive,random_failure_fixed,"Westnet, Salt Lake City -> NCAR, Boulder & NCAR, Boulder -> Westnet, Salt Lake City",2,"Westnet, Salt Lake City","SEQSUINET, Rice University, Houston",1,4.384284,"Westnet, Salt Lake City | NCAR, Boulder | NCSA, University of Illinois, Champaign | SEQSUINET, Rice University, Houston","Westnet, Salt Lake City->NCAR, Boulder | NCAR, Boulder->NCSA, University of Illinois, Champaign | NCSA, University of Illinois, Champaign->SEQSUINET, Rice University, Houston",1
22,nsfnet,7,1.0,linear_autoregressive,random_failure_fixed,"Westnet, Salt Lake City -> NCAR, Boulder & NCAR, Boulder -> Westnet, Salt Lake City",3,"Westnet, Salt Lake City",San Diego Supercomputer Center,1,4.3506344,"Westnet, Salt Lake City | NCAR, Boulder | NorthWestNet, Seattle | BARRnet, Palo Alto | San Diego Supercomputer Center","Westnet, Salt Lake City->NCAR, Boulder | NCAR, Boulder->NorthWestNet, Seattle | NorthWestNet, Seattle->BARRnet, Palo Alto | BARRnet, Palo Alto->San Diego Supercomputer Center",1
22,nsfnet,7,1.0,linear_autoregressive,random_failure_fixed,"Westnet, Salt Lake City -> NCAR, Boulder & NCAR, Boulder -> Westnet, Salt Lake City",4,"Westnet, Salt Lake City","Merit Univ of Michigan, Ann Arbor",1,4.1787541,"Westnet, Salt Lake City | NCAR, Boulder | NCSA, University of Illinois, Champaign | Merit Univ of Michigan, Ann Arbor","Westnet, Salt Lake City->NCAR, Boulder | NCAR, Boulder->NCSA, University of Illinois, Champaign | NCSA, University of Illinois, Champaign->Merit Univ of Michigan, Ann Arbor",1
22,nsfnet,7,1.0,linear_autoregressive,random_failure_fixed,"Westnet, Salt Lake City -> NCAR, Boulder & NCAR, Boulder -> Westnet, Salt Lake City",5,"SEQSUINET, Rice University, Houston","Westnet, Salt Lake City",1,4.1366475,"SEQSUINET, Rice University, Houston | NCSA, University of Illinois, Champaign | NCAR, Boulder | Westnet, Salt Lake City","SEQSUINET, Rice University, Houston->NCSA, University of Illinois, Champaign | NCSA, University of Illinois, Champaign->NCAR, Boulder | NCAR, Boulder->Westnet, Salt Lake City",1
22,nsfnet,7,1.0,lstm,critical_failure_fixed,"NCSA, University of Illinois, Champaign -> Merit Univ of Michigan, Ann Arbor & Merit Univ of Michigan, Ann Arbor -> NCSA, University of Illinois, Champaign",1,"MIDnet, Lincoln, NE","BARRnet, Palo Alto",1,5.3505807,"MIDnet, Lincoln, NE | NCSA, University of Illinois, Champaign | Merit Univ of Michigan, Ann Arbor | BARRnet, Palo Alto","MIDnet, Lincoln, NE->NCSA, University of Illinois, Champaign | NCSA, University of Illinois, Champaign->Merit Univ of Michigan, Ann Arbor | Merit Univ of Michigan, Ann Arbor->BARRnet, Palo Alto",1
22,nsfnet,7,1.0,lstm,critical_failure_fixed,"NCSA, University of Illinois, Champaign -> Merit Univ of Michigan, Ann Arbor & Merit Univ of Michigan, Ann Arbor -> NCSA, University of Illinois, Champaign",2,"NCSA, University of Illinois, Champaign","Merit Univ of Michigan, Ann Arbor",1,5.2914438,"NCSA, University of Illinois, Champaign | Merit Univ of Michigan, Ann Arbor","NCSA, University of Illinois, Champaign->Merit Univ of Michigan, Ann Arbor",1
22,nsfnet,7,1.0,lstm,critical_failure_fixed,"NCSA, University of Illinois, Champaign -> Merit Univ of Michigan, Ann Arbor & Merit Univ of Michigan, Ann Arbor -> NCSA, University of Illinois, Champaign",3,"MIDnet, Lincoln, NE","Cornell Theory Center, Ithaca NY",1,5.2456656,"MIDnet, Lincoln, NE | NCSA, University of Illinois, Champaign | Merit Univ of Michigan, Ann Arbor | Cornell Theory Center, Ithaca NY","MIDnet, Lincoln, NE->NCSA, University of Illinois, Champaign | NCSA, University of Illinois, Champaign->Merit Univ of Michigan, Ann Arbor | Merit Univ of Michigan, Ann Arbor->Cornell Theory Center, Ithaca NY",1
22,nsfnet,7,1.0,lstm,critical_failure_fixed,"NCSA, University of Illinois, Champaign -> Merit Univ of Michigan, Ann Arbor & Merit Univ of Michigan, Ann Arbor -> NCSA, University of Illinois, Champaign",4,"NCSA, University of Illinois, Champaign","BARRnet, Palo Alto",1,5.2050643,"NCSA, University of Illinois, Champaign | Merit Univ of Michigan, Ann Arbor | BARRnet, Palo Alto","NCSA, University of Illinois, Champaign->Merit Univ of Michigan, Ann Arbor | Merit Univ of Michigan, Ann Arbor->BARRnet, Palo Alto",1
22,nsfnet,7,1.0,lstm,critical_failure_fixed,"NCSA, University of Illinois, Champaign -> Merit Univ of Michigan, Ann Arbor & Merit Univ of Michigan, Ann Arbor -> NCSA, University of Illinois, Champaign",5,Pittsburgh Supercomputer Center,"MIDnet, Lincoln, NE",1,5.0236282,"Pittsburgh Supercomputer Center | Merit Univ of Michigan, Ann Arbor | NCSA, University of Illinois, Champaign | MIDnet, Lincoln, NE","Pittsburgh Supercomputer Center->Merit Univ of Michigan, Ann Arbor | Merit Univ of Michigan, Ann Arbor->NCSA, University of Illinois, Champaign | NCSA, University of Illinois, Champaign->MIDnet, Lincoln, NE",1
22,nsfnet,7,1.0,lstm,random_failure_fixed,"Westnet, Salt Lake City -> NCAR, Boulder & NCAR, Boulder -> Westnet, Salt Lake City",1,"Westnet, Salt Lake City","NCAR, Boulder",1,5.1784186,"Westnet, Salt Lake City | NCAR, Boulder","Westnet, Salt Lake City->NCAR, Boulder",1
22,nsfnet,7,1.0,lstm,random_failure_fixed,"Westnet, Salt Lake City -> NCAR, Boulder & NCAR, Boulder -> Westnet, Salt Lake City",2,"Westnet, Salt Lake City",San Diego Supercomputer Center,1,5.0445681,"Westnet, Salt Lake City | NCAR, Boulder | NorthWestNet, Seattle | BARRnet, Palo Alto | San Diego Supercomputer Center","Westnet, Salt Lake City->NCAR, Boulder | NCAR, Boulder->NorthWestNet, Seattle | NorthWestNet, Seattle->BARRnet, Palo Alto | BARRnet, Palo Alto->San Diego Supercomputer Center",1
22,nsfnet,7,1.0,lstm,random_failure_fixed,"Westnet, Salt Lake City -> NCAR, Boulder & NCAR, Boulder -> Westnet, Salt Lake City",3,"Westnet, Salt Lake City","SEQSUINET, Rice University, Houston",1,5.0074658,"Westnet, Salt Lake City | NCAR, Boulder | NCSA, University of Illinois, Champaign | SEQSUINET, Rice University, Houston","Westnet, Salt Lake City->NCAR, Boulder | NCAR, Boulder->NCSA, University of Illinois, Champaign | NCSA, University of Illinois, Champaign->SEQSUINET, Rice University, Houston",1
22,nsfnet,7,1.0,lstm,random_failure_fixed,"Westnet, Salt Lake City -> NCAR, Boulder & NCAR, Boulder -> Westnet, Salt Lake City",4,"Westnet, Salt Lake City","Merit Univ of Michigan, Ann Arbor",1,4.9612617,"Westnet, Salt Lake City | NCAR, Boulder | NCSA, University of Illinois, Champaign | Merit Univ of Michigan, Ann Arbor","Westnet, Salt Lake City->NCAR, Boulder | NCAR, Boulder->NCSA, University of Illinois, Champaign | NCSA, University of Illinois, Champaign->Merit Univ of Michigan, Ann Arbor",1
22,nsfnet,7,1.0,lstm,random_failure_fixed,"Westnet, Salt Lake City -> NCAR, Boulder & NCAR, Boulder -> Westnet, Salt Lake City",5,"NCSA, University of Illinois, Champaign","Westnet, Salt Lake City",1,4.7649817,"NCSA, University of Illinois, Champaign | NCAR, Boulder | Westnet, Salt Lake City","NCSA, University of Illinois, Champaign->NCAR, Boulder | NCAR, Boulder->Westnet, Salt Lake City",1
22,nsfnet,7,1.0,transformer,critical_failure_fixed,"NCSA, University of Illinois, Champaign -> Merit Univ of Michigan, Ann Arbor & Merit Univ of Michigan, Ann Arbor -> NCSA, University of Illinois, Champaign",1,"MIDnet, Lincoln, NE","BARRnet, Palo Alto",1,5.8251939,"MIDnet, Lincoln, NE | NCSA, University of Illinois, Champaign | Merit Univ of Michigan, Ann Arbor | BARRnet, Palo Alto","MIDnet, Lincoln, NE->NCSA, University of Illinois, Champaign | NCSA, University of Illinois, Champaign->Merit Univ of Michigan, Ann Arbor | Merit Univ of Michigan, Ann Arbor->BARRnet, Palo Alto",1
22,nsfnet,7,1.0,transformer,critical_failure_fixed,"NCSA, University of Illinois, Champaign -> Merit Univ of Michigan, Ann Arbor & Merit Univ of Michigan, Ann Arbor -> NCSA, University of Illinois, Champaign",2,"NCSA, University of Illinois, Champaign","Merit Univ of Michigan, Ann Arbor",1,5.7524161,"NCSA, University of Illinois, Champaign | Merit Univ of Michigan, Ann Arbor","NCSA, University of Illinois, Champaign->Merit Univ of Michigan, Ann Arbor",1
22,nsfnet,7,1.0,transformer,critical_failure_fixed,"NCSA, University of Illinois, Champaign -> Merit Univ of Michigan, Ann Arbor & Merit Univ of Michigan, Ann Arbor -> NCSA, University of Illinois, Champaign",3,"NCSA, University of Illinois, Champaign","BARRnet, Palo Alto",1,5.6327305,"NCSA, University of Illinois, Champaign | Merit Univ of Michigan, Ann Arbor | BARRnet, Palo Alto","NCSA, University of Illinois, Champaign->Merit Univ of Michigan, Ann Arbor | Merit Univ of Michigan, Ann Arbor->BARRnet, Palo Alto",1
22,nsfnet,7,1.0,transformer,critical_failure_fixed,"NCSA, University of Illinois, Champaign -> Merit Univ of Michigan, Ann Arbor & Merit Univ of Michigan, Ann Arbor -> NCSA, University of Illinois, Champaign",4,"MIDnet, Lincoln, NE","Cornell Theory Center, Ithaca NY",1,5.6310434,"MIDnet, Lincoln, NE | NCSA, University of Illinois, Champaign | Merit Univ of Michigan, Ann Arbor | Cornell Theory Center, Ithaca NY","MIDnet, Lincoln, NE->NCSA, University of Illinois, Champaign | NCSA, University of Illinois, Champaign->Merit Univ of Michigan, Ann Arbor | Merit Univ of Michigan, Ann Arbor->Cornell Theory Center, Ithaca NY",1
22,nsfnet,7,1.0,transformer,critical_failure_fixed,"NCSA, University of Illinois, Champaign -> Merit Univ of Michigan, Ann Arbor & Merit Univ of Michigan, Ann Arbor -> NCSA, University of Illinois, Champaign",5,Pittsburgh Supercomputer Center,"MIDnet, Lincoln, NE",1,5.4657307,"Pittsburgh Supercomputer Center | Merit Univ of Michigan, Ann Arbor | NCSA, University of Illinois, Champaign | MIDnet, Lincoln, NE","Pittsburgh Supercomputer Center->Merit Univ of Michigan, Ann Arbor | Merit Univ of Michigan, Ann Arbor->NCSA, University of Illinois, Champaign | NCSA, University of Illinois, Champaign->MIDnet, Lincoln, NE",1
22,nsfnet,7,1.0,transformer,random_failure_fixed,"Westnet, Salt Lake City -> NCAR, Boulder & NCAR, Boulder -> Westnet, Salt Lake City",1,"Westnet, Salt Lake City","NCAR, Boulder",1,5.629704,"Westnet, Salt Lake City | NCAR, Boulder","Westnet, Salt Lake City->NCAR, Boulder",1
22,nsfnet,7,1.0,transformer,random_failure_fixed,"Westnet, Salt Lake City -> NCAR, Boulder & NCAR, Boulder -> Westnet, Salt Lake City",2,"Westnet, Salt Lake City",San Diego Supercomputer Center,1,5.4352212,"Westnet, Salt Lake City | NCAR, Boulder | NorthWestNet, Seattle | BARRnet, Palo Alto | San Diego Supercomputer Center","Westnet, Salt Lake City->NCAR, Boulder | NCAR, Boulder->NorthWestNet, Seattle | NorthWestNet, Seattle->BARRnet, Palo Alto | BARRnet, Palo Alto->San Diego Supercomputer Center",1
22,nsfnet,7,1.0,transformer,random_failure_fixed,"Westnet, Salt Lake City -> NCAR, Boulder & NCAR, Boulder -> Westnet, Salt Lake City",3,"Westnet, Salt Lake City","SEQSUINET, Rice University, Houston",1,5.4044123,"Westnet, Salt Lake City | NCAR, Boulder | NCSA, University of Illinois, Champaign | SEQSUINET, Rice University, Houston","Westnet, Salt Lake City->NCAR, Boulder | NCAR, Boulder->NCSA, University of Illinois, Champaign | NCSA, University of Illinois, Champaign->SEQSUINET, Rice University, Houston",1
22,nsfnet,7,1.0,transformer,random_failure_fixed,"Westnet, Salt Lake City -> NCAR, Boulder & NCAR, Boulder -> Westnet, Salt Lake City",4,"Westnet, Salt Lake City","Merit Univ of Michigan, Ann Arbor",1,5.3482099,"Westnet, Salt Lake City | NCAR, Boulder | NCSA, University of Illinois, Champaign | Merit Univ of Michigan, Ann Arbor","Westnet, Salt Lake City->NCAR, Boulder | NCAR, Boulder->NCSA, University of Illinois, Champaign | NCSA, University of Illinois, Champaign->Merit Univ of Michigan, Ann Arbor",1
22,nsfnet,7,1.0,transformer,random_failure_fixed,"Westnet, Salt Lake City -> NCAR, Boulder & NCAR, Boulder -> Westnet, Salt Lake City",5,"NCSA, University of Illinois, Champaign","Westnet, Salt Lake City",1,5.161202,"NCSA, University of Illinois, Champaign | NCAR, Boulder | Westnet, Salt Lake City","NCSA, University of Illinois, Champaign->NCAR, Boulder | NCAR, Boulder->Westnet, Salt Lake City",1
23,nsfnet,7,1.0,moving_average,critical_failure_fixed,"NCSA, University of Illinois, Champaign -> Merit Univ of Michigan, Ann Arbor & Merit Univ of Michigan, Ann Arbor -> NCSA, University of Illinois, Champaign",1,"MIDnet, Lincoln, NE","BARRnet, Palo Alto",1,4.977211,"MIDnet, Lincoln, NE | NCSA, University of Illinois, Champaign | Merit Univ of Michigan, Ann Arbor | BARRnet, Palo Alto","MIDnet, Lincoln, NE->NCSA, University of Illinois, Champaign | NCSA, University of Illinois, Champaign->Merit Univ of Michigan, Ann Arbor | Merit Univ of Michigan, Ann Arbor->BARRnet, Palo Alto",1
23,nsfnet,7,1.0,moving_average,critical_failure_fixed,"NCSA, University of Illinois, Champaign -> Merit Univ of Michigan, Ann Arbor & Merit Univ of Michigan, Ann Arbor -> NCSA, University of Illinois, Champaign",2,"NCSA, University of Illinois, Champaign","Merit Univ of Michigan, Ann Arbor",1,4.9727955,"NCSA, University of Illinois, Champaign | Merit Univ of Michigan, Ann Arbor","NCSA, University of Illinois, Champaign->Merit Univ of Michigan, Ann Arbor",1
23,nsfnet,7,1.0,moving_average,critical_failure_fixed,"NCSA, University of Illinois, Champaign -> Merit Univ of Michigan, Ann Arbor & Merit Univ of Michigan, Ann Arbor -> NCSA, University of Illinois, Champaign",3,"MIDnet, Lincoln, NE","Cornell Theory Center, Ithaca NY",1,4.9397324,"MIDnet, Lincoln, NE | NCSA, University of Illinois, Champaign | Merit Univ of Michigan, Ann Arbor | Cornell Theory Center, Ithaca NY","MIDnet, Lincoln, NE->NCSA, University of Illinois, Champaign | NCSA, University of Illinois, Champaign->Merit Univ of Michigan, Ann Arbor | Merit Univ of Michigan, Ann Arbor->Cornell Theory Center, Ithaca NY",1
23,nsfnet,7,1.0,moving_average,critical_failure_fixed,"NCSA, University of Illinois, Champaign -> Merit Univ of Michigan, Ann Arbor & Merit Univ of Michigan, Ann Arbor -> NCSA, University of Illinois, Champaign",4,"NCSA, University of Illinois, Champaign","BARRnet, Palo Alto",1,4.8562342,"NCSA, University of Illinois, Champaign | Merit Univ of Michigan, Ann Arbor | BARRnet, Palo Alto","NCSA, University of Illinois, Champaign->Merit Univ of Michigan, Ann Arbor | Merit Univ of Michigan, Ann Arbor->BARRnet, Palo Alto",1
23,nsfnet,7,1.0,moving_average,critical_failure_fixed,"NCSA, University of Illinois, Champaign -> Merit Univ of Michigan, Ann Arbor & Merit Univ of Michigan, Ann Arbor -> NCSA, University of Illinois, Champaign",5,"SURANET, Georgia Tech, Atlanta","Merit Univ of Michigan, Ann Arbor",1,4.8361144,"SURANET, Georgia Tech, Atlanta | SEQSUINET, Rice University, Houston | NCSA, University of Illinois, Champaign | Merit Univ of Michigan, Ann Arbor","SURANET, Georgia Tech, Atlanta->SEQSUINET, Rice University, Houston | SEQSUINET, Rice University, Houston->NCSA, University of Illinois, Champaign | NCSA, University of Illinois, Champaign->Merit Univ of Michigan, Ann Arbor",1
23,nsfnet,7,1.0,moving_average,random_failure_fixed,"SEQSUINET, Rice University, Houston -> SURANET, Georgia Tech, Atlanta & SURANET, Georgia Tech, Atlanta -> SEQSUINET, Rice University, Houston",1,"SURANET, Georgia Tech, Atlanta","Merit Univ of Michigan, Ann Arbor",1,4.8361144,"SURANET, Georgia Tech, Atlanta | SEQSUINET, Rice University, Houston | NCSA, University of Illinois, Champaign | Merit Univ of Michigan, Ann Arbor","SURANET, Georgia Tech, Atlanta->SEQSUINET, Rice University, Houston | SEQSUINET, Rice University, Houston->NCSA, University of Illinois, Champaign | NCSA, University of Illinois, Champaign->Merit Univ of Michigan, Ann Arbor",1
23,nsfnet,7,1.0,moving_average,random_failure_fixed,"SEQSUINET, Rice University, Houston -> SURANET, Georgia Tech, Atlanta & SURANET, Georgia Tech, Atlanta -> SEQSUINET, Rice University, Houston",2,"SEQSUINET, Rice University, Houston","Jon Von Neumann Center, Princeton, NJ",1,4.8359328,"SEQSUINET, Rice University, Houston | SURANET, Georgia Tech, Atlanta | Jon Von Neumann Center, Princeton, NJ","SEQSUINET, Rice University, Houston->SURANET, Georgia Tech, Atlanta | SURANET, Georgia Tech, Atlanta->Jon Von Neumann Center, Princeton, NJ",1
23,nsfnet,7,1.0,moving_average,random_failure_fixed,"SEQSUINET, Rice University, Houston -> SURANET, Georgia Tech, Atlanta & SURANET, Georgia Tech, Atlanta -> SEQSUINET, Rice University, Houston",3,"NCSA, University of Illinois, Champaign","SURANET, Georgia Tech, Atlanta",1,4.6789432,"NCSA, University of Illinois, Champaign | SEQSUINET, Rice University, Houston | SURANET, Georgia Tech, Atlanta","NCSA, University of Illinois, Champaign->SEQSUINET, Rice University, Houston | SEQSUINET, Rice University, Houston->SURANET, Georgia Tech, Atlanta",1
23,nsfnet,7,1.0,moving_average,random_failure_fixed,"SEQSUINET, Rice University, Houston -> SURANET, Georgia Tech, Atlanta & SURANET, Georgia Tech, Atlanta -> SEQSUINET, Rice University, Houston",4,"NCAR, Boulder","SURANET, Georgia Tech, Atlanta",1,4.5213844,"NCAR, Boulder | NCSA, University of Illinois, Champaign | SEQSUINET, Rice University, Houston | SURANET, Georgia Tech, Atlanta","NCAR, Boulder->NCSA, University of Illinois, Champaign | NCSA, University of Illinois, Champaign->SEQSUINET, Rice University, Houston | SEQSUINET, Rice University, Houston->SURANET, Georgia Tech, Atlanta",1
23,nsfnet,7,1.0,moving_average,random_failure_fixed,"SEQSUINET, Rice University, Houston -> SURANET, Georgia Tech, Atlanta & SURANET, Georgia Tech, Atlanta -> SEQSUINET, Rice University, Houston",5,"SEQSUINET, Rice University, Houston","SURANET, Georgia Tech, Atlanta",1,4.3498358,"SEQSUINET, Rice University, Houston | SURANET, Georgia Tech, Atlanta","SEQSUINET, Rice University, Houston->SURANET, Georgia Tech, Atlanta",1
23,nsfnet,7,1.0,linear_autoregressive,critical_failure_fixed,"NCSA, University of Illinois, Champaign -> Merit Univ of Michigan, Ann Arbor & Merit Univ of Michigan, Ann Arbor -> NCSA, University of Illinois, Champaign",1,"NCSA, University of Illinois, Champaign","Merit Univ of Michigan, Ann Arbor",1,5.4694134,"NCSA, University of Illinois, Champaign | Merit Univ of Michigan, Ann Arbor","NCSA, University of Illinois, Champaign->Merit Univ of Michigan, Ann Arbor",1
23,nsfnet,7,1.0,linear_autoregressive,critical_failure_fixed,"NCSA, University of Illinois, Champaign -> Merit Univ of Michigan, Ann Arbor & Merit Univ of Michigan, Ann Arbor -> NCSA, University of Illinois, Champaign",2,"MIDnet, Lincoln, NE","Cornell Theory Center, Ithaca NY",1,5.4328118,"MIDnet, Lincoln, NE | NCSA, University of Illinois, Champaign | Merit Univ of Michigan, Ann Arbor | Cornell Theory Center, Ithaca NY","MIDnet, Lincoln, NE->NCSA, University of Illinois, Champaign | NCSA, University of Illinois, Champaign->Merit Univ of Michigan, Ann Arbor | Merit Univ of Michigan, Ann Arbor->Cornell Theory Center, Ithaca NY",1
23,nsfnet,7,1.0,linear_autoregressive,critical_failure_fixed,"NCSA, University of Illinois, Champaign -> Merit Univ of Michigan, Ann Arbor & Merit Univ of Michigan, Ann Arbor -> NCSA, University of Illinois, Champaign",3,"NCSA, University of Illinois, Champaign","BARRnet, Palo Alto",1,5.4001453,"NCSA, University of Illinois, Champaign | Merit Univ of Michigan, Ann Arbor | BARRnet, Palo Alto","NCSA, University of Illinois, Champaign->Merit Univ of Michigan, Ann Arbor | Merit Univ of Michigan, Ann Arbor->BARRnet, Palo Alto",1
23,nsfnet,7,1.0,linear_autoregressive,critical_failure_fixed,"NCSA, University of Illinois, Champaign -> Merit Univ of Michigan, Ann Arbor & Merit Univ of Michigan, Ann Arbor -> NCSA, University of Illinois, Champaign",4,"MIDnet, Lincoln, NE","BARRnet, Palo Alto",1,5.3609636,"MIDnet, Lincoln, NE | NCSA, University of Illinois, Champaign | Merit Univ of Michigan, Ann Arbor | BARRnet, Palo Alto","MIDnet, Lincoln, NE->NCSA, University of Illinois, Champaign | NCSA, University of Illinois, Champaign->Merit Univ of Michigan, Ann Arbor | Merit Univ of Michigan, Ann Arbor->BARRnet, Palo Alto",1
23,nsfnet,7,1.0,linear_autoregressive,critical_failure_fixed,"NCSA, University of Illinois, Champaign -> Merit Univ of Michigan, Ann Arbor & Merit Univ of Michigan, Ann Arbor -> NCSA, University of Illinois, Champaign",5,Pittsburgh Supercomputer Center,"MIDnet, Lincoln, NE",1,5.0736254,"Pittsburgh Supercomputer Center | Merit Univ of Michigan, Ann Arbor | NCSA, University of Illinois, Champaign | MIDnet, Lincoln, NE","Pittsburgh Supercomputer Center->Merit Univ of Michigan, Ann Arbor | Merit Univ of Michigan, Ann Arbor->NCSA, University of Illinois, Champaign | NCSA, University of Illinois, Champaign->MIDnet, Lincoln, NE",1
23,nsfnet,7,1.0,linear_autoregressive,random_failure_fixed,"SEQSUINET, Rice University, Houston -> SURANET, Georgia Tech, Atlanta & SURANET, Georgia Tech, Atlanta -> SEQSUINET, Rice University, Houston",1,"NCSA, University of Illinois, Champaign","SURANET, Georgia Tech, Atlanta",1,5.382948,"NCSA, University of Illinois, Champaign | SEQSUINET, Rice University, Houston | SURANET, Georgia Tech, Atlanta","NCSA, University of Illinois, Champaign->SEQSUINET, Rice University, Houston | SEQSUINET, Rice University, Houston->SURANET, Georgia Tech, Atlanta",1
23,nsfnet,7,1.0,linear_autoregressive,random_failure_fixed,"SEQSUINET, Rice University, Houston -> SURANET, Georgia Tech, Atlanta & SURANET, Georgia Tech, Atlanta -> SEQSUINET, Rice University, Houston",2,"SEQSUINET, Rice University, Houston","Jon Von Neumann Center, Princeton, NJ",1,4.9575327,"SEQSUINET, Rice University, Houston | SURANET, Georgia Tech, Atlanta | Jon Von Neumann Center, Princeton, NJ","SEQSUINET, Rice University, Houston->SURANET, Georgia Tech, Atlanta | SURANET, Georgia Tech, Atlanta->Jon Von Neumann Center, Princeton, NJ",1
23,nsfnet,7,1.0,linear_autoregressive,random_failure_fixed,"SEQSUINET, Rice University, Houston -> SURANET, Georgia Tech, Atlanta & SURANET, Georgia Tech, Atlanta -> SEQSUINET, Rice University, Houston",3,"NCAR, Boulder","SURANET, Georgia Tech, Atlanta",1,4.8042348,"NCAR, Boulder | NCSA, University of Illinois, Champaign | SEQSUINET, Rice University, Houston | SURANET, Georgia Tech, Atlanta","NCAR, Boulder->NCSA, University of Illinois, Champaign | NCSA, University of Illinois, Champaign->SEQSUINET, Rice University, Houston | SEQSUINET, Rice University, Houston->SURANET, Georgia Tech, Atlanta",1
23,nsfnet,7,1.0,linear_autoregressive,random_failure_fixed,"SEQSUINET, Rice University, Houston -> SURANET, Georgia Tech, Atlanta & SURANET, Georgia Tech, Atlanta -> SEQSUINET, Rice University, Houston",4,"SURANET, Georgia Tech, Atlanta","Westnet, Salt Lake City",1,4.7196071,"SURANET, Georgia Tech, Atlanta | SEQSUINET, Rice University, Houston | San Diego Supercomputer Center | BARRnet, Palo Alto | NorthWestNet, Seattle | NCAR, Boulder | Westnet, Salt Lake City","SURANET, Georgia Tech, Atlanta->SEQSUINET, Rice University, Houston | SEQSUINET, Rice University, Houston->San Diego Supercomputer Center | San Diego Supercomputer Center->BARRnet, Palo Alto | BARRnet, Palo Alto->NorthWestNet, Seattle | NorthWestNet, Seattle->NCAR, Boulder | NCAR, Boulder->Westnet, Salt Lake City",1
23,nsfnet,7,1.0,linear_autoregressive,random_failure_fixed,"SEQSUINET, Rice University, Houston -> SURANET, Georgia Tech, Atlanta & SURANET, Georgia Tech, Atlanta -> SEQSUINET, Rice University, Houston",5,"SURANET, Georgia Tech, Atlanta","Merit Univ of Michigan, Ann Arbor",1,4.7009696,"SURANET, Georgia Tech, Atlanta | SEQSUINET, Rice University, Houston | NCSA, University of Illinois, Champaign | Merit Univ of Michigan, Ann Arbor","SURANET, Georgia Tech, Atlanta->SEQSUINET, Rice University, Houston | SEQSUINET, Rice University, Houston->NCSA, University of Illinois, Champaign | NCSA, University of Illinois, Champaign->Merit Univ of Michigan, Ann Arbor",1
23,nsfnet,7,1.0,lstm,critical_failure_fixed,"NCSA, University of Illinois, Champaign -> Merit Univ of Michigan, Ann Arbor & Merit Univ of Michigan, Ann Arbor -> NCSA, University of Illinois, Champaign",1,"MIDnet, Lincoln, NE","BARRnet, Palo Alto",1,5.3505807,"MIDnet, Lincoln, NE | NCSA, University of Illinois, Champaign | Merit Univ of Michigan, Ann Arbor | BARRnet, Palo Alto","MIDnet, Lincoln, NE->NCSA, University of Illinois, Champaign | NCSA, University of Illinois, Champaign->Merit Univ of Michigan, Ann Arbor | Merit Univ of Michigan, Ann Arbor->BARRnet, Palo Alto",1
23,nsfnet,7,1.0,lstm,critical_failure_fixed,"NCSA, University of Illinois, Champaign -> Merit Univ of Michigan, Ann Arbor & Merit Univ of Michigan, Ann Arbor -> NCSA, University of Illinois, Champaign",2,"NCSA, University of Illinois, Champaign","Merit Univ of Michigan, Ann Arbor",1,5.2914438,"NCSA, University of Illinois, Champaign | Merit Univ of Michigan, Ann Arbor","NCSA, University of Illinois, Champaign->Merit Univ of Michigan, Ann Arbor",1
23,nsfnet,7,1.0,lstm,critical_failure_fixed,"NCSA, University of Illinois, Champaign -> Merit Univ of Michigan, Ann Arbor & Merit Univ of Michigan, Ann Arbor -> NCSA, University of Illinois, Champaign",3,"MIDnet, Lincoln, NE","Cornell Theory Center, Ithaca NY",1,5.2456656,"MIDnet, Lincoln, NE | NCSA, University of Illinois, Champaign | Merit Univ of Michigan, Ann Arbor | Cornell Theory Center, Ithaca NY","MIDnet, Lincoln, NE->NCSA, University of Illinois, Champaign | NCSA, University of Illinois, Champaign->Merit Univ of Michigan, Ann Arbor | Merit Univ of Michigan, Ann Arbor->Cornell Theory Center, Ithaca NY",1
23,nsfnet,7,1.0,lstm,critical_failure_fixed,"NCSA, University of Illinois, Champaign -> Merit Univ of Michigan, Ann Arbor & Merit Univ of Michigan, Ann Arbor -> NCSA, University of Illinois, Champaign",4,"NCSA, University of Illinois, Champaign","BARRnet, Palo Alto",1,5.2050643,"NCSA, University of Illinois, Champaign | Merit Univ of Michigan, Ann Arbor | BARRnet, Palo Alto","NCSA, University of Illinois, Champaign->Merit Univ of Michigan, Ann Arbor | Merit Univ of Michigan, Ann Arbor->BARRnet, Palo Alto",1
23,nsfnet,7,1.0,lstm,critical_failure_fixed,"NCSA, University of Illinois, Champaign -> Merit Univ of Michigan, Ann Arbor & Merit Univ of Michigan, Ann Arbor -> NCSA, University of Illinois, Champaign",5,Pittsburgh Supercomputer Center,"MIDnet, Lincoln, NE",1,5.0236282,"Pittsburgh Supercomputer Center | Merit Univ of Michigan, Ann Arbor | NCSA, University of Illinois, Champaign | MIDnet, Lincoln, NE","Pittsburgh Supercomputer Center->Merit Univ of Michigan, Ann Arbor | Merit Univ of Michigan, Ann Arbor->NCSA, University of Illinois, Champaign | NCSA, University of Illinois, Champaign->MIDnet, Lincoln, NE",1
23,nsfnet,7,1.0,lstm,random_failure_fixed,"SEQSUINET, Rice University, Houston -> SURANET, Georgia Tech, Atlanta & SURANET, Georgia Tech, Atlanta -> SEQSUINET, Rice University, Houston",1,"NCSA, University of Illinois, Champaign","SURANET, Georgia Tech, Atlanta",1,5.1792274,"NCSA, University of Illinois, Champaign | SEQSUINET, Rice University, Houston | SURANET, Georgia Tech, Atlanta","NCSA, University of Illinois, Champaign->SEQSUINET, Rice University, Houston | SEQSUINET, Rice University, Houston->SURANET, Georgia Tech, Atlanta",1
23,nsfnet,7,1.0,lstm,random_failure_fixed,"SEQSUINET, Rice University, Houston -> SURANET, Georgia Tech, Atlanta & SURANET, Georgia Tech, Atlanta -> SEQSUINET, Rice University, Houston",2,"SEQSUINET, Rice University, Houston","Jon Von Neumann Center, Princeton, NJ",1,5.0135708,"SEQSUINET, Rice University, Houston | SURANET, Georgia Tech, Atlanta | Jon Von Neumann Center, Princeton, NJ","SEQSUINET, Rice University, Houston->SURANET, Georgia Tech, Atlanta | SURANET, Georgia Tech, Atlanta->Jon Von Neumann Center, Princeton, NJ",1
23,nsfnet,7,1.0,lstm,random_failure_fixed,"SEQSUINET, Rice University, Houston -> SURANET, Georgia Tech, Atlanta & SURANET, Georgia Tech, Atlanta -> SEQSUINET, Rice University, Houston",3,"SURANET, Georgia Tech, Atlanta","Merit Univ of Michigan, Ann Arbor",1,4.9037123,"SURANET, Georgia Tech, Atlanta | SEQSUINET, Rice University, Houston | NCSA, University of Illinois, Champaign | Merit Univ of Michigan, Ann Arbor","SURANET, Georgia Tech, Atlanta->SEQSUINET, Rice University, Houston | SEQSUINET, Rice University, Houston->NCSA, University of Illinois, Champaign | NCSA, University of Illinois, Champaign->Merit Univ of Michigan, Ann Arbor",1
23,nsfnet,7,1.0,lstm,random_failure_fixed,"SEQSUINET, Rice University, Houston -> SURANET, Georgia Tech, Atlanta & SURANET, Georgia Tech, Atlanta -> SEQSUINET, Rice University, Houston",4,"NCAR, Boulder","SURANET, Georgia Tech, Atlanta",1,4.8813562,"NCAR, Boulder | NCSA, University of Illinois, Champaign | SEQSUINET, Rice University, Houston | SURANET, Georgia Tech, Atlanta","NCAR, Boulder->NCSA, University of Illinois, Champaign | NCSA, University of Illinois, Champaign->SEQSUINET, Rice University, Houston | SEQSUINET, Rice University, Houston->SURANET, Georgia Tech, Atlanta",1
23,nsfnet,7,1.0,lstm,random_failure_fixed,"SEQSUINET, Rice University, Houston -> SURANET, Georgia Tech, Atlanta & SURANET, Georgia Tech, Atlanta -> SEQSUINET, Rice University, Houston",5,"SEQSUINET, Rice University, Houston","SURANET, Georgia Tech, Atlanta",1,4.5981917,"SEQSUINET, Rice University, Houston | SURANET, Georgia Tech, Atlanta","SEQSUINET, Rice University, Houston->SURANET, Georgia Tech, Atlanta",1
23,nsfnet,7,1.0,transformer,critical_failure_fixed,"NCSA, University of Illinois, Champaign -> Merit Univ of Michigan, Ann Arbor & Merit Univ of Michigan, Ann Arbor -> NCSA, University of Illinois, Champaign",1,"MIDnet, Lincoln, NE","BARRnet, Palo Alto",1,5.825161,"MIDnet, Lincoln, NE | NCSA, University of Illinois, Champaign | Merit Univ of Michigan, Ann Arbor | BARRnet, Palo Alto","MIDnet, Lincoln, NE->NCSA, University of Illinois, Champaign | NCSA, University of Illinois, Champaign->Merit Univ of Michigan, Ann Arbor | Merit Univ of Michigan, Ann Arbor->BARRnet, Palo Alto",1
23,nsfnet,7,1.0,transformer,critical_failure_fixed,"NCSA, University of Illinois, Champaign -> Merit Univ of Michigan, Ann Arbor & Merit Univ of Michigan, Ann Arbor -> NCSA, University of Illinois, Champaign",2,"NCSA, University of Illinois, Champaign","Merit Univ of Michigan, Ann Arbor",1,5.7523837,"NCSA, University of Illinois, Champaign | Merit Univ of Michigan, Ann Arbor","NCSA, University of Illinois, Champaign->Merit Univ of Michigan, Ann Arbor",1
23,nsfnet,7,1.0,transformer,critical_failure_fixed,"NCSA, University of Illinois, Champaign -> Merit Univ of Michigan, Ann Arbor & Merit Univ of Michigan, Ann Arbor -> NCSA, University of Illinois, Champaign",3,"NCSA, University of Illinois, Champaign","BARRnet, Palo Alto",1,5.6327248,"NCSA, University of Illinois, Champaign | Merit Univ of Michigan, Ann Arbor | BARRnet, Palo Alto","NCSA, University of Illinois, Champaign->Merit Univ of Michigan, Ann Arbor | Merit Univ of Michigan, Ann Arbor->BARRnet, Palo Alto",1
23,nsfnet,7,1.0,transformer,critical_failure_fixed,"NCSA, University of Illinois, Champaign -> Merit Univ of Michigan, Ann Arbor & Merit Univ of Michigan, Ann Arbor -> NCSA, University of Illinois, Champaign",4,"MIDnet, Lincoln, NE","Cornell Theory Center, Ithaca NY",1,5.6310225,"MIDnet, Lincoln, NE | NCSA, University of Illinois, Champaign | Merit Univ of Michigan, Ann Arbor | Cornell Theory Center, Ithaca NY","MIDnet, Lincoln, NE->NCSA, University of Illinois, Champaign | NCSA, University of Illinois, Champaign->Merit Univ of Michigan, Ann Arbor | Merit Univ of Michigan, Ann Arbor->Cornell Theory Center, Ithaca NY",1
23,nsfnet,7,1.0,transformer,critical_failure_fixed,"NCSA, University of Illinois, Champaign -> Merit Univ of Michigan, Ann Arbor & Merit Univ of Michigan, Ann Arbor -> NCSA, University of Illinois, Champaign",5,Pittsburgh Supercomputer Center,"MIDnet, Lincoln, NE",1,5.465714,"Pittsburgh Supercomputer Center | Merit Univ of Michigan, Ann Arbor | NCSA, University of Illinois, Champaign | MIDnet, Lincoln, NE","Pittsburgh Supercomputer Center->Merit Univ of Michigan, Ann Arbor | Merit Univ of Michigan, Ann Arbor->NCSA, University of Illinois, Champaign | NCSA, University of Illinois, Champaign->MIDnet, Lincoln, NE",1
23,nsfnet,7,1.0,transformer,random_failure_fixed,"SEQSUINET, Rice University, Houston -> SURANET, Georgia Tech, Atlanta & SURANET, Georgia Tech, Atlanta -> SEQSUINET, Rice University, Houston",1,"NCSA, University of Illinois, Champaign","SURANET, Georgia Tech, Atlanta",1,5.6686268,"NCSA, University of Illinois, Champaign | SEQSUINET, Rice University, Houston | SURANET, Georgia Tech, Atlanta","NCSA, University of Illinois, Champaign->SEQSUINET, Rice University, Houston | SEQSUINET, Rice University, Houston->SURANET, Georgia Tech, Atlanta",1
23,nsfnet,7,1.0,transformer,random_failure_fixed,"SEQSUINET, Rice University, Houston -> SURANET, Georgia Tech, Atlanta & SURANET, Georgia Tech, Atlanta -> SEQSUINET, Rice University, Houston",2,"SEQSUINET, Rice University, Houston","Jon Von Neumann Center, Princeton, NJ",1,5.4444442,"SEQSUINET, Rice University, Houston | SURANET, Georgia Tech, Atlanta | Jon Von Neumann Center, Princeton, NJ","SEQSUINET, Rice University, Houston->SURANET, Georgia Tech, Atlanta | SURANET, Georgia Tech, Atlanta->Jon Von Neumann Center, Princeton, NJ",1
23,nsfnet,7,1.0,transformer,random_failure_fixed,"SEQSUINET, Rice University, Houston -> SURANET, Georgia Tech, Atlanta & SURANET, Georgia Tech, Atlanta -> SEQSUINET, Rice University, Houston",3,"SURANET, Georgia Tech, Atlanta","Merit Univ of Michigan, Ann Arbor",1,5.2484956,"SURANET, Georgia Tech, Atlanta | SEQSUINET, Rice University, Houston | NCSA, University of Illinois, Champaign | Merit Univ of Michigan, Ann Arbor","SURANET, Georgia Tech, Atlanta->SEQSUINET, Rice University, Houston | SEQSUINET, Rice University, Houston->NCSA, University of Illinois, Champaign | NCSA, University of Illinois, Champaign->Merit Univ of Michigan, Ann Arbor",1
23,nsfnet,7,1.0,transformer,random_failure_fixed,"SEQSUINET, Rice University, Houston -> SURANET, Georgia Tech, Atlanta & SURANET, Georgia Tech, Atlanta -> SEQSUINET, Rice University, Houston",4,"NCAR, Boulder","SURANET, Georgia Tech, Atlanta",1,5.2358384,"NCAR, Boulder | NCSA, University of Illinois, Champaign | SEQSUINET, Rice University, Houston | SURANET, Georgia Tech, Atlanta","NCAR, Boulder->NCSA, University of Illinois, Champaign | NCSA, University of Illinois, Champaign->SEQSUINET, Rice University, Houston | SEQSUINET, Rice University, Houston->SURANET, Georgia Tech, Atlanta",1
23,nsfnet,7,1.0,transformer,random_failure_fixed,"SEQSUINET, Rice University, Houston -> SURANET, Georgia Tech, Atlanta & SURANET, Georgia Tech, Atlanta -> SEQSUINET, Rice University, Houston",5,"SEQSUINET, Rice University, Houston","SURANET, Georgia Tech, Atlanta",1,5.0372663,"SEQSUINET, Rice University, Houston | SURANET, Georgia Tech, Atlanta","SEQSUINET, Rice University, Houston->SURANET, Georgia Tech, Atlanta",1
24,nsfnet,7,1.0,moving_average,critical_failure_fixed,"NCSA, University of Illinois, Champaign -> Merit Univ of Michigan, Ann Arbor & Merit Univ of Michigan, Ann Arbor -> NCSA, University of Illinois, Champaign",1,"NCSA, University of Illinois, Champaign","Merit Univ of Michigan, Ann Arbor",1,5.5322668,"NCSA, University of Illinois, Champaign | Merit Univ of Michigan, Ann Arbor","NCSA, University of Illinois, Champaign->Merit Univ of Michigan, Ann Arbor",1
24,nsfnet,7,1.0,moving_average,critical_failure_fixed,"NCSA, University of Illinois, Champaign -> Merit Univ of Michigan, Ann Arbor & Merit Univ of Michigan, Ann Arbor -> NCSA, University of Illinois, Champaign",2,"MIDnet, Lincoln, NE","Cornell Theory Center, Ithaca NY",1,5.3450328,"MIDnet, Lincoln, NE | NCSA, University of Illinois, Champaign | Merit Univ of Michigan, Ann Arbor | Cornell Theory Center, Ithaca NY","MIDnet, Lincoln, NE->NCSA, University of Illinois, Champaign | NCSA, University of Illinois, Champaign->Merit Univ of Michigan, Ann Arbor | Merit Univ of Michigan, Ann Arbor->Cornell Theory Center, Ithaca NY",1
24,nsfnet,7,1.0,moving_average,critical_failure_fixed,"NCSA, University of Illinois, Champaign -> Merit Univ of Michigan, Ann Arbor & Merit Univ of Michigan, Ann Arbor -> NCSA, University of Illinois, Champaign",3,"MIDnet, Lincoln, NE","BARRnet, Palo Alto",1,5.3137175,"MIDnet, Lincoln, NE | NCSA, University of Illinois, Champaign | Merit Univ of Michigan, Ann Arbor | BARRnet, Palo Alto","MIDnet, Lincoln, NE->NCSA, University of Illinois, Champaign | NCSA, University of Illinois, Champaign->Merit Univ of Michigan, Ann Arbor | Merit Univ of Michigan, Ann Arbor->BARRnet, Palo Alto",1
24,nsfnet,7,1.0,moving_average,critical_failure_fixed,"NCSA, University of Illinois, Champaign -> Merit Univ of Michigan, Ann Arbor & Merit Univ of Michigan, Ann Arbor -> NCSA, University of Illinois, Champaign",4,"NCSA, University of Illinois, Champaign","BARRnet, Palo Alto",1,5.1270137,"NCSA, University of Illinois, Champaign | Merit Univ of Michigan, Ann Arbor | BARRnet, Palo Alto","NCSA, University of Illinois, Champaign->Merit Univ of Michigan, Ann Arbor | Merit Univ of Michigan, Ann Arbor->BARRnet, Palo Alto",1
24,nsfnet,7,1.0,moving_average,critical_failure_fixed,"NCSA, University of Illinois, Champaign -> Merit Univ of Michigan, Ann Arbor & Merit Univ of Michigan, Ann Arbor -> NCSA, University of Illinois, Champaign",5,"SURANET, Georgia Tech, Atlanta","Merit Univ of Michigan, Ann Arbor",1,5.0930387,"SURANET, Georgia Tech, Atlanta | SEQSUINET, Rice University, Houston | NCSA, University of Illinois, Champaign | Merit Univ of Michigan, Ann Arbor","SURANET, Georgia Tech, Atlanta->SEQSUINET, Rice University, Houston | SEQSUINET, Rice University, Houston->NCSA, University of Illinois, Champaign | NCSA, University of Illinois, Champaign->Merit Univ of Michigan, Ann Arbor",1
24,nsfnet,7,1.0,moving_average,random_failure_fixed,"Pittsburgh Supercomputer Center -> Merit Univ of Michigan, Ann Arbor & Merit Univ of Michigan, Ann Arbor -> Pittsburgh Supercomputer Center",1,"Jon Von Neumann Center, Princeton, NJ",Pittsburgh Supercomputer Center,1,5.4003341,"Jon Von Neumann Center, Princeton, NJ | Cornell Theory Center, Ithaca NY | Merit Univ of Michigan, Ann Arbor | Pittsburgh Supercomputer Center","Jon Von Neumann Center, Princeton, NJ->Cornell Theory Center, Ithaca NY | Cornell Theory Center, Ithaca NY->Merit Univ of Michigan, Ann Arbor | Merit Univ of Michigan, Ann Arbor->Pittsburgh Supercomputer Center",1
24,nsfnet,7,1.0,moving_average,random_failure_fixed,"Pittsburgh Supercomputer Center -> Merit Univ of Michigan, Ann Arbor & Merit Univ of Michigan, Ann Arbor -> Pittsburgh Supercomputer Center",2,"NorthWestNet, Seattle",Pittsburgh Supercomputer Center,1,5.3519261,"NorthWestNet, Seattle | BARRnet, Palo Alto | Merit Univ of Michigan, Ann Arbor | Pittsburgh Supercomputer Center","NorthWestNet, Seattle->BARRnet, Palo Alto | BARRnet, Palo Alto->Merit Univ of Michigan, Ann Arbor | Merit Univ of Michigan, Ann Arbor->Pittsburgh Supercomputer Center",1
24,nsfnet,7,1.0,moving_average,random_failure_fixed,"Pittsburgh Supercomputer Center -> Merit Univ of Michigan, Ann Arbor & Merit Univ of Michigan, Ann Arbor -> Pittsburgh Supercomputer Center",3,"BARRnet, Palo Alto",Pittsburgh Supercomputer Center,1,5.2677628,"BARRnet, Palo Alto | Merit Univ of Michigan, Ann Arbor | Pittsburgh Supercomputer Center","BARRnet, Palo Alto->Merit Univ of Michigan, Ann Arbor | Merit Univ of Michigan, Ann Arbor->Pittsburgh Supercomputer Center",1
24,nsfnet,7,1.0,moving_average,random_failure_fixed,"Pittsburgh Supercomputer Center -> Merit Univ of Michigan, Ann Arbor & Merit Univ of Michigan, Ann Arbor -> Pittsburgh Supercomputer Center",4,Pittsburgh Supercomputer Center,"Cornell Theory Center, Ithaca NY",1,4.9514022,"Pittsburgh Supercomputer Center | Merit Univ of Michigan, Ann Arbor | Cornell Theory Center, Ithaca NY","Pittsburgh Supercomputer Center->Merit Univ of Michigan, Ann Arbor | Merit Univ of Michigan, Ann Arbor->Cornell Theory Center, Ithaca NY",1
24,nsfnet,7,1.0,moving_average,random_failure_fixed,"Pittsburgh Supercomputer Center -> Merit Univ of Michigan, Ann Arbor & Merit Univ of Michigan, Ann Arbor -> Pittsburgh Supercomputer Center",5,Pittsburgh Supercomputer Center,"MIDnet, Lincoln, NE",1,4.9383633,"Pittsburgh Supercomputer Center | Merit Univ of Michigan, Ann Arbor | NCSA, University of Illinois, Champaign | MIDnet, Lincoln, NE","Pittsburgh Supercomputer Center->Merit Univ of Michigan, Ann Arbor | Merit Univ of Michigan, Ann Arbor->NCSA, University of Illinois, Champaign | NCSA, University of Illinois, Champaign->MIDnet, Lincoln, NE",1
24,nsfnet,7,1.0,linear_autoregressive,critical_failure_fixed,"NCSA, University of Illinois, Champaign -> Merit Univ of Michigan, Ann Arbor & Merit Univ of Michigan, Ann Arbor -> NCSA, University of Illinois, Champaign",1,"MIDnet, Lincoln, NE","BARRnet, Palo Alto",1,5.9602377,"MIDnet, Lincoln, NE | NCSA, University of Illinois, Champaign | Merit Univ of Michigan, Ann Arbor | BARRnet, Palo Alto","MIDnet, Lincoln, NE->NCSA, University of Illinois, Champaign | NCSA, University of Illinois, Champaign->Merit Univ of Michigan, Ann Arbor | Merit Univ of Michigan, Ann Arbor->BARRnet, Palo Alto",1
24,nsfnet,7,1.0,linear_autoregressive,critical_failure_fixed,"NCSA, University of Illinois, Champaign -> Merit Univ of Michigan, Ann Arbor & Merit Univ of Michigan, Ann Arbor -> NCSA, University of Illinois, Champaign",2,"NCSA, University of Illinois, Champaign","BARRnet, Palo Alto",1,5.8867207,"NCSA, University of Illinois, Champaign | Merit Univ of Michigan, Ann Arbor | BARRnet, Palo Alto","NCSA, University of Illinois, Champaign->Merit Univ of Michigan, Ann Arbor | Merit Univ of Michigan, Ann Arbor->BARRnet, Palo Alto",1
24,nsfnet,7,1.0,linear_autoregressive,critical_failure_fixed,"NCSA, University of Illinois, Champaign -> Merit Univ of Michigan, Ann Arbor & Merit Univ of Michigan, Ann Arbor -> NCSA, University of Illinois, Champaign",3,Pittsburgh Supercomputer Center,"MIDnet, Lincoln, NE",1,5.8751225,"Pittsburgh Supercomputer Center | Merit Univ of Michigan, Ann Arbor | NCSA, University of Illinois, Champaign | MIDnet, Lincoln, NE","Pittsburgh Supercomputer Center->Merit Univ of Michigan, Ann Arbor | Merit Univ of Michigan, Ann Arbor->NCSA, University of Illinois, Champaign | NCSA, University of Illinois, Champaign->MIDnet, Lincoln, NE",1
24,nsfnet,7,1.0,linear_autoregressive,critical_failure_fixed,"NCSA, University of Illinois, Champaign -> Merit Univ of Michigan, Ann Arbor & Merit Univ of Michigan, Ann Arbor -> NCSA, University of Illinois, Champaign",4,"NCSA, University of Illinois, Champaign","Merit Univ of Michigan, Ann Arbor",1,5.822686,"NCSA, University of Illinois, Champaign | Merit Univ of Michigan, Ann Arbor","NCSA, University of Illinois, Champaign->Merit Univ of Michigan, Ann Arbor",1
24,nsfnet,7,1.0,linear_autoregressive,critical_failure_fixed,"NCSA, University of Illinois, Champaign -> Merit Univ of Michigan, Ann Arbor & Merit Univ of Michigan, Ann Arbor -> NCSA, University of Illinois, Champaign",5,"MIDnet, Lincoln, NE","Cornell Theory Center, Ithaca NY",1,5.7956774,"MIDnet, Lincoln, NE | NCSA, University of Illinois, Champaign | Merit Univ of Michigan, Ann Arbor | Cornell Theory Center, Ithaca NY","MIDnet, Lincoln, NE->NCSA, University of Illinois, Champaign | NCSA, University of Illinois, Champaign->Merit Univ of Michigan, Ann Arbor | Merit Univ of Michigan, Ann Arbor->Cornell Theory Center, Ithaca NY",1
24,nsfnet,7,1.0,linear_autoregressive,random_failure_fixed,"Pittsburgh Supercomputer Center -> Merit Univ of Michigan, Ann Arbor & Merit Univ of Michigan, Ann Arbor -> Pittsburgh Supercomputer Center",1,"Jon Von Neumann Center, Princeton, NJ",Pittsburgh Supercomputer Center,1,5.9460971,"Jon Von Neumann Center, Princeton, NJ | Cornell Theory Center, Ithaca NY | Merit Univ of Michigan, Ann Arbor | Pittsburgh Supercomputer Center","Jon Von Neumann Center, Princeton, NJ->Cornell Theory Center, Ithaca NY | Cornell Theory Center, Ithaca NY->Merit Univ of Michigan, Ann Arbor | Merit Univ of Michigan, Ann Arbor->Pittsburgh Supercomputer Center",1
24,nsfnet,7,1.0,linear_autoregressive,random_failure_fixed,"Pittsburgh Supercomputer Center -> Merit Univ of Michigan, Ann Arbor & Merit Univ of Michigan, Ann Arbor -> Pittsburgh Supercomputer Center",2,Pittsburgh Supercomputer Center,"MIDnet, Lincoln, NE",1,5.8751225,"Pittsburgh Supercomputer Center | Merit Univ of Michigan, Ann Arbor | NCSA, University of Illinois, Champaign | MIDnet, Lincoln, NE","Pittsburgh Supercomputer Center->Merit Univ of Michigan, Ann Arbor | Merit Univ of Michigan, Ann Arbor->NCSA, University of Illinois, Champaign | NCSA, University of Illinois, Champaign->MIDnet, Lincoln, NE",1
24,nsfnet,7,1.0,linear_autoregressive,random_failure_fixed,"Pittsburgh Supercomputer Center -> Merit Univ of Michigan, Ann Arbor & Merit Univ of Michigan, Ann Arbor -> Pittsburgh Supercomputer Center",3,"NorthWestNet, Seattle",Pittsburgh Supercomputer Center,1,5.7550193,"NorthWestNet, Seattle | BARRnet, Palo Alto | Merit Univ of Michigan, Ann Arbor | Pittsburgh Supercomputer Center","NorthWestNet, Seattle->BARRnet, Palo Alto | BARRnet, Palo Alto->Merit Univ of Michigan, Ann Arbor | Merit Univ of Michigan, Ann Arbor->Pittsburgh Supercomputer Center",1
24,nsfnet,7,1.0,linear_autoregressive,random_failure_fixed,"Pittsburgh Supercomputer Center -> Merit Univ of Michigan, Ann Arbor & Merit Univ of Michigan, Ann Arbor -> Pittsburgh Supercomputer Center",4,"BARRnet, Palo Alto",Pittsburgh Supercomputer Center,1,5.7027853,"BARRnet, Palo Alto | Merit Univ of Michigan, Ann Arbor | Pittsburgh Supercomputer Center","BARRnet, Palo Alto->Merit Univ of Michigan, Ann Arbor | Merit Univ of Michigan, Ann Arbor->Pittsburgh Supercomputer Center",1
24,nsfnet,7,1.0,linear_autoregressive,random_failure_fixed,"Pittsburgh Supercomputer Center -> Merit Univ of Michigan, Ann Arbor & Merit Univ of Michigan, Ann Arbor -> Pittsburgh Supercomputer Center",5,Pittsburgh Supercomputer Center,"SURANET, Georgia Tech, Atlanta",1,5.5185926,"Pittsburgh Supercomputer Center | Merit Univ of Michigan, Ann Arbor | Cornell Theory Center, Ithaca NY | Jon Von Neumann Center, Princeton, NJ | SURANET, Georgia Tech, Atlanta","Pittsburgh Supercomputer Center->Merit Univ of Michigan, Ann Arbor | Merit Univ of Michigan, Ann Arbor->Cornell Theory Center, Ithaca NY | Cornell Theory Center, Ithaca NY->Jon Von Neumann Center, Princeton, NJ | Jon Von Neumann Center, Princeton, NJ->SURANET, Georgia Tech, Atlanta",1
24,nsfnet,7,1.0,lstm,critical_failure_fixed,"NCSA, University of Illinois, Champaign -> Merit Univ of Michigan, Ann Arbor & Merit Univ of Michigan, Ann Arbor -> NCSA, University of Illinois, Champaign",1,"MIDnet, Lincoln, NE","BARRnet, Palo Alto",1,5.3505807,"MIDnet, Lincoln, NE | NCSA, University of Illinois, Champaign | Merit Univ of Michigan, Ann Arbor | BARRnet, Palo Alto","MIDnet, Lincoln, NE->NCSA, University of Illinois, Champaign | NCSA, University of Illinois, Champaign->Merit Univ of Michigan, Ann Arbor | Merit Univ of Michigan, Ann Arbor->BARRnet, Palo Alto",1
24,nsfnet,7,1.0,lstm,critical_failure_fixed,"NCSA, University of Illinois, Champaign -> Merit Univ of Michigan, Ann Arbor & Merit Univ of Michigan, Ann Arbor -> NCSA, University of Illinois, Champaign",2,"NCSA, University of Illinois, Champaign","Merit Univ of Michigan, Ann Arbor",1,5.2914438,"NCSA, University of Illinois, Champaign | Merit Univ of Michigan, Ann Arbor","NCSA, University of Illinois, Champaign->Merit Univ of Michigan, Ann Arbor",1
24,nsfnet,7,1.0,lstm,critical_failure_fixed,"NCSA, University of Illinois, Champaign -> Merit Univ of Michigan, Ann Arbor & Merit Univ of Michigan, Ann Arbor -> NCSA, University of Illinois, Champaign",3,"MIDnet, Lincoln, NE","Cornell Theory Center, Ithaca NY",1,5.2456656,"MIDnet, Lincoln, NE | NCSA, University of Illinois, Champaign | Merit Univ of Michigan, Ann Arbor | Cornell Theory Center, Ithaca NY","MIDnet, Lincoln, NE->NCSA, University of Illinois, Champaign | NCSA, University of Illinois, Champaign->Merit Univ of Michigan, Ann Arbor | Merit Univ of Michigan, Ann Arbor->Cornell Theory Center, Ithaca NY",1
24,nsfnet,7,1.0,lstm,critical_failure_fixed,"NCSA, University of Illinois, Champaign -> Merit Univ of Michigan, Ann Arbor & Merit Univ of Michigan, Ann Arbor -> NCSA, University of Illinois, Champaign",4,"NCSA, University of Illinois, Champaign","BARRnet, Palo Alto",1,5.2050643,"NCSA, University of Illinois, Champaign | Merit Univ of Michigan, Ann Arbor | BARRnet, Palo Alto","NCSA, University of Illinois, Champaign->Merit Univ of Michigan, Ann Arbor | Merit Univ of Michigan, Ann Arbor->BARRnet, Palo Alto",1
24,nsfnet,7,1.0,lstm,critical_failure_fixed,"NCSA, University of Illinois, Champaign -> Merit Univ of Michigan, Ann Arbor & Merit Univ of Michigan, Ann Arbor -> NCSA, University of Illinois, Champaign",5,Pittsburgh Supercomputer Center,"MIDnet, Lincoln, NE",1,5.0236282,"Pittsburgh Supercomputer Center | Merit Univ of Michigan, Ann Arbor | NCSA, University of Illinois, Champaign | MIDnet, Lincoln, NE","Pittsburgh Supercomputer Center->Merit Univ of Michigan, Ann Arbor | Merit Univ of Michigan, Ann Arbor->NCSA, University of Illinois, Champaign | NCSA, University of Illinois, Champaign->MIDnet, Lincoln, NE",1
24,nsfnet,7,1.0,lstm,random_failure_fixed,"Pittsburgh Supercomputer Center -> Merit Univ of Michigan, Ann Arbor & Merit Univ of Michigan, Ann Arbor -> Pittsburgh Supercomputer Center",1,"Jon Von Neumann Center, Princeton, NJ",Pittsburgh Supercomputer Center,1,5.4698563,"Jon Von Neumann Center, Princeton, NJ | Cornell Theory Center, Ithaca NY | Merit Univ of Michigan, Ann Arbor | Pittsburgh Supercomputer Center","Jon Von Neumann Center, Princeton, NJ->Cornell Theory Center, Ithaca NY | Cornell Theory Center, Ithaca NY->Merit Univ of Michigan, Ann Arbor | Merit Univ of Michigan, Ann Arbor->Pittsburgh Supercomputer Center",1
24,nsfnet,7,1.0,lstm,random_failure_fixed,"Pittsburgh Supercomputer Center -> Merit Univ of Michigan, Ann Arbor & Merit Univ of Michigan, Ann Arbor -> Pittsburgh Supercomputer Center",2,"NorthWestNet, Seattle",Pittsburgh Supercomputer Center,1,5.183609,"NorthWestNet, Seattle | BARRnet, Palo Alto | Merit Univ of Michigan, Ann Arbor | Pittsburgh Supercomputer Center","NorthWestNet, Seattle->BARRnet, Palo Alto | BARRnet, Palo Alto->Merit Univ of Michigan, Ann Arbor | Merit Univ of Michigan, Ann Arbor->Pittsburgh Supercomputer Center",1
24,nsfnet,7,1.0,lstm,random_failure_fixed,"Pittsburgh Supercomputer Center -> Merit Univ of Michigan, Ann Arbor & Merit Univ of Michigan, Ann Arbor -> Pittsburgh Supercomputer Center",3,"BARRnet, Palo Alto",Pittsburgh Supercomputer Center,1,5.122508,"BARRnet, Palo Alto | Merit Univ of Michigan, Ann Arbor | Pittsburgh Supercomputer Center","BARRnet, Palo Alto->Merit Univ of Michigan, Ann Arbor | Merit Univ of Michigan, Ann Arbor->Pittsburgh Supercomputer Center",1
24,nsfnet,7,1.0,lstm,random_failure_fixed,"Pittsburgh Supercomputer Center -> Merit Univ of Michigan, Ann Arbor & Merit Univ of Michigan, Ann Arbor -> Pittsburgh Supercomputer Center",4,Pittsburgh Supercomputer Center,"MIDnet, Lincoln, NE",1,5.0236282,"Pittsburgh Supercomputer Center | Merit Univ of Michigan, Ann Arbor | NCSA, University of Illinois, Champaign | MIDnet, Lincoln, NE","Pittsburgh Supercomputer Center->Merit Univ of Michigan, Ann Arbor | Merit Univ of Michigan, Ann Arbor->NCSA, University of Illinois, Champaign | NCSA, University of Illinois, Champaign->MIDnet, Lincoln, NE",1
24,nsfnet,7,1.0,lstm,random_failure_fixed,"Pittsburgh Supercomputer Center -> Merit Univ of Michigan, Ann Arbor & Merit Univ of Michigan, Ann Arbor -> Pittsburgh Supercomputer Center",5,Pittsburgh Supercomputer Center,"SURANET, Georgia Tech, Atlanta",1,4.9717717,"Pittsburgh Supercomputer Center | Merit Univ of Michigan, Ann Arbor | Cornell Theory Center, Ithaca NY | Jon Von Neumann Center, Princeton, NJ | SURANET, Georgia Tech, Atlanta","Pittsburgh Supercomputer Center->Merit Univ of Michigan, Ann Arbor | Merit Univ of Michigan, Ann Arbor->Cornell Theory Center, Ithaca NY | Cornell Theory Center, Ithaca NY->Jon Von Neumann Center, Princeton, NJ | Jon Von Neumann Center, Princeton, NJ->SURANET, Georgia Tech, Atlanta",1
24,nsfnet,7,1.0,transformer,critical_failure_fixed,"NCSA, University of Illinois, Champaign -> Merit Univ of Michigan, Ann Arbor & Merit Univ of Michigan, Ann Arbor -> NCSA, University of Illinois, Champaign",1,"MIDnet, Lincoln, NE","BARRnet, Palo Alto",1,5.8251143,"MIDnet, Lincoln, NE | NCSA, University of Illinois, Champaign | Merit Univ of Michigan, Ann Arbor | BARRnet, Palo Alto","MIDnet, Lincoln, NE->NCSA, University of Illinois, Champaign | NCSA, University of Illinois, Champaign->Merit Univ of Michigan, Ann Arbor | Merit Univ of Michigan, Ann Arbor->BARRnet, Palo Alto",1
24,nsfnet,7,1.0,transformer,critical_failure_fixed,"NCSA, University of Illinois, Champaign -> Merit Univ of Michigan, Ann Arbor & Merit Univ of Michigan, Ann Arbor -> NCSA, University of Illinois, Champaign",2,"NCSA, University of Illinois, Champaign","Merit Univ of Michigan, Ann Arbor",1,5.7523437,"NCSA, University of Illinois, Champaign | Merit Univ of Michigan, Ann Arbor","NCSA, University of Illinois, Champaign->Merit Univ of Michigan, Ann Arbor",1
24,nsfnet,7,1.0,transformer,critical_failure_fixed,"NCSA, University of Illinois, Champaign -> Merit Univ of Michigan, Ann Arbor & Merit Univ of Michigan, Ann Arbor -> NCSA, University of Illinois, Champaign",3,"NCSA, University of Illinois, Champaign","BARRnet, Palo Alto",1,5.6327119,"NCSA, University of Illinois, Champaign | Merit Univ of Michigan, Ann Arbor | BARRnet, Palo Alto","NCSA, University of Illinois, Champaign->Merit Univ of Michigan, Ann Arbor | Merit Univ of Michigan, Ann Arbor->BARRnet, Palo Alto",1
24,nsfnet,7,1.0,transformer,critical_failure_fixed,"NCSA, University of Illinois, Champaign -> Merit Univ of Michigan, Ann Arbor & Merit Univ of Michigan, Ann Arbor -> NCSA, University of Illinois, Champaign",4,"MIDnet, Lincoln, NE","Cornell Theory Center, Ithaca NY",1,5.6309848,"MIDnet, Lincoln, NE | NCSA, University of Illinois, Champaign | Merit Univ of Michigan, Ann Arbor | Cornell Theory Center, Ithaca NY","MIDnet, Lincoln, NE->NCSA, University of Illinois, Champaign | NCSA, University of Illinois, Champaign->Merit Univ of Michigan, Ann Arbor | Merit Univ of Michigan, Ann Arbor->Cornell Theory Center, Ithaca NY",1
24,nsfnet,7,1.0,transformer,critical_failure_fixed,"NCSA, University of Illinois, Champaign -> Merit Univ of Michigan, Ann Arbor & Merit Univ of Michigan, Ann Arbor -> NCSA, University of Illinois, Champaign",5,Pittsburgh Supercomputer Center,"MIDnet, Lincoln, NE",1,5.4656844,"Pittsburgh Supercomputer Center | Merit Univ of Michigan, Ann Arbor | NCSA, University of Illinois, Champaign | MIDnet, Lincoln, NE","Pittsburgh Supercomputer Center->Merit Univ of Michigan, Ann Arbor | Merit Univ of Michigan, Ann Arbor->NCSA, University of Illinois, Champaign | NCSA, University of Illinois, Champaign->MIDnet, Lincoln, NE",1
24,nsfnet,7,1.0,transformer,random_failure_fixed,"Pittsburgh Supercomputer Center -> Merit Univ of Michigan, Ann Arbor & Merit Univ of Michigan, Ann Arbor -> Pittsburgh Supercomputer Center",1,"Jon Von Neumann Center, Princeton, NJ",Pittsburgh Supercomputer Center,1,5.8678737,"Jon Von Neumann Center, Princeton, NJ | Cornell Theory Center, Ithaca NY | Merit Univ of Michigan, Ann Arbor | Pittsburgh Supercomputer Center","Jon Von Neumann Center, Princeton, NJ->Cornell Theory Center, Ithaca NY | Cornell Theory Center, Ithaca NY->Merit Univ of Michigan, Ann Arbor | Merit Univ of Michigan, Ann Arbor->Pittsburgh Supercomputer Center",1
24,nsfnet,7,1.0,transformer,random_failure_fixed,"Pittsburgh Supercomputer Center -> Merit Univ of Michigan, Ann Arbor & Merit Univ of Michigan, Ann Arbor -> Pittsburgh Supercomputer Center",2,"NorthWestNet, Seattle",Pittsburgh Supercomputer Center,1,5.6303258,"NorthWestNet, Seattle | BARRnet, Palo Alto | Merit Univ of Michigan, Ann Arbor | Pittsburgh Supercomputer Center","NorthWestNet, Seattle->BARRnet, Palo Alto | BARRnet, Palo Alto->Merit Univ of Michigan, Ann Arbor | Merit Univ of Michigan, Ann Arbor->Pittsburgh Supercomputer Center",1
24,nsfnet,7,1.0,transformer,random_failure_fixed,"Pittsburgh Supercomputer Center -> Merit Univ of Michigan, Ann Arbor & Merit Univ of Michigan, Ann Arbor -> Pittsburgh Supercomputer Center",3,Pittsburgh Supercomputer Center,"MIDnet, Lincoln, NE",1,5.4656844,"Pittsburgh Supercomputer Center | Merit Univ of Michigan, Ann Arbor | NCSA, University of Illinois, Champaign | MIDnet, Lincoln, NE","Pittsburgh Supercomputer Center->Merit Univ of Michigan, Ann Arbor | Merit Univ of Michigan, Ann Arbor->NCSA, University of Illinois, Champaign | NCSA, University of Illinois, Champaign->MIDnet, Lincoln, NE",1
24,nsfnet,7,1.0,transformer,random_failure_fixed,"Pittsburgh Supercomputer Center -> Merit Univ of Michigan, Ann Arbor & Merit Univ of Michigan, Ann Arbor -> Pittsburgh Supercomputer Center",4,"BARRnet, Palo Alto",Pittsburgh Supercomputer Center,1,5.4629412,"BARRnet, Palo Alto | Merit Univ of Michigan, Ann Arbor | Pittsburgh Supercomputer Center","BARRnet, Palo Alto->Merit Univ of Michigan, Ann Arbor | Merit Univ of Michigan, Ann Arbor->Pittsburgh Supercomputer Center",1
24,nsfnet,7,1.0,transformer,random_failure_fixed,"Pittsburgh Supercomputer Center -> Merit Univ of Michigan, Ann Arbor & Merit Univ of Michigan, Ann Arbor -> Pittsburgh Supercomputer Center",5,Pittsburgh Supercomputer Center,"SURANET, Georgia Tech, Atlanta",1,5.3822498,"Pittsburgh Supercomputer Center | Merit Univ of Michigan, Ann Arbor | Cornell Theory Center, Ithaca NY | Jon Von Neumann Center, Princeton, NJ | SURANET, Georgia Tech, Atlanta","Pittsburgh Supercomputer Center->Merit Univ of Michigan, Ann Arbor | Merit Univ of Michigan, Ann Arbor->Cornell Theory Center, Ithaca NY | Cornell Theory Center, Ithaca NY->Jon Von Neumann Center, Princeton, NJ | Jon Von Neumann Center, Princeton, NJ->SURANET, Georgia Tech, Atlanta",1
25,nsfnet,7,1.0,moving_average,critical_failure_fixed,"NCSA, University of Illinois, Champaign -> Merit Univ of Michigan, Ann Arbor & Merit Univ of Michigan, Ann Arbor -> NCSA, University of Illinois, Champaign",1,"NCSA, University of Illinois, Champaign","Merit Univ of Michigan, Ann Arbor",1,6.1324478,"NCSA, University of Illinois, Champaign | Merit Univ of Michigan, Ann Arbor","NCSA, University of Illinois, Champaign->Merit Univ of Michigan, Ann Arbor",1
25,nsfnet,7,1.0,moving_average,critical_failure_fixed,"NCSA, University of Illinois, Champaign -> Merit Univ of Michigan, Ann Arbor & Merit Univ of Michigan, Ann Arbor -> NCSA, University of Illinois, Champaign",2,"MIDnet, Lincoln, NE","BARRnet, Palo Alto",1,6.0658878,"MIDnet, Lincoln, NE | NCSA, University of Illinois, Champaign | Merit Univ of Michigan, Ann Arbor | BARRnet, Palo Alto","MIDnet, Lincoln, NE->NCSA, University of Illinois, Champaign | NCSA, University of Illinois, Champaign->Merit Univ of Michigan, Ann Arbor | Merit Univ of Michigan, Ann Arbor->BARRnet, Palo Alto",1
25,nsfnet,7,1.0,moving_average,critical_failure_fixed,"NCSA, University of Illinois, Champaign -> Merit Univ of Michigan, Ann Arbor & Merit Univ of Michigan, Ann Arbor -> NCSA, University of Illinois, Champaign",3,"MIDnet, Lincoln, NE","Cornell Theory Center, Ithaca NY",1,6.0170812,"MIDnet, Lincoln, NE | NCSA, University of Illinois, Champaign | Merit Univ of Michigan, Ann Arbor | Cornell Theory Center, Ithaca NY","MIDnet, Lincoln, NE->NCSA, University of Illinois, Champaign | NCSA, University of Illinois, Champaign->Merit Univ of Michigan, Ann Arbor | Merit Univ of Michigan, Ann Arbor->Cornell Theory Center, Ithaca NY",1
25,nsfnet,7,1.0,moving_average,critical_failure_fixed,"NCSA, University of Illinois, Champaign -> Merit Univ of Michigan, Ann Arbor & Merit Univ of Michigan, Ann Arbor -> NCSA, University of Illinois, Champaign",4,"NCSA, University of Illinois, Champaign","BARRnet, Palo Alto",1,5.8993742,"NCSA, University of Illinois, Champaign | Merit Univ of Michigan, Ann Arbor | BARRnet, Palo Alto","NCSA, University of Illinois, Champaign->Merit Univ of Michigan, Ann Arbor | Merit Univ of Michigan, Ann Arbor->BARRnet, Palo Alto",1
25,nsfnet,7,1.0,moving_average,critical_failure_fixed,"NCSA, University of Illinois, Champaign -> Merit Univ of Michigan, Ann Arbor & Merit Univ of Michigan, Ann Arbor -> NCSA, University of Illinois, Champaign",5,"SURANET, Georgia Tech, Atlanta","Merit Univ of Michigan, Ann Arbor",1,5.6222945,"SURANET, Georgia Tech, Atlanta | SEQSUINET, Rice University, Houston | NCSA, University of Illinois, Champaign | Merit Univ of Michigan, Ann Arbor","SURANET, Georgia Tech, Atlanta->SEQSUINET, Rice University, Houston | SEQSUINET, Rice University, Houston->NCSA, University of Illinois, Champaign | NCSA, University of Illinois, Champaign->Merit Univ of Michigan, Ann Arbor",1
25,nsfnet,7,1.0,moving_average,random_failure_fixed,"NorthWestNet, Seattle -> NCAR, Boulder & NCAR, Boulder -> NorthWestNet, Seattle",1,San Diego Supercomputer Center,"NCAR, Boulder",1,6.2278007,"San Diego Supercomputer Center | BARRnet, Palo Alto | NorthWestNet, Seattle | NCAR, Boulder","San Diego Supercomputer Center->BARRnet, Palo Alto | BARRnet, Palo Alto->NorthWestNet, Seattle | NorthWestNet, Seattle->NCAR, Boulder",1
25,nsfnet,7,1.0,moving_average,random_failure_fixed,"NorthWestNet, Seattle -> NCAR, Boulder & NCAR, Boulder -> NorthWestNet, Seattle",2,"Westnet, Salt Lake City",San Diego Supercomputer Center,1,5.7887553,"Westnet, Salt Lake City | NCAR, Boulder | NorthWestNet, Seattle | BARRnet, Palo Alto | San Diego Supercomputer Center","Westnet, Salt Lake City->NCAR, Boulder | NCAR, Boulder->NorthWestNet, Seattle | NorthWestNet, Seattle->BARRnet, Palo Alto | BARRnet, Palo Alto->San Diego Supercomputer Center",1
25,nsfnet,7,1.0,moving_average,random_failure_fixed,"NorthWestNet, Seattle -> NCAR, Boulder & NCAR, Boulder -> NorthWestNet, Seattle",3,"NorthWestNet, Seattle","NCSA, University of Illinois, Champaign",1,5.6928343,"NorthWestNet, Seattle | NCAR, Boulder | NCSA, University of Illinois, Champaign","NorthWestNet, Seattle->NCAR, Boulder | NCAR, Boulder->NCSA, University of Illinois, Champaign",1
25,nsfnet,7,1.0,moving_average,random_failure_fixed,"NorthWestNet, Seattle -> NCAR, Boulder & NCAR, Boulder -> NorthWestNet, Seattle",4,"NorthWestNet, Seattle","MIDnet, Lincoln, NE",1,5.5656003,"NorthWestNet, Seattle | NCAR, Boulder | NCSA, University of Illinois, Champaign | MIDnet, Lincoln, NE","NorthWestNet, Seattle->NCAR, Boulder | NCAR, Boulder->NCSA, University of Illinois, Champaign | NCSA, University of Illinois, Champaign->MIDnet, Lincoln, NE",1
25,nsfnet,7,1.0,moving_average,random_failure_fixed,"NorthWestNet, Seattle -> NCAR, Boulder & NCAR, Boulder -> NorthWestNet, Seattle",5,"NCAR, Boulder","NorthWestNet, Seattle",1,5.4229692,"NCAR, Boulder | NorthWestNet, Seattle","NCAR, Boulder->NorthWestNet, Seattle",1
25,nsfnet,7,1.0,linear_autoregressive,critical_failure_fixed,"NCSA, University of Illinois, Champaign -> Merit Univ of Michigan, Ann Arbor & Merit Univ of Michigan, Ann Arbor -> NCSA, University of Illinois, Champaign",1,"NCSA, University of Illinois, Champaign","Merit Univ of Michigan, Ann Arbor",1,7.0912671,"NCSA, University of Illinois, Champaign | Merit Univ of Michigan, Ann Arbor","NCSA, University of Illinois, Champaign->Merit Univ of Michigan, Ann Arbor",1
25,nsfnet,7,1.0,linear_autoregressive,critical_failure_fixed,"NCSA, University of Illinois, Champaign -> Merit Univ of Michigan, Ann Arbor & Merit Univ of Michigan, Ann Arbor -> NCSA, University of Illinois, Champaign",2,"MIDnet, Lincoln, NE","BARRnet, Palo Alto",1,6.9560915,"MIDnet, Lincoln, NE | NCSA, University of Illinois, Champaign | Merit Univ of Michigan, Ann Arbor | BARRnet, Palo Alto","MIDnet, Lincoln, NE->NCSA, University of Illinois, Champaign | NCSA, University of Illinois, Champaign->Merit Univ of Michigan, Ann Arbor | Merit Univ of Michigan, Ann Arbor->BARRnet, Palo Alto",1
25,nsfnet,7,1.0,linear_autoregressive,critical_failure_fixed,"NCSA, University of Illinois, Champaign -> Merit Univ of Michigan, Ann Arbor & Merit Univ of Michigan, Ann Arbor -> NCSA, University of Illinois, Champaign",3,"MIDnet, Lincoln, NE","Cornell Theory Center, Ithaca NY",1,6.7745632,"MIDnet, Lincoln, NE | NCSA, University of Illinois, Champaign | Merit Univ of Michigan, Ann Arbor | Cornell Theory Center, Ithaca NY","MIDnet, Lincoln, NE->NCSA, University of Illinois, Champaign | NCSA, University of Illinois, Champaign->Merit Univ of Michigan, Ann Arbor | Merit Univ of Michigan, Ann Arbor->Cornell Theory Center, Ithaca NY",1
25,nsfnet,7,1.0,linear_autoregressive,critical_failure_fixed,"NCSA, University of Illinois, Champaign -> Merit Univ of Michigan, Ann Arbor & Merit Univ of Michigan, Ann Arbor -> NCSA, University of Illinois, Champaign",4,"NCSA, University of Illinois, Champaign","BARRnet, Palo Alto",1,6.7623696,"NCSA, University of Illinois, Champaign | Merit Univ of Michigan, Ann Arbor | BARRnet, Palo Alto","NCSA, University of Illinois, Champaign->Merit Univ of Michigan, Ann Arbor | Merit Univ of Michigan, Ann Arbor->BARRnet, Palo Alto",1
25,nsfnet,7,1.0,linear_autoregressive,critical_failure_fixed,"NCSA, University of Illinois, Champaign -> Merit Univ of Michigan, Ann Arbor & Merit Univ of Michigan, Ann Arbor -> NCSA, University of Illinois, Champaign",5,"Westnet, Salt Lake City","Merit Univ of Michigan, Ann Arbor",1,6.4535084,"Westnet, Salt Lake City | NCAR, Boulder | NCSA, University of Illinois, Champaign | Merit Univ of Michigan, Ann Arbor","Westnet, Salt Lake City->NCAR, Boulder | NCAR, Boulder->NCSA, University of Illinois, Champaign | NCSA, University of Illinois, Champaign->Merit Univ of Michigan, Ann Arbor",1
25,nsfnet,7,1.0,linear_autoregressive,random_failure_fixed,"NorthWestNet, Seattle -> NCAR, Boulder & NCAR, Boulder -> NorthWestNet, Seattle",1,San Diego Supercomputer Center,"NCAR, Boulder",1,6.9641799,"San Diego Supercomputer Center | BARRnet, Palo Alto | NorthWestNet, Seattle | NCAR, Boulder","San Diego Supercomputer Center->BARRnet, Palo Alto | BARRnet, Palo Alto->NorthWestNet, Seattle | NorthWestNet, Seattle->NCAR, Boulder",1
25,nsfnet,7,1.0,linear_autoregressive,random_failure_fixed,"NorthWestNet, Seattle -> NCAR, Boulder & NCAR, Boulder -> NorthWestNet, Seattle",2,"NorthWestNet, Seattle","NCSA, University of Illinois, Champaign",1,6.807521,"NorthWestNet, Seattle | NCAR, Boulder | NCSA, University of Illinois, Champaign","NorthWestNet, Seattle->NCAR, Boulder | NCAR, Boulder->NCSA, University of Illinois, Champaign",1
25,nsfnet,7,1.0,linear_autoregressive,random_failure_fixed,"NorthWestNet, Seattle -> NCAR, Boulder & NCAR, Boulder -> NorthWestNet, Seattle",3,"Westnet, Salt Lake City",San Diego Supercomputer Center,1,6.4929938,"Westnet, Salt Lake City | NCAR, Boulder | NorthWestNet, Seattle | BARRnet, Palo Alto | San Diego Supercomputer Center","Westnet, Salt Lake City->NCAR, Boulder | NCAR, Boulder->NorthWestNet, Seattle | NorthWestNet, Seattle->BARRnet, Palo Alto | BARRnet, Palo Alto->San Diego Supercomputer Center",1
25,nsfnet,7,1.0,linear_autoregressive,random_failure_fixed,"NorthWestNet, Seattle -> NCAR, Boulder & NCAR, Boulder -> NorthWestNet, Seattle",4,"NorthWestNet, Seattle","MIDnet, Lincoln, NE",1,6.3708295,"NorthWestNet, Seattle | NCAR, Boulder | NCSA, University of Illinois, Champaign | MIDnet, Lincoln, NE","NorthWestNet, Seattle->NCAR, Boulder | NCAR, Boulder->NCSA, University of Illinois, Champaign | NCSA, University of Illinois, Champaign->MIDnet, Lincoln, NE",1
25,nsfnet,7,1.0,linear_autoregressive,random_failure_fixed,"NorthWestNet, Seattle -> NCAR, Boulder & NCAR, Boulder -> NorthWestNet, Seattle",5,"NCAR, Boulder","NorthWestNet, Seattle",1,6.1544615,"NCAR, Boulder | NorthWestNet, Seattle","NCAR, Boulder->NorthWestNet, Seattle",1
25,nsfnet,7,1.0,lstm,critical_failure_fixed,"NCSA, University of Illinois, Champaign -> Merit Univ of Michigan, Ann Arbor & Merit Univ of Michigan, Ann Arbor -> NCSA, University of Illinois, Champaign",1,"MIDnet, Lincoln, NE","BARRnet, Palo Alto",1,5.3505807,"MIDnet, Lincoln, NE | NCSA, University of Illinois, Champaign | Merit Univ of Michigan, Ann Arbor | BARRnet, Palo Alto","MIDnet, Lincoln, NE->NCSA, University of Illinois, Champaign | NCSA, University of Illinois, Champaign->Merit Univ of Michigan, Ann Arbor | Merit Univ of Michigan, Ann Arbor->BARRnet, Palo Alto",1
25,nsfnet,7,1.0,lstm,critical_failure_fixed,"NCSA, University of Illinois, Champaign -> Merit Univ of Michigan, Ann Arbor & Merit Univ of Michigan, Ann Arbor -> NCSA, University of Illinois, Champaign",2,"NCSA, University of Illinois, Champaign","Merit Univ of Michigan, Ann Arbor",1,5.2914438,"NCSA, University of Illinois, Champaign | Merit Univ of Michigan, Ann Arbor","NCSA, University of Illinois, Champaign->Merit Univ of Michigan, Ann Arbor",1
25,nsfnet,7,1.0,lstm,critical_failure_fixed,"NCSA, University of Illinois, Champaign -> Merit Univ of Michigan, Ann Arbor & Merit Univ of Michigan, Ann Arbor -> NCSA, University of Illinois, Champaign",3,"MIDnet, Lincoln, NE","Cornell Theory Center, Ithaca NY",1,5.2456656,"MIDnet, Lincoln, NE | NCSA, University of Illinois, Champaign | Merit Univ of Michigan, Ann Arbor | Cornell Theory Center, Ithaca NY","MIDnet, Lincoln, NE->NCSA, University of Illinois, Champaign | NCSA, University of Illinois, Champaign->Merit Univ of Michigan, Ann Arbor | Merit Univ of Michigan, Ann Arbor->Cornell Theory Center, Ithaca NY",1
25,nsfnet,7,1.0,lstm,critical_failure_fixed,"NCSA, University of Illinois, Champaign -> Merit Univ of Michigan, Ann Arbor & Merit Univ of Michigan, Ann Arbor -> NCSA, University of Illinois, Champaign",4,"NCSA, University of Illinois, Champaign","BARRnet, Palo Alto",1,5.2050643,"NCSA, University of Illinois, Champaign | Merit Univ of Michigan, Ann Arbor | BARRnet, Palo Alto","NCSA, University of Illinois, Champaign->Merit Univ of Michigan, Ann Arbor | Merit Univ of Michigan, Ann Arbor->BARRnet, Palo Alto",1
25,nsfnet,7,1.0,lstm,critical_failure_fixed,"NCSA, University of Illinois, Champaign -> Merit Univ of Michigan, Ann Arbor & Merit Univ of Michigan, Ann Arbor -> NCSA, University of Illinois, Champaign",5,Pittsburgh Supercomputer Center,"MIDnet, Lincoln, NE",1,5.0236282,"Pittsburgh Supercomputer Center | Merit Univ of Michigan, Ann Arbor | NCSA, University of Illinois, Champaign | MIDnet, Lincoln, NE","Pittsburgh Supercomputer Center->Merit Univ of Michigan, Ann Arbor | Merit Univ of Michigan, Ann Arbor->NCSA, University of Illinois, Champaign | NCSA, University of Illinois, Champaign->MIDnet, Lincoln, NE",1
25,nsfnet,7,1.0,lstm,random_failure_fixed,"NorthWestNet, Seattle -> NCAR, Boulder & NCAR, Boulder -> NorthWestNet, Seattle",1,San Diego Supercomputer Center,"NCAR, Boulder",1,5.3066921,"San Diego Supercomputer Center | BARRnet, Palo Alto | NorthWestNet, Seattle | NCAR, Boulder","San Diego Supercomputer Center->BARRnet, Palo Alto | BARRnet, Palo Alto->NorthWestNet, Seattle | NorthWestNet, Seattle->NCAR, Boulder",1
25,nsfnet,7,1.0,lstm,random_failure_fixed,"NorthWestNet, Seattle -> NCAR, Boulder & NCAR, Boulder -> NorthWestNet, Seattle",2,"NorthWestNet, Seattle","NCSA, University of Illinois, Champaign",1,5.1896391,"NorthWestNet, Seattle | NCAR, Boulder | NCSA, University of Illinois, Champaign","NorthWestNet, Seattle->NCAR, Boulder | NCAR, Boulder->NCSA, University of Illinois, Champaign",1
25,nsfnet,7,1.0,lstm,random_failure_fixed,"NorthWestNet, Seattle -> NCAR, Boulder & NCAR, Boulder -> NorthWestNet, Seattle",3,"Westnet, Salt Lake City",San Diego Supercomputer Center,1,5.0445681,"Westnet, Salt Lake City | NCAR, Boulder | NorthWestNet, Seattle | BARRnet, Palo Alto | San Diego Supercomputer Center","Westnet, Salt Lake City->NCAR, Boulder | NCAR, Boulder->NorthWestNet, Seattle | NorthWestNet, Seattle->BARRnet, Palo Alto | BARRnet, Palo Alto->San Diego Supercomputer Center",1
25,nsfnet,7,1.0,lstm,random_failure_fixed,"NorthWestNet, Seattle -> NCAR, Boulder & NCAR, Boulder -> NorthWestNet, Seattle",4,"NorthWestNet, Seattle","MIDnet, Lincoln, NE",1,4.9510775,"NorthWestNet, Seattle | NCAR, Boulder | NCSA, University of Illinois, Champaign | MIDnet, Lincoln, NE","NorthWestNet, Seattle->NCAR, Boulder | NCAR, Boulder->NCSA, University of Illinois, Champaign | NCSA, University of Illinois, Champaign->MIDnet, Lincoln, NE",1
25,nsfnet,7,1.0,lstm,random_failure_fixed,"NorthWestNet, Seattle -> NCAR, Boulder & NCAR, Boulder -> NorthWestNet, Seattle",5,"Westnet, Salt Lake City","BARRnet, Palo Alto",1,4.6545296,"Westnet, Salt Lake City | NCAR, Boulder | NorthWestNet, Seattle | BARRnet, Palo Alto","Westnet, Salt Lake City->NCAR, Boulder | NCAR, Boulder->NorthWestNet, Seattle | NorthWestNet, Seattle->BARRnet, Palo Alto",1
25,nsfnet,7,1.0,transformer,critical_failure_fixed,"NCSA, University of Illinois, Champaign -> Merit Univ of Michigan, Ann Arbor & Merit Univ of Michigan, Ann Arbor -> NCSA, University of Illinois, Champaign",1,"MIDnet, Lincoln, NE","BARRnet, Palo Alto",1,5.8250947,"MIDnet, Lincoln, NE | NCSA, University of Illinois, Champaign | Merit Univ of Michigan, Ann Arbor | BARRnet, Palo Alto","MIDnet, Lincoln, NE->NCSA, University of Illinois, Champaign | NCSA, University of Illinois, Champaign->Merit Univ of Michigan, Ann Arbor | Merit Univ of Michigan, Ann Arbor->BARRnet, Palo Alto",1
25,nsfnet,7,1.0,transformer,critical_failure_fixed,"NCSA, University of Illinois, Champaign -> Merit Univ of Michigan, Ann Arbor & Merit Univ of Michigan, Ann Arbor -> NCSA, University of Illinois, Champaign",2,"NCSA, University of Illinois, Champaign","Merit Univ of Michigan, Ann Arbor",1,5.7523246,"NCSA, University of Illinois, Champaign | Merit Univ of Michigan, Ann Arbor","NCSA, University of Illinois, Champaign->Merit Univ of Michigan, Ann Arbor",1
25,nsfnet,7,1.0,transformer,critical_failure_fixed,"NCSA, University of Illinois, Champaign -> Merit Univ of Michigan, Ann Arbor & Merit Univ of Michigan, Ann Arbor -> NCSA, University of Illinois, Champaign",3,"NCSA, University of Illinois, Champaign","BARRnet, Palo Alto",1,5.6327052,"NCSA, University of Illinois, Champaign | Merit Univ of Michigan, Ann Arbor | BARRnet, Palo Alto","NCSA, University of Illinois, Champaign->Merit Univ of Michigan, Ann Arbor | Merit Univ of Michigan, Ann Arbor->BARRnet, Palo Alto",1
25,nsfnet,7,1.0,transformer,critical_failure_fixed,"NCSA, University of Illinois, Champaign -> Merit Univ of Michigan, Ann Arbor & Merit Univ of Michigan, Ann Arbor -> NCSA, University of Illinois, Champaign",4,"MIDnet, Lincoln, NE","Cornell Theory Center, Ithaca NY",1,5.6309681,"MIDnet, Lincoln, NE | NCSA, University of Illinois, Champaign | Merit Univ of Michigan, Ann Arbor | Cornell Theory Center, Ithaca NY","MIDnet, Lincoln, NE->NCSA, University of Illinois, Champaign | NCSA, University of Illinois, Champaign->Merit Univ of Michigan, Ann Arbor | Merit Univ of Michigan, Ann Arbor->Cornell Theory Center, Ithaca NY",1
25,nsfnet,7,1.0,transformer,critical_failure_fixed,"NCSA, University of Illinois, Champaign -> Merit Univ of Michigan, Ann Arbor & Merit Univ of Michigan, Ann Arbor -> NCSA, University of Illinois, Champaign",5,Pittsburgh Supercomputer Center,"MIDnet, Lincoln, NE",1,5.4656696,"Pittsburgh Supercomputer Center | Merit Univ of Michigan, Ann Arbor | NCSA, University of Illinois, Champaign | MIDnet, Lincoln, NE","Pittsburgh Supercomputer Center->Merit Univ of Michigan, Ann Arbor | Merit Univ of Michigan, Ann Arbor->NCSA, University of Illinois, Champaign | NCSA, University of Illinois, Champaign->MIDnet, Lincoln, NE",1
25,nsfnet,7,1.0,transformer,random_failure_fixed,"NorthWestNet, Seattle -> NCAR, Boulder & NCAR, Boulder -> NorthWestNet, Seattle",1,San Diego Supercomputer Center,"NCAR, Boulder",1,5.7232733,"San Diego Supercomputer Center | BARRnet, Palo Alto | NorthWestNet, Seattle | NCAR, Boulder","San Diego Supercomputer Center->BARRnet, Palo Alto | BARRnet, Palo Alto->NorthWestNet, Seattle | NorthWestNet, Seattle->NCAR, Boulder",1
25,nsfnet,7,1.0,transformer,random_failure_fixed,"NorthWestNet, Seattle -> NCAR, Boulder & NCAR, Boulder -> NorthWestNet, Seattle",2,"NorthWestNet, Seattle","NCSA, University of Illinois, Champaign",1,5.5945559,"NorthWestNet, Seattle | NCAR, Boulder | NCSA, University of Illinois, Champaign","NorthWestNet, Seattle->NCAR, Boulder | NCAR, Boulder->NCSA, University of Illinois, Champaign",1
25,nsfnet,7,1.0,transformer,random_failure_fixed,"NorthWestNet, Seattle -> NCAR, Boulder & NCAR, Boulder -> NorthWestNet, Seattle",3,"Westnet, Salt Lake City",San Diego Supercomputer Center,1,5.4350982,"Westnet, Salt Lake City | NCAR, Boulder | NorthWestNet, Seattle | BARRnet, Palo Alto | San Diego Supercomputer Center","Westnet, Salt Lake City->NCAR, Boulder | NCAR, Boulder->NorthWestNet, Seattle | NorthWestNet, Seattle->BARRnet, Palo Alto | BARRnet, Palo Alto->San Diego Supercomputer Center",1
25,nsfnet,7,1.0,transformer,random_failure_fixed,"NorthWestNet, Seattle -> NCAR, Boulder & NCAR, Boulder -> NorthWestNet, Seattle",4,"NorthWestNet, Seattle","MIDnet, Lincoln, NE",1,5.3198299,"NorthWestNet, Seattle | NCAR, Boulder | NCSA, University of Illinois, Champaign | MIDnet, Lincoln, NE","NorthWestNet, Seattle->NCAR, Boulder | NCAR, Boulder->NCSA, University of Illinois, Champaign | NCSA, University of Illinois, Champaign->MIDnet, Lincoln, NE",1
25,nsfnet,7,1.0,transformer,random_failure_fixed,"NorthWestNet, Seattle -> NCAR, Boulder & NCAR, Boulder -> NorthWestNet, Seattle",5,"NCAR, Boulder",San Diego Supercomputer Center,1,5.0317564,"NCAR, Boulder | NorthWestNet, Seattle | BARRnet, Palo Alto | San Diego Supercomputer Center","NCAR, Boulder->NorthWestNet, Seattle | NorthWestNet, Seattle->BARRnet, Palo Alto | BARRnet, Palo Alto->San Diego Supercomputer Center",1
26,nsfnet,7,1.0,moving_average,critical_failure_fixed,"NCSA, University of Illinois, Champaign -> Merit Univ of Michigan, Ann Arbor & Merit Univ of Michigan, Ann Arbor -> NCSA, University of Illinois, Champaign",1,"NCSA, University of Illinois, Champaign","Merit Univ of Michigan, Ann Arbor",1,6.8253806,"NCSA, University of Illinois, Champaign | Merit Univ of Michigan, Ann Arbor","NCSA, University of Illinois, Champaign->Merit Univ of Michigan, Ann Arbor",1
26,nsfnet,7,1.0,moving_average,critical_failure_fixed,"NCSA, University of Illinois, Champaign -> Merit Univ of Michigan, Ann Arbor & Merit Univ of Michigan, Ann Arbor -> NCSA, University of Illinois, Champaign",2,"MIDnet, Lincoln, NE","BARRnet, Palo Alto",1,6.8222337,"MIDnet, Lincoln, NE | NCSA, University of Illinois, Champaign | Merit Univ of Michigan, Ann Arbor | BARRnet, Palo Alto","MIDnet, Lincoln, NE->NCSA, University of Illinois, Champaign | NCSA, University of Illinois, Champaign->Merit Univ of Michigan, Ann Arbor | Merit Univ of Michigan, Ann Arbor->BARRnet, Palo Alto",1
26,nsfnet,7,1.0,moving_average,critical_failure_fixed,"NCSA, University of Illinois, Champaign -> Merit Univ of Michigan, Ann Arbor & Merit Univ of Michigan, Ann Arbor -> NCSA, University of Illinois, Champaign",3,"MIDnet, Lincoln, NE","Cornell Theory Center, Ithaca NY",1,6.7132562,"MIDnet, Lincoln, NE | NCSA, University of Illinois, Champaign | Merit Univ of Michigan, Ann Arbor | Cornell Theory Center, Ithaca NY","MIDnet, Lincoln, NE->NCSA, University of Illinois, Champaign | NCSA, University of Illinois, Champaign->Merit Univ of Michigan, Ann Arbor | Merit Univ of Michigan, Ann Arbor->Cornell Theory Center, Ithaca NY",1
26,nsfnet,7,1.0,moving_average,critical_failure_fixed,"NCSA, University of Illinois, Champaign -> Merit Univ of Michigan, Ann Arbor & Merit Univ of Michigan, Ann Arbor -> NCSA, University of Illinois, Champaign",4,"NCSA, University of Illinois, Champaign","BARRnet, Palo Alto",1,6.5335375,"NCSA, University of Illinois, Champaign | Merit Univ of Michigan, Ann Arbor | BARRnet, Palo Alto","NCSA, University of Illinois, Champaign->Merit Univ of Michigan, Ann Arbor | Merit Univ of Michigan, Ann Arbor->BARRnet, Palo Alto",1
26,nsfnet,7,1.0,moving_average,critical_failure_fixed,"NCSA, University of Illinois, Champaign -> Merit Univ of Michigan, Ann Arbor & Merit Univ of Michigan, Ann Arbor -> NCSA, University of Illinois, Champaign",5,Pittsburgh Supercomputer Center,"MIDnet, Lincoln, NE",1,6.1485097,"Pittsburgh Supercomputer Center | Merit Univ of Michigan, Ann Arbor | NCSA, University of Illinois, Champaign | MIDnet, Lincoln, NE","Pittsburgh Supercomputer Center->Merit Univ of Michigan, Ann Arbor | Merit Univ of Michigan, Ann Arbor->NCSA, University of Illinois, Champaign | NCSA, University of Illinois, Champaign->MIDnet, Lincoln, NE",1
26,nsfnet,7,1.0,moving_average,random_failure_fixed,"NCAR, Boulder -> NCSA, University of Illinois, Champaign & NCSA, University of Illinois, Champaign -> NCAR, Boulder",1,"NorthWestNet, Seattle","NCSA, University of Illinois, Champaign",1,6.4819264,"NorthWestNet, Seattle | NCAR, Boulder | NCSA, University of Illinois, Champaign","NorthWestNet, Seattle->NCAR, Boulder | NCAR, Boulder->NCSA, University of Illinois, Champaign",1
26,nsfnet,7,1.0,moving_average,random_failure_fixed,"NCAR, Boulder -> NCSA, University of Illinois, Champaign & NCSA, University of Illinois, Champaign -> NCAR, Boulder",2,"MIDnet, Lincoln, NE","NCAR, Boulder",1,6.271587,"MIDnet, Lincoln, NE | NCSA, University of Illinois, Champaign | NCAR, Boulder","MIDnet, Lincoln, NE->NCSA, University of Illinois, Champaign | NCSA, University of Illinois, Champaign->NCAR, Boulder",1
26,nsfnet,7,1.0,moving_average,random_failure_fixed,"NCAR, Boulder -> NCSA, University of Illinois, Champaign & NCSA, University of Illinois, Champaign -> NCAR, Boulder",3,"NorthWestNet, Seattle","MIDnet, Lincoln, NE",1,6.1813262,"NorthWestNet, Seattle | NCAR, Boulder | NCSA, University of Illinois, Champaign | MIDnet, Lincoln, NE","NorthWestNet, Seattle->NCAR, Boulder | NCAR, Boulder->NCSA, University of Illinois, Champaign | NCSA, University of Illinois, Champaign->MIDnet, Lincoln, NE",1
26,nsfnet,7,1.0,moving_average,random_failure_fixed,"NCAR, Boulder -> NCSA, University of Illinois, Champaign & NCSA, University of Illinois, Champaign -> NCAR, Boulder",4,"SEQSUINET, Rice University, Houston","Westnet, Salt Lake City",1,6.1482464,"SEQSUINET, Rice University, Houston | NCSA, University of Illinois, Champaign | NCAR, Boulder | Westnet, Salt Lake City","SEQSUINET, Rice University, Houston->NCSA, University of Illinois, Champaign | NCSA, University of Illinois, Champaign->NCAR, Boulder | NCAR, Boulder->Westnet, Salt Lake City",1
26,nsfnet,7,1.0,moving_average,random_failure_fixed,"NCAR, Boulder -> NCSA, University of Illinois, Champaign & NCSA, University of Illinois, Champaign -> NCAR, Boulder",5,"Westnet, Salt Lake City","SEQSUINET, Rice University, Houston",1,6.036856,"Westnet, Salt Lake City | NCAR, Boulder | NCSA, University of Illinois, Champaign | SEQSUINET, Rice University, Houston","Westnet, Salt Lake City->NCAR, Boulder | NCAR, Boulder->NCSA, University of Illinois, Champaign | NCSA, University of Illinois, Champaign->SEQSUINET, Rice University, Houston",1
26,nsfnet,7,1.0,linear_autoregressive,critical_failure_fixed,"NCSA, University of Illinois, Champaign -> Merit Univ of Michigan, Ann Arbor & Merit Univ of Michigan, Ann Arbor -> NCSA, University of Illinois, Champaign",1,"MIDnet, Lincoln, NE","BARRnet, Palo Alto",1,7.6970292,"MIDnet, Lincoln, NE | NCSA, University of Illinois, Champaign | Merit Univ of Michigan, Ann Arbor | BARRnet, Palo Alto","MIDnet, Lincoln, NE->NCSA, University of Illinois, Champaign | NCSA, University of Illinois, Champaign->Merit Univ of Michigan, Ann Arbor | Merit Univ of Michigan, Ann Arbor->BARRnet, Palo Alto",1
26,nsfnet,7,1.0,linear_autoregressive,critical_failure_fixed,"NCSA, University of Illinois, Champaign -> Merit Univ of Michigan, Ann Arbor & Merit Univ of Michigan, Ann Arbor -> NCSA, University of Illinois, Champaign",2,"NCSA, University of Illinois, Champaign","Merit Univ of Michigan, Ann Arbor",1,7.6089331,"NCSA, University of Illinois, Champaign | Merit Univ of Michigan, Ann Arbor","NCSA, University of Illinois, Champaign->Merit Univ of Michigan, Ann Arbor",1
26,nsfnet,7,1.0,linear_autoregressive,critical_failure_fixed,"NCSA, University of Illinois, Champaign -> Merit Univ of Michigan, Ann Arbor & Merit Univ of Michigan, Ann Arbor -> NCSA, University of Illinois, Champaign",3,"NCSA, University of Illinois, Champaign","BARRnet, Palo Alto",1,7.4677374,"NCSA, University of Illinois, Champaign | Merit Univ of Michigan, Ann Arbor | BARRnet, Palo Alto","NCSA, University of Illinois, Champaign->Merit Univ of Michigan, Ann Arbor | Merit Univ of Michigan, Ann Arbor->BARRnet, Palo Alto",1
26,nsfnet,7,1.0,linear_autoregressive,critical_failure_fixed,"NCSA, University of Illinois, Champaign -> Merit Univ of Michigan, Ann Arbor & Merit Univ of Michigan, Ann Arbor -> NCSA, University of Illinois, Champaign",4,"MIDnet, Lincoln, NE","Cornell Theory Center, Ithaca NY",1,7.3932575,"MIDnet, Lincoln, NE | NCSA, University of Illinois, Champaign | Merit Univ of Michigan, Ann Arbor | Cornell Theory Center, Ithaca NY","MIDnet, Lincoln, NE->NCSA, University of Illinois, Champaign | NCSA, University of Illinois, Champaign->Merit Univ of Michigan, Ann Arbor | Merit Univ of Michigan, Ann Arbor->Cornell Theory Center, Ithaca NY",1
26,nsfnet,7,1.0,linear_autoregressive,critical_failure_fixed,"NCSA, University of Illinois, Champaign -> Merit Univ of Michigan, Ann Arbor & Merit Univ of Michigan, Ann Arbor -> NCSA, University of Illinois, Champaign",5,"Westnet, Salt Lake City","Merit Univ of Michigan, Ann Arbor",1,7.1301123,"Westnet, Salt Lake City | NCAR, Boulder | NCSA, University of Illinois, Champaign | Merit Univ of Michigan, Ann Arbor","Westnet, Salt Lake City->NCAR, Boulder | NCAR, Boulder->NCSA, University of Illinois, Champaign | NCSA, University of Illinois, Champaign->Merit Univ of Michigan, Ann Arbor",1
26,nsfnet,7,1.0,linear_autoregressive,random_failure_fixed,"NCAR, Boulder -> NCSA, University of Illinois, Champaign & NCSA, University of Illinois, Champaign -> NCAR, Boulder",1,"NorthWestNet, Seattle","NCSA, University of Illinois, Champaign",1,7.4171052,"NorthWestNet, Seattle | NCAR, Boulder | NCSA, University of Illinois, Champaign","NorthWestNet, Seattle->NCAR, Boulder | NCAR, Boulder->NCSA, University of Illinois, Champaign",1
26,nsfnet,7,1.0,linear_autoregressive,random_failure_fixed,"NCAR, Boulder -> NCSA, University of Illinois, Champaign & NCSA, University of Illinois, Champaign -> NCAR, Boulder",2,"Westnet, Salt Lake City","Merit Univ of Michigan, Ann Arbor",1,7.1301123,"Westnet, Salt Lake City | NCAR, Boulder | NCSA, University of Illinois, Champaign | Merit Univ of Michigan, Ann Arbor","Westnet, Salt Lake City->NCAR, Boulder | NCAR, Boulder->NCSA, University of Illinois, Champaign | NCSA, University of Illinois, Champaign->Merit Univ of Michigan, Ann Arbor",1
26,nsfnet,7,1.0,linear_autoregressive,random_failure_fixed,"NCAR, Boulder -> NCSA, University of Illinois, Champaign & NCSA, University of Illinois, Champaign -> NCAR, Boulder",3,"NorthWestNet, Seattle","MIDnet, Lincoln, NE",1,7.0702571,"NorthWestNet, Seattle | NCAR, Boulder | NCSA, University of Illinois, Champaign | MIDnet, Lincoln, NE","NorthWestNet, Seattle->NCAR, Boulder | NCAR, Boulder->NCSA, University of Illinois, Champaign | NCSA, University of Illinois, Champaign->MIDnet, Lincoln, NE",1
26,nsfnet,7,1.0,linear_autoregressive,random_failure_fixed,"NCAR, Boulder -> NCSA, University of Illinois, Champaign & NCSA, University of Illinois, Champaign -> NCAR, Boulder",4,"MIDnet, Lincoln, NE","NCAR, Boulder",1,6.9835565,"MIDnet, Lincoln, NE | NCSA, University of Illinois, Champaign | NCAR, Boulder","MIDnet, Lincoln, NE->NCSA, University of Illinois, Champaign | NCSA, University of Illinois, Champaign->NCAR, Boulder",1
26,nsfnet,7,1.0,linear_autoregressive,random_failure_fixed,"NCAR, Boulder -> NCSA, University of Illinois, Champaign & NCSA, University of Illinois, Champaign -> NCAR, Boulder",5,"Westnet, Salt Lake City","SEQSUINET, Rice University, Houston",1,6.9512906,"Westnet, Salt Lake City | NCAR, Boulder | NCSA, University of Illinois, Champaign | SEQSUINET, Rice University, Houston","Westnet, Salt Lake City->NCAR, Boulder | NCAR, Boulder->NCSA, University of Illinois, Champaign | NCSA, University of Illinois, Champaign->SEQSUINET, Rice University, Houston",1
26,nsfnet,7,1.0,lstm,critical_failure_fixed,"NCSA, University of Illinois, Champaign -> Merit Univ of Michigan, Ann Arbor & Merit Univ of Michigan, Ann Arbor -> NCSA, University of Illinois, Champaign",1,"MIDnet, Lincoln, NE","BARRnet, Palo Alto",1,5.3505807,"MIDnet, Lincoln, NE | NCSA, University of Illinois, Champaign | Merit Univ of Michigan, Ann Arbor | BARRnet, Palo Alto","MIDnet, Lincoln, NE->NCSA, University of Illinois, Champaign | NCSA, University of Illinois, Champaign->Merit Univ of Michigan, Ann Arbor | Merit Univ of Michigan, Ann Arbor->BARRnet, Palo Alto",1
26,nsfnet,7,1.0,lstm,critical_failure_fixed,"NCSA, University of Illinois, Champaign -> Merit Univ of Michigan, Ann Arbor & Merit Univ of Michigan, Ann Arbor -> NCSA, University of Illinois, Champaign",2,"NCSA, University of Illinois, Champaign","Merit Univ of Michigan, Ann Arbor",1,5.2914438,"NCSA, University of Illinois, Champaign | Merit Univ of Michigan, Ann Arbor","NCSA, University of Illinois, Champaign->Merit Univ of Michigan, Ann Arbor",1
26,nsfnet,7,1.0,lstm,critical_failure_fixed,"NCSA, University of Illinois, Champaign -> Merit Univ of Michigan, Ann Arbor & Merit Univ of Michigan, Ann Arbor -> NCSA, University of Illinois, Champaign",3,"MIDnet, Lincoln, NE","Cornell Theory Center, Ithaca NY",1,5.2456656,"MIDnet, Lincoln, NE | NCSA, University of Illinois, Champaign | Merit Univ of Michigan, Ann Arbor | Cornell Theory Center, Ithaca NY","MIDnet, Lincoln, NE->NCSA, University of Illinois, Champaign | NCSA, University of Illinois, Champaign->Merit Univ of Michigan, Ann Arbor | Merit Univ of Michigan, Ann Arbor->Cornell Theory Center, Ithaca NY",1
26,nsfnet,7,1.0,lstm,critical_failure_fixed,"NCSA, University of Illinois, Champaign -> Merit Univ of Michigan, Ann Arbor & Merit Univ of Michigan, Ann Arbor -> NCSA, University of Illinois, Champaign",4,"NCSA, University of Illinois, Champaign","BARRnet, Palo Alto",1,5.2050643,"NCSA, University of Illinois, Champaign | Merit Univ of Michigan, Ann Arbor | BARRnet, Palo Alto","NCSA, University of Illinois, Champaign->Merit Univ of Michigan, Ann Arbor | Merit Univ of Michigan, Ann Arbor->BARRnet, Palo Alto",1
26,nsfnet,7,1.0,lstm,critical_failure_fixed,"NCSA, University of Illinois, Champaign -> Merit Univ of Michigan, Ann Arbor & Merit Univ of Michigan, Ann Arbor -> NCSA, University of Illinois, Champaign",5,Pittsburgh Supercomputer Center,"MIDnet, Lincoln, NE",1,5.0236282,"Pittsburgh Supercomputer Center | Merit Univ of Michigan, Ann Arbor | NCSA, University of Illinois, Champaign | MIDnet, Lincoln, NE","Pittsburgh Supercomputer Center->Merit Univ of Michigan, Ann Arbor | Merit Univ of Michigan, Ann Arbor->NCSA, University of Illinois, Champaign | NCSA, University of Illinois, Champaign->MIDnet, Lincoln, NE",1
26,nsfnet,7,1.0,lstm,random_failure_fixed,"NCAR, Boulder -> NCSA, University of Illinois, Champaign & NCSA, University of Illinois, Champaign -> NCAR, Boulder",1,"NorthWestNet, Seattle","NCSA, University of Illinois, Champaign",1,5.1896391,"NorthWestNet, Seattle | NCAR, Boulder | NCSA, University of Illinois, Champaign","NorthWestNet, Seattle->NCAR, Boulder | NCAR, Boulder->NCSA, University of Illinois, Champaign",1
26,nsfnet,7,1.0,lstm,random_failure_fixed,"NCAR, Boulder -> NCSA, University of Illinois, Champaign & NCSA, University of Illinois, Champaign -> NCAR, Boulder",2,"MIDnet, Lincoln, NE","NCAR, Boulder",1,5.1113362,"MIDnet, Lincoln, NE | NCSA, University of Illinois, Champaign | NCAR, Boulder","MIDnet, Lincoln, NE->NCSA, University of Illinois, Champaign | NCSA, University of Illinois, Champaign->NCAR, Boulder",1
26,nsfnet,7,1.0,lstm,random_failure_fixed,"NCAR, Boulder -> NCSA, University of Illinois, Champaign & NCSA, University of Illinois, Champaign -> NCAR, Boulder",3,"Westnet, Salt Lake City","SEQSUINET, Rice University, Houston",1,5.0074658,"Westnet, Salt Lake City | NCAR, Boulder | NCSA, University of Illinois, Champaign | SEQSUINET, Rice University, Houston","Westnet, Salt Lake City->NCAR, Boulder | NCAR, Boulder->NCSA, University of Illinois, Champaign | NCSA, University of Illinois, Champaign->SEQSUINET, Rice University, Houston",1
26,nsfnet,7,1.0,lstm,random_failure_fixed,"NCAR, Boulder -> NCSA, University of Illinois, Champaign & NCSA, University of Illinois, Champaign -> NCAR, Boulder",4,"Westnet, Salt Lake City","Merit Univ of Michigan, Ann Arbor",1,4.9612617,"Westnet, Salt Lake City | NCAR, Boulder | NCSA, University of Illinois, Champaign | Merit Univ of Michigan, Ann Arbor","Westnet, Salt Lake City->NCAR, Boulder | NCAR, Boulder->NCSA, University of Illinois, Champaign | NCSA, University of Illinois, Champaign->Merit Univ of Michigan, Ann Arbor",1
26,nsfnet,7,1.0,lstm,random_failure_fixed,"NCAR, Boulder -> NCSA, University of Illinois, Champaign & NCSA, University of Illinois, Champaign -> NCAR, Boulder",5,"NorthWestNet, Seattle","MIDnet, Lincoln, NE",1,4.9510775,"NorthWestNet, Seattle | NCAR, Boulder | NCSA, University of Illinois, Champaign | MIDnet, Lincoln, NE","NorthWestNet, Seattle->NCAR, Boulder | NCAR, Boulder->NCSA, University of Illinois, Champaign | NCSA, University of Illinois, Champaign->MIDnet, Lincoln, NE",1
26,nsfnet,7,1.0,transformer,critical_failure_fixed,"NCSA, University of Illinois, Champaign -> Merit Univ of Michigan, Ann Arbor & Merit Univ of Michigan, Ann Arbor -> NCSA, University of Illinois, Champaign",1,"MIDnet, Lincoln, NE","BARRnet, Palo Alto",1,5.8251209,"MIDnet, Lincoln, NE | NCSA, University of Illinois, Champaign | Merit Univ of Michigan, Ann Arbor | BARRnet, Palo Alto","MIDnet, Lincoln, NE->NCSA, University of Illinois, Champaign | NCSA, University of Illinois, Champaign->Merit Univ of Michigan, Ann Arbor | Merit Univ of Michigan, Ann Arbor->BARRnet, Palo Alto",1
26,nsfnet,7,1.0,transformer,critical_failure_fixed,"NCSA, University of Illinois, Champaign -> Merit Univ of Michigan, Ann Arbor & Merit Univ of Michigan, Ann Arbor -> NCSA, University of Illinois, Champaign",2,"NCSA, University of Illinois, Champaign","Merit Univ of Michigan, Ann Arbor",1,5.7523475,"NCSA, University of Illinois, Champaign | Merit Univ of Michigan, Ann Arbor","NCSA, University of Illinois, Champaign->Merit Univ of Michigan, Ann Arbor",1
26,nsfnet,7,1.0,transformer,critical_failure_fixed,"NCSA, University of Illinois, Champaign -> Merit Univ of Michigan, Ann Arbor & Merit Univ of Michigan, Ann Arbor -> NCSA, University of Illinois, Champaign",3,"NCSA, University of Illinois, Champaign","BARRnet, Palo Alto",1,5.6327085,"NCSA, University of Illinois, Champaign | Merit Univ of Michigan, Ann Arbor | BARRnet, Palo Alto","NCSA, University of Illinois, Champaign->Merit Univ of Michigan, Ann Arbor | Merit Univ of Michigan, Ann Arbor->BARRnet, Palo Alto",1
26,nsfnet,7,1.0,transformer,critical_failure_fixed,"NCSA, University of Illinois, Champaign -> Merit Univ of Michigan, Ann Arbor & Merit Univ of Michigan, Ann Arbor -> NCSA, University of Illinois, Champaign",4,"MIDnet, Lincoln, NE","Cornell Theory Center, Ithaca NY",1,5.6309857,"MIDnet, Lincoln, NE | NCSA, University of Illinois, Champaign | Merit Univ of Michigan, Ann Arbor | Cornell Theory Center, Ithaca NY","MIDnet, Lincoln, NE->NCSA, University of Illinois, Champaign | NCSA, University of Illinois, Champaign->Merit Univ of Michigan, Ann Arbor | Merit Univ of Michigan, Ann Arbor->Cornell Theory Center, Ithaca NY",1
26,nsfnet,7,1.0,transformer,critical_failure_fixed,"NCSA, University of Illinois, Champaign -> Merit Univ of Michigan, Ann Arbor & Merit Univ of Michigan, Ann Arbor -> NCSA, University of Illinois, Champaign",5,Pittsburgh Supercomputer Center,"MIDnet, Lincoln, NE",1,5.4656844,"Pittsburgh Supercomputer Center | Merit Univ of Michigan, Ann Arbor | NCSA, University of Illinois, Champaign | MIDnet, Lincoln, NE","Pittsburgh Supercomputer Center->Merit Univ of Michigan, Ann Arbor | Merit Univ of Michigan, Ann Arbor->NCSA, University of Illinois, Champaign | NCSA, University of Illinois, Champaign->MIDnet, Lincoln, NE",1
26,nsfnet,7,1.0,transformer,random_failure_fixed,"NCAR, Boulder -> NCSA, University of Illinois, Champaign & NCSA, University of Illinois, Champaign -> NCAR, Boulder",1,"NorthWestNet, Seattle","NCSA, University of Illinois, Champaign",1,5.5945721,"NorthWestNet, Seattle | NCAR, Boulder | NCSA, University of Illinois, Champaign","NorthWestNet, Seattle->NCAR, Boulder | NCAR, Boulder->NCSA, University of Illinois, Champaign",1
26,nsfnet,7,1.0,transformer,random_failure_fixed,"NCAR, Boulder -> NCSA, University of Illinois, Champaign & NCSA, University of Illinois, Champaign -> NCAR, Boulder",2,"MIDnet, Lincoln, NE","NCAR, Boulder",1,5.5189004,"MIDnet, Lincoln, NE | NCSA, University of Illinois, Champaign | NCAR, Boulder","MIDnet, Lincoln, NE->NCSA, University of Illinois, Champaign | NCSA, University of Illinois, Champaign->NCAR, Boulder",1
26,nsfnet,7,1.0,transformer,random_failure_fixed,"NCAR, Boulder -> NCSA, University of Illinois, Champaign & NCSA, University of Illinois, Champaign -> NCAR, Boulder",3,"Westnet, Salt Lake City","SEQSUINET, Rice University, Houston",1,5.4043746,"Westnet, Salt Lake City | NCAR, Boulder | NCSA, University of Illinois, Champaign | SEQSUINET, Rice University, Houston","Westnet, Salt Lake City->NCAR, Boulder | NCAR, Boulder->NCSA, University of Illinois, Champaign | NCSA, University of Illinois, Champaign->SEQSUINET, Rice University, Houston",1
26,nsfnet,7,1.0,transformer,random_failure_fixed,"NCAR, Boulder -> NCSA, University of Illinois, Champaign & NCSA, University of Illinois, Champaign -> NCAR, Boulder",4,"Westnet, Salt Lake City","Merit Univ of Michigan, Ann Arbor",1,5.3482141,"Westnet, Salt Lake City | NCAR, Boulder | NCSA, University of Illinois, Champaign | Merit Univ of Michigan, Ann Arbor","Westnet, Salt Lake City->NCAR, Boulder | NCAR, Boulder->NCSA, University of Illinois, Champaign | NCSA, University of Illinois, Champaign->Merit Univ of Michigan, Ann Arbor",1
26,nsfnet,7,1.0,transformer,random_failure_fixed,"NCAR, Boulder -> NCSA, University of Illinois, Champaign & NCSA, University of Illinois, Champaign -> NCAR, Boulder",5,"NorthWestNet, Seattle","MIDnet, Lincoln, NE",1,5.3198266,"NorthWestNet, Seattle | NCAR, Boulder | NCSA, University of Illinois, Champaign | MIDnet, Lincoln, NE","NorthWestNet, Seattle->NCAR, Boulder | NCAR, Boulder->NCSA, University of Illinois, Champaign | NCSA, University of Illinois, Champaign->MIDnet, Lincoln, NE",1
27,nsfnet,7,1.0,moving_average,critical_failure_fixed,"NCSA, University of Illinois, Champaign -> Merit Univ of Michigan, Ann Arbor & Merit Univ of Michigan, Ann Arbor -> NCSA, University of Illinois, Champaign",1,"MIDnet, Lincoln, NE","BARRnet, Palo Alto",1,7.3815656,"MIDnet, Lincoln, NE | NCSA, University of Illinois, Champaign | Merit Univ of Michigan, Ann Arbor | BARRnet, Palo Alto","MIDnet, Lincoln, NE->NCSA, University of Illinois, Champaign | NCSA, University of Illinois, Champaign->Merit Univ of Michigan, Ann Arbor | Merit Univ of Michigan, Ann Arbor->BARRnet, Palo Alto",1
27,nsfnet,7,1.0,moving_average,critical_failure_fixed,"NCSA, University of Illinois, Champaign -> Merit Univ of Michigan, Ann Arbor & Merit Univ of Michigan, Ann Arbor -> NCSA, University of Illinois, Champaign",2,"NCSA, University of Illinois, Champaign","Merit Univ of Michigan, Ann Arbor",1,7.2516065,"NCSA, University of Illinois, Champaign | Merit Univ of Michigan, Ann Arbor","NCSA, University of Illinois, Champaign->Merit Univ of Michigan, Ann Arbor",1
27,nsfnet,7,1.0,moving_average,critical_failure_fixed,"NCSA, University of Illinois, Champaign -> Merit Univ of Michigan, Ann Arbor & Merit Univ of Michigan, Ann Arbor -> NCSA, University of Illinois, Champaign",3,"MIDnet, Lincoln, NE","Cornell Theory Center, Ithaca NY",1,7.1614963,"MIDnet, Lincoln, NE | NCSA, University of Illinois, Champaign | Merit Univ of Michigan, Ann Arbor | Cornell Theory Center, Ithaca NY","MIDnet, Lincoln, NE->NCSA, University of Illinois, Champaign | NCSA, University of Illinois, Champaign->Merit Univ of Michigan, Ann Arbor | Merit Univ of Michigan, Ann Arbor->Cornell Theory Center, Ithaca NY",1
27,nsfnet,7,1.0,moving_average,critical_failure_fixed,"NCSA, University of Illinois, Champaign -> Merit Univ of Michigan, Ann Arbor & Merit Univ of Michigan, Ann Arbor -> NCSA, University of Illinois, Champaign",4,"NCSA, University of Illinois, Champaign","BARRnet, Palo Alto",1,6.9371181,"NCSA, University of Illinois, Champaign | Merit Univ of Michigan, Ann Arbor | BARRnet, Palo Alto","NCSA, University of Illinois, Champaign->Merit Univ of Michigan, Ann Arbor | Merit Univ of Michigan, Ann Arbor->BARRnet, Palo Alto",1
27,nsfnet,7,1.0,moving_average,critical_failure_fixed,"NCSA, University of Illinois, Champaign -> Merit Univ of Michigan, Ann Arbor & Merit Univ of Michigan, Ann Arbor -> NCSA, University of Illinois, Champaign",5,"SURANET, Georgia Tech, Atlanta","Merit Univ of Michigan, Ann Arbor",1,6.5646401,"SURANET, Georgia Tech, Atlanta | SEQSUINET, Rice University, Houston | NCSA, University of Illinois, Champaign | Merit Univ of Michigan, Ann Arbor","SURANET, Georgia Tech, Atlanta->SEQSUINET, Rice University, Houston | SEQSUINET, Rice University, Houston->NCSA, University of Illinois, Champaign | NCSA, University of Illinois, Champaign->Merit Univ of Michigan, Ann Arbor",1
27,nsfnet,7,1.0,moving_average,random_failure_fixed,"SEQSUINET, Rice University, Houston -> SURANET, Georgia Tech, Atlanta & SURANET, Georgia Tech, Atlanta -> SEQSUINET, Rice University, Houston",1,"NCSA, University of Illinois, Champaign","SURANET, Georgia Tech, Atlanta",1,7.0626884,"NCSA, University of Illinois, Champaign | SEQSUINET, Rice University, Houston | SURANET, Georgia Tech, Atlanta","NCSA, University of Illinois, Champaign->SEQSUINET, Rice University, Houston | SEQSUINET, Rice University, Houston->SURANET, Georgia Tech, Atlanta",1
27,nsfnet,7,1.0,moving_average,random_failure_fixed,"SEQSUINET, Rice University, Houston -> SURANET, Georgia Tech, Atlanta & SURANET, Georgia Tech, Atlanta -> SEQSUINET, Rice University, Houston",2,"SEQSUINET, Rice University, Houston","Jon Von Neumann Center, Princeton, NJ",1,6.7679755,"SEQSUINET, Rice University, Houston | SURANET, Georgia Tech, Atlanta | Jon Von Neumann Center, Princeton, NJ","SEQSUINET, Rice University, Houston->SURANET, Georgia Tech, Atlanta | SURANET, Georgia Tech, Atlanta->Jon Von Neumann Center, Princeton, NJ",1
27,nsfnet,7,1.0,moving_average,random_failure_fixed,"SEQSUINET, Rice University, Houston -> SURANET, Georgia Tech, Atlanta & SURANET, Georgia Tech, Atlanta -> SEQSUINET, Rice University, Houston",3,"NCAR, Boulder","SURANET, Georgia Tech, Atlanta",1,6.6340816,"NCAR, Boulder | NCSA, University of Illinois, Champaign | SEQSUINET, Rice University, Houston | SURANET, Georgia Tech, Atlanta","NCAR, Boulder->NCSA, University of Illinois, Champaign | NCSA, University of Illinois, Champaign->SEQSUINET, Rice University, Houston | SEQSUINET, Rice University, Houston->SURANET, Georgia Tech, Atlanta",1
27,nsfnet,7,1.0,moving_average,random_failure_fixed,"SEQSUINET, Rice University, Houston -> SURANET, Georgia Tech, Atlanta & SURANET, Georgia Tech, Atlanta -> SEQSUINET, Rice University, Houston",4,"SURANET, Georgia Tech, Atlanta","Merit Univ of Michigan, Ann Arbor",1,6.5646401,"SURANET, Georgia Tech, Atlanta | SEQSUINET, Rice University, Houston | NCSA, University of Illinois, Champaign | Merit Univ of Michigan, Ann Arbor","SURANET, Georgia Tech, Atlanta->SEQSUINET, Rice University, Houston | SEQSUINET, Rice University, Houston->NCSA, University of Illinois, Champaign | NCSA, University of Illinois, Champaign->Merit Univ of Michigan, Ann Arbor",1
27,nsfnet,7,1.0,moving_average,random_failure_fixed,"SEQSUINET, Rice University, Houston -> SURANET, Georgia Tech, Atlanta & SURANET, Georgia Tech, Atlanta -> SEQSUINET, Rice University, Houston",5,"SEQSUINET, Rice University, Houston","SURANET, Georgia Tech, Atlanta",1,6.228083,"SEQSUINET, Rice University, Houston | SURANET, Georgia Tech, Atlanta","SEQSUINET, Rice University, Houston->SURANET, Georgia Tech, Atlanta",1
27,nsfnet,7,1.0,linear_autoregressive,critical_failure_fixed,"NCSA, University of Illinois, Champaign -> Merit Univ of Michigan, Ann Arbor & Merit Univ of Michigan, Ann Arbor -> NCSA, University of Illinois, Champaign",1,"NCSA, University of Illinois, Champaign","Merit Univ of Michigan, Ann Arbor",1,8.1984901,"NCSA, University of Illinois, Champaign | Merit Univ of Michigan, Ann Arbor","NCSA, University of Illinois, Champaign->Merit Univ of Michigan, Ann Arbor",1
27,nsfnet,7,1.0,linear_autoregressive,critical_failure_fixed,"NCSA, University of Illinois, Champaign -> Merit Univ of Michigan, Ann Arbor & Merit Univ of Michigan, Ann Arbor -> NCSA, University of Illinois, Champaign",2,"NCSA, University of Illinois, Champaign","BARRnet, Palo Alto",1,8.1498022,"NCSA, University of Illinois, Champaign | Merit Univ of Michigan, Ann Arbor | BARRnet, Palo Alto","NCSA, University of Illinois, Champaign->Merit Univ of Michigan, Ann Arbor | Merit Univ of Michigan, Ann Arbor->BARRnet, Palo Alto",1
27,nsfnet,7,1.0,linear_autoregressive,critical_failure_fixed,"NCSA, University of Illinois, Champaign -> Merit Univ of Michigan, Ann Arbor & Merit Univ of Michigan, Ann Arbor -> NCSA, University of Illinois, Champaign",3,"MIDnet, Lincoln, NE","Cornell Theory Center, Ithaca NY",1,7.8818915,"MIDnet, Lincoln, NE | NCSA, University of Illinois, Champaign | Merit Univ of Michigan, Ann Arbor | Cornell Theory Center, Ithaca NY","MIDnet, Lincoln, NE->NCSA, University of Illinois, Champaign | NCSA, University of Illinois, Champaign->Merit Univ of Michigan, Ann Arbor | Merit Univ of Michigan, Ann Arbor->Cornell Theory Center, Ithaca NY",1
27,nsfnet,7,1.0,linear_autoregressive,critical_failure_fixed,"NCSA, University of Illinois, Champaign -> Merit Univ of Michigan, Ann Arbor & Merit Univ of Michigan, Ann Arbor -> NCSA, University of Illinois, Champaign",4,"MIDnet, Lincoln, NE","BARRnet, Palo Alto",1,7.8383102,"MIDnet, Lincoln, NE | NCSA, University of Illinois, Champaign | Merit Univ of Michigan, Ann Arbor | BARRnet, Palo Alto","MIDnet, Lincoln, NE->NCSA, University of Illinois, Champaign | NCSA, University of Illinois, Champaign->Merit Univ of Michigan, Ann Arbor | Merit Univ of Michigan, Ann Arbor->BARRnet, Palo Alto",1
27,nsfnet,7,1.0,linear_autoregressive,critical_failure_fixed,"NCSA, University of Illinois, Champaign -> Merit Univ of Michigan, Ann Arbor & Merit Univ of Michigan, Ann Arbor -> NCSA, University of Illinois, Champaign",5,Pittsburgh Supercomputer Center,"MIDnet, Lincoln, NE",1,7.5546061,"Pittsburgh Supercomputer Center | Merit Univ of Michigan, Ann Arbor | NCSA, University of Illinois, Champaign | MIDnet, Lincoln, NE","Pittsburgh Supercomputer Center->Merit Univ of Michigan, Ann Arbor | Merit Univ of Michigan, Ann Arbor->NCSA, University of Illinois, Champaign | NCSA, University of Illinois, Champaign->MIDnet, Lincoln, NE",1
27,nsfnet,7,1.0,linear_autoregressive,random_failure_fixed,"SEQSUINET, Rice University, Houston -> SURANET, Georgia Tech, Atlanta & SURANET, Georgia Tech, Atlanta -> SEQSUINET, Rice University, Houston",1,"SEQSUINET, Rice University, Houston","Jon Von Neumann Center, Princeton, NJ",1,7.8485567,"SEQSUINET, Rice University, Houston | SURANET, Georgia Tech, Atlanta | Jon Von Neumann Center, Princeton, NJ","SEQSUINET, Rice University, Houston->SURANET, Georgia Tech, Atlanta | SURANET, Georgia Tech, Atlanta->Jon Von Neumann Center, Princeton, NJ",1
27,nsfnet,7,1.0,linear_autoregressive,random_failure_fixed,"SEQSUINET, Rice University, Houston -> SURANET, Georgia Tech, Atlanta & SURANET, Georgia Tech, Atlanta -> SEQSUINET, Rice University, Houston",2,"NCSA, University of Illinois, Champaign","SURANET, Georgia Tech, Atlanta",1,7.7152038,"NCSA, University of Illinois, Champaign | SEQSUINET, Rice University, Houston | SURANET, Georgia Tech, Atlanta","NCSA, University of Illinois, Champaign->SEQSUINET, Rice University, Houston | SEQSUINET, Rice University, Houston->SURANET, Georgia Tech, Atlanta",1
27,nsfnet,7,1.0,linear_autoregressive,random_failure_fixed,"SEQSUINET, Rice University, Houston -> SURANET, Georgia Tech, Atlanta & SURANET, Georgia Tech, Atlanta -> SEQSUINET, Rice University, Houston",3,"NCAR, Boulder","SURANET, Georgia Tech, Atlanta",1,7.2247662,"NCAR, Boulder | NCSA, University of Illinois, Champaign | SEQSUINET, Rice University, Houston | SURANET, Georgia Tech, Atlanta","NCAR, Boulder->NCSA, University of Illinois, Champaign | NCSA, University of Illinois, Champaign->SEQSUINET, Rice University, Houston | SEQSUINET, Rice University, Houston->SURANET, Georgia Tech, Atlanta",1
27,nsfnet,7,1.0,linear_autoregressive,random_failure_fixed,"SEQSUINET, Rice University, Houston -> SURANET, Georgia Tech, Atlanta & SURANET, Georgia Tech, Atlanta -> SEQSUINET, Rice University, Houston",4,"SURANET, Georgia Tech, Atlanta","Merit Univ of Michigan, Ann Arbor",1,7.1189733,"SURANET, Georgia Tech, Atlanta | SEQSUINET, Rice University, Houston | NCSA, University of Illinois, Champaign | Merit Univ of Michigan, Ann Arbor","SURANET, Georgia Tech, Atlanta->SEQSUINET, Rice University, Houston | SEQSUINET, Rice University, Houston->NCSA, University of Illinois, Champaign | NCSA, University of Illinois, Champaign->Merit Univ of Michigan, Ann Arbor",1
27,nsfnet,7,1.0,linear_autoregressive,random_failure_fixed,"SEQSUINET, Rice University, Houston -> SURANET, Georgia Tech, Atlanta & SURANET, Georgia Tech, Atlanta -> SEQSUINET, Rice University, Houston",5,"SURANET, Georgia Tech, Atlanta","Westnet, Salt Lake City",1,7.1019829,"SURANET, Georgia Tech, Atlanta | SEQSUINET, Rice University, Houston | San Diego Supercomputer Center | BARRnet, Palo Alto | NorthWestNet, Seattle | NCAR, Boulder | Westnet, Salt Lake City","SURANET, Georgia Tech, Atlanta->SEQSUINET, Rice University, Houston | SEQSUINET, Rice University, Houston->San Diego Supercomputer Center | San Diego Supercomputer Center->BARRnet, Palo Alto | BARRnet, Palo Alto->NorthWestNet, Seattle | NorthWestNet, Seattle->NCAR, Boulder | NCAR, Boulder->Westnet, Salt Lake City",1
27,nsfnet,7,1.0,lstm,critical_failure_fixed,"NCSA, University of Illinois, Champaign -> Merit Univ of Michigan, Ann Arbor & Merit Univ of Michigan, Ann Arbor -> NCSA, University of Illinois, Champaign",1,"MIDnet, Lincoln, NE","BARRnet, Palo Alto",1,5.3505807,"MIDnet, Lincoln, NE | NCSA, University of Illinois, Champaign | Merit Univ of Michigan, Ann Arbor | BARRnet, Palo Alto","MIDnet, Lincoln, NE->NCSA, University of Illinois, Champaign | NCSA, University of Illinois, Champaign->Merit Univ of Michigan, Ann Arbor | Merit Univ of Michigan, Ann Arbor->BARRnet, Palo Alto",1
27,nsfnet,7,1.0,lstm,critical_failure_fixed,"NCSA, University of Illinois, Champaign -> Merit Univ of Michigan, Ann Arbor & Merit Univ of Michigan, Ann Arbor -> NCSA, University of Illinois, Champaign",2,"NCSA, University of Illinois, Champaign","Merit Univ of Michigan, Ann Arbor",1,5.2914438,"NCSA, University of Illinois, Champaign | Merit Univ of Michigan, Ann Arbor","NCSA, University of Illinois, Champaign->Merit Univ of Michigan, Ann Arbor",1
27,nsfnet,7,1.0,lstm,critical_failure_fixed,"NCSA, University of Illinois, Champaign -> Merit Univ of Michigan, Ann Arbor & Merit Univ of Michigan, Ann Arbor -> NCSA, University of Illinois, Champaign",3,"MIDnet, Lincoln, NE","Cornell Theory Center, Ithaca NY",1,5.2456656,"MIDnet, Lincoln, NE | NCSA, University of Illinois, Champaign | Merit Univ of Michigan, Ann Arbor | Cornell Theory Center, Ithaca NY","MIDnet, Lincoln, NE->NCSA, University of Illinois, Champaign | NCSA, University of Illinois, Champaign->Merit Univ of Michigan, Ann Arbor | Merit Univ of Michigan, Ann Arbor->Cornell Theory Center, Ithaca NY",1
27,nsfnet,7,1.0,lstm,critical_failure_fixed,"NCSA, University of Illinois, Champaign -> Merit Univ of Michigan, Ann Arbor & Merit Univ of Michigan, Ann Arbor -> NCSA, University of Illinois, Champaign",4,"NCSA, University of Illinois, Champaign","BARRnet, Palo Alto",1,5.2050643,"NCSA, University of Illinois, Champaign | Merit Univ of Michigan, Ann Arbor | BARRnet, Palo Alto","NCSA, University of Illinois, Champaign->Merit Univ of Michigan, Ann Arbor | Merit Univ of Michigan, Ann Arbor->BARRnet, Palo Alto",1
27,nsfnet,7,1.0,lstm,critical_failure_fixed,"NCSA, University of Illinois, Champaign -> Merit Univ of Michigan, Ann Arbor & Merit Univ of Michigan, Ann Arbor -> NCSA, University of Illinois, Champaign",5,Pittsburgh Supercomputer Center,"MIDnet, Lincoln, NE",1,5.0236282,"Pittsburgh Supercomputer Center | Merit Univ of Michigan, Ann Arbor | NCSA, University of Illinois, Champaign | MIDnet, Lincoln, NE","Pittsburgh Supercomputer Center->Merit Univ of Michigan, Ann Arbor | Merit Univ of Michigan, Ann Arbor->NCSA, University of Illinois, Champaign | NCSA, University of Illinois, Champaign->MIDnet, Lincoln, NE",1
27,nsfnet,7,1.0,lstm,random_failure_fixed,"SEQSUINET, Rice University, Houston -> SURANET, Georgia Tech, Atlanta & SURANET, Georgia Tech, Atlanta -> SEQSUINET, Rice University, Houston",1,"NCSA, University of Illinois, Champaign","SURANET, Georgia Tech, Atlanta",1,5.1792274,"NCSA, University of Illinois, Champaign | SEQSUINET, Rice University, Houston | SURANET, Georgia Tech, Atlanta","NCSA, University of Illinois, Champaign->SEQSUINET, Rice University, Houston | SEQSUINET, Rice University, Houston->SURANET, Georgia Tech, Atlanta",1
27,nsfnet,7,1.0,lstm,random_failure_fixed,"SEQSUINET, Rice University, Houston -> SURANET, Georgia Tech, Atlanta & SURANET, Georgia Tech, Atlanta -> SEQSUINET, Rice University, Houston",2,"SEQSUINET, Rice University, Houston","Jon Von Neumann Center, Princeton, NJ",1,5.0135708,"SEQSUINET, Rice University, Houston | SURANET, Georgia Tech, Atlanta | Jon Von Neumann Center, Princeton, NJ","SEQSUINET, Rice University, Houston->SURANET, Georgia Tech, Atlanta | SURANET, Georgia Tech, Atlanta->Jon Von Neumann Center, Princeton, NJ",1
27,nsfnet,7,1.0,lstm,random_failure_fixed,"SEQSUINET, Rice University, Houston -> SURANET, Georgia Tech, Atlanta & SURANET, Georgia Tech, Atlanta -> SEQSUINET, Rice University, Houston",3,"SURANET, Georgia Tech, Atlanta","Merit Univ of Michigan, Ann Arbor",1,4.9037123,"SURANET, Georgia Tech, Atlanta | SEQSUINET, Rice University, Houston | NCSA, University of Illinois, Champaign | Merit Univ of Michigan, Ann Arbor","SURANET, Georgia Tech, Atlanta->SEQSUINET, Rice University, Houston | SEQSUINET, Rice University, Houston->NCSA, University of Illinois, Champaign | NCSA, University of Illinois, Champaign->Merit Univ of Michigan, Ann Arbor",1
27,nsfnet,7,1.0,lstm,random_failure_fixed,"SEQSUINET, Rice University, Houston -> SURANET, Georgia Tech, Atlanta & SURANET, Georgia Tech, Atlanta -> SEQSUINET, Rice University, Houston",4,"NCAR, Boulder","SURANET, Georgia Tech, Atlanta",1,4.8813562,"NCAR, Boulder | NCSA, University of Illinois, Champaign | SEQSUINET, Rice University, Houston | SURANET, Georgia Tech, Atlanta","NCAR, Boulder->NCSA, University of Illinois, Champaign | NCSA, University of Illinois, Champaign->SEQSUINET, Rice University, Houston | SEQSUINET, Rice University, Houston->SURANET, Georgia Tech, Atlanta",1
27,nsfnet,7,1.0,lstm,random_failure_fixed,"SEQSUINET, Rice University, Houston -> SURANET, Georgia Tech, Atlanta & SURANET, Georgia Tech, Atlanta -> SEQSUINET, Rice University, Houston",5,"SEQSUINET, Rice University, Houston","SURANET, Georgia Tech, Atlanta",1,4.5981917,"SEQSUINET, Rice University, Houston | SURANET, Georgia Tech, Atlanta","SEQSUINET, Rice University, Houston->SURANET, Georgia Tech, Atlanta",1
27,nsfnet,7,1.0,transformer,critical_failure_fixed,"NCSA, University of Illinois, Champaign -> Merit Univ of Michigan, Ann Arbor & Merit Univ of Michigan, Ann Arbor -> NCSA, University of Illinois, Champaign",1,"MIDnet, Lincoln, NE","BARRnet, Palo Alto",1,5.8251576,"MIDnet, Lincoln, NE | NCSA, University of Illinois, Champaign | Merit Univ of Michigan, Ann Arbor | BARRnet, Palo Alto","MIDnet, Lincoln, NE->NCSA, University of Illinois, Champaign | NCSA, University of Illinois, Champaign->Merit Univ of Michigan, Ann Arbor | Merit Univ of Michigan, Ann Arbor->BARRnet, Palo Alto",1
27,nsfnet,7,1.0,transformer,critical_failure_fixed,"NCSA, University of Illinois, Champaign -> Merit Univ of Michigan, Ann Arbor & Merit Univ of Michigan, Ann Arbor -> NCSA, University of Illinois, Champaign",2,"NCSA, University of Illinois, Champaign","Merit Univ of Michigan, Ann Arbor",1,5.7523794,"NCSA, University of Illinois, Champaign | Merit Univ of Michigan, Ann Arbor","NCSA, University of Illinois, Champaign->Merit Univ of Michigan, Ann Arbor",1
27,nsfnet,7,1.0,transformer,critical_failure_fixed,"NCSA, University of Illinois, Champaign -> Merit Univ of Michigan, Ann Arbor & Merit Univ of Michigan, Ann Arbor -> NCSA, University of Illinois, Champaign",3,"NCSA, University of Illinois, Champaign","BARRnet, Palo Alto",1,5.63272,"NCSA, University of Illinois, Champaign | Merit Univ of Michigan, Ann Arbor | BARRnet, Palo Alto","NCSA, University of Illinois, Champaign->Merit Univ of Michigan, Ann Arbor | Merit Univ of Michigan, Ann Arbor->BARRnet, Palo Alto",1
27,nsfnet,7,1.0,transformer,critical_failure_fixed,"NCSA, University of Illinois, Champaign -> Merit Univ of Michigan, Ann Arbor & Merit Univ of Michigan, Ann Arbor -> NCSA, University of Illinois, Champaign",4,"MIDnet, Lincoln, NE","Cornell Theory Center, Ithaca NY",1,5.6310139,"MIDnet, Lincoln, NE | NCSA, University of Illinois, Champaign | Merit Univ of Michigan, Ann Arbor | Cornell Theory Center, Ithaca NY","MIDnet, Lincoln, NE->NCSA, University of Illinois, Champaign | NCSA, University of Illinois, Champaign->Merit Univ of Michigan, Ann Arbor | Merit Univ of Michigan, Ann Arbor->Cornell Theory Center, Ithaca NY",1
27,nsfnet,7,1.0,transformer,critical_failure_fixed,"NCSA, University of Illinois, Champaign -> Merit Univ of Michigan, Ann Arbor & Merit Univ of Michigan, Ann Arbor -> NCSA, University of Illinois, Champaign",5,Pittsburgh Supercomputer Center,"MIDnet, Lincoln, NE",1,5.4657068,"Pittsburgh Supercomputer Center | Merit Univ of Michigan, Ann Arbor | NCSA, University of Illinois, Champaign | MIDnet, Lincoln, NE","Pittsburgh Supercomputer Center->Merit Univ of Michigan, Ann Arbor | Merit Univ of Michigan, Ann Arbor->NCSA, University of Illinois, Champaign | NCSA, University of Illinois, Champaign->MIDnet, Lincoln, NE",1
27,nsfnet,7,1.0,transformer,random_failure_fixed,"SEQSUINET, Rice University, Houston -> SURANET, Georgia Tech, Atlanta & SURANET, Georgia Tech, Atlanta -> SEQSUINET, Rice University, Houston",1,"NCSA, University of Illinois, Champaign","SURANET, Georgia Tech, Atlanta",1,5.6686196,"NCSA, University of Illinois, Champaign | SEQSUINET, Rice University, Houston | SURANET, Georgia Tech, Atlanta","NCSA, University of Illinois, Champaign->SEQSUINET, Rice University, Houston | SEQSUINET, Rice University, Houston->SURANET, Georgia Tech, Atlanta",1
27,nsfnet,7,1.0,transformer,random_failure_fixed,"SEQSUINET, Rice University, Houston -> SURANET, Georgia Tech, Atlanta & SURANET, Georgia Tech, Atlanta -> SEQSUINET, Rice University, Houston",2,"SEQSUINET, Rice University, Houston","Jon Von Neumann Center, Princeton, NJ",1,5.4444399,"SEQSUINET, Rice University, Houston | SURANET, Georgia Tech, Atlanta | Jon Von Neumann Center, Princeton, NJ","SEQSUINET, Rice University, Houston->SURANET, Georgia Tech, Atlanta | SURANET, Georgia Tech, Atlanta->Jon Von Neumann Center, Princeton, NJ",1
27,nsfnet,7,1.0,transformer,random_failure_fixed,"SEQSUINET, Rice University, Houston -> SURANET, Georgia Tech, Atlanta & SURANET, Georgia Tech, Atlanta -> SEQSUINET, Rice University, Houston",3,"SURANET, Georgia Tech, Atlanta","Merit Univ of Michigan, Ann Arbor",1,5.2484894,"SURANET, Georgia Tech, Atlanta | SEQSUINET, Rice University, Houston | NCSA, University of Illinois, Champaign | Merit Univ of Michigan, Ann Arbor","SURANET, Georgia Tech, Atlanta->SEQSUINET, Rice University, Houston | SEQSUINET, Rice University, Houston->NCSA, University of Illinois, Champaign | NCSA, University of Illinois, Champaign->Merit Univ of Michigan, Ann Arbor",1
27,nsfnet,7,1.0,transformer,random_failure_fixed,"SEQSUINET, Rice University, Houston -> SURANET, Georgia Tech, Atlanta & SURANET, Georgia Tech, Atlanta -> SEQSUINET, Rice University, Houston",4,"NCAR, Boulder","SURANET, Georgia Tech, Atlanta",1,5.2358294,"NCAR, Boulder | NCSA, University of Illinois, Champaign | SEQSUINET, Rice University, Houston | SURANET, Georgia Tech, Atlanta","NCAR, Boulder->NCSA, University of Illinois, Champaign | NCSA, University of Illinois, Champaign->SEQSUINET, Rice University, Houston | SEQSUINET, Rice University, Houston->SURANET, Georgia Tech, Atlanta",1
27,nsfnet,7,1.0,transformer,random_failure_fixed,"SEQSUINET, Rice University, Houston -> SURANET, Georgia Tech, Atlanta & SURANET, Georgia Tech, Atlanta -> SEQSUINET, Rice University, Houston",5,"SEQSUINET, Rice University, Houston","SURANET, Georgia Tech, Atlanta",1,5.0372624,"SEQSUINET, Rice University, Houston | SURANET, Georgia Tech, Atlanta","SEQSUINET, Rice University, Houston->SURANET, Georgia Tech, Atlanta",1
28,nsfnet,7,1.0,moving_average,critical_failure_fixed,"NCSA, University of Illinois, Champaign -> Merit Univ of Michigan, Ann Arbor & Merit Univ of Michigan, Ann Arbor -> NCSA, University of Illinois, Champaign",1,"MIDnet, Lincoln, NE","BARRnet, Palo Alto",1,7.469209,"MIDnet, Lincoln, NE | NCSA, University of Illinois, Champaign | Merit Univ of Michigan, Ann Arbor | BARRnet, Palo Alto","MIDnet, Lincoln, NE->NCSA, University of Illinois, Champaign | NCSA, University of Illinois, Champaign->Merit Univ of Michigan, Ann Arbor | Merit Univ of Michigan, Ann Arbor->BARRnet, Palo Alto",1
28,nsfnet,7,1.0,moving_average,critical_failure_fixed,"NCSA, University of Illinois, Champaign -> Merit Univ of Michigan, Ann Arbor & Merit Univ of Michigan, Ann Arbor -> NCSA, University of Illinois, Champaign",2,"MIDnet, Lincoln, NE","Cornell Theory Center, Ithaca NY",1,7.4320544,"MIDnet, Lincoln, NE | NCSA, University of Illinois, Champaign | Merit Univ of Michigan, Ann Arbor | Cornell Theory Center, Ithaca NY","MIDnet, Lincoln, NE->NCSA, University of Illinois, Champaign | NCSA, University of Illinois, Champaign->Merit Univ of Michigan, Ann Arbor | Merit Univ of Michigan, Ann Arbor->Cornell Theory Center, Ithaca NY",1
28,nsfnet,7,1.0,moving_average,critical_failure_fixed,"NCSA, University of Illinois, Champaign -> Merit Univ of Michigan, Ann Arbor & Merit Univ of Michigan, Ann Arbor -> NCSA, University of Illinois, Champaign",3,"NCSA, University of Illinois, Champaign","BARRnet, Palo Alto",1,7.3476645,"NCSA, University of Illinois, Champaign | Merit Univ of Michigan, Ann Arbor | BARRnet, Palo Alto","NCSA, University of Illinois, Champaign->Merit Univ of Michigan, Ann Arbor | Merit Univ of Michigan, Ann Arbor->BARRnet, Palo Alto",1
28,nsfnet,7,1.0,moving_average,critical_failure_fixed,"NCSA, University of Illinois, Champaign -> Merit Univ of Michigan, Ann Arbor & Merit Univ of Michigan, Ann Arbor -> NCSA, University of Illinois, Champaign",4,"NCSA, University of Illinois, Champaign","Merit Univ of Michigan, Ann Arbor",1,7.3458062,"NCSA, University of Illinois, Champaign | Merit Univ of Michigan, Ann Arbor","NCSA, University of Illinois, Champaign->Merit Univ of Michigan, Ann Arbor",1
28,nsfnet,7,1.0,moving_average,critical_failure_fixed,"NCSA, University of Illinois, Champaign -> Merit Univ of Michigan, Ann Arbor & Merit Univ of Michigan, Ann Arbor -> NCSA, University of Illinois, Champaign",5,Pittsburgh Supercomputer Center,"MIDnet, Lincoln, NE",1,6.739294,"Pittsburgh Supercomputer Center | Merit Univ of Michigan, Ann Arbor | NCSA, University of Illinois, Champaign | MIDnet, Lincoln, NE","Pittsburgh Supercomputer Center->Merit Univ of Michigan, Ann Arbor | Merit Univ of Michigan, Ann Arbor->NCSA, University of Illinois, Champaign | NCSA, University of Illinois, Champaign->MIDnet, Lincoln, NE",1
28,nsfnet,7,1.0,moving_average,random_failure_fixed,"BARRnet, Palo Alto -> Merit Univ of Michigan, Ann Arbor & Merit Univ of Michigan, Ann Arbor -> BARRnet, Palo Alto",1,"NorthWestNet, Seattle",Pittsburgh Supercomputer Center,1,7.503672,"NorthWestNet, Seattle | BARRnet, Palo Alto | Merit Univ of Michigan, Ann Arbor | Pittsburgh Supercomputer Center","NorthWestNet, Seattle->BARRnet, Palo Alto | BARRnet, Palo Alto->Merit Univ of Michigan, Ann Arbor | Merit Univ of Michigan, Ann Arbor->Pittsburgh Supercomputer Center",1
28,nsfnet,7,1.0,moving_average,random_failure_fixed,"BARRnet, Palo Alto -> Merit Univ of Michigan, Ann Arbor & Merit Univ of Michigan, Ann Arbor -> BARRnet, Palo Alto",2,"MIDnet, Lincoln, NE","BARRnet, Palo Alto",1,7.469209,"MIDnet, Lincoln, NE | NCSA, University of Illinois, Champaign | Merit Univ of Michigan, Ann Arbor | BARRnet, Palo Alto","MIDnet, Lincoln, NE->NCSA, University of Illinois, Champaign | NCSA, University of Illinois, Champaign->Merit Univ of Michigan, Ann Arbor | Merit Univ of Michigan, Ann Arbor->BARRnet, Palo Alto",1
28,nsfnet,7,1.0,moving_average,random_failure_fixed,"BARRnet, Palo Alto -> Merit Univ of Michigan, Ann Arbor & Merit Univ of Michigan, Ann Arbor -> BARRnet, Palo Alto",3,"Cornell Theory Center, Ithaca NY","BARRnet, Palo Alto",1,7.4213638,"Cornell Theory Center, Ithaca NY | Merit Univ of Michigan, Ann Arbor | BARRnet, Palo Alto","Cornell Theory Center, Ithaca NY->Merit Univ of Michigan, Ann Arbor | Merit Univ of Michigan, Ann Arbor->BARRnet, Palo Alto",1
28,nsfnet,7,1.0,moving_average,random_failure_fixed,"BARRnet, Palo Alto -> Merit Univ of Michigan, Ann Arbor & Merit Univ of Michigan, Ann Arbor -> BARRnet, Palo Alto",4,"Jon Von Neumann Center, Princeton, NJ","BARRnet, Palo Alto",1,7.4204159,"Jon Von Neumann Center, Princeton, NJ | Cornell Theory Center, Ithaca NY | Merit Univ of Michigan, Ann Arbor | BARRnet, Palo Alto","Jon Von Neumann Center, Princeton, NJ->Cornell Theory Center, Ithaca NY | Cornell Theory Center, Ithaca NY->Merit Univ of Michigan, Ann Arbor | Merit Univ of Michigan, Ann Arbor->BARRnet, Palo Alto",1
28,nsfnet,7,1.0,moving_average,random_failure_fixed,"BARRnet, Palo Alto -> Merit Univ of Michigan, Ann Arbor & Merit Univ of Michigan, Ann Arbor -> BARRnet, Palo Alto",5,"NCSA, University of Illinois, Champaign","BARRnet, Palo Alto",1,7.3476645,"NCSA, University of Illinois, Champaign | Merit Univ of Michigan, Ann Arbor | BARRnet, Palo Alto","NCSA, University of Illinois, Champaign->Merit Univ of Michigan, Ann Arbor | Merit Univ of Michigan, Ann Arbor->BARRnet, Palo Alto",1
28,nsfnet,7,1.0,linear_autoregressive,critical_failure_fixed,"NCSA, University of Illinois, Champaign -> Merit Univ of Michigan, Ann Arbor & Merit Univ of Michigan, Ann Arbor -> NCSA, University of Illinois, Champaign",1,"MIDnet, Lincoln, NE","BARRnet, Palo Alto",1,7.0124173,"MIDnet, Lincoln, NE | NCSA, University of Illinois, Champaign | Merit Univ of Michigan, Ann Arbor | BARRnet, Palo Alto","MIDnet, Lincoln, NE->NCSA, University of Illinois, Champaign | NCSA, University of Illinois, Champaign->Merit Univ of Michigan, Ann Arbor | Merit Univ of Michigan, Ann Arbor->BARRnet, Palo Alto",1
28,nsfnet,7,1.0,linear_autoregressive,critical_failure_fixed,"NCSA, University of Illinois, Champaign -> Merit Univ of Michigan, Ann Arbor & Merit Univ of Michigan, Ann Arbor -> NCSA, University of Illinois, Champaign",2,"MIDnet, Lincoln, NE","Cornell Theory Center, Ithaca NY",1,6.9811602,"MIDnet, Lincoln, NE | NCSA, University of Illinois, Champaign | Merit Univ of Michigan, Ann Arbor | Cornell Theory Center, Ithaca NY","MIDnet, Lincoln, NE->NCSA, University of Illinois, Champaign | NCSA, University of Illinois, Champaign->Merit Univ of Michigan, Ann Arbor | Merit Univ of Michigan, Ann Arbor->Cornell Theory Center, Ithaca NY",1
28,nsfnet,7,1.0,linear_autoregressive,critical_failure_fixed,"NCSA, University of Illinois, Champaign -> Merit Univ of Michigan, Ann Arbor & Merit Univ of Michigan, Ann Arbor -> NCSA, University of Illinois, Champaign",3,"NCSA, University of Illinois, Champaign","Merit Univ of Michigan, Ann Arbor",1,6.9414186,"NCSA, University of Illinois, Champaign | Merit Univ of Michigan, Ann Arbor","NCSA, University of Illinois, Champaign->Merit Univ of Michigan, Ann Arbor",1
28,nsfnet,7,1.0,linear_autoregressive,critical_failure_fixed,"NCSA, University of Illinois, Champaign -> Merit Univ of Michigan, Ann Arbor & Merit Univ of Michigan, Ann Arbor -> NCSA, University of Illinois, Champaign",4,"NCSA, University of Illinois, Champaign","BARRnet, Palo Alto",1,6.8347307,"NCSA, University of Illinois, Champaign | Merit Univ of Michigan, Ann Arbor | BARRnet, Palo Alto","NCSA, University of Illinois, Champaign->Merit Univ of Michigan, Ann Arbor | Merit Univ of Michigan, Ann Arbor->BARRnet, Palo Alto",1
28,nsfnet,7,1.0,linear_autoregressive,critical_failure_fixed,"NCSA, University of Illinois, Champaign -> Merit Univ of Michigan, Ann Arbor & Merit Univ of Michigan, Ann Arbor -> NCSA, University of Illinois, Champaign",5,Pittsburgh Supercomputer Center,"MIDnet, Lincoln, NE",1,6.550634,"Pittsburgh Supercomputer Center | Merit Univ of Michigan, Ann Arbor | NCSA, University of Illinois, Champaign | MIDnet, Lincoln, NE","Pittsburgh Supercomputer Center->Merit Univ of Michigan, Ann Arbor | Merit Univ of Michigan, Ann Arbor->NCSA, University of Illinois, Champaign | NCSA, University of Illinois, Champaign->MIDnet, Lincoln, NE",1
28,nsfnet,7,1.0,linear_autoregressive,random_failure_fixed,"BARRnet, Palo Alto -> Merit Univ of Michigan, Ann Arbor & Merit Univ of Michigan, Ann Arbor -> BARRnet, Palo Alto",1,"Cornell Theory Center, Ithaca NY","BARRnet, Palo Alto",1,7.0874584,"Cornell Theory Center, Ithaca NY | Merit Univ of Michigan, Ann Arbor | BARRnet, Palo Alto","Cornell Theory Center, Ithaca NY->Merit Univ of Michigan, Ann Arbor | Merit Univ of Michigan, Ann Arbor->BARRnet, Palo Alto",1
28,nsfnet,7,1.0,linear_autoregressive,random_failure_fixed,"BARRnet, Palo Alto -> Merit Univ of Michigan, Ann Arbor & Merit Univ of Michigan, Ann Arbor -> BARRnet, Palo Alto",2,"Jon Von Neumann Center, Princeton, NJ","BARRnet, Palo Alto",1,7.0217576,"Jon Von Neumann Center, Princeton, NJ | Cornell Theory Center, Ithaca NY | Merit Univ of Michigan, Ann Arbor | BARRnet, Palo Alto","Jon Von Neumann Center, Princeton, NJ->Cornell Theory Center, Ithaca NY | Cornell Theory Center, Ithaca NY->Merit Univ of Michigan, Ann Arbor | Merit Univ of Michigan, Ann Arbor->BARRnet, Palo Alto",1
28,nsfnet,7,1.0,linear_autoregressive,random_failure_fixed,"BARRnet, Palo Alto -> Merit Univ of Michigan, Ann Arbor & Merit Univ of Michigan, Ann Arbor -> BARRnet, Palo Alto",3,"MIDnet, Lincoln, NE","BARRnet, Palo Alto",1,7.0124173,"MIDnet, Lincoln, NE | NCSA, University of Illinois, Champaign | Merit Univ of Michigan, Ann Arbor | BARRnet, Palo Alto","MIDnet, Lincoln, NE->NCSA, University of Illinois, Champaign | NCSA, University of Illinois, Champaign->Merit Univ of Michigan, Ann Arbor | Merit Univ of Michigan, Ann Arbor->BARRnet, Palo Alto",1
28,nsfnet,7,1.0,linear_autoregressive,random_failure_fixed,"BARRnet, Palo Alto -> Merit Univ of Michigan, Ann Arbor & Merit Univ of Michigan, Ann Arbor -> BARRnet, Palo Alto",4,"NorthWestNet, Seattle",Pittsburgh Supercomputer Center,1,6.8540354,"NorthWestNet, Seattle | BARRnet, Palo Alto | Merit Univ of Michigan, Ann Arbor | Pittsburgh Supercomputer Center","NorthWestNet, Seattle->BARRnet, Palo Alto | BARRnet, Palo Alto->Merit Univ of Michigan, Ann Arbor | Merit Univ of Michigan, Ann Arbor->Pittsburgh Supercomputer Center",1
28,nsfnet,7,1.0,linear_autoregressive,random_failure_fixed,"BARRnet, Palo Alto -> Merit Univ of Michigan, Ann Arbor & Merit Univ of Michigan, Ann Arbor -> BARRnet, Palo Alto",5,"NCSA, University of Illinois, Champaign","BARRnet, Palo Alto",1,6.8347307,"NCSA, University of Illinois, Champaign | Merit Univ of Michigan, Ann Arbor | BARRnet, Palo Alto","NCSA, University of Illinois, Champaign->Merit Univ of Michigan, Ann Arbor | Merit Univ of Michigan, Ann Arbor->BARRnet, Palo Alto",1
28,nsfnet,7,1.0,lstm,critical_failure_fixed,"NCSA, University of Illinois, Champaign -> Merit Univ of Michigan, Ann Arbor & Merit Univ of Michigan, Ann Arbor -> NCSA, University of Illinois, Champaign",1,"MIDnet, Lincoln, NE","BARRnet, Palo Alto",1,5.3505807,"MIDnet, Lincoln, NE | NCSA, University of Illinois, Champaign | Merit Univ of Michigan, Ann Arbor | BARRnet, Palo Alto","MIDnet, Lincoln, NE->NCSA, University of Illinois, Champaign | NCSA, University of Illinois, Champaign->Merit Univ of Michigan, Ann Arbor | Merit Univ of Michigan, Ann Arbor->BARRnet, Palo Alto",1
28,nsfnet,7,1.0,lstm,critical_failure_fixed,"NCSA, University of Illinois, Champaign -> Merit Univ of Michigan, Ann Arbor & Merit Univ of Michigan, Ann Arbor -> NCSA, University of Illinois, Champaign",2,"NCSA, University of Illinois, Champaign","Merit Univ of Michigan, Ann Arbor",1,5.2914438,"NCSA, University of Illinois, Champaign | Merit Univ of Michigan, Ann Arbor","NCSA, University of Illinois, Champaign->Merit Univ of Michigan, Ann Arbor",1
28,nsfnet,7,1.0,lstm,critical_failure_fixed,"NCSA, University of Illinois, Champaign -> Merit Univ of Michigan, Ann Arbor & Merit Univ of Michigan, Ann Arbor -> NCSA, University of Illinois, Champaign",3,"MIDnet, Lincoln, NE","Cornell Theory Center, Ithaca NY",1,5.2456656,"MIDnet, Lincoln, NE | NCSA, University of Illinois, Champaign | Merit Univ of Michigan, Ann Arbor | Cornell Theory Center, Ithaca NY","MIDnet, Lincoln, NE->NCSA, University of Illinois, Champaign | NCSA, University of Illinois, Champaign->Merit Univ of Michigan, Ann Arbor | Merit Univ of Michigan, Ann Arbor->Cornell Theory Center, Ithaca NY",1
28,nsfnet,7,1.0,lstm,critical_failure_fixed,"NCSA, University of Illinois, Champaign -> Merit Univ of Michigan, Ann Arbor & Merit Univ of Michigan, Ann Arbor -> NCSA, University of Illinois, Champaign",4,"NCSA, University of Illinois, Champaign","BARRnet, Palo Alto",1,5.2050643,"NCSA, University of Illinois, Champaign | Merit Univ of Michigan, Ann Arbor | BARRnet, Palo Alto","NCSA, University of Illinois, Champaign->Merit Univ of Michigan, Ann Arbor | Merit Univ of Michigan, Ann Arbor->BARRnet, Palo Alto",1
28,nsfnet,7,1.0,lstm,critical_failure_fixed,"NCSA, University of Illinois, Champaign -> Merit Univ of Michigan, Ann Arbor & Merit Univ of Michigan, Ann Arbor -> NCSA, University of Illinois, Champaign",5,Pittsburgh Supercomputer Center,"MIDnet, Lincoln, NE",1,5.0236282,"Pittsburgh Supercomputer Center | Merit Univ of Michigan, Ann Arbor | NCSA, University of Illinois, Champaign | MIDnet, Lincoln, NE","Pittsburgh Supercomputer Center->Merit Univ of Michigan, Ann Arbor | Merit Univ of Michigan, Ann Arbor->NCSA, University of Illinois, Champaign | NCSA, University of Illinois, Champaign->MIDnet, Lincoln, NE",1
28,nsfnet,7,1.0,lstm,random_failure_fixed,"BARRnet, Palo Alto -> Merit Univ of Michigan, Ann Arbor & Merit Univ of Michigan, Ann Arbor -> BARRnet, Palo Alto",1,"Cornell Theory Center, Ithaca NY","BARRnet, Palo Alto",1,5.3990116,"Cornell Theory Center, Ithaca NY | Merit Univ of Michigan, Ann Arbor | BARRnet, Palo Alto","Cornell Theory Center, Ithaca NY->Merit Univ of Michigan, Ann Arbor | Merit Univ of Michigan, Ann Arbor->BARRnet, Palo Alto",1
28,nsfnet,7,1.0,lstm,random_failure_fixed,"BARRnet, Palo Alto -> Merit Univ of Michigan, Ann Arbor & Merit Univ of Michigan, Ann Arbor -> BARRnet, Palo Alto",2,"Jon Von Neumann Center, Princeton, NJ","BARRnet, Palo Alto",1,5.3510647,"Jon Von Neumann Center, Princeton, NJ | Cornell Theory Center, Ithaca NY | Merit Univ of Michigan, Ann Arbor | BARRnet, Palo Alto","Jon Von Neumann Center, Princeton, NJ->Cornell Theory Center, Ithaca NY | Cornell Theory Center, Ithaca NY->Merit Univ of Michigan, Ann Arbor | Merit Univ of Michigan, Ann Arbor->BARRnet, Palo Alto",1
28,nsfnet,7,1.0,lstm,random_failure_fixed,"BARRnet, Palo Alto -> Merit Univ of Michigan, Ann Arbor & Merit Univ of Michigan, Ann Arbor -> BARRnet, Palo Alto",3,"MIDnet, Lincoln, NE","BARRnet, Palo Alto",1,5.3505807,"MIDnet, Lincoln, NE | NCSA, University of Illinois, Champaign | Merit Univ of Michigan, Ann Arbor | BARRnet, Palo Alto","MIDnet, Lincoln, NE->NCSA, University of Illinois, Champaign | NCSA, University of Illinois, Champaign->Merit Univ of Michigan, Ann Arbor | Merit Univ of Michigan, Ann Arbor->BARRnet, Palo Alto",1
28,nsfnet,7,1.0,lstm,random_failure_fixed,"BARRnet, Palo Alto -> Merit Univ of Michigan, Ann Arbor & Merit Univ of Michigan, Ann Arbor -> BARRnet, Palo Alto",4,"NCSA, University of Illinois, Champaign","BARRnet, Palo Alto",1,5.2050643,"NCSA, University of Illinois, Champaign | Merit Univ of Michigan, Ann Arbor | BARRnet, Palo Alto","NCSA, University of Illinois, Champaign->Merit Univ of Michigan, Ann Arbor | Merit Univ of Michigan, Ann Arbor->BARRnet, Palo Alto",1
28,nsfnet,7,1.0,lstm,random_failure_fixed,"BARRnet, Palo Alto -> Merit Univ of Michigan, Ann Arbor & Merit Univ of Michigan, Ann Arbor -> BARRnet, Palo Alto",5,"Merit Univ of Michigan, Ann Arbor","NorthWestNet, Seattle",1,5.1941767,"Merit Univ of Michigan, Ann Arbor | BARRnet, Palo Alto | NorthWestNet, Seattle","Merit Univ of Michigan, Ann Arbor->BARRnet, Palo Alto | BARRnet, Palo Alto->NorthWestNet, Seattle",1
28,nsfnet,7,1.0,transformer,critical_failure_fixed,"NCSA, University of Illinois, Champaign -> Merit Univ of Michigan, Ann Arbor & Merit Univ of Michigan, Ann Arbor -> NCSA, University of Illinois, Champaign",1,"MIDnet, Lincoln, NE","BARRnet, Palo Alto",1,5.8251867,"MIDnet, Lincoln, NE | NCSA, University of Illinois, Champaign | Merit Univ of Michigan, Ann Arbor | BARRnet, Palo Alto","MIDnet, Lincoln, NE->NCSA, University of Illinois, Champaign | NCSA, University of Illinois, Champaign->Merit Univ of Michigan, Ann Arbor | Merit Univ of Michigan, Ann Arbor->BARRnet, Palo Alto",1
28,nsfnet,7,1.0,transformer,critical_failure_fixed,"NCSA, University of Illinois, Champaign -> Merit Univ of Michigan, Ann Arbor & Merit Univ of Michigan, Ann Arbor -> NCSA, University of Illinois, Champaign",2,"NCSA, University of Illinois, Champaign","Merit Univ of Michigan, Ann Arbor",1,5.7524114,"NCSA, University of Illinois, Champaign | Merit Univ of Michigan, Ann Arbor","NCSA, University of Illinois, Champaign->Merit Univ of Michigan, Ann Arbor",1
28,nsfnet,7,1.0,transformer,critical_failure_fixed,"NCSA, University of Illinois, Champaign -> Merit Univ of Michigan, Ann Arbor & Merit Univ of Michigan, Ann Arbor -> NCSA, University of Illinois, Champaign",3,"NCSA, University of Illinois, Champaign","BARRnet, Palo Alto",1,5.6327276,"NCSA, University of Illinois, Champaign | Merit Univ of Michigan, Ann Arbor | BARRnet, Palo Alto","NCSA, University of Illinois, Champaign->Merit Univ of Michigan, Ann Arbor | Merit Univ of Michigan, Ann Arbor->BARRnet, Palo Alto",1
28,nsfnet,7,1.0,transformer,critical_failure_fixed,"NCSA, University of Illinois, Champaign -> Merit Univ of Michigan, Ann Arbor & Merit Univ of Michigan, Ann Arbor -> NCSA, University of Illinois, Champaign",4,"MIDnet, Lincoln, NE","Cornell Theory Center, Ithaca NY",1,5.6310339,"MIDnet, Lincoln, NE | NCSA, University of Illinois, Champaign | Merit Univ of Michigan, Ann Arbor | Cornell Theory Center, Ithaca NY","MIDnet, Lincoln, NE->NCSA, University of Illinois, Champaign | NCSA, University of Illinois, Champaign->Merit Univ of Michigan, Ann Arbor | Merit Univ of Michigan, Ann Arbor->Cornell Theory Center, Ithaca NY",1
28,nsfnet,7,1.0,transformer,critical_failure_fixed,"NCSA, University of Illinois, Champaign -> Merit Univ of Michigan, Ann Arbor & Merit Univ of Michigan, Ann Arbor -> NCSA, University of Illinois, Champaign",5,Pittsburgh Supercomputer Center,"MIDnet, Lincoln, NE",1,5.4657221,"Pittsburgh Supercomputer Center | Merit Univ of Michigan, Ann Arbor | NCSA, University of Illinois, Champaign | MIDnet, Lincoln, NE","Pittsburgh Supercomputer Center->Merit Univ of Michigan, Ann Arbor | Merit Univ of Michigan, Ann Arbor->NCSA, University of Illinois, Champaign | NCSA, University of Illinois, Champaign->MIDnet, Lincoln, NE",1
28,nsfnet,7,1.0,transformer,random_failure_fixed,"BARRnet, Palo Alto -> Merit Univ of Michigan, Ann Arbor & Merit Univ of Michigan, Ann Arbor -> BARRnet, Palo Alto",1,"Jon Von Neumann Center, Princeton, NJ","BARRnet, Palo Alto",1,5.8469787,"Jon Von Neumann Center, Princeton, NJ | Cornell Theory Center, Ithaca NY | Merit Univ of Michigan, Ann Arbor | BARRnet, Palo Alto","Jon Von Neumann Center, Princeton, NJ->Cornell Theory Center, Ithaca NY | Cornell Theory Center, Ithaca NY->Merit Univ of Michigan, Ann Arbor | Merit Univ of Michigan, Ann Arbor->BARRnet, Palo Alto",1
28,nsfnet,7,1.0,transformer,random_failure_fixed,"BARRnet, Palo Alto -> Merit Univ of Michigan, Ann Arbor & Merit Univ of Michigan, Ann Arbor -> BARRnet, Palo Alto",2,"MIDnet, Lincoln, NE","BARRnet, Palo Alto",1,5.8251867,"MIDnet, Lincoln, NE | NCSA, University of Illinois, Champaign | Merit Univ of Michigan, Ann Arbor | BARRnet, Palo Alto","MIDnet, Lincoln, NE->NCSA, University of Illinois, Champaign | NCSA, University of Illinois, Champaign->Merit Univ of Michigan, Ann Arbor | Merit Univ of Michigan, Ann Arbor->BARRnet, Palo Alto",1
28,nsfnet,7,1.0,transformer,random_failure_fixed,"BARRnet, Palo Alto -> Merit Univ of Michigan, Ann Arbor & Merit Univ of Michigan, Ann Arbor -> BARRnet, Palo Alto",3,"Cornell Theory Center, Ithaca NY","BARRnet, Palo Alto",1,5.7631512,"Cornell Theory Center, Ithaca NY | Merit Univ of Michigan, Ann Arbor | BARRnet, Palo Alto","Cornell Theory Center, Ithaca NY->Merit Univ of Michigan, Ann Arbor | Merit Univ of Michigan, Ann Arbor->BARRnet, Palo Alto",1
28,nsfnet,7,1.0,transformer,random_failure_fixed,"BARRnet, Palo Alto -> Merit Univ of Michigan, Ann Arbor & Merit Univ of Michigan, Ann Arbor -> BARRnet, Palo Alto",4,"Merit Univ of Michigan, Ann Arbor","NorthWestNet, Seattle",1,5.6495719,"Merit Univ of Michigan, Ann Arbor | BARRnet, Palo Alto | NorthWestNet, Seattle","Merit Univ of Michigan, Ann Arbor->BARRnet, Palo Alto | BARRnet, Palo Alto->NorthWestNet, Seattle",1
28,nsfnet,7,1.0,transformer,random_failure_fixed,"BARRnet, Palo Alto -> Merit Univ of Michigan, Ann Arbor & Merit Univ of Michigan, Ann Arbor -> BARRnet, Palo Alto",5,"NCSA, University of Illinois, Champaign","BARRnet, Palo Alto",1,5.6327276,"NCSA, University of Illinois, Champaign | Merit Univ of Michigan, Ann Arbor | BARRnet, Palo Alto","NCSA, University of Illinois, Champaign->Merit Univ of Michigan, Ann Arbor | Merit Univ of Michigan, Ann Arbor->BARRnet, Palo Alto",1
29,nsfnet,7,1.0,moving_average,critical_failure_fixed,"NCSA, University of Illinois, Champaign -> Merit Univ of Michigan, Ann Arbor & Merit Univ of Michigan, Ann Arbor -> NCSA, University of Illinois, Champaign",1,"MIDnet, Lincoln, NE","Cornell Theory Center, Ithaca NY",1,7.3288179,"MIDnet, Lincoln, NE | NCSA, University of Illinois, Champaign | Merit Univ of Michigan, Ann Arbor | Cornell Theory Center, Ithaca NY","MIDnet, Lincoln, NE->NCSA, University of Illinois, Champaign | NCSA, University of Illinois, Champaign->Merit Univ of Michigan, Ann Arbor | Merit Univ of Michigan, Ann Arbor->Cornell Theory Center, Ithaca NY",1
29,nsfnet,7,1.0,moving_average,critical_failure_fixed,"NCSA, University of Illinois, Champaign -> Merit Univ of Michigan, Ann Arbor & Merit Univ of Michigan, Ann Arbor -> NCSA, University of Illinois, Champaign",2,"NCSA, University of Illinois, Champaign","Merit Univ of Michigan, Ann Arbor",1,7.2576253,"NCSA, University of Illinois, Champaign | Merit Univ of Michigan, Ann Arbor","NCSA, University of Illinois, Champaign->Merit Univ of Michigan, Ann Arbor",1
29,nsfnet,7,1.0,moving_average,critical_failure_fixed,"NCSA, University of Illinois, Champaign -> Merit Univ of Michigan, Ann Arbor & Merit Univ of Michigan, Ann Arbor -> NCSA, University of Illinois, Champaign",3,"MIDnet, Lincoln, NE","BARRnet, Palo Alto",1,7.1979321,"MIDnet, Lincoln, NE | NCSA, University of Illinois, Champaign | Merit Univ of Michigan, Ann Arbor | BARRnet, Palo Alto","MIDnet, Lincoln, NE->NCSA, University of Illinois, Champaign | NCSA, University of Illinois, Champaign->Merit Univ of Michigan, Ann Arbor | Merit Univ of Michigan, Ann Arbor->BARRnet, Palo Alto",1
29,nsfnet,7,1.0,moving_average,critical_failure_fixed,"NCSA, University of Illinois, Champaign -> Merit Univ of Michigan, Ann Arbor & Merit Univ of Michigan, Ann Arbor -> NCSA, University of Illinois, Champaign",4,"NCSA, University of Illinois, Champaign","BARRnet, Palo Alto",1,7.1810206,"NCSA, University of Illinois, Champaign | Merit Univ of Michigan, Ann Arbor | BARRnet, Palo Alto","NCSA, University of Illinois, Champaign->Merit Univ of Michigan, Ann Arbor | Merit Univ of Michigan, Ann Arbor->BARRnet, Palo Alto",1
29,nsfnet,7,1.0,moving_average,critical_failure_fixed,"NCSA, University of Illinois, Champaign -> Merit Univ of Michigan, Ann Arbor & Merit Univ of Michigan, Ann Arbor -> NCSA, University of Illinois, Champaign",5,"SURANET, Georgia Tech, Atlanta","Merit Univ of Michigan, Ann Arbor",1,6.6184578,"SURANET, Georgia Tech, Atlanta | SEQSUINET, Rice University, Houston | NCSA, University of Illinois, Champaign | Merit Univ of Michigan, Ann Arbor","SURANET, Georgia Tech, Atlanta->SEQSUINET, Rice University, Houston | SEQSUINET, Rice University, Houston->NCSA, University of Illinois, Champaign | NCSA, University of Illinois, Champaign->Merit Univ of Michigan, Ann Arbor",1
29,nsfnet,7,1.0,moving_average,random_failure_fixed,"NCSA, University of Illinois, Champaign -> Merit Univ of Michigan, Ann Arbor & Merit Univ of Michigan, Ann Arbor -> NCSA, University of Illinois, Champaign",1,"MIDnet, Lincoln, NE","Cornell Theory Center, Ithaca NY",1,7.3288179,"MIDnet, Lincoln, NE | NCSA, University of Illinois, Champaign | Merit Univ of Michigan, Ann Arbor | Cornell Theory Center, Ithaca NY","MIDnet, Lincoln, NE->NCSA, University of Illinois, Champaign | NCSA, University of Illinois, Champaign->Merit Univ of Michigan, Ann Arbor | Merit Univ of Michigan, Ann Arbor->Cornell Theory Center, Ithaca NY",1
29,nsfnet,7,1.0,moving_average,random_failure_fixed,"NCSA, University of Illinois, Champaign -> Merit Univ of Michigan, Ann Arbor & Merit Univ of Michigan, Ann Arbor -> NCSA, University of Illinois, Champaign",2,"NCSA, University of Illinois, Champaign","Merit Univ of Michigan, Ann Arbor",1,7.2576253,"NCSA, University of Illinois, Champaign | Merit Univ of Michigan, Ann Arbor","NCSA, University of Illinois, Champaign->Merit Univ of Michigan, Ann Arbor",1
29,nsfnet,7,1.0,moving_average,random_failure_fixed,"NCSA, University of Illinois, Champaign -> Merit Univ of Michigan, Ann Arbor & Merit Univ of Michigan, Ann Arbor -> NCSA, University of Illinois, Champaign",3,"MIDnet, Lincoln, NE","BARRnet, Palo Alto",1,7.1979321,"MIDnet, Lincoln, NE | NCSA, University of Illinois, Champaign | Merit Univ of Michigan, Ann Arbor | BARRnet, Palo Alto","MIDnet, Lincoln, NE->NCSA, University of Illinois, Champaign | NCSA, University of Illinois, Champaign->Merit Univ of Michigan, Ann Arbor | Merit Univ of Michigan, Ann Arbor->BARRnet, Palo Alto",1
29,nsfnet,7,1.0,moving_average,random_failure_fixed,"NCSA, University of Illinois, Champaign -> Merit Univ of Michigan, Ann Arbor & Merit Univ of Michigan, Ann Arbor -> NCSA, University of Illinois, Champaign",4,"NCSA, University of Illinois, Champaign","BARRnet, Palo Alto",1,7.1810206,"NCSA, University of Illinois, Champaign | Merit Univ of Michigan, Ann Arbor | BARRnet, Palo Alto","NCSA, University of Illinois, Champaign->Merit Univ of Michigan, Ann Arbor | Merit Univ of Michigan, Ann Arbor->BARRnet, Palo Alto",1
29,nsfnet,7,1.0,moving_average,random_failure_fixed,"NCSA, University of Illinois, Champaign -> Merit Univ of Michigan, Ann Arbor & Merit Univ of Michigan, Ann Arbor -> NCSA, University of Illinois, Champaign",5,"SURANET, Georgia Tech, Atlanta","Merit Univ of Michigan, Ann Arbor",1,6.6184578,"SURANET, Georgia Tech, Atlanta | SEQSUINET, Rice University, Houston | NCSA, University of Illinois, Champaign | Merit Univ of Michigan, Ann Arbor","SURANET, Georgia Tech, Atlanta->SEQSUINET, Rice University, Houston | SEQSUINET, Rice University, Houston->NCSA, University of Illinois, Champaign | NCSA, University of Illinois, Champaign->Merit Univ of Michigan, Ann Arbor",1
29,nsfnet,7,1.0,linear_autoregressive,critical_failure_fixed,"NCSA, University of Illinois, Champaign -> Merit Univ of Michigan, Ann Arbor & Merit Univ of Michigan, Ann Arbor -> NCSA, University of Illinois, Champaign",1,"NCSA, University of Illinois, Champaign","Merit Univ of Michigan, Ann Arbor",1,6.3895753,"NCSA, University of Illinois, Champaign | Merit Univ of Michigan, Ann Arbor","NCSA, University of Illinois, Champaign->Merit Univ of Michigan, Ann Arbor",1
29,nsfnet,7,1.0,linear_autoregressive,critical_failure_fixed,"NCSA, University of Illinois, Champaign -> Merit Univ of Michigan, Ann Arbor & Merit Univ of Michigan, Ann Arbor -> NCSA, University of Illinois, Champaign",2,"MIDnet, Lincoln, NE","BARRnet, Palo Alto",1,6.2988513,"MIDnet, Lincoln, NE | NCSA, University of Illinois, Champaign | Merit Univ of Michigan, Ann Arbor | BARRnet, Palo Alto","MIDnet, Lincoln, NE->NCSA, University of Illinois, Champaign | NCSA, University of Illinois, Champaign->Merit Univ of Michigan, Ann Arbor | Merit Univ of Michigan, Ann Arbor->BARRnet, Palo Alto",1
29,nsfnet,7,1.0,linear_autoregressive,critical_failure_fixed,"NCSA, University of Illinois, Champaign -> Merit Univ of Michigan, Ann Arbor & Merit Univ of Michigan, Ann Arbor -> NCSA, University of Illinois, Champaign",3,"NCSA, University of Illinois, Champaign","BARRnet, Palo Alto",1,6.2428479,"NCSA, University of Illinois, Champaign | Merit Univ of Michigan, Ann Arbor | BARRnet, Palo Alto","NCSA, University of Illinois, Champaign->Merit Univ of Michigan, Ann Arbor | Merit Univ of Michigan, Ann Arbor->BARRnet, Palo Alto",1
29,nsfnet,7,1.0,linear_autoregressive,critical_failure_fixed,"NCSA, University of Illinois, Champaign -> Merit Univ of Michigan, Ann Arbor & Merit Univ of Michigan, Ann Arbor -> NCSA, University of Illinois, Champaign",4,"MIDnet, Lincoln, NE","Cornell Theory Center, Ithaca NY",1,5.9545311,"MIDnet, Lincoln, NE | NCSA, University of Illinois, Champaign | Merit Univ of Michigan, Ann Arbor | Cornell Theory Center, Ithaca NY","MIDnet, Lincoln, NE->NCSA, University of Illinois, Champaign | NCSA, University of Illinois, Champaign->Merit Univ of Michigan, Ann Arbor | Merit Univ of Michigan, Ann Arbor->Cornell Theory Center, Ithaca NY",1
29,nsfnet,7,1.0,linear_autoregressive,critical_failure_fixed,"NCSA, University of Illinois, Champaign -> Merit Univ of Michigan, Ann Arbor & Merit Univ of Michigan, Ann Arbor -> NCSA, University of Illinois, Champaign",5,Pittsburgh Supercomputer Center,"MIDnet, Lincoln, NE",1,5.9293797,"Pittsburgh Supercomputer Center | Merit Univ of Michigan, Ann Arbor | NCSA, University of Illinois, Champaign | MIDnet, Lincoln, NE","Pittsburgh Supercomputer Center->Merit Univ of Michigan, Ann Arbor | Merit Univ of Michigan, Ann Arbor->NCSA, University of Illinois, Champaign | NCSA, University of Illinois, Champaign->MIDnet, Lincoln, NE",1
29,nsfnet,7,1.0,linear_autoregressive,random_failure_fixed,"NCSA, University of Illinois, Champaign -> Merit Univ of Michigan, Ann Arbor & Merit Univ of Michigan, Ann Arbor -> NCSA, University of Illinois, Champaign",1,"NCSA, University of Illinois, Champaign","Merit Univ of Michigan, Ann Arbor",1,6.3895753,"NCSA, University of Illinois, Champaign | Merit Univ of Michigan, Ann Arbor","NCSA, University of Illinois, Champaign->Merit Univ of Michigan, Ann Arbor",1
29,nsfnet,7,1.0,linear_autoregressive,random_failure_fixed,"NCSA, University of Illinois, Champaign -> Merit Univ of Michigan, Ann Arbor & Merit Univ of Michigan, Ann Arbor -> NCSA, University of Illinois, Champaign",2,"MIDnet, Lincoln, NE","BARRnet, Palo Alto",1,6.2988513,"MIDnet, Lincoln, NE | NCSA, University of Illinois, Champaign | Merit Univ of Michigan, Ann Arbor | BARRnet, Palo Alto","MIDnet, Lincoln, NE->NCSA, University of Illinois, Champaign | NCSA, University of Illinois, Champaign->Merit Univ of Michigan, Ann Arbor | Merit Univ of Michigan, Ann Arbor->BARRnet, Palo Alto",1
29,nsfnet,7,1.0,linear_autoregressive,random_failure_fixed,"NCSA, University of Illinois, Champaign -> Merit Univ of Michigan, Ann Arbor & Merit Univ of Michigan, Ann Arbor -> NCSA, University of Illinois, Champaign",3,"NCSA, University of Illinois, Champaign","BARRnet, Palo Alto",1,6.2428479,"NCSA, University of Illinois, Champaign | Merit Univ of Michigan, Ann Arbor | BARRnet, Palo Alto","NCSA, University of Illinois, Champaign->Merit Univ of Michigan, Ann Arbor | Merit Univ of Michigan, Ann Arbor->BARRnet, Palo Alto",1
29,nsfnet,7,1.0,linear_autoregressive,random_failure_fixed,"NCSA, University of Illinois, Champaign -> Merit Univ of Michigan, Ann Arbor & Merit Univ of Michigan, Ann Arbor -> NCSA, University of Illinois, Champaign",4,"MIDnet, Lincoln, NE","Cornell Theory Center, Ithaca NY",1,5.9545311,"MIDnet, Lincoln, NE | NCSA, University of Illinois, Champaign | Merit Univ of Michigan, Ann Arbor | Cornell Theory Center, Ithaca NY","MIDnet, Lincoln, NE->NCSA, University of Illinois, Champaign | NCSA, University of Illinois, Champaign->Merit Univ of Michigan, Ann Arbor | Merit Univ of Michigan, Ann Arbor->Cornell Theory Center, Ithaca NY",1
29,nsfnet,7,1.0,linear_autoregressive,random_failure_fixed,"NCSA, University of Illinois, Champaign -> Merit Univ of Michigan, Ann Arbor & Merit Univ of Michigan, Ann Arbor -> NCSA, University of Illinois, Champaign",5,Pittsburgh Supercomputer Center,"MIDnet, Lincoln, NE",1,5.9293797,"Pittsburgh Supercomputer Center | Merit Univ of Michigan, Ann Arbor | NCSA, University of Illinois, Champaign | MIDnet, Lincoln, NE","Pittsburgh Supercomputer Center->Merit Univ of Michigan, Ann Arbor | Merit Univ of Michigan, Ann Arbor->NCSA, University of Illinois, Champaign | NCSA, University of Illinois, Champaign->MIDnet, Lincoln, NE",1
29,nsfnet,7,1.0,lstm,critical_failure_fixed,"NCSA, University of Illinois, Champaign -> Merit Univ of Michigan, Ann Arbor & Merit Univ of Michigan, Ann Arbor -> NCSA, University of Illinois, Champaign",1,"MIDnet, Lincoln, NE","BARRnet, Palo Alto",1,5.3505807,"MIDnet, Lincoln, NE | NCSA, University of Illinois, Champaign | Merit Univ of Michigan, Ann Arbor | BARRnet, Palo Alto","MIDnet, Lincoln, NE->NCSA, University of Illinois, Champaign | NCSA, University of Illinois, Champaign->Merit Univ of Michigan, Ann Arbor | Merit Univ of Michigan, Ann Arbor->BARRnet, Palo Alto",1
29,nsfnet,7,1.0,lstm,critical_failure_fixed,"NCSA, University of Illinois, Champaign -> Merit Univ of Michigan, Ann Arbor & Merit Univ of Michigan, Ann Arbor -> NCSA, University of Illinois, Champaign",2,"NCSA, University of Illinois, Champaign","Merit Univ of Michigan, Ann Arbor",1,5.2914438,"NCSA, University of Illinois, Champaign | Merit Univ of Michigan, Ann Arbor","NCSA, University of Illinois, Champaign->Merit Univ of Michigan, Ann Arbor",1
29,nsfnet,7,1.0,lstm,critical_failure_fixed,"NCSA, University of Illinois, Champaign -> Merit Univ of Michigan, Ann Arbor & Merit Univ of Michigan, Ann Arbor -> NCSA, University of Illinois, Champaign",3,"MIDnet, Lincoln, NE","Cornell Theory Center, Ithaca NY",1,5.2456656,"MIDnet, Lincoln, NE | NCSA, University of Illinois, Champaign | Merit Univ of Michigan, Ann Arbor | Cornell Theory Center, Ithaca NY","MIDnet, Lincoln, NE->NCSA, University of Illinois, Champaign | NCSA, University of Illinois, Champaign->Merit Univ of Michigan, Ann Arbor | Merit Univ of Michigan, Ann Arbor->Cornell Theory Center, Ithaca NY",1
29,nsfnet,7,1.0,lstm,critical_failure_fixed,"NCSA, University of Illinois, Champaign -> Merit Univ of Michigan, Ann Arbor & Merit Univ of Michigan, Ann Arbor -> NCSA, University of Illinois, Champaign",4,"NCSA, University of Illinois, Champaign","BARRnet, Palo Alto",1,5.2050643,"NCSA, University of Illinois, Champaign | Merit Univ of Michigan, Ann Arbor | BARRnet, Palo Alto","NCSA, University of Illinois, Champaign->Merit Univ of Michigan, Ann Arbor | Merit Univ of Michigan, Ann Arbor->BARRnet, Palo Alto",1
29,nsfnet,7,1.0,lstm,critical_failure_fixed,"NCSA, University of Illinois, Champaign -> Merit Univ of Michigan, Ann Arbor & Merit Univ of Michigan, Ann Arbor -> NCSA, University of Illinois, Champaign",5,Pittsburgh Supercomputer Center,"MIDnet, Lincoln, NE",1,5.0236282,"Pittsburgh Supercomputer Center | Merit Univ of Michigan, Ann Arbor | NCSA, University of Illinois, Champaign | MIDnet, Lincoln, NE","Pittsburgh Supercomputer Center->Merit Univ of Michigan, Ann Arbor | Merit Univ of Michigan, Ann Arbor->NCSA, University of Illinois, Champaign | NCSA, University of Illinois, Champaign->MIDnet, Lincoln, NE",1
29,nsfnet,7,1.0,lstm,random_failure_fixed,"NCSA, University of Illinois, Champaign -> Merit Univ of Michigan, Ann Arbor & Merit Univ of Michigan, Ann Arbor -> NCSA, University of Illinois, Champaign",1,"MIDnet, Lincoln, NE","BARRnet, Palo Alto",1,5.3505807,"MIDnet, Lincoln, NE | NCSA, University of Illinois, Champaign | Merit Univ of Michigan, Ann Arbor | BARRnet, Palo Alto","MIDnet, Lincoln, NE->NCSA, University of Illinois, Champaign | NCSA, University of Illinois, Champaign->Merit Univ of Michigan, Ann Arbor | Merit Univ of Michigan, Ann Arbor->BARRnet, Palo Alto",1
29,nsfnet,7,1.0,lstm,random_failure_fixed,"NCSA, University of Illinois, Champaign -> Merit Univ of Michigan, Ann Arbor & Merit Univ of Michigan, Ann Arbor -> NCSA, University of Illinois, Champaign",2,"NCSA, University of Illinois, Champaign","Merit Univ of Michigan, Ann Arbor",1,5.2914438,"NCSA, University of Illinois, Champaign | Merit Univ of Michigan, Ann Arbor","NCSA, University of Illinois, Champaign->Merit Univ of Michigan, Ann Arbor",1
29,nsfnet,7,1.0,lstm,random_failure_fixed,"NCSA, University of Illinois, Champaign -> Merit Univ of Michigan, Ann Arbor & Merit Univ of Michigan, Ann Arbor -> NCSA, University of Illinois, Champaign",3,"MIDnet, Lincoln, NE","Cornell Theory Center, Ithaca NY",1,5.2456656,"MIDnet, Lincoln, NE | NCSA, University of Illinois, Champaign | Merit Univ of Michigan, Ann Arbor | Cornell Theory Center, Ithaca NY","MIDnet, Lincoln, NE->NCSA, University of Illinois, Champaign | NCSA, University of Illinois, Champaign->Merit Univ of Michigan, Ann Arbor | Merit Univ of Michigan, Ann Arbor->Cornell Theory Center, Ithaca NY",1
29,nsfnet,7,1.0,lstm,random_failure_fixed,"NCSA, University of Illinois, Champaign -> Merit Univ of Michigan, Ann Arbor & Merit Univ of Michigan, Ann Arbor -> NCSA, University of Illinois, Champaign",4,"NCSA, University of Illinois, Champaign","BARRnet, Palo Alto",1,5.2050643,"NCSA, University of Illinois, Champaign | Merit Univ of Michigan, Ann Arbor | BARRnet, Palo Alto","NCSA, University of Illinois, Champaign->Merit Univ of Michigan, Ann Arbor | Merit Univ of Michigan, Ann Arbor->BARRnet, Palo Alto",1
29,nsfnet,7,1.0,lstm,random_failure_fixed,"NCSA, University of Illinois, Champaign -> Merit Univ of Michigan, Ann Arbor & Merit Univ of Michigan, Ann Arbor -> NCSA, University of Illinois, Champaign",5,Pittsburgh Supercomputer Center,"MIDnet, Lincoln, NE",1,5.0236282,"Pittsburgh Supercomputer Center | Merit Univ of Michigan, Ann Arbor | NCSA, University of Illinois, Champaign | MIDnet, Lincoln, NE","Pittsburgh Supercomputer Center->Merit Univ of Michigan, Ann Arbor | Merit Univ of Michigan, Ann Arbor->NCSA, University of Illinois, Champaign | NCSA, University of Illinois, Champaign->MIDnet, Lincoln, NE",1
29,nsfnet,7,1.0,transformer,critical_failure_fixed,"NCSA, University of Illinois, Champaign -> Merit Univ of Michigan, Ann Arbor & Merit Univ of Michigan, Ann Arbor -> NCSA, University of Illinois, Champaign",1,"MIDnet, Lincoln, NE","BARRnet, Palo Alto",1,5.8251262,"MIDnet, Lincoln, NE | NCSA, University of Illinois, Champaign | Merit Univ of Michigan, Ann Arbor | BARRnet, Palo Alto","MIDnet, Lincoln, NE->NCSA, University of Illinois, Champaign | NCSA, University of Illinois, Champaign->Merit Univ of Michigan, Ann Arbor | Merit Univ of Michigan, Ann Arbor->BARRnet, Palo Alto",1
29,nsfnet,7,1.0,transformer,critical_failure_fixed,"NCSA, University of Illinois, Champaign -> Merit Univ of Michigan, Ann Arbor & Merit Univ of Michigan, Ann Arbor -> NCSA, University of Illinois, Champaign",2,"NCSA, University of Illinois, Champaign","Merit Univ of Michigan, Ann Arbor",1,5.752368,"NCSA, University of Illinois, Champaign | Merit Univ of Michigan, Ann Arbor","NCSA, University of Illinois, Champaign->Merit Univ of Michigan, Ann Arbor",1
29,nsfnet,7,1.0,transformer,critical_failure_fixed,"NCSA, University of Illinois, Champaign -> Merit Univ of Michigan, Ann Arbor & Merit Univ of Michigan, Ann Arbor -> NCSA, University of Illinois, Champaign",3,"NCSA, University of Illinois, Champaign","BARRnet, Palo Alto",1,5.6327076,"NCSA, University of Illinois, Champaign | Merit Univ of Michigan, Ann Arbor | BARRnet, Palo Alto","NCSA, University of Illinois, Champaign->Merit Univ of Michigan, Ann Arbor | Merit Univ of Michigan, Ann Arbor->BARRnet, Palo Alto",1
29,nsfnet,7,1.0,transformer,critical_failure_fixed,"NCSA, University of Illinois, Champaign -> Merit Univ of Michigan, Ann Arbor & Merit Univ of Michigan, Ann Arbor -> NCSA, University of Illinois, Champaign",4,"MIDnet, Lincoln, NE","Cornell Theory Center, Ithaca NY",1,5.6309762,"MIDnet, Lincoln, NE | NCSA, University of Illinois, Champaign | Merit Univ of Michigan, Ann Arbor | Cornell Theory Center, Ithaca NY","MIDnet, Lincoln, NE->NCSA, University of Illinois, Champaign | NCSA, University of Illinois, Champaign->Merit Univ of Michigan, Ann Arbor | Merit Univ of Michigan, Ann Arbor->Cornell Theory Center, Ithaca NY",1
29,nsfnet,7,1.0,transformer,critical_failure_fixed,"NCSA, University of Illinois, Champaign -> Merit Univ of Michigan, Ann Arbor & Merit Univ of Michigan, Ann Arbor -> NCSA, University of Illinois, Champaign",5,Pittsburgh Supercomputer Center,"MIDnet, Lincoln, NE",1,5.4656687,"Pittsburgh Supercomputer Center | Merit Univ of Michigan, Ann Arbor | NCSA, University of Illinois, Champaign | MIDnet, Lincoln, NE","Pittsburgh Supercomputer Center->Merit Univ of Michigan, Ann Arbor | Merit Univ of Michigan, Ann Arbor->NCSA, University of Illinois, Champaign | NCSA, University of Illinois, Champaign->MIDnet, Lincoln, NE",1
29,nsfnet,7,1.0,transformer,random_failure_fixed,"NCSA, University of Illinois, Champaign -> Merit Univ of Michigan, Ann Arbor & Merit Univ of Michigan, Ann Arbor -> NCSA, University of Illinois, Champaign",1,"MIDnet, Lincoln, NE","BARRnet, Palo Alto",1,5.8251262,"MIDnet, Lincoln, NE | NCSA, University of Illinois, Champaign | Merit Univ of Michigan, Ann Arbor | BARRnet, Palo Alto","MIDnet, Lincoln, NE->NCSA, University of Illinois, Champaign | NCSA, University of Illinois, Champaign->Merit Univ of Michigan, Ann Arbor | Merit Univ of Michigan, Ann Arbor->BARRnet, Palo Alto",1
29,nsfnet,7,1.0,transformer,random_failure_fixed,"NCSA, University of Illinois, Champaign -> Merit Univ of Michigan, Ann Arbor & Merit Univ of Michigan, Ann Arbor -> NCSA, University of Illinois, Champaign",2,"NCSA, University of Illinois, Champaign","Merit Univ of Michigan, Ann Arbor",1,5.752368,"NCSA, University of Illinois, Champaign | Merit Univ of Michigan, Ann Arbor","NCSA, University of Illinois, Champaign->Merit Univ of Michigan, Ann Arbor",1
29,nsfnet,7,1.0,transformer,random_failure_fixed,"NCSA, University of Illinois, Champaign -> Merit Univ of Michigan, Ann Arbor & Merit Univ of Michigan, Ann Arbor -> NCSA, University of Illinois, Champaign",3,"NCSA, University of Illinois, Champaign","BARRnet, Palo Alto",1,5.6327076,"NCSA, University of Illinois, Champaign | Merit Univ of Michigan, Ann Arbor | BARRnet, Palo Alto","NCSA, University of Illinois, Champaign->Merit Univ of Michigan, Ann Arbor | Merit Univ of Michigan, Ann Arbor->BARRnet, Palo Alto",1
29,nsfnet,7,1.0,transformer,random_failure_fixed,"NCSA, University of Illinois, Champaign -> Merit Univ of Michigan, Ann Arbor & Merit Univ of Michigan, Ann Arbor -> NCSA, University of Illinois, Champaign",4,"MIDnet, Lincoln, NE","Cornell Theory Center, Ithaca NY",1,5.6309762,"MIDnet, Lincoln, NE | NCSA, University of Illinois, Champaign | Merit Univ of Michigan, Ann Arbor | Cornell Theory Center, Ithaca NY","MIDnet, Lincoln, NE->NCSA, University of Illinois, Champaign | NCSA, University of Illinois, Champaign->Merit Univ of Michigan, Ann Arbor | Merit Univ of Michigan, Ann Arbor->Cornell Theory Center, Ithaca NY",1
29,nsfnet,7,1.0,transformer,random_failure_fixed,"NCSA, University of Illinois, Champaign -> Merit Univ of Michigan, Ann Arbor & Merit Univ of Michigan, Ann Arbor -> NCSA, University of Illinois, Champaign",5,Pittsburgh Supercomputer Center,"MIDnet, Lincoln, NE",1,5.4656687,"Pittsburgh Supercomputer Center | Merit Univ of Michigan, Ann Arbor | NCSA, University of Illinois, Champaign | MIDnet, Lincoln, NE","Pittsburgh Supercomputer Center->Merit Univ of Michigan, Ann Arbor | Merit Univ of Michigan, Ann Arbor->NCSA, University of Illinois, Champaign | NCSA, University of Illinois, Champaign->MIDnet, Lincoln, NE",1
30,nsfnet,7,1.0,moving_average,critical_failure_fixed,"NCSA, University of Illinois, Champaign -> Merit Univ of Michigan, Ann Arbor & Merit Univ of Michigan, Ann Arbor -> NCSA, University of Illinois, Champaign",1,"NCSA, University of Illinois, Champaign","Merit Univ of Michigan, Ann Arbor",1,6.7577734,"NCSA, University of Illinois, Champaign | Merit Univ of Michigan, Ann Arbor","NCSA, University of Illinois, Champaign->Merit Univ of Michigan, Ann Arbor",1
30,nsfnet,7,1.0,moving_average,critical_failure_fixed,"NCSA, University of Illinois, Champaign -> Merit Univ of Michigan, Ann Arbor & Merit Univ of Michigan, Ann Arbor -> NCSA, University of Illinois, Champaign",2,"NCSA, University of Illinois, Champaign","BARRnet, Palo Alto",1,6.7099976,"NCSA, University of Illinois, Champaign | Merit Univ of Michigan, Ann Arbor | BARRnet, Palo Alto","NCSA, University of Illinois, Champaign->Merit Univ of Michigan, Ann Arbor | Merit Univ of Michigan, Ann Arbor->BARRnet, Palo Alto",1
30,nsfnet,7,1.0,moving_average,critical_failure_fixed,"NCSA, University of Illinois, Champaign -> Merit Univ of Michigan, Ann Arbor & Merit Univ of Michigan, Ann Arbor -> NCSA, University of Illinois, Champaign",3,"MIDnet, Lincoln, NE","BARRnet, Palo Alto",1,6.7039931,"MIDnet, Lincoln, NE | NCSA, University of Illinois, Champaign | Merit Univ of Michigan, Ann Arbor | BARRnet, Palo Alto","MIDnet, Lincoln, NE->NCSA, University of Illinois, Champaign | NCSA, University of Illinois, Champaign->Merit Univ of Michigan, Ann Arbor | Merit Univ of Michigan, Ann Arbor->BARRnet, Palo Alto",1
30,nsfnet,7,1.0,moving_average,critical_failure_fixed,"NCSA, University of Illinois, Champaign -> Merit Univ of Michigan, Ann Arbor & Merit Univ of Michigan, Ann Arbor -> NCSA, University of Illinois, Champaign",4,"MIDnet, Lincoln, NE","Cornell Theory Center, Ithaca NY",1,6.6803486,"MIDnet, Lincoln, NE | NCSA, University of Illinois, Champaign | Merit Univ of Michigan, Ann Arbor | Cornell Theory Center, Ithaca NY","MIDnet, Lincoln, NE->NCSA, University of Illinois, Champaign | NCSA, University of Illinois, Champaign->Merit Univ of Michigan, Ann Arbor | Merit Univ of Michigan, Ann Arbor->Cornell Theory Center, Ithaca NY",1
30,nsfnet,7,1.0,moving_average,critical_failure_fixed,"NCSA, University of Illinois, Champaign -> Merit Univ of Michigan, Ann Arbor & Merit Univ of Michigan, Ann Arbor -> NCSA, University of Illinois, Champaign",5,Pittsburgh Supercomputer Center,"MIDnet, Lincoln, NE",1,6.1627183,"Pittsburgh Supercomputer Center | Merit Univ of Michigan, Ann Arbor | NCSA, University of Illinois, Champaign | MIDnet, Lincoln, NE","Pittsburgh Supercomputer Center->Merit Univ of Michigan, Ann Arbor | Merit Univ of Michigan, Ann Arbor->NCSA, University of Illinois, Champaign | NCSA, University of Illinois, Champaign->MIDnet, Lincoln, NE",1
30,nsfnet,7,1.0,moving_average,random_failure_fixed,"SEQSUINET, Rice University, Houston -> NCSA, University of Illinois, Champaign & NCSA, University of Illinois, Champaign -> SEQSUINET, Rice University, Houston",1,"NCSA, University of Illinois, Champaign","SURANET, Georgia Tech, Atlanta",1,6.6763337,"NCSA, University of Illinois, Champaign | SEQSUINET, Rice University, Houston | SURANET, Georgia Tech, Atlanta","NCSA, University of Illinois, Champaign->SEQSUINET, Rice University, Houston | SEQSUINET, Rice University, Houston->SURANET, Georgia Tech, Atlanta",1
30,nsfnet,7,1.0,moving_average,random_failure_fixed,"SEQSUINET, Rice University, Houston -> NCSA, University of Illinois, Champaign & NCSA, University of Illinois, Champaign -> SEQSUINET, Rice University, Houston",2,"MIDnet, Lincoln, NE","SEQSUINET, Rice University, Houston",1,6.6634137,"MIDnet, Lincoln, NE | NCSA, University of Illinois, Champaign | SEQSUINET, Rice University, Houston","MIDnet, Lincoln, NE->NCSA, University of Illinois, Champaign | NCSA, University of Illinois, Champaign->SEQSUINET, Rice University, Houston",1
30,nsfnet,7,1.0,moving_average,random_failure_fixed,"SEQSUINET, Rice University, Houston -> NCSA, University of Illinois, Champaign & NCSA, University of Illinois, Champaign -> SEQSUINET, Rice University, Houston",3,"Westnet, Salt Lake City","SEQSUINET, Rice University, Houston",1,6.4122416,"Westnet, Salt Lake City | NCAR, Boulder | NCSA, University of Illinois, Champaign | SEQSUINET, Rice University, Houston","Westnet, Salt Lake City->NCAR, Boulder | NCAR, Boulder->NCSA, University of Illinois, Champaign | NCSA, University of Illinois, Champaign->SEQSUINET, Rice University, Houston",1
30,nsfnet,7,1.0,moving_average,random_failure_fixed,"SEQSUINET, Rice University, Houston -> NCSA, University of Illinois, Champaign & NCSA, University of Illinois, Champaign -> SEQSUINET, Rice University, Houston",4,"NCAR, Boulder","SURANET, Georgia Tech, Atlanta",1,6.2830401,"NCAR, Boulder | NCSA, University of Illinois, Champaign | SEQSUINET, Rice University, Houston | SURANET, Georgia Tech, Atlanta","NCAR, Boulder->NCSA, University of Illinois, Champaign | NCSA, University of Illinois, Champaign->SEQSUINET, Rice University, Houston | SEQSUINET, Rice University, Houston->SURANET, Georgia Tech, Atlanta",1
30,nsfnet,7,1.0,moving_average,random_failure_fixed,"SEQSUINET, Rice University, Houston -> NCSA, University of Illinois, Champaign & NCSA, University of Illinois, Champaign -> SEQSUINET, Rice University, Houston",5,"NCSA, University of Illinois, Champaign","SEQSUINET, Rice University, Houston",1,6.2733377,"NCSA, University of Illinois, Champaign | SEQSUINET, Rice University, Houston","NCSA, University of Illinois, Champaign->SEQSUINET, Rice University, Houston",1
30,nsfnet,7,1.0,linear_autoregressive,critical_failure_fixed,"NCSA, University of Illinois, Champaign -> Merit Univ of Michigan, Ann Arbor & Merit Univ of Michigan, Ann Arbor -> NCSA, University of Illinois, Champaign",1,"NCSA, University of Illinois, Champaign","Merit Univ of Michigan, Ann Arbor",1,5.8563332,"NCSA, University of Illinois, Champaign | Merit Univ of Michigan, Ann Arbor","NCSA, University of Illinois, Champaign->Merit Univ of Michigan, Ann Arbor",1
30,nsfnet,7,1.0,linear_autoregressive,critical_failure_fixed,"NCSA, University of Illinois, Champaign -> Merit Univ of Michigan, Ann Arbor & Merit Univ of Michigan, Ann Arbor -> NCSA, University of Illinois, Champaign",2,"MIDnet, Lincoln, NE","BARRnet, Palo Alto",1,5.6107859,"MIDnet, Lincoln, NE | NCSA, University of Illinois, Champaign | Merit Univ of Michigan, Ann Arbor | BARRnet, Palo Alto","MIDnet, Lincoln, NE->NCSA, University of Illinois, Champaign | NCSA, University of Illinois, Champaign->Merit Univ of Michigan, Ann Arbor | Merit Univ of Michigan, Ann Arbor->BARRnet, Palo Alto",1
30,nsfnet,7,1.0,linear_autoregressive,critical_failure_fixed,"NCSA, University of Illinois, Champaign -> Merit Univ of Michigan, Ann Arbor & Merit Univ of Michigan, Ann Arbor -> NCSA, University of Illinois, Champaign",3,"MIDnet, Lincoln, NE","Cornell Theory Center, Ithaca NY",1,5.5548698,"MIDnet, Lincoln, NE | NCSA, University of Illinois, Champaign | Merit Univ of Michigan, Ann Arbor | Cornell Theory Center, Ithaca NY","MIDnet, Lincoln, NE->NCSA, University of Illinois, Champaign | NCSA, University of Illinois, Champaign->Merit Univ of Michigan, Ann Arbor | Merit Univ of Michigan, Ann Arbor->Cornell Theory Center, Ithaca NY",1
30,nsfnet,7,1.0,linear_autoregressive,critical_failure_fixed,"NCSA, University of Illinois, Champaign -> Merit Univ of Michigan, Ann Arbor & Merit Univ of Michigan, Ann Arbor -> NCSA, University of Illinois, Champaign",4,"NCSA, University of Illinois, Champaign","BARRnet, Palo Alto",1,5.5411935,"NCSA, University of Illinois, Champaign | Merit Univ of Michigan, Ann Arbor | BARRnet, Palo Alto","NCSA, University of Illinois, Champaign->Merit Univ of Michigan, Ann Arbor | Merit Univ of Michigan, Ann Arbor->BARRnet, Palo Alto",1
30,nsfnet,7,1.0,linear_autoregressive,critical_failure_fixed,"NCSA, University of Illinois, Champaign -> Merit Univ of Michigan, Ann Arbor & Merit Univ of Michigan, Ann Arbor -> NCSA, University of Illinois, Champaign",5,"Westnet, Salt Lake City","Merit Univ of Michigan, Ann Arbor",1,5.1793751,"Westnet, Salt Lake City | NCAR, Boulder | NCSA, University of Illinois, Champaign | Merit Univ of Michigan, Ann Arbor","Westnet, Salt Lake City->NCAR, Boulder | NCAR, Boulder->NCSA, University of Illinois, Champaign | NCSA, University of Illinois, Champaign->Merit Univ of Michigan, Ann Arbor",1
30,nsfnet,7,1.0,linear_autoregressive,random_failure_fixed,"SEQSUINET, Rice University, Houston -> NCSA, University of Illinois, Champaign & NCSA, University of Illinois, Champaign -> SEQSUINET, Rice University, Houston",1,"MIDnet, Lincoln, NE","SEQSUINET, Rice University, Houston",1,5.7550855,"MIDnet, Lincoln, NE | NCSA, University of Illinois, Champaign | SEQSUINET, Rice University, Houston","MIDnet, Lincoln, NE->NCSA, University of Illinois, Champaign | NCSA, University of Illinois, Champaign->SEQSUINET, Rice University, Houston",1
30,nsfnet,7,1.0,linear_autoregressive,random_failure_fixed,"SEQSUINET, Rice University, Houston -> NCSA, University of Illinois, Champaign & NCSA, University of Illinois, Champaign -> SEQSUINET, Rice University, Houston",2,"NCSA, University of Illinois, Champaign","SURANET, Georgia Tech, Atlanta",1,5.4391591,"NCSA, University of Illinois, Champaign | SEQSUINET, Rice University, Houston | SURANET, Georgia Tech, Atlanta","NCSA, University of Illinois, Champaign->SEQSUINET, Rice University, Houston | SEQSUINET, Rice University, Houston->SURANET, Georgia Tech, Atlanta",1
30,nsfnet,7,1.0,linear_autoregressive,random_failure_fixed,"SEQSUINET, Rice University, Houston -> NCSA, University of Illinois, Champaign & NCSA, University of Illinois, Champaign -> SEQSUINET, Rice University, Houston",3,"NCSA, University of Illinois, Champaign","SEQSUINET, Rice University, Houston",1,5.2803289,"NCSA, University of Illinois, Champaign | SEQSUINET, Rice University, Houston","NCSA, University of Illinois, Champaign->SEQSUINET, Rice University, Houston",1
30,nsfnet,7,1.0,linear_autoregressive,random_failure_fixed,"SEQSUINET, Rice University, Houston -> NCSA, University of Illinois, Champaign & NCSA, University of Illinois, Champaign -> SEQSUINET, Rice University, Houston",4,"Westnet, Salt Lake City","SEQSUINET, Rice University, Houston",1,5.2173638,"Westnet, Salt Lake City | NCAR, Boulder | NCSA, University of Illinois, Champaign | SEQSUINET, Rice University, Houston","Westnet, Salt Lake City->NCAR, Boulder | NCAR, Boulder->NCSA, University of Illinois, Champaign | NCSA, University of Illinois, Champaign->SEQSUINET, Rice University, Houston",1
30,nsfnet,7,1.0,linear_autoregressive,random_failure_fixed,"SEQSUINET, Rice University, Houston -> NCSA, University of Illinois, Champaign & NCSA, University of Illinois, Champaign -> SEQSUINET, Rice University, Houston",5,"NCAR, Boulder","SURANET, Georgia Tech, Atlanta",1,5.1414839,"NCAR, Boulder | NCSA, University of Illinois, Champaign | SEQSUINET, Rice University, Houston | SURANET, Georgia Tech, Atlanta","NCAR, Boulder->NCSA, University of Illinois, Champaign | NCSA, University of Illinois, Champaign->SEQSUINET, Rice University, Houston | SEQSUINET, Rice University, Houston->SURANET, Georgia Tech, Atlanta",1
30,nsfnet,7,1.0,lstm,critical_failure_fixed,"NCSA, University of Illinois, Champaign -> Merit Univ of Michigan, Ann Arbor & Merit Univ of Michigan, Ann Arbor -> NCSA, University of Illinois, Champaign",1,"MIDnet, Lincoln, NE","BARRnet, Palo Alto",1,5.3505807,"MIDnet, Lincoln, NE | NCSA, University of Illinois, Champaign | Merit Univ of Michigan, Ann Arbor | BARRnet, Palo Alto","MIDnet, Lincoln, NE->NCSA, University of Illinois, Champaign | NCSA, University of Illinois, Champaign->Merit Univ of Michigan, Ann Arbor | Merit Univ of Michigan, Ann Arbor->BARRnet, Palo Alto",1
30,nsfnet,7,1.0,lstm,critical_failure_fixed,"NCSA, University of Illinois, Champaign -> Merit Univ of Michigan, Ann Arbor & Merit Univ of Michigan, Ann Arbor -> NCSA, University of Illinois, Champaign",2,"NCSA, University of Illinois, Champaign","Merit Univ of Michigan, Ann Arbor",1,5.2914438,"NCSA, University of Illinois, Champaign | Merit Univ of Michigan, Ann Arbor","NCSA, University of Illinois, Champaign->Merit Univ of Michigan, Ann Arbor",1
30,nsfnet,7,1.0,lstm,critical_failure_fixed,"NCSA, University of Illinois, Champaign -> Merit Univ of Michigan, Ann Arbor & Merit Univ of Michigan, Ann Arbor -> NCSA, University of Illinois, Champaign",3,"MIDnet, Lincoln, NE","Cornell Theory Center, Ithaca NY",1,5.2456656,"MIDnet, Lincoln, NE | NCSA, University of Illinois, Champaign | Merit Univ of Michigan, Ann Arbor | Cornell Theory Center, Ithaca NY","MIDnet, Lincoln, NE->NCSA, University of Illinois, Champaign | NCSA, University of Illinois, Champaign->Merit Univ of Michigan, Ann Arbor | Merit Univ of Michigan, Ann Arbor->Cornell Theory Center, Ithaca NY",1
30,nsfnet,7,1.0,lstm,critical_failure_fixed,"NCSA, University of Illinois, Champaign -> Merit Univ of Michigan, Ann Arbor & Merit Univ of Michigan, Ann Arbor -> NCSA, University of Illinois, Champaign",4,"NCSA, University of Illinois, Champaign","BARRnet, Palo Alto",1,5.2050643,"NCSA, University of Illinois, Champaign | Merit Univ of Michigan, Ann Arbor | BARRnet, Palo Alto","NCSA, University of Illinois, Champaign->Merit Univ of Michigan, Ann Arbor | Merit Univ of Michigan, Ann Arbor->BARRnet, Palo Alto",1
30,nsfnet,7,1.0,lstm,critical_failure_fixed,"NCSA, University of Illinois, Champaign -> Merit Univ of Michigan, Ann Arbor & Merit Univ of Michigan, Ann Arbor -> NCSA, University of Illinois, Champaign",5,Pittsburgh Supercomputer Center,"MIDnet, Lincoln, NE",1,5.0236282,"Pittsburgh Supercomputer Center | Merit Univ of Michigan, Ann Arbor | NCSA, University of Illinois, Champaign | MIDnet, Lincoln, NE","Pittsburgh Supercomputer Center->Merit Univ of Michigan, Ann Arbor | Merit Univ of Michigan, Ann Arbor->NCSA, University of Illinois, Champaign | NCSA, University of Illinois, Champaign->MIDnet, Lincoln, NE",1
30,nsfnet,7,1.0,lstm,random_failure_fixed,"SEQSUINET, Rice University, Houston -> NCSA, University of Illinois, Champaign & NCSA, University of Illinois, Champaign -> SEQSUINET, Rice University, Houston",1,"MIDnet, Lincoln, NE","SEQSUINET, Rice University, Houston",1,5.2843084,"MIDnet, Lincoln, NE | NCSA, University of Illinois, Champaign | SEQSUINET, Rice University, Houston","MIDnet, Lincoln, NE->NCSA, University of Illinois, Champaign | NCSA, University of Illinois, Champaign->SEQSUINET, Rice University, Houston",1
30,nsfnet,7,1.0,lstm,random_failure_fixed,"SEQSUINET, Rice University, Houston -> NCSA, University of Illinois, Champaign & NCSA, University of Illinois, Champaign -> SEQSUINET, Rice University, Houston",2,"NCSA, University of Illinois, Champaign","SURANET, Georgia Tech, Atlanta",1,5.1792274,"NCSA, University of Illinois, Champaign | SEQSUINET, Rice University, Houston | SURANET, Georgia Tech, Atlanta","NCSA, University of Illinois, Champaign->SEQSUINET, Rice University, Houston | SEQSUINET, Rice University, Houston->SURANET, Georgia Tech, Atlanta",1
30,nsfnet,7,1.0,lstm,random_failure_fixed,"SEQSUINET, Rice University, Houston -> NCSA, University of Illinois, Champaign & NCSA, University of Illinois, Champaign -> SEQSUINET, Rice University, Houston",3,"NCSA, University of Illinois, Champaign","SEQSUINET, Rice University, Houston",1,5.0183148,"NCSA, University of Illinois, Champaign | SEQSUINET, Rice University, Houston","NCSA, University of Illinois, Champaign->SEQSUINET, Rice University, Houston",1
30,nsfnet,7,1.0,lstm,random_failure_fixed,"SEQSUINET, Rice University, Houston -> NCSA, University of Illinois, Champaign & NCSA, University of Illinois, Champaign -> SEQSUINET, Rice University, Houston",4,"Westnet, Salt Lake City","SEQSUINET, Rice University, Houston",1,5.0074658,"Westnet, Salt Lake City | NCAR, Boulder | NCSA, University of Illinois, Champaign | SEQSUINET, Rice University, Houston","Westnet, Salt Lake City->NCAR, Boulder | NCAR, Boulder->NCSA, University of Illinois, Champaign | NCSA, University of Illinois, Champaign->SEQSUINET, Rice University, Houston",1
30,nsfnet,7,1.0,lstm,random_failure_fixed,"SEQSUINET, Rice University, Houston -> NCSA, University of Illinois, Champaign & NCSA, University of Illinois, Champaign -> SEQSUINET, Rice University, Houston",5,"SURANET, Georgia Tech, Atlanta","Merit Univ of Michigan, Ann Arbor",1,4.9037123,"SURANET, Georgia Tech, Atlanta | SEQSUINET, Rice University, Houston | NCSA, University of Illinois, Champaign | Merit Univ of Michigan, Ann Arbor","SURANET, Georgia Tech, Atlanta->SEQSUINET, Rice University, Houston | SEQSUINET, Rice University, Houston->NCSA, University of Illinois, Champaign | NCSA, University of Illinois, Champaign->Merit Univ of Michigan, Ann Arbor",1
30,nsfnet,7,1.0,transformer,critical_failure_fixed,"NCSA, University of Illinois, Champaign -> Merit Univ of Michigan, Ann Arbor & Merit Univ of Michigan, Ann Arbor -> NCSA, University of Illinois, Champaign",1,"MIDnet, Lincoln, NE","BARRnet, Palo Alto",1,5.8250265,"MIDnet, Lincoln, NE | NCSA, University of Illinois, Champaign | Merit Univ of Michigan, Ann Arbor | BARRnet, Palo Alto","MIDnet, Lincoln, NE->NCSA, University of Illinois, Champaign | NCSA, University of Illinois, Champaign->Merit Univ of Michigan, Ann Arbor | Merit Univ of Michigan, Ann Arbor->BARRnet, Palo Alto",1
30,nsfnet,7,1.0,transformer,critical_failure_fixed,"NCSA, University of Illinois, Champaign -> Merit Univ of Michigan, Ann Arbor & Merit Univ of Michigan, Ann Arbor -> NCSA, University of Illinois, Champaign",2,"NCSA, University of Illinois, Champaign","Merit Univ of Michigan, Ann Arbor",1,5.752296,"NCSA, University of Illinois, Champaign | Merit Univ of Michigan, Ann Arbor","NCSA, University of Illinois, Champaign->Merit Univ of Michigan, Ann Arbor",1
30,nsfnet,7,1.0,transformer,critical_failure_fixed,"NCSA, University of Illinois, Champaign -> Merit Univ of Michigan, Ann Arbor & Merit Univ of Michigan, Ann Arbor -> NCSA, University of Illinois, Champaign",3,"NCSA, University of Illinois, Champaign","BARRnet, Palo Alto",1,5.632678,"NCSA, University of Illinois, Champaign | Merit Univ of Michigan, Ann Arbor | BARRnet, Palo Alto","NCSA, University of Illinois, Champaign->Merit Univ of Michigan, Ann Arbor | Merit Univ of Michigan, Ann Arbor->BARRnet, Palo Alto",1
30,nsfnet,7,1.0,transformer,critical_failure_fixed,"NCSA, University of Illinois, Champaign -> Merit Univ of Michigan, Ann Arbor & Merit Univ of Michigan, Ann Arbor -> NCSA, University of Illinois, Champaign",4,"MIDnet, Lincoln, NE","Cornell Theory Center, Ithaca NY",1,5.630888,"MIDnet, Lincoln, NE | NCSA, University of Illinois, Champaign | Merit Univ of Michigan, Ann Arbor | Cornell Theory Center, Ithaca NY","MIDnet, Lincoln, NE->NCSA, University of Illinois, Champaign | NCSA, University of Illinois, Champaign->Merit Univ of Michigan, Ann Arbor | Merit Univ of Michigan, Ann Arbor->Cornell Theory Center, Ithaca NY",1
30,nsfnet,7,1.0,transformer,critical_failure_fixed,"NCSA, University of Illinois, Champaign -> Merit Univ of Michigan, Ann Arbor & Merit Univ of Michigan, Ann Arbor -> NCSA, University of Illinois, Champaign",5,Pittsburgh Supercomputer Center,"MIDnet, Lincoln, NE",1,5.4655871,"Pittsburgh Supercomputer Center | Merit Univ of Michigan, Ann Arbor | NCSA, University of Illinois, Champaign | MIDnet, Lincoln, NE","Pittsburgh Supercomputer Center->Merit Univ of Michigan, Ann Arbor | Merit Univ of Michigan, Ann Arbor->NCSA, University of Illinois, Champaign | NCSA, University of Illinois, Champaign->MIDnet, Lincoln, NE",1
30,nsfnet,7,1.0,transformer,random_failure_fixed,"SEQSUINET, Rice University, Houston -> NCSA, University of Illinois, Champaign & NCSA, University of Illinois, Champaign -> SEQSUINET, Rice University, Houston",1,"NCSA, University of Illinois, Champaign","SURANET, Georgia Tech, Atlanta",1,5.6684985,"NCSA, University of Illinois, Champaign | SEQSUINET, Rice University, Houston | SURANET, Georgia Tech, Atlanta","NCSA, University of Illinois, Champaign->SEQSUINET, Rice University, Houston | SEQSUINET, Rice University, Houston->SURANET, Georgia Tech, Atlanta",1
30,nsfnet,7,1.0,transformer,random_failure_fixed,"SEQSUINET, Rice University, Houston -> NCSA, University of Illinois, Champaign & NCSA, University of Illinois, Champaign -> SEQSUINET, Rice University, Houston",2,"MIDnet, Lincoln, NE","SEQSUINET, Rice University, Houston",1,5.6533418,"MIDnet, Lincoln, NE | NCSA, University of Illinois, Champaign | SEQSUINET, Rice University, Houston","MIDnet, Lincoln, NE->NCSA, University of Illinois, Champaign | NCSA, University of Illinois, Champaign->SEQSUINET, Rice University, Houston",1
30,nsfnet,7,1.0,transformer,random_failure_fixed,"SEQSUINET, Rice University, Houston -> NCSA, University of Illinois, Champaign & NCSA, University of Illinois, Champaign -> SEQSUINET, Rice University, Houston",3,"NCSA, University of Illinois, Champaign","SEQSUINET, Rice University, Houston",1,5.4918227,"NCSA, University of Illinois, Champaign | SEQSUINET, Rice University, Houston","NCSA, University of Illinois, Champaign->SEQSUINET, Rice University, Houston",1
30,nsfnet,7,1.0,transformer,random_failure_fixed,"SEQSUINET, Rice University, Houston -> NCSA, University of Illinois, Champaign & NCSA, University of Illinois, Champaign -> SEQSUINET, Rice University, Houston",4,"Westnet, Salt Lake City","SEQSUINET, Rice University, Houston",1,5.4042826,"Westnet, Salt Lake City | NCAR, Boulder | NCSA, University of Illinois, Champaign | SEQSUINET, Rice University, Houston","Westnet, Salt Lake City->NCAR, Boulder | NCAR, Boulder->NCSA, University of Illinois, Champaign | NCSA, University of Illinois, Champaign->SEQSUINET, Rice University, Houston",1
30,nsfnet,7,1.0,transformer,random_failure_fixed,"SEQSUINET, Rice University, Houston -> NCSA, University of Illinois, Champaign & NCSA, University of Illinois, Champaign -> SEQSUINET, Rice University, Houston",5,"SURANET, Georgia Tech, Atlanta","Merit Univ of Michigan, Ann Arbor",1,5.2484698,"SURANET, Georgia Tech, Atlanta | SEQSUINET, Rice University, Houston | NCSA, University of Illinois, Champaign | Merit Univ of Michigan, Ann Arbor","SURANET, Georgia Tech, Atlanta->SEQSUINET, Rice University, Houston | SEQSUINET, Rice University, Houston->NCSA, University of Illinois, Champaign | NCSA, University of Illinois, Champaign->Merit Univ of Michigan, Ann Arbor",1
31,nsfnet,7,1.0,moving_average,critical_failure_fixed,"NCSA, University of Illinois, Champaign -> Merit Univ of Michigan, Ann Arbor & Merit Univ of Michigan, Ann Arbor -> NCSA, University of Illinois, Champaign",1,"NCSA, University of Illinois, Champaign","Merit Univ of Michigan, Ann Arbor",1,6.1416075,"NCSA, University of Illinois, Champaign | Merit Univ of Michigan, Ann Arbor","NCSA, University of Illinois, Champaign->Merit Univ of Michigan, Ann Arbor",1
31,nsfnet,7,1.0,moving_average,critical_failure_fixed,"NCSA, University of Illinois, Champaign -> Merit Univ of Michigan, Ann Arbor & Merit Univ of Michigan, Ann Arbor -> NCSA, University of Illinois, Champaign",2,"NCSA, University of Illinois, Champaign","BARRnet, Palo Alto",1,6.0576775,"NCSA, University of Illinois, Champaign | Merit Univ of Michigan, Ann Arbor | BARRnet, Palo Alto","NCSA, University of Illinois, Champaign->Merit Univ of Michigan, Ann Arbor | Merit Univ of Michigan, Ann Arbor->BARRnet, Palo Alto",1
31,nsfnet,7,1.0,moving_average,critical_failure_fixed,"NCSA, University of Illinois, Champaign -> Merit Univ of Michigan, Ann Arbor & Merit Univ of Michigan, Ann Arbor -> NCSA, University of Illinois, Champaign",3,"MIDnet, Lincoln, NE","BARRnet, Palo Alto",1,5.9177662,"MIDnet, Lincoln, NE | NCSA, University of Illinois, Champaign | Merit Univ of Michigan, Ann Arbor | BARRnet, Palo Alto","MIDnet, Lincoln, NE->NCSA, University of Illinois, Champaign | NCSA, University of Illinois, Champaign->Merit Univ of Michigan, Ann Arbor | Merit Univ of Michigan, Ann Arbor->BARRnet, Palo Alto",1
31,nsfnet,7,1.0,moving_average,critical_failure_fixed,"NCSA, University of Illinois, Champaign -> Merit Univ of Michigan, Ann Arbor & Merit Univ of Michigan, Ann Arbor -> NCSA, University of Illinois, Champaign",4,"MIDnet, Lincoln, NE","Cornell Theory Center, Ithaca NY",1,5.8311067,"MIDnet, Lincoln, NE | NCSA, University of Illinois, Champaign | Merit Univ of Michigan, Ann Arbor | Cornell Theory Center, Ithaca NY","MIDnet, Lincoln, NE->NCSA, University of Illinois, Champaign | NCSA, University of Illinois, Champaign->Merit Univ of Michigan, Ann Arbor | Merit Univ of Michigan, Ann Arbor->Cornell Theory Center, Ithaca NY",1
31,nsfnet,7,1.0,moving_average,critical_failure_fixed,"NCSA, University of Illinois, Champaign -> Merit Univ of Michigan, Ann Arbor & Merit Univ of Michigan, Ann Arbor -> NCSA, University of Illinois, Champaign",5,Pittsburgh Supercomputer Center,"MIDnet, Lincoln, NE",1,5.4372155,"Pittsburgh Supercomputer Center | Merit Univ of Michigan, Ann Arbor | NCSA, University of Illinois, Champaign | MIDnet, Lincoln, NE","Pittsburgh Supercomputer Center->Merit Univ of Michigan, Ann Arbor | Merit Univ of Michigan, Ann Arbor->NCSA, University of Illinois, Champaign | NCSA, University of Illinois, Champaign->MIDnet, Lincoln, NE",1
31,nsfnet,7,1.0,moving_average,random_failure_fixed,"NorthWestNet, Seattle -> BARRnet, Palo Alto & BARRnet, Palo Alto -> NorthWestNet, Seattle",1,"Merit Univ of Michigan, Ann Arbor","NorthWestNet, Seattle",1,5.9633133,"Merit Univ of Michigan, Ann Arbor | BARRnet, Palo Alto | NorthWestNet, Seattle","Merit Univ of Michigan, Ann Arbor->BARRnet, Palo Alto | BARRnet, Palo Alto->NorthWestNet, Seattle",1
31,nsfnet,7,1.0,moving_average,random_failure_fixed,"NorthWestNet, Seattle -> BARRnet, Palo Alto & BARRnet, Palo Alto -> NorthWestNet, Seattle",2,"NorthWestNet, Seattle",Pittsburgh Supercomputer Center,1,5.9045352,"NorthWestNet, Seattle | BARRnet, Palo Alto | Merit Univ of Michigan, Ann Arbor | Pittsburgh Supercomputer Center","NorthWestNet, Seattle->BARRnet, Palo Alto | BARRnet, Palo Alto->Merit Univ of Michigan, Ann Arbor | Merit Univ of Michigan, Ann Arbor->Pittsburgh Supercomputer Center",1
31,nsfnet,7,1.0,moving_average,random_failure_fixed,"NorthWestNet, Seattle -> BARRnet, Palo Alto & BARRnet, Palo Alto -> NorthWestNet, Seattle",3,San Diego Supercomputer Center,"NCAR, Boulder",1,5.8558783,"San Diego Supercomputer Center | BARRnet, Palo Alto | NorthWestNet, Seattle | NCAR, Boulder","San Diego Supercomputer Center->BARRnet, Palo Alto | BARRnet, Palo Alto->NorthWestNet, Seattle | NorthWestNet, Seattle->NCAR, Boulder",1
31,nsfnet,7,1.0,moving_average,random_failure_fixed,"NorthWestNet, Seattle -> BARRnet, Palo Alto & BARRnet, Palo Alto -> NorthWestNet, Seattle",4,"Westnet, Salt Lake City",San Diego Supercomputer Center,1,5.6699556,"Westnet, Salt Lake City | NCAR, Boulder | NorthWestNet, Seattle | BARRnet, Palo Alto | San Diego Supercomputer Center","Westnet, Salt Lake City->NCAR, Boulder | NCAR, Boulder->NorthWestNet, Seattle | NorthWestNet, Seattle->BARRnet, Palo Alto | BARRnet, Palo Alto->San Diego Supercomputer Center",1
31,nsfnet,7,1.0,moving_average,random_failure_fixed,"NorthWestNet, Seattle -> BARRnet, Palo Alto & BARRnet, Palo Alto -> NorthWestNet, Seattle",5,"NorthWestNet, Seattle","Merit Univ of Michigan, Ann Arbor",1,5.5811003,"NorthWestNet, Seattle | BARRnet, Palo Alto | Merit Univ of Michigan, Ann Arbor","NorthWestNet, Seattle->BARRnet, Palo Alto | BARRnet, Palo Alto->Merit Univ of Michigan, Ann Arbor",1
31,nsfnet,7,1.0,linear_autoregressive,critical_failure_fixed,"NCSA, University of Illinois, Champaign -> Merit Univ of Michigan, Ann Arbor & Merit Univ of Michigan, Ann Arbor -> NCSA, University of Illinois, Champaign",1,"NCSA, University of Illinois, Champaign","Merit Univ of Michigan, Ann Arbor",1,4.7201665,"NCSA, University of Illinois, Champaign | Merit Univ of Michigan, Ann Arbor","NCSA, University of Illinois, Champaign->Merit Univ of Michigan, Ann Arbor",1
31,nsfnet,7,1.0,linear_autoregressive,critical_failure_fixed,"NCSA, University of Illinois, Champaign -> Merit Univ of Michigan, Ann Arbor & Merit Univ of Michigan, Ann Arbor -> NCSA, University of Illinois, Champaign",2,"NCSA, University of Illinois, Champaign","BARRnet, Palo Alto",1,4.3872152,"NCSA, University of Illinois, Champaign | Merit Univ of Michigan, Ann Arbor | BARRnet, Palo Alto","NCSA, University of Illinois, Champaign->Merit Univ of Michigan, Ann Arbor | Merit Univ of Michigan, Ann Arbor->BARRnet, Palo Alto",1
31,nsfnet,7,1.0,linear_autoregressive,critical_failure_fixed,"NCSA, University of Illinois, Champaign -> Merit Univ of Michigan, Ann Arbor & Merit Univ of Michigan, Ann Arbor -> NCSA, University of Illinois, Champaign",3,"MIDnet, Lincoln, NE","Cornell Theory Center, Ithaca NY",1,4.3495975,"MIDnet, Lincoln, NE | NCSA, University of Illinois, Champaign | Merit Univ of Michigan, Ann Arbor | Cornell Theory Center, Ithaca NY","MIDnet, Lincoln, NE->NCSA, University of Illinois, Champaign | NCSA, University of Illinois, Champaign->Merit Univ of Michigan, Ann Arbor | Merit Univ of Michigan, Ann Arbor->Cornell Theory Center, Ithaca NY",1
31,nsfnet,7,1.0,linear_autoregressive,critical_failure_fixed,"NCSA, University of Illinois, Champaign -> Merit Univ of Michigan, Ann Arbor & Merit Univ of Michigan, Ann Arbor -> NCSA, University of Illinois, Champaign",4,"MIDnet, Lincoln, NE","BARRnet, Palo Alto",1,4.3179085,"MIDnet, Lincoln, NE | NCSA, University of Illinois, Champaign | Merit Univ of Michigan, Ann Arbor | BARRnet, Palo Alto","MIDnet, Lincoln, NE->NCSA, University of Illinois, Champaign | NCSA, University of Illinois, Champaign->Merit Univ of Michigan, Ann Arbor | Merit Univ of Michigan, Ann Arbor->BARRnet, Palo Alto",1
31,nsfnet,7,1.0,linear_autoregressive,critical_failure_fixed,"NCSA, University of Illinois, Champaign -> Merit Univ of Michigan, Ann Arbor & Merit Univ of Michigan, Ann Arbor -> NCSA, University of Illinois, Champaign",5,Pittsburgh Supercomputer Center,"MIDnet, Lincoln, NE",1,4.2194116,"Pittsburgh Supercomputer Center | Merit Univ of Michigan, Ann Arbor | NCSA, University of Illinois, Champaign | MIDnet, Lincoln, NE","Pittsburgh Supercomputer Center->Merit Univ of Michigan, Ann Arbor | Merit Univ of Michigan, Ann Arbor->NCSA, University of Illinois, Champaign | NCSA, University of Illinois, Champaign->MIDnet, Lincoln, NE",1
31,nsfnet,7,1.0,linear_autoregressive,random_failure_fixed,"NorthWestNet, Seattle -> BARRnet, Palo Alto & BARRnet, Palo Alto -> NorthWestNet, Seattle",1,"NorthWestNet, Seattle",San Diego Supercomputer Center,1,4.281046,"NorthWestNet, Seattle | BARRnet, Palo Alto | San Diego Supercomputer Center","NorthWestNet, Seattle->BARRnet, Palo Alto | BARRnet, Palo Alto->San Diego Supercomputer Center",1
31,nsfnet,7,1.0,linear_autoregressive,random_failure_fixed,"NorthWestNet, Seattle -> BARRnet, Palo Alto & BARRnet, Palo Alto -> NorthWestNet, Seattle",2,"SEQSUINET, Rice University, Houston","NorthWestNet, Seattle",1,4.2795997,"SEQSUINET, Rice University, Houston | San Diego Supercomputer Center | BARRnet, Palo Alto | NorthWestNet, Seattle","SEQSUINET, Rice University, Houston->San Diego Supercomputer Center | San Diego Supercomputer Center->BARRnet, Palo Alto | BARRnet, Palo Alto->NorthWestNet, Seattle",1
31,nsfnet,7,1.0,linear_autoregressive,random_failure_fixed,"NorthWestNet, Seattle -> BARRnet, Palo Alto & BARRnet, Palo Alto -> NorthWestNet, Seattle",3,"NorthWestNet, Seattle",Pittsburgh Supercomputer Center,1,4.2268097,"NorthWestNet, Seattle | BARRnet, Palo Alto | Merit Univ of Michigan, Ann Arbor | Pittsburgh Supercomputer Center","NorthWestNet, Seattle->BARRnet, Palo Alto | BARRnet, Palo Alto->Merit Univ of Michigan, Ann Arbor | Merit Univ of Michigan, Ann Arbor->Pittsburgh Supercomputer Center",1
31,nsfnet,7,1.0,linear_autoregressive,random_failure_fixed,"NorthWestNet, Seattle -> BARRnet, Palo Alto & BARRnet, Palo Alto -> NorthWestNet, Seattle",4,San Diego Supercomputer Center,"NCAR, Boulder",1,4.2231353,"San Diego Supercomputer Center | BARRnet, Palo Alto | NorthWestNet, Seattle | NCAR, Boulder","San Diego Supercomputer Center->BARRnet, Palo Alto | BARRnet, Palo Alto->NorthWestNet, Seattle | NorthWestNet, Seattle->NCAR, Boulder",1
31,nsfnet,7,1.0,linear_autoregressive,random_failure_fixed,"NorthWestNet, Seattle -> BARRnet, Palo Alto & BARRnet, Palo Alto -> NorthWestNet, Seattle",5,"NorthWestNet, Seattle","Merit Univ of Michigan, Ann Arbor",1,4.1812604,"NorthWestNet, Seattle | BARRnet, Palo Alto | Merit Univ of Michigan, Ann Arbor","NorthWestNet, Seattle->BARRnet, Palo Alto | BARRnet, Palo Alto->Merit Univ of Michigan, Ann Arbor",1
31,nsfnet,7,1.0,lstm,critical_failure_fixed,"NCSA, University of Illinois, Champaign -> Merit Univ of Michigan, Ann Arbor & Merit Univ of Michigan, Ann Arbor -> NCSA, University of Illinois, Champaign",1,"MIDnet, Lincoln, NE","BARRnet, Palo Alto",1,5.3505807,"MIDnet, Lincoln, NE | NCSA, University of Illinois, Champaign | Merit Univ of Michigan, Ann Arbor | BARRnet, Palo Alto","MIDnet, Lincoln, NE->NCSA, University of Illinois, Champaign | NCSA, University of Illinois, Champaign->Merit Univ of Michigan, Ann Arbor | Merit Univ of Michigan, Ann Arbor->BARRnet, Palo Alto",1
31,nsfnet,7,1.0,lstm,critical_failure_fixed,"NCSA, University of Illinois, Champaign -> Merit Univ of Michigan, Ann Arbor & Merit Univ of Michigan, Ann Arbor -> NCSA, University of Illinois, Champaign",2,"NCSA, University of Illinois, Champaign","Merit Univ of Michigan, Ann Arbor",1,5.2914438,"NCSA, University of Illinois, Champaign | Merit Univ of Michigan, Ann Arbor","NCSA, University of Illinois, Champaign->Merit Univ of Michigan, Ann Arbor",1
31,nsfnet,7,1.0,lstm,critical_failure_fixed,"NCSA, University of Illinois, Champaign -> Merit Univ of Michigan, Ann Arbor & Merit Univ of Michigan, Ann Arbor -> NCSA, University of Illinois, Champaign",3,"MIDnet, Lincoln, NE","Cornell Theory Center, Ithaca NY",1,5.2456656,"MIDnet, Lincoln, NE | NCSA, University of Illinois, Champaign | Merit Univ of Michigan, Ann Arbor | Cornell Theory Center, Ithaca NY","MIDnet, Lincoln, NE->NCSA, University of Illinois, Champaign | NCSA, University of Illinois, Champaign->Merit Univ of Michigan, Ann Arbor | Merit Univ of Michigan, Ann Arbor->Cornell Theory Center, Ithaca NY",1
31,nsfnet,7,1.0,lstm,critical_failure_fixed,"NCSA, University of Illinois, Champaign -> Merit Univ of Michigan, Ann Arbor & Merit Univ of Michigan, Ann Arbor -> NCSA, University of Illinois, Champaign",4,"NCSA, University of Illinois, Champaign","BARRnet, Palo Alto",1,5.2050643,"NCSA, University of Illinois, Champaign | Merit Univ of Michigan, Ann Arbor | BARRnet, Palo Alto","NCSA, University of Illinois, Champaign->Merit Univ of Michigan, Ann Arbor | Merit Univ of Michigan, Ann Arbor->BARRnet, Palo Alto",1
31,nsfnet,7,1.0,lstm,critical_failure_fixed,"NCSA, University of Illinois, Champaign -> Merit Univ of Michigan, Ann Arbor & Merit Univ of Michigan, Ann Arbor -> NCSA, University of Illinois, Champaign",5,Pittsburgh Supercomputer Center,"MIDnet, Lincoln, NE",1,5.0236282,"Pittsburgh Supercomputer Center | Merit Univ of Michigan, Ann Arbor | NCSA, University of Illinois, Champaign | MIDnet, Lincoln, NE","Pittsburgh Supercomputer Center->Merit Univ of Michigan, Ann Arbor | Merit Univ of Michigan, Ann Arbor->NCSA, University of Illinois, Champaign | NCSA, University of Illinois, Champaign->MIDnet, Lincoln, NE",1
31,nsfnet,7,1.0,lstm,random_failure_fixed,"NorthWestNet, Seattle -> BARRnet, Palo Alto & BARRnet, Palo Alto -> NorthWestNet, Seattle",1,San Diego Supercomputer Center,"NCAR, Boulder",1,5.3066921,"San Diego Supercomputer Center | BARRnet, Palo Alto | NorthWestNet, Seattle | NCAR, Boulder","San Diego Supercomputer Center->BARRnet, Palo Alto | BARRnet, Palo Alto->NorthWestNet, Seattle | NorthWestNet, Seattle->NCAR, Boulder",1
31,nsfnet,7,1.0,lstm,random_failure_fixed,"NorthWestNet, Seattle -> BARRnet, Palo Alto & BARRnet, Palo Alto -> NorthWestNet, Seattle",2,"Merit Univ of Michigan, Ann Arbor","NorthWestNet, Seattle",1,5.1941767,"Merit Univ of Michigan, Ann Arbor | BARRnet, Palo Alto | NorthWestNet, Seattle","Merit Univ of Michigan, Ann Arbor->BARRnet, Palo Alto | BARRnet, Palo Alto->NorthWestNet, Seattle",1
31,nsfnet,7,1.0,lstm,random_failure_fixed,"NorthWestNet, Seattle -> BARRnet, Palo Alto & BARRnet, Palo Alto -> NorthWestNet, Seattle",3,"NorthWestNet, Seattle",Pittsburgh Supercomputer Center,1,5.183609,"NorthWestNet, Seattle | BARRnet, Palo Alto | Merit Univ of Michigan, Ann Arbor | Pittsburgh Supercomputer Center","NorthWestNet, Seattle->BARRnet, Palo Alto | BARRnet, Palo Alto->Merit Univ of Michigan, Ann Arbor | Merit Univ of Michigan, Ann Arbor->Pittsburgh Supercomputer Center",1
31,nsfnet,7,1.0,lstm,random_failure_fixed,"NorthWestNet, Seattle -> BARRnet, Palo Alto & BARRnet, Palo Alto -> NorthWestNet, Seattle",4,"NorthWestNet, Seattle","Merit Univ of Michigan, Ann Arbor",1,5.0815034,"NorthWestNet, Seattle | BARRnet, Palo Alto | Merit Univ of Michigan, Ann Arbor","NorthWestNet, Seattle->BARRnet, Palo Alto | BARRnet, Palo Alto->Merit Univ of Michigan, Ann Arbor",1
31,nsfnet,7,1.0,lstm,random_failure_fixed,"NorthWestNet, Seattle -> BARRnet, Palo Alto & BARRnet, Palo Alto -> NorthWestNet, Seattle",5,"SEQSUINET, Rice University, Houston","NorthWestNet, Seattle",1,5.0586643,"SEQSUINET, Rice University, Houston | San Diego Supercomputer Center | BARRnet, Palo Alto | NorthWestNet, Seattle","SEQSUINET, Rice University, Houston->San Diego Supercomputer Center | San Diego Supercomputer Center->BARRnet, Palo Alto | BARRnet, Palo Alto->NorthWestNet, Seattle",1
31,nsfnet,7,1.0,transformer,critical_failure_fixed,"NCSA, University of Illinois, Champaign -> Merit Univ of Michigan, Ann Arbor & Merit Univ of Michigan, Ann Arbor -> NCSA, University of Illinois, Champaign",1,"MIDnet, Lincoln, NE","BARRnet, Palo Alto",1,5.8249612,"MIDnet, Lincoln, NE | NCSA, University of Illinois, Champaign | Merit Univ of Michigan, Ann Arbor | BARRnet, Palo Alto","MIDnet, Lincoln, NE->NCSA, University of Illinois, Champaign | NCSA, University of Illinois, Champaign->Merit Univ of Michigan, Ann Arbor | Merit Univ of Michigan, Ann Arbor->BARRnet, Palo Alto",1
31,nsfnet,7,1.0,transformer,critical_failure_fixed,"NCSA, University of Illinois, Champaign -> Merit Univ of Michigan, Ann Arbor & Merit Univ of Michigan, Ann Arbor -> NCSA, University of Illinois, Champaign",2,"NCSA, University of Illinois, Champaign","Merit Univ of Michigan, Ann Arbor",1,5.7522507,"NCSA, University of Illinois, Champaign | Merit Univ of Michigan, Ann Arbor","NCSA, University of Illinois, Champaign->Merit Univ of Michigan, Ann Arbor",1
31,nsfnet,7,1.0,transformer,critical_failure_fixed,"NCSA, University of Illinois, Champaign -> Merit Univ of Michigan, Ann Arbor & Merit Univ of Michigan, Ann Arbor -> NCSA, University of Illinois, Champaign",3,"NCSA, University of Illinois, Champaign","BARRnet, Palo Alto",1,5.6326609,"NCSA, University of Illinois, Champaign | Merit Univ of Michigan, Ann Arbor | BARRnet, Palo Alto","NCSA, University of Illinois, Champaign->Merit Univ of Michigan, Ann Arbor | Merit Univ of Michigan, Ann Arbor->BARRnet, Palo Alto",1
31,nsfnet,7,1.0,transformer,critical_failure_fixed,"NCSA, University of Illinois, Champaign -> Merit Univ of Michigan, Ann Arbor & Merit Univ of Michigan, Ann Arbor -> NCSA, University of Illinois, Champaign",4,"MIDnet, Lincoln, NE","Cornell Theory Center, Ithaca NY",1,5.6308308,"MIDnet, Lincoln, NE | NCSA, University of Illinois, Champaign | Merit Univ of Michigan, Ann Arbor | Cornell Theory Center, Ithaca NY","MIDnet, Lincoln, NE->NCSA, University of Illinois, Champaign | NCSA, University of Illinois, Champaign->Merit Univ of Michigan, Ann Arbor | Merit Univ of Michigan, Ann Arbor->Cornell Theory Center, Ithaca NY",1
31,nsfnet,7,1.0,transformer,critical_failure_fixed,"NCSA, University of Illinois, Champaign -> Merit Univ of Michigan, Ann Arbor & Merit Univ of Michigan, Ann Arbor -> NCSA, University of Illinois, Champaign",5,Pittsburgh Supercomputer Center,"MIDnet, Lincoln, NE",1,5.4655337,"Pittsburgh Supercomputer Center | Merit Univ of Michigan, Ann Arbor | NCSA, University of Illinois, Champaign | MIDnet, Lincoln, NE","Pittsburgh Supercomputer Center->Merit Univ of Michigan, Ann Arbor | Merit Univ of Michigan, Ann Arbor->NCSA, University of Illinois, Champaign | NCSA, University of Illinois, Champaign->MIDnet, Lincoln, NE",1
31,nsfnet,7,1.0,transformer,random_failure_fixed,"NorthWestNet, Seattle -> BARRnet, Palo Alto & BARRnet, Palo Alto -> NorthWestNet, Seattle",1,San Diego Supercomputer Center,"NCAR, Boulder",1,5.7231855,"San Diego Supercomputer Center | BARRnet, Palo Alto | NorthWestNet, Seattle | NCAR, Boulder","San Diego Supercomputer Center->BARRnet, Palo Alto | BARRnet, Palo Alto->NorthWestNet, Seattle | NorthWestNet, Seattle->NCAR, Boulder",1
31,nsfnet,7,1.0,transformer,random_failure_fixed,"NorthWestNet, Seattle -> BARRnet, Palo Alto & BARRnet, Palo Alto -> NorthWestNet, Seattle",2,"Merit Univ of Michigan, Ann Arbor","NorthWestNet, Seattle",1,5.6492429,"Merit Univ of Michigan, Ann Arbor | BARRnet, Palo Alto | NorthWestNet, Seattle","Merit Univ of Michigan, Ann Arbor->BARRnet, Palo Alto | BARRnet, Palo Alto->NorthWestNet, Seattle",1
31,nsfnet,7,1.0,transformer,random_failure_fixed,"NorthWestNet, Seattle -> BARRnet, Palo Alto & BARRnet, Palo Alto -> NorthWestNet, Seattle",3,"NorthWestNet, Seattle",Pittsburgh Supercomputer Center,1,5.6301794,"NorthWestNet, Seattle | BARRnet, Palo Alto | Merit Univ of Michigan, Ann Arbor | Pittsburgh Supercomputer Center","NorthWestNet, Seattle->BARRnet, Palo Alto | BARRnet, Palo Alto->Merit Univ of Michigan, Ann Arbor | Merit Univ of Michigan, Ann Arbor->Pittsburgh Supercomputer Center",1
31,nsfnet,7,1.0,transformer,random_failure_fixed,"NorthWestNet, Seattle -> BARRnet, Palo Alto & BARRnet, Palo Alto -> NorthWestNet, Seattle",4,"NorthWestNet, Seattle","Merit Univ of Michigan, Ann Arbor",1,5.4595881,"NorthWestNet, Seattle | BARRnet, Palo Alto | Merit Univ of Michigan, Ann Arbor","NorthWestNet, Seattle->BARRnet, Palo Alto | BARRnet, Palo Alto->Merit Univ of Michigan, Ann Arbor",1
31,nsfnet,7,1.0,transformer,random_failure_fixed,"NorthWestNet, Seattle -> BARRnet, Palo Alto & BARRnet, Palo Alto -> NorthWestNet, Seattle",5,"Westnet, Salt Lake City",San Diego Supercomputer Center,1,5.4349542,"Westnet, Salt Lake City | NCAR, Boulder | NorthWestNet, Seattle | BARRnet, Palo Alto | San Diego Supercomputer Center","Westnet, Salt Lake City->NCAR, Boulder | NCAR, Boulder->NorthWestNet, Seattle | NorthWestNet, Seattle->BARRnet, Palo Alto | BARRnet, Palo Alto->San Diego Supercomputer Center",1
32,nsfnet,7,1.0,moving_average,critical_failure_fixed,"NCSA, University of Illinois, Champaign -> Merit Univ of Michigan, Ann Arbor & Merit Univ of Michigan, Ann Arbor -> NCSA, University of Illinois, Champaign",1,"NCSA, University of Illinois, Champaign","Merit Univ of Michigan, Ann Arbor",1,5.5045797,"NCSA, University of Illinois, Champaign | Merit Univ of Michigan, Ann Arbor","NCSA, University of Illinois, Champaign->Merit Univ of Michigan, Ann Arbor",1
32,nsfnet,7,1.0,moving_average,critical_failure_fixed,"NCSA, University of Illinois, Champaign -> Merit Univ of Michigan, Ann Arbor & Merit Univ of Michigan, Ann Arbor -> NCSA, University of Illinois, Champaign",2,"NCSA, University of Illinois, Champaign","BARRnet, Palo Alto",1,5.2935891,"NCSA, University of Illinois, Champaign | Merit Univ of Michigan, Ann Arbor | BARRnet, Palo Alto","NCSA, University of Illinois, Champaign->Merit Univ of Michigan, Ann Arbor | Merit Univ of Michigan, Ann Arbor->BARRnet, Palo Alto",1
32,nsfnet,7,1.0,moving_average,critical_failure_fixed,"NCSA, University of Illinois, Champaign -> Merit Univ of Michigan, Ann Arbor & Merit Univ of Michigan, Ann Arbor -> NCSA, University of Illinois, Champaign",3,"MIDnet, Lincoln, NE","BARRnet, Palo Alto",1,5.231259,"MIDnet, Lincoln, NE | NCSA, University of Illinois, Champaign | Merit Univ of Michigan, Ann Arbor | BARRnet, Palo Alto","MIDnet, Lincoln, NE->NCSA, University of Illinois, Champaign | NCSA, University of Illinois, Champaign->Merit Univ of Michigan, Ann Arbor | Merit Univ of Michigan, Ann Arbor->BARRnet, Palo Alto",1
32,nsfnet,7,1.0,moving_average,critical_failure_fixed,"NCSA, University of Illinois, Champaign -> Merit Univ of Michigan, Ann Arbor & Merit Univ of Michigan, Ann Arbor -> NCSA, University of Illinois, Champaign",4,"MIDnet, Lincoln, NE","Cornell Theory Center, Ithaca NY",1,4.9987198,"MIDnet, Lincoln, NE | NCSA, University of Illinois, Champaign | Merit Univ of Michigan, Ann Arbor | Cornell Theory Center, Ithaca NY","MIDnet, Lincoln, NE->NCSA, University of Illinois, Champaign | NCSA, University of Illinois, Champaign->Merit Univ of Michigan, Ann Arbor | Merit Univ of Michigan, Ann Arbor->Cornell Theory Center, Ithaca NY",1
32,nsfnet,7,1.0,moving_average,critical_failure_fixed,"NCSA, University of Illinois, Champaign -> Merit Univ of Michigan, Ann Arbor & Merit Univ of Michigan, Ann Arbor -> NCSA, University of Illinois, Champaign",5,Pittsburgh Supercomputer Center,"MIDnet, Lincoln, NE",1,4.681117,"Pittsburgh Supercomputer Center | Merit Univ of Michigan, Ann Arbor | NCSA, University of Illinois, Champaign | MIDnet, Lincoln, NE","Pittsburgh Supercomputer Center->Merit Univ of Michigan, Ann Arbor | Merit Univ of Michigan, Ann Arbor->NCSA, University of Illinois, Champaign | NCSA, University of Illinois, Champaign->MIDnet, Lincoln, NE",1
32,nsfnet,7,1.0,moving_average,random_failure_fixed,"MIDnet, Lincoln, NE -> NCSA, University of Illinois, Champaign & NCSA, University of Illinois, Champaign -> MIDnet, Lincoln, NE",1,"MIDnet, Lincoln, NE","BARRnet, Palo Alto",1,5.231259,"MIDnet, Lincoln, NE | NCSA, University of Illinois, Champaign | Merit Univ of Michigan, Ann Arbor | BARRnet, Palo Alto","MIDnet, Lincoln, NE->NCSA, University of Illinois, Champaign | NCSA, University of Illinois, Champaign->Merit Univ of Michigan, Ann Arbor | Merit Univ of Michigan, Ann Arbor->BARRnet, Palo Alto",1
32,nsfnet,7,1.0,moving_average,random_failure_fixed,"MIDnet, Lincoln, NE -> NCSA, University of Illinois, Champaign & NCSA, University of Illinois, Champaign -> MIDnet, Lincoln, NE",2,"MIDnet, Lincoln, NE","SEQSUINET, Rice University, Houston",1,5.1388633,"MIDnet, Lincoln, NE | NCSA, University of Illinois, Champaign | SEQSUINET, Rice University, Houston","MIDnet, Lincoln, NE->NCSA, University of Illinois, Champaign | NCSA, University of Illinois, Champaign->SEQSUINET, Rice University, Houston",1
32,nsfnet,7,1.0,moving_average,random_failure_fixed,"MIDnet, Lincoln, NE -> NCSA, University of Illinois, Champaign & NCSA, University of Illinois, Champaign -> MIDnet, Lincoln, NE",3,"MIDnet, Lincoln, NE","Cornell Theory Center, Ithaca NY",1,4.9987198,"MIDnet, Lincoln, NE | NCSA, University of Illinois, Champaign | Merit Univ of Michigan, Ann Arbor | Cornell Theory Center, Ithaca NY","MIDnet, Lincoln, NE->NCSA, University of Illinois, Champaign | NCSA, University of Illinois, Champaign->Merit Univ of Michigan, Ann Arbor | Merit Univ of Michigan, Ann Arbor->Cornell Theory Center, Ithaca NY",1
32,nsfnet,7,1.0,moving_average,random_failure_fixed,"MIDnet, Lincoln, NE -> NCSA, University of Illinois, Champaign & NCSA, University of Illinois, Champaign -> MIDnet, Lincoln, NE",4,"MIDnet, Lincoln, NE","NCAR, Boulder",1,4.9690177,"MIDnet, Lincoln, NE | NCSA, University of Illinois, Champaign | NCAR, Boulder","MIDnet, Lincoln, NE->NCSA, University of Illinois, Champaign | NCSA, University of Illinois, Champaign->NCAR, Boulder",1
32,nsfnet,7,1.0,moving_average,random_failure_fixed,"MIDnet, Lincoln, NE -> NCSA, University of Illinois, Champaign & NCSA, University of Illinois, Champaign -> MIDnet, Lincoln, NE",5,"NorthWestNet, Seattle","MIDnet, Lincoln, NE",1,4.7001161,"NorthWestNet, Seattle | NCAR, Boulder | NCSA, University of Illinois, Champaign | MIDnet, Lincoln, NE","NorthWestNet, Seattle->NCAR, Boulder | NCAR, Boulder->NCSA, University of Illinois, Champaign | NCSA, University of Illinois, Champaign->MIDnet, Lincoln, NE",1
32,nsfnet,7,1.0,linear_autoregressive,critical_failure_fixed,"NCSA, University of Illinois, Champaign -> Merit Univ of Michigan, Ann Arbor & Merit Univ of Michigan, Ann Arbor -> NCSA, University of Illinois, Champaign",1,"NCSA, University of Illinois, Champaign","Merit Univ of Michigan, Ann Arbor",1,4.1372798,"NCSA, University of Illinois, Champaign | Merit Univ of Michigan, Ann Arbor","NCSA, University of Illinois, Champaign->Merit Univ of Michigan, Ann Arbor",1
32,nsfnet,7,1.0,linear_autoregressive,critical_failure_fixed,"NCSA, University of Illinois, Champaign -> Merit Univ of Michigan, Ann Arbor & Merit Univ of Michigan, Ann Arbor -> NCSA, University of Illinois, Champaign",2,"MIDnet, Lincoln, NE","BARRnet, Palo Alto",1,4.1238512,"MIDnet, Lincoln, NE | NCSA, University of Illinois, Champaign | Merit Univ of Michigan, Ann Arbor | BARRnet, Palo Alto","MIDnet, Lincoln, NE->NCSA, University of Illinois, Champaign | NCSA, University of Illinois, Champaign->Merit Univ of Michigan, Ann Arbor | Merit Univ of Michigan, Ann Arbor->BARRnet, Palo Alto",1
32,nsfnet,7,1.0,linear_autoregressive,critical_failure_fixed,"NCSA, University of Illinois, Champaign -> Merit Univ of Michigan, Ann Arbor & Merit Univ of Michigan, Ann Arbor -> NCSA, University of Illinois, Champaign",3,"NCSA, University of Illinois, Champaign","BARRnet, Palo Alto",1,3.9679573,"NCSA, University of Illinois, Champaign | Merit Univ of Michigan, Ann Arbor | BARRnet, Palo Alto","NCSA, University of Illinois, Champaign->Merit Univ of Michigan, Ann Arbor | Merit Univ of Michigan, Ann Arbor->BARRnet, Palo Alto",1
32,nsfnet,7,1.0,linear_autoregressive,critical_failure_fixed,"NCSA, University of Illinois, Champaign -> Merit Univ of Michigan, Ann Arbor & Merit Univ of Michigan, Ann Arbor -> NCSA, University of Illinois, Champaign",4,"MIDnet, Lincoln, NE","Cornell Theory Center, Ithaca NY",1,3.9636141,"MIDnet, Lincoln, NE | NCSA, University of Illinois, Champaign | Merit Univ of Michigan, Ann Arbor | Cornell Theory Center, Ithaca NY","MIDnet, Lincoln, NE->NCSA, University of Illinois, Champaign | NCSA, University of Illinois, Champaign->Merit Univ of Michigan, Ann Arbor | Merit Univ of Michigan, Ann Arbor->Cornell Theory Center, Ithaca NY",1
32,nsfnet,7,1.0,linear_autoregressive,critical_failure_fixed,"NCSA, University of Illinois, Champaign -> Merit Univ of Michigan, Ann Arbor & Merit Univ of Michigan, Ann Arbor -> NCSA, University of Illinois, Champaign",5,"Westnet, Salt Lake City","Merit Univ of Michigan, Ann Arbor",1,3.828047,"Westnet, Salt Lake City | NCAR, Boulder | NCSA, University of Illinois, Champaign | Merit Univ of Michigan, Ann Arbor","Westnet, Salt Lake City->NCAR, Boulder | NCAR, Boulder->NCSA, University of Illinois, Champaign | NCSA, University of Illinois, Champaign->Merit Univ of Michigan, Ann Arbor",1
32,nsfnet,7,1.0,linear_autoregressive,random_failure_fixed,"MIDnet, Lincoln, NE -> NCSA, University of Illinois, Champaign & NCSA, University of Illinois, Champaign -> MIDnet, Lincoln, NE",1,"MIDnet, Lincoln, NE","SEQSUINET, Rice University, Houston",1,4.331507,"MIDnet, Lincoln, NE | NCSA, University of Illinois, Champaign | SEQSUINET, Rice University, Houston","MIDnet, Lincoln, NE->NCSA, University of Illinois, Champaign | NCSA, University of Illinois, Champaign->SEQSUINET, Rice University, Houston",1
32,nsfnet,7,1.0,linear_autoregressive,random_failure_fixed,"MIDnet, Lincoln, NE -> NCSA, University of Illinois, Champaign & NCSA, University of Illinois, Champaign -> MIDnet, Lincoln, NE",2,"MIDnet, Lincoln, NE","BARRnet, Palo Alto",1,4.1238512,"MIDnet, Lincoln, NE | NCSA, University of Illinois, Champaign | Merit Univ of Michigan, Ann Arbor | BARRnet, Palo Alto","MIDnet, Lincoln, NE->NCSA, University of Illinois, Champaign | NCSA, University of Illinois, Champaign->Merit Univ of Michigan, Ann Arbor | Merit Univ of Michigan, Ann Arbor->BARRnet, Palo Alto",1
32,nsfnet,7,1.0,linear_autoregressive,random_failure_fixed,"MIDnet, Lincoln, NE -> NCSA, University of Illinois, Champaign & NCSA, University of Illinois, Champaign -> MIDnet, Lincoln, NE",3,"MIDnet, Lincoln, NE","Cornell Theory Center, Ithaca NY",1,3.9636141,"MIDnet, Lincoln, NE | NCSA, University of Illinois, Champaign | Merit Univ of Michigan, Ann Arbor | Cornell Theory Center, Ithaca NY","MIDnet, Lincoln, NE->NCSA, University of Illinois, Champaign | NCSA, University of Illinois, Champaign->Merit Univ of Michigan, Ann Arbor | Merit Univ of Michigan, Ann Arbor->Cornell Theory Center, Ithaca NY",1
32,nsfnet,7,1.0,linear_autoregressive,random_failure_fixed,"MIDnet, Lincoln, NE -> NCSA, University of Illinois, Champaign & NCSA, University of Illinois, Champaign -> MIDnet, Lincoln, NE",4,"NorthWestNet, Seattle","MIDnet, Lincoln, NE",1,3.9006987,"NorthWestNet, Seattle | NCAR, Boulder | NCSA, University of Illinois, Champaign | MIDnet, Lincoln, NE","NorthWestNet, Seattle->NCAR, Boulder | NCAR, Boulder->NCSA, University of Illinois, Champaign | NCSA, University of Illinois, Champaign->MIDnet, Lincoln, NE",1
32,nsfnet,7,1.0,linear_autoregressive,random_failure_fixed,"MIDnet, Lincoln, NE -> NCSA, University of Illinois, Champaign & NCSA, University of Illinois, Champaign -> MIDnet, Lincoln, NE",5,"MIDnet, Lincoln, NE","NCAR, Boulder",1,3.793125,"MIDnet, Lincoln, NE | NCSA, University of Illinois, Champaign | NCAR, Boulder","MIDnet, Lincoln, NE->NCSA, University of Illinois, Champaign | NCSA, University of Illinois, Champaign->NCAR, Boulder",1
32,nsfnet,7,1.0,lstm,critical_failure_fixed,"NCSA, University of Illinois, Champaign -> Merit Univ of Michigan, Ann Arbor & Merit Univ of Michigan, Ann Arbor -> NCSA, University of Illinois, Champaign",1,"MIDnet, Lincoln, NE","BARRnet, Palo Alto",1,5.3505807,"MIDnet, Lincoln, NE | NCSA, University of Illinois, Champaign | Merit Univ of Michigan, Ann Arbor | BARRnet, Palo Alto","MIDnet, Lincoln, NE->NCSA, University of Illinois, Champaign | NCSA, University of Illinois, Champaign->Merit Univ of Michigan, Ann Arbor | Merit Univ of Michigan, Ann Arbor->BARRnet, Palo Alto",1
32,nsfnet,7,1.0,lstm,critical_failure_fixed,"NCSA, University of Illinois, Champaign -> Merit Univ of Michigan, Ann Arbor & Merit Univ of Michigan, Ann Arbor -> NCSA, University of Illinois, Champaign",2,"NCSA, University of Illinois, Champaign","Merit Univ of Michigan, Ann Arbor",1,5.2914438,"NCSA, University of Illinois, Champaign | Merit Univ of Michigan, Ann Arbor","NCSA, University of Illinois, Champaign->Merit Univ of Michigan, Ann Arbor",1
32,nsfnet,7,1.0,lstm,critical_failure_fixed,"NCSA, University of Illinois, Champaign -> Merit Univ of Michigan, Ann Arbor & Merit Univ of Michigan, Ann Arbor -> NCSA, University of Illinois, Champaign",3,"MIDnet, Lincoln, NE","Cornell Theory Center, Ithaca NY",1,5.2456656,"MIDnet, Lincoln, NE | NCSA, University of Illinois, Champaign | Merit Univ of Michigan, Ann Arbor | Cornell Theory Center, Ithaca NY","MIDnet, Lincoln, NE->NCSA, University of Illinois, Champaign | NCSA, University of Illinois, Champaign->Merit Univ of Michigan, Ann Arbor | Merit Univ of Michigan, Ann Arbor->Cornell Theory Center, Ithaca NY",1
32,nsfnet,7,1.0,lstm,critical_failure_fixed,"NCSA, University of Illinois, Champaign -> Merit Univ of Michigan, Ann Arbor & Merit Univ of Michigan, Ann Arbor -> NCSA, University of Illinois, Champaign",4,"NCSA, University of Illinois, Champaign","BARRnet, Palo Alto",1,5.2050643,"NCSA, University of Illinois, Champaign | Merit Univ of Michigan, Ann Arbor | BARRnet, Palo Alto","NCSA, University of Illinois, Champaign->Merit Univ of Michigan, Ann Arbor | Merit Univ of Michigan, Ann Arbor->BARRnet, Palo Alto",1
32,nsfnet,7,1.0,lstm,critical_failure_fixed,"NCSA, University of Illinois, Champaign -> Merit Univ of Michigan, Ann Arbor & Merit Univ of Michigan, Ann Arbor -> NCSA, University of Illinois, Champaign",5,Pittsburgh Supercomputer Center,"MIDnet, Lincoln, NE",1,5.0236282,"Pittsburgh Supercomputer Center | Merit Univ of Michigan, Ann Arbor | NCSA, University of Illinois, Champaign | MIDnet, Lincoln, NE","Pittsburgh Supercomputer Center->Merit Univ of Michigan, Ann Arbor | Merit Univ of Michigan, Ann Arbor->NCSA, University of Illinois, Champaign | NCSA, University of Illinois, Champaign->MIDnet, Lincoln, NE",1
32,nsfnet,7,1.0,lstm,random_failure_fixed,"MIDnet, Lincoln, NE -> NCSA, University of Illinois, Champaign & NCSA, University of Illinois, Champaign -> MIDnet, Lincoln, NE",1,"MIDnet, Lincoln, NE","BARRnet, Palo Alto",1,5.3505807,"MIDnet, Lincoln, NE | NCSA, University of Illinois, Champaign | Merit Univ of Michigan, Ann Arbor | BARRnet, Palo Alto","MIDnet, Lincoln, NE->NCSA, University of Illinois, Champaign | NCSA, University of Illinois, Champaign->Merit Univ of Michigan, Ann Arbor | Merit Univ of Michigan, Ann Arbor->BARRnet, Palo Alto",1
32,nsfnet,7,1.0,lstm,random_failure_fixed,"MIDnet, Lincoln, NE -> NCSA, University of Illinois, Champaign & NCSA, University of Illinois, Champaign -> MIDnet, Lincoln, NE",2,"MIDnet, Lincoln, NE","SEQSUINET, Rice University, Houston",1,5.2843084,"MIDnet, Lincoln, NE | NCSA, University of Illinois, Champaign | SEQSUINET, Rice University, Houston","MIDnet, Lincoln, NE->NCSA, University of Illinois, Champaign | NCSA, University of Illinois, Champaign->SEQSUINET, Rice University, Houston",1
32,nsfnet,7,1.0,lstm,random_failure_fixed,"MIDnet, Lincoln, NE -> NCSA, University of Illinois, Champaign & NCSA, University of Illinois, Champaign -> MIDnet, Lincoln, NE",3,"MIDnet, Lincoln, NE","Cornell Theory Center, Ithaca NY",1,5.2456656,"MIDnet, Lincoln, NE | NCSA, University of Illinois, Champaign | Merit Univ of Michigan, Ann Arbor | Cornell Theory Center, Ithaca NY","MIDnet, Lincoln, NE->NCSA, University of Illinois, Champaign | NCSA, University of Illinois, Champaign->Merit Univ of Michigan, Ann Arbor | Merit Univ of Michigan, Ann Arbor->Cornell Theory Center, Ithaca NY",1
32,nsfnet,7,1.0,lstm,random_failure_fixed,"MIDnet, Lincoln, NE -> NCSA, University of Illinois, Champaign & NCSA, University of Illinois, Champaign -> MIDnet, Lincoln, NE",4,"MIDnet, Lincoln, NE","NCAR, Boulder",1,5.1113362,"MIDnet, Lincoln, NE | NCSA, University of Illinois, Champaign | NCAR, Boulder","MIDnet, Lincoln, NE->NCSA, University of Illinois, Champaign | NCSA, University of Illinois, Champaign->NCAR, Boulder",1
32,nsfnet,7,1.0,lstm,random_failure_fixed,"MIDnet, Lincoln, NE -> NCSA, University of Illinois, Champaign & NCSA, University of Illinois, Champaign -> MIDnet, Lincoln, NE",5,Pittsburgh Supercomputer Center,"MIDnet, Lincoln, NE",1,5.0236282,"Pittsburgh Supercomputer Center | Merit Univ of Michigan, Ann Arbor | NCSA, University of Illinois, Champaign | MIDnet, Lincoln, NE","Pittsburgh Supercomputer Center->Merit Univ of Michigan, Ann Arbor | Merit Univ of Michigan, Ann Arbor->NCSA, University of Illinois, Champaign | NCSA, University of Illinois, Champaign->MIDnet, Lincoln, NE",1
32,nsfnet,7,1.0,transformer,critical_failure_fixed,"NCSA, University of Illinois, Champaign -> Merit Univ of Michigan, Ann Arbor & Merit Univ of Michigan, Ann Arbor -> NCSA, University of Illinois, Champaign",1,"MIDnet, Lincoln, NE","BARRnet, Palo Alto",1,5.8249354,"MIDnet, Lincoln, NE | NCSA, University of Illinois, Champaign | Merit Univ of Michigan, Ann Arbor | BARRnet, Palo Alto","MIDnet, Lincoln, NE->NCSA, University of Illinois, Champaign | NCSA, University of Illinois, Champaign->Merit Univ of Michigan, Ann Arbor | Merit Univ of Michigan, Ann Arbor->BARRnet, Palo Alto",1
32,nsfnet,7,1.0,transformer,critical_failure_fixed,"NCSA, University of Illinois, Champaign -> Merit Univ of Michigan, Ann Arbor & Merit Univ of Michigan, Ann Arbor -> NCSA, University of Illinois, Champaign",2,"NCSA, University of Illinois, Champaign","Merit Univ of Michigan, Ann Arbor",1,5.752234,"NCSA, University of Illinois, Champaign | Merit Univ of Michigan, Ann Arbor","NCSA, University of Illinois, Champaign->Merit Univ of Michigan, Ann Arbor",1
32,nsfnet,7,1.0,transformer,critical_failure_fixed,"NCSA, University of Illinois, Champaign -> Merit Univ of Michigan, Ann Arbor & Merit Univ of Michigan, Ann Arbor -> NCSA, University of Illinois, Champaign",3,"NCSA, University of Illinois, Champaign","BARRnet, Palo Alto",1,5.6326542,"NCSA, University of Illinois, Champaign | Merit Univ of Michigan, Ann Arbor | BARRnet, Palo Alto","NCSA, University of Illinois, Champaign->Merit Univ of Michigan, Ann Arbor | Merit Univ of Michigan, Ann Arbor->BARRnet, Palo Alto",1
32,nsfnet,7,1.0,transformer,critical_failure_fixed,"NCSA, University of Illinois, Champaign -> Merit Univ of Michigan, Ann Arbor & Merit Univ of Michigan, Ann Arbor -> NCSA, University of Illinois, Champaign",4,"MIDnet, Lincoln, NE","Cornell Theory Center, Ithaca NY",1,5.6308117,"MIDnet, Lincoln, NE | NCSA, University of Illinois, Champaign | Merit Univ of Michigan, Ann Arbor | Cornell Theory Center, Ithaca NY","MIDnet, Lincoln, NE->NCSA, University of Illinois, Champaign | NCSA, University of Illinois, Champaign->Merit Univ of Michigan, Ann Arbor | Merit Univ of Michigan, Ann Arbor->Cornell Theory Center, Ithaca NY",1
32,nsfnet,7,1.0,transformer,critical_failure_fixed,"NCSA, University of Illinois, Champaign -> Merit Univ of Michigan, Ann Arbor & Merit Univ of Michigan, Ann Arbor -> NCSA, University of Illinois, Champaign",5,Pittsburgh Supercomputer Center,"MIDnet, Lincoln, NE",1,5.4655161,"Pittsburgh Supercomputer Center | Merit Univ of Michigan, Ann Arbor | NCSA, University of Illinois, Champaign | MIDnet, Lincoln, NE","Pittsburgh Supercomputer Center->Merit Univ of Michigan, Ann Arbor | Merit Univ of Michigan, Ann Arbor->NCSA, University of Illinois, Champaign | NCSA, University of Illinois, Champaign->MIDnet, Lincoln, NE",1
32,nsfnet,7,1.0,transformer,random_failure_fixed,"MIDnet, Lincoln, NE -> NCSA, University of Illinois, Champaign & NCSA, University of Illinois, Champaign -> MIDnet, Lincoln, NE",1,"MIDnet, Lincoln, NE","BARRnet, Palo Alto",1,5.8249354,"MIDnet, Lincoln, NE | NCSA, University of Illinois, Champaign | Merit Univ of Michigan, Ann Arbor | BARRnet, Palo Alto","MIDnet, Lincoln, NE->NCSA, University of Illinois, Champaign | NCSA, University of Illinois, Champaign->Merit Univ of Michigan, Ann Arbor | Merit Univ of Michigan, Ann Arbor->BARRnet, Palo Alto",1
32,nsfnet,7,1.0,transformer,random_failure_fixed,"MIDnet, Lincoln, NE -> NCSA, University of Illinois, Champaign & NCSA, University of Illinois, Champaign -> MIDnet, Lincoln, NE",2,"MIDnet, Lincoln, NE","SEQSUINET, Rice University, Houston",1,5.6532564,"MIDnet, Lincoln, NE | NCSA, University of Illinois, Champaign | SEQSUINET, Rice University, Houston","MIDnet, Lincoln, NE->NCSA, University of Illinois, Champaign | NCSA, University of Illinois, Champaign->SEQSUINET, Rice University, Houston",1
32,nsfnet,7,1.0,transformer,random_failure_fixed,"MIDnet, Lincoln, NE -> NCSA, University of Illinois, Champaign & NCSA, University of Illinois, Champaign -> MIDnet, Lincoln, NE",3,"MIDnet, Lincoln, NE","Cornell Theory Center, Ithaca NY",1,5.6308117,"MIDnet, Lincoln, NE | NCSA, University of Illinois, Champaign | Merit Univ of Michigan, Ann Arbor | Cornell Theory Center, Ithaca NY","MIDnet, Lincoln, NE->NCSA, University of Illinois, Champaign | NCSA, University of Illinois, Champaign->Merit Univ of Michigan, Ann Arbor | Merit Univ of Michigan, Ann Arbor->Cornell Theory Center, Ithaca NY",1
32,nsfnet,7,1.0,transformer,random_failure_fixed,"MIDnet, Lincoln, NE -> NCSA, University of Illinois, Champaign & NCSA, University of Illinois, Champaign -> MIDnet, Lincoln, NE",4,"MIDnet, Lincoln, NE","NCAR, Boulder",1,5.5187087,"MIDnet, Lincoln, NE | NCSA, University of Illinois, Champaign | NCAR, Boulder","MIDnet, Lincoln, NE->NCSA, University of Illinois, Champaign | NCSA, University of Illinois, Champaign->NCAR, Boulder",1
32,nsfnet,7,1.0,transformer,random_failure_fixed,"MIDnet, Lincoln, NE -> NCSA, University of Illinois, Champaign & NCSA, University of Illinois, Champaign -> MIDnet, Lincoln, NE",5,Pittsburgh Supercomputer Center,"MIDnet, Lincoln, NE",1,5.4655161,"Pittsburgh Supercomputer Center | Merit Univ of Michigan, Ann Arbor | NCSA, University of Illinois, Champaign | MIDnet, Lincoln, NE","Pittsburgh Supercomputer Center->Merit Univ of Michigan, Ann Arbor | Merit Univ of Michigan, Ann Arbor->NCSA, University of Illinois, Champaign | NCSA, University of Illinois, Champaign->MIDnet, Lincoln, NE",1
33,nsfnet,7,1.0,moving_average,critical_failure_fixed,"NCSA, University of Illinois, Champaign -> Merit Univ of Michigan, Ann Arbor & Merit Univ of Michigan, Ann Arbor -> NCSA, University of Illinois, Champaign",1,"NCSA, University of Illinois, Champaign","Merit Univ of Michigan, Ann Arbor",1,4.7974958,"NCSA, University of Illinois, Champaign | Merit Univ of Michigan, Ann Arbor","NCSA, University of Illinois, Champaign->Merit Univ of Michigan, Ann Arbor",1
33,nsfnet,7,1.0,moving_average,critical_failure_fixed,"NCSA, University of Illinois, Champaign -> Merit Univ of Michigan, Ann Arbor & Merit Univ of Michigan, Ann Arbor -> NCSA, University of Illinois, Champaign",2,"MIDnet, Lincoln, NE","BARRnet, Palo Alto",1,4.6656802,"MIDnet, Lincoln, NE | NCSA, University of Illinois, Champaign | Merit Univ of Michigan, Ann Arbor | BARRnet, Palo Alto","MIDnet, Lincoln, NE->NCSA, University of Illinois, Champaign | NCSA, University of Illinois, Champaign->Merit Univ of Michigan, Ann Arbor | Merit Univ of Michigan, Ann Arbor->BARRnet, Palo Alto",1
33,nsfnet,7,1.0,moving_average,critical_failure_fixed,"NCSA, University of Illinois, Champaign -> Merit Univ of Michigan, Ann Arbor & Merit Univ of Michigan, Ann Arbor -> NCSA, University of Illinois, Champaign",3,"NCSA, University of Illinois, Champaign","BARRnet, Palo Alto",1,4.6077965,"NCSA, University of Illinois, Champaign | Merit Univ of Michigan, Ann Arbor | BARRnet, Palo Alto","NCSA, University of Illinois, Champaign->Merit Univ of Michigan, Ann Arbor | Merit Univ of Michigan, Ann Arbor->BARRnet, Palo Alto",1
33,nsfnet,7,1.0,moving_average,critical_failure_fixed,"NCSA, University of Illinois, Champaign -> Merit Univ of Michigan, Ann Arbor & Merit Univ of Michigan, Ann Arbor -> NCSA, University of Illinois, Champaign",4,"MIDnet, Lincoln, NE","Cornell Theory Center, Ithaca NY",1,4.3639216,"MIDnet, Lincoln, NE | NCSA, University of Illinois, Champaign | Merit Univ of Michigan, Ann Arbor | Cornell Theory Center, Ithaca NY","MIDnet, Lincoln, NE->NCSA, University of Illinois, Champaign | NCSA, University of Illinois, Champaign->Merit Univ of Michigan, Ann Arbor | Merit Univ of Michigan, Ann Arbor->Cornell Theory Center, Ithaca NY",1
33,nsfnet,7,1.0,moving_average,critical_failure_fixed,"NCSA, University of Illinois, Champaign -> Merit Univ of Michigan, Ann Arbor & Merit Univ of Michigan, Ann Arbor -> NCSA, University of Illinois, Champaign",5,Pittsburgh Supercomputer Center,"MIDnet, Lincoln, NE",1,4.075311,"Pittsburgh Supercomputer Center | Merit Univ of Michigan, Ann Arbor | NCSA, University of Illinois, Champaign | MIDnet, Lincoln, NE","Pittsburgh Supercomputer Center->Merit Univ of Michigan, Ann Arbor | Merit Univ of Michigan, Ann Arbor->NCSA, University of Illinois, Champaign | NCSA, University of Illinois, Champaign->MIDnet, Lincoln, NE",1
33,nsfnet,7,1.0,moving_average,random_failure_fixed,"MIDnet, Lincoln, NE -> NCSA, University of Illinois, Champaign & NCSA, University of Illinois, Champaign -> MIDnet, Lincoln, NE",1,"MIDnet, Lincoln, NE","BARRnet, Palo Alto",1,4.6656802,"MIDnet, Lincoln, NE | NCSA, University of Illinois, Champaign | Merit Univ of Michigan, Ann Arbor | BARRnet, Palo Alto","MIDnet, Lincoln, NE->NCSA, University of Illinois, Champaign | NCSA, University of Illinois, Champaign->Merit Univ of Michigan, Ann Arbor | Merit Univ of Michigan, Ann Arbor->BARRnet, Palo Alto",1
33,nsfnet,7,1.0,moving_average,random_failure_fixed,"MIDnet, Lincoln, NE -> NCSA, University of Illinois, Champaign & NCSA, University of Illinois, Champaign -> MIDnet, Lincoln, NE",2,"MIDnet, Lincoln, NE","SEQSUINET, Rice University, Houston",1,4.394301,"MIDnet, Lincoln, NE | NCSA, University of Illinois, Champaign | SEQSUINET, Rice University, Houston","MIDnet, Lincoln, NE->NCSA, University of Illinois, Champaign | NCSA, University of Illinois, Champaign->SEQSUINET, Rice University, Houston",1
33,nsfnet,7,1.0,moving_average,random_failure_fixed,"MIDnet, Lincoln, NE -> NCSA, University of Illinois, Champaign & NCSA, University of Illinois, Champaign -> MIDnet, Lincoln, NE",3,"MIDnet, Lincoln, NE","Cornell Theory Center, Ithaca NY",1,4.3639216,"MIDnet, Lincoln, NE | NCSA, University of Illinois, Champaign | Merit Univ of Michigan, Ann Arbor | Cornell Theory Center, Ithaca NY","MIDnet, Lincoln, NE->NCSA, University of Illinois, Champaign | NCSA, University of Illinois, Champaign->Merit Univ of Michigan, Ann Arbor | Merit Univ of Michigan, Ann Arbor->Cornell Theory Center, Ithaca NY",1
33,nsfnet,7,1.0,moving_average,random_failure_fixed,"MIDnet, Lincoln, NE -> NCSA, University of Illinois, Champaign & NCSA, University of Illinois, Champaign -> MIDnet, Lincoln, NE",4,"MIDnet, Lincoln, NE","NCAR, Boulder",1,4.3023978,"MIDnet, Lincoln, NE | NCSA, University of Illinois, Champaign | NCAR, Boulder","MIDnet, Lincoln, NE->NCSA, University of Illinois, Champaign | NCSA, University of Illinois, Champaign->NCAR, Boulder",1
33,nsfnet,7,1.0,moving_average,random_failure_fixed,"MIDnet, Lincoln, NE -> NCSA, University of Illinois, Champaign & NCSA, University of Illinois, Champaign -> MIDnet, Lincoln, NE",5,"NorthWestNet, Seattle","MIDnet, Lincoln, NE",1,4.1496023,"NorthWestNet, Seattle | NCAR, Boulder | NCSA, University of Illinois, Champaign | MIDnet, Lincoln, NE","NorthWestNet, Seattle->NCAR, Boulder | NCAR, Boulder->NCSA, University of Illinois, Champaign | NCSA, University of Illinois, Champaign->MIDnet, Lincoln, NE",1
33,nsfnet,7,1.0,linear_autoregressive,critical_failure_fixed,"NCSA, University of Illinois, Champaign -> Merit Univ of Michigan, Ann Arbor & Merit Univ of Michigan, Ann Arbor -> NCSA, University of Illinois, Champaign",1,"MIDnet, Lincoln, NE","Cornell Theory Center, Ithaca NY",1,3.7724458,"MIDnet, Lincoln, NE | NCSA, University of Illinois, Champaign | Merit Univ of Michigan, Ann Arbor | Cornell Theory Center, Ithaca NY","MIDnet, Lincoln, NE->NCSA, University of Illinois, Champaign | NCSA, University of Illinois, Champaign->Merit Univ of Michigan, Ann Arbor | Merit Univ of Michigan, Ann Arbor->Cornell Theory Center, Ithaca NY",1
33,nsfnet,7,1.0,linear_autoregressive,critical_failure_fixed,"NCSA, University of Illinois, Champaign -> Merit Univ of Michigan, Ann Arbor & Merit Univ of Michigan, Ann Arbor -> NCSA, University of Illinois, Champaign",2,"NCSA, University of Illinois, Champaign","BARRnet, Palo Alto",1,3.674597,"NCSA, University of Illinois, Champaign | Merit Univ of Michigan, Ann Arbor | BARRnet, Palo Alto","NCSA, University of Illinois, Champaign->Merit Univ of Michigan, Ann Arbor | Merit Univ of Michigan, Ann Arbor->BARRnet, Palo Alto",1
33,nsfnet,7,1.0,linear_autoregressive,critical_failure_fixed,"NCSA, University of Illinois, Champaign -> Merit Univ of Michigan, Ann Arbor & Merit Univ of Michigan, Ann Arbor -> NCSA, University of Illinois, Champaign",3,"MIDnet, Lincoln, NE","BARRnet, Palo Alto",1,3.6592271,"MIDnet, Lincoln, NE | NCSA, University of Illinois, Champaign | Merit Univ of Michigan, Ann Arbor | BARRnet, Palo Alto","MIDnet, Lincoln, NE->NCSA, University of Illinois, Champaign | NCSA, University of Illinois, Champaign->Merit Univ of Michigan, Ann Arbor | Merit Univ of Michigan, Ann Arbor->BARRnet, Palo Alto",1
33,nsfnet,7,1.0,linear_autoregressive,critical_failure_fixed,"NCSA, University of Illinois, Champaign -> Merit Univ of Michigan, Ann Arbor & Merit Univ of Michigan, Ann Arbor -> NCSA, University of Illinois, Champaign",4,"NCSA, University of Illinois, Champaign","Merit Univ of Michigan, Ann Arbor",1,3.6168978,"NCSA, University of Illinois, Champaign | Merit Univ of Michigan, Ann Arbor","NCSA, University of Illinois, Champaign->Merit Univ of Michigan, Ann Arbor",1
33,nsfnet,7,1.0,linear_autoregressive,critical_failure_fixed,"NCSA, University of Illinois, Champaign -> Merit Univ of Michigan, Ann Arbor & Merit Univ of Michigan, Ann Arbor -> NCSA, University of Illinois, Champaign",5,Pittsburgh Supercomputer Center,"MIDnet, Lincoln, NE",1,3.571805,"Pittsburgh Supercomputer Center | Merit Univ of Michigan, Ann Arbor | NCSA, University of Illinois, Champaign | MIDnet, Lincoln, NE","Pittsburgh Supercomputer Center->Merit Univ of Michigan, Ann Arbor | Merit Univ of Michigan, Ann Arbor->NCSA, University of Illinois, Champaign | NCSA, University of Illinois, Champaign->MIDnet, Lincoln, NE",1
33,nsfnet,7,1.0,linear_autoregressive,random_failure_fixed,"MIDnet, Lincoln, NE -> NCSA, University of Illinois, Champaign & NCSA, University of Illinois, Champaign -> MIDnet, Lincoln, NE",1,"MIDnet, Lincoln, NE","SEQSUINET, Rice University, Houston",1,3.7861001,"MIDnet, Lincoln, NE | NCSA, University of Illinois, Champaign | SEQSUINET, Rice University, Houston","MIDnet, Lincoln, NE->NCSA, University of Illinois, Champaign | NCSA, University of Illinois, Champaign->SEQSUINET, Rice University, Houston",1
33,nsfnet,7,1.0,linear_autoregressive,random_failure_fixed,"MIDnet, Lincoln, NE -> NCSA, University of Illinois, Champaign & NCSA, University of Illinois, Champaign -> MIDnet, Lincoln, NE",2,"MIDnet, Lincoln, NE","Cornell Theory Center, Ithaca NY",1,3.7724458,"MIDnet, Lincoln, NE | NCSA, University of Illinois, Champaign | Merit Univ of Michigan, Ann Arbor | Cornell Theory Center, Ithaca NY","MIDnet, Lincoln, NE->NCSA, University of Illinois, Champaign | NCSA, University of Illinois, Champaign->Merit Univ of Michigan, Ann Arbor | Merit Univ of Michigan, Ann Arbor->Cornell Theory Center, Ithaca NY",1
33,nsfnet,7,1.0,linear_autoregressive,random_failure_fixed,"MIDnet, Lincoln, NE -> NCSA, University of Illinois, Champaign & NCSA, University of Illinois, Champaign -> MIDnet, Lincoln, NE",3,"MIDnet, Lincoln, NE","BARRnet, Palo Alto",1,3.6592271,"MIDnet, Lincoln, NE | NCSA, University of Illinois, Champaign | Merit Univ of Michigan, Ann Arbor | BARRnet, Palo Alto","MIDnet, Lincoln, NE->NCSA, University of Illinois, Champaign | NCSA, University of Illinois, Champaign->Merit Univ of Michigan, Ann Arbor | Merit Univ of Michigan, Ann Arbor->BARRnet, Palo Alto",1
33,nsfnet,7,1.0,linear_autoregressive,random_failure_fixed,"MIDnet, Lincoln, NE -> NCSA, University of Illinois, Champaign & NCSA, University of Illinois, Champaign -> MIDnet, Lincoln, NE",4,"NorthWestNet, Seattle","MIDnet, Lincoln, NE",1,3.595018,"NorthWestNet, Seattle | NCAR, Boulder | NCSA, University of Illinois, Champaign | MIDnet, Lincoln, NE","NorthWestNet, Seattle->NCAR, Boulder | NCAR, Boulder->NCSA, University of Illinois, Champaign | NCSA, University of Illinois, Champaign->MIDnet, Lincoln, NE",1
33,nsfnet,7,1.0,linear_autoregressive,random_failure_fixed,"MIDnet, Lincoln, NE -> NCSA, University of Illinois, Champaign & NCSA, University of Illinois, Champaign -> MIDnet, Lincoln, NE",5,"MIDnet, Lincoln, NE","NCAR, Boulder",1,3.5723915,"MIDnet, Lincoln, NE | NCSA, University of Illinois, Champaign | NCAR, Boulder","MIDnet, Lincoln, NE->NCSA, University of Illinois, Champaign | NCSA, University of Illinois, Champaign->NCAR, Boulder",1
33,nsfnet,7,1.0,lstm,critical_failure_fixed,"NCSA, University of Illinois, Champaign -> Merit Univ of Michigan, Ann Arbor & Merit Univ of Michigan, Ann Arbor -> NCSA, University of Illinois, Champaign",1,"MIDnet, Lincoln, NE","BARRnet, Palo Alto",1,5.3505807,"MIDnet, Lincoln, NE | NCSA, University of Illinois, Champaign | Merit Univ of Michigan, Ann Arbor | BARRnet, Palo Alto","MIDnet, Lincoln, NE->NCSA, University of Illinois, Champaign | NCSA, University of Illinois, Champaign->Merit Univ of Michigan, Ann Arbor | Merit Univ of Michigan, Ann Arbor->BARRnet, Palo Alto",1
33,nsfnet,7,1.0,lstm,critical_failure_fixed,"NCSA, University of Illinois, Champaign -> Merit Univ of Michigan, Ann Arbor & Merit Univ of Michigan, Ann Arbor -> NCSA, University of Illinois, Champaign",2,"NCSA, University of Illinois, Champaign","Merit Univ of Michigan, Ann Arbor",1,5.2914438,"NCSA, University of Illinois, Champaign | Merit Univ of Michigan, Ann Arbor","NCSA, University of Illinois, Champaign->Merit Univ of Michigan, Ann Arbor",1
33,nsfnet,7,1.0,lstm,critical_failure_fixed,"NCSA, University of Illinois, Champaign -> Merit Univ of Michigan, Ann Arbor & Merit Univ of Michigan, Ann Arbor -> NCSA, University of Illinois, Champaign",3,"MIDnet, Lincoln, NE","Cornell Theory Center, Ithaca NY",1,5.2456656,"MIDnet, Lincoln, NE | NCSA, University of Illinois, Champaign | Merit Univ of Michigan, Ann Arbor | Cornell Theory Center, Ithaca NY","MIDnet, Lincoln, NE->NCSA, University of Illinois, Champaign | NCSA, University of Illinois, Champaign->Merit Univ of Michigan, Ann Arbor | Merit Univ of Michigan, Ann Arbor->Cornell Theory Center, Ithaca NY",1
33,nsfnet,7,1.0,lstm,critical_failure_fixed,"NCSA, University of Illinois, Champaign -> Merit Univ of Michigan, Ann Arbor & Merit Univ of Michigan, Ann Arbor -> NCSA, University of Illinois, Champaign",4,"NCSA, University of Illinois, Champaign","BARRnet, Palo Alto",1,5.2050643,"NCSA, University of Illinois, Champaign | Merit Univ of Michigan, Ann Arbor | BARRnet, Palo Alto","NCSA, University of Illinois, Champaign->Merit Univ of Michigan, Ann Arbor | Merit Univ of Michigan, Ann Arbor->BARRnet, Palo Alto",1
33,nsfnet,7,1.0,lstm,critical_failure_fixed,"NCSA, University of Illinois, Champaign -> Merit Univ of Michigan, Ann Arbor & Merit Univ of Michigan, Ann Arbor -> NCSA, University of Illinois, Champaign",5,Pittsburgh Supercomputer Center,"MIDnet, Lincoln, NE",1,5.0236282,"Pittsburgh Supercomputer Center | Merit Univ of Michigan, Ann Arbor | NCSA, University of Illinois, Champaign | MIDnet, Lincoln, NE","Pittsburgh Supercomputer Center->Merit Univ of Michigan, Ann Arbor | Merit Univ of Michigan, Ann Arbor->NCSA, University of Illinois, Champaign | NCSA, University of Illinois, Champaign->MIDnet, Lincoln, NE",1
33,nsfnet,7,1.0,lstm,random_failure_fixed,"MIDnet, Lincoln, NE -> NCSA, University of Illinois, Champaign & NCSA, University of Illinois, Champaign -> MIDnet, Lincoln, NE",1,"MIDnet, Lincoln, NE","BARRnet, Palo Alto",1,5.3505807,"MIDnet, Lincoln, NE | NCSA, University of Illinois, Champaign | Merit Univ of Michigan, Ann Arbor | BARRnet, Palo Alto","MIDnet, Lincoln, NE->NCSA, University of Illinois, Champaign | NCSA, University of Illinois, Champaign->Merit Univ of Michigan, Ann Arbor | Merit Univ of Michigan, Ann Arbor->BARRnet, Palo Alto",1
33,nsfnet,7,1.0,lstm,random_failure_fixed,"MIDnet, Lincoln, NE -> NCSA, University of Illinois, Champaign & NCSA, University of Illinois, Champaign -> MIDnet, Lincoln, NE",2,"MIDnet, Lincoln, NE","SEQSUINET, Rice University, Houston",1,5.2843084,"MIDnet, Lincoln, NE | NCSA, University of Illinois, Champaign | SEQSUINET, Rice University, Houston","MIDnet, Lincoln, NE->NCSA, University of Illinois, Champaign | NCSA, University of Illinois, Champaign->SEQSUINET, Rice University, Houston",1
33,nsfnet,7,1.0,lstm,random_failure_fixed,"MIDnet, Lincoln, NE -> NCSA, University of Illinois, Champaign & NCSA, University of Illinois, Champaign -> MIDnet, Lincoln, NE",3,"MIDnet, Lincoln, NE","Cornell Theory Center, Ithaca NY",1,5.2456656,"MIDnet, Lincoln, NE | NCSA, University of Illinois, Champaign | Merit Univ of Michigan, Ann Arbor | Cornell Theory Center, Ithaca NY","MIDnet, Lincoln, NE->NCSA, University of Illinois, Champaign | NCSA, University of Illinois, Champaign->Merit Univ of Michigan, Ann Arbor | Merit Univ of Michigan, Ann Arbor->Cornell Theory Center, Ithaca NY",1
33,nsfnet,7,1.0,lstm,random_failure_fixed,"MIDnet, Lincoln, NE -> NCSA, University of Illinois, Champaign & NCSA, University of Illinois, Champaign -> MIDnet, Lincoln, NE",4,"MIDnet, Lincoln, NE","NCAR, Boulder",1,5.1113362,"MIDnet, Lincoln, NE | NCSA, University of Illinois, Champaign | NCAR, Boulder","MIDnet, Lincoln, NE->NCSA, University of Illinois, Champaign | NCSA, University of Illinois, Champaign->NCAR, Boulder",1
33,nsfnet,7,1.0,lstm,random_failure_fixed,"MIDnet, Lincoln, NE -> NCSA, University of Illinois, Champaign & NCSA, University of Illinois, Champaign -> MIDnet, Lincoln, NE",5,Pittsburgh Supercomputer Center,"MIDnet, Lincoln, NE",1,5.0236282,"Pittsburgh Supercomputer Center | Merit Univ of Michigan, Ann Arbor | NCSA, University of Illinois, Champaign | MIDnet, Lincoln, NE","Pittsburgh Supercomputer Center->Merit Univ of Michigan, Ann Arbor | Merit Univ of Michigan, Ann Arbor->NCSA, University of Illinois, Champaign | NCSA, University of Illinois, Champaign->MIDnet, Lincoln, NE",1
33,nsfnet,7,1.0,transformer,critical_failure_fixed,"NCSA, University of Illinois, Champaign -> Merit Univ of Michigan, Ann Arbor & Merit Univ of Michigan, Ann Arbor -> NCSA, University of Illinois, Champaign",1,"MIDnet, Lincoln, NE","BARRnet, Palo Alto",1,5.8249907,"MIDnet, Lincoln, NE | NCSA, University of Illinois, Champaign | Merit Univ of Michigan, Ann Arbor | BARRnet, Palo Alto","MIDnet, Lincoln, NE->NCSA, University of Illinois, Champaign | NCSA, University of Illinois, Champaign->Merit Univ of Michigan, Ann Arbor | Merit Univ of Michigan, Ann Arbor->BARRnet, Palo Alto",1
33,nsfnet,7,1.0,transformer,critical_failure_fixed,"NCSA, University of Illinois, Champaign -> Merit Univ of Michigan, Ann Arbor & Merit Univ of Michigan, Ann Arbor -> NCSA, University of Illinois, Champaign",2,"NCSA, University of Illinois, Champaign","Merit Univ of Michigan, Ann Arbor",1,5.7522755,"NCSA, University of Illinois, Champaign | Merit Univ of Michigan, Ann Arbor","NCSA, University of Illinois, Champaign->Merit Univ of Michigan, Ann Arbor",1
33,nsfnet,7,1.0,transformer,critical_failure_fixed,"NCSA, University of Illinois, Champaign -> Merit Univ of Michigan, Ann Arbor & Merit Univ of Michigan, Ann Arbor -> NCSA, University of Illinois, Champaign",3,"NCSA, University of Illinois, Champaign","BARRnet, Palo Alto",1,5.6326761,"NCSA, University of Illinois, Champaign | Merit Univ of Michigan, Ann Arbor | BARRnet, Palo Alto","NCSA, University of Illinois, Champaign->Merit Univ of Michigan, Ann Arbor | Merit Univ of Michigan, Ann Arbor->BARRnet, Palo Alto",1
33,nsfnet,7,1.0,transformer,critical_failure_fixed,"NCSA, University of Illinois, Champaign -> Merit Univ of Michigan, Ann Arbor & Merit Univ of Michigan, Ann Arbor -> NCSA, University of Illinois, Champaign",4,"MIDnet, Lincoln, NE","Cornell Theory Center, Ithaca NY",1,5.6308651,"MIDnet, Lincoln, NE | NCSA, University of Illinois, Champaign | Merit Univ of Michigan, Ann Arbor | Cornell Theory Center, Ithaca NY","MIDnet, Lincoln, NE->NCSA, University of Illinois, Champaign | NCSA, University of Illinois, Champaign->Merit Univ of Michigan, Ann Arbor | Merit Univ of Michigan, Ann Arbor->Cornell Theory Center, Ithaca NY",1
33,nsfnet,7,1.0,transformer,critical_failure_fixed,"NCSA, University of Illinois, Champaign -> Merit Univ of Michigan, Ann Arbor & Merit Univ of Michigan, Ann Arbor -> NCSA, University of Illinois, Champaign",5,Pittsburgh Supercomputer Center,"MIDnet, Lincoln, NE",1,5.4655671,"Pittsburgh Supercomputer Center | Merit Univ of Michigan, Ann Arbor | NCSA, University of Illinois, Champaign | MIDnet, Lincoln, NE","Pittsburgh Supercomputer Center->Merit Univ of Michigan, Ann Arbor | Merit Univ of Michigan, Ann Arbor->NCSA, University of Illinois, Champaign | NCSA, University of Illinois, Champaign->MIDnet, Lincoln, NE",1
33,nsfnet,7,1.0,transformer,random_failure_fixed,"MIDnet, Lincoln, NE -> NCSA, University of Illinois, Champaign & NCSA, University of Illinois, Champaign -> MIDnet, Lincoln, NE",1,"MIDnet, Lincoln, NE","BARRnet, Palo Alto",1,5.8249907,"MIDnet, Lincoln, NE | NCSA, University of Illinois, Champaign | Merit Univ of Michigan, Ann Arbor | BARRnet, Palo Alto","MIDnet, Lincoln, NE->NCSA, University of Illinois, Champaign | NCSA, University of Illinois, Champaign->Merit Univ of Michigan, Ann Arbor | Merit Univ of Michigan, Ann Arbor->BARRnet, Palo Alto",1
33,nsfnet,7,1.0,transformer,random_failure_fixed,"MIDnet, Lincoln, NE -> NCSA, University of Illinois, Champaign & NCSA, University of Illinois, Champaign -> MIDnet, Lincoln, NE",2,"MIDnet, Lincoln, NE","SEQSUINET, Rice University, Houston",1,5.6533108,"MIDnet, Lincoln, NE | NCSA, University of Illinois, Champaign | SEQSUINET, Rice University, Houston","MIDnet, Lincoln, NE->NCSA, University of Illinois, Champaign | NCSA, University of Illinois, Champaign->SEQSUINET, Rice University, Houston",1
33,nsfnet,7,1.0,transformer,random_failure_fixed,"MIDnet, Lincoln, NE -> NCSA, University of Illinois, Champaign & NCSA, University of Illinois, Champaign -> MIDnet, Lincoln, NE",3,"MIDnet, Lincoln, NE","Cornell Theory Center, Ithaca NY",1,5.6308651,"MIDnet, Lincoln, NE | NCSA, University of Illinois, Champaign | Merit Univ of Michigan, Ann Arbor | Cornell Theory Center, Ithaca NY","MIDnet, Lincoln, NE->NCSA, University of Illinois, Champaign | NCSA, University of Illinois, Champaign->Merit Univ of Michigan, Ann Arbor | Merit Univ of Michigan, Ann Arbor->Cornell Theory Center, Ithaca NY",1
33,nsfnet,7,1.0,transformer,random_failure_fixed,"MIDnet, Lincoln, NE -> NCSA, University of Illinois, Champaign & NCSA, University of Illinois, Champaign -> MIDnet, Lincoln, NE",4,"MIDnet, Lincoln, NE","NCAR, Boulder",1,5.5187664,"MIDnet, Lincoln, NE | NCSA, University of Illinois, Champaign | NCAR, Boulder","MIDnet, Lincoln, NE->NCSA, University of Illinois, Champaign | NCSA, University of Illinois, Champaign->NCAR, Boulder",1
33,nsfnet,7,1.0,transformer,random_failure_fixed,"MIDnet, Lincoln, NE -> NCSA, University of Illinois, Champaign & NCSA, University of Illinois, Champaign -> MIDnet, Lincoln, NE",5,Pittsburgh Supercomputer Center,"MIDnet, Lincoln, NE",1,5.4655671,"Pittsburgh Supercomputer Center | Merit Univ of Michigan, Ann Arbor | NCSA, University of Illinois, Champaign | MIDnet, Lincoln, NE","Pittsburgh Supercomputer Center->Merit Univ of Michigan, Ann Arbor | Merit Univ of Michigan, Ann Arbor->NCSA, University of Illinois, Champaign | NCSA, University of Illinois, Champaign->MIDnet, Lincoln, NE",1
34,nsfnet,7,1.0,moving_average,critical_failure_fixed,"NCSA, University of Illinois, Champaign -> Merit Univ of Michigan, Ann Arbor & Merit Univ of Michigan, Ann Arbor -> NCSA, University of Illinois, Champaign",1,"NCSA, University of Illinois, Champaign","Merit Univ of Michigan, Ann Arbor",1,4.3246658,"NCSA, University of Illinois, Champaign | Merit Univ of Michigan, Ann Arbor","NCSA, University of Illinois, Champaign->Merit Univ of Michigan, Ann Arbor",1
34,nsfnet,7,1.0,moving_average,critical_failure_fixed,"NCSA, University of Illinois, Champaign -> Merit Univ of Michigan, Ann Arbor & Merit Univ of Michigan, Ann Arbor -> NCSA, University of Illinois, Champaign",2,"MIDnet, Lincoln, NE","BARRnet, Palo Alto",1,4.281676,"MIDnet, Lincoln, NE | NCSA, University of Illinois, Champaign | Merit Univ of Michigan, Ann Arbor | BARRnet, Palo Alto","MIDnet, Lincoln, NE->NCSA, University of Illinois, Champaign | NCSA, University of Illinois, Champaign->Merit Univ of Michigan, Ann Arbor | Merit Univ of Michigan, Ann Arbor->BARRnet, Palo Alto",1
34,nsfnet,7,1.0,moving_average,critical_failure_fixed,"NCSA, University of Illinois, Champaign -> Merit Univ of Michigan, Ann Arbor & Merit Univ of Michigan, Ann Arbor -> NCSA, University of Illinois, Champaign",3,"NCSA, University of Illinois, Champaign","BARRnet, Palo Alto",1,4.0985143,"NCSA, University of Illinois, Champaign | Merit Univ of Michigan, Ann Arbor | BARRnet, Palo Alto","NCSA, University of Illinois, Champaign->Merit Univ of Michigan, Ann Arbor | Merit Univ of Michigan, Ann Arbor->BARRnet, Palo Alto",1
34,nsfnet,7,1.0,moving_average,critical_failure_fixed,"NCSA, University of Illinois, Champaign -> Merit Univ of Michigan, Ann Arbor & Merit Univ of Michigan, Ann Arbor -> NCSA, University of Illinois, Champaign",4,"MIDnet, Lincoln, NE","Cornell Theory Center, Ithaca NY",1,3.9446429,"MIDnet, Lincoln, NE | NCSA, University of Illinois, Champaign | Merit Univ of Michigan, Ann Arbor | Cornell Theory Center, Ithaca NY","MIDnet, Lincoln, NE->NCSA, University of Illinois, Champaign | NCSA, University of Illinois, Champaign->Merit Univ of Michigan, Ann Arbor | Merit Univ of Michigan, Ann Arbor->Cornell Theory Center, Ithaca NY",1
34,nsfnet,7,1.0,moving_average,critical_failure_fixed,"NCSA, University of Illinois, Champaign -> Merit Univ of Michigan, Ann Arbor & Merit Univ of Michigan, Ann Arbor -> NCSA, University of Illinois, Champaign",5,"SURANET, Georgia Tech, Atlanta","Merit Univ of Michigan, Ann Arbor",1,3.5830894,"SURANET, Georgia Tech, Atlanta | SEQSUINET, Rice University, Houston | NCSA, University of Illinois, Champaign | Merit Univ of Michigan, Ann Arbor","SURANET, Georgia Tech, Atlanta->SEQSUINET, Rice University, Houston | SEQSUINET, Rice University, Houston->NCSA, University of Illinois, Champaign | NCSA, University of Illinois, Champaign->Merit Univ of Michigan, Ann Arbor",1
34,nsfnet,7,1.0,moving_average,random_failure_fixed,"SEQSUINET, Rice University, Houston -> SURANET, Georgia Tech, Atlanta & SURANET, Georgia Tech, Atlanta -> SEQSUINET, Rice University, Houston",1,"SEQSUINET, Rice University, Houston","Jon Von Neumann Center, Princeton, NJ",1,3.9187763,"SEQSUINET, Rice University, Houston | SURANET, Georgia Tech, Atlanta | Jon Von Neumann Center, Princeton, NJ","SEQSUINET, Rice University, Houston->SURANET, Georgia Tech, Atlanta | SURANET, Georgia Tech, Atlanta->Jon Von Neumann Center, Princeton, NJ",1
34,nsfnet,7,1.0,moving_average,random_failure_fixed,"SEQSUINET, Rice University, Houston -> SURANET, Georgia Tech, Atlanta & SURANET, Georgia Tech, Atlanta -> SEQSUINET, Rice University, Houston",2,"NCAR, Boulder","SURANET, Georgia Tech, Atlanta",1,3.6393888,"NCAR, Boulder | NCSA, University of Illinois, Champaign | SEQSUINET, Rice University, Houston | SURANET, Georgia Tech, Atlanta","NCAR, Boulder->NCSA, University of Illinois, Champaign | NCSA, University of Illinois, Champaign->SEQSUINET, Rice University, Houston | SEQSUINET, Rice University, Houston->SURANET, Georgia Tech, Atlanta",1
34,nsfnet,7,1.0,moving_average,random_failure_fixed,"SEQSUINET, Rice University, Houston -> SURANET, Georgia Tech, Atlanta & SURANET, Georgia Tech, Atlanta -> SEQSUINET, Rice University, Houston",3,"NCSA, University of Illinois, Champaign","SURANET, Georgia Tech, Atlanta",1,3.599478,"NCSA, University of Illinois, Champaign | SEQSUINET, Rice University, Houston | SURANET, Georgia Tech, Atlanta","NCSA, University of Illinois, Champaign->SEQSUINET, Rice University, Houston | SEQSUINET, Rice University, Houston->SURANET, Georgia Tech, Atlanta",1
34,nsfnet,7,1.0,moving_average,random_failure_fixed,"SEQSUINET, Rice University, Houston -> SURANET, Georgia Tech, Atlanta & SURANET, Georgia Tech, Atlanta -> SEQSUINET, Rice University, Houston",4,"SURANET, Georgia Tech, Atlanta","Merit Univ of Michigan, Ann Arbor",1,3.5830894,"SURANET, Georgia Tech, Atlanta | SEQSUINET, Rice University, Houston | NCSA, University of Illinois, Champaign | Merit Univ of Michigan, Ann Arbor","SURANET, Georgia Tech, Atlanta->SEQSUINET, Rice University, Houston | SEQSUINET, Rice University, Houston->NCSA, University of Illinois, Champaign | NCSA, University of Illinois, Champaign->Merit Univ of Michigan, Ann Arbor",1
34,nsfnet,7,1.0,moving_average,random_failure_fixed,"SEQSUINET, Rice University, Houston -> SURANET, Georgia Tech, Atlanta & SURANET, Georgia Tech, Atlanta -> SEQSUINET, Rice University, Houston",5,"SEQSUINET, Rice University, Houston","SURANET, Georgia Tech, Atlanta",1,3.4728007,"SEQSUINET, Rice University, Houston | SURANET, Georgia Tech, Atlanta","SEQSUINET, Rice University, Houston->SURANET, Georgia Tech, Atlanta",1
34,nsfnet,7,1.0,linear_autoregressive,critical_failure_fixed,"NCSA, University of Illinois, Champaign -> Merit Univ of Michigan, Ann Arbor & Merit Univ of Michigan, Ann Arbor -> NCSA, University of Illinois, Champaign",1,"MIDnet, Lincoln, NE","BARRnet, Palo Alto",1,3.6674155,"MIDnet, Lincoln, NE | NCSA, University of Illinois, Champaign | Merit Univ of Michigan, Ann Arbor | BARRnet, Palo Alto","MIDnet, Lincoln, NE->NCSA, University of Illinois, Champaign | NCSA, University of Illinois, Champaign->Merit Univ of Michigan, Ann Arbor | Merit Univ of Michigan, Ann Arbor->BARRnet, Palo Alto",1
34,nsfnet,7,1.0,linear_autoregressive,critical_failure_fixed,"NCSA, University of Illinois, Champaign -> Merit Univ of Michigan, Ann Arbor & Merit Univ of Michigan, Ann Arbor -> NCSA, University of Illinois, Champaign",2,Pittsburgh Supercomputer Center,"MIDnet, Lincoln, NE",1,3.5119554,"Pittsburgh Supercomputer Center | Merit Univ of Michigan, Ann Arbor | NCSA, University of Illinois, Champaign | MIDnet, Lincoln, NE","Pittsburgh Supercomputer Center->Merit Univ of Michigan, Ann Arbor | Merit Univ of Michigan, Ann Arbor->NCSA, University of Illinois, Champaign | NCSA, University of Illinois, Champaign->MIDnet, Lincoln, NE",1
34,nsfnet,7,1.0,linear_autoregressive,critical_failure_fixed,"NCSA, University of Illinois, Champaign -> Merit Univ of Michigan, Ann Arbor & Merit Univ of Michigan, Ann Arbor -> NCSA, University of Illinois, Champaign",3,"NCSA, University of Illinois, Champaign","BARRnet, Palo Alto",1,3.5062355,"NCSA, University of Illinois, Champaign | Merit Univ of Michigan, Ann Arbor | BARRnet, Palo Alto","NCSA, University of Illinois, Champaign->Merit Univ of Michigan, Ann Arbor | Merit Univ of Michigan, Ann Arbor->BARRnet, Palo Alto",1
34,nsfnet,7,1.0,linear_autoregressive,critical_failure_fixed,"NCSA, University of Illinois, Champaign -> Merit Univ of Michigan, Ann Arbor & Merit Univ of Michigan, Ann Arbor -> NCSA, University of Illinois, Champaign",4,"NCSA, University of Illinois, Champaign","Merit Univ of Michigan, Ann Arbor",1,3.4575567,"NCSA, University of Illinois, Champaign | Merit Univ of Michigan, Ann Arbor","NCSA, University of Illinois, Champaign->Merit Univ of Michigan, Ann Arbor",1
34,nsfnet,7,1.0,linear_autoregressive,critical_failure_fixed,"NCSA, University of Illinois, Champaign -> Merit Univ of Michigan, Ann Arbor & Merit Univ of Michigan, Ann Arbor -> NCSA, University of Illinois, Champaign",5,"MIDnet, Lincoln, NE","Cornell Theory Center, Ithaca NY",1,3.3924762,"MIDnet, Lincoln, NE | NCSA, University of Illinois, Champaign | Merit Univ of Michigan, Ann Arbor | Cornell Theory Center, Ithaca NY","MIDnet, Lincoln, NE->NCSA, University of Illinois, Champaign | NCSA, University of Illinois, Champaign->Merit Univ of Michigan, Ann Arbor | Merit Univ of Michigan, Ann Arbor->Cornell Theory Center, Ithaca NY",1
34,nsfnet,7,1.0,linear_autoregressive,random_failure_fixed,"SEQSUINET, Rice University, Houston -> SURANET, Georgia Tech, Atlanta & SURANET, Georgia Tech, Atlanta -> SEQSUINET, Rice University, Houston",1,"NCSA, University of Illinois, Champaign","SURANET, Georgia Tech, Atlanta",1,3.5470906,"NCSA, University of Illinois, Champaign | SEQSUINET, Rice University, Houston | SURANET, Georgia Tech, Atlanta","NCSA, University of Illinois, Champaign->SEQSUINET, Rice University, Houston | SEQSUINET, Rice University, Houston->SURANET, Georgia Tech, Atlanta",1
34,nsfnet,7,1.0,linear_autoregressive,random_failure_fixed,"SEQSUINET, Rice University, Houston -> SURANET, Georgia Tech, Atlanta & SURANET, Georgia Tech, Atlanta -> SEQSUINET, Rice University, Houston",2,"SEQSUINET, Rice University, Houston","Jon Von Neumann Center, Princeton, NJ",1,3.3947353,"SEQSUINET, Rice University, Houston | SURANET, Georgia Tech, Atlanta | Jon Von Neumann Center, Princeton, NJ","SEQSUINET, Rice University, Houston->SURANET, Georgia Tech, Atlanta | SURANET, Georgia Tech, Atlanta->Jon Von Neumann Center, Princeton, NJ",1
34,nsfnet,7,1.0,linear_autoregressive,random_failure_fixed,"SEQSUINET, Rice University, Houston -> SURANET, Georgia Tech, Atlanta & SURANET, Georgia Tech, Atlanta -> SEQSUINET, Rice University, Houston",3,"NCAR, Boulder","SURANET, Georgia Tech, Atlanta",1,3.2751228,"NCAR, Boulder | NCSA, University of Illinois, Champaign | SEQSUINET, Rice University, Houston | SURANET, Georgia Tech, Atlanta","NCAR, Boulder->NCSA, University of Illinois, Champaign | NCSA, University of Illinois, Champaign->SEQSUINET, Rice University, Houston | SEQSUINET, Rice University, Houston->SURANET, Georgia Tech, Atlanta",1
34,nsfnet,7,1.0,linear_autoregressive,random_failure_fixed,"SEQSUINET, Rice University, Houston -> SURANET, Georgia Tech, Atlanta & SURANET, Georgia Tech, Atlanta -> SEQSUINET, Rice University, Houston",4,"SURANET, Georgia Tech, Atlanta","Merit Univ of Michigan, Ann Arbor",1,3.2454617,"SURANET, Georgia Tech, Atlanta | SEQSUINET, Rice University, Houston | NCSA, University of Illinois, Champaign | Merit Univ of Michigan, Ann Arbor","SURANET, Georgia Tech, Atlanta->SEQSUINET, Rice University, Houston | SEQSUINET, Rice University, Houston->NCSA, University of Illinois, Champaign | NCSA, University of Illinois, Champaign->Merit Univ of Michigan, Ann Arbor",1
34,nsfnet,7,1.0,linear_autoregressive,random_failure_fixed,"SEQSUINET, Rice University, Houston -> SURANET, Georgia Tech, Atlanta & SURANET, Georgia Tech, Atlanta -> SEQSUINET, Rice University, Houston",5,"SEQSUINET, Rice University, Houston","SURANET, Georgia Tech, Atlanta",1,3.0425226,"SEQSUINET, Rice University, Houston | SURANET, Georgia Tech, Atlanta","SEQSUINET, Rice University, Houston->SURANET, Georgia Tech, Atlanta",1
34,nsfnet,7,1.0,lstm,critical_failure_fixed,"NCSA, University of Illinois, Champaign -> Merit Univ of Michigan, Ann Arbor & Merit Univ of Michigan, Ann Arbor -> NCSA, University of Illinois, Champaign",1,"MIDnet, Lincoln, NE","BARRnet, Palo Alto",1,5.3505807,"MIDnet, Lincoln, NE | NCSA, University of Illinois, Champaign | Merit Univ of Michigan, Ann Arbor | BARRnet, Palo Alto","MIDnet, Lincoln, NE->NCSA, University of Illinois, Champaign | NCSA, University of Illinois, Champaign->Merit Univ of Michigan, Ann Arbor | Merit Univ of Michigan, Ann Arbor->BARRnet, Palo Alto",1
34,nsfnet,7,1.0,lstm,critical_failure_fixed,"NCSA, University of Illinois, Champaign -> Merit Univ of Michigan, Ann Arbor & Merit Univ of Michigan, Ann Arbor -> NCSA, University of Illinois, Champaign",2,"NCSA, University of Illinois, Champaign","Merit Univ of Michigan, Ann Arbor",1,5.2914438,"NCSA, University of Illinois, Champaign | Merit Univ of Michigan, Ann Arbor","NCSA, University of Illinois, Champaign->Merit Univ of Michigan, Ann Arbor",1
34,nsfnet,7,1.0,lstm,critical_failure_fixed,"NCSA, University of Illinois, Champaign -> Merit Univ of Michigan, Ann Arbor & Merit Univ of Michigan, Ann Arbor -> NCSA, University of Illinois, Champaign",3,"MIDnet, Lincoln, NE","Cornell Theory Center, Ithaca NY",1,5.2456656,"MIDnet, Lincoln, NE | NCSA, University of Illinois, Champaign | Merit Univ of Michigan, Ann Arbor | Cornell Theory Center, Ithaca NY","MIDnet, Lincoln, NE->NCSA, University of Illinois, Champaign | NCSA, University of Illinois, Champaign->Merit Univ of Michigan, Ann Arbor | Merit Univ of Michigan, Ann Arbor->Cornell Theory Center, Ithaca NY",1
34,nsfnet,7,1.0,lstm,critical_failure_fixed,"NCSA, University of Illinois, Champaign -> Merit Univ of Michigan, Ann Arbor & Merit Univ of Michigan, Ann Arbor -> NCSA, University of Illinois, Champaign",4,"NCSA, University of Illinois, Champaign","BARRnet, Palo Alto",1,5.2050643,"NCSA, University of Illinois, Champaign | Merit Univ of Michigan, Ann Arbor | BARRnet, Palo Alto","NCSA, University of Illinois, Champaign->Merit Univ of Michigan, Ann Arbor | Merit Univ of Michigan, Ann Arbor->BARRnet, Palo Alto",1
34,nsfnet,7,1.0,lstm,critical_failure_fixed,"NCSA, University of Illinois, Champaign -> Merit Univ of Michigan, Ann Arbor & Merit Univ of Michigan, Ann Arbor -> NCSA, University of Illinois, Champaign",5,Pittsburgh Supercomputer Center,"MIDnet, Lincoln, NE",1,5.0236282,"Pittsburgh Supercomputer Center | Merit Univ of Michigan, Ann Arbor | NCSA, University of Illinois, Champaign | MIDnet, Lincoln, NE","Pittsburgh Supercomputer Center->Merit Univ of Michigan, Ann Arbor | Merit Univ of Michigan, Ann Arbor->NCSA, University of Illinois, Champaign | NCSA, University of Illinois, Champaign->MIDnet, Lincoln, NE",1
34,nsfnet,7,1.0,lstm,random_failure_fixed,"SEQSUINET, Rice University, Houston -> SURANET, Georgia Tech, Atlanta & SURANET, Georgia Tech, Atlanta -> SEQSUINET, Rice University, Houston",1,"NCSA, University of Illinois, Champaign","SURANET, Georgia Tech, Atlanta",1,5.1792274,"NCSA, University of Illinois, Champaign | SEQSUINET, Rice University, Houston | SURANET, Georgia Tech, Atlanta","NCSA, University of Illinois, Champaign->SEQSUINET, Rice University, Houston | SEQSUINET, Rice University, Houston->SURANET, Georgia Tech, Atlanta",1
34,nsfnet,7,1.0,lstm,random_failure_fixed,"SEQSUINET, Rice University, Houston -> SURANET, Georgia Tech, Atlanta & SURANET, Georgia Tech, Atlanta -> SEQSUINET, Rice University, Houston",2,"SEQSUINET, Rice University, Houston","Jon Von Neumann Center, Princeton, NJ",1,5.0135708,"SEQSUINET, Rice University, Houston | SURANET, Georgia Tech, Atlanta | Jon Von Neumann Center, Princeton, NJ","SEQSUINET, Rice University, Houston->SURANET, Georgia Tech, Atlanta | SURANET, Georgia Tech, Atlanta->Jon Von Neumann Center, Princeton, NJ",1
34,nsfnet,7,1.0,lstm,random_failure_fixed,"SEQSUINET, Rice University, Houston -> SURANET, Georgia Tech, Atlanta & SURANET, Georgia Tech, Atlanta -> SEQSUINET, Rice University, Houston",3,"SURANET, Georgia Tech, Atlanta","Merit Univ of Michigan, Ann Arbor",1,4.9037123,"SURANET, Georgia Tech, Atlanta | SEQSUINET, Rice University, Houston | NCSA, University of Illinois, Champaign | Merit Univ of Michigan, Ann Arbor","SURANET, Georgia Tech, Atlanta->SEQSUINET, Rice University, Houston | SEQSUINET, Rice University, Houston->NCSA, University of Illinois, Champaign | NCSA, University of Illinois, Champaign->Merit Univ of Michigan, Ann Arbor",1
34,nsfnet,7,1.0,lstm,random_failure_fixed,"SEQSUINET, Rice University, Houston -> SURANET, Georgia Tech, Atlanta & SURANET, Georgia Tech, Atlanta -> SEQSUINET, Rice University, Houston",4,"NCAR, Boulder","SURANET, Georgia Tech, Atlanta",1,4.8813562,"NCAR, Boulder | NCSA, University of Illinois, Champaign | SEQSUINET, Rice University, Houston | SURANET, Georgia Tech, Atlanta","NCAR, Boulder->NCSA, University of Illinois, Champaign | NCSA, University of Illinois, Champaign->SEQSUINET, Rice University, Houston | SEQSUINET, Rice University, Houston->SURANET, Georgia Tech, Atlanta",1
34,nsfnet,7,1.0,lstm,random_failure_fixed,"SEQSUINET, Rice University, Houston -> SURANET, Georgia Tech, Atlanta & SURANET, Georgia Tech, Atlanta -> SEQSUINET, Rice University, Houston",5,"SEQSUINET, Rice University, Houston","SURANET, Georgia Tech, Atlanta",1,4.5981917,"SEQSUINET, Rice University, Houston | SURANET, Georgia Tech, Atlanta","SEQSUINET, Rice University, Houston->SURANET, Georgia Tech, Atlanta",1
34,nsfnet,7,1.0,transformer,critical_failure_fixed,"NCSA, University of Illinois, Champaign -> Merit Univ of Michigan, Ann Arbor & Merit Univ of Michigan, Ann Arbor -> NCSA, University of Illinois, Champaign",1,"MIDnet, Lincoln, NE","BARRnet, Palo Alto",1,5.8251019,"MIDnet, Lincoln, NE | NCSA, University of Illinois, Champaign | Merit Univ of Michigan, Ann Arbor | BARRnet, Palo Alto","MIDnet, Lincoln, NE->NCSA, University of Illinois, Champaign | NCSA, University of Illinois, Champaign->Merit Univ of Michigan, Ann Arbor | Merit Univ of Michigan, Ann Arbor->BARRnet, Palo Alto",1
34,nsfnet,7,1.0,transformer,critical_failure_fixed,"NCSA, University of Illinois, Champaign -> Merit Univ of Michigan, Ann Arbor & Merit Univ of Michigan, Ann Arbor -> NCSA, University of Illinois, Champaign",2,"NCSA, University of Illinois, Champaign","Merit Univ of Michigan, Ann Arbor",1,5.7523522,"NCSA, University of Illinois, Champaign | Merit Univ of Michigan, Ann Arbor","NCSA, University of Illinois, Champaign->Merit Univ of Michigan, Ann Arbor",1
34,nsfnet,7,1.0,transformer,critical_failure_fixed,"NCSA, University of Illinois, Champaign -> Merit Univ of Michigan, Ann Arbor & Merit Univ of Michigan, Ann Arbor -> NCSA, University of Illinois, Champaign",3,"NCSA, University of Illinois, Champaign","BARRnet, Palo Alto",1,5.6327057,"NCSA, University of Illinois, Champaign | Merit Univ of Michigan, Ann Arbor | BARRnet, Palo Alto","NCSA, University of Illinois, Champaign->Merit Univ of Michigan, Ann Arbor | Merit Univ of Michigan, Ann Arbor->BARRnet, Palo Alto",1
34,nsfnet,7,1.0,transformer,critical_failure_fixed,"NCSA, University of Illinois, Champaign -> Merit Univ of Michigan, Ann Arbor & Merit Univ of Michigan, Ann Arbor -> NCSA, University of Illinois, Champaign",4,"MIDnet, Lincoln, NE","Cornell Theory Center, Ithaca NY",1,5.6309643,"MIDnet, Lincoln, NE | NCSA, University of Illinois, Champaign | Merit Univ of Michigan, Ann Arbor | Cornell Theory Center, Ithaca NY","MIDnet, Lincoln, NE->NCSA, University of Illinois, Champaign | NCSA, University of Illinois, Champaign->Merit Univ of Michigan, Ann Arbor | Merit Univ of Michigan, Ann Arbor->Cornell Theory Center, Ithaca NY",1
34,nsfnet,7,1.0,transformer,critical_failure_fixed,"NCSA, University of Illinois, Champaign -> Merit Univ of Michigan, Ann Arbor & Merit Univ of Michigan, Ann Arbor -> NCSA, University of Illinois, Champaign",5,Pittsburgh Supercomputer Center,"MIDnet, Lincoln, NE",1,5.4656577,"Pittsburgh Supercomputer Center | Merit Univ of Michigan, Ann Arbor | NCSA, University of Illinois, Champaign | MIDnet, Lincoln, NE","Pittsburgh Supercomputer Center->Merit Univ of Michigan, Ann Arbor | Merit Univ of Michigan, Ann Arbor->NCSA, University of Illinois, Champaign | NCSA, University of Illinois, Champaign->MIDnet, Lincoln, NE",1
34,nsfnet,7,1.0,transformer,random_failure_fixed,"SEQSUINET, Rice University, Houston -> SURANET, Georgia Tech, Atlanta & SURANET, Georgia Tech, Atlanta -> SEQSUINET, Rice University, Houston",1,"NCSA, University of Illinois, Champaign","SURANET, Georgia Tech, Atlanta",1,5.6685662,"NCSA, University of Illinois, Champaign | SEQSUINET, Rice University, Houston | SURANET, Georgia Tech, Atlanta","NCSA, University of Illinois, Champaign->SEQSUINET, Rice University, Houston | SEQSUINET, Rice University, Houston->SURANET, Georgia Tech, Atlanta",1
34,nsfnet,7,1.0,transformer,random_failure_fixed,"SEQSUINET, Rice University, Houston -> SURANET, Georgia Tech, Atlanta & SURANET, Georgia Tech, Atlanta -> SEQSUINET, Rice University, Houston",2,"SEQSUINET, Rice University, Houston","Jon Von Neumann Center, Princeton, NJ",1,5.4444075,"SEQSUINET, Rice University, Houston | SURANET, Georgia Tech, Atlanta | Jon Von Neumann Center, Princeton, NJ","SEQSUINET, Rice University, Houston->SURANET, Georgia Tech, Atlanta | SURANET, Georgia Tech, Atlanta->Jon Von Neumann Center, Princeton, NJ",1
34,nsfnet,7,1.0,transformer,random_failure_fixed,"SEQSUINET, Rice University, Houston -> SURANET, Georgia Tech, Atlanta & SURANET, Georgia Tech, Atlanta -> SEQSUINET, Rice University, Houston",3,"SURANET, Georgia Tech, Atlanta","Merit Univ of Michigan, Ann Arbor",1,5.2484794,"SURANET, Georgia Tech, Atlanta | SEQSUINET, Rice University, Houston | NCSA, University of Illinois, Champaign | Merit Univ of Michigan, Ann Arbor","SURANET, Georgia Tech, Atlanta->SEQSUINET, Rice University, Houston | SEQSUINET, Rice University, Houston->NCSA, University of Illinois, Champaign | NCSA, University of Illinois, Champaign->Merit Univ of Michigan, Ann Arbor",1
34,nsfnet,7,1.0,transformer,random_failure_fixed,"SEQSUINET, Rice University, Houston -> SURANET, Georgia Tech, Atlanta & SURANET, Georgia Tech, Atlanta -> SEQSUINET, Rice University, Houston",4,"NCAR, Boulder","SURANET, Georgia Tech, Atlanta",1,5.2357788,"NCAR, Boulder | NCSA, University of Illinois, Champaign | SEQSUINET, Rice University, Houston | SURANET, Georgia Tech, Atlanta","NCAR, Boulder->NCSA, University of Illinois, Champaign | NCSA, University of Illinois, Champaign->SEQSUINET, Rice University, Houston | SEQSUINET, Rice University, Houston->SURANET, Georgia Tech, Atlanta",1
34,nsfnet,7,1.0,transformer,random_failure_fixed,"SEQSUINET, Rice University, Houston -> SURANET, Georgia Tech, Atlanta & SURANET, Georgia Tech, Atlanta -> SEQSUINET, Rice University, Houston",5,"SEQSUINET, Rice University, Houston","SURANET, Georgia Tech, Atlanta",1,5.0372419,"SEQSUINET, Rice University, Houston | SURANET, Georgia Tech, Atlanta","SEQSUINET, Rice University, Houston->SURANET, Georgia Tech, Atlanta",1
