time_step,topology,seed,load_scale,method,scenario,failed_link,commodity_rank,source,destination,disrupted_amount,demand_value,commodity_disruption_ratio
22,nsfnet,7,1.0,moving_average,critical_failure_fixed,"NCSA, University of Illinois, Champaign -> Merit Univ of Michigan, Ann Arbor & Merit Univ of Michigan, Ann Arbor -> NCSA, University of Illinois, Champaign",1,"MIDnet, Lincoln, NE","BARRnet, Palo Alto",4.7464172,4.746417208254678,0.9999999982608613
22,nsfnet,7,1.0,moving_average,critical_failure_fixed,"NCSA, University of Illinois, Champaign -> Merit Univ of Michigan, Ann Arbor & Merit Univ of Michigan, Ann Arbor -> NCSA, University of Illinois, Champaign",2,"SURANET, Georgia Tech, Atlanta","Merit Univ of Michigan, Ann Arbor",4.7174402,4.717440195499906,1.0000000009539272
22,nsfnet,7,1.0,moving_average,critical_failure_fixed,"NCSA, University of Illinois, Champaign -> Merit Univ of Michigan, Ann Arbor & Merit Univ of Michigan, Ann Arbor -> NCSA, University of Illinois, Champaign",3,"NCSA, University of Illinois, Champaign","Merit Univ of Michigan, Ann Arbor",4.6825337,4.682533673622732,1.0000000056331186
22,nsfnet,7,1.0,moving_average,critical_failure_fixed,"NCSA, University of Illinois, Champaign -> Merit Univ of Michigan, Ann Arbor & Merit Univ of Michigan, Ann Arbor -> NCSA, University of Illinois, Champaign",4,"MIDnet, Lincoln, NE","Cornell Theory Center, Ithaca NY",4.6813279,4.681327890201766,1.000000002093046
22,nsfnet,7,1.0,moving_average,critical_failure_fixed,"NCSA, University of Illinois, Champaign -> Merit Univ of Michigan, Ann Arbor & Merit Univ of Michigan, Ann Arbor -> NCSA, University of Illinois, Champaign",5,"NCSA, University of Illinois, Champaign","BARRnet, Palo Alto",4.6010978,4.601097780980601,1.0000000041336654
22,nsfnet,7,1.0,moving_average,random_failure_fixed,"Westnet, Salt Lake City -> NCAR, Boulder & NCAR, Boulder -> Westnet, Salt Lake City",1,"Westnet, Salt Lake City","NCAR, Boulder",4.7235402,4.723540232783238,0.9999999930596045
22,nsfnet,7,1.0,moving_average,random_failure_fixed,"Westnet, Salt Lake City -> NCAR, Boulder & NCAR, Boulder -> Westnet, Salt Lake City",2,"Westnet, Salt Lake City",San Diego Supercomputer Center,4.617578,4.617577953102128,1.000000010156379
22,nsfnet,7,1.0,moving_average,random_failure_fixed,"Westnet, Salt Lake City -> NCAR, Boulder & NCAR, Boulder -> Westnet, Salt Lake City",3,"Westnet, Salt Lake City","SEQSUINET, Rice University, Houston",4.5013874,4.501387360768351,1.000000008715457
22,nsfnet,7,1.0,moving_average,random_failure_fixed,"Westnet, Salt Lake City -> NCAR, Boulder & NCAR, Boulder -> Westnet, Salt Lake City",4,"Westnet, Salt Lake City","Merit Univ of Michigan, Ann Arbor",4.4928444,4.492844363069281,1.0000000082198972
22,nsfnet,7,1.0,moving_average,random_failure_fixed,"Westnet, Salt Lake City -> NCAR, Boulder & NCAR, Boulder -> Westnet, Salt Lake City",5,"NCSA, University of Illinois, Champaign","Westnet, Salt Lake City",4.3363196,4.336319646255607,0.9999999893329804
22,nsfnet,7,1.0,linear_autoregressive,critical_failure_fixed,"NCSA, University of Illinois, Champaign -> Merit Univ of Michigan, Ann Arbor & Merit Univ of Michigan, Ann Arbor -> NCSA, University of Illinois, Champaign",1,"MIDnet, Lincoln, NE","Cornell Theory Center, Ithaca NY",4.6881074,4.688107369464874,1.000000006513316
22,nsfnet,7,1.0,linear_autoregressive,critical_failure_fixed,"NCSA, University of Illinois, Champaign -> Merit Univ of Michigan, Ann Arbor & Merit Univ of Michigan, Ann Arbor -> NCSA, University of Illinois, Champaign",2,"NCSA, University of Illinois, Champaign","Merit Univ of Michigan, Ann Arbor",4.5471888,4.547188787510875,1.0000000027465594
22,nsfnet,7,1.0,linear_autoregressive,critical_failure_fixed,"NCSA, University of Illinois, Champaign -> Merit Univ of Michigan, Ann Arbor & Merit Univ of Michigan, Ann Arbor -> NCSA, University of Illinois, Champaign",3,"MIDnet, Lincoln, NE","BARRnet, Palo Alto",4.4977911,4.497791063976013,1.000000008009262
22,nsfnet,7,1.0,linear_autoregressive,critical_failure_fixed,"NCSA, University of Illinois, Champaign -> Merit Univ of Michigan, Ann Arbor & Merit Univ of Michigan, Ann Arbor -> NCSA, University of Illinois, Champaign",4,"NCSA, University of Illinois, Champaign","BARRnet, Palo Alto",4.4866316,4.48663158274785,1.0000000038452344
22,nsfnet,7,1.0,linear_autoregressive,critical_failure_fixed,"NCSA, University of Illinois, Champaign -> Merit Univ of Michigan, Ann Arbor & Merit Univ of Michigan, Ann Arbor -> NCSA, University of Illinois, Champaign",5,Pittsburgh Supercomputer Center,"MIDnet, Lincoln, NE",4.4330446,4.433044623773782,0.9999999946371435
22,nsfnet,7,1.0,linear_autoregressive,random_failure_fixed,"Westnet, Salt Lake City -> NCAR, Boulder & NCAR, Boulder -> Westnet, Salt Lake City",1,"Westnet, Salt Lake City","NCAR, Boulder",4.5241657,4.524165740783374,0.9999999909854377
22,nsfnet,7,1.0,linear_autoregressive,random_failure_fixed,"Westnet, Salt Lake City -> NCAR, Boulder & NCAR, Boulder -> Westnet, Salt Lake City",2,"Westnet, Salt Lake City","SEQSUINET, Rice University, Houston",4.384284,4.384283964909187,1.0000000080037728
22,nsfnet,7,1.0,linear_autoregressive,random_failure_fixed,"Westnet, Salt Lake City -> NCAR, Boulder & NCAR, Boulder -> Westnet, Salt Lake City",3,"Westnet, Salt Lake City",San Diego Supercomputer Center,4.3506344,4.350634407883852,0.9999999981878843
22,nsfnet,7,1.0,linear_autoregressive,random_failure_fixed,"Westnet, Salt Lake City -> NCAR, Boulder & NCAR, Boulder -> Westnet, Salt Lake City",4,"Westnet, Salt Lake City","Merit Univ of Michigan, Ann Arbor",4.1787541,4.178754070400484,1.0000000070833353
22,nsfnet,7,1.0,linear_autoregressive,random_failure_fixed,"Westnet, Salt Lake City -> NCAR, Boulder & NCAR, Boulder -> Westnet, Salt Lake City",5,"SEQSUINET, Rice University, Houston","Westnet, Salt Lake City",4.1366475,4.136647470464627,1.0000000071399298
22,nsfnet,7,1.0,lstm,critical_failure_fixed,"NCSA, University of Illinois, Champaign -> Merit Univ of Michigan, Ann Arbor & Merit Univ of Michigan, Ann Arbor -> NCSA, University of Illinois, Champaign",1,"MIDnet, Lincoln, NE","BARRnet, Palo Alto",5.3505807,5.35058069229126,1.0000000014407298
22,nsfnet,7,1.0,lstm,critical_failure_fixed,"NCSA, University of Illinois, Champaign -> Merit Univ of Michigan, Ann Arbor & Merit Univ of Michigan, Ann Arbor -> NCSA, University of Illinois, Champaign",2,"NCSA, University of Illinois, Champaign","Merit Univ of Michigan, Ann Arbor",5.2914438,5.291443824768066,0.9999999953192233
22,nsfnet,7,1.0,lstm,critical_failure_fixed,"NCSA, University of Illinois, Champaign -> Merit Univ of Michigan, Ann Arbor & Merit Univ of Michigan, Ann Arbor -> NCSA, University of Illinois, Champaign",3,"MIDnet, Lincoln, NE","Cornell Theory Center, Ithaca NY",5.2456656,5.245665550231934,1.0000000094874646
22,nsfnet,7,1.0,lstm,critical_failure_fixed,"NCSA, University of Illinois, Champaign -> Merit Univ of Michigan, Ann Arbor & Merit Univ of Michigan, Ann Arbor -> NCSA, University of Illinois, Champaign",4,"NCSA, University of Illinois, Champaign","BARRnet, Palo Alto",5.2050643,5.205064296722412,1.000000000629692
22,nsfnet,7,1.0,lstm,critical_failure_fixed,"NCSA, University of Illinois, Champaign -> Merit Univ of Michigan, Ann Arbor & Merit Univ of Michigan, Ann Arbor -> NCSA, University of Illinois, Champaign",5,Pittsburgh Supercomputer Center,"MIDnet, Lincoln, NE",5.0236282,5.023628234863281,0.9999999930601391
22,nsfnet,7,1.0,lstm,random_failure_fixed,"Westnet, Salt Lake City -> NCAR, Boulder & NCAR, Boulder -> Westnet, Salt Lake City",1,"Westnet, Salt Lake City","NCAR, Boulder",5.1784186,5.1784186363220215,0.9999999929858854
22,nsfnet,7,1.0,lstm,random_failure_fixed,"Westnet, Salt Lake City -> NCAR, Boulder & NCAR, Boulder -> Westnet, Salt Lake City",2,"Westnet, Salt Lake City",San Diego Supercomputer Center,5.0445681,5.044568061828613,1.0000000075668296
22,nsfnet,7,1.0,lstm,random_failure_fixed,"Westnet, Salt Lake City -> NCAR, Boulder & NCAR, Boulder -> Westnet, Salt Lake City",3,"Westnet, Salt Lake City","SEQSUINET, Rice University, Houston",5.0074658,5.007465839385986,0.9999999921345473
22,nsfnet,7,1.0,lstm,random_failure_fixed,"Westnet, Salt Lake City -> NCAR, Boulder & NCAR, Boulder -> Westnet, Salt Lake City",4,"Westnet, Salt Lake City","Merit Univ of Michigan, Ann Arbor",4.9612617,4.961261749267578,0.9999999900695467
22,nsfnet,7,1.0,lstm,random_failure_fixed,"Westnet, Salt Lake City -> NCAR, Boulder & NCAR, Boulder -> Westnet, Salt Lake City",5,"NCSA, University of Illinois, Champaign","Westnet, Salt Lake City",4.7649817,4.764981746673584,0.9999999902048766
22,nsfnet,7,1.0,transformer,critical_failure_fixed,"NCSA, University of Illinois, Champaign -> Merit Univ of Michigan, Ann Arbor & Merit Univ of Michigan, Ann Arbor -> NCSA, University of Illinois, Champaign",1,"MIDnet, Lincoln, NE","BARRnet, Palo Alto",5.8251939,5.825193881988525,1.0000000030919958
22,nsfnet,7,1.0,transformer,critical_failure_fixed,"NCSA, University of Illinois, Champaign -> Merit Univ of Michigan, Ann Arbor & Merit Univ of Michigan, Ann Arbor -> NCSA, University of Illinois, Champaign",2,"NCSA, University of Illinois, Champaign","Merit Univ of Michigan, Ann Arbor",5.7524161,5.752416133880615,0.9999999941101939
22,nsfnet,7,1.0,transformer,critical_failure_fixed,"NCSA, University of Illinois, Champaign -> Merit Univ of Michigan, Ann Arbor & Merit Univ of Michigan, Ann Arbor -> NCSA, University of Illinois, Champaign",3,"NCSA, University of Illinois, Champaign","BARRnet, Palo Alto",5.6327305,5.632730484008789,1.0000000028389804
22,nsfnet,7,1.0,transformer,critical_failure_fixed,"NCSA, University of Illinois, Champaign -> Merit Univ of Michigan, Ann Arbor & Merit Univ of Michigan, Ann Arbor -> NCSA, University of Illinois, Champaign",4,"MIDnet, Lincoln, NE","Cornell Theory Center, Ithaca NY",5.6310434,5.631043434143066,0.999999993936636
22,nsfnet,7,1.0,transformer,critical_failure_fixed,"NCSA, University of Illinois, Champaign -> Merit Univ of Michigan, Ann Arbor & Merit Univ of Michigan, Ann Arbor -> NCSA, University of Illinois, Champaign",5,Pittsburgh Supercomputer Center,"MIDnet, Lincoln, NE",5.4657307,5.465730667114258,1.0000000060167147
22,nsfnet,7,1.0,transformer,random_failure_fixed,"Westnet, Salt Lake City -> NCAR, Boulder & NCAR, Boulder -> Westnet, Salt Lake City",1,"Westnet, Salt Lake City","NCAR, Boulder",5.629704,5.629703998565674,1.0000000002547782
22,nsfnet,7,1.0,transformer,random_failure_fixed,"Westnet, Salt Lake City -> NCAR, Boulder & NCAR, Boulder -> Westnet, Salt Lake City",2,"Westnet, Salt Lake City",San Diego Supercomputer Center,5.4352212,5.435221195220947,1.0000000008792747
22,nsfnet,7,1.0,transformer,random_failure_fixed,"Westnet, Salt Lake City -> NCAR, Boulder & NCAR, Boulder -> Westnet, Salt Lake City",3,"Westnet, Salt Lake City","SEQSUINET, Rice University, Houston",5.4044123,5.404412269592285,1.0000000056264609
22,nsfnet,7,1.0,transformer,random_failure_fixed,"Westnet, Salt Lake City -> NCAR, Boulder & NCAR, Boulder -> Westnet, Salt Lake City",4,"Westnet, Salt Lake City","Merit Univ of Michigan, Ann Arbor",5.3482099,5.348209857940674,1.0000000078641875
22,nsfnet,7,1.0,transformer,random_failure_fixed,"Westnet, Salt Lake City -> NCAR, Boulder & NCAR, Boulder -> Westnet, Salt Lake City",5,"NCSA, University of Illinois, Champaign","Westnet, Salt Lake City",5.161202,5.1612019538879395,1.0000000089343648
23,nsfnet,7,1.0,moving_average,critical_failure_fixed,"NCSA, University of Illinois, Champaign -> Merit Univ of Michigan, Ann Arbor & Merit Univ of Michigan, Ann Arbor -> NCSA, University of Illinois, Champaign",1,"MIDnet, Lincoln, NE","BARRnet, Palo Alto",4.977211,4.977211021635988,0.9999999956529896
23,nsfnet,7,1.0,moving_average,critical_failure_fixed,"NCSA, University of Illinois, Champaign -> Merit Univ of Michigan, Ann Arbor & Merit Univ of Michigan, Ann Arbor -> NCSA, University of Illinois, Champaign",2,"NCSA, University of Illinois, Champaign","Merit Univ of Michigan, Ann Arbor",4.9727955,4.972795495368263,1.0000000009314152
23,nsfnet,7,1.0,moving_average,critical_failure_fixed,"NCSA, University of Illinois, Champaign -> Merit Univ of Michigan, Ann Arbor & Merit Univ of Michigan, Ann Arbor -> NCSA, University of Illinois, Champaign",3,"MIDnet, Lincoln, NE","Cornell Theory Center, Ithaca NY",4.9397324,4.939732366678198,1.0000000067456694
23,nsfnet,7,1.0,moving_average,critical_failure_fixed,"NCSA, University of Illinois, Champaign -> Merit Univ of Michigan, Ann Arbor & Merit Univ of Michigan, Ann Arbor -> NCSA, University of Illinois, Champaign",4,"NCSA, University of Illinois, Champaign","BARRnet, Palo Alto",4.8562342,4.856234167314395,1.0000000067306485
23,nsfnet,7,1.0,moving_average,critical_failure_fixed,"NCSA, University of Illinois, Champaign -> Merit Univ of Michigan, Ann Arbor & Merit Univ of Michigan, Ann Arbor -> NCSA, University of Illinois, Champaign",5,"SURANET, Georgia Tech, Atlanta","Merit Univ of Michigan, Ann Arbor",4.8361144,4.83611443516047,0.9999999927296034
23,nsfnet,7,1.0,moving_average,random_failure_fixed,"SEQSUINET, Rice University, Houston -> SURANET, Georgia Tech, Atlanta & SURANET, Georgia Tech, Atlanta -> SEQSUINET, Rice University, Houston",1,"SURANET, Georgia Tech, Atlanta","Merit Univ of Michigan, Ann Arbor",4.8361144,4.83611443516047,0.9999999927296034
23,nsfnet,7,1.0,moving_average,random_failure_fixed,"SEQSUINET, Rice University, Houston -> SURANET, Georgia Tech, Atlanta & SURANET, Georgia Tech, Atlanta -> SEQSUINET, Rice University, Houston",2,"SEQSUINET, Rice University, Houston","Jon Von Neumann Center, Princeton, NJ",4.8359328,4.835932783287746,1.0000000034558492
23,nsfnet,7,1.0,moving_average,random_failure_fixed,"SEQSUINET, Rice University, Houston -> SURANET, Georgia Tech, Atlanta & SURANET, Georgia Tech, Atlanta -> SEQSUINET, Rice University, Houston",3,"NCSA, University of Illinois, Champaign","SURANET, Georgia Tech, Atlanta",4.6789432,4.678943245837243,0.9999999902035052
23,nsfnet,7,1.0,moving_average,random_failure_fixed,"SEQSUINET, Rice University, Houston -> SURANET, Georgia Tech, Atlanta & SURANET, Georgia Tech, Atlanta -> SEQSUINET, Rice University, Houston",4,"NCAR, Boulder","SURANET, Georgia Tech, Atlanta",4.5213844,4.521384413733575,0.9999999969625287
23,nsfnet,7,1.0,moving_average,random_failure_fixed,"SEQSUINET, Rice University, Houston -> SURANET, Georgia Tech, Atlanta & SURANET, Georgia Tech, Atlanta -> SEQSUINET, Rice University, Houston",5,"SEQSUINET, Rice University, Houston","SURANET, Georgia Tech, Atlanta",4.3498358,4.349835831011207,0.9999999928707178
23,nsfnet,7,1.0,linear_autoregressive,critical_failure_fixed,"NCSA, University of Illinois, Champaign -> Merit Univ of Michigan, Ann Arbor & Merit Univ of Michigan, Ann Arbor -> NCSA, University of Illinois, Champaign",1,"NCSA, University of Illinois, Champaign","Merit Univ of Michigan, Ann Arbor",5.4694134,5.469413389355444,1.000000001946197
23,nsfnet,7,1.0,linear_autoregressive,critical_failure_fixed,"NCSA, University of Illinois, Champaign -> Merit Univ of Michigan, Ann Arbor & Merit Univ of Michigan, Ann Arbor -> NCSA, University of Illinois, Champaign",2,"MIDnet, Lincoln, NE","Cornell Theory Center, Ithaca NY",5.4328118,5.432811800357343,0.999999999934225
23,nsfnet,7,1.0,linear_autoregressive,critical_failure_fixed,"NCSA, University of Illinois, Champaign -> Merit Univ of Michigan, Ann Arbor & Merit Univ of Michigan, Ann Arbor -> NCSA, University of Illinois, Champaign",3,"NCSA, University of Illinois, Champaign","BARRnet, Palo Alto",5.4001453,5.400145288320686,1.0000000021627777
23,nsfnet,7,1.0,linear_autoregressive,critical_failure_fixed,"NCSA, University of Illinois, Champaign -> Merit Univ of Michigan, Ann Arbor & Merit Univ of Michigan, Ann Arbor -> NCSA, University of Illinois, Champaign",4,"MIDnet, Lincoln, NE","BARRnet, Palo Alto",5.3609636,5.360963589649286,1.0000000019307562
23,nsfnet,7,1.0,linear_autoregressive,critical_failure_fixed,"NCSA, University of Illinois, Champaign -> Merit Univ of Michigan, Ann Arbor & Merit Univ of Michigan, Ann Arbor -> NCSA, University of Illinois, Champaign",5,Pittsburgh Supercomputer Center,"MIDnet, Lincoln, NE",5.0736254,5.073625391889001,1.0000000015986594
23,nsfnet,7,1.0,linear_autoregressive,random_failure_fixed,"SEQSUINET, Rice University, Houston -> SURANET, Georgia Tech, Atlanta & SURANET, Georgia Tech, Atlanta -> SEQSUINET, Rice University, Houston",1,"NCSA, University of Illinois, Champaign","SURANET, Georgia Tech, Atlanta",5.382948,5.382947998432766,1.0000000002911478
23,nsfnet,7,1.0,linear_autoregressive,random_failure_fixed,"SEQSUINET, Rice University, Houston -> SURANET, Georgia Tech, Atlanta & SURANET, Georgia Tech, Atlanta -> SEQSUINET, Rice University, Houston",2,"SEQSUINET, Rice University, Houston","Jon Von Neumann Center, Princeton, NJ",4.9575327,4.957532734355198,0.9999999930701017
23,nsfnet,7,1.0,linear_autoregressive,random_failure_fixed,"SEQSUINET, Rice University, Houston -> SURANET, Georgia Tech, Atlanta & SURANET, Georgia Tech, Atlanta -> SEQSUINET, Rice University, Houston",3,"NCAR, Boulder","SURANET, Georgia Tech, Atlanta",4.8042348,4.804234787479934,1.0000000026060478
23,nsfnet,7,1.0,linear_autoregressive,random_failure_fixed,"SEQSUINET, Rice University, Houston -> SURANET, Georgia Tech, Atlanta & SURANET, Georgia Tech, Atlanta -> SEQSUINET, Rice University, Houston",4,"SURANET, Georgia Tech, Atlanta","Westnet, Salt Lake City",4.7196071,4.719607149413022,0.999999989530268
23,nsfnet,7,1.0,linear_autoregressive,random_failure_fixed,"SEQSUINET, Rice University, Houston -> SURANET, Georgia Tech, Atlanta & SURANET, Georgia Tech, Atlanta -> SEQSUINET, Rice University, Houston",5,"SURANET, Georgia Tech, Atlanta","Merit Univ of Michigan, Ann Arbor",4.7009696,4.700969581528174,1.000000003929365
23,nsfnet,7,1.0,lstm,critical_failure_fixed,"NCSA, University of Illinois, Champaign -> Merit Univ of Michigan, Ann Arbor & Merit Univ of Michigan, Ann Arbor -> NCSA, University of Illinois, Champaign",1,"MIDnet, Lincoln, NE","BARRnet, Palo Alto",5.3505807,5.35058069229126,1.0000000014407298
23,nsfnet,7,1.0,lstm,critical_failure_fixed,"NCSA, University of Illinois, Champaign -> Merit Univ of Michigan, Ann Arbor & Merit Univ of Michigan, Ann Arbor -> NCSA, University of Illinois, Champaign",2,"NCSA, University of Illinois, Champaign","Merit Univ of Michigan, Ann Arbor",5.2914438,5.291443824768066,0.9999999953192233
23,nsfnet,7,1.0,lstm,critical_failure_fixed,"NCSA, University of Illinois, Champaign -> Merit Univ of Michigan, Ann Arbor & Merit Univ of Michigan, Ann Arbor -> NCSA, University of Illinois, Champaign",3,"MIDnet, Lincoln, NE","Cornell Theory Center, Ithaca NY",5.2456656,5.245665550231934,1.0000000094874646
23,nsfnet,7,1.0,lstm,critical_failure_fixed,"NCSA, University of Illinois, Champaign -> Merit Univ of Michigan, Ann Arbor & Merit Univ of Michigan, Ann Arbor -> NCSA, University of Illinois, Champaign",4,"NCSA, University of Illinois, Champaign","BARRnet, Palo Alto",5.2050643,5.205064296722412,1.000000000629692
23,nsfnet,7,1.0,lstm,critical_failure_fixed,"NCSA, University of Illinois, Champaign -> Merit Univ of Michigan, Ann Arbor & Merit Univ of Michigan, Ann Arbor -> NCSA, University of Illinois, Champaign",5,Pittsburgh Supercomputer Center,"MIDnet, Lincoln, NE",5.0236282,5.023628234863281,0.9999999930601391
23,nsfnet,7,1.0,lstm,random_failure_fixed,"SEQSUINET, Rice University, Houston -> SURANET, Georgia Tech, Atlanta & SURANET, Georgia Tech, Atlanta -> SEQSUINET, Rice University, Houston",1,"NCSA, University of Illinois, Champaign","SURANET, Georgia Tech, Atlanta",5.1792274,5.179227352142334,1.00000000924031
23,nsfnet,7,1.0,lstm,random_failure_fixed,"SEQSUINET, Rice University, Houston -> SURANET, Georgia Tech, Atlanta & SURANET, Georgia Tech, Atlanta -> SEQSUINET, Rice University, Houston",2,"SEQSUINET, Rice University, Houston","Jon Von Neumann Center, Princeton, NJ",5.0135708,5.013570785522461,1.0000000028876703
23,nsfnet,7,1.0,lstm,random_failure_fixed,"SEQSUINET, Rice University, Houston -> SURANET, Georgia Tech, Atlanta & SURANET, Georgia Tech, Atlanta -> SEQSUINET, Rice University, Houston",3,"SURANET, Georgia Tech, Atlanta","Merit Univ of Michigan, Ann Arbor",4.9037123,4.903712272644043,1.0000000055786218
23,nsfnet,7,1.0,lstm,random_failure_fixed,"SEQSUINET, Rice University, Houston -> SURANET, Georgia Tech, Atlanta & SURANET, Georgia Tech, Atlanta -> SEQSUINET, Rice University, Houston",4,"NCAR, Boulder","SURANET, Georgia Tech, Atlanta",4.8813562,4.881356239318848,0.9999999919450977
23,nsfnet,7,1.0,lstm,random_failure_fixed,"SEQSUINET, Rice University, Houston -> SURANET, Georgia Tech, Atlanta & SURANET, Georgia Tech, Atlanta -> SEQSUINET, Rice University, Houston",5,"SEQSUINET, Rice University, Houston","SURANET, Georgia Tech, Atlanta",4.5981917,4.598191738128662,0.9999999917079008
23,nsfnet,7,1.0,transformer,critical_failure_fixed,"NCSA, University of Illinois, Champaign -> Merit Univ of Michigan, Ann Arbor & Merit Univ of Michigan, Ann Arbor -> NCSA, University of Illinois, Champaign",1,"MIDnet, Lincoln, NE","BARRnet, Palo Alto",5.825161,5.825160980224609,1.0000000033948229
23,nsfnet,7,1.0,transformer,critical_failure_fixed,"NCSA, University of Illinois, Champaign -> Merit Univ of Michigan, Ann Arbor & Merit Univ of Michigan, Ann Arbor -> NCSA, University of Illinois, Champaign",2,"NCSA, University of Illinois, Champaign","Merit Univ of Michigan, Ann Arbor",5.7523837,5.752383708953857,0.9999999984434528
23,nsfnet,7,1.0,transformer,critical_failure_fixed,"NCSA, University of Illinois, Champaign -> Merit Univ of Michigan, Ann Arbor & Merit Univ of Michigan, Ann Arbor -> NCSA, University of Illinois, Champaign",3,"NCSA, University of Illinois, Champaign","BARRnet, Palo Alto",5.6327248,5.632724761962891,1.0000000067528791
23,nsfnet,7,1.0,transformer,critical_failure_fixed,"NCSA, University of Illinois, Champaign -> Merit Univ of Michigan, Ann Arbor & Merit Univ of Michigan, Ann Arbor -> NCSA, University of Illinois, Champaign",4,"MIDnet, Lincoln, NE","Cornell Theory Center, Ithaca NY",5.6310225,5.6310224533081055,1.0000000082919036
23,nsfnet,7,1.0,transformer,critical_failure_fixed,"NCSA, University of Illinois, Champaign -> Merit Univ of Michigan, Ann Arbor & Merit Univ of Michigan, Ann Arbor -> NCSA, University of Illinois, Champaign",5,Pittsburgh Supercomputer Center,"MIDnet, Lincoln, NE",5.465714,5.465713977813721,1.0000000040591732
23,nsfnet,7,1.0,transformer,random_failure_fixed,"SEQSUINET, Rice University, Houston -> SURANET, Georgia Tech, Atlanta & SURANET, Georgia Tech, Atlanta -> SEQSUINET, Rice University, Houston",1,"NCSA, University of Illinois, Champaign","SURANET, Georgia Tech, Atlanta",5.6686268,5.66862678527832,1.0000000025970452
23,nsfnet,7,1.0,transformer,random_failure_fixed,"SEQSUINET, Rice University, Houston -> SURANET, Georgia Tech, Atlanta & SURANET, Georgia Tech, Atlanta -> SEQSUINET, Rice University, Houston",2,"SEQSUINET, Rice University, Houston","Jon Von Neumann Center, Princeton, NJ",5.4444442,5.444444179534912,1.0000000037588939
23,nsfnet,7,1.0,transformer,random_failure_fixed,"SEQSUINET, Rice University, Houston -> SURANET, Georgia Tech, Atlanta & SURANET, Georgia Tech, Atlanta -> SEQSUINET, Rice University, Houston",3,"SURANET, Georgia Tech, Atlanta","Merit Univ of Michigan, Ann Arbor",5.2484956,5.248495578765869,1.0000000040457557
23,nsfnet,7,1.0,transformer,random_failure_fixed,"SEQSUINET, Rice University, Houston -> SURANET, Georgia Tech, Atlanta & SURANET, Georgia Tech, Atlanta -> SEQSUINET, Rice University, Houston",4,"NCAR, Boulder","SURANET, Georgia Tech, Atlanta",5.2358384,5.235838413238525,0.9999999974715557
23,nsfnet,7,1.0,transformer,random_failure_fixed,"SEQSUINET, Rice University, Houston -> SURANET, Georgia Tech, Atlanta & SURANET, Georgia Tech, Atlanta -> SEQSUINET, Rice University, Houston",5,"SEQSUINET, Rice University, Houston","SURANET, Georgia Tech, Atlanta",5.0372663,5.037266254425049,1.0000000090475565
24,nsfnet,7,1.0,moving_average,critical_failure_fixed,"NCSA, University of Illinois, Champaign -> Merit Univ of Michigan, Ann Arbor & Merit Univ of Michigan, Ann Arbor -> NCSA, University of Illinois, Champaign",1,"NCSA, University of Illinois, Champaign","Merit Univ of Michigan, Ann Arbor",5.5322668,5.532266810099504,0.9999999981744366
24,nsfnet,7,1.0,moving_average,critical_failure_fixed,"NCSA, University of Illinois, Champaign -> Merit Univ of Michigan, Ann Arbor & Merit Univ of Michigan, Ann Arbor -> NCSA, University of Illinois, Champaign",2,"MIDnet, Lincoln, NE","Cornell Theory Center, Ithaca NY",5.3450328,5.345032774118183,1.0000000048422186
24,nsfnet,7,1.0,moving_average,critical_failure_fixed,"NCSA, University of Illinois, Champaign -> Merit Univ of Michigan, Ann Arbor & Merit Univ of Michigan, Ann Arbor -> NCSA, University of Illinois, Champaign",3,"MIDnet, Lincoln, NE","BARRnet, Palo Alto",5.3137175,5.31371754117731,0.999999992250753
24,nsfnet,7,1.0,moving_average,critical_failure_fixed,"NCSA, University of Illinois, Champaign -> Merit Univ of Michigan, Ann Arbor & Merit Univ of Michigan, Ann Arbor -> NCSA, University of Illinois, Champaign",4,"NCSA, University of Illinois, Champaign","BARRnet, Palo Alto",5.1270137,5.127013727888192,0.9999999945605388
24,nsfnet,7,1.0,moving_average,critical_failure_fixed,"NCSA, University of Illinois, Champaign -> Merit Univ of Michigan, Ann Arbor & Merit Univ of Michigan, Ann Arbor -> NCSA, University of Illinois, Champaign",5,"SURANET, Georgia Tech, Atlanta","Merit Univ of Michigan, Ann Arbor",5.0930387,5.093038748381282,0.9999999905005078
24,nsfnet,7,1.0,moving_average,random_failure_fixed,"Pittsburgh Supercomputer Center -> Merit Univ of Michigan, Ann Arbor & Merit Univ of Michigan, Ann Arbor -> Pittsburgh Supercomputer Center",1,"Jon Von Neumann Center, Princeton, NJ",Pittsburgh Supercomputer Center,5.4003341,5.400334061304346,1.0000000071654187
24,nsfnet,7,1.0,moving_average,random_failure_fixed,"Pittsburgh Supercomputer Center -> Merit Univ of Michigan, Ann Arbor & Merit Univ of Michigan, Ann Arbor -> Pittsburgh Supercomputer Center",2,"NorthWestNet, Seattle",Pittsburgh Supercomputer Center,5.3519261,5.3519260977304235,1.0000000004240672
24,nsfnet,7,1.0,moving_average,random_failure_fixed,"Pittsburgh Supercomputer Center -> Merit Univ of Michigan, Ann Arbor & Merit Univ of Michigan, Ann Arbor -> Pittsburgh Supercomputer Center",3,"BARRnet, Palo Alto",Pittsburgh Supercomputer Center,5.2677628,5.267762755502341,1.0000000084471645
24,nsfnet,7,1.0,moving_average,random_failure_fixed,"Pittsburgh Supercomputer Center -> Merit Univ of Michigan, Ann Arbor & Merit Univ of Michigan, Ann Arbor -> Pittsburgh Supercomputer Center",4,Pittsburgh Supercomputer Center,"Cornell Theory Center, Ithaca NY",4.9514022,4.951402184982892,1.0000000030329002
24,nsfnet,7,1.0,moving_average,random_failure_fixed,"Pittsburgh Supercomputer Center -> Merit Univ of Michigan, Ann Arbor & Merit Univ of Michigan, Ann Arbor -> Pittsburgh Supercomputer Center",5,Pittsburgh Supercomputer Center,"MIDnet, Lincoln, NE",4.9383633,4.93836325522732,1.0000000090662995
24,nsfnet,7,1.0,linear_autoregressive,critical_failure_fixed,"NCSA, University of Illinois, Champaign -> Merit Univ of Michigan, Ann Arbor & Merit Univ of Michigan, Ann Arbor -> NCSA, University of Illinois, Champaign",1,"MIDnet, Lincoln, NE","BARRnet, Palo Alto",5.9602377,5.960237732619437,0.9999999945271584
24,nsfnet,7,1.0,linear_autoregressive,critical_failure_fixed,"NCSA, University of Illinois, Champaign -> Merit Univ of Michigan, Ann Arbor & Merit Univ of Michigan, Ann Arbor -> NCSA, University of Illinois, Champaign",2,"NCSA, University of Illinois, Champaign","BARRnet, Palo Alto",5.8867207,5.886720739552786,0.9999999932810154
24,nsfnet,7,1.0,linear_autoregressive,critical_failure_fixed,"NCSA, University of Illinois, Champaign -> Merit Univ of Michigan, Ann Arbor & Merit Univ of Michigan, Ann Arbor -> NCSA, University of Illinois, Champaign",3,Pittsburgh Supercomputer Center,"MIDnet, Lincoln, NE",5.8751225,5.875122475571593,1.00000000415794
24,nsfnet,7,1.0,linear_autoregressive,critical_failure_fixed,"NCSA, University of Illinois, Champaign -> Merit Univ of Michigan, Ann Arbor & Merit Univ of Michigan, Ann Arbor -> NCSA, University of Illinois, Champaign",4,"NCSA, University of Illinois, Champaign","Merit Univ of Michigan, Ann Arbor",5.822686,5.822685974151521,1.0000000044392707
24,nsfnet,7,1.0,linear_autoregressive,critical_failure_fixed,"NCSA, University of Illinois, Champaign -> Merit Univ of Michigan, Ann Arbor & Merit Univ of Michigan, Ann Arbor -> NCSA, University of Illinois, Champaign",5,"MIDnet, Lincoln, NE","Cornell Theory Center, Ithaca NY",5.7956774,5.795677378986496,1.0000000036257202
24,nsfnet,7,1.0,linear_autoregressive,random_failure_fixed,"Pittsburgh Supercomputer Center -> Merit Univ of Michigan, Ann Arbor & Merit Univ of Michigan, Ann Arbor -> Pittsburgh Supercomputer Center",1,"Jon Von Neumann Center, Princeton, NJ",Pittsburgh Supercomputer Center,5.9460971,5.946097131281394,0.9999999947391721
24,nsfnet,7,1.0,linear_autoregressive,random_failure_fixed,"Pittsburgh Supercomputer Center -> Merit Univ of Michigan, Ann Arbor & Merit Univ of Michigan, Ann Arbor -> Pittsburgh Supercomputer Center",2,Pittsburgh Supercomputer Center,"MIDnet, Lincoln, NE",5.8751225,5.875122475571593,1.00000000415794
24,nsfnet,7,1.0,linear_autoregressive,random_failure_fixed,"Pittsburgh Supercomputer Center -> Merit Univ of Michigan, Ann Arbor & Merit Univ of Michigan, Ann Arbor -> Pittsburgh Supercomputer Center",3,"NorthWestNet, Seattle",Pittsburgh Supercomputer Center,5.7550193,5.755019296744452,1.0000000005656884
24,nsfnet,7,1.0,linear_autoregressive,random_failure_fixed,"Pittsburgh Supercomputer Center -> Merit Univ of Michigan, Ann Arbor & Merit Univ of Michigan, Ann Arbor -> Pittsburgh Supercomputer Center",4,"BARRnet, Palo Alto",Pittsburgh Supercomputer Center,5.7027853,5.702785289021481,1.0000000019251154
24,nsfnet,7,1.0,linear_autoregressive,random_failure_fixed,"Pittsburgh Supercomputer Center -> Merit Univ of Michigan, Ann Arbor & Merit Univ of Michigan, Ann Arbor -> Pittsburgh Supercomputer Center",5,Pittsburgh Supercomputer Center,"SURANET, Georgia Tech, Atlanta",5.5185926,5.518592605690262,0.9999999989688925
24,nsfnet,7,1.0,lstm,critical_failure_fixed,"NCSA, University of Illinois, Champaign -> Merit Univ of Michigan, Ann Arbor & Merit Univ of Michigan, Ann Arbor -> NCSA, University of Illinois, Champaign",1,"MIDnet, Lincoln, NE","BARRnet, Palo Alto",5.3505807,5.35058069229126,1.0000000014407298
24,nsfnet,7,1.0,lstm,critical_failure_fixed,"NCSA, University of Illinois, Champaign -> Merit Univ of Michigan, Ann Arbor & Merit Univ of Michigan, Ann Arbor -> NCSA, University of Illinois, Champaign",2,"NCSA, University of Illinois, Champaign","Merit Univ of Michigan, Ann Arbor",5.2914438,5.291443824768066,0.9999999953192233
24,nsfnet,7,1.0,lstm,critical_failure_fixed,"NCSA, University of Illinois, Champaign -> Merit Univ of Michigan, Ann Arbor & Merit Univ of Michigan, Ann Arbor -> NCSA, University of Illinois, Champaign",3,"MIDnet, Lincoln, NE","Cornell Theory Center, Ithaca NY",5.2456656,5.245665550231934,1.0000000094874646
24,nsfnet,7,1.0,lstm,critical_failure_fixed,"NCSA, University of Illinois, Champaign -> Merit Univ of Michigan, Ann Arbor & Merit Univ of Michigan, Ann Arbor -> NCSA, University of Illinois, Champaign",4,"NCSA, University of Illinois, Champaign","BARRnet, Palo Alto",5.2050643,5.205064296722412,1.000000000629692
24,nsfnet,7,1.0,lstm,critical_failure_fixed,"NCSA, University of Illinois, Champaign -> Merit Univ of Michigan, Ann Arbor & Merit Univ of Michigan, Ann Arbor -> NCSA, University of Illinois, Champaign",5,Pittsburgh Supercomputer Center,"MIDnet, Lincoln, NE",5.0236282,5.023628234863281,0.9999999930601391
24,nsfnet,7,1.0,lstm,random_failure_fixed,"Pittsburgh Supercomputer Center -> Merit Univ of Michigan, Ann Arbor & Merit Univ of Michigan, Ann Arbor -> Pittsburgh Supercomputer Center",1,"Jon Von Neumann Center, Princeton, NJ",Pittsburgh Supercomputer Center,5.4698563,5.469856262207031,1.0000000069093167
24,nsfnet,7,1.0,lstm,random_failure_fixed,"Pittsburgh Supercomputer Center -> Merit Univ of Michigan, Ann Arbor & Merit Univ of Michigan, Ann Arbor -> Pittsburgh Supercomputer Center",2,"NorthWestNet, Seattle",Pittsburgh Supercomputer Center,5.183609,5.1836090087890625,0.9999999983044511
24,nsfnet,7,1.0,lstm,random_failure_fixed,"Pittsburgh Supercomputer Center -> Merit Univ of Michigan, Ann Arbor & Merit Univ of Michigan, Ann Arbor -> Pittsburgh Supercomputer Center",3,"BARRnet, Palo Alto",Pittsburgh Supercomputer Center,5.122508,5.1225080490112305,0.9999999904321808
24,nsfnet,7,1.0,lstm,random_failure_fixed,"Pittsburgh Supercomputer Center -> Merit Univ of Michigan, Ann Arbor & Merit Univ of Michigan, Ann Arbor -> Pittsburgh Supercomputer Center",4,Pittsburgh Supercomputer Center,"MIDnet, Lincoln, NE",5.0236282,5.023628234863281,0.9999999930601391
24,nsfnet,7,1.0,lstm,random_failure_fixed,"Pittsburgh Supercomputer Center -> Merit Univ of Michigan, Ann Arbor & Merit Univ of Michigan, Ann Arbor -> Pittsburgh Supercomputer Center",5,Pittsburgh Supercomputer Center,"SURANET, Georgia Tech, Atlanta",4.9717717,4.971771717071533,0.9999999965663079
24,nsfnet,7,1.0,transformer,critical_failure_fixed,"NCSA, University of Illinois, Champaign -> Merit Univ of Michigan, Ann Arbor & Merit Univ of Michigan, Ann Arbor -> NCSA, University of Illinois, Champaign",1,"MIDnet, Lincoln, NE","BARRnet, Palo Alto",5.8251143,5.8251142501831055,1.0000000085520888
24,nsfnet,7,1.0,transformer,critical_failure_fixed,"NCSA, University of Illinois, Champaign -> Merit Univ of Michigan, Ann Arbor & Merit Univ of Michigan, Ann Arbor -> NCSA, University of Illinois, Champaign",2,"NCSA, University of Illinois, Champaign","Merit Univ of Michigan, Ann Arbor",5.7523437,5.752343654632568,1.0000000078867735
24,nsfnet,7,1.0,transformer,critical_failure_fixed,"NCSA, University of Illinois, Champaign -> Merit Univ of Michigan, Ann Arbor & Merit Univ of Michigan, Ann Arbor -> NCSA, University of Illinois, Champaign",3,"NCSA, University of Illinois, Champaign","BARRnet, Palo Alto",5.6327119,5.632711887359619,1.0000000022441022
24,nsfnet,7,1.0,transformer,critical_failure_fixed,"NCSA, University of Illinois, Champaign -> Merit Univ of Michigan, Ann Arbor & Merit Univ of Michigan, Ann Arbor -> NCSA, University of Illinois, Champaign",4,"MIDnet, Lincoln, NE","Cornell Theory Center, Ithaca NY",5.6309848,5.630984783172607,1.000000002988357
24,nsfnet,7,1.0,transformer,critical_failure_fixed,"NCSA, University of Illinois, Champaign -> Merit Univ of Michigan, Ann Arbor & Merit Univ of Michigan, Ann Arbor -> NCSA, University of Illinois, Champaign",5,Pittsburgh Supercomputer Center,"MIDnet, Lincoln, NE",5.4656844,5.465684413909912,0.9999999974550465
24,nsfnet,7,1.0,transformer,random_failure_fixed,"Pittsburgh Supercomputer Center -> Merit Univ of Michigan, Ann Arbor & Merit Univ of Michigan, Ann Arbor -> Pittsburgh Supercomputer Center",1,"Jon Von Neumann Center, Princeton, NJ",Pittsburgh Supercomputer Center,5.8678737,5.867873668670654,1.000000005339131
24,nsfnet,7,1.0,transformer,random_failure_fixed,"Pittsburgh Supercomputer Center -> Merit Univ of Michigan, Ann Arbor & Merit Univ of Michigan, Ann Arbor -> Pittsburgh Supercomputer Center",2,"NorthWestNet, Seattle",Pittsburgh Supercomputer Center,5.6303258,5.630325794219971,1.0000000010265888
24,nsfnet,7,1.0,transformer,random_failure_fixed,"Pittsburgh Supercomputer Center -> Merit Univ of Michigan, Ann Arbor & Merit Univ of Michigan, Ann Arbor -> Pittsburgh Supercomputer Center",3,Pittsburgh Supercomputer Center,"MIDnet, Lincoln, NE",5.4656844,5.465684413909912,0.9999999974550465
24,nsfnet,7,1.0,transformer,random_failure_fixed,"Pittsburgh Supercomputer Center -> Merit Univ of Michigan, Ann Arbor & Merit Univ of Michigan, Ann Arbor -> Pittsburgh Supercomputer Center",4,"BARRnet, Palo Alto",Pittsburgh Supercomputer Center,5.4629412,5.4629411697387695,1.000000005539366
24,nsfnet,7,1.0,transformer,random_failure_fixed,"Pittsburgh Supercomputer Center -> Merit Univ of Michigan, Ann Arbor & Merit Univ of Michigan, Ann Arbor -> Pittsburgh Supercomputer Center",5,Pittsburgh Supercomputer Center,"SURANET, Georgia Tech, Atlanta",5.3822498,5.38224983215332,0.9999999940260447
25,nsfnet,7,1.0,moving_average,critical_failure_fixed,"NCSA, University of Illinois, Champaign -> Merit Univ of Michigan, Ann Arbor & Merit Univ of Michigan, Ann Arbor -> NCSA, University of Illinois, Champaign",1,"NCSA, University of Illinois, Champaign","Merit Univ of Michigan, Ann Arbor",6.1324478,6.132447802395422,0.9999999996093856
25,nsfnet,7,1.0,moving_average,critical_failure_fixed,"NCSA, University of Illinois, Champaign -> Merit Univ of Michigan, Ann Arbor & Merit Univ of Michigan, Ann Arbor -> NCSA, University of Illinois, Champaign",2,"MIDnet, Lincoln, NE","BARRnet, Palo Alto",6.0658878,6.0658878210681975,0.9999999965267742
25,nsfnet,7,1.0,moving_average,critical_failure_fixed,"NCSA, University of Illinois, Champaign -> Merit Univ of Michigan, Ann Arbor & Merit Univ of Michigan, Ann Arbor -> NCSA, University of Illinois, Champaign",3,"MIDnet, Lincoln, NE","Cornell Theory Center, Ithaca NY",6.0170812,6.0170812159259315,0.9999999973532131
25,nsfnet,7,1.0,moving_average,critical_failure_fixed,"NCSA, University of Illinois, Champaign -> Merit Univ of Michigan, Ann Arbor & Merit Univ of Michigan, Ann Arbor -> NCSA, University of Illinois, Champaign",4,"NCSA, University of Illinois, Champaign","BARRnet, Palo Alto",5.8993742,5.899374159280751,1.0000000069022996
25,nsfnet,7,1.0,moving_average,critical_failure_fixed,"NCSA, University of Illinois, Champaign -> Merit Univ of Michigan, Ann Arbor & Merit Univ of Michigan, Ann Arbor -> NCSA, University of Illinois, Champaign",5,"SURANET, Georgia Tech, Atlanta","Merit Univ of Michigan, Ann Arbor",5.6222945,5.622294480950291,1.0000000033882446
25,nsfnet,7,1.0,moving_average,random_failure_fixed,"NorthWestNet, Seattle -> NCAR, Boulder & NCAR, Boulder -> NorthWestNet, Seattle",1,San Diego Supercomputer Center,"NCAR, Boulder",6.2278007,6.227800724599403,0.9999999960500658
25,nsfnet,7,1.0,moving_average,random_failure_fixed,"NorthWestNet, Seattle -> NCAR, Boulder & NCAR, Boulder -> NorthWestNet, Seattle",2,"Westnet, Salt Lake City",San Diego Supercomputer Center,5.7887553,5.78875533092298,0.9999999946580952
25,nsfnet,7,1.0,moving_average,random_failure_fixed,"NorthWestNet, Seattle -> NCAR, Boulder & NCAR, Boulder -> NorthWestNet, Seattle",3,"NorthWestNet, Seattle","NCSA, University of Illinois, Champaign",5.6928343,5.692834342514772,0.9999999925318798
25,nsfnet,7,1.0,moving_average,random_failure_fixed,"NorthWestNet, Seattle -> NCAR, Boulder & NCAR, Boulder -> NorthWestNet, Seattle",4,"NorthWestNet, Seattle","MIDnet, Lincoln, NE",5.5656003,5.565600267760103,1.0000000057927079
25,nsfnet,7,1.0,moving_average,random_failure_fixed,"NorthWestNet, Seattle -> NCAR, Boulder & NCAR, Boulder -> NorthWestNet, Seattle",5,"NCAR, Boulder","NorthWestNet, Seattle",5.4229692,5.422969156821823,1.0000000079620914
25,nsfnet,7,1.0,linear_autoregressive,critical_failure_fixed,"NCSA, University of Illinois, Champaign -> Merit Univ of Michigan, Ann Arbor & Merit Univ of Michigan, Ann Arbor -> NCSA, University of Illinois, Champaign",1,"NCSA, University of Illinois, Champaign","Merit Univ of Michigan, Ann Arbor",7.0912671,7.091267124705088,0.9999999965161249
25,nsfnet,7,1.0,linear_autoregressive,critical_failure_fixed,"NCSA, University of Illinois, Champaign -> Merit Univ of Michigan, Ann Arbor & Merit Univ of Michigan, Ann Arbor -> NCSA, University of Illinois, Champaign",2,"MIDnet, Lincoln, NE","BARRnet, Palo Alto",6.9560915,6.956091482071041,1.0000000025774474
25,nsfnet,7,1.0,linear_autoregressive,critical_failure_fixed,"NCSA, University of Illinois, Champaign -> Merit Univ of Michigan, Ann Arbor & Merit Univ of Michigan, Ann Arbor -> NCSA, University of Illinois, Champaign",3,"MIDnet, Lincoln, NE","Cornell Theory Center, Ithaca NY",6.7745632,6.774563176213934,1.000000003511085
25,nsfnet,7,1.0,linear_autoregressive,critical_failure_fixed,"NCSA, University of Illinois, Champaign -> Merit Univ of Michigan, Ann Arbor & Merit Univ of Michigan, Ann Arbor -> NCSA, University of Illinois, Champaign",4,"NCSA, University of Illinois, Champaign","BARRnet, Palo Alto",6.7623696,6.762369630641506,0.9999999954688212
25,nsfnet,7,1.0,linear_autoregressive,critical_failure_fixed,"NCSA, University of Illinois, Champaign -> Merit Univ of Michigan, Ann Arbor & Merit Univ of Michigan, Ann Arbor -> NCSA, University of Illinois, Champaign",5,"Westnet, Salt Lake City","Merit Univ of Michigan, Ann Arbor",6.4535084,6.45350839434225,1.0000000008766936
25,nsfnet,7,1.0,linear_autoregressive,random_failure_fixed,"NorthWestNet, Seattle -> NCAR, Boulder & NCAR, Boulder -> NorthWestNet, Seattle",1,San Diego Supercomputer Center,"NCAR, Boulder",6.9641799,6.964179899539325,1.0000000000661493
25,nsfnet,7,1.0,linear_autoregressive,random_failure_fixed,"NorthWestNet, Seattle -> NCAR, Boulder & NCAR, Boulder -> NorthWestNet, Seattle",2,"NorthWestNet, Seattle","NCSA, University of Illinois, Champaign",6.807521,6.80752102743957,0.9999999959692273
25,nsfnet,7,1.0,linear_autoregressive,random_failure_fixed,"NorthWestNet, Seattle -> NCAR, Boulder & NCAR, Boulder -> NorthWestNet, Seattle",3,"Westnet, Salt Lake City",San Diego Supercomputer Center,6.4929938,6.492993840764981,0.9999999937216971
25,nsfnet,7,1.0,linear_autoregressive,random_failure_fixed,"NorthWestNet, Seattle -> NCAR, Boulder & NCAR, Boulder -> NorthWestNet, Seattle",4,"NorthWestNet, Seattle","MIDnet, Lincoln, NE",6.3708295,6.37082952576105,0.9999999959564057
25,nsfnet,7,1.0,linear_autoregressive,random_failure_fixed,"NorthWestNet, Seattle -> NCAR, Boulder & NCAR, Boulder -> NorthWestNet, Seattle",5,"NCAR, Boulder","NorthWestNet, Seattle",6.1544615,6.1544614952369505,1.0000000007739183
25,nsfnet,7,1.0,lstm,critical_failure_fixed,"NCSA, University of Illinois, Champaign -> Merit Univ of Michigan, Ann Arbor & Merit Univ of Michigan, Ann Arbor -> NCSA, University of Illinois, Champaign",1,"MIDnet, Lincoln, NE","BARRnet, Palo Alto",5.3505807,5.35058069229126,1.0000000014407298
25,nsfnet,7,1.0,lstm,critical_failure_fixed,"NCSA, University of Illinois, Champaign -> Merit Univ of Michigan, Ann Arbor & Merit Univ of Michigan, Ann Arbor -> NCSA, University of Illinois, Champaign",2,"NCSA, University of Illinois, Champaign","Merit Univ of Michigan, Ann Arbor",5.2914438,5.291443824768066,0.9999999953192233
25,nsfnet,7,1.0,lstm,critical_failure_fixed,"NCSA, University of Illinois, Champaign -> Merit Univ of Michigan, Ann Arbor & Merit Univ of Michigan, Ann Arbor -> NCSA, University of Illinois, Champaign",3,"MIDnet, Lincoln, NE","Cornell Theory Center, Ithaca NY",5.2456656,5.245665550231934,1.0000000094874646
25,nsfnet,7,1.0,lstm,critical_failure_fixed,"NCSA, University of Illinois, Champaign -> Merit Univ of Michigan, Ann Arbor & Merit Univ of Michigan, Ann Arbor -> NCSA, University of Illinois, Champaign",4,"NCSA, University of Illinois, Champaign","BARRnet, Palo Alto",5.2050643,5.205064296722412,1.000000000629692
25,nsfnet,7,1.0,lstm,critical_failure_fixed,"NCSA, University of Illinois, Champaign -> Merit Univ of Michigan, Ann Arbor & Merit Univ of Michigan, Ann Arbor -> NCSA, University of Illinois, Champaign",5,Pittsburgh Supercomputer Center,"MIDnet, Lincoln, NE",5.0236282,5.023628234863281,0.9999999930601391
25,nsfnet,7,1.0,lstm,random_failure_fixed,"NorthWestNet, Seattle -> NCAR, Boulder & NCAR, Boulder -> NorthWestNet, Seattle",1,San Diego Supercomputer Center,"NCAR, Boulder",5.3066921,5.306692123413086,0.9999999955880076
25,nsfnet,7,1.0,lstm,random_failure_fixed,"NorthWestNet, Seattle -> NCAR, Boulder & NCAR, Boulder -> NorthWestNet, Seattle",2,"NorthWestNet, Seattle","NCSA, University of Illinois, Champaign",5.1896391,5.189639091491699,1.0000000016394783
25,nsfnet,7,1.0,lstm,random_failure_fixed,"NorthWestNet, Seattle -> NCAR, Boulder & NCAR, Boulder -> NorthWestNet, Seattle",3,"Westnet, Salt Lake City",San Diego Supercomputer Center,5.0445681,5.044568061828613,1.0000000075668296
25,nsfnet,7,1.0,lstm,random_failure_fixed,"NorthWestNet, Seattle -> NCAR, Boulder & NCAR, Boulder -> NorthWestNet, Seattle",4,"NorthWestNet, Seattle","MIDnet, Lincoln, NE",4.9510775,4.951077461242676,1.0000000078280586
25,nsfnet,7,1.0,lstm,random_failure_fixed,"NorthWestNet, Seattle -> NCAR, Boulder & NCAR, Boulder -> NorthWestNet, Seattle",5,"Westnet, Salt Lake City","BARRnet, Palo Alto",4.6545296,4.654529571533203,1.0000000061159342
25,nsfnet,7,1.0,transformer,critical_failure_fixed,"NCSA, University of Illinois, Champaign -> Merit Univ of Michigan, Ann Arbor & Merit Univ of Michigan, Ann Arbor -> NCSA, University of Illinois, Champaign",1,"MIDnet, Lincoln, NE","BARRnet, Palo Alto",5.8250947,5.825094699859619,1.0000000000240994
25,nsfnet,7,1.0,transformer,critical_failure_fixed,"NCSA, University of Illinois, Champaign -> Merit Univ of Michigan, Ann Arbor & Merit Univ of Michigan, Ann Arbor -> NCSA, University of Illinois, Champaign",2,"NCSA, University of Illinois, Champaign","Merit Univ of Michigan, Ann Arbor",5.7523246,5.75232458114624,1.0000000032775895
25,nsfnet,7,1.0,transformer,critical_failure_fixed,"NCSA, University of Illinois, Champaign -> Merit Univ of Michigan, Ann Arbor & Merit Univ of Michigan, Ann Arbor -> NCSA, University of Illinois, Champaign",3,"NCSA, University of Illinois, Champaign","BARRnet, Palo Alto",5.6327052,5.632705211639404,0.9999999979336032
25,nsfnet,7,1.0,transformer,critical_failure_fixed,"NCSA, University of Illinois, Champaign -> Merit Univ of Michigan, Ann Arbor & Merit Univ of Michigan, Ann Arbor -> NCSA, University of Illinois, Champaign",4,"MIDnet, Lincoln, NE","Cornell Theory Center, Ithaca NY",5.6309681,5.63096809387207,1.000000001088255
25,nsfnet,7,1.0,transformer,critical_failure_fixed,"NCSA, University of Illinois, Champaign -> Merit Univ of Michigan, Ann Arbor & Merit Univ of Michigan, Ann Arbor -> NCSA, University of Illinois, Champaign",5,Pittsburgh Supercomputer Center,"MIDnet, Lincoln, NE",5.4656696,5.465669631958008,0.9999999941529566
25,nsfnet,7,1.0,transformer,random_failure_fixed,"NorthWestNet, Seattle -> NCAR, Boulder & NCAR, Boulder -> NorthWestNet, Seattle",1,San Diego Supercomputer Center,"NCAR, Boulder",5.7232733,5.723273277282715,1.0000000039692818
25,nsfnet,7,1.0,transformer,random_failure_fixed,"NorthWestNet, Seattle -> NCAR, Boulder & NCAR, Boulder -> NorthWestNet, Seattle",2,"NorthWestNet, Seattle","NCSA, University of Illinois, Champaign",5.5945559,5.594555854797363,1.0000000080797542
25,nsfnet,7,1.0,transformer,random_failure_fixed,"NorthWestNet, Seattle -> NCAR, Boulder & NCAR, Boulder -> NorthWestNet, Seattle",3,"Westnet, Salt Lake City",San Diego Supercomputer Center,5.4350982,5.435098171234131,1.0000000052926126
25,nsfnet,7,1.0,transformer,random_failure_fixed,"NorthWestNet, Seattle -> NCAR, Boulder & NCAR, Boulder -> NorthWestNet, Seattle",4,"NorthWestNet, Seattle","MIDnet, Lincoln, NE",5.3198299,5.319829940795898,0.999999992331353
25,nsfnet,7,1.0,transformer,random_failure_fixed,"NorthWestNet, Seattle -> NCAR, Boulder & NCAR, Boulder -> NorthWestNet, Seattle",5,"NCAR, Boulder",San Diego Supercomputer Center,5.0317564,5.031756401062012,0.9999999997889382
26,nsfnet,7,1.0,moving_average,critical_failure_fixed,"NCSA, University of Illinois, Champaign -> Merit Univ of Michigan, Ann Arbor & Merit Univ of Michigan, Ann Arbor -> NCSA, University of Illinois, Champaign",1,"NCSA, University of Illinois, Champaign","Merit Univ of Michigan, Ann Arbor",6.8253806,6.825380563799621,1.000000005303789
26,nsfnet,7,1.0,moving_average,critical_failure_fixed,"NCSA, University of Illinois, Champaign -> Merit Univ of Michigan, Ann Arbor & Merit Univ of Michigan, Ann Arbor -> NCSA, University of Illinois, Champaign",2,"MIDnet, Lincoln, NE","BARRnet, Palo Alto",6.8222337,6.822233656193396,1.0000000064211527
26,nsfnet,7,1.0,moving_average,critical_failure_fixed,"NCSA, University of Illinois, Champaign -> Merit Univ of Michigan, Ann Arbor & Merit Univ of Michigan, Ann Arbor -> NCSA, University of Illinois, Champaign",3,"MIDnet, Lincoln, NE","Cornell Theory Center, Ithaca NY",6.7132562,6.713256161893954,1.000000005676239
26,nsfnet,7,1.0,moving_average,critical_failure_fixed,"NCSA, University of Illinois, Champaign -> Merit Univ of Michigan, Ann Arbor & Merit Univ of Michigan, Ann Arbor -> NCSA, University of Illinois, Champaign",4,"NCSA, University of Illinois, Champaign","BARRnet, Palo Alto",6.5335375,6.5335375332132415,0.9999999949164995
26,nsfnet,7,1.0,moving_average,critical_failure_fixed,"NCSA, University of Illinois, Champaign -> Merit Univ of Michigan, Ann Arbor & Merit Univ of Michigan, Ann Arbor -> NCSA, University of Illinois, Champaign",5,Pittsburgh Supercomputer Center,"MIDnet, Lincoln, NE",6.1485097,6.148509706981564,0.9999999988645112
26,nsfnet,7,1.0,moving_average,random_failure_fixed,"NCAR, Boulder -> NCSA, University of Illinois, Champaign & NCSA, University of Illinois, Champaign -> NCAR, Boulder",1,"NorthWestNet, Seattle","NCSA, University of Illinois, Champaign",6.4819264,6.481926354323599,1.0000000070467323
26,nsfnet,7,1.0,moving_average,random_failure_fixed,"NCAR, Boulder -> NCSA, University of Illinois, Champaign & NCSA, University of Illinois, Champaign -> NCAR, Boulder",2,"MIDnet, Lincoln, NE","NCAR, Boulder",6.271587,6.2715870015787045,0.9999999997482768
26,nsfnet,7,1.0,moving_average,random_failure_fixed,"NCAR, Boulder -> NCSA, University of Illinois, Champaign & NCSA, University of Illinois, Champaign -> NCAR, Boulder",3,"NorthWestNet, Seattle","MIDnet, Lincoln, NE",6.1813262,6.181326170677773,1.000000004743679
26,nsfnet,7,1.0,moving_average,random_failure_fixed,"NCAR, Boulder -> NCSA, University of Illinois, Champaign & NCSA, University of Illinois, Champaign -> NCAR, Boulder",4,"SEQSUINET, Rice University, Houston","Westnet, Salt Lake City",6.1482464,6.14824638368282,1.0000000026539566
26,nsfnet,7,1.0,moving_average,random_failure_fixed,"NCAR, Boulder -> NCSA, University of Illinois, Champaign & NCSA, University of Illinois, Champaign -> NCAR, Boulder",5,"Westnet, Salt Lake City","SEQSUINET, Rice University, Houston",6.036856,6.0368560076121325,0.9999999987390569
26,nsfnet,7,1.0,linear_autoregressive,critical_failure_fixed,"NCSA, University of Illinois, Champaign -> Merit Univ of Michigan, Ann Arbor & Merit Univ of Michigan, Ann Arbor -> NCSA, University of Illinois, Champaign",1,"MIDnet, Lincoln, NE","BARRnet, Palo Alto",7.6970292,7.697029215066212,0.999999998042594
26,nsfnet,7,1.0,linear_autoregressive,critical_failure_fixed,"NCSA, University of Illinois, Champaign -> Merit Univ of Michigan, Ann Arbor & Merit Univ of Michigan, Ann Arbor -> NCSA, University of Illinois, Champaign",2,"NCSA, University of Illinois, Champaign","Merit Univ of Michigan, Ann Arbor",7.6089331,7.608933125360738,0.9999999966669784
26,nsfnet,7,1.0,linear_autoregressive,critical_failure_fixed,"NCSA, University of Illinois, Champaign -> Merit Univ of Michigan, Ann Arbor & Merit Univ of Michigan, Ann Arbor -> NCSA, University of Illinois, Champaign",3,"NCSA, University of Illinois, Champaign","BARRnet, Palo Alto",7.4677374,7.467737389654738,1.0000000013853274
26,nsfnet,7,1.0,linear_autoregressive,critical_failure_fixed,"NCSA, University of Illinois, Champaign -> Merit Univ of Michigan, Ann Arbor & Merit Univ of Michigan, Ann Arbor -> NCSA, University of Illinois, Champaign",4,"MIDnet, Lincoln, NE","Cornell Theory Center, Ithaca NY",7.3932575,7.3932575437195815,0.9999999940865604
26,nsfnet,7,1.0,linear_autoregressive,critical_failure_fixed,"NCSA, University of Illinois, Champaign -> Merit Univ of Michigan, Ann Arbor & Merit Univ of Michigan, Ann Arbor -> NCSA, University of Illinois, Champaign",5,"Westnet, Salt Lake City","Merit Univ of Michigan, Ann Arbor",7.1301123,7.130112264647484,1.0000000049581992
26,nsfnet,7,1.0,linear_autoregressive,random_failure_fixed,"NCAR, Boulder -> NCSA, University of Illinois, Champaign & NCSA, University of Illinois, Champaign -> NCAR, Boulder",1,"NorthWestNet, Seattle","NCSA, University of Illinois, Champaign",7.4171052,7.417105170821291,1.0000000039339754
26,nsfnet,7,1.0,linear_autoregressive,random_failure_fixed,"NCAR, Boulder -> NCSA, University of Illinois, Champaign & NCSA, University of Illinois, Champaign -> NCAR, Boulder",2,"Westnet, Salt Lake City","Merit Univ of Michigan, Ann Arbor",7.1301123,7.130112264647484,1.0000000049581992
26,nsfnet,7,1.0,linear_autoregressive,random_failure_fixed,"NCAR, Boulder -> NCSA, University of Illinois, Champaign & NCSA, University of Illinois, Champaign -> NCAR, Boulder",3,"NorthWestNet, Seattle","MIDnet, Lincoln, NE",7.0702571,7.070257067374594,1.0000000046144584
26,nsfnet,7,1.0,linear_autoregressive,random_failure_fixed,"NCAR, Boulder -> NCSA, University of Illinois, Champaign & NCSA, University of Illinois, Champaign -> NCAR, Boulder",4,"MIDnet, Lincoln, NE","NCAR, Boulder",6.9835565,6.983556525158865,0.9999999963974137
26,nsfnet,7,1.0,linear_autoregressive,random_failure_fixed,"NCAR, Boulder -> NCSA, University of Illinois, Champaign & NCSA, University of Illinois, Champaign -> NCAR, Boulder",5,"Westnet, Salt Lake City","SEQSUINET, Rice University, Houston",6.9512906,6.951290587343283,1.0000000018207724
26,nsfnet,7,1.0,lstm,critical_failure_fixed,"NCSA, University of Illinois, Champaign -> Merit Univ of Michigan, Ann Arbor & Merit Univ of Michigan, Ann Arbor -> NCSA, University of Illinois, Champaign",1,"MIDnet, Lincoln, NE","BARRnet, Palo Alto",5.3505807,5.35058069229126,1.0000000014407298
26,nsfnet,7,1.0,lstm,critical_failure_fixed,"NCSA, University of Illinois, Champaign -> Merit Univ of Michigan, Ann Arbor & Merit Univ of Michigan, Ann Arbor -> NCSA, University of Illinois, Champaign",2,"NCSA, University of Illinois, Champaign","Merit Univ of Michigan, Ann Arbor",5.2914438,5.291443824768066,0.9999999953192233
26,nsfnet,7,1.0,lstm,critical_failure_fixed,"NCSA, University of Illinois, Champaign -> Merit Univ of Michigan, Ann Arbor & Merit Univ of Michigan, Ann Arbor -> NCSA, University of Illinois, Champaign",3,"MIDnet, Lincoln, NE","Cornell Theory Center, Ithaca NY",5.2456656,5.245665550231934,1.0000000094874646
26,nsfnet,7,1.0,lstm,critical_failure_fixed,"NCSA, University of Illinois, Champaign -> Merit Univ of Michigan, Ann Arbor & Merit Univ of Michigan, Ann Arbor -> NCSA, University of Illinois, Champaign",4,"NCSA, University of Illinois, Champaign","BARRnet, Palo Alto",5.2050643,5.205064296722412,1.000000000629692
26,nsfnet,7,1.0,lstm,critical_failure_fixed,"NCSA, University of Illinois, Champaign -> Merit Univ of Michigan, Ann Arbor & Merit Univ of Michigan, Ann Arbor -> NCSA, University of Illinois, Champaign",5,Pittsburgh Supercomputer Center,"MIDnet, Lincoln, NE",5.0236282,5.023628234863281,0.9999999930601391
26,nsfnet,7,1.0,lstm,random_failure_fixed,"NCAR, Boulder -> NCSA, University of Illinois, Champaign & NCSA, University of Illinois, Champaign -> NCAR, Boulder",1,"NorthWestNet, Seattle","NCSA, University of Illinois, Champaign",5.1896391,5.189639091491699,1.0000000016394783
26,nsfnet,7,1.0,lstm,random_failure_fixed,"NCAR, Boulder -> NCSA, University of Illinois, Champaign & NCSA, University of Illinois, Champaign -> NCAR, Boulder",2,"MIDnet, Lincoln, NE","NCAR, Boulder",5.1113362,5.1113362312316895,0.9999999938897213
26,nsfnet,7,1.0,lstm,random_failure_fixed,"NCAR, Boulder -> NCSA, University of Illinois, Champaign & NCSA, University of Illinois, Champaign -> NCAR, Boulder",3,"Westnet, Salt Lake City","SEQSUINET, Rice University, Houston",5.0074658,5.007465839385986,0.9999999921345473
26,nsfnet,7,1.0,lstm,random_failure_fixed,"NCAR, Boulder -> NCSA, University of Illinois, Champaign & NCSA, University of Illinois, Champaign -> NCAR, Boulder",4,"Westnet, Salt Lake City","Merit Univ of Michigan, Ann Arbor",4.9612617,4.961261749267578,0.9999999900695467
26,nsfnet,7,1.0,lstm,random_failure_fixed,"NCAR, Boulder -> NCSA, University of Illinois, Champaign & NCSA, University of Illinois, Champaign -> NCAR, Boulder",5,"NorthWestNet, Seattle","MIDnet, Lincoln, NE",4.9510775,4.951077461242676,1.0000000078280586
26,nsfnet,7,1.0,transformer,critical_failure_fixed,"NCSA, University of Illinois, Champaign -> Merit Univ of Michigan, Ann Arbor & Merit Univ of Michigan, Ann Arbor -> NCSA, University of Illinois, Champaign",1,"MIDnet, Lincoln, NE","BARRnet, Palo Alto",5.8251209,5.82512092590332,0.9999999955531703
26,nsfnet,7,1.0,transformer,critical_failure_fixed,"NCSA, University of Illinois, Champaign -> Merit Univ of Michigan, Ann Arbor & Merit Univ of Michigan, Ann Arbor -> NCSA, University of Illinois, Champaign",2,"NCSA, University of Illinois, Champaign","Merit Univ of Michigan, Ann Arbor",5.7523475,5.752347469329834,1.0000000053317653
26,nsfnet,7,1.0,transformer,critical_failure_fixed,"NCSA, University of Illinois, Champaign -> Merit Univ of Michigan, Ann Arbor & Merit Univ of Michigan, Ann Arbor -> NCSA, University of Illinois, Champaign",3,"NCSA, University of Illinois, Champaign","BARRnet, Palo Alto",5.6327085,5.632708549499512,0.9999999912121297
26,nsfnet,7,1.0,transformer,critical_failure_fixed,"NCSA, University of Illinois, Champaign -> Merit Univ of Michigan, Ann Arbor & Merit Univ of Michigan, Ann Arbor -> NCSA, University of Illinois, Champaign",4,"MIDnet, Lincoln, NE","Cornell Theory Center, Ithaca NY",5.6309857,5.630985736846924,0.999999993456399
26,nsfnet,7,1.0,transformer,critical_failure_fixed,"NCSA, University of Illinois, Champaign -> Merit Univ of Michigan, Ann Arbor & Merit Univ of Michigan, Ann Arbor -> NCSA, University of Illinois, Champaign",5,Pittsburgh Supercomputer Center,"MIDnet, Lincoln, NE",5.4656844,5.465684413909912,0.9999999974550465
26,nsfnet,7,1.0,transformer,random_failure_fixed,"NCAR, Boulder -> NCSA, University of Illinois, Champaign & NCSA, University of Illinois, Champaign -> NCAR, Boulder",1,"NorthWestNet, Seattle","NCSA, University of Illinois, Champaign",5.5945721,5.594572067260742,1.0000000058519682
26,nsfnet,7,1.0,transformer,random_failure_fixed,"NCAR, Boulder -> NCSA, University of Illinois, Champaign & NCSA, University of Illinois, Champaign -> NCAR, Boulder",2,"MIDnet, Lincoln, NE","NCAR, Boulder",5.5189004,5.518900394439697,1.0000000010075019
26,nsfnet,7,1.0,transformer,random_failure_fixed,"NCAR, Boulder -> NCSA, University of Illinois, Champaign & NCSA, University of Illinois, Champaign -> NCAR, Boulder",3,"Westnet, Salt Lake City","SEQSUINET, Rice University, Houston",5.4043746,5.404374599456787,1.0000000001005136
26,nsfnet,7,1.0,transformer,random_failure_fixed,"NCAR, Boulder -> NCSA, University of Illinois, Champaign & NCSA, University of Illinois, Champaign -> NCAR, Boulder",4,"Westnet, Salt Lake City","Merit Univ of Michigan, Ann Arbor",5.3482141,5.348214149475098,0.9999999907492302
26,nsfnet,7,1.0,transformer,random_failure_fixed,"NCAR, Boulder -> NCSA, University of Illinois, Champaign & NCSA, University of Illinois, Champaign -> NCAR, Boulder",5,"NorthWestNet, Seattle","MIDnet, Lincoln, NE",5.3198266,5.319826602935791,0.9999999994481416
27,nsfnet,7,1.0,moving_average,critical_failure_fixed,"NCSA, University of Illinois, Champaign -> Merit Univ of Michigan, Ann Arbor & Merit Univ of Michigan, Ann Arbor -> NCSA, University of Illinois, Champaign",1,"MIDnet, Lincoln, NE","BARRnet, Palo Alto",7.3815656,7.381565555776732,1.0000000059910419
27,nsfnet,7,1.0,moving_average,critical_failure_fixed,"NCSA, University of Illinois, Champaign -> Merit Univ of Michigan, Ann Arbor & Merit Univ of Michigan, Ann Arbor -> NCSA, University of Illinois, Champaign",2,"NCSA, University of Illinois, Champaign","Merit Univ of Michigan, Ann Arbor",7.2516065,7.251606531563704,0.9999999956473502
27,nsfnet,7,1.0,moving_average,critical_failure_fixed,"NCSA, University of Illinois, Champaign -> Merit Univ of Michigan, Ann Arbor & Merit Univ of Michigan, Ann Arbor -> NCSA, University of Illinois, Champaign",3,"MIDnet, Lincoln, NE","Cornell Theory Center, Ithaca NY",7.1614963,7.161496338867231,0.99999999457275
27,nsfnet,7,1.0,moving_average,critical_failure_fixed,"NCSA, University of Illinois, Champaign -> Merit Univ of Michigan, Ann Arbor & Merit Univ of Michigan, Ann Arbor -> NCSA, University of Illinois, Champaign",4,"NCSA, University of Illinois, Champaign","BARRnet, Palo Alto",6.9371181,6.937118143353953,0.9999999937504377
27,nsfnet,7,1.0,moving_average,critical_failure_fixed,"NCSA, University of Illinois, Champaign -> Merit Univ of Michigan, Ann Arbor & Merit Univ of Michigan, Ann Arbor -> NCSA, University of Illinois, Champaign",5,"SURANET, Georgia Tech, Atlanta","Merit Univ of Michigan, Ann Arbor",6.5646401,6.564640124413184,0.9999999962811086
27,nsfnet,7,1.0,moving_average,random_failure_fixed,"SEQSUINET, Rice University, Houston -> SURANET, Georgia Tech, Atlanta & SURANET, Georgia Tech, Atlanta -> SEQSUINET, Rice University, Houston",1,"NCSA, University of Illinois, Champaign","SURANET, Georgia Tech, Atlanta",7.0626884,7.062688428564453,0.9999999959555835
27,nsfnet,7,1.0,moving_average,random_failure_fixed,"SEQSUINET, Rice University, Houston -> SURANET, Georgia Tech, Atlanta & SURANET, Georgia Tech, Atlanta -> SEQSUINET, Rice University, Houston",2,"SEQSUINET, Rice University, Houston","Jon Von Neumann Center, Princeton, NJ",6.7679755,6.767975549278568,0.9999999927188614
27,nsfnet,7,1.0,moving_average,random_failure_fixed,"SEQSUINET, Rice University, Houston -> SURANET, Georgia Tech, Atlanta & SURANET, Georgia Tech, Atlanta -> SEQSUINET, Rice University, Houston",3,"NCAR, Boulder","SURANET, Georgia Tech, Atlanta",6.6340816,6.634081562851233,1.000000005599685
27,nsfnet,7,1.0,moving_average,random_failure_fixed,"SEQSUINET, Rice University, Houston -> SURANET, Georgia Tech, Atlanta & SURANET, Georgia Tech, Atlanta -> SEQSUINET, Rice University, Houston",4,"SURANET, Georgia Tech, Atlanta","Merit Univ of Michigan, Ann Arbor",6.5646401,6.564640124413184,0.9999999962811086
27,nsfnet,7,1.0,moving_average,random_failure_fixed,"SEQSUINET, Rice University, Houston -> SURANET, Georgia Tech, Atlanta & SURANET, Georgia Tech, Atlanta -> SEQSUINET, Rice University, Houston",5,"SEQSUINET, Rice University, Houston","SURANET, Georgia Tech, Atlanta",6.228083,6.228083035432971,0.9999999943107741
27,nsfnet,7,1.0,linear_autoregressive,critical_failure_fixed,"NCSA, University of Illinois, Champaign -> Merit Univ of Michigan, Ann Arbor & Merit Univ of Michigan, Ann Arbor -> NCSA, University of Illinois, Champaign",1,"NCSA, University of Illinois, Champaign","Merit Univ of Michigan, Ann Arbor",8.1984901,8.19849013598537,0.9999999956107322
27,nsfnet,7,1.0,linear_autoregressive,critical_failure_fixed,"NCSA, University of Illinois, Champaign -> Merit Univ of Michigan, Ann Arbor & Merit Univ of Michigan, Ann Arbor -> NCSA, University of Illinois, Champaign",2,"NCSA, University of Illinois, Champaign","BARRnet, Palo Alto",8.1498022,8.14980224956323,0.9999999939184745
27,nsfnet,7,1.0,linear_autoregressive,critical_failure_fixed,"NCSA, University of Illinois, Champaign -> Merit Univ of Michigan, Ann Arbor & Merit Univ of Michigan, Ann Arbor -> NCSA, University of Illinois, Champaign",3,"MIDnet, Lincoln, NE","Cornell Theory Center, Ithaca NY",7.8818915,7.881891544257273,0.9999999943849427
27,nsfnet,7,1.0,linear_autoregressive,critical_failure_fixed,"NCSA, University of Illinois, Champaign -> Merit Univ of Michigan, Ann Arbor & Merit Univ of Michigan, Ann Arbor -> NCSA, University of Illinois, Champaign",4,"MIDnet, Lincoln, NE","BARRnet, Palo Alto",7.8383102,7.838310169459441,1.0000000038963193
27,nsfnet,7,1.0,linear_autoregressive,critical_failure_fixed,"NCSA, University of Illinois, Champaign -> Merit Univ of Michigan, Ann Arbor & Merit Univ of Michigan, Ann Arbor -> NCSA, University of Illinois, Champaign",5,Pittsburgh Supercomputer Center,"MIDnet, Lincoln, NE",7.5546061,7.554606058331561,1.0000000055156337
27,nsfnet,7,1.0,linear_autoregressive,random_failure_fixed,"SEQSUINET, Rice University, Houston -> SURANET, Georgia Tech, Atlanta & SURANET, Georgia Tech, Atlanta -> SEQSUINET, Rice University, Houston",1,"SEQSUINET, Rice University, Houston","Jon Von Neumann Center, Princeton, NJ",7.8485567,7.848556690590267,1.0000000011989125
27,nsfnet,7,1.0,linear_autoregressive,random_failure_fixed,"SEQSUINET, Rice University, Houston -> SURANET, Georgia Tech, Atlanta & SURANET, Georgia Tech, Atlanta -> SEQSUINET, Rice University, Houston",2,"NCSA, University of Illinois, Champaign","SURANET, Georgia Tech, Atlanta",7.7152038,7.715203772364912,1.0000000035818999
27,nsfnet,7,1.0,linear_autoregressive,random_failure_fixed,"SEQSUINET, Rice University, Houston -> SURANET, Georgia Tech, Atlanta & SURANET, Georgia Tech, Atlanta -> SEQSUINET, Rice University, Houston",3,"NCAR, Boulder","SURANET, Georgia Tech, Atlanta",7.2247662,7.224766190602596,1.0000000013007209
27,nsfnet,7,1.0,linear_autoregressive,random_failure_fixed,"SEQSUINET, Rice University, Houston -> SURANET, Georgia Tech, Atlanta & SURANET, Georgia Tech, Atlanta -> SEQSUINET, Rice University, Houston",4,"SURANET, Georgia Tech, Atlanta","Merit Univ of Michigan, Ann Arbor",7.1189733,7.118973296345538,1.0000000005133411
27,nsfnet,7,1.0,linear_autoregressive,random_failure_fixed,"SEQSUINET, Rice University, Houston -> SURANET, Georgia Tech, Atlanta & SURANET, Georgia Tech, Atlanta -> SEQSUINET, Rice University, Houston",5,"SURANET, Georgia Tech, Atlanta","Westnet, Salt Lake City",7.1019829,7.10198285397605,1.0000000064804366
27,nsfnet,7,1.0,lstm,critical_failure_fixed,"NCSA, University of Illinois, Champaign -> Merit Univ of Michigan, Ann Arbor & Merit Univ of Michigan, Ann Arbor -> NCSA, University of Illinois, Champaign",1,"MIDnet, Lincoln, NE","BARRnet, Palo Alto",5.3505807,5.35058069229126,1.0000000014407298
27,nsfnet,7,1.0,lstm,critical_failure_fixed,"NCSA, University of Illinois, Champaign -> Merit Univ of Michigan, Ann Arbor & Merit Univ of Michigan, Ann Arbor -> NCSA, University of Illinois, Champaign",2,"NCSA, University of Illinois, Champaign","Merit Univ of Michigan, Ann Arbor",5.2914438,5.291443824768066,0.9999999953192233
27,nsfnet,7,1.0,lstm,critical_failure_fixed,"NCSA, University of Illinois, Champaign -> Merit Univ of Michigan, Ann Arbor & Merit Univ of Michigan, Ann Arbor -> NCSA, University of Illinois, Champaign",3,"MIDnet, Lincoln, NE","Cornell Theory Center, Ithaca NY",5.2456656,5.245665550231934,1.0000000094874646
27,nsfnet,7,1.0,lstm,critical_failure_fixed,"NCSA, University of Illinois, Champaign -> Merit Univ of Michigan, Ann Arbor & Merit Univ of Michigan, Ann Arbor -> NCSA, University of Illinois, Champaign",4,"NCSA, University of Illinois, Champaign","BARRnet, Palo Alto",5.2050643,5.205064296722412,1.000000000629692
27,nsfnet,7,1.0,lstm,critical_failure_fixed,"NCSA, University of Illinois, Champaign -> Merit Univ of Michigan, Ann Arbor & Merit Univ of Michigan, Ann Arbor -> NCSA, University of Illinois, Champaign",5,Pittsburgh Supercomputer Center,"MIDnet, Lincoln, NE",5.0236282,5.023628234863281,0.9999999930601391
27,nsfnet,7,1.0,lstm,random_failure_fixed,"SEQSUINET, Rice University, Houston -> SURANET, Georgia Tech, Atlanta & SURANET, Georgia Tech, Atlanta -> SEQSUINET, Rice University, Houston",1,"NCSA, University of Illinois, Champaign","SURANET, Georgia Tech, Atlanta",5.1792274,5.179227352142334,1.00000000924031
27,nsfnet,7,1.0,lstm,random_failure_fixed,"SEQSUINET, Rice University, Houston -> SURANET, Georgia Tech, Atlanta & SURANET, Georgia Tech, Atlanta -> SEQSUINET, Rice University, Houston",2,"SEQSUINET, Rice University, Houston","Jon Von Neumann Center, Princeton, NJ",5.0135708,5.013570785522461,1.0000000028876703
27,nsfnet,7,1.0,lstm,random_failure_fixed,"SEQSUINET, Rice University, Houston -> SURANET, Georgia Tech, Atlanta & SURANET, Georgia Tech, Atlanta -> SEQSUINET, Rice University, Houston",3,"SURANET, Georgia Tech, Atlanta","Merit Univ of Michigan, Ann Arbor",4.9037123,4.903712272644043,1.0000000055786218
27,nsfnet,7,1.0,lstm,random_failure_fixed,"SEQSUINET, Rice University, Houston -> SURANET, Georgia Tech, Atlanta & SURANET, Georgia Tech, Atlanta -> SEQSUINET, Rice University, Houston",4,"NCAR, Boulder","SURANET, Georgia Tech, Atlanta",4.8813562,4.881356239318848,0.9999999919450977
27,nsfnet,7,1.0,lstm,random_failure_fixed,"SEQSUINET, Rice University, Houston -> SURANET, Georgia Tech, Atlanta & SURANET, Georgia Tech, Atlanta -> SEQSUINET, Rice University, Houston",5,"SEQSUINET, Rice University, Houston","SURANET, Georgia Tech, Atlanta",4.5981917,4.598191738128662,0.9999999917079008
27,nsfnet,7,1.0,transformer,critical_failure_fixed,"NCSA, University of Illinois, Champaign -> Merit Univ of Michigan, Ann Arbor & Merit Univ of Michigan, Ann Arbor -> NCSA, University of Illinois, Champaign",1,"MIDnet, Lincoln, NE","BARRnet, Palo Alto",5.8251576,5.825157642364502,0.9999999927273209
27,nsfnet,7,1.0,transformer,critical_failure_fixed,"NCSA, University of Illinois, Champaign -> Merit Univ of Michigan, Ann Arbor & Merit Univ of Michigan, Ann Arbor -> NCSA, University of Illinois, Champaign",2,"NCSA, University of Illinois, Champaign","Merit Univ of Michigan, Ann Arbor",5.7523794,5.752379417419434,0.9999999969717863
27,nsfnet,7,1.0,transformer,critical_failure_fixed,"NCSA, University of Illinois, Champaign -> Merit Univ of Michigan, Ann Arbor & Merit Univ of Michigan, Ann Arbor -> NCSA, University of Illinois, Champaign",3,"NCSA, University of Illinois, Champaign","BARRnet, Palo Alto",5.63272,5.632719993591309,1.0000000011377614
27,nsfnet,7,1.0,transformer,critical_failure_fixed,"NCSA, University of Illinois, Champaign -> Merit Univ of Michigan, Ann Arbor & Merit Univ of Michigan, Ann Arbor -> NCSA, University of Illinois, Champaign",4,"MIDnet, Lincoln, NE","Cornell Theory Center, Ithaca NY",5.6310139,5.631013870239258,1.000000005285148
27,nsfnet,7,1.0,transformer,critical_failure_fixed,"NCSA, University of Illinois, Champaign -> Merit Univ of Michigan, Ann Arbor & Merit Univ of Michigan, Ann Arbor -> NCSA, University of Illinois, Champaign",5,Pittsburgh Supercomputer Center,"MIDnet, Lincoln, NE",5.4657068,5.465706825256348,0.9999999953791251
27,nsfnet,7,1.0,transformer,random_failure_fixed,"SEQSUINET, Rice University, Houston -> SURANET, Georgia Tech, Atlanta & SURANET, Georgia Tech, Atlanta -> SEQSUINET, Rice University, Houston",1,"NCSA, University of Illinois, Champaign","SURANET, Georgia Tech, Atlanta",5.6686196,5.668619632720947,0.9999999942277046
27,nsfnet,7,1.0,transformer,random_failure_fixed,"SEQSUINET, Rice University, Houston -> SURANET, Georgia Tech, Atlanta & SURANET, Georgia Tech, Atlanta -> SEQSUINET, Rice University, Houston",2,"SEQSUINET, Rice University, Houston","Jon Von Neumann Center, Princeton, NJ",5.4444399,5.444439888000488,1.0000000022039939
27,nsfnet,7,1.0,transformer,random_failure_fixed,"SEQSUINET, Rice University, Houston -> SURANET, Georgia Tech, Atlanta & SURANET, Georgia Tech, Atlanta -> SEQSUINET, Rice University, Houston",3,"SURANET, Georgia Tech, Atlanta","Merit Univ of Michigan, Ann Arbor",5.2484894,5.2484893798828125,1.0000000038329482
27,nsfnet,7,1.0,transformer,random_failure_fixed,"SEQSUINET, Rice University, Houston -> SURANET, Georgia Tech, Atlanta & SURANET, Georgia Tech, Atlanta -> SEQSUINET, Rice University, Houston",4,"NCAR, Boulder","SURANET, Georgia Tech, Atlanta",5.2358294,5.2358293533325195,1.0000000089131018
27,nsfnet,7,1.0,transformer,random_failure_fixed,"SEQSUINET, Rice University, Houston -> SURANET, Georgia Tech, Atlanta & SURANET, Georgia Tech, Atlanta -> SEQSUINET, Rice University, Houston",5,"SEQSUINET, Rice University, Houston","SURANET, Georgia Tech, Atlanta",5.0372624,5.037262439727783,0.9999999921132195
28,nsfnet,7,1.0,moving_average,critical_failure_fixed,"NCSA, University of Illinois, Champaign -> Merit Univ of Michigan, Ann Arbor & Merit Univ of Michigan, Ann Arbor -> NCSA, University of Illinois, Champaign",1,"MIDnet, Lincoln, NE","BARRnet, Palo Alto",7.469209,7.469208958547767,1.0000000055497489
28,nsfnet,7,1.0,moving_average,critical_failure_fixed,"NCSA, University of Illinois, Champaign -> Merit Univ of Michigan, Ann Arbor & Merit Univ of Michigan, Ann Arbor -> NCSA, University of Illinois, Champaign",2,"MIDnet, Lincoln, NE","Cornell Theory Center, Ithaca NY",7.4320544,7.432054379563898,1.0000000027497247
28,nsfnet,7,1.0,moving_average,critical_failure_fixed,"NCSA, University of Illinois, Champaign -> Merit Univ of Michigan, Ann Arbor & Merit Univ of Michigan, Ann Arbor -> NCSA, University of Illinois, Champaign",3,"NCSA, University of Illinois, Champaign","BARRnet, Palo Alto",7.3476645,7.347664482596646,1.0000000023685558
28,nsfnet,7,1.0,moving_average,critical_failure_fixed,"NCSA, University of Illinois, Champaign -> Merit Univ of Michigan, Ann Arbor & Merit Univ of Michigan, Ann Arbor -> NCSA, University of Illinois, Champaign",4,"NCSA, University of Illinois, Champaign","Merit Univ of Michigan, Ann Arbor",7.3458062,7.345806162687662,1.000000005079407
28,nsfnet,7,1.0,moving_average,critical_failure_fixed,"NCSA, University of Illinois, Champaign -> Merit Univ of Michigan, Ann Arbor & Merit Univ of Michigan, Ann Arbor -> NCSA, University of Illinois, Champaign",5,Pittsburgh Supercomputer Center,"MIDnet, Lincoln, NE",6.739294,6.739294018891483,0.9999999971968158
28,nsfnet,7,1.0,moving_average,random_failure_fixed,"BARRnet, Palo Alto -> Merit Univ of Michigan, Ann Arbor & Merit Univ of Michigan, Ann Arbor -> BARRnet, Palo Alto",1,"NorthWestNet, Seattle",Pittsburgh Supercomputer Center,7.503672,7.503672018847806,0.999999997488189
28,nsfnet,7,1.0,moving_average,random_failure_fixed,"BARRnet, Palo Alto -> Merit Univ of Michigan, Ann Arbor & Merit Univ of Michigan, Ann Arbor -> BARRnet, Palo Alto",2,"MIDnet, Lincoln, NE","BARRnet, Palo Alto",7.469209,7.469208958547767,1.0000000055497489
28,nsfnet,7,1.0,moving_average,random_failure_fixed,"BARRnet, Palo Alto -> Merit Univ of Michigan, Ann Arbor & Merit Univ of Michigan, Ann Arbor -> BARRnet, Palo Alto",3,"Cornell Theory Center, Ithaca NY","BARRnet, Palo Alto",7.4213638,7.421363797559233,1.0000000003288838
28,nsfnet,7,1.0,moving_average,random_failure_fixed,"BARRnet, Palo Alto -> Merit Univ of Michigan, Ann Arbor & Merit Univ of Michigan, Ann Arbor -> BARRnet, Palo Alto",4,"Jon Von Neumann Center, Princeton, NJ","BARRnet, Palo Alto",7.4204159,7.420415908107675,0.9999999989073828
28,nsfnet,7,1.0,moving_average,random_failure_fixed,"BARRnet, Palo Alto -> Merit Univ of Michigan, Ann Arbor & Merit Univ of Michigan, Ann Arbor -> BARRnet, Palo Alto",5,"NCSA, University of Illinois, Champaign","BARRnet, Palo Alto",7.3476645,7.347664482596646,1.0000000023685558
28,nsfnet,7,1.0,linear_autoregressive,critical_failure_fixed,"NCSA, University of Illinois, Champaign -> Merit Univ of Michigan, Ann Arbor & Merit Univ of Michigan, Ann Arbor -> NCSA, University of Illinois, Champaign",1,"MIDnet, Lincoln, NE","BARRnet, Palo Alto",7.0124173,7.012417308151821,0.9999999988375163
28,nsfnet,7,1.0,linear_autoregressive,critical_failure_fixed,"NCSA, University of Illinois, Champaign -> Merit Univ of Michigan, Ann Arbor & Merit Univ of Michigan, Ann Arbor -> NCSA, University of Illinois, Champaign",2,"MIDnet, Lincoln, NE","Cornell Theory Center, Ithaca NY",6.9811602,6.981160163691775,1.000000005200887
28,nsfnet,7,1.0,linear_autoregressive,critical_failure_fixed,"NCSA, University of Illinois, Champaign -> Merit Univ of Michigan, Ann Arbor & Merit Univ of Michigan, Ann Arbor -> NCSA, University of Illinois, Champaign",3,"NCSA, University of Illinois, Champaign","Merit Univ of Michigan, Ann Arbor",6.9414186,6.941418621837719,0.9999999968539978
28,nsfnet,7,1.0,linear_autoregressive,critical_failure_fixed,"NCSA, University of Illinois, Champaign -> Merit Univ of Michigan, Ann Arbor & Merit Univ of Michigan, Ann Arbor -> NCSA, University of Illinois, Champaign",4,"NCSA, University of Illinois, Champaign","BARRnet, Palo Alto",6.8347307,6.834730650621176,1.000000007224692
28,nsfnet,7,1.0,linear_autoregressive,critical_failure_fixed,"NCSA, University of Illinois, Champaign -> Merit Univ of Michigan, Ann Arbor & Merit Univ of Michigan, Ann Arbor -> NCSA, University of Illinois, Champaign",5,Pittsburgh Supercomputer Center,"MIDnet, Lincoln, NE",6.550634,6.550633973678032,1.0000000040182322
28,nsfnet,7,1.0,linear_autoregressive,random_failure_fixed,"BARRnet, Palo Alto -> Merit Univ of Michigan, Ann Arbor & Merit Univ of Michigan, Ann Arbor -> BARRnet, Palo Alto",1,"Cornell Theory Center, Ithaca NY","BARRnet, Palo Alto",7.0874584,7.087458382384616,1.0000000024854303
28,nsfnet,7,1.0,linear_autoregressive,random_failure_fixed,"BARRnet, Palo Alto -> Merit Univ of Michigan, Ann Arbor & Merit Univ of Michigan, Ann Arbor -> BARRnet, Palo Alto",2,"Jon Von Neumann Center, Princeton, NJ","BARRnet, Palo Alto",7.0217576,7.02175756710794,1.0000000046843058
28,nsfnet,7,1.0,linear_autoregressive,random_failure_fixed,"BARRnet, Palo Alto -> Merit Univ of Michigan, Ann Arbor & Merit Univ of Michigan, Ann Arbor -> BARRnet, Palo Alto",3,"MIDnet, Lincoln, NE","BARRnet, Palo Alto",7.0124173,7.012417308151821,0.9999999988375163
28,nsfnet,7,1.0,linear_autoregressive,random_failure_fixed,"BARRnet, Palo Alto -> Merit Univ of Michigan, Ann Arbor & Merit Univ of Michigan, Ann Arbor -> BARRnet, Palo Alto",4,"NorthWestNet, Seattle",Pittsburgh Supercomputer Center,6.8540354,6.854035381309462,1.0000000027269393
28,nsfnet,7,1.0,linear_autoregressive,random_failure_fixed,"BARRnet, Palo Alto -> Merit Univ of Michigan, Ann Arbor & Merit Univ of Michigan, Ann Arbor -> BARRnet, Palo Alto",5,"NCSA, University of Illinois, Champaign","BARRnet, Palo Alto",6.8347307,6.834730650621176,1.000000007224692
28,nsfnet,7,1.0,lstm,critical_failure_fixed,"NCSA, University of Illinois, Champaign -> Merit Univ of Michigan, Ann Arbor & Merit Univ of Michigan, Ann Arbor -> NCSA, University of Illinois, Champaign",1,"MIDnet, Lincoln, NE","BARRnet, Palo Alto",5.3505807,5.35058069229126,1.0000000014407298
28,nsfnet,7,1.0,lstm,critical_failure_fixed,"NCSA, University of Illinois, Champaign -> Merit Univ of Michigan, Ann Arbor & Merit Univ of Michigan, Ann Arbor -> NCSA, University of Illinois, Champaign",2,"NCSA, University of Illinois, Champaign","Merit Univ of Michigan, Ann Arbor",5.2914438,5.291443824768066,0.9999999953192233
28,nsfnet,7,1.0,lstm,critical_failure_fixed,"NCSA, University of Illinois, Champaign -> Merit Univ of Michigan, Ann Arbor & Merit Univ of Michigan, Ann Arbor -> NCSA, University of Illinois, Champaign",3,"MIDnet, Lincoln, NE","Cornell Theory Center, Ithaca NY",5.2456656,5.245665550231934,1.0000000094874646
28,nsfnet,7,1.0,lstm,critical_failure_fixed,"NCSA, University of Illinois, Champaign -> Merit Univ of Michigan, Ann Arbor & Merit Univ of Michigan, Ann Arbor -> NCSA, University of Illinois, Champaign",4,"NCSA, University of Illinois, Champaign","BARRnet, Palo Alto",5.2050643,5.205064296722412,1.000000000629692
28,nsfnet,7,1.0,lstm,critical_failure_fixed,"NCSA, University of Illinois, Champaign -> Merit Univ of Michigan, Ann Arbor & Merit Univ of Michigan, Ann Arbor -> NCSA, University of Illinois, Champaign",5,Pittsburgh Supercomputer Center,"MIDnet, Lincoln, NE",5.0236282,5.023628234863281,0.9999999930601391
28,nsfnet,7,1.0,lstm,random_failure_fixed,"BARRnet, Palo Alto -> Merit Univ of Michigan, Ann Arbor & Merit Univ of Michigan, Ann Arbor -> BARRnet, Palo Alto",1,"Cornell Theory Center, Ithaca NY","BARRnet, Palo Alto",5.3990116,5.399011611938477,0.9999999977887662
28,nsfnet,7,1.0,lstm,random_failure_fixed,"BARRnet, Palo Alto -> Merit Univ of Michigan, Ann Arbor & Merit Univ of Michigan, Ann Arbor -> BARRnet, Palo Alto",2,"Jon Von Neumann Center, Princeton, NJ","BARRnet, Palo Alto",5.3510647,5.351064682006836,1.0000000033625391
28,nsfnet,7,1.0,lstm,random_failure_fixed,"BARRnet, Palo Alto -> Merit Univ of Michigan, Ann Arbor & Merit Univ of Michigan, Ann Arbor -> BARRnet, Palo Alto",3,"MIDnet, Lincoln, NE","BARRnet, Palo Alto",5.3505807,5.35058069229126,1.0000000014407298
28,nsfnet,7,1.0,lstm,random_failure_fixed,"BARRnet, Palo Alto -> Merit Univ of Michigan, Ann Arbor & Merit Univ of Michigan, Ann Arbor -> BARRnet, Palo Alto",4,"NCSA, University of Illinois, Champaign","BARRnet, Palo Alto",5.2050643,5.205064296722412,1.000000000629692
28,nsfnet,7,1.0,lstm,random_failure_fixed,"BARRnet, Palo Alto -> Merit Univ of Michigan, Ann Arbor & Merit Univ of Michigan, Ann Arbor -> BARRnet, Palo Alto",5,"Merit Univ of Michigan, Ann Arbor","NorthWestNet, Seattle",5.1941767,5.19417667388916,1.0000000050269449
28,nsfnet,7,1.0,transformer,critical_failure_fixed,"NCSA, University of Illinois, Champaign -> Merit Univ of Michigan, Ann Arbor & Merit Univ of Michigan, Ann Arbor -> NCSA, University of Illinois, Champaign",1,"MIDnet, Lincoln, NE","BARRnet, Palo Alto",5.8251867,5.825186729431152,0.9999999949476036
28,nsfnet,7,1.0,transformer,critical_failure_fixed,"NCSA, University of Illinois, Champaign -> Merit Univ of Michigan, Ann Arbor & Merit Univ of Michigan, Ann Arbor -> NCSA, University of Illinois, Champaign",2,"NCSA, University of Illinois, Champaign","Merit Univ of Michigan, Ann Arbor",5.7524114,5.752411365509033,1.0000000059959144
28,nsfnet,7,1.0,transformer,critical_failure_fixed,"NCSA, University of Illinois, Champaign -> Merit Univ of Michigan, Ann Arbor & Merit Univ of Michigan, Ann Arbor -> NCSA, University of Illinois, Champaign",3,"NCSA, University of Illinois, Champaign","BARRnet, Palo Alto",5.6327276,5.63272762298584,0.9999999959192346
28,nsfnet,7,1.0,transformer,critical_failure_fixed,"NCSA, University of Illinois, Champaign -> Merit Univ of Michigan, Ann Arbor & Merit Univ of Michigan, Ann Arbor -> NCSA, University of Illinois, Champaign",4,"MIDnet, Lincoln, NE","Cornell Theory Center, Ithaca NY",5.6310339,5.631033897399902,1.0000000004617444
28,nsfnet,7,1.0,transformer,critical_failure_fixed,"NCSA, University of Illinois, Champaign -> Merit Univ of Michigan, Ann Arbor & Merit Univ of Michigan, Ann Arbor -> NCSA, University of Illinois, Champaign",5,Pittsburgh Supercomputer Center,"MIDnet, Lincoln, NE",5.4657221,5.46572208404541,1.0000000029190268
28,nsfnet,7,1.0,transformer,random_failure_fixed,"BARRnet, Palo Alto -> Merit Univ of Michigan, Ann Arbor & Merit Univ of Michigan, Ann Arbor -> BARRnet, Palo Alto",1,"Jon Von Neumann Center, Princeton, NJ","BARRnet, Palo Alto",5.8469787,5.846978664398193,1.0000000060889236
28,nsfnet,7,1.0,transformer,random_failure_fixed,"BARRnet, Palo Alto -> Merit Univ of Michigan, Ann Arbor & Merit Univ of Michigan, Ann Arbor -> BARRnet, Palo Alto",2,"MIDnet, Lincoln, NE","BARRnet, Palo Alto",5.8251867,5.825186729431152,0.9999999949476036
28,nsfnet,7,1.0,transformer,random_failure_fixed,"BARRnet, Palo Alto -> Merit Univ of Michigan, Ann Arbor & Merit Univ of Michigan, Ann Arbor -> BARRnet, Palo Alto",3,"Cornell Theory Center, Ithaca NY","BARRnet, Palo Alto",5.7631512,5.763151168823242,1.000000005409672
28,nsfnet,7,1.0,transformer,random_failure_fixed,"BARRnet, Palo Alto -> Merit Univ of Michigan, Ann Arbor & Merit Univ of Michigan, Ann Arbor -> BARRnet, Palo Alto",4,"Merit Univ of Michigan, Ann Arbor","NorthWestNet, Seattle",5.6495719,5.649571895599365,1.0000000007789325
28,nsfnet,7,1.0,transformer,random_failure_fixed,"BARRnet, Palo Alto -> Merit Univ of Michigan, Ann Arbor & Merit Univ of Michigan, Ann Arbor -> BARRnet, Palo Alto",5,"NCSA, University of Illinois, Champaign","BARRnet, Palo Alto",5.6327276,5.63272762298584,0.9999999959192346
29,nsfnet,7,1.0,moving_average,critical_failure_fixed,"NCSA, University of Illinois, Champaign -> Merit Univ of Michigan, Ann Arbor & Merit Univ of Michigan, Ann Arbor -> NCSA, University of Illinois, Champaign",1,"MIDnet, Lincoln, NE","Cornell Theory Center, Ithaca NY",7.3288179,7.328817859508529,1.0000000055249663
29,nsfnet,7,1.0,moving_average,critical_failure_fixed,"NCSA, University of Illinois, Champaign -> Merit Univ of Michigan, Ann Arbor & Merit Univ of Michigan, Ann Arbor -> NCSA, University of Illinois, Champaign",2,"NCSA, University of Illinois, Champaign","Merit Univ of Michigan, Ann Arbor",7.2576253,7.257625257786356,1.000000005816454
29,nsfnet,7,1.0,moving_average,critical_failure_fixed,"NCSA, University of Illinois, Champaign -> Merit Univ of Michigan, Ann Arbor & Merit Univ of Michigan, Ann Arbor -> NCSA, University of Illinois, Champaign",3,"MIDnet, Lincoln, NE","BARRnet, Palo Alto",7.1979321,7.19793211293838,0.9999999982024865
29,nsfnet,7,1.0,moving_average,critical_failure_fixed,"NCSA, University of Illinois, Champaign -> Merit Univ of Michigan, Ann Arbor & Merit Univ of Michigan, Ann Arbor -> NCSA, University of Illinois, Champaign",4,"NCSA, University of Illinois, Champaign","BARRnet, Palo Alto",7.1810206,7.1810205697282985,1.0000000042155153
29,nsfnet,7,1.0,moving_average,critical_failure_fixed,"NCSA, University of Illinois, Champaign -> Merit Univ of Michigan, Ann Arbor & Merit Univ of Michigan, Ann Arbor -> NCSA, University of Illinois, Champaign",5,"SURANET, Georgia Tech, Atlanta","Merit Univ of Michigan, Ann Arbor",6.6184578,6.618457779984014,1.0000000030242675
29,nsfnet,7,1.0,moving_average,random_failure_fixed,"NCSA, University of Illinois, Champaign -> Merit Univ of Michigan, Ann Arbor & Merit Univ of Michigan, Ann Arbor -> NCSA, University of Illinois, Champaign",1,"MIDnet, Lincoln, NE","Cornell Theory Center, Ithaca NY",7.3288179,7.328817859508529,1.0000000055249663
29,nsfnet,7,1.0,moving_average,random_failure_fixed,"NCSA, University of Illinois, Champaign -> Merit Univ of Michigan, Ann Arbor & Merit Univ of Michigan, Ann Arbor -> NCSA, University of Illinois, Champaign",2,"NCSA, University of Illinois, Champaign","Merit Univ of Michigan, Ann Arbor",7.2576253,7.257625257786356,1.000000005816454
29,nsfnet,7,1.0,moving_average,random_failure_fixed,"NCSA, University of Illinois, Champaign -> Merit Univ of Michigan, Ann Arbor & Merit Univ of Michigan, Ann Arbor -> NCSA, University of Illinois, Champaign",3,"MIDnet, Lincoln, NE","BARRnet, Palo Alto",7.1979321,7.19793211293838,0.9999999982024865
29,nsfnet,7,1.0,moving_average,random_failure_fixed,"NCSA, University of Illinois, Champaign -> Merit Univ of Michigan, Ann Arbor & Merit Univ of Michigan, Ann Arbor -> NCSA, University of Illinois, Champaign",4,"NCSA, University of Illinois, Champaign","BARRnet, Palo Alto",7.1810206,7.1810205697282985,1.0000000042155153
29,nsfnet,7,1.0,moving_average,random_failure_fixed,"NCSA, University of Illinois, Champaign -> Merit Univ of Michigan, Ann Arbor & Merit Univ of Michigan, Ann Arbor -> NCSA, University of Illinois, Champaign",5,"SURANET, Georgia Tech, Atlanta","Merit Univ of Michigan, Ann Arbor",6.6184578,6.618457779984014,1.0000000030242675
29,nsfnet,7,1.0,linear_autoregressive,critical_failure_fixed,"NCSA, University of Illinois, Champaign -> Merit Univ of Michigan, Ann Arbor & Merit Univ of Michigan, Ann Arbor -> NCSA, University of Illinois, Champaign",1,"NCSA, University of Illinois, Champaign","Merit Univ of Michigan, Ann Arbor",6.3895753,6.389575279491179,1.0000000032097314
29,nsfnet,7,1.0,linear_autoregressive,critical_failure_fixed,"NCSA, University of Illinois, Champaign -> Merit Univ of Michigan, Ann Arbor & Merit Univ of Michigan, Ann Arbor -> NCSA, University of Illinois, Champaign",2,"MIDnet, Lincoln, NE","BARRnet, Palo Alto",6.2988513,6.298851287051448,1.0000000020557005
29,nsfnet,7,1.0,linear_autoregressive,critical_failure_fixed,"NCSA, University of Illinois, Champaign -> Merit Univ of Michigan, Ann Arbor & Merit Univ of Michigan, Ann Arbor -> NCSA, University of Illinois, Champaign",3,"NCSA, University of Illinois, Champaign","BARRnet, Palo Alto",6.2428479,6.242847914992727,0.9999999975984154
29,nsfnet,7,1.0,linear_autoregressive,critical_failure_fixed,"NCSA, University of Illinois, Champaign -> Merit Univ of Michigan, Ann Arbor & Merit Univ of Michigan, Ann Arbor -> NCSA, University of Illinois, Champaign",4,"MIDnet, Lincoln, NE","Cornell Theory Center, Ithaca NY",5.9545311,5.954531136347092,0.9999999938958934
29,nsfnet,7,1.0,linear_autoregressive,critical_failure_fixed,"NCSA, University of Illinois, Champaign -> Merit Univ of Michigan, Ann Arbor & Merit Univ of Michigan, Ann Arbor -> NCSA, University of Illinois, Champaign",5,Pittsburgh Supercomputer Center,"MIDnet, Lincoln, NE",5.9293797,5.929379703482137,0.9999999994127317
29,nsfnet,7,1.0,linear_autoregressive,random_failure_fixed,"NCSA, University of Illinois, Champaign -> Merit Univ of Michigan, Ann Arbor & Merit Univ of Michigan, Ann Arbor -> NCSA, University of Illinois, Champaign",1,"NCSA, University of Illinois, Champaign","Merit Univ of Michigan, Ann Arbor",6.3895753,6.389575279491179,1.0000000032097314
29,nsfnet,7,1.0,linear_autoregressive,random_failure_fixed,"NCSA, University of Illinois, Champaign -> Merit Univ of Michigan, Ann Arbor & Merit Univ of Michigan, Ann Arbor -> NCSA, University of Illinois, Champaign",2,"MIDnet, Lincoln, NE","BARRnet, Palo Alto",6.2988513,6.298851287051448,1.0000000020557005
29,nsfnet,7,1.0,linear_autoregressive,random_failure_fixed,"NCSA, University of Illinois, Champaign -> Merit Univ of Michigan, Ann Arbor & Merit Univ of Michigan, Ann Arbor -> NCSA, University of Illinois, Champaign",3,"NCSA, University of Illinois, Champaign","BARRnet, Palo Alto",6.2428479,6.242847914992727,0.9999999975984154
29,nsfnet,7,1.0,linear_autoregressive,random_failure_fixed,"NCSA, University of Illinois, Champaign -> Merit Univ of Michigan, Ann Arbor & Merit Univ of Michigan, Ann Arbor -> NCSA, University of Illinois, Champaign",4,"MIDnet, Lincoln, NE","Cornell Theory Center, Ithaca NY",5.9545311,5.954531136347092,0.9999999938958934
29,nsfnet,7,1.0,linear_autoregressive,random_failure_fixed,"NCSA, University of Illinois, Champaign -> Merit Univ of Michigan, Ann Arbor & Merit Univ of Michigan, Ann Arbor -> NCSA, University of Illinois, Champaign",5,Pittsburgh Supercomputer Center,"MIDnet, Lincoln, NE",5.9293797,5.929379703482137,0.9999999994127317
29,nsfnet,7,1.0,lstm,critical_failure_fixed,"NCSA, University of Illinois, Champaign -> Merit Univ of Michigan, Ann Arbor & Merit Univ of Michigan, Ann Arbor -> NCSA, University of Illinois, Champaign",1,"MIDnet, Lincoln, NE","BARRnet, Palo Alto",5.3505807,5.35058069229126,1.0000000014407298
29,nsfnet,7,1.0,lstm,critical_failure_fixed,"NCSA, University of Illinois, Champaign -> Merit Univ of Michigan, Ann Arbor & Merit Univ of Michigan, Ann Arbor -> NCSA, University of Illinois, Champaign",2,"NCSA, University of Illinois, Champaign","Merit Univ of Michigan, Ann Arbor",5.2914438,5.291443824768066,0.9999999953192233
29,nsfnet,7,1.0,lstm,critical_failure_fixed,"NCSA, University of Illinois, Champaign -> Merit Univ of Michigan, Ann Arbor & Merit Univ of Michigan, Ann Arbor -> NCSA, University of Illinois, Champaign",3,"MIDnet, Lincoln, NE","Cornell Theory Center, Ithaca NY",5.2456656,5.245665550231934,1.0000000094874646
29,nsfnet,7,1.0,lstm,critical_failure_fixed,"NCSA, University of Illinois, Champaign -> Merit Univ of Michigan, Ann Arbor & Merit Univ of Michigan, Ann Arbor -> NCSA, University of Illinois, Champaign",4,"NCSA, University of Illinois, Champaign","BARRnet, Palo Alto",5.2050643,5.205064296722412,1.000000000629692
29,nsfnet,7,1.0,lstm,critical_failure_fixed,"NCSA, University of Illinois, Champaign -> Merit Univ of Michigan, Ann Arbor & Merit Univ of Michigan, Ann Arbor -> NCSA, University of Illinois, Champaign",5,Pittsburgh Supercomputer Center,"MIDnet, Lincoln, NE",5.0236282,5.023628234863281,0.9999999930601391
29,nsfnet,7,1.0,lstm,random_failure_fixed,"NCSA, University of Illinois, Champaign -> Merit Univ of Michigan, Ann Arbor & Merit Univ of Michigan, Ann Arbor -> NCSA, University of Illinois, Champaign",1,"MIDnet, Lincoln, NE","BARRnet, Palo Alto",5.3505807,5.35058069229126,1.0000000014407298
29,nsfnet,7,1.0,lstm,random_failure_fixed,"NCSA, University of Illinois, Champaign -> Merit Univ of Michigan, Ann Arbor & Merit Univ of Michigan, Ann Arbor -> NCSA, University of Illinois, Champaign",2,"NCSA, University of Illinois, Champaign","Merit Univ of Michigan, Ann Arbor",5.2914438,5.291443824768066,0.9999999953192233
29,nsfnet,7,1.0,lstm,random_failure_fixed,"NCSA, University of Illinois, Champaign -> Merit Univ of Michigan, Ann Arbor & Merit Univ of Michigan, Ann Arbor -> NCSA, University of Illinois, Champaign",3,"MIDnet, Lincoln, NE","Cornell Theory Center, Ithaca NY",5.2456656,5.245665550231934,1.0000000094874646
29,nsfnet,7,1.0,lstm,random_failure_fixed,"NCSA, University of Illinois, Champaign -> Merit Univ of Michigan, Ann Arbor & Merit Univ of Michigan, Ann Arbor -> NCSA, University of Illinois, Champaign",4,"NCSA, University of Illinois, Champaign","BARRnet, Palo Alto",5.2050643,5.205064296722412,1.000000000629692
29,nsfnet,7,1.0,lstm,random_failure_fixed,"NCSA, University of Illinois, Champaign -> Merit Univ of Michigan, Ann Arbor & Merit Univ of Michigan, Ann Arbor -> NCSA, University of Illinois, Champaign",5,Pittsburgh Supercomputer Center,"MIDnet, Lincoln, NE",5.0236282,5.023628234863281,0.9999999930601391
29,nsfnet,7,1.0,transformer,critical_failure_fixed,"NCSA, University of Illinois, Champaign -> Merit Univ of Michigan, Ann Arbor & Merit Univ of Michigan, Ann Arbor -> NCSA, University of Illinois, Champaign",1,"MIDnet, Lincoln, NE","BARRnet, Palo Alto",5.8251262,5.8251261711120605,1.0000000049591955
29,nsfnet,7,1.0,transformer,critical_failure_fixed,"NCSA, University of Illinois, Champaign -> Merit Univ of Michigan, Ann Arbor & Merit Univ of Michigan, Ann Arbor -> NCSA, University of Illinois, Champaign",2,"NCSA, University of Illinois, Champaign","Merit Univ of Michigan, Ann Arbor",5.752368,5.752367973327637,1.0000000046367623
29,nsfnet,7,1.0,transformer,critical_failure_fixed,"NCSA, University of Illinois, Champaign -> Merit Univ of Michigan, Ann Arbor & Merit Univ of Michigan, Ann Arbor -> NCSA, University of Illinois, Champaign",3,"NCSA, University of Illinois, Champaign","BARRnet, Palo Alto",5.6327076,5.632707595825195,1.0000000007411718
29,nsfnet,7,1.0,transformer,critical_failure_fixed,"NCSA, University of Illinois, Champaign -> Merit Univ of Michigan, Ann Arbor & Merit Univ of Michigan, Ann Arbor -> NCSA, University of Illinois, Champaign",4,"MIDnet, Lincoln, NE","Cornell Theory Center, Ithaca NY",5.6309762,5.63097620010376,0.9999999999815734
29,nsfnet,7,1.0,transformer,critical_failure_fixed,"NCSA, University of Illinois, Champaign -> Merit Univ of Michigan, Ann Arbor & Merit Univ of Michigan, Ann Arbor -> NCSA, University of Illinois, Champaign",5,Pittsburgh Supercomputer Center,"MIDnet, Lincoln, NE",5.4656687,5.465668678283691,1.0000000039732209
29,nsfnet,7,1.0,transformer,random_failure_fixed,"NCSA, University of Illinois, Champaign -> Merit Univ of Michigan, Ann Arbor & Merit Univ of Michigan, Ann Arbor -> NCSA, University of Illinois, Champaign",1,"MIDnet, Lincoln, NE","BARRnet, Palo Alto",5.8251262,5.8251261711120605,1.0000000049591955
29,nsfnet,7,1.0,transformer,random_failure_fixed,"NCSA, University of Illinois, Champaign -> Merit Univ of Michigan, Ann Arbor & Merit Univ of Michigan, Ann Arbor -> NCSA, University of Illinois, Champaign",2,"NCSA, University of Illinois, Champaign","Merit Univ of Michigan, Ann Arbor",5.752368,5.752367973327637,1.0000000046367623
29,nsfnet,7,1.0,transformer,random_failure_fixed,"NCSA, University of Illinois, Champaign -> Merit Univ of Michigan, Ann Arbor & Merit Univ of Michigan, Ann Arbor -> NCSA, University of Illinois, Champaign",3,"NCSA, University of Illinois, Champaign","BARRnet, Palo Alto",5.6327076,5.632707595825195,1.0000000007411718
29,nsfnet,7,1.0,transformer,random_failure_fixed,"NCSA, University of Illinois, Champaign -> Merit Univ of Michigan, Ann Arbor & Merit Univ of Michigan, Ann Arbor -> NCSA, University of Illinois, Champaign",4,"MIDnet, Lincoln, NE","Cornell Theory Center, Ithaca NY",5.6309762,5.63097620010376,0.9999999999815734
29,nsfnet,7,1.0,transformer,random_failure_fixed,"NCSA, University of Illinois, Champaign -> Merit Univ of Michigan, Ann Arbor & Merit Univ of Michigan, Ann Arbor -> NCSA, University of Illinois, Champaign",5,Pittsburgh Supercomputer Center,"MIDnet, Lincoln, NE",5.4656687,5.465668678283691,1.0000000039732209
30,nsfnet,7,1.0,moving_average,critical_failure_fixed,"NCSA, University of Illinois, Champaign -> Merit Univ of Michigan, Ann Arbor & Merit Univ of Michigan, Ann Arbor -> NCSA, University of Illinois, Champaign",1,"NCSA, University of Illinois, Champaign","Merit Univ of Michigan, Ann Arbor",6.7577734,6.757773390401793,1.000000001420321
30,nsfnet,7,1.0,moving_average,critical_failure_fixed,"NCSA, University of Illinois, Champaign -> Merit Univ of Michigan, Ann Arbor & Merit Univ of Michigan, Ann Arbor -> NCSA, University of Illinois, Champaign",2,"NCSA, University of Illinois, Champaign","BARRnet, Palo Alto",6.7099976,6.709997638791645,0.9999999942188289
30,nsfnet,7,1.0,moving_average,critical_failure_fixed,"NCSA, University of Illinois, Champaign -> Merit Univ of Michigan, Ann Arbor & Merit Univ of Michigan, Ann Arbor -> NCSA, University of Illinois, Champaign",3,"MIDnet, Lincoln, NE","BARRnet, Palo Alto",6.7039931,6.703993118466954,0.9999999972453799
30,nsfnet,7,1.0,moving_average,critical_failure_fixed,"NCSA, University of Illinois, Champaign -> Merit Univ of Michigan, Ann Arbor & Merit Univ of Michigan, Ann Arbor -> NCSA, University of Illinois, Champaign",4,"MIDnet, Lincoln, NE","Cornell Theory Center, Ithaca NY",6.6803486,6.6803486123408655,0.9999999981526615
30,nsfnet,7,1.0,moving_average,critical_failure_fixed,"NCSA, University of Illinois, Champaign -> Merit Univ of Michigan, Ann Arbor & Merit Univ of Michigan, Ann Arbor -> NCSA, University of Illinois, Champaign",5,Pittsburgh Supercomputer Center,"MIDnet, Lincoln, NE",6.1627183,6.16271830526699,0.9999999991453462
30,nsfnet,7,1.0,moving_average,random_failure_fixed,"SEQSUINET, Rice University, Houston -> NCSA, University of Illinois, Champaign & NCSA, University of Illinois, Champaign -> SEQSUINET, Rice University, Houston",1,"NCSA, University of Illinois, Champaign","SURANET, Georgia Tech, Atlanta",6.6763337,6.676333726448326,0.9999999960384954
30,nsfnet,7,1.0,moving_average,random_failure_fixed,"SEQSUINET, Rice University, Houston -> NCSA, University of Illinois, Champaign & NCSA, University of Illinois, Champaign -> SEQSUINET, Rice University, Houston",2,"MIDnet, Lincoln, NE","SEQSUINET, Rice University, Houston",6.6634137,6.663413652932982,1.0000000070634996
30,nsfnet,7,1.0,moving_average,random_failure_fixed,"SEQSUINET, Rice University, Houston -> NCSA, University of Illinois, Champaign & NCSA, University of Illinois, Champaign -> SEQSUINET, Rice University, Houston",3,"Westnet, Salt Lake City","SEQSUINET, Rice University, Houston",6.4122416,6.4122415671046955,1.0000000051300788
30,nsfnet,7,1.0,moving_average,random_failure_fixed,"SEQSUINET, Rice University, Houston -> NCSA, University of Illinois, Champaign & NCSA, University of Illinois, Champaign -> SEQSUINET, Rice University, Houston",4,"NCAR, Boulder","SURANET, Georgia Tech, Atlanta",6.2830401,6.283040090952641,1.0000000014399653
30,nsfnet,7,1.0,moving_average,random_failure_fixed,"SEQSUINET, Rice University, Houston -> NCSA, University of Illinois, Champaign & NCSA, University of Illinois, Champaign -> SEQSUINET, Rice University, Houston",5,"NCSA, University of Illinois, Champaign","SEQSUINET, Rice University, Houston",6.2733377,6.2733376981535915,1.0000000002943263
30,nsfnet,7,1.0,linear_autoregressive,critical_failure_fixed,"NCSA, University of Illinois, Champaign -> Merit Univ of Michigan, Ann Arbor & Merit Univ of Michigan, Ann Arbor -> NCSA, University of Illinois, Champaign",1,"NCSA, University of Illinois, Champaign","Merit Univ of Michigan, Ann Arbor",5.8563332,5.8563332075030425,0.9999999987188156
30,nsfnet,7,1.0,linear_autoregressive,critical_failure_fixed,"NCSA, University of Illinois, Champaign -> Merit Univ of Michigan, Ann Arbor & Merit Univ of Michigan, Ann Arbor -> NCSA, University of Illinois, Champaign",2,"MIDnet, Lincoln, NE","BARRnet, Palo Alto",5.6107859,5.6107858688968335,1.00000000554346
30,nsfnet,7,1.0,linear_autoregressive,critical_failure_fixed,"NCSA, University of Illinois, Champaign -> Merit Univ of Michigan, Ann Arbor & Merit Univ of Michigan, Ann Arbor -> NCSA, University of Illinois, Champaign",3,"MIDnet, Lincoln, NE","Cornell Theory Center, Ithaca NY",5.5548698,5.554869764372467,1.0000000064137478
30,nsfnet,7,1.0,linear_autoregressive,critical_failure_fixed,"NCSA, University of Illinois, Champaign -> Merit Univ of Michigan, Ann Arbor & Merit Univ of Michigan, Ann Arbor -> NCSA, University of Illinois, Champaign",4,"NCSA, University of Illinois, Champaign","BARRnet, Palo Alto",5.5411935,5.541193506627144,0.9999999988040225
30,nsfnet,7,1.0,linear_autoregressive,critical_failure_fixed,"NCSA, University of Illinois, Champaign -> Merit Univ of Michigan, Ann Arbor & Merit Univ of Michigan, Ann Arbor -> NCSA, University of Illinois, Champaign",5,"Westnet, Salt Lake City","Merit Univ of Michigan, Ann Arbor",5.1793751,5.179375124364456,0.9999999952958696
30,nsfnet,7,1.0,linear_autoregressive,random_failure_fixed,"SEQSUINET, Rice University, Houston -> NCSA, University of Illinois, Champaign & NCSA, University of Illinois, Champaign -> SEQSUINET, Rice University, Houston",1,"MIDnet, Lincoln, NE","SEQSUINET, Rice University, Houston",5.7550855,5.755085494601033,1.000000000938121
30,nsfnet,7,1.0,linear_autoregressive,random_failure_fixed,"SEQSUINET, Rice University, Houston -> NCSA, University of Illinois, Champaign & NCSA, University of Illinois, Champaign -> SEQSUINET, Rice University, Houston",2,"NCSA, University of Illinois, Champaign","SURANET, Georgia Tech, Atlanta",5.4391591,5.439159081275888,1.0000000034424645
30,nsfnet,7,1.0,linear_autoregressive,random_failure_fixed,"SEQSUINET, Rice University, Houston -> NCSA, University of Illinois, Champaign & NCSA, University of Illinois, Champaign -> SEQSUINET, Rice University, Houston",3,"NCSA, University of Illinois, Champaign","SEQSUINET, Rice University, Houston",5.2803289,5.280328889507902,1.0000000019870159
30,nsfnet,7,1.0,linear_autoregressive,random_failure_fixed,"SEQSUINET, Rice University, Houston -> NCSA, University of Illinois, Champaign & NCSA, University of Illinois, Champaign -> SEQSUINET, Rice University, Houston",4,"Westnet, Salt Lake City","SEQSUINET, Rice University, Houston",5.2173638,5.217363819519136,0.9999999962588126
30,nsfnet,7,1.0,linear_autoregressive,random_failure_fixed,"SEQSUINET, Rice University, Houston -> NCSA, University of Illinois, Champaign & NCSA, University of Illinois, Champaign -> SEQSUINET, Rice University, Houston",5,"NCAR, Boulder","SURANET, Georgia Tech, Atlanta",5.1414839,5.141483873155471,1.0000000052211637
30,nsfnet,7,1.0,lstm,critical_failure_fixed,"NCSA, University of Illinois, Champaign -> Merit Univ of Michigan, Ann Arbor & Merit Univ of Michigan, Ann Arbor -> NCSA, University of Illinois, Champaign",1,"MIDnet, Lincoln, NE","BARRnet, Palo Alto",5.3505807,5.35058069229126,1.0000000014407298
30,nsfnet,7,1.0,lstm,critical_failure_fixed,"NCSA, University of Illinois, Champaign -> Merit Univ of Michigan, Ann Arbor & Merit Univ of Michigan, Ann Arbor -> NCSA, University of Illinois, Champaign",2,"NCSA, University of Illinois, Champaign","Merit Univ of Michigan, Ann Arbor",5.2914438,5.291443824768066,0.9999999953192233
30,nsfnet,7,1.0,lstm,critical_failure_fixed,"NCSA, University of Illinois, Champaign -> Merit Univ of Michigan, Ann Arbor & Merit Univ of Michigan, Ann Arbor -> NCSA, University of Illinois, Champaign",3,"MIDnet, Lincoln, NE","Cornell Theory Center, Ithaca NY",5.2456656,5.245665550231934,1.0000000094874646
30,nsfnet,7,1.0,lstm,critical_failure_fixed,"NCSA, University of Illinois, Champaign -> Merit Univ of Michigan, Ann Arbor & Merit Univ of Michigan, Ann Arbor -> NCSA, University of Illinois, Champaign",4,"NCSA, University of Illinois, Champaign","BARRnet, Palo Alto",5.2050643,5.205064296722412,1.000000000629692
30,nsfnet,7,1.0,lstm,critical_failure_fixed,"NCSA, University of Illinois, Champaign -> Merit Univ of Michigan, Ann Arbor & Merit Univ of Michigan, Ann Arbor -> NCSA, University of Illinois, Champaign",5,Pittsburgh Supercomputer Center,"MIDnet, Lincoln, NE",5.0236282,5.023628234863281,0.9999999930601391
30,nsfnet,7,1.0,lstm,random_failure_fixed,"SEQSUINET, Rice University, Houston -> NCSA, University of Illinois, Champaign & NCSA, University of Illinois, Champaign -> SEQSUINET, Rice University, Houston",1,"MIDnet, Lincoln, NE","SEQSUINET, Rice University, Houston",5.2843084,5.284308433532715,0.999999993654285
30,nsfnet,7,1.0,lstm,random_failure_fixed,"SEQSUINET, Rice University, Houston -> NCSA, University of Illinois, Champaign & NCSA, University of Illinois, Champaign -> SEQSUINET, Rice University, Houston",2,"NCSA, University of Illinois, Champaign","SURANET, Georgia Tech, Atlanta",5.1792274,5.179227352142334,1.00000000924031
30,nsfnet,7,1.0,lstm,random_failure_fixed,"SEQSUINET, Rice University, Houston -> NCSA, University of Illinois, Champaign & NCSA, University of Illinois, Champaign -> SEQSUINET, Rice University, Houston",3,"NCSA, University of Illinois, Champaign","SEQSUINET, Rice University, Houston",5.0183148,5.018314838409424,0.999999992346151
30,nsfnet,7,1.0,lstm,random_failure_fixed,"SEQSUINET, Rice University, Houston -> NCSA, University of Illinois, Champaign & NCSA, University of Illinois, Champaign -> SEQSUINET, Rice University, Houston",4,"Westnet, Salt Lake City","SEQSUINET, Rice University, Houston",5.0074658,5.007465839385986,0.9999999921345473
30,nsfnet,7,1.0,lstm,random_failure_fixed,"SEQSUINET, Rice University, Houston -> NCSA, University of Illinois, Champaign & NCSA, University of Illinois, Champaign -> SEQSUINET, Rice University, Houston",5,"SURANET, Georgia Tech, Atlanta","Merit Univ of Michigan, Ann Arbor",4.9037123,4.903712272644043,1.0000000055786218
30,nsfnet,7,1.0,transformer,critical_failure_fixed,"NCSA, University of Illinois, Champaign -> Merit Univ of Michigan, Ann Arbor & Merit Univ of Michigan, Ann Arbor -> NCSA, University of Illinois, Champaign",1,"MIDnet, Lincoln, NE","BARRnet, Palo Alto",5.8250265,5.825026512145996,0.9999999979148599
30,nsfnet,7,1.0,transformer,critical_failure_fixed,"NCSA, University of Illinois, Champaign -> Merit Univ of Michigan, Ann Arbor & Merit Univ of Michigan, Ann Arbor -> NCSA, University of Illinois, Champaign",2,"NCSA, University of Illinois, Champaign","Merit Univ of Michigan, Ann Arbor",5.752296,5.752295970916748,1.0000000050559381
30,nsfnet,7,1.0,transformer,critical_failure_fixed,"NCSA, University of Illinois, Champaign -> Merit Univ of Michigan, Ann Arbor & Merit Univ of Michigan, Ann Arbor -> NCSA, University of Illinois, Champaign",3,"NCSA, University of Illinois, Champaign","BARRnet, Palo Alto",5.632678,5.632678031921387,0.9999999943328225
30,nsfnet,7,1.0,transformer,critical_failure_fixed,"NCSA, University of Illinois, Champaign -> Merit Univ of Michigan, Ann Arbor & Merit Univ of Michigan, Ann Arbor -> NCSA, University of Illinois, Champaign",4,"MIDnet, Lincoln, NE","Cornell Theory Center, Ithaca NY",5.630888,5.630887985229492,1.0000000026231222
30,nsfnet,7,1.0,transformer,critical_failure_fixed,"NCSA, University of Illinois, Champaign -> Merit Univ of Michigan, Ann Arbor & Merit Univ of Michigan, Ann Arbor -> NCSA, University of Illinois, Champaign",5,Pittsburgh Supercomputer Center,"MIDnet, Lincoln, NE",5.4655871,5.465587139129639,0.9999999928407254
30,nsfnet,7,1.0,transformer,random_failure_fixed,"SEQSUINET, Rice University, Houston -> NCSA, University of Illinois, Champaign & NCSA, University of Illinois, Champaign -> SEQSUINET, Rice University, Houston",1,"NCSA, University of Illinois, Champaign","SURANET, Georgia Tech, Atlanta",5.6684985,5.668498516082764,0.9999999971627824
30,nsfnet,7,1.0,transformer,random_failure_fixed,"SEQSUINET, Rice University, Houston -> NCSA, University of Illinois, Champaign & NCSA, University of Illinois, Champaign -> SEQSUINET, Rice University, Houston",2,"MIDnet, Lincoln, NE","SEQSUINET, Rice University, Houston",5.6533418,5.653341770172119,1.0000000052761502
30,nsfnet,7,1.0,transformer,random_failure_fixed,"SEQSUINET, Rice University, Houston -> NCSA, University of Illinois, Champaign & NCSA, University of Illinois, Champaign -> SEQSUINET, Rice University, Houston",3,"NCSA, University of Illinois, Champaign","SEQSUINET, Rice University, Houston",5.4918227,5.491822719573975,0.9999999964357964
30,nsfnet,7,1.0,transformer,random_failure_fixed,"SEQSUINET, Rice University, Houston -> NCSA, University of Illinois, Champaign & NCSA, University of Illinois, Champaign -> SEQSUINET, Rice University, Houston",4,"Westnet, Salt Lake City","SEQSUINET, Rice University, Houston",5.4042826,5.404282569885254,1.0000000055723857
30,nsfnet,7,1.0,transformer,random_failure_fixed,"SEQSUINET, Rice University, Houston -> NCSA, University of Illinois, Champaign & NCSA, University of Illinois, Champaign -> SEQSUINET, Rice University, Houston",5,"SURANET, Georgia Tech, Atlanta","Merit Univ of Michigan, Ann Arbor",5.2484698,5.248469829559326,0.9999999943680106
31,nsfnet,7,1.0,moving_average,critical_failure_fixed,"NCSA, University of Illinois, Champaign -> Merit Univ of Michigan, Ann Arbor & Merit Univ of Michigan, Ann Arbor -> NCSA, University of Illinois, Champaign",1,"NCSA, University of Illinois, Champaign","Merit Univ of Michigan, Ann Arbor",6.1416075,6.141607530374072,0.9999999950543775
31,nsfnet,7,1.0,moving_average,critical_failure_fixed,"NCSA, University of Illinois, Champaign -> Merit Univ of Michigan, Ann Arbor & Merit Univ of Michigan, Ann Arbor -> NCSA, University of Illinois, Champaign",2,"NCSA, University of Illinois, Champaign","BARRnet, Palo Alto",6.0576775,6.057677503671358,0.999999999393933
31,nsfnet,7,1.0,moving_average,critical_failure_fixed,"NCSA, University of Illinois, Champaign -> Merit Univ of Michigan, Ann Arbor & Merit Univ of Michigan, Ann Arbor -> NCSA, University of Illinois, Champaign",3,"MIDnet, Lincoln, NE","BARRnet, Palo Alto",5.9177662,5.917766201775494,0.9999999996999722
31,nsfnet,7,1.0,moving_average,critical_failure_fixed,"NCSA, University of Illinois, Champaign -> Merit Univ of Michigan, Ann Arbor & Merit Univ of Michigan, Ann Arbor -> NCSA, University of Illinois, Champaign",4,"MIDnet, Lincoln, NE","Cornell Theory Center, Ithaca NY",5.8311067,5.831106691914298,1.0000000013866497
31,nsfnet,7,1.0,moving_average,critical_failure_fixed,"NCSA, University of Illinois, Champaign -> Merit Univ of Michigan, Ann Arbor & Merit Univ of Michigan, Ann Arbor -> NCSA, University of Illinois, Champaign",5,Pittsburgh Supercomputer Center,"MIDnet, Lincoln, NE",5.4372155,5.437215498179155,1.0000000003348855
31,nsfnet,7,1.0,moving_average,random_failure_fixed,"NorthWestNet, Seattle -> BARRnet, Palo Alto & BARRnet, Palo Alto -> NorthWestNet, Seattle",1,"Merit Univ of Michigan, Ann Arbor","NorthWestNet, Seattle",5.9633133,5.963313295581785,1.0000000007408993
31,nsfnet,7,1.0,moving_average,random_failure_fixed,"NorthWestNet, Seattle -> BARRnet, Palo Alto & BARRnet, Palo Alto -> NorthWestNet, Seattle",2,"NorthWestNet, Seattle",Pittsburgh Supercomputer Center,5.9045352,5.904535193925766,1.0000000010287404
31,nsfnet,7,1.0,moving_average,random_failure_fixed,"NorthWestNet, Seattle -> BARRnet, Palo Alto & BARRnet, Palo Alto -> NorthWestNet, Seattle",3,San Diego Supercomputer Center,"NCAR, Boulder",5.8558783,5.855878252635415,1.0000000080883826
31,nsfnet,7,1.0,moving_average,random_failure_fixed,"NorthWestNet, Seattle -> BARRnet, Palo Alto & BARRnet, Palo Alto -> NorthWestNet, Seattle",4,"Westnet, Salt Lake City",San Diego Supercomputer Center,5.6699556,5.669955610540716,0.9999999981409526
31,nsfnet,7,1.0,moving_average,random_failure_fixed,"NorthWestNet, Seattle -> BARRnet, Palo Alto & BARRnet, Palo Alto -> NorthWestNet, Seattle",5,"NorthWestNet, Seattle","Merit Univ of Michigan, Ann Arbor",5.5811003,5.581100256509076,1.0000000077925357
31,nsfnet,7,1.0,linear_autoregressive,critical_failure_fixed,"NCSA, University of Illinois, Champaign -> Merit Univ of Michigan, Ann Arbor & Merit Univ of Michigan, Ann Arbor -> NCSA, University of Illinois, Champaign",1,"NCSA, University of Illinois, Champaign","Merit Univ of Michigan, Ann Arbor",4.7201665,4.720166455334647,1.0000000094626649
31,nsfnet,7,1.0,linear_autoregressive,critical_failure_fixed,"NCSA, University of Illinois, Champaign -> Merit Univ of Michigan, Ann Arbor & Merit Univ of Michigan, Ann Arbor -> NCSA, University of Illinois, Champaign",2,"NCSA, University of Illinois, Champaign","BARRnet, Palo Alto",4.3872152,4.387215198362283,1.000000000373293
31,nsfnet,7,1.0,linear_autoregressive,critical_failure_fixed,"NCSA, University of Illinois, Champaign -> Merit Univ of Michigan, Ann Arbor & Merit Univ of Michigan, Ann Arbor -> NCSA, University of Illinois, Champaign",3,"MIDnet, Lincoln, NE","Cornell Theory Center, Ithaca NY",4.3495975,4.349597527846892,0.9999999935978233
31,nsfnet,7,1.0,linear_autoregressive,critical_failure_fixed,"NCSA, University of Illinois, Champaign -> Merit Univ of Michigan, Ann Arbor & Merit Univ of Michigan, Ann Arbor -> NCSA, University of Illinois, Champaign",4,"MIDnet, Lincoln, NE","BARRnet, Palo Alto",4.3179085,4.317908489508397,1.0000000024297881
31,nsfnet,7,1.0,linear_autoregressive,critical_failure_fixed,"NCSA, University of Illinois, Champaign -> Merit Univ of Michigan, Ann Arbor & Merit Univ of Michigan, Ann Arbor -> NCSA, University of Illinois, Champaign",5,Pittsburgh Supercomputer Center,"MIDnet, Lincoln, NE",4.2194116,4.219411561071097,1.000000009226145
31,nsfnet,7,1.0,linear_autoregressive,random_failure_fixed,"NorthWestNet, Seattle -> BARRnet, Palo Alto & BARRnet, Palo Alto -> NorthWestNet, Seattle",1,"NorthWestNet, Seattle",San Diego Supercomputer Center,4.281046,4.281046045218307,0.9999999894375564
31,nsfnet,7,1.0,linear_autoregressive,random_failure_fixed,"NorthWestNet, Seattle -> BARRnet, Palo Alto & BARRnet, Palo Alto -> NorthWestNet, Seattle",2,"SEQSUINET, Rice University, Houston","NorthWestNet, Seattle",4.2795997,4.2795997019801355,0.9999999995373083
31,nsfnet,7,1.0,linear_autoregressive,random_failure_fixed,"NorthWestNet, Seattle -> BARRnet, Palo Alto & BARRnet, Palo Alto -> NorthWestNet, Seattle",3,"NorthWestNet, Seattle",Pittsburgh Supercomputer Center,4.2268097,4.226809691239943,1.0000000020724984
31,nsfnet,7,1.0,linear_autoregressive,random_failure_fixed,"NorthWestNet, Seattle -> BARRnet, Palo Alto & BARRnet, Palo Alto -> NorthWestNet, Seattle",4,San Diego Supercomputer Center,"NCAR, Boulder",4.2231353,4.223135346503583,0.9999999889883749
31,nsfnet,7,1.0,linear_autoregressive,random_failure_fixed,"NorthWestNet, Seattle -> BARRnet, Palo Alto & BARRnet, Palo Alto -> NorthWestNet, Seattle",5,"NorthWestNet, Seattle","Merit Univ of Michigan, Ann Arbor",4.1812604,4.181260375032881,1.0000000059711944
31,nsfnet,7,1.0,lstm,critical_failure_fixed,"NCSA, University of Illinois, Champaign -> Merit Univ of Michigan, Ann Arbor & Merit Univ of Michigan, Ann Arbor -> NCSA, University of Illinois, Champaign",1,"MIDnet, Lincoln, NE","BARRnet, Palo Alto",5.3505807,5.35058069229126,1.0000000014407298
31,nsfnet,7,1.0,lstm,critical_failure_fixed,"NCSA, University of Illinois, Champaign -> Merit Univ of Michigan, Ann Arbor & Merit Univ of Michigan, Ann Arbor -> NCSA, University of Illinois, Champaign",2,"NCSA, University of Illinois, Champaign","Merit Univ of Michigan, Ann Arbor",5.2914438,5.291443824768066,0.9999999953192233
31,nsfnet,7,1.0,lstm,critical_failure_fixed,"NCSA, University of Illinois, Champaign -> Merit Univ of Michigan, Ann Arbor & Merit Univ of Michigan, Ann Arbor -> NCSA, University of Illinois, Champaign",3,"MIDnet, Lincoln, NE","Cornell Theory Center, Ithaca NY",5.2456656,5.245665550231934,1.0000000094874646
31,nsfnet,7,1.0,lstm,critical_failure_fixed,"NCSA, University of Illinois, Champaign -> Merit Univ of Michigan, Ann Arbor & Merit Univ of Michigan, Ann Arbor -> NCSA, University of Illinois, Champaign",4,"NCSA, University of Illinois, Champaign","BARRnet, Palo Alto",5.2050643,5.205064296722412,1.000000000629692
31,nsfnet,7,1.0,lstm,critical_failure_fixed,"NCSA, University of Illinois, Champaign -> Merit Univ of Michigan, Ann Arbor & Merit Univ of Michigan, Ann Arbor -> NCSA, University of Illinois, Champaign",5,Pittsburgh Supercomputer Center,"MIDnet, Lincoln, NE",5.0236282,5.023628234863281,0.9999999930601391
31,nsfnet,7,1.0,lstm,random_failure_fixed,"NorthWestNet, Seattle -> BARRnet, Palo Alto & BARRnet, Palo Alto -> NorthWestNet, Seattle",1,San Diego Supercomputer Center,"NCAR, Boulder",5.3066921,5.306692123413086,0.9999999955880076
31,nsfnet,7,1.0,lstm,random_failure_fixed,"NorthWestNet, Seattle -> BARRnet, Palo Alto & BARRnet, Palo Alto -> NorthWestNet, Seattle",2,"Merit Univ of Michigan, Ann Arbor","NorthWestNet, Seattle",5.1941767,5.19417667388916,1.0000000050269449
31,nsfnet,7,1.0,lstm,random_failure_fixed,"NorthWestNet, Seattle -> BARRnet, Palo Alto & BARRnet, Palo Alto -> NorthWestNet, Seattle",3,"NorthWestNet, Seattle",Pittsburgh Supercomputer Center,5.183609,5.1836090087890625,0.9999999983044511
31,nsfnet,7,1.0,lstm,random_failure_fixed,"NorthWestNet, Seattle -> BARRnet, Palo Alto & BARRnet, Palo Alto -> NorthWestNet, Seattle",4,"NorthWestNet, Seattle","Merit Univ of Michigan, Ann Arbor",5.0815034,5.081503391265869,1.0000000017188084
31,nsfnet,7,1.0,lstm,random_failure_fixed,"NorthWestNet, Seattle -> BARRnet, Palo Alto & BARRnet, Palo Alto -> NorthWestNet, Seattle",5,"SEQSUINET, Rice University, Houston","NorthWestNet, Seattle",5.0586643,5.058664321899414,0.9999999956709099
31,nsfnet,7,1.0,transformer,critical_failure_fixed,"NCSA, University of Illinois, Champaign -> Merit Univ of Michigan, Ann Arbor & Merit Univ of Michigan, Ann Arbor -> NCSA, University of Illinois, Champaign",1,"MIDnet, Lincoln, NE","BARRnet, Palo Alto",5.8249612,5.824961185455322,1.000000002496957
31,nsfnet,7,1.0,transformer,critical_failure_fixed,"NCSA, University of Illinois, Champaign -> Merit Univ of Michigan, Ann Arbor & Merit Univ of Michigan, Ann Arbor -> NCSA, University of Illinois, Champaign",2,"NCSA, University of Illinois, Champaign","Merit Univ of Michigan, Ann Arbor",5.7522507,5.752250671386719,1.0000000049742759
31,nsfnet,7,1.0,transformer,critical_failure_fixed,"NCSA, University of Illinois, Champaign -> Merit Univ of Michigan, Ann Arbor & Merit Univ of Michigan, Ann Arbor -> NCSA, University of Illinois, Champaign",3,"NCSA, University of Illinois, Champaign","BARRnet, Palo Alto",5.6326609,5.632660865783691,1.0000000060746261
31,nsfnet,7,1.0,transformer,critical_failure_fixed,"NCSA, University of Illinois, Champaign -> Merit Univ of Michigan, Ann Arbor & Merit Univ of Michigan, Ann Arbor -> NCSA, University of Illinois, Champaign",4,"MIDnet, Lincoln, NE","Cornell Theory Center, Ithaca NY",5.6308308,5.630830764770508,1.0000000062565355
31,nsfnet,7,1.0,transformer,critical_failure_fixed,"NCSA, University of Illinois, Champaign -> Merit Univ of Michigan, Ann Arbor & Merit Univ of Michigan, Ann Arbor -> NCSA, University of Illinois, Champaign",5,Pittsburgh Supercomputer Center,"MIDnet, Lincoln, NE",5.4655337,5.46553373336792,0.999999993894847
31,nsfnet,7,1.0,transformer,random_failure_fixed,"NorthWestNet, Seattle -> BARRnet, Palo Alto & BARRnet, Palo Alto -> NorthWestNet, Seattle",1,San Diego Supercomputer Center,"NCAR, Boulder",5.7231855,5.7231855392456055,0.999999993142699
31,nsfnet,7,1.0,transformer,random_failure_fixed,"NorthWestNet, Seattle -> BARRnet, Palo Alto & BARRnet, Palo Alto -> NorthWestNet, Seattle",2,"Merit Univ of Michigan, Ann Arbor","NorthWestNet, Seattle",5.6492429,5.649242877960205,1.0000000039013714
31,nsfnet,7,1.0,transformer,random_failure_fixed,"NorthWestNet, Seattle -> BARRnet, Palo Alto & BARRnet, Palo Alto -> NorthWestNet, Seattle",3,"NorthWestNet, Seattle",Pittsburgh Supercomputer Center,5.6301794,5.630179405212402,0.9999999990742032
31,nsfnet,7,1.0,transformer,random_failure_fixed,"NorthWestNet, Seattle -> BARRnet, Palo Alto & BARRnet, Palo Alto -> NorthWestNet, Seattle",4,"NorthWestNet, Seattle","Merit Univ of Michigan, Ann Arbor",5.4595881,5.459588050842285,1.0000000090039238
31,nsfnet,7,1.0,transformer,random_failure_fixed,"NorthWestNet, Seattle -> BARRnet, Palo Alto & BARRnet, Palo Alto -> NorthWestNet, Seattle",5,"Westnet, Salt Lake City",San Diego Supercomputer Center,5.4349542,5.4349541664123535,1.000000006179932
32,nsfnet,7,1.0,moving_average,critical_failure_fixed,"NCSA, University of Illinois, Champaign -> Merit Univ of Michigan, Ann Arbor & Merit Univ of Michigan, Ann Arbor -> NCSA, University of Illinois, Champaign",1,"NCSA, University of Illinois, Champaign","Merit Univ of Michigan, Ann Arbor",5.5045797,5.50457965356944,1.0000000084348966
32,nsfnet,7,1.0,moving_average,critical_failure_fixed,"NCSA, University of Illinois, Champaign -> Merit Univ of Michigan, Ann Arbor & Merit Univ of Michigan, Ann Arbor -> NCSA, University of Illinois, Champaign",2,"NCSA, University of Illinois, Champaign","BARRnet, Palo Alto",5.2935891,5.293589132210747,0.9999999939151404
32,nsfnet,7,1.0,moving_average,critical_failure_fixed,"NCSA, University of Illinois, Champaign -> Merit Univ of Michigan, Ann Arbor & Merit Univ of Michigan, Ann Arbor -> NCSA, University of Illinois, Champaign",3,"MIDnet, Lincoln, NE","BARRnet, Palo Alto",5.231259,5.231259024306308,0.9999999953536409
32,nsfnet,7,1.0,moving_average,critical_failure_fixed,"NCSA, University of Illinois, Champaign -> Merit Univ of Michigan, Ann Arbor & Merit Univ of Michigan, Ann Arbor -> NCSA, University of Illinois, Champaign",4,"MIDnet, Lincoln, NE","Cornell Theory Center, Ithaca NY",4.9987198,4.998719806773185,0.9999999986450161
32,nsfnet,7,1.0,moving_average,critical_failure_fixed,"NCSA, University of Illinois, Champaign -> Merit Univ of Michigan, Ann Arbor & Merit Univ of Michigan, Ann Arbor -> NCSA, University of Illinois, Champaign",5,Pittsburgh Supercomputer Center,"MIDnet, Lincoln, NE",4.681117,4.681116999052066,1.0000000002025018
32,nsfnet,7,1.0,moving_average,random_failure_fixed,"MIDnet, Lincoln, NE -> NCSA, University of Illinois, Champaign & NCSA, University of Illinois, Champaign -> MIDnet, Lincoln, NE",1,"MIDnet, Lincoln, NE","BARRnet, Palo Alto",5.231259,5.231259024306308,0.9999999953536409
32,nsfnet,7,1.0,moving_average,random_failure_fixed,"MIDnet, Lincoln, NE -> NCSA, University of Illinois, Champaign & NCSA, University of Illinois, Champaign -> MIDnet, Lincoln, NE",2,"MIDnet, Lincoln, NE","SEQSUINET, Rice University, Houston",5.1388633,5.138863293881663,1.0000000011906012
32,nsfnet,7,1.0,moving_average,random_failure_fixed,"MIDnet, Lincoln, NE -> NCSA, University of Illinois, Champaign & NCSA, University of Illinois, Champaign -> MIDnet, Lincoln, NE",3,"MIDnet, Lincoln, NE","Cornell Theory Center, Ithaca NY",4.9987198,4.998719806773185,0.9999999986450161
32,nsfnet,7,1.0,moving_average,random_failure_fixed,"MIDnet, Lincoln, NE -> NCSA, University of Illinois, Champaign & NCSA, University of Illinois, Champaign -> MIDnet, Lincoln, NE",4,"MIDnet, Lincoln, NE","NCAR, Boulder",4.9690177,4.969017713458377,0.9999999972915419
32,nsfnet,7,1.0,moving_average,random_failure_fixed,"MIDnet, Lincoln, NE -> NCSA, University of Illinois, Champaign & NCSA, University of Illinois, Champaign -> MIDnet, Lincoln, NE",5,"NorthWestNet, Seattle","MIDnet, Lincoln, NE",4.7001161,4.700116078558005,1.0000000045620139
32,nsfnet,7,1.0,linear_autoregressive,critical_failure_fixed,"NCSA, University of Illinois, Champaign -> Merit Univ of Michigan, Ann Arbor & Merit Univ of Michigan, Ann Arbor -> NCSA, University of Illinois, Champaign",1,"NCSA, University of Illinois, Champaign","Merit Univ of Michigan, Ann Arbor",4.1372798,4.137279806229485,0.9999999984943041
32,nsfnet,7,1.0,linear_autoregressive,critical_failure_fixed,"NCSA, University of Illinois, Champaign -> Merit Univ of Michigan, Ann Arbor & Merit Univ of Michigan, Ann Arbor -> NCSA, University of Illinois, Champaign",2,"MIDnet, Lincoln, NE","BARRnet, Palo Alto",4.1238512,4.123851153104166,1.0000000113718541
32,nsfnet,7,1.0,linear_autoregressive,critical_failure_fixed,"NCSA, University of Illinois, Champaign -> Merit Univ of Michigan, Ann Arbor & Merit Univ of Michigan, Ann Arbor -> NCSA, University of Illinois, Champaign",3,"NCSA, University of Illinois, Champaign","BARRnet, Palo Alto",3.9679573,3.9679573330354643,0.9999999916744406
32,nsfnet,7,1.0,linear_autoregressive,critical_failure_fixed,"NCSA, University of Illinois, Champaign -> Merit Univ of Michigan, Ann Arbor & Merit Univ of Michigan, Ann Arbor -> NCSA, University of Illinois, Champaign",4,"MIDnet, Lincoln, NE","Cornell Theory Center, Ithaca NY",3.9636141,3.9636141212421574,0.99999999464071
32,nsfnet,7,1.0,linear_autoregressive,critical_failure_fixed,"NCSA, University of Illinois, Champaign -> Merit Univ of Michigan, Ann Arbor & Merit Univ of Michigan, Ann Arbor -> NCSA, University of Illinois, Champaign",5,"Westnet, Salt Lake City","Merit Univ of Michigan, Ann Arbor",3.828047,3.82804695111131,1.0000000127711834
32,nsfnet,7,1.0,linear_autoregressive,random_failure_fixed,"MIDnet, Lincoln, NE -> NCSA, University of Illinois, Champaign & NCSA, University of Illinois, Champaign -> MIDnet, Lincoln, NE",1,"MIDnet, Lincoln, NE","SEQSUINET, Rice University, Houston",4.331507,4.331507013945249,0.9999999967805089
32,nsfnet,7,1.0,linear_autoregressive,random_failure_fixed,"MIDnet, Lincoln, NE -> NCSA, University of Illinois, Champaign & NCSA, University of Illinois, Champaign -> MIDnet, Lincoln, NE",2,"MIDnet, Lincoln, NE","BARRnet, Palo Alto",4.1238512,4.123851153104166,1.0000000113718541
32,nsfnet,7,1.0,linear_autoregressive,random_failure_fixed,"MIDnet, Lincoln, NE -> NCSA, University of Illinois, Champaign & NCSA, University of Illinois, Champaign -> MIDnet, Lincoln, NE",3,"MIDnet, Lincoln, NE","Cornell Theory Center, Ithaca NY",3.9636141,3.9636141212421574,0.99999999464071
32,nsfnet,7,1.0,linear_autoregressive,random_failure_fixed,"MIDnet, Lincoln, NE -> NCSA, University of Illinois, Champaign & NCSA, University of Illinois, Champaign -> MIDnet, Lincoln, NE",4,"NorthWestNet, Seattle","MIDnet, Lincoln, NE",3.9006987,3.9006986839567013,1.0000000041129296
32,nsfnet,7,1.0,linear_autoregressive,random_failure_fixed,"MIDnet, Lincoln, NE -> NCSA, University of Illinois, Champaign & NCSA, University of Illinois, Champaign -> MIDnet, Lincoln, NE",5,"MIDnet, Lincoln, NE","NCAR, Boulder",3.793125,3.793124975606111,1.0000000064310797
32,nsfnet,7,1.0,lstm,critical_failure_fixed,"NCSA, University of Illinois, Champaign -> Merit Univ of Michigan, Ann Arbor & Merit Univ of Michigan, Ann Arbor -> NCSA, University of Illinois, Champaign",1,"MIDnet, Lincoln, NE","BARRnet, Palo Alto",5.3505807,5.35058069229126,1.0000000014407298
32,nsfnet,7,1.0,lstm,critical_failure_fixed,"NCSA, University of Illinois, Champaign -> Merit Univ of Michigan, Ann Arbor & Merit Univ of Michigan, Ann Arbor -> NCSA, University of Illinois, Champaign",2,"NCSA, University of Illinois, Champaign","Merit Univ of Michigan, Ann Arbor",5.2914438,5.291443824768066,0.9999999953192233
32,nsfnet,7,1.0,lstm,critical_failure_fixed,"NCSA, University of Illinois, Champaign -> Merit Univ of Michigan, Ann Arbor & Merit Univ of Michigan, Ann Arbor -> NCSA, University of Illinois, Champaign",3,"MIDnet, Lincoln, NE","Cornell Theory Center, Ithaca NY",5.2456656,5.245665550231934,1.0000000094874646
32,nsfnet,7,1.0,lstm,critical_failure_fixed,"NCSA, University of Illinois, Champaign -> Merit Univ of Michigan, Ann Arbor & Merit Univ of Michigan, Ann Arbor -> NCSA, University of Illinois, Champaign",4,"NCSA, University of Illinois, Champaign","BARRnet, Palo Alto",5.2050643,5.205064296722412,1.000000000629692
32,nsfnet,7,1.0,lstm,critical_failure_fixed,"NCSA, University of Illinois, Champaign -> Merit Univ of Michigan, Ann Arbor & Merit Univ of Michigan, Ann Arbor -> NCSA, University of Illinois, Champaign",5,Pittsburgh Supercomputer Center,"MIDnet, Lincoln, NE",5.0236282,5.023628234863281,0.9999999930601391
32,nsfnet,7,1.0,lstm,random_failure_fixed,"MIDnet, Lincoln, NE -> NCSA, University of Illinois, Champaign & NCSA, University of Illinois, Champaign -> MIDnet, Lincoln, NE",1,"MIDnet, Lincoln, NE","BARRnet, Palo Alto",5.3505807,5.35058069229126,1.0000000014407298
32,nsfnet,7,1.0,lstm,random_failure_fixed,"MIDnet, Lincoln, NE -> NCSA, University of Illinois, Champaign & NCSA, University of Illinois, Champaign -> MIDnet, Lincoln, NE",2,"MIDnet, Lincoln, NE","SEQSUINET, Rice University, Houston",5.2843084,5.284308433532715,0.999999993654285
32,nsfnet,7,1.0,lstm,random_failure_fixed,"MIDnet, Lincoln, NE -> NCSA, University of Illinois, Champaign & NCSA, University of Illinois, Champaign -> MIDnet, Lincoln, NE",3,"MIDnet, Lincoln, NE","Cornell Theory Center, Ithaca NY",5.2456656,5.245665550231934,1.0000000094874646
32,nsfnet,7,1.0,lstm,random_failure_fixed,"MIDnet, Lincoln, NE -> NCSA, University of Illinois, Champaign & NCSA, University of Illinois, Champaign -> MIDnet, Lincoln, NE",4,"MIDnet, Lincoln, NE","NCAR, Boulder",5.1113362,5.1113362312316895,0.9999999938897213
32,nsfnet,7,1.0,lstm,random_failure_fixed,"MIDnet, Lincoln, NE -> NCSA, University of Illinois, Champaign & NCSA, University of Illinois, Champaign -> MIDnet, Lincoln, NE",5,Pittsburgh Supercomputer Center,"MIDnet, Lincoln, NE",5.0236282,5.023628234863281,0.9999999930601391
32,nsfnet,7,1.0,transformer,critical_failure_fixed,"NCSA, University of Illinois, Champaign -> Merit Univ of Michigan, Ann Arbor & Merit Univ of Michigan, Ann Arbor -> NCSA, University of Illinois, Champaign",1,"MIDnet, Lincoln, NE","BARRnet, Palo Alto",5.8249354,5.824935436248779,0.9999999937769647
32,nsfnet,7,1.0,transformer,critical_failure_fixed,"NCSA, University of Illinois, Champaign -> Merit Univ of Michigan, Ann Arbor & Merit Univ of Michigan, Ann Arbor -> NCSA, University of Illinois, Champaign",2,"NCSA, University of Illinois, Champaign","Merit Univ of Michigan, Ann Arbor",5.752234,5.752233982086182,1.0000000031142366
32,nsfnet,7,1.0,transformer,critical_failure_fixed,"NCSA, University of Illinois, Champaign -> Merit Univ of Michigan, Ann Arbor & Merit Univ of Michigan, Ann Arbor -> NCSA, University of Illinois, Champaign",3,"NCSA, University of Illinois, Champaign","BARRnet, Palo Alto",5.6326542,5.632654190063477,1.0000000017640926
32,nsfnet,7,1.0,transformer,critical_failure_fixed,"NCSA, University of Illinois, Champaign -> Merit Univ of Michigan, Ann Arbor & Merit Univ of Michigan, Ann Arbor -> NCSA, University of Illinois, Champaign",4,"MIDnet, Lincoln, NE","Cornell Theory Center, Ithaca NY",5.6308117,5.63081169128418,1.0000000015478798
32,nsfnet,7,1.0,transformer,critical_failure_fixed,"NCSA, University of Illinois, Champaign -> Merit Univ of Michigan, Ann Arbor & Merit Univ of Michigan, Ann Arbor -> NCSA, University of Illinois, Champaign",5,Pittsburgh Supercomputer Center,"MIDnet, Lincoln, NE",5.4655161,5.465516090393066,1.000000001757736
32,nsfnet,7,1.0,transformer,random_failure_fixed,"MIDnet, Lincoln, NE -> NCSA, University of Illinois, Champaign & NCSA, University of Illinois, Champaign -> MIDnet, Lincoln, NE",1,"MIDnet, Lincoln, NE","BARRnet, Palo Alto",5.8249354,5.824935436248779,0.9999999937769647
32,nsfnet,7,1.0,transformer,random_failure_fixed,"MIDnet, Lincoln, NE -> NCSA, University of Illinois, Champaign & NCSA, University of Illinois, Champaign -> MIDnet, Lincoln, NE",2,"MIDnet, Lincoln, NE","SEQSUINET, Rice University, Houston",5.6532564,5.653256416320801,0.9999999971130267
32,nsfnet,7,1.0,transformer,random_failure_fixed,"MIDnet, Lincoln, NE -> NCSA, University of Illinois, Champaign & NCSA, University of Illinois, Champaign -> MIDnet, Lincoln, NE",3,"MIDnet, Lincoln, NE","Cornell Theory Center, Ithaca NY",5.6308117,5.63081169128418,1.0000000015478798
32,nsfnet,7,1.0,transformer,random_failure_fixed,"MIDnet, Lincoln, NE -> NCSA, University of Illinois, Champaign & NCSA, University of Illinois, Champaign -> MIDnet, Lincoln, NE",4,"MIDnet, Lincoln, NE","NCAR, Boulder",5.5187087,5.5187087059021,0.9999999989305289
32,nsfnet,7,1.0,transformer,random_failure_fixed,"MIDnet, Lincoln, NE -> NCSA, University of Illinois, Champaign & NCSA, University of Illinois, Champaign -> MIDnet, Lincoln, NE",5,Pittsburgh Supercomputer Center,"MIDnet, Lincoln, NE",5.4655161,5.465516090393066,1.000000001757736
33,nsfnet,7,1.0,moving_average,critical_failure_fixed,"NCSA, University of Illinois, Champaign -> Merit Univ of Michigan, Ann Arbor & Merit Univ of Michigan, Ann Arbor -> NCSA, University of Illinois, Champaign",1,"NCSA, University of Illinois, Champaign","Merit Univ of Michigan, Ann Arbor",4.7974958,4.797495797531766,1.000000000514484
33,nsfnet,7,1.0,moving_average,critical_failure_fixed,"NCSA, University of Illinois, Champaign -> Merit Univ of Michigan, Ann Arbor & Merit Univ of Michigan, Ann Arbor -> NCSA, University of Illinois, Champaign",2,"MIDnet, Lincoln, NE","BARRnet, Palo Alto",4.6656802,4.665680212059246,0.9999999974153295
33,nsfnet,7,1.0,moving_average,critical_failure_fixed,"NCSA, University of Illinois, Champaign -> Merit Univ of Michigan, Ann Arbor & Merit Univ of Michigan, Ann Arbor -> NCSA, University of Illinois, Champaign",3,"NCSA, University of Illinois, Champaign","BARRnet, Palo Alto",4.6077965,4.607796461478556,1.0000000083600575
33,nsfnet,7,1.0,moving_average,critical_failure_fixed,"NCSA, University of Illinois, Champaign -> Merit Univ of Michigan, Ann Arbor & Merit Univ of Michigan, Ann Arbor -> NCSA, University of Illinois, Champaign",4,"MIDnet, Lincoln, NE","Cornell Theory Center, Ithaca NY",4.3639216,4.363921618545432,0.999999995750283
33,nsfnet,7,1.0,moving_average,critical_failure_fixed,"NCSA, University of Illinois, Champaign -> Merit Univ of Michigan, Ann Arbor & Merit Univ of Michigan, Ann Arbor -> NCSA, University of Illinois, Champaign",5,Pittsburgh Supercomputer Center,"MIDnet, Lincoln, NE",4.075311,4.075311038061712,0.9999999906604154
33,nsfnet,7,1.0,moving_average,random_failure_fixed,"MIDnet, Lincoln, NE -> NCSA, University of Illinois, Champaign & NCSA, University of Illinois, Champaign -> MIDnet, Lincoln, NE",1,"MIDnet, Lincoln, NE","BARRnet, Palo Alto",4.6656802,4.665680212059246,0.9999999974153295
33,nsfnet,7,1.0,moving_average,random_failure_fixed,"MIDnet, Lincoln, NE -> NCSA, University of Illinois, Champaign & NCSA, University of Illinois, Champaign -> MIDnet, Lincoln, NE",2,"MIDnet, Lincoln, NE","SEQSUINET, Rice University, Houston",4.394301,4.39430101720298,0.9999999960851611
33,nsfnet,7,1.0,moving_average,random_failure_fixed,"MIDnet, Lincoln, NE -> NCSA, University of Illinois, Champaign & NCSA, University of Illinois, Champaign -> MIDnet, Lincoln, NE",3,"MIDnet, Lincoln, NE","Cornell Theory Center, Ithaca NY",4.3639216,4.363921618545432,0.999999995750283
33,nsfnet,7,1.0,moving_average,random_failure_fixed,"MIDnet, Lincoln, NE -> NCSA, University of Illinois, Champaign & NCSA, University of Illinois, Champaign -> MIDnet, Lincoln, NE",4,"MIDnet, Lincoln, NE","NCAR, Boulder",4.3023978,4.302397849368303,0.999999988525398
33,nsfnet,7,1.0,moving_average,random_failure_fixed,"MIDnet, Lincoln, NE -> NCSA, University of Illinois, Champaign & NCSA, University of Illinois, Champaign -> MIDnet, Lincoln, NE",5,"NorthWestNet, Seattle","MIDnet, Lincoln, NE",4.1496023,4.149602280653912,1.0000000046621547
33,nsfnet,7,1.0,linear_autoregressive,critical_failure_fixed,"NCSA, University of Illinois, Champaign -> Merit Univ of Michigan, Ann Arbor & Merit Univ of Michigan, Ann Arbor -> NCSA, University of Illinois, Champaign",1,"MIDnet, Lincoln, NE","Cornell Theory Center, Ithaca NY",3.7724458,3.7724457623918557,1.0000000099691677
33,nsfnet,7,1.0,linear_autoregressive,critical_failure_fixed,"NCSA, University of Illinois, Champaign -> Merit Univ of Michigan, Ann Arbor & Merit Univ of Michigan, Ann Arbor -> NCSA, University of Illinois, Champaign",2,"NCSA, University of Illinois, Champaign","BARRnet, Palo Alto",3.674597,3.674596968170457,1.0000000086620502
33,nsfnet,7,1.0,linear_autoregressive,critical_failure_fixed,"NCSA, University of Illinois, Champaign -> Merit Univ of Michigan, Ann Arbor & Merit Univ of Michigan, Ann Arbor -> NCSA, University of Illinois, Champaign",3,"MIDnet, Lincoln, NE","BARRnet, Palo Alto",3.6592271,3.65922706252561,1.000000010241067
33,nsfnet,7,1.0,linear_autoregressive,critical_failure_fixed,"NCSA, University of Illinois, Champaign -> Merit Univ of Michigan, Ann Arbor & Merit Univ of Michigan, Ann Arbor -> NCSA, University of Illinois, Champaign",4,"NCSA, University of Illinois, Champaign","Merit Univ of Michigan, Ann Arbor",3.6168978,3.6168978443290944,0.9999999877438909
33,nsfnet,7,1.0,linear_autoregressive,critical_failure_fixed,"NCSA, University of Illinois, Champaign -> Merit Univ of Michigan, Ann Arbor & Merit Univ of Michigan, Ann Arbor -> NCSA, University of Illinois, Champaign",5,Pittsburgh Supercomputer Center,"MIDnet, Lincoln, NE",3.571805,3.5718050349343455,0.9999999902194142
33,nsfnet,7,1.0,linear_autoregressive,random_failure_fixed,"MIDnet, Lincoln, NE -> NCSA, University of Illinois, Champaign & NCSA, University of Illinois, Champaign -> MIDnet, Lincoln, NE",1,"MIDnet, Lincoln, NE","SEQSUINET, Rice University, Houston",3.7861001,3.7861001107998598,0.9999999971474975
33,nsfnet,7,1.0,linear_autoregressive,random_failure_fixed,"MIDnet, Lincoln, NE -> NCSA, University of Illinois, Champaign & NCSA, University of Illinois, Champaign -> MIDnet, Lincoln, NE",2,"MIDnet, Lincoln, NE","Cornell Theory Center, Ithaca NY",3.7724458,3.7724457623918557,1.0000000099691677
33,nsfnet,7,1.0,linear_autoregressive,random_failure_fixed,"MIDnet, Lincoln, NE -> NCSA, University of Illinois, Champaign & NCSA, University of Illinois, Champaign -> MIDnet, Lincoln, NE",3,"MIDnet, Lincoln, NE","BARRnet, Palo Alto",3.6592271,3.65922706252561,1.000000010241067
33,nsfnet,7,1.0,linear_autoregressive,random_failure_fixed,"MIDnet, Lincoln, NE -> NCSA, University of Illinois, Champaign & NCSA, University of Illinois, Champaign -> MIDnet, Lincoln, NE",4,"NorthWestNet, Seattle","MIDnet, Lincoln, NE",3.595018,3.5950180249156123,0.9999999930694055
33,nsfnet,7,1.0,linear_autoregressive,random_failure_fixed,"MIDnet, Lincoln, NE -> NCSA, University of Illinois, Champaign & NCSA, University of Illinois, Champaign -> MIDnet, Lincoln, NE",5,"MIDnet, Lincoln, NE","NCAR, Boulder",3.5723915,3.5723914867515467,1.000000003708567
33,nsfnet,7,1.0,lstm,critical_failure_fixed,"NCSA, University of Illinois, Champaign -> Merit Univ of Michigan, Ann Arbor & Merit Univ of Michigan, Ann Arbor -> NCSA, University of Illinois, Champaign",1,"MIDnet, Lincoln, NE","BARRnet, Palo Alto",5.3505807,5.35058069229126,1.0000000014407298
33,nsfnet,7,1.0,lstm,critical_failure_fixed,"NCSA, University of Illinois, Champaign -> Merit Univ of Michigan, Ann Arbor & Merit Univ of Michigan, Ann Arbor -> NCSA, University of Illinois, Champaign",2,"NCSA, University of Illinois, Champaign","Merit Univ of Michigan, Ann Arbor",5.2914438,5.291443824768066,0.9999999953192233
33,nsfnet,7,1.0,lstm,critical_failure_fixed,"NCSA, University of Illinois, Champaign -> Merit Univ of Michigan, Ann Arbor & Merit Univ of Michigan, Ann Arbor -> NCSA, University of Illinois, Champaign",3,"MIDnet, Lincoln, NE","Cornell Theory Center, Ithaca NY",5.2456656,5.245665550231934,1.0000000094874646
33,nsfnet,7,1.0,lstm,critical_failure_fixed,"NCSA, University of Illinois, Champaign -> Merit Univ of Michigan, Ann Arbor & Merit Univ of Michigan, Ann Arbor -> NCSA, University of Illinois, Champaign",4,"NCSA, University of Illinois, Champaign","BARRnet, Palo Alto",5.2050643,5.205064296722412,1.000000000629692
33,nsfnet,7,1.0,lstm,critical_failure_fixed,"NCSA, University of Illinois, Champaign -> Merit Univ of Michigan, Ann Arbor & Merit Univ of Michigan, Ann Arbor -> NCSA, University of Illinois, Champaign",5,Pittsburgh Supercomputer Center,"MIDnet, Lincoln, NE",5.0236282,5.023628234863281,0.9999999930601391
33,nsfnet,7,1.0,lstm,random_failure_fixed,"MIDnet, Lincoln, NE -> NCSA, University of Illinois, Champaign & NCSA, University of Illinois, Champaign -> MIDnet, Lincoln, NE",1,"MIDnet, Lincoln, NE","BARRnet, Palo Alto",5.3505807,5.35058069229126,1.0000000014407298
33,nsfnet,7,1.0,lstm,random_failure_fixed,"MIDnet, Lincoln, NE -> NCSA, University of Illinois, Champaign & NCSA, University of Illinois, Champaign -> MIDnet, Lincoln, NE",2,"MIDnet, Lincoln, NE","SEQSUINET, Rice University, Houston",5.2843084,5.284308433532715,0.999999993654285
33,nsfnet,7,1.0,lstm,random_failure_fixed,"MIDnet, Lincoln, NE -> NCSA, University of Illinois, Champaign & NCSA, University of Illinois, Champaign -> MIDnet, Lincoln, NE",3,"MIDnet, Lincoln, NE","Cornell Theory Center, Ithaca NY",5.2456656,5.245665550231934,1.0000000094874646
33,nsfnet,7,1.0,lstm,random_failure_fixed,"MIDnet, Lincoln, NE -> NCSA, University of Illinois, Champaign & NCSA, University of Illinois, Champaign -> MIDnet, Lincoln, NE",4,"MIDnet, Lincoln, NE","NCAR, Boulder",5.1113362,5.1113362312316895,0.9999999938897213
33,nsfnet,7,1.0,lstm,random_failure_fixed,"MIDnet, Lincoln, NE -> NCSA, University of Illinois, Champaign & NCSA, University of Illinois, Champaign -> MIDnet, Lincoln, NE",5,Pittsburgh Supercomputer Center,"MIDnet, Lincoln, NE",5.0236282,5.023628234863281,0.9999999930601391
33,nsfnet,7,1.0,transformer,critical_failure_fixed,"NCSA, University of Illinois, Champaign -> Merit Univ of Michigan, Ann Arbor & Merit Univ of Michigan, Ann Arbor -> NCSA, University of Illinois, Champaign",1,"MIDnet, Lincoln, NE","BARRnet, Palo Alto",5.8249907,5.824990749359131,0.999999991526316
33,nsfnet,7,1.0,transformer,critical_failure_fixed,"NCSA, University of Illinois, Champaign -> Merit Univ of Michigan, Ann Arbor & Merit Univ of Michigan, Ann Arbor -> NCSA, University of Illinois, Champaign",2,"NCSA, University of Illinois, Champaign","Merit Univ of Michigan, Ann Arbor",5.7522755,5.752275466918945,1.000000005750951
33,nsfnet,7,1.0,transformer,critical_failure_fixed,"NCSA, University of Illinois, Champaign -> Merit Univ of Michigan, Ann Arbor & Merit Univ of Michigan, Ann Arbor -> NCSA, University of Illinois, Champaign",3,"NCSA, University of Illinois, Champaign","BARRnet, Palo Alto",5.6326761,5.632676124572754,0.9999999956374638
33,nsfnet,7,1.0,transformer,critical_failure_fixed,"NCSA, University of Illinois, Champaign -> Merit Univ of Michigan, Ann Arbor & Merit Univ of Michigan, Ann Arbor -> NCSA, University of Illinois, Champaign",4,"MIDnet, Lincoln, NE","Cornell Theory Center, Ithaca NY",5.6308651,5.630865097045898,1.0000000005246266
33,nsfnet,7,1.0,transformer,critical_failure_fixed,"NCSA, University of Illinois, Champaign -> Merit Univ of Michigan, Ann Arbor & Merit Univ of Michigan, Ann Arbor -> NCSA, University of Illinois, Champaign",5,Pittsburgh Supercomputer Center,"MIDnet, Lincoln, NE",5.4655671,5.465567111968994,0.9999999978101094
33,nsfnet,7,1.0,transformer,random_failure_fixed,"MIDnet, Lincoln, NE -> NCSA, University of Illinois, Champaign & NCSA, University of Illinois, Champaign -> MIDnet, Lincoln, NE",1,"MIDnet, Lincoln, NE","BARRnet, Palo Alto",5.8249907,5.824990749359131,0.999999991526316
33,nsfnet,7,1.0,transformer,random_failure_fixed,"MIDnet, Lincoln, NE -> NCSA, University of Illinois, Champaign & NCSA, University of Illinois, Champaign -> MIDnet, Lincoln, NE",2,"MIDnet, Lincoln, NE","SEQSUINET, Rice University, Houston",5.6533108,5.653310775756836,1.0000000042883126
33,nsfnet,7,1.0,transformer,random_failure_fixed,"MIDnet, Lincoln, NE -> NCSA, University of Illinois, Champaign & NCSA, University of Illinois, Champaign -> MIDnet, Lincoln, NE",3,"MIDnet, Lincoln, NE","Cornell Theory Center, Ithaca NY",5.6308651,5.630865097045898,1.0000000005246266
33,nsfnet,7,1.0,transformer,random_failure_fixed,"MIDnet, Lincoln, NE -> NCSA, University of Illinois, Champaign & NCSA, University of Illinois, Champaign -> MIDnet, Lincoln, NE",4,"MIDnet, Lincoln, NE","NCAR, Boulder",5.5187664,5.518766403198242,0.9999999994204787
33,nsfnet,7,1.0,transformer,random_failure_fixed,"MIDnet, Lincoln, NE -> NCSA, University of Illinois, Champaign & NCSA, University of Illinois, Champaign -> MIDnet, Lincoln, NE",5,Pittsburgh Supercomputer Center,"MIDnet, Lincoln, NE",5.4655671,5.465567111968994,0.9999999978101094
34,nsfnet,7,1.0,moving_average,critical_failure_fixed,"NCSA, University of Illinois, Champaign -> Merit Univ of Michigan, Ann Arbor & Merit Univ of Michigan, Ann Arbor -> NCSA, University of Illinois, Champaign",1,"NCSA, University of Illinois, Champaign","Merit Univ of Michigan, Ann Arbor",4.3246658,4.324665791837406,1.0000000018874509
34,nsfnet,7,1.0,moving_average,critical_failure_fixed,"NCSA, University of Illinois, Champaign -> Merit Univ of Michigan, Ann Arbor & Merit Univ of Michigan, Ann Arbor -> NCSA, University of Illinois, Champaign",2,"MIDnet, Lincoln, NE","BARRnet, Palo Alto",4.281676,4.2816759965969755,1.000000000794788
34,nsfnet,7,1.0,moving_average,critical_failure_fixed,"NCSA, University of Illinois, Champaign -> Merit Univ of Michigan, Ann Arbor & Merit Univ of Michigan, Ann Arbor -> NCSA, University of Illinois, Champaign",3,"NCSA, University of Illinois, Champaign","BARRnet, Palo Alto",4.0985143,4.098514251024805,1.0000000119494996
34,nsfnet,7,1.0,moving_average,critical_failure_fixed,"NCSA, University of Illinois, Champaign -> Merit Univ of Michigan, Ann Arbor & Merit Univ of Michigan, Ann Arbor -> NCSA, University of Illinois, Champaign",4,"MIDnet, Lincoln, NE","Cornell Theory Center, Ithaca NY",3.9446429,3.944642898664582,1.0000000003385396
34,nsfnet,7,1.0,moving_average,critical_failure_fixed,"NCSA, University of Illinois, Champaign -> Merit Univ of Michigan, Ann Arbor & Merit Univ of Michigan, Ann Arbor -> NCSA, University of Illinois, Champaign",5,"SURANET, Georgia Tech, Atlanta","Merit Univ of Michigan, Ann Arbor",3.5830894,3.5830894069082175,0.9999999980719941
34,nsfnet,7,1.0,moving_average,random_failure_fixed,"SEQSUINET, Rice University, Houston -> SURANET, Georgia Tech, Atlanta & SURANET, Georgia Tech, Atlanta -> SEQSUINET, Rice University, Houston",1,"SEQSUINET, Rice University, Houston","Jon Von Neumann Center, Princeton, NJ",3.9187763,3.9187762654287335,1.0000000088219547
34,nsfnet,7,1.0,moving_average,random_failure_fixed,"SEQSUINET, Rice University, Houston -> SURANET, Georgia Tech, Atlanta & SURANET, Georgia Tech, Atlanta -> SEQSUINET, Rice University, Houston",2,"NCAR, Boulder","SURANET, Georgia Tech, Atlanta",3.6393888,3.6393888099397755,0.9999999972688338
34,nsfnet,7,1.0,moving_average,random_failure_fixed,"SEQSUINET, Rice University, Houston -> SURANET, Georgia Tech, Atlanta & SURANET, Georgia Tech, Atlanta -> SEQSUINET, Rice University, Houston",3,"NCSA, University of Illinois, Champaign","SURANET, Georgia Tech, Atlanta",3.599478,3.599477983109601,1.000000004692458
34,nsfnet,7,1.0,moving_average,random_failure_fixed,"SEQSUINET, Rice University, Houston -> SURANET, Georgia Tech, Atlanta & SURANET, Georgia Tech, Atlanta -> SEQSUINET, Rice University, Houston",4,"SURANET, Georgia Tech, Atlanta","Merit Univ of Michigan, Ann Arbor",3.5830894,3.5830894069082175,0.9999999980719941
34,nsfnet,7,1.0,moving_average,random_failure_fixed,"SEQSUINET, Rice University, Houston -> SURANET, Georgia Tech, Atlanta & SURANET, Georgia Tech, Atlanta -> SEQSUINET, Rice University, Houston",5,"SEQSUINET, Rice University, Houston","SURANET, Georgia Tech, Atlanta",3.4728007,3.472800715184055,0.9999999956277207
34,nsfnet,7,1.0,linear_autoregressive,critical_failure_fixed,"NCSA, University of Illinois, Champaign -> Merit Univ of Michigan, Ann Arbor & Merit Univ of Michigan, Ann Arbor -> NCSA, University of Illinois, Champaign",1,"MIDnet, Lincoln, NE","BARRnet, Palo Alto",3.6674155,3.6674155281062157,0.9999999923362337
34,nsfnet,7,1.0,linear_autoregressive,critical_failure_fixed,"NCSA, University of Illinois, Champaign -> Merit Univ of Michigan, Ann Arbor & Merit Univ of Michigan, Ann Arbor -> NCSA, University of Illinois, Champaign",2,Pittsburgh Supercomputer Center,"MIDnet, Lincoln, NE",3.5119554,3.5119553854980508,1.0000000041293091
34,nsfnet,7,1.0,linear_autoregressive,critical_failure_fixed,"NCSA, University of Illinois, Champaign -> Merit Univ of Michigan, Ann Arbor & Merit Univ of Michigan, Ann Arbor -> NCSA, University of Illinois, Champaign",3,"NCSA, University of Illinois, Champaign","BARRnet, Palo Alto",3.5062355,3.5062355142796986,0.9999999959273418
34,nsfnet,7,1.0,linear_autoregressive,critical_failure_fixed,"NCSA, University of Illinois, Champaign -> Merit Univ of Michigan, Ann Arbor & Merit Univ of Michigan, Ann Arbor -> NCSA, University of Illinois, Champaign",4,"NCSA, University of Illinois, Champaign","Merit Univ of Michigan, Ann Arbor",3.4575567,3.4575566777278777,1.0000000064415784
34,nsfnet,7,1.0,linear_autoregressive,critical_failure_fixed,"NCSA, University of Illinois, Champaign -> Merit Univ of Michigan, Ann Arbor & Merit Univ of Michigan, Ann Arbor -> NCSA, University of Illinois, Champaign",5,"MIDnet, Lincoln, NE","Cornell Theory Center, Ithaca NY",3.3924762,3.3924762365786356,0.9999999892177179
34,nsfnet,7,1.0,linear_autoregressive,random_failure_fixed,"SEQSUINET, Rice University, Houston -> SURANET, Georgia Tech, Atlanta & SURANET, Georgia Tech, Atlanta -> SEQSUINET, Rice University, Houston",1,"NCSA, University of Illinois, Champaign","SURANET, Georgia Tech, Atlanta",3.5470906,3.54709056369267,1.0000000102358058
34,nsfnet,7,1.0,linear_autoregressive,random_failure_fixed,"SEQSUINET, Rice University, Houston -> SURANET, Georgia Tech, Atlanta & SURANET, Georgia Tech, Atlanta -> SEQSUINET, Rice University, Houston",2,"SEQSUINET, Rice University, Houston","Jon Von Neumann Center, Princeton, NJ",3.3947353,3.3947352941983064,1.0000000017090267
34,nsfnet,7,1.0,linear_autoregressive,random_failure_fixed,"SEQSUINET, Rice University, Houston -> SURANET, Georgia Tech, Atlanta & SURANET, Georgia Tech, Atlanta -> SEQSUINET, Rice University, Houston",3,"NCAR, Boulder","SURANET, Georgia Tech, Atlanta",3.2751228,3.2751227575089286,1.0000000129738866
34,nsfnet,7,1.0,linear_autoregressive,random_failure_fixed,"SEQSUINET, Rice University, Houston -> SURANET, Georgia Tech, Atlanta & SURANET, Georgia Tech, Atlanta -> SEQSUINET, Rice University, Houston",4,"SURANET, Georgia Tech, Atlanta","Merit Univ of Michigan, Ann Arbor",3.2454617,3.2454617354024755,0.9999999890916983
34,nsfnet,7,1.0,linear_autoregressive,random_failure_fixed,"SEQSUINET, Rice University, Houston -> SURANET, Georgia Tech, Atlanta & SURANET, Georgia Tech, Atlanta -> SEQSUINET, Rice University, Houston",5,"SEQSUINET, Rice University, Houston","SURANET, Georgia Tech, Atlanta",3.0425226,3.042522616171139,0.9999999946849568
34,nsfnet,7,1.0,lstm,critical_failure_fixed,"NCSA, University of Illinois, Champaign -> Merit Univ of Michigan, Ann Arbor & Merit Univ of Michigan, Ann Arbor -> NCSA, University of Illinois, Champaign",1,"MIDnet, Lincoln, NE","BARRnet, Palo Alto",5.3505807,5.35058069229126,1.0000000014407298
34,nsfnet,7,1.0,lstm,critical_failure_fixed,"NCSA, University of Illinois, Champaign -> Merit Univ of Michigan, Ann Arbor & Merit Univ of Michigan, Ann Arbor -> NCSA, University of Illinois, Champaign",2,"NCSA, University of Illinois, Champaign","Merit Univ of Michigan, Ann Arbor",5.2914438,5.291443824768066,0.9999999953192233
34,nsfnet,7,1.0,lstm,critical_failure_fixed,"NCSA, University of Illinois, Champaign -> Merit Univ of Michigan, Ann Arbor & Merit Univ of Michigan, Ann Arbor -> NCSA, University of Illinois, Champaign",3,"MIDnet, Lincoln, NE","Cornell Theory Center, Ithaca NY",5.2456656,5.245665550231934,1.0000000094874646
34,nsfnet,7,1.0,lstm,critical_failure_fixed,"NCSA, University of Illinois, Champaign -> Merit Univ of Michigan, Ann Arbor & Merit Univ of Michigan, Ann Arbor -> NCSA, University of Illinois, Champaign",4,"NCSA, University of Illinois, Champaign","BARRnet, Palo Alto",5.2050643,5.205064296722412,1.000000000629692
34,nsfnet,7,1.0,lstm,critical_failure_fixed,"NCSA, University of Illinois, Champaign -> Merit Univ of Michigan, Ann Arbor & Merit Univ of Michigan, Ann Arbor -> NCSA, University of Illinois, Champaign",5,Pittsburgh Supercomputer Center,"MIDnet, Lincoln, NE",5.0236282,5.023628234863281,0.9999999930601391
34,nsfnet,7,1.0,lstm,random_failure_fixed,"SEQSUINET, Rice University, Houston -> SURANET, Georgia Tech, Atlanta & SURANET, Georgia Tech, Atlanta -> SEQSUINET, Rice University, Houston",1,"NCSA, University of Illinois, Champaign","SURANET, Georgia Tech, Atlanta",5.1792274,5.179227352142334,1.00000000924031
34,nsfnet,7,1.0,lstm,random_failure_fixed,"SEQSUINET, Rice University, Houston -> SURANET, Georgia Tech, Atlanta & SURANET, Georgia Tech, Atlanta -> SEQSUINET, Rice University, Houston",2,"SEQSUINET, Rice University, Houston","Jon Von Neumann Center, Princeton, NJ",5.0135708,5.013570785522461,1.0000000028876703
34,nsfnet,7,1.0,lstm,random_failure_fixed,"SEQSUINET, Rice University, Houston -> SURANET, Georgia Tech, Atlanta & SURANET, Georgia Tech, Atlanta -> SEQSUINET, Rice University, Houston",3,"SURANET, Georgia Tech, Atlanta","Merit Univ of Michigan, Ann Arbor",4.9037123,4.903712272644043,1.0000000055786218
34,nsfnet,7,1.0,lstm,random_failure_fixed,"SEQSUINET, Rice University, Houston -> SURANET, Georgia Tech, Atlanta & SURANET, Georgia Tech, Atlanta -> SEQSUINET, Rice University, Houston",4,"NCAR, Boulder","SURANET, Georgia Tech, Atlanta",4.8813562,4.881356239318848,0.9999999919450977
34,nsfnet,7,1.0,lstm,random_failure_fixed,"SEQSUINET, Rice University, Houston -> SURANET, Georgia Tech, Atlanta & SURANET, Georgia Tech, Atlanta -> SEQSUINET, Rice University, Houston",5,"SEQSUINET, Rice University, Houston","SURANET, Georgia Tech, Atlanta",4.5981917,4.598191738128662,0.9999999917079008
34,nsfnet,7,1.0,transformer,critical_failure_fixed,"NCSA, University of Illinois, Champaign -> Merit Univ of Michigan, Ann Arbor & Merit Univ of Michigan, Ann Arbor -> NCSA, University of Illinois, Champaign",1,"MIDnet, Lincoln, NE","BARRnet, Palo Alto",5.8251019,5.825101852416992,1.0000000081686138
34,nsfnet,7,1.0,transformer,critical_failure_fixed,"NCSA, University of Illinois, Champaign -> Merit Univ of Michigan, Ann Arbor & Merit Univ of Michigan, Ann Arbor -> NCSA, University of Illinois, Champaign",2,"NCSA, University of Illinois, Champaign","Merit Univ of Michigan, Ann Arbor",5.7523522,5.752352237701416,0.9999999934459132
34,nsfnet,7,1.0,transformer,critical_failure_fixed,"NCSA, University of Illinois, Champaign -> Merit Univ of Michigan, Ann Arbor & Merit Univ of Michigan, Ann Arbor -> NCSA, University of Illinois, Champaign",3,"NCSA, University of Illinois, Champaign","BARRnet, Palo Alto",5.6327057,5.6327056884765625,1.0000000020458086
34,nsfnet,7,1.0,transformer,critical_failure_fixed,"NCSA, University of Illinois, Champaign -> Merit Univ of Michigan, Ann Arbor & Merit Univ of Michigan, Ann Arbor -> NCSA, University of Illinois, Champaign",4,"MIDnet, Lincoln, NE","Cornell Theory Center, Ithaca NY",5.6309643,5.630964279174805,1.0000000036983354
34,nsfnet,7,1.0,transformer,critical_failure_fixed,"NCSA, University of Illinois, Champaign -> Merit Univ of Michigan, Ann Arbor & Merit Univ of Michigan, Ann Arbor -> NCSA, University of Illinois, Champaign",5,Pittsburgh Supercomputer Center,"MIDnet, Lincoln, NE",5.4656577,5.465657711029053,0.999999997982118
34,nsfnet,7,1.0,transformer,random_failure_fixed,"SEQSUINET, Rice University, Houston -> SURANET, Georgia Tech, Atlanta & SURANET, Georgia Tech, Atlanta -> SEQSUINET, Rice University, Houston",1,"NCSA, University of Illinois, Champaign","SURANET, Georgia Tech, Atlanta",5.6685662,5.6685662269592285,0.9999999952440833
34,nsfnet,7,1.0,transformer,random_failure_fixed,"SEQSUINET, Rice University, Houston -> SURANET, Georgia Tech, Atlanta & SURANET, Georgia Tech, Atlanta -> SEQSUINET, Rice University, Houston",2,"SEQSUINET, Rice University, Houston","Jon Von Neumann Center, Princeton, NJ",5.4444075,5.4444074630737305,1.000000006782422
34,nsfnet,7,1.0,transformer,random_failure_fixed,"SEQSUINET, Rice University, Houston -> SURANET, Georgia Tech, Atlanta & SURANET, Georgia Tech, Atlanta -> SEQSUINET, Rice University, Houston",3,"SURANET, Georgia Tech, Atlanta","Merit Univ of Michigan, Ann Arbor",5.2484794,5.24847936630249,1.0000000064204329
34,nsfnet,7,1.0,transformer,random_failure_fixed,"SEQSUINET, Rice University, Houston -> SURANET, Georgia Tech, Atlanta & SURANET, Georgia Tech, Atlanta -> SEQSUINET, Rice University, Houston",4,"NCAR, Boulder","SURANET, Georgia Tech, Atlanta",5.2357788,5.23577880859375,0.9999999983586492
34,nsfnet,7,1.0,transformer,random_failure_fixed,"SEQSUINET, Rice University, Houston -> SURANET, Georgia Tech, Atlanta & SURANET, Georgia Tech, Atlanta -> SEQSUINET, Rice University, Houston",5,"SEQSUINET, Rice University, Houston","SURANET, Georgia Tech, Atlanta",5.0372419,5.0372419357299805,0.9999999929068365
